key,0,1,2,3,4,5,6,7,8,9,10,11,12,13,14,15
#,Level,MinLevel,MaxLevel,Emote,IsInitial,,MinTime,MaxTime,PlaceName,IconList,IconDiscovered,IconUndiscovered,,Name,Impression,Description
offset,12,16,42,36,43,44,38,40,20,24,28,32,45,0,4,8
Int32,Int32,Int32,UInt8,UInt16,UInt8,UInt8,UInt16,UInt16,Int32,Int32,Int32,Int32,PackedBool0,String,String,String
2162688,4876856,0,0,22,1,2,800,1159,27,81501,81001,81451,True,"Barrakuda-Pier","Zu Füßen dieses Händlers liegen drei Kriegsschiffe. Mit ihren leuchtend roten Segeln verkörpern sie die geballte Kampfkraft der Meeresmetropole.","So stolze Schiffe wie die <hex:021A020203>Triumph<hex:021A020103>, Flaggschiff der Kriegsflotte des Mahlstroms und Stolz von Limsa Lominsa, liegen hier vor Anker. Nicht für jedermann zugänglich, aber umso malerischer."
2162689,4876859,0,0,22,1,1,1800,459,27,81502,81002,81451,True,"Die <hex:021A020203>Astalicia<hex:021A020103>","Frei wie ein Freibeuter! Mit einem kräftigen Schluck gestärkt ist auch der ungebärdigste Kontrahent auf See nur ein kleines Blättchen im Ozean - doch Hochmut kommt vor dem Fall. Vielleicht schon am nächsten Morgen.","Die Galeone der berüchtigten „Henkershorde“. Obgleich als Handelsschiff von Übersee getarnt, ist es ein offenes Geheimnis, dass dies Hyllfyrs Hauptquartier und Treffpunkt von Piraten aller Lager ist. "
2162690,4876905,0,0,58,0,7,500,759,30,81503,81003,81451,True,"Monument in der Klagegrotte","Das tägliche Ritual des Fischers vor der ersten Ausfahrt im kühlen Dämmerlicht der Höhle - ein stilles Gedenken an die verunglückten Kameraden, die begleitet vom Widerhall der Wassertropfen in das Requiem der Seeleute einzustimmen scheinen.","Ich bin die Welle, die mich auf dem Rücken trägt, ich bin der Wind, der Gischt auf alle Wellen schlägt. Ich bin die tausend Sterne hoch am Firmament, das Morgenrot, dem Meer geboren, bis es mich im Tod umfängt."
2162691,4876907,0,0,22,1,2,1200,1659,30,81504,81004,81451,True,"Himmelszug","Das Verladen der Waren ist Knochenarbeit. In einer kleinen Pause lässt der Arbeiter gerne die Gedanken schweifen - in die Ferne, vorbei an den Lastenballons im blauen Himmel, bis an den Horizont und weiter, immer weiter.","Der durch die Siebte Katastrophe aufgebrochene „Abstieg“ teilt La Noscea quer von Norden nach Süden. Ohne den Lastenheber des Himmelszugs wäre die gigantische Felswand für schwere Lasten kaum zu überwinden."
2162692,4876912,0,0,22,0,3,800,1159,30,81505,81005,81451,True,"La Thagran-Landstraße","Ein Wachsoldat in einem kurzen Moment der Muße. Gerade wenn der graue Himmel aufs Gemüt drückt, soll man sich hohe Ziele für den Tag stecken. Der Blick auf die alte Straße ruft die enorme Leistung der Pioniere in Erinnerung, die diese Route einst erschlossen.","Diese Fernstraße vom zentralen ins östliche La Noscea ist nach dem früheren Seefahrer Guy La Thagran benannt, der in der Siedlerzeit gemeinsam mit seinem Kameraden Jean De Nevelle Vylbrand erforschte und vermaß."
2162693,4876920,0,0,22,1,2,1800,459,31,81508,81008,81451,True,"Salzstrand","Ein Fischer hat unter dem Schutz Oschons, des Wanderers, noch immer seine Leine ausgeworfen. Zu seinen Füßen erstreckt sich die bizarre Salzwüste, die an die große Tragödie vor fünf Jahren gemahnt.","Dalamud-Fragmente durchtrennten hier beim Einschlag große Äther-Adern, wodurch denaturierte Kristalle entstanden, die mit dem Meerwasser reagierten und mannigfaltige Salzformationen entstehen ließen."
2162694,4876921,0,0,22,0,4,500,759,31,81509,81009,81451,True,"Felder der Gockelburg","Der frühe Morgen ist des Feldarbeiters Mittag. Von oberhalb des Tores die geheimnisvoll verschleierten Felder zu überblicken, erfrischt den Geist und die Glieder wie nichts anderes.","Die Gockelburg ist ein Versuchsbauernhof, der sich der Veredelung von Feldfrüchten und der Dodo- und Schafzucht verschrieben hat. Der Name stammt von den Hahnenkämpfen, die wie Ritterturniere aufgezogen wurden."
2162695,4876926,0,0,22,1,2,500,759,33,81513,81013,81451,True,"Leuchtturm Braubake","Azurblauer Himmel, tiefblaues Meer: Das ist die majestätische Kulisse, die sich dem Wärter darbietet, sobald die Arbeit getan und das Leuchtfeuer gelöscht ist. Sind die Schiffe sicher vorüber, gibt es nichts Schöneres als ein Bier vor diesem atemberaubenden Ausblick.","Braubake - der Name deutet die Zugehörigkeit zu Bierhafen an - wurde nach dem Einsturz des Tölpelturms errichtet. Von hoch oben blickt man auf die Wellenbrecher, die die Küste vor Flutwellen schützen."
2162696,4868036,0,0,22,0,3,1200,1659,39,81527,81027,81452,True,"Gerbergilde","Von diesem hohen Beobachtungsposten aus hatte der Gerber als Kind das Tun in der Werkstatt bestens im Blick. Besonders stimmungsvoll fand er es hier, wenn sich draußen der Himmel mit Wolken zuzog.","Die gridanischen Gerber verarbeiten mit hoher Kunst<hex:02160103>fer<hex:02160103>tig<hex:02160103>keit die Materialien, die der Wald ihnen bietet, und verkaufen ihre Waren im Atelier Fen-Yll. Für die beliebtesten Stücke gibt es Wartelisten, so groß ist der Andrang."
2162697,4876928,0,0,22,1,1,1800,459,39,81528,81028,81452,True,"Apkallu-Fälle","Manchmal, wenn er eigentlich im Bett sein müsste, stiehlt sich der Dreikäsehoch aus dem Haus, rennt den geheimen Weg entlang und betrachtet den Wasserfall von oben, wo kein Erwachsener sich je hinaufbegeben würde.","Der beschauliche Wasserfall hat seinen Namen von den ersten Siedlern, die hier Apkallu-Vögel züchteten. Der Ort ist dafür bekannt, dass der Weise Louisoix sich gerne zum Nachdenken hierher zurückzog."
2162698,4877070,0,0,50,1,2,1200,1659,54,81530,81030,81452,True,"Gut Zwieselgrund","Die Züchterin, mit der ich mich unterhielt, macht es richtig: Wenn die Sonne auf den Mogry-Ballon scheint, setzt sie sich an diesen einladenden Ort und genießt ihre Mittagspause.","In dem überregional bekannten Gestüt „Mogry-Stolz“ zieht ein aus Ishgard stammender Züchter zuverlässige Arbeits-Chocobos groß. Markenzeichen des Guts ist der auffällige Mogry-Ballon."
2162699,4877071,0,0,58,1,2,800,1159,55,81535,81035,81452,True,"Dom der Einkehr","Wenn sich das strahlende Sonnenlicht im Wasser spiegelt, weiß die Gärtnerin, warum sie diesen Beruf gewählt hat: Nirgends fühlt sie sich wohler als in ihrem Blumengarten. Dafür dankt sie den Göttern.","Nach dem Zeitalter des langen Eises baute die von Hunger geplagte Bevölkerung diesen Dom, um die Zwölf um Beistand zu bitten. Auch nach der Siebten Katastrophe beten die Gläubigen hier zu ihren Göttern."
2162700,4877072,0,0,22,1,1,1800,459,55,81536,81036,81452,True,"Sylphen-Zuflucht","Hoch oben auf der Wipfelplattform fühlt sich der Forscher fast wie eine fliegende Sylphe. Besonders hübsch ist es hier am Abend, wenn die Lichter der Hütten den Wald erhellen.","Hier ließen sich die Sylphen nieder, die sich der Beschwörung des Primae Ramuh widersetzen. Mit ihrer Magie verwandeln sie die Pflanzen des Waldes zu sehenswerten hängenden Behausungen."
2162701,4877073,0,0,31,1,2,500,759,51,81546,81046,81453,True,"Herrscherpromenade","Nach ihrer anstrengenden Nachtschicht stellen die Palastwachen sich auf eine der drei silbernen Platten, grüßen ihre Ablösung mit einem Salut, erhaschen über sich noch einen Blick auf den morgenroten Himmel und eilen dann zu ihren Zimmern in der Herberge.","Der Zugang zu Ul'dahs Regierungsviertel wird von der Palastwache streng bewacht. Einst warteten die treuen Anhänger des Sultanats hier geduldig auf Audienz, heute flaniert der Geldadel über die Promenade."
2162702,4877074,0,0,22,0,3,1200,1659,51,81547,81047,81453,True,"Platz der Sultana","Wer den geizigen Ul'dahnern als Straßenkünstler ein paar Gil entlocken möchte, muss auffallen. Auf dem Podest vor der östlichen Laterne an diesem kühlen Platz haben Publikum und Künstler sich immer gut im Blick.","Die kühlen Mauern und der Springbrunnen dieses Treppenaufgangs im Herzen Ul'dahs laden besonders in der Mittagshitze zum Verweilen ein. Zur Blütezeit des Sultanats wurden hier höfische Tänze aufgeführt."
2162703,4877077,0,0,22,1,2,1800,459,42,81548,81048,81453,True,"Ul'dah","Von der Spitze des Baugerüsts an Nophicas Brunnen bietet sich Abenteurern ein imposanter Anblick. Inmitten der Wüste glänzt die Perle der Wüste mit den Sternen am Nachthimmel um die Wette.","Das ul'dhische Handelszentrum ist konzentrisch um die kuppelförmige Zitadelle angelegt. Die hohen Mauern und Türme der Stadt, die von Myriaden bunter Fenster und Mosaike geziert werden, sind malmenweit zu sehen und flößen Ehrfurcht ein."
2162704,4877078,0,0,22,0,4,800,1159,43,81551,81051,81453,True,"Sil'dih-Ruinen","Als eine Abenteurerin einst in dichtem Nebel vom Wege abkam und einen Steilhang hinunterrutschte, fand sie sich unerwartet vor den Ruinen der verlorenen Stadt wieder. Vor Schreck wäre ihr fast das Herz in die Hose gerutscht.","Vor 400 Jahren wurde die Sultansstadt Sil'dih im „Krieg der Schwestern“ von Ul'dah vernichtet und fast vollständig vom Sand verschluckt. Das heutige Ul'dah steht teilweise auf ihren Ruinen."
2162705,4877079,0,0,9,5,7,1700,1759,44,81554,81054,81453,True,"Versteinerte Goobbue","Der Regen, der den trockenen Wüstenboden benetzt, lässt bunte Blumen sprießen. Fast scheint es, als wollten sie der versteinerten Gestalt, die hier ihre letzte Ruhestätte gefunden hat, Trost spenden.","Der Geist eines sil'dhischen Sultans oder doch garleisches Kriegsgerät? Um den einsamen Giganten ranken sich viele Mythen. Vermutlich floh die Goobbue während einer Katastrophe aus Coerthas und starb nach dem langen Marsch durch den Finsterwald erschöpft in Thanalan."
2162706,4877081,0,0,22,0,3,800,1159,44,81555,81055,81453,True,"Die Unsichtbare Stadt","Nach siegreichem Kampf ließ ein Abenteurer sich auf den Trümmern einer Stadt nieder. Als er aufblickte, ragte unter dem wolkenverhangenen Himmel ihr Gesicht hervor und war nicht länger unsichtbar.","Die Wucht des Aufpralls von Dalamud-Bruchstücken auf den Feuerwall legte auch diese prächtige Ruine frei. Forschern zufolge könnte es sich bei ihr um das Grab von Lalafuto I. handeln, einem belah'dischen Sultan."
2162707,4877082,0,0,58,1,2,500,759,44,81556,81056,81453,True,"Hohenbrück","Händler auf dem Weg von Thanalan zum Finsterwald rasten gerne an dieser Brücke. Der Blick auf die gewaltigen Könige im roten Licht der Morgensonne ist die Übernachtung in der Tat mehr als wert.","Eine gewaltige Steinbrücke verbindet Thanalan mit dem Finsterwald. Die Orchideenkompanie der Messingklingen wacht über den Handelsplatz, der auch Basis für die Erforschung der Unsichtbaren Stadt ist."
2162708,4877083,0,0,22,1,2,1200,1659,30,81506,81006,81451,False,"Flüsterklamm","Geheimtipp unter den Feldarbeitern: Nicht etwa eine Taverne, sondern hier sei der beste Ort, um sich - allein oder in geselliger Runde - eine Erfrischung zu gönnen. Die Dunstschleier schirmen die Hitze selbst an heißen Sommertagen ab.","Vom in O'Ghomoro entspringenden Nym ins karge Gestein eingeschnitten entstand diese Schlucht mit ihren zahlreichen Wasserfällen, nachdem die Katastrophe den Fluss in neue Bahnen gezwungen hatte. Eine kühle Zuflucht vor der glühenden Sommerhitze."
2162709,4877084,0,0,22,1,1,500,759,30,81507,81007,81451,False,"Sommerfurt-Höfe","Wie man ehemalige Piraten von ehrbaren Arbeitern unterscheidet? Ein Honigwein, und alle Manieren sind vergessen! Da sollte man die Lage lieber von Anfang an aus sicherer Höhe beobachten: von der Lampe aus.","Im Zuge der Besiedlungspolitik Merlwybs erschlossen und nun von ehemaligen Piraten und erfahrenen Bauern (zumeist) in Eintracht bestellt. Prächtige La Noscea-Orangen zeugen von der Fruchtbarkeit des Bodens."
2162710,4877085,0,0,22,0,7,1200,1659,31,81510,81010,81451,False,"Die Graue Flotte","Als ein Händler, der dort nachmittags vor Regen Zuflucht suchte, von Räubern überfallen wurde, flüchtete er aufs Dach und sah sich verzweifelt nach einem Fluchtweg um.","Mithilfe der Windmühlen wird das Korn der Gockelburg-Felder gemahlen und Schafswolle zu Filz gewalkt. Ihre mit kräftigem Segeltuch bespannten Flügel lassen sie im Dämmerlicht wie Schiffe erscheinen."
2162711,4877087,0,0,52,1,1,800,1159,32,81511,81011,81451,False,"Verborgener Wasserfall","Ob ihr die Blicke derjenigen, die es sich hinter ihr bequem gemacht haben, nicht im Rücken brennen würden? - „Doch, schon ...“ (Aber der Blick aufs sanft wogende Meer entschädigt für vieles.)","Vor dem Hintergrund des als Wasserfall herabstürzenden Agelyss ließ der vermögende Gegeruju eine Ferienanlage für handverlesene Gäste errichten, die nicht zuletzt wegen ihrer bildschönen Tänzerinnen gerühmt wird."
2162712,4877088,0,0,22,5,7,1800,459,32,81512,81012,81451,False,"Sturmvogelturm","Unwetter auf See rauben die Sicht und können auch großen Schiffen zum Verhängnis werden. Umso schwerer lastet die Verantwortung auf seinen Schultern, denn seine Warnzeichen von höchster Warte lotsen verlässlich auf sicheren Kurs.","Ein aus dem weißen Vulkangestein La Nosceas errichteter Leuchtturm. Er warnt passierende Schiffe vor den Untiefen und die Küstenbevölkerung vor nahenden Piraten und Sahagin-Scharen."
2162713,4877089,0,0,58,1,1,1700,1759,33,81514,81014,81451,False,"Llymlaen-Statue in Bierhafen","Gespräch mit einem Braumeister: Nichts sei erhebender anzusehen als das Auslaufen der Schiffe, schwer beladen mit ihrer kostbaren Fracht; wie sie unter dem beschützenden Blick der kühlen Göttin ihrem Bestimmungsort zuschippern. Gar nicht genug könne er ihr danken!","Die „Lotsin“, Göttin der Weltmeere und der Seefahrer, von Meisterhand in weißen Marmor gemeißelt, wacht über die Überseeschiffer, die in Bierhafen nach strapaziöser Überfahrt ihre Vorräte aufstocken. "
2162714,4877090,0,0,22,0,6,1800,459,33,81515,81015,81451,False,"Schiffsfriedhof","Der Leuchtturmwärter: Vom Treibgut solle man lieber die Finger lassen, da bringe man nur Unglück über sich, und das Heulen und Pfeifen sei das Wehklagen verlorener Seelen. Kein Ort für einen Nachtspaziergang.","In der abgelegenen Bucht treibt die Strömung die Wracks verlassener Schiffe zusammen, von denen man munkelt, ihre Besatzungen hätten sich von der legendären Sirene ins Verderben locken lassen."
2162715,4877091,0,0,22,1,2,800,1159,33,81516,81016,81451,False,"Camp Schädeltal","Tavernenlegende zum Stützpunkt: Der Name gründet in einer wahren Begebenheit! Feinde können sich bei dem guten Ausblick gar nicht erst annähern, aber auch Verbündete dürfte das Betreten gehörigen Mut kosten.","Vor dem Mahlstrom-Militärlager reihte man einst Kobold-Schädel auf, um die nach Süden vorstoßenden Kobolde abzuschrecken. Heute dient das Camp vor allem dem Schutz gegen die Sahagin in Halbstein. "
2162716,4877092,0,0,22,1,1,1200,1659,33,81517,81017,81451,False,"Nord- und Süddamm","Auf den Baldachin zu springen, soll ein beliebter Zeitvertreib der Wachen sein, und einer von ihnen ist darin absolute Spitze. Beeindruckend aber auch, wie robust der Stoff ist. Echte Qualitätsarbeit!","Der Nord- und Süddamm ist ein Schutzwall des Mahlstroms zwischen dem von den Sahagin eroberten Halbstein und Schädeltal, der die Horden der Sahagin von La Noscea abhalten soll - bisher erfolgreich."
2162717,4877099,0,0,22,1,2,1700,1759,34,81518,81018,81451,False,"Camp Bronzesee","Wen nach zu langem heißem Bad Benommenheit befällt, dem soll die kühle Abendbrise schnell wieder zu einem klaren Kopf verhelfen. Die grandiose Aussicht könnte allerdings aufs Neue schwindeln machen ...","Das Sinken des Wasserspiegels ließ die malerischen Ruinen der Stadt Nym auftauchen. Heute lockt das heilsame Thermalwasser und der Warmwein des gleichnamigen Sanatoriums Kranke und Ruhesuchende von weither an."
2162718,4877101,0,0,22,1,1,1200,1659,34,81519,81019,81451,False,"Thalaos","Gespräch mit einem Paläontologen: Wenn man dem grellen Himmel so nahe ist, durch nichts vom Erdboden getrennt als dem imposanten Rest eines so überwältigenden Wesens - dann scheinen die Grenzen von Naturgeschichte und Mythos zu verschwimmen. ","Das riesige Skelett eines marinen Urwesens, nach jahrtausendelanger Umklammerung vom Erdreich freigegeben. Man taufte das Fossil „Thalaos“, nach der einen der mythischen Seeschlangen, die Llymlaen einst losließ, um die leere See zu füllen. Die andere war übrigens Perykos."
2162719,4877103,0,0,22,6,10,1800,459,34,81520,81020,81451,False,"Jijiroons Handelsposten","Zweifellos außer Muschel-Reichweite, aber auch nicht der gemütlichste Ort, um eine nasskalte Nacht zu verbringen. Runterzukommen soll dagegen einfach gewesen sein.","Der Qiqirn-Händler Jijiroon betreibt diesen Handelsposten in heftiger Konkurrenz mit dem seines Bruders Memeroon. Wie er an einem so abgelegenen Ort Profit machen kann, ist äußerst schleierhaft."
2162720,4877105,0,0,22,1,2,1800,459,350,81521,81021,81451,False,"Schwebende Stadt Nym","Wie sich so massive Felsen in der Luft halten können, ist wahrlich rätselhaft - ein unvergesslicher Anblick, wenn die glimmenden Kristallspitzen vom opulenten Gold der Sonne überflutet werden, um danach erneut mit sanftem Schein die Nacht zu erhellen.","Nym erlebte in der Fünften Ära des Lichts ihre Hochblüte. Dass ein Teil der Ruinen in die Luft emporgehoben wurde, liegt an der starken Windaspektiertheit der hier verfestigten denaturierten Kristalle."
2162721,4877106,0,0,22,0,3,500,759,350,81522,81022,81451,False,"Camp Ausblick","Kein offizieller Aussichtsposten, aber zweifellos ein geeigneter Ort, um Gefahren für die Handelsstraße sofort zu sichten und zu beseitigen. Das Gestrüpp auf der Mauer bietet Sichtschutz (und der Frühschicht noch Gelegenheit für ein kurzes Schläfchen).","Im äußeren La Noscea hat der Mahlstrom die Rotschwalben-Kundschafter postiert, um ein wachsames Auge auf die Aktivitäten der Kobolde zu haben. Im Süden erkennt man den Palast des Wanderers aus der nymischen Kultur."
2162722,4877107,0,0,22,1,1,1200,1659,350,81523,81023,81451,False,"U'Ghamaro-Minen","Soldatenlegende: Der allerhöchste Triumph sei es gewesen, die Besiegten nach einer am helllichtem Tage geführten Attacke auf ihren Stützpunkt von ihrem eigenen Schmelzofen herab zu verhöhnen. ","Von den Kobolden immer weiter ausgebaut und ausgebeutet scheinen diese Minen unerschöpflich. Fremdlinge sind nicht willkommen und Schwefel und Verhüttungsabwässer schaffen eine unwirtliche Umgebung."
2162723,4877108,0,0,50,0,7,1800,459,350,81524,81024,81451,False,"Einsiedlerhütte","Ein Abenteurer erzählte mir, da der Einsiedler ohnehin nie da sei, könne man bei schlechtem Wetter ruhig in seine Hütte flüchten und es sich auf einem Stuhl bequem machen. Selbst die Nacht verbringe man dort ungestört.","Von der abgeschiedenen Hütte überblickt man den nördlich gelegenen Vulkan O'Ghomoro, doch den scheuen Bewohner bekommt man kaum zu Gesicht. Heißes Wasser quillt aus der Erde in ein gemütliches Badebecken."
2162724,4877111,0,0,22,1,2,800,1159,39,81526,81026,81452,False,"Hexenstübchen und Wasserrad","Man muss schon ein bisschen klettern, um den besten Blick auf das Hexenstübchen und das sich unermüdlich drehende Wasserrad zu haben. Aber wie jeder Wanderer weiß: Das eigentliche Ziel jeder Reise ist der Weg selbst.","Miounnes Hexenstübchen ist ein behagliches Rasthaus für Reisende und Abenteurer. Nebenan plätschert gemütlich Figagas Wasserrad und versorgt die Zimmerer der nahe gelegenen Gilde mit Wasserkraft."
2162725,4868037,0,0,22,5,7,500,759,39,81529,81029,81452,False,"Pikeniergilde","Als mich ein Schauer überraschte, wollte ich die Zeit nutzen und mir Tricks im Umgang mit der Lanze abschauen, aber ein unwirscher Pikenier verscheuchte mich von meinem - zugegebenermaßen unangemessenen - Beobachtungsposten.","Die Gilde wurde von dem berühmten Lanzenkämpfer Mistalle gegründet. Hier befindet sich auch das Hauptquartier des Klageregiments, das regelmäßig Übungen mit den Pikenieren durchführt."
2162726,4877112,0,0,22,5,7,500,759,54,81531,81031,81452,False,"Der Stubben","Wenn er erst mal einen Punkt gefunden hat, der höher als der namensgebende Baumstumpf liegt, entgeht dem Besucher nichts mehr von dem geschäftigen Treiben - auch wenn die Soldaten eine Schlechtwetterpause einlegen.","Ausbildungsort für Rekruten der Bruderschaft der Morgenviper. Der Name Stubben bezieht sich auf den Stumpf eines Mammutbaums, der zu den legendären Himmelssäulen gehörte und nun als Trainingsstätte dient."
2162727,4877113,0,0,22,1,1,1800,459,54,81532,81032,81452,False,"Haukke-Herrenhaus","Ein unheimliches Licht sieht man aus den Fenstern des verfluchten Herrenhauses scheinen, wenn man auf die klauenartige Wurzel des großen Baums steigt. Aber wer hat dazu schon den Mut?","Das Herrenhaus gehörte den Saatsehern, bis Stimmen laut wurden, eine derart luxuriöse Residenz sei zu weltlich für eine spirituelle Leitfigur. Daraufhin wurde das Haus an die Dartancours-Familie abgegeben. Haukke ist ein altes Padjal-Wort und bedeutet: „ohne Worte kommunizieren“."
2162728,4877163,0,0,22,1,2,1200,1659,54,81533,81033,81452,False,"Wächterbaum","Bei schönem Wetter geht der Druide in den Wald, um den Stimmen der Gebieter zu lauschen. Am liebsten dorthin, von wo aus er auf den heiligen Baum herabblicken kann.","Den Druiden zufolge ist der älteste noch lebende Urbaum Gridanias von einem mächtigen Gebieter beseelt und über tausend Jahre alt, weshalb seine wertvollen Früchte Tausendjahrpflaumen genannt werden."
2162729,4877165,0,0,22,1,1,1100,1359,54,81534,81034,81452,False,"Regenbogenfall","Ein Druide sagte mir, der von Licht und Wasser gezauberte Brückenbogen wäre ein Zeichen der Harmonie zwischen uns und den Gebietern.","Im Tiefen Wald fällt das Wasser der „Östlichen Blattader“ einige Yalme tief und verbirgt dabei einen Felsdurchgang, der zum Mogry-Stubben führt. Ab und an zaubert das Sonnenlicht dort Regenbögen."
2162730,4878703,0,0,22,0,9,1800,459,55,81537,81037,81452,False,"Sprösslings-Wiege","„Egal welches Lebewesen ich erforscht habe, eins hatten sie alle gemein: den Instinkt, neugeborenes Leben zu schützen"", verriet mir der Gelehrte an diesem hell erleuchteten Ort.","Der Kokon birgt die Saat der Sylphen und ist für deren Fortpflanzung unerlässlich. Beschützt wird dieser äußerst wichtige Ort daher von den gespenstisch leuchtenden Mondsporen."
2162731,4878736,0,0,22,0,10,800,1159,56,81538,81038,81452,False,"Buscarrons Horst","Ein Patron erzählte mir, wie er nach einem Zechgelage nicht in seinem Bett erwachte, sondern unter freiem Himmel von Regen und Donner geweckt wurde. Eine missliche Situation, und der Abstieg stand noch bevor.","Buscarron muss der geselligste Soldat sein, der jemals eine Schenke eröffnete. Abenteurer und gelegentlich auch Räuber kehren hier ein, um ihre Krüge zu leeren. Ein Zufluchtsort der besonderen Art."
2162732,4878759,0,0,22,1,1,800,1159,56,81539,81039,81452,False,"Luftschiff-Landeplatz (Südwald)","In der Taverne wurde gemunkelt, dass die Betreiber des Landeplatzes sicher nicht abgezogen wären, wenn sie geahnt hätten, wer sich später darin einnisten würde.","Aufgrund der Gefährdung durch die vorrückenden Garlear sah sich die Highwind-Fluggesellschaft gezwungen, den Landeplatz aufzugeben. Nun wird er von Wilderern als Umschlagsplatz genutzt."
2162733,4878763,0,0,22,0,4,1200,1659,56,81540,81040,81452,False,"Urths Segen","Eine schweigsame Druidin geleitete mich an diesen Ort im heiligen Wald, der in ein fahles Licht getaucht ist. Besonders geheimnisvoll wirkte die Szenerie, als Nebel aufzog.","Diese natürliche Quelle strotzt nur so von ätherischer Energie. Die Schriften behaupten, dass Odin hier einst die heilige Urth mit seinem Schwert erschlug, und er dafür von der Kraft eines Kristalls in Urths Quelle gefesselt wurde, wo er immer noch schlummern soll."
2162734,4878764,0,0,22,1,2,500,759,56,81541,81041,81452,False,"Mühlenbruch","Mit leuchtenden Augen erzählte mir der Jäger davon, wie er in den frühen Morgenstunden alles vom Ruß reinigt und dabei verzückt auf die Siedlung blickt. Zu Hause ist es doch am schönsten!","Einst wurden hier im Südwald mithilfe eines Wasserrads Steine für den Aufbau Gridanias geschliffen, doch diese Funktion gehört der Geschichte an. Heute leben in dem kleinen Weiler Jäger und Sammler."
2162735,4878773,0,0,22,1,2,1200,1659,57,81542,81042,81452,False,"Ixal-Kahlhieb","Eine aufgebrachte Wachfrau erzählte mir, wie sie das Ausmaß des Unrechts, das die Ixal dem Wald zufügen, zum ersten Mal begriff: Auf einem in die Erde getriebenen Baumstamm stehend musste sie dem räuberischen Abtransport hilflos zusehen.","Ein Feldlager der vogelartigen Ixal. Die Ixal fällen die erhabenen Bäume des Waldes der Einkehr und transportieren das geraubte Holz mit gepanzerten Ballons nach Natalan in Coerthas oder bis ins ferne Xelphatol-Tal."
2162736,4878784,0,0,22,1,1,1800,459,57,81543,81043,81452,False,"Meteoritenkrater","Eine der Wachen sprach ehrfurchtsvoll von dem sichelförmigen Gebilde, das hier vom Himmel gefallen war. Seine fremdartige Präsenz sei einfach überwältigend.","Als Bahamut sein kosmisches Gefängnis absprengte, um Eorzea zu verwüsten, stürzte ein Fragment davon auf den Südwald herab. Der Krater zeugt bis heute von den Schrecken der Siebten Katastrophe."
2162737,4878790,0,0,22,0,3,800,1159,57,81544,81044,81452,False,"Erlenbrunnen","Ein Bergmann riet mir, bis an das Ende einer freiliegenden Wurzel zu gehen, um das stille, in Wolken gehüllte Tal zu betrachten - solange ich nur festen Schrittes und schwindelfrei sei.","Einst stand in dieser Gegend ein uralter Erlenwald, doch während der Siebten Katastrophe gingen Splitter von Dalamud zu Boden und verwüsteten die Landschaft bis heute."
2162738,4879319,0,0,22,1,1,1700,1759,42,81549,81049,81453,False,"Castrum Marinum","Von einem Soldaten hörte ich, dass die Befestigungsanlage in der Abendsonne unheimlich leuchtet, wenn man sie von einem hohen Punkt aus betrachtet. Wie Recht er doch hatte.","Der südlichste Versorgungsstützpunkt der Garlear thront über der Rhotano-See, die Vylbrand von Aldenard trennt. Die X. Kohorte der XIV. Legion ist hier stationiert. Sie beliefert Truppen in La Noscea und Thanalan."
2162739,4879321,0,0,27,1,2,1200,1659,42,81550,81050,81453,False,"Bucht des Abendsterns","Angeblich soll es den Gilbeutel füllen, wenn man sich in dieser malerischen Stadt auf das Dach der Residenz eines wohlhabenden Geschäftsmannes stellt, um einen noch wohlhabenderen Geschäftsmann nachzuahmen.","Ul'dahs Tor zu Eorzeas Märkten. Der Vorsitzende der Ostaldenard-Handelsgesellschaft, Lolorito, hat hier viel Geld investiert. Ihm zu Ehren errichtete man eine Statue, die viele allerdings für zu schmeichelhaft halten."
2162740,4879611,0,0,22,0,11,1800,459,43,81552,81052,81453,False,"Kohlenstaub-Bahnhof","Die Bahninspekteure hier haben es wahrlich nicht leicht. Manchmal werden sie sogar mitternachts die Hänge hinauf gejagt, um von oben zu überprüfen, ob alles mit rechten Dingen zugeht. Und erst all der Staub.","Ursprünglich bloß ein Stützpunkt der Messingklingen, floriert die Siedlung seit dem Anschluss an das Schienennetz der Amajina Bergbau AG. Mit einem modernen Schmelzofen werden die Bodenschätze direkt verarbeitet."
2162741,4879612,0,0,52,1,1,1200,1659,43,81553,81053,81453,False,"Tor des Nald","Ein Trinker riet mir, wenn ich weder Arbeit noch genügend Geld für die Taverne hätte, ließe es sich auf dem Stoffdach hervorragend entspannen. Die umliegende Wildnis böte einen herrlichen Anblick.","Eines der Haupttore Ul'dahs ist Nald geweiht, dem diesseitigen Aspekt der dualen Gottheit Nald'thal. Das Tor ist so breit, dass es zwei Chocobo-Kutschen nebeneinander passieren können."
2162742,4879625,0,0,22,1,1,1200,1659,44,81557,81057,81453,False,"Der Feuerwall","Bei einem kühlen Bier erzählt man sich gerne, dass die Aussicht hier am schönsten sei, wenn man seinen Blick oben von einer Kristallspitze in die Runde schweifen lässt.","Ein Bruchstück des Mondes Dalamud riss den Erdboden auf und setzte Unmengen an Äther frei. Dieser kristallisierte flammenförmig und erzählt so selbst heute noch eindrucksvoll von der Siebten Katastrophe."
2162743,4879626,0,0,22,1,2,800,1159,44,81558,81058,81453,False,"Goldbasar","Fleißige Minenarbeiter suchen ihr Glück in luftiger Höhe. Vom Palisadenzaun aus halten sie Ausschau nach vielversprechenden Erzadern. Davon hält sie auch die sengende Mittagshitze nicht ab. Der Ruf des Goldes ist zu verlockend.","Seit Stilllegung der östlichen Handelsroute ist vom einstigen Glanz dieses ul'dhischen Weilers nicht mehr viel zu spüren. Aufschwung erhofft man sich von angeblich reichen Erzadern, die hier im Gestein schlummern sollen."
2162744,4879627,0,0,58,0,8,1800,459,44,81559,81059,81453,False,"Thals Rast","Wer auf Wohlstand im Jenseits hofft, muss sich gut mit Thal stellen. Wenn einem ins Gebet vertieft die Reue wie Regen von den Wangen tropft, ist die Seele der Rettung einen Schritt näher.","Thal wacht über den Wohlstand im Jenseits und ist daher die erste Anlaufstelle für reiche Ul'dahner, die an diesem Ort zu fasten und zu beten pflegen. Wäre der Ort nur nicht so abgelegen."
2162745,4879628,0,0,58,0,4,500,759,45,81560,81060,81453,False,"Nalds Besinnung","Wer auf Wohlstand im Diesseits hofft, muss sich gut mit Nald stellen. Gebete werden die durch den Nebel der weltlichen Verblendung vom Weg abgekommene Seele erretten. ","Nald gebietet über das Diesseits. Er soll seinen Anhängern zu Reichtum verhelfen, doch viele Kaufleute begnügen sich mittlerweile damit, Talismane in der Minerva-Kapelle in Ul'dah zu erstehen."
2162746,4879629,0,0,22,1,2,500,759,45,81561,81061,81453,False,"Zahar'ak","Der Wüstenwind ist geduldiger als jede Armee und besiegt sogar Stein. Davon zeugt ein säulenartig geschliffener Felsen, von dessen Spitze man den Feind bei klarem Himmel vortrefflich im Blick hat.","In der Sprache der Amalj'aa bedeutet Zahar'ak „Unbeugsamkeit“. Für die Echsen ist die Region Zanr'ak durch Ifrits Flammen geheiligtes Land. Deshalb versuchen sie, die Ul'dahner von dort fernzuhalten."
2162747,4879630,0,0,22,0,14,1200,1659,45,81562,81062,81453,False,"Byregots Schlag","Ein Minenarbeiter klagte mir sein Leid, dass ihm bei der Gluthitze oft die Zunge aus dem Hals hinge, doch die allagischen Ruinen und die darin verborgenen Schätze wären die Mühe wert.","Mit der Maschine lässt die Amajina Bergbau AG in der Wüste nach allagischen Ruinen graben. Dafür, dass sie nach dem göttlichen Erbauer benannt ist, erweist sie sich ganz schön anfällig gegen Überhitzung."
2162748,4879631,0,0,22,1,2,1200,1659,45,81563,81063,81453,False,"Versunkener Tempel von Qarn","Die Struktur dieser lange Zeit vergessenen heiligen Stätte erkennt man Gerüchten zufolge am besten, wenn man den schiefen Turm erklimmt und sie von seinem Dach aus betrachtet.","Eine belah'dische Ruine, die der Sonnengöttin Azeyma geweiht ist. Mehrere Herrscher brauchte es, um diese prachtvolle Anlage, die ein Zeichen unerschütterlichen Glaubens ist, zu vollenden."
2162749,4879632,0,0,30,0,14,500,759,45,81564,81064,81453,False,"Minotauren-Malm","Der Soldat vertrat vehement die Meinung, bei Gluthitze dürfe man sich nicht schonen, sondern man müsse sich voller Entschlossenheit zusammenreißen und umso härter trainieren.","Um das Monopol der Ostaldenard-Handelsgesellschaft zu brechen, gründeten kleinere Händler die 77 Karawanen. Dieser Handelsposten dient ihnen als Basis für ihre riskanten Geschäfte in der Sagolii-Wüste."
2162750,4879633,0,0,31,1,1,500,759,46,81565,81065,81453,False,"Östlicher Wachturm","Der größte Feind des Wächters ist die Müdigkeit. Um sie zu vertreiben, haben die Soldaten am Wachturm einen Trick: Auf die Spitze des Fahnenmasts stellen und zackig salutieren! Garantiert nichts für schwache Nerven.","Die Garlear benötigen Unmengen an Erdseim für ihre Kampf<hex:02160103>maschinen. Dieser wird in Castrum Meridianum gefördert. Seitdem ist die Lage in der Region gespannt, wie dieser eorzäische Wachturm beweist."
2162751,4879634,0,0,22,1,2,1800,459,46,81566,81066,81453,False,"Erdseim-Leitung","Die Wartung der Fallgitter ist beschwerlich. An wolkenlosen Tagen hat man von oben einen überwältigenden Ausblick, doch wer vor lauter Staunen nicht aufpasst und runterfällt, sieht nur noch Radieschen von unten.","Weit vor dem Einzug von Maschinen in Eorzea sicherte sich die Amajina Bergbau AG wohlweislich die Förderrechte für Erdseim. Ironischerweise waren bis zum Krieg gegen Garlemald ausgerechnet die Garlear ihr größter Abnehmer."
2162752,4879635,0,0,22,1,2,1200,1659,46,81567,81067,81453,False,"Blauer Dunst","Der blaue Dunst kann einem ganz schön aufs Gemüt schlagen. Wenn sich der Nebel lichtet, erklimmen die Arbeiter daher gerne eine hohe Stelle und blicken von dort auf die Schlucht hinab.","Das nördliche Thanalan verfügt mit über die größten Erdseim-Reserven in ganz Eorzea, die jedoch im Vergleich zu den Vorkommen auf Ilsabard geradezu kümmerlich wirken. Beim Abbau des Rohstoffs tritt bläulicher Nebel hervor, der der Region ihren Namen gab. "
2162753,4879636,0,0,22,0,3,800,1159,46,81568,81068,81453,False,"Raubahns Trutz","Die Patrouillen an diesem Ort wissen sich bei dichtem Nebel zu helfen. Denn Dalamuds Klauen sind selbst dann nicht zu übersehen und erleichtern die Orientierung.","Als die Garlear am Ende der Sechsten Ära des Lichts in der Hoffnung auf Erdseim ins nördliche Thanalan einfielen, bissen sie sich am Widerstand der Legion der Unsterblichen die Zähne aus, die hier unter Raubahns Kommando kämpfte."
2162754,4879637,0,0,22,0,4,1800,459,46,81569,81069,81453,False,"Verlassene Amajina-Mithrilmine","Der Abenteurer wurde von üblen Gesellen gefangen genommen, doch bei Nebel gelang ihm die Flucht über eine umgestürzte Säule.","Die Mine der Amajina-Bergbau AG wurde vor etwa 20 Jahren geschlossen, nachdem man sie im großen Mithrilrausch restlos ausgebeutet hatte. Heute dient sie dem Kult der „Jünger Dalamuds“ als Unterschlupf."
2162755,4879638,0,0,22,1,1,1700,1759,63,81571,81071,81454,False,"Der Schwertrücken","Die Justierungsarbeiten müssen bis Sonnenuntergang beendet sein, deswegen haben die hier beschäftigten Astrologen keine Gelegenheit, die unvergessliche Aussicht zu genießen.","Der Kirche zufolge trieb Halone ein Schwert in das Hochland von Coerthas, um Himmel und Erde zu verbinden: der Berg Schwertrücken. Seit Dalamuds Absturz ist seine Klingenform kaum noch zu erkennen."
2162756,4879639,0,0,22,0,4,1800,459,63,81572,81072,81454,False,"Observatorium","Mein Gesprächspartner erzählte, wie er um eine Haaresbreite dem Tod entkam, als er stolperte und in die Tiefe stürzte, doch wie durch ein Wunder nicht auf dem Boden aufschlug. An jenem Tag soll es sehr neblig gewesen sein.","Im Observatorium für Ätherische und Astrologische Phänomene verfolgen die Astrologen Ishgards mit dem leistungsstärksten Teleskop Eorzeas den Lauf der Gestirne, um die Pläne der Drachen vorherzusagen."
2162757,4879640,0,0,22,9,16,800,1159,63,81573,81073,81454,False,"Skelett des Drachen","Ein Ritter, den ich am Skelett traf, sagte mir, dass auch an schneereichen Wintertagen sein Herz von feuriger Glut erfüllt ist, wenn er an den Moment zurückdenkt, als die Haubitze seines Vetters den Drachen niederstreckte.","Die gut erhaltenen Überreste eines Drachen geben Zeugnis von der Feuerkraft der Drachenhaubitzen an der Weißenfels-Front. Aus der Entfernung scheint es, als schlummere der Drache inmitten der Wolken."
2162758,4879641,0,0,22,1,2,500,759,63,81574,81074,81454,False,"Ishgard","Ishgard sieht schweren Zeiten entgegen - doch beim Anblick der stolzen Festung vor dem eisblauen Himmel erneuern die Ritter der Morgenwache tief in ihrem Herzen den Eid, den sie auf ihr heiliges Reich leisteten.","Von Mauern und magischen Barrieren umgeben, trotzen die Ritter Ishgards der eisigen Kälte und den Angriffen der Drachen. Ishgard ist außerdem Sitz des Papstes, der in einem ansehnlichen Palast residiert."
2162759,4879642,0,0,22,1,1,1700,1759,63,81575,81075,81454,False,"Rothbruch","Der Wachsoldat ließ mich nur für einen Moment auf die Zinne, doch er wollte mir den Blick auf das von den letzten Sonnenstrahlen berührte Rothbruch nicht verwehren.","Am Fuße des Schwertrückens erstrecken sich rote Felswände, aus denen man einst rotschimmernde Steine brach. Nach der Katastrophe verformte sich der Fels unter dem Einfluss dunkler Materie auf bizarre Weise."
2162760,4879643,0,0,22,9,16,1800,459,63,81576,81076,81454,False,"Halone-Signum","Ein Ritter sprach ehrfürchtig von seiner ersten Pilgerfahrt zum Heiligen Stein. Vielleicht lag es an der erhabenen Aura, vielleicht an dem strengen Schneetreiben, aber er fühlte sich, als würde die Göttin des Krieges selbst auf ihn herunterblicken.","Man kommt, um einen Stein zu sehen, doch wenn man geht, hat man Ehrfurcht und Demut gelernt. Die Gläubigen von Ishgard verehren diesen Stein, der das Signum der Kriegsgöttin Halone trägt, als Heiligtum."
2162761,4879644,0,0,22,1,2,800,1159,63,81577,81077,81454,False,"Schneekleid","Der Forscher erzählte, wie er am Westrand stand und voll tiefer Trauer an jene dachte, die im Westen zurückgelassen wurden. Seine Tränen, die selbst im Sonnenlicht gefroren, werden nicht so schnell wieder auftauen.","Die massive Eiswand blockiert den Landweg ins südliche Coerthas. Sie entstand, als sich Coerthas vor fünf Jahren durch die ätherischen Verwerfungen der Siebten Katastrophe schlagartig abkühlte."
2162762,4879645,0,0,22,1,2,1200,1659,63,81578,81078,81454,False,"Camp Drachenkopf","Der Schnee erschwert die Arbeit der Wachleute Ishgards, aber er verwandelt die Umgebung in eine zauberhaft ruhige Märchenlandschaft. Wer die Abgeschiedenheit sucht, findet sie höher als das höchste Feuer.","Von dieser Burg aus kämpfen Ritter des Hauses Fortemps verbissen gegen Drachen, Häretiker und aus Osten eindringende Ixal. Ein wie ein Drachenkopf geformter Fels gibt dem Lager seinen Namen."
2162763,4879646,0,0,22,1,1,500,759,63,81579,81079,81454,False,"Stählerne Wacht","In einer Stallung riet man mir, dass, wenn ich einen Blick auf die Stählerne Wacht zu werfen beabsichtigte, ich dem schmalsten Pfad folgen sollte.","Die Stählerne Wacht bildete zusammen mit drei weiteren Wachtürmen eine Verteidigungslinie entlang des Wolkenmeers, bis der gelbe Drache Svara und seine Horden sie in eine Ruine verwandelten. Heute bestehen nur noch einzelne Teile."
2162764,4879647,0,0,22,0,17,1200,1659,67,81581,81081,81455,False,"Castrum Centri","Ein Deserteur berichtete mir, dass sich in dem Militärlager ein moderner Landeplatz befinden soll. In unheimlichem Licht sah er gerne zu, wie die Frachtschiffe landeten und starteten.","Das garleische Militärlager wurde aus Überresten von Castrum Novum errichtet, das Nael van Darnus kurz vor der Siebten Katastrophe als ersten Stützpunkt in Eorzea erbaut hatte. Nun überwacht hier die XIV. Legion den Abbau von Rohstoffen und deren Abtransport mit dem Phantomzug."
2162765,4879648,0,0,22,1,2,1800,459,67,81582,81082,81455,False,"Kristallturm","Eine bizarre Landschaft: sogar die Bäume wurden in Kristalle verwandelt. Der Turm selbst ragt wie eine aus Diamant geschliffene Lanze in den Himmel.","Der Kristallturm erschien durch die große Katastrophe wie aus dem Nichts. Sankt Coinach-Forscher fanden heraus, dass die Allager ihn erbaut hatten, um Sonnenenergie zu speichern. Auch als Turm von Syrcus bekannt."
2162766,4879649,0,0,22,1,1,1200,1659,67,81583,81083,81455,False,"Früher Frost","Die Kristallisierung verfärbte einen Teil der Oberfläche in ein schimmerndes Blau. Ein Abenteurer führte mich auf einen ausgewucherten Kristall, der mir einen guten Blick auf die Umgebung bot.","Der beiderseits fatale Zusammenprall der Agrius mit Midgardsormr hatte eine großflächige Kristallisierung des Äthers zur Folge. Sogar das Gras knirscht unter den Füßen derjenigen, die den Pass überschreiten, so als schreite man über ewigen Frost."
2162767,4879650,0,0,52,1,2,1700,1759,67,81584,81084,81455,False,"Hüter des Sees","Die Ufer des Sees sind tückisch ... Wer die Agrius in Ruhe betrachten möchte, tut gut daran, sich in einem Baum niederzulassen.","Wie eine bizarre Skulptur ragt das Wrack des garleischen Luftschlachtschiffs Agrius aus dem Silbertränensee, umschlungen von den Überresten des einstigen Hüters des Sees, dem Drachen Midgardsormr."
2162768,5927558,50,50,22,0,0,0,0,2200,81586,81086,81454,False,"Falkenhorst","Von den Höhen des westlichen Hochlands von Coerthas blickte ich herab auf das Land, wie es dalag in seiner ganzen Schönheit. Und was ich erblickte, wird die Barden bis ans Ende aller Tage inspirieren zu Liedern und Weisen.","Falkenhorst geht auf eine einsame Ansammlung simpler Baracken in den Bergen von West-Coerthas zurück, die sich zu einem blühenden Dorf entwickelte - bis die Katastrophe hereinbrach und der brutale Winter seinen Blutzoll forderte. Seinen Namen hat es von den Falknern, die hier ihre schneeweißen Zöglinge aufsteigen und nach Drachen Ausschau halten lassen."
2162769,5927559,50,50,22,0,0,0,0,2200,81587,81087,81454,False,"Camp Zweistrom","Von den Höhen des westlichen Hochlands von Coerthas blickte ich herab auf das Land, wie es dalag in seiner ganzen Schönheit. Und was ich erblickte, wird die Barden bis ans Ende aller Tage inspirieren zu Liedern und Weisen.","Dieser verlassene Ishgarder Außenposten befand sich in strategisch wichtiger Lage dort, wo der Schnellenstrom und der Coerthas zusammenfließen. Von seiner einstigen Bedeutung zeugen heute die Überreste des Ätheryten, der durch die Katastrophe vom Netz getrennt wurde."
2162770,5927560,50,50,22,0,0,0,0,2200,81588,81088,81454,False,"Träumender Drache","Von den Höhen des westlichen Hochlands von Coerthas blickte ich herab auf das Land, wie es dalag in seiner ganzen Schönheit. Und was ich erblickte, wird die Barden bis ans Ende aller Tage inspirieren zu Liedern und Weisen.","Was aussieht wie eine gigantische Felsinsel in den eisigen Wassern des Aschenpfuhls soll einst ein quicklebendiger Drache gewesen sein, dort durch Wirken der Kurie in eine magische Starre gezwungen, bis Asche seinen Körper bedeckte und seine Glieder sich in Stein wandelten."
2162771,5927561,50,50,22,0,0,0,0,2200,81589,81089,81454,False,"Abendrot-Wacht","Von den Höhen des westlichen Hochlands von Coerthas blickte ich herab auf das Land, wie es dalag in seiner ganzen Schönheit. Und was ich erblickte, wird die Barden bis ans Ende aller Tage inspirieren zu Liedern und Weisen.","Die Katastrophe hat der einst mächtigen Bastion übel mitgespielt. Vor vielen Generationen hielten Yuhelmeric und seine furchtlosen Ritter hier die herannahende Drachenbrut in Schach, doch seit die Mauern geborsten und der Frost eingekehrt ist, haben sich die scheußlichsten Kreaturen dort niedergelassen."
2162772,5927562,50,50,22,0,0,0,0,2200,81590,81090,81454,False,"Gorgagne-Höfe","Von den Höhen des westlichen Hochlands von Coerthas blickte ich herab auf das Land, wie es dalag in seiner ganzen Schönheit. Und was ich erblickte, wird die Barden bis ans Ende aller Tage inspirieren zu Liedern und Weisen.","Gorgagne war ein stolzer Ritter und Bannerherr des Hauses Durendaire, bis eines Tages der älteste Sohn und Erbe des Hauses, dessen Obacht Gorgange oblag, verschwand und nie wieder gesehen wurde. Aus Sühne wählte der in Ungnade gefallene Ritter die Verbannung, tauschte sein Schwert gegen eine Pflugschar und beendete sein Leben als einfacher Bauer."
2162773,5959933,50,50,22,0,0,0,0,2200,81591,81091,81454,False,"Tannenhöhe","Von den Höhen des westlichen Hochlands von Coerthas blickte ich herab auf das Land, wie es dalag in seiner ganzen Schönheit. Und was ich erblickte, wird die Barden bis ans Ende aller Tage inspirieren zu Liedern und Weisen.","Früher war Tannenhöhe eine lebendige Siedlung, die den Holzfällern, die in den Bergen des westlichen Coerthas ihrer Arbeit nachgingen, als Basis diente, doch als Eis und Schnee kamen, zogen sich die Bewohner zurück und kamen nicht wieder."
2162774,5959936,50,50,22,0,0,0,0,2200,81592,81092,81454,False,"Knochenfeld","Von den Höhen des westlichen Hochlands von Coerthas blickte ich herab auf das Land, wie es dalag in seiner ganzen Schönheit. Und was ich erblickte, wird die Barden bis ans Ende aller Tage inspirieren zu Liedern und Weisen.","An Lagerfeuern erzählt man sich Geschichten, nach denen Yetis hier die Überreste ihrer Opfer verscharren und gelegentlich Knochen wie sprießende Pflanzen aus dem Erdreich hervorbrechen, doch wurde das angebliche Phänomen nie wissenschaftlich untersucht."
2162775,5927563,50,50,22,0,0,0,0,2000,81631,81131,81456,False,"Loth ast Gnath","Von den Höhen des Dravanischen Vorlands blickte ich herab auf das Land, wie es dalag in seiner ganzen Schönheit. Und was ich erblickte, wird die Barden bis ans Ende aller Tage inspirieren zu Liedern und Weisen.","Die Nestbauten der Gnath, geformt aus Lehm und Speichel, sind erstaunlich stabil und bieten Schutz vor der harschen Witterung des Dravanischen Vorlands. Der Rauch, der aus den schlotartigen Hügeln steigt, ist ein Räucherharz, das aus unbekannten Gründen geeignet ist, die Drachen fernzuhalten."
2162776,5927564,50,50,22,0,0,0,0,2000,81632,81132,81456,False,"Kleiner Annex","Von den Höhen des Dravanischen Vorlands blickte ich herab auf das Land, wie es dalag in seiner ganzen Schönheit. Und was ich erblickte, wird die Barden bis ans Ende aller Tage inspirieren zu Liedern und Weisen.","Die Ruinen einer ehemals stolzen Stadt. Die offizielle Doktrin der Kurie sagt, dass hier eine Siedlung der Häretiker stand und von Halone in einem Akt göttlicher Einmischung dem Erdboden gleichgemacht wurde. Unabhängige Historiker bestreiten diese Darstellung."
2162777,5927565,50,50,22,0,0,0,0,2000,81633,81133,81456,False,"Trinär-Annex","Von den Höhen des Dravanischen Vorlands blickte ich herab auf das Land, wie es dalag in seiner ganzen Schönheit. Und was ich erblickte, wird die Barden bis ans Ende aller Tage inspirieren zu Liedern und Weisen.","Drei Türme von einer Bauart, die es sowohl Drachen als auch Elezen gestattet, sie zu bewohnen. Diese architektonische Besonderheit würde die Deutung der Kurie stützen, nach der ketzerische Hexen die Türme erbauten, um dort mit ihren verbündeten Drachen zu hausen."
2162778,5927566,50,50,22,0,0,0,0,2000,81634,81134,81456,False,"Hundertfacher Schrei","Von den Höhen des Dravanischen Vorlands blickte ich herab auf das Land, wie es dalag in seiner ganzen Schönheit. Und was ich erblickte, wird die Barden bis ans Ende aller Tage inspirieren zu Liedern und Weisen.","Der reißende Fluss hat große Teile der alten Ruinen am Fuße des Sohm Al mit sich gerissen. Dort hausen nun Ungeheuer, die sich von kleineren Lebewesen in den Wassern ernähren, und Drachen, die sich von den Ungeheuern ernähren."
2162779,5927567,50,50,58,0,0,0,0,2000,81635,81135,81456,False,"Halo","Von den Höhen des Dravanischen Vorlands betete ich für das Land, wie es dalag in seiner ganzen Schönheit. Und was ich erblickte, wird die Barden bis ans Ende aller Tage inspirieren zu Liedern und Weisen.","Dieser uralte Altar befindet sich in den feurigen Tiefen von Mourn. Von den zwei Statuen eines Mädchens und eines Drachen, die ihn einst einrahmten, ist nur die letztere erhalten. Wer einen Blick nach oben riskiert, erkennt die Unterseite des schwebenden Gipfels von Sohm Al."
2162780,5959938,50,50,22,0,0,0,0,2000,81636,81136,81456,False,"Fiederhag","Von den Höhen des Dravanischen Vorlands blickte ich herab auf das Land, wie es dalag in seiner ganzen Schönheit. Und was ich erblickte, wird die Barden bis ans Ende aller Tage inspirieren zu Liedern und Weisen.","Fallensteller und Jäger, die es auf wilde Chocobos abgesehen hatten, gründeten diese Waldsiedlung, die durch das Blätterwerk der majestätischen Siebenhimmelbäume vor den Blicken der Drachen geschützt ist."
2162781,5959940,50,50,22,0,0,0,0,2000,81637,81137,81456,False,"Sohm Al","Von den Höhen des Dravanischen Vorlands blickte ich herab auf das Land, wie es dalag in seiner ganzen Schönheit. Und was ich erblickte, wird die Barden bis ans Ende aller Tage inspirieren zu Liedern und Weisen.","Der höchste der vielen eindrucksvollen Gipfel von Abalathias Rückgrat und der höchste Ort Eorzeas. Für die Drachen ist er heiliger Boden und die letzte Ruhestätte, wenn sie sich auf die letzte Reise begeben. Der schwebende Gipfel ist nicht aus Stein, sondern purem Kristall, und ein unvergesslicher Anblick."
2162782,5927570,50,50,22,0,0,0,0,2002,81645,81145,81456,False,"Moglingen","Von den Gipfeln der Wallenden Nebel blickte ich herab auf das Land, wie es dalag in seiner ganzen Schönheit. Und was ich erblickte, wird die Barden bis ans Ende aller Tage inspirieren zu Liedern und Weisen.","Das Dorf der Mogrys ist ausgerechnet auf Sohm Al gelegen, dem höchsten Berg Eorzeas und Herz des Herrschaftsgebiets der Drachen. Welche Absprache die Mogrys mit Hraesvelgr getroffen haben, um hier in Frieden leben zu können, bleibt ihr Geheimnis."
2162783,5927571,50,50,22,0,0,0,0,2002,81646,81146,81456,False,"Nest des Drachen","Von den Gipfeln der Wallenden Nebel blickte ich herab auf das Land, wie es dalag in seiner ganzen Schönheit. Und was ich erblickte, wird die Barden bis ans Ende aller Tage inspirieren zu Liedern und Weisen.","Heimtückische Ätherstürme toben in Nidhoggs Höhle und halten all diejenigen fern, die es wagen sollten, den Hohen Drachen in seinem Schlaf zu stören - ein Schlaf, der mal ein Jahr, mal ein Jahrhundert dauern kann."
2162784,5927572,50,50,22,0,0,0,0,2002,81647,81147,81456,False,"Tharl Oom Khash","Von den Gipfeln der Wallenden Nebel blickte ich herab auf das Land, wie es dalag in seiner ganzen Schönheit. Und was ich erblickte, wird die Barden bis ans Ende aller Tage inspirieren zu Liedern und Weisen.","Der Name dieses uralten Gebildes bedeutet „Kristall der Reue“ in der Sprache der Drachen, und es ist tatsächlich zur Hälfte von Kristallen verschlungen. Aufgrund der immensen Kristallisation wird gemutmaßt, dass ein gigantisches Geschöpf mit einer ätherischen Präsenz, die den sieben Hohen Drachen gleichkommt, hier sein Leben ausgehaucht haben könnte."
2162785,5927573,50,50,22,0,0,0,0,2002,81648,81148,81456,False,"Kreidetempel","Von den Gipfeln der Wallenden Nebel blickte ich herab auf das Land, wie es dalag in seiner ganzen Schönheit. Und was ich erblickte, wird die Barden bis ans Ende aller Tage inspirieren zu Liedern und Weisen.","Diese Festung liegt in Hraesvelgrs Domäne und wird auf Geheiß des Drachen von den Mogrys bewacht, die ihr Zuhause in den Wallenden Nebeln haben. Obwohl die Zeit - eintausend Jahre - ihren Tribut gefordert hat, erstrahlt der Tempel noch immer in Ehrfurcht gebietendem Glanz."
2162786,5927574,50,50,58,0,0,0,0,2002,81649,81149,81456,False,"Der Verirrte Grundherr","Von Gipfeln der Wallenden Nebel betete ich für das Land, wie es dalag in seiner ganzen Schönheit. Und was ich erblickte, wird die Barden bis ans Ende aller Tage inspirieren zu Liedern und Weisen.","Dieser Koloss erhebt sich auf einer Insel gleich neben Grünwarte. Den Namen erhielt er von den Mogrys, die glaubten, dass die Statue den „König der Bodenbewohner“ darstellt. Doch niemand weiß, ob die Statue ein bloßes Kunstwerk ist oder eine tatsächliche Person abbildet."
2162787,5959944,50,50,22,0,0,0,0,2002,81650,81150,81456,False,"Haus der Blätter","Von den Gipfeln der Wallenden Nebel blickte ich herab auf das Land, wie es dalag in seiner ganzen Schönheit. Und was ich erblickte, wird die Barden bis ans Ende aller Tage inspirieren zu Liedern und Weisen.","Die eintausend Jahre alten Ruinen eines Turms, der vor dem Krieg von Drachen und Ishgardern errichtet wurde. Selbst jetzt, da er in Trümmern liegt, lassen sich noch die Buchstaben seiner Wandinschriften erkennen. Die Mogry gaben diesem Ort seinen Namen, denn die Inschriften, die sie nicht entziffern konnten, erinnerten sie an die Blätter eines Briefes."
2162788,5959946,50,50,22,0,0,0,0,2002,81651,81151,81456,False,"Drachen<hex:02160103>korridor","Von den Gipfeln der Wallenden Nebel blickte ich herab auf das Land, wie es dalag in seiner ganzen Schönheit. Und was ich erblickte, wird die Barden bis ans Ende aller Tage inspirieren zu Liedern und Weisen.","Der Drachen<hex:02160103>korridor war einst ein Zugang zum Himmel - ein geschäftiger Ort, an dem Reisende auf abgerichteten Wyvern in die Lüfte stiegen und landeten. Dieser Tage landen hier nur noch Diener Nidhoggs."
2162789,5927575,50,50,22,0,0,0,0,2100,81671,81171,81457,False,"Camp Wolkenwipfel","Von den Höhen des Wolkenmeeres blickte ich herab auf das Land, wie es dalag in seiner ganzen Schönheit. Und was ich erblickte, wird die Barden bis ans Ende aller Tage inspirieren zu Liedern und Weisen.","Ein Außenposten, der mit den Rosenkavalleristen des Hauses Haillenarte bemannt ist, die unablässig Ausschau nach Angreifern aus Dravania halten. Der ganze Stolz des Postens ist die <hex:021A020203>Protektor<hex:021A020103>, ein gewaltiges Luftschiff, das den Ishgardern einen erheblichen Vorteil im Luftkampf verschaffen könnte, wenn es nur vollständig einsatzfähig wäre."
2162790,5927576,50,50,13,0,0,0,0,2100,81672,81172,81457,False,"Das Genist","In den Höhen des Wolkenmeeres erlaubte ich mir einen Augenblick der Müdigkeit. Und was ich beim Aufwachen erblickte, wird die Barden bis ans Ende aller Tage inspirieren zu Liedern und Weisen.","Große Wandervögel nisten hier während ihres Zugs vom Nahen Osten nach Eorzea und zurück. Jungvögel, die in den tückischen Winden des Wolkenmeeres flügge werden, meistern den Rest der Wegstrecke ohne Probleme."
2162791,5927577,50,50,22,0,0,0,0,2100,81673,81173,81457,False,"Voor Sian Siran","Von den Höhen des Wolkenmeeres blickte ich herab auf das Land, wie es dalag in seiner ganzen Schönheit. Und was ich erblickte, wird die Barden bis ans Ende aller Tage inspirieren zu Liedern und Weisen.","Eine Wasserquelle, genährt von der Feuchtigkeit der Luft und mannshohen Was<hex:02160103>ser<hex:02160103>kris<hex:02160103>tal<hex:02160103>len. Der Ritter, der sie zuerst erblickte, teilte seine wundersame Entdeckung mit einem Barden, der die Erscheinung in einer umgehend komponierten Ballade mit dem legendären Paradies von Voor Sian Siran verglich."
2162792,5927578,50,50,22,0,0,0,0,2100,81674,81174,81457,False,"Mok Oogl","Von den Höhen des Wolkenmeeres blickte ich herab auf das Land, wie es dalag in seiner ganzen Schönheit. Und was ich erblickte, wird die Barden bis ans Ende aller Tage inspirieren zu Liedern und Weisen.","Der Name der Insel bedeutet in der Sprache der Vanu Vanu so viel wie „Klang der Höhe“. Das mit einem Mogry-Symbol versehene Monument ist ein Rätsel, haben die flatternden Kreaturen doch nie diese Insel bewohnt."
2162793,5927579,50,50,22,0,0,0,0,2100,81675,81175,81457,False,"Haus der Gefallenen Feder","Von den Höhen des Wolkenmeeres blickte ich herab auf das Land, wie es dalag in seiner ganzen Schönheit. Und was ich erblickte, wird die Barden bis ans Ende aller Tage inspirieren zu Liedern und Weisen.","Eine der heiligsten Stätten der Vanu Vanu. Hier soll eine einzelne Feder des Primae Bismarck vom Himmel gefallen und den Boden berührt haben. Der Älteste des aggressiven Stammes der Vundo hat diesen Ort zu seinem Sitz gemacht und herrscht von hier aus mit eiserner Kralle."
2162794,5959948,50,50,22,0,0,0,0,2100,81676,81176,81457,False,"Ok' Vundo Vana","Von den Höhen des Wolkenmeeres blickte ich herab auf das Land, wie es dalag in seiner ganzen Schönheit. Und was ich erblickte, wird die Barden bis ans Ende aller Tage inspirieren zu Liedern und Weisen.","Grob übersetzt „hohes Dorf der Vundo“ - und tatsächlich ist dieses Dorf Heimat des aggressiven Stammes der Vundo. Diese Vanu Vanu glauben, dass die Stimmen derer, die den höchsten Punkt im Himmel bewohnen, vom Herrscher der Wolken, Bismarck, erhört werden."
2162795,5959950,50,50,22,0,0,0,0,2100,81677,81177,81457,False,"Hengrs Schmelztiegel","Von den Höhen des Wolkenmeeres blickte ich herab auf das Land, wie es dalag in seiner ganzen Schönheit. Und was ich erblickte, wird die Barden bis ans Ende aller Tage inspirieren zu Liedern und Weisen.","Die merkwürdig geformte Insel am östlichen Rand des Wolkenmeers ist nach der Hexe Hengr benannt, einer coerthischen Märchengestalt, und soll ihrem Kessel ähnlich sehen. In letzter Zeit haben sich hier die sehr territorialen Tokotokos niedergelassen, die ihr neues Revier erbittert verteidigen."
2162796,5927586,50,50,22,0,0,0,0,2001,81638,81138,81456,False,"Arkhitekton","Von den Höhen des Dravanischen Hinterlands blickte ich herab auf das Land, wie es dalag in seiner ganzen Schönheit. Und was ich erblickte, wird die Barden bis ans Ende aller Tage inspirieren zu Liedern und Weisen.","Einst bauten die Sharlayaner Ätheryten in dieser Werkstatt, doch nun wird sie von den berüchtigten Goblins der Indigohand bewohnt, die die technischen Hin<hex:02160103>ter<hex:02160103>lass<hex:02160103>en<hex:02160103>schaf<hex:02160103>ten für ihre diabolischen Pläne missbrauchen."
2162797,5927587,50,50,22,0,0,0,0,2001,81639,81139,81456,False,"Akademie-Viertel","Von den Höhen des Dravanischen Hinterlands blickte ich herab auf das Land, wie es dalag in seiner ganzen Schönheit. Und was ich erblickte, wird die Barden bis ans Ende aller Tage inspirieren zu Liedern und Weisen.","Diese verlassene Siedlung der Sharlayaner erstreckt sich am Westufer des Flusses Thaliak. Sie beherbergt das Sankt Mocianne-Arboretum und war ein Zentrum für Bildung und Wissenschaft. Sie geht zurück auf die Städte des Lernens, die in längst vergangenen Zeiten existierten."
2162798,5927588,50,50,22,0,0,0,0,2001,81640,81140,81456,False,"Zenotaph","Von den Höhen des Dravanischen Hinterlands blickte ich herab auf das Land, wie es dalag in seiner ganzen Schönheit. Und was ich erblickte, wird die Barden bis ans Ende aller Tage inspirieren zu Liedern und Weisen.","Ein steil emporragender Monolith, der in Erinnerung an die großen Denker einstiger Tage errichtet wurde, deren Theorien Eorzea maßgeblich geprägt haben. Zusammen mit dem Sharlayaner Motto „Wissen suchet nicht den Geist“ sind die Namen zahlloser Gelehrter in den Stein gemeißelt."
2162799,5927589,50,50,22,0,0,0,0,2001,81641,81141,81456,False,"Kippender Krug","Von den Höhen des Dravanischen Hinterlands blickte ich herab auf das Land, wie es dalag in seiner ganzen Schönheit. Und was ich erblickte, wird die Barden bis ans Ende aller Tage inspirieren zu Liedern und Weisen.","Der Ort, an dem zahlreiche Schmelzwasserläufe aus Abalathias Rückgrat hervortreten, die Hänge hinablaufen und schließlich zum mächtigen Thaliak-Fluss zusammenfließen. Der Name leitet sich von dem Krug des Gottes Thaliak ab, aus dem sich der Fluss der Weisheit ergoss."
2162800,5927590,50,50,22,0,0,0,0,2001,81642,81142,81456,False,"Große Gubal-Bibliothek","Von den Höhen des Dravanischen Hinterlands blickte ich herab auf das Land, wie es dalag in seiner ganzen Schönheit. Und was ich erblickte, wird die Barden bis ans Ende aller Tage inspirieren zu Liedern und Weisen.","Eine gigantische Bibliothek, die die Sharlayaner bauten, um all das Wissen zu horten, das sie während ihrer Reisen durch Eorzea gesammelt hatten. Viele Schriften nahmen die Bibliotheksherren beim großen Auszug mit zurück in ihre Heimat, doch noch immer sollen verbotene Bücher in einer versiegelten Kammer in den Kellern des Gebäudes schlummern."
2162801,5959952,50,50,22,0,0,0,0,2001,81643,81143,81456,False,"Orn-Busch","Von den Höhen des Dravanischen Hinterlands blickte ich herab auf das Land, wie es dalag in seiner ganzen Schönheit. Und was ich erblickte, wird die Barden bis ans Ende aller Tage inspirieren zu Liedern und Weisen.","Ein urzeitlicher Wald, der sich im nördlichen Teil des Dravanischen Hinterlands erstreckt. Die üppige Natur wird gespeist von den klaren Wassern des Thaliak-Flusses. Fast gänzlich unberührt, stellen die wilden Tiere in dieser Region ein ernstes Hindernis für jeden dar, der Sharlayan ohne Abstecher durch das Vorland erreichen möchte."
2162802,5959954,50,50,22,0,0,0,0,2001,81644,81144,81456,False,"Sankt Mocianne-Arboretum","Von den Höhen des Dravanischen Hinterlands blickte ich herab auf das Land, wie es dalag in seiner ganzen Schönheit. Und was ich erblickte, wird die Barden bis ans Ende aller Tage inspirieren zu Liedern und Weisen.","Dieser botanische Garten der Sharlayaner beherbergte einst Flora und Fauna aus allen Teilen Eorzeas, deren Erforschung uns viele wertvolle Erkenntnisse über die Natur lieferte. Doch seit dem großen Auszug ist das Arboretum verlassen und verwilderte über die Jahre."
2162803,5927581,50,50,22,0,0,0,0,2101,81678,81178,81457,False,"Die <hex:021A020203>Gration<hex:021A020103>","Vom Gipfel des Azys Lla blickte ich herab auf das Land, wie es dalag in seiner ganzen Schönheit. Und was ich erblickte, wird die Barden bis ans Ende aller Tage inspirieren zu Liedern und Weisen.","Das Flaggschiff der VI. Legion der Garlear war ein Schwesternschiff der abgestürzten <hex:021A020203>Agrius<hex:021A020103>. Auch die <hex:021A020203>Gration<hex:021A020103> beherrscht nicht länger die Lüfte, sondern liegt funktionsuntüchtig am Boden, wo Shiva sie mit ihrem Eis fesselte."
2162804,5927582,50,50,22,0,0,0,0,2101,81679,81179,81457,False,"Die Fraktal-Kontinuum","Vom Gipfel des Azys Lla blickte ich herab auf das Land, wie es dalag in seiner ganzen Schönheit. Und was ich erblickte, wird die Barden bis ans Ende aller Tage inspirieren zu Liedern und Weisen.","Ein mächtiges Kriegsschiff, das zu einem Museum umfunktioniert wurde, um wichtige Errungenschaften aus der tausend Jahre währenden allagischen Herrschaft aufzubewahren. Von Alltagswerkzeugen bis hin zu fortschrittlicher militärischer Technologie sind die Ausstellungsstücke ein Zeugnis der technischen Fortschrittlichkeit und des immensen Wohlstandes der gefallenen Nation."
2162805,5927583,50,50,22,0,0,0,0,2101,81680,81180,81457,False,"Antithese","Vom Gipfel des Azys Lla blickte ich herab auf das Land, wie es dalag in seiner ganzen Schönheit. Und was ich erblickte, wird die Barden bis ans Ende aller Tage inspirieren zu Liedern und Weisen.","Hier lebt Tiamat, einer der sieben Hohen Drachen und direkter Nachkomme von Midgardsormr. Besiegt und gefesselt von den Allagern, bedauert das Drachenweibchen noch immer die schicksalsschwere Entscheidung, seinen verstorbenen Geliebten Bahamut als Primae beschworen zu haben, nur damit dieser ebenfalls in allagische Gefangenschaft geriet."
2162806,5927584,50,50,22,0,0,0,0,2101,81681,81181,81457,False,"Ätherochemisches For<hex:02160103>schungs<hex:02160103>labor","Vom Gipfel des Azys Lla blickte ich herab auf das Land, wie es dalag in seiner ganzen Schönheit. Und was ich erblickte, wird die Barden bis ans Ende aller Tage inspirieren zu Liedern und Weisen.","Eine alte allagische Forschungseinrichtung, in der Experimente zur Kontrolle von Drachen und Primae durchgeführt wurden. Noch immer streifen Wesen aus gescheiterten Versuchen durch die ansonsten verlassenen Gänge."
2162807,5927585,50,50,22,0,0,0,0,2101,81682,81182,81457,False,"Helix","Vom Gipfel des Azys Lla blickte ich herab auf das Land, wie es dalag in seiner ganzen Schönheit. Und was ich erblickte, wird die Barden bis ans Ende aller Tage inspirieren zu Liedern und Weisen.","Ein großangelegter Hafen inmitten der Trümmer von Azys Lla. Wie das Wegleitsystem erklärt, war dies einer der wenigen Häfen, an dem die gigantischen Luftschiffe der Ragnarok-Klasse anlegen konnten. Die Überreste der Andockringe, die heute noch existieren, lassen ihre einstige Pracht nur erahnen."
2162808,5959957,50,50,22,0,0,0,0,2101,81683,81183,81457,False,"Quarantäne-Block","Vom Gipfel des Azys Lla blickte ich herab auf das Land, wie es dalag in seiner ganzen Schönheit. Und was ich erblickte, wird die Barden bis ans Ende aller Tage inspirieren zu Liedern und Weisen.","Diese fliegende Insel in einer abgelegenen Ecke von Azys Lla diente dazu, gefährliche Hybridwesen zu isolieren, die die Experimente der Allager hervorbrachten. Historische Auf<hex:02160103>zeich<hex:02160103>nun<hex:02160103>gen deuten darauf hin, dass auf der Insel ursprünglich Kreuzungen von Pflanzen vorgenommen wurden. "
2162809,5959961,50,50,22,0,0,0,0,2101,81684,81184,81457,False,"Rekombinations-Sektor","Vom Gipfel des Azys Lla blickte ich herab auf das Land, wie es dalag in seiner ganzen Schönheit. Und was ich erblickte, wird die Barden bis ans Ende aller Tage inspirieren zu Liedern und Weisen.","Eine allagische Forschungseinrichtung, die zahllose Hybridwesen hervorgebracht hat. Wer sie heute besucht, wird sich des Eindrucks nicht erwehren können, dass das Wegleitsystem und seine Behauptung, die hiesigen Kreaturen seien völlig ungefährlich, eine Aktualisierung dringendst nötig hätten."
2162810,6139045,50,50,34,0,0,0,0,2200,81593,81093,81454,False,"Die Pike","Von den Gipfeln des westlichen Hochlands von Coerthas blickte ich herab auf das Land, wie es dalag in seiner ganzen Schönheit. Und was ich erblickte, wird die Barden bis ans Ende aller Tage inspirieren zu Liedern und Weisen.","Dieser gewaltigen Steinskulptur, die den ersten Azur-Drachenreiter Haldrath darstellt, widmete die Steinmetzin Percelle die letzten dreißig Jahre ihres Lebens. Das monumentale Werk überblickt seit mehr als 150 Jahren die Landschaft und auch heute noch findet sich kein anderes Kunstwerk, das einen Gründer Ishgards zelebriert und auf derart aufopferungsvolle Weise erschaffen wurde."
2162811,6139049,50,50,22,0,0,0,0,2200,81594,81094,81454,False,"Schwarzeisen-Brücke","Von den Gipfeln des westlichen Hochlands von Coerthas blickte ich herab auf das Land, wie es dalag in seiner ganzen Schönheit. Und was ich erblickte, wird die Barden bis ans Ende aller Tage inspirieren zu Liedern und Weisen.","Die Brücke, welche Teil der Verbindungsstraße zwischen Ishgard und der Abendrot-Wacht ist, dient als beeindruckender Beweis für die handwerklichen und technischen Fä<hex:02160103>hig<hex:02160103>kei<hex:02160103>ten des Hauses Dzemael. Obwohl zum großen Teil aus massivem Stein gehauen, erhielt sie ihren Namen von den schweren schwarzen Eisenketten, die die Brücke tragen und sogar der sengenden Hitze eines Drachenodems standhalten sollen."
2162812,6139057,50,50,52,0,0,0,0,2200,81595,81095,81454,False,"Drachengeifer","Von den Gipfeln des westlichen Hochlands von Coerthas blickte ich herab auf das Land, wie es dalag in seiner ganzen Schönheit. Und was ich erblickte, wird die Barden bis ans Ende aller Tage inspirieren zu Liedern und Weisen.","Dieser Ort verdankt seinen klangvollen Namen dem Umstand, dass die Hitze seiner heißen Quellen der eines Drachenatems in nichts nachstehen soll. Die coerthische Tierwelt erfreut sich nicht selten an den wärmespendenden Wassertümpeln, umso mehr seit die Katastrophe die erbarmungslosen winterlichen Temperaturen zur eisigen Regel machten."
2162813,6139066,50,50,23,0,0,0,0,2200,81596,81096,81454,False,"Schieferzinnen","Von den Gipfeln des westlichen Hochlands von Coerthas blickte ich herab auf das Land, wie es dalag in seiner ganzen Schönheit. Und was ich erblickte, wird die Barden bis ans Ende aller Tage inspirieren zu Liedern und Weisen.","Die Berge an den Grenzen von Coerthas galten einst als ergiebige Quelle für hochwertigen Schiefer. Vor drei Jahren versuchten Ritter des Hauses Dzemael, in den Klippen einen vorgelagerten Stützpunkt Ishgards zu errichten, und zogen damit den Zorn des Drachen Cuelebre und seiner Brut auf sich. Ihre Überreste liegen noch heute zwischen den schneebedeckten Felsen, auf Ewigkeiten konserviert in der eisigen Höhenluft des Gebirges."
2162814,6140318,50,50,22,0,0,0,0,2000,81652,81152,81456,False,"Der Weiland","Von den Gipfeln des Dravanischen Vorlands blickte ich herab auf das Land, wie es dalag in seiner ganzen Schönheit. Und was ich erblickte, wird die Barden bis ans Ende aller Tage inspirieren zu Liedern und Weisen.","Dieser heute gemächlich dahinziehende Fluss soll laut örtlichen Jägern einst rot vom Blut der Drachen und ihrer Gegner gefärbt gewesen sein. Die Leute, die sich mit den Drachen verbrüdern, lehnen diese Interpretation des Namens ab und sehen den Fluss stattdessen als Symbol der vergangenen Zeit, seit sich die Wege von Drachen und Sterblichen trennten."
2162815,6140320,50,50,22,0,0,0,0,2000,81653,81153,81456,False,"Loth ast Vath","Von den Gipfeln des Dravanischen Vorlands blickte ich herab auf das Land, wie es dalag in seiner ganzen Schönheit. Und was ich erblickte, wird die Barden bis ans Ende aller Tage inspirieren zu Liedern und Weisen.","Der Teil der Gnath, die aus der Kolonie verstoßen wurden und sich die Vath nennen, errichtete Loth ast Vath als ihre Zufluchtstätte. Sie stehen mit dem Bindenden gedanklich nicht länger in Kontakt, weshalb sie sich auch die Unverbundenen nennen."
2162816,6140322,50,50,22,0,0,0,0,2000,81654,81154,81456,False,"Knirschende Kiesel","Von den Gipfeln des Dravanischen Vorlands blickte ich herab auf das Land, wie es dalag in seiner ganzen Schönheit. Und was ich erblickte, wird die Barden bis ans Ende aller Tage inspirieren zu Liedern und Weisen.","Die Knirschenden Kiesel sind alles, was von einer einst bedeutenden Handelsstraße übriggeblieben ist. Mancher Jäger aus Fiederhag ärgerte sich schon über die unter den Stiefeln knirschenden losen Steine, deren Geräusch auch weniger schreckhafte Beute zur Flucht veranlasst."
2162817,6140325,50,50,22,0,0,0,0,2000,81655,81155,81456,False,"Dannen-Weg","Von den Gipfeln des Dravanischen Vorlands blickte ich herab auf das Land, wie es dalag in seiner ganzen Schönheit. Und was ich erblickte, wird die Barden bis ans Ende aller Tage inspirieren zu Liedern und Weisen.","Diese Straße zum Trinär-Annex wurde ursprünglich Dran Errn genannt, was soviel wie „Weg der Drachen und der Fünf Völker“ bedeutet, doch durch die schwierige Aussprache wurde der Name mit der Zeit zu „Dannen“ verschliffen. Heute erinnern sich nur noch die Drachen an seine versöhnliche Bedeutung."
2162818,6140655,50,50,58,0,0,0,0,2002,81659,81159,81456,False,"Der namenlose Drache","Von den Gipfeln der Wallenden Nebel blickte ich herab auf das Land, wie es dalag in seiner ganzen Schönheit. Und was ich erblickte, wird die Barden bis ans Ende aller Tage inspirieren zu Liedern und Weisen.","Eine einsame Statue eines Drachen im südöstlichen Winkel der Wallenden Nebel. Ihr Ursprung ist unbekannt, doch trägt der Sockel eine Inschrift, die lautet: „In Erinnerung an deine heldenhaften Saphir-Schwingen“."
2162819,6140660,50,50,22,0,0,0,0,2002,81660,81160,81456,False,"Grundherren-Kolonie","Von den Gipfeln der Wallenden Nebel blickte ich herab auf das Land, wie es dalag in seiner ganzen Schönheit. Und was ich erblickte, wird die Barden bis ans Ende aller Tage inspirieren zu Liedern und Weisen.","Eine der vielen blühenden Kolonien, die nach dem Verrat Thordans von dem rasenden Nidhogg verwüstet wurden. Die Mogrys erinnern sich daran, dass die Ruinen einst von einem „auf dem Grund wandelnden Herren“ bewohnt wurden, doch da sämtliche Dokumente in den Attacken der Drachen vernichtet wurden, bleibt dessen Identität ein Rätsel."
2162820,6140662,50,50,22,0,0,0,0,2002,81661,81161,81456,False,"Einbaum","Von den Gipfeln der Wallenden Nebel blickte ich herab auf das Land, wie es dalag in seiner ganzen Schönheit. Und was ich erblickte, wird die Barden bis ans Ende aller Tage inspirieren zu Liedern und Weisen.","Für die Mogrys ist dieser Baum der Urvater aller Pflanzen in den Wallenden Nebeln. Der Einbaum soll so alt sein, dass er sich einer Zeit erinnert, die vor der eintausend Jahre alten Blutfehde zwischen den Drachen und den Bewohnern Ishgards liegt."
2162821,6140665,50,50,22,0,0,0,0,2100,81685,81185,81457,False,"Kaltwind","Von den Gipfeln des Wolkenmeers blickte ich herab auf das Land, wie es dalag in seiner ganzen Schönheit. Und was ich erblickte, wird die Barden bis ans Ende aller Tage inspirieren zu Liedern und Weisen.","In einer Zeit, als der Zundu-Stamm noch nicht in Aggression verfallen war, fragten die Rosenkavalleristen den Häuptling nach dem Namen der im Nordwesten von Ok' Zundu liegenden Insel, und er antwortete vanu-typisch: „kleine Insel mit kaltem Wind aus Coerthas-Bergen darunter“. Die Ritter hielten eine Verkürzung für angebracht und nannten die Insel schlicht „Kaltwind“."
2162822,6140675,50,50,22,0,0,0,0,2100,81686,81186,81457,False,"Der Gebrochene Rücken","Von den Gipfeln des Wolkenmeers blickte ich herab auf das Land, wie es dalag in seiner ganzen Schönheit. Und was ich erblickte, wird die Barden bis ans Ende aller Tage inspirieren zu Liedern und Weisen.","Die starken jahreszeitlichen Winde, die vom Norden herunterwehen, haben den Felsen dieser schwebenden Insel ihre eigentümliche Form gegeben. Die Ritter Ishgards fühlten sich an die Überreste eines gewaltigen Biests erinnert und tauften die Insel auf ihren jetzigen Namen."
2162823,6140678,50,50,22,0,0,0,0,2100,81687,81187,81457,False,"Erste Wiege","Von den Gipfeln des Wolkenmeers blickte ich herab auf das Land, wie es dalag in seiner ganzen Schönheit. Und was ich erblickte, wird die Barden bis ans Ende aller Tage inspirieren zu Liedern und Weisen.","Als Marielle den Rosenkavallaristen von Camp Wolkenwipfel zugeteilt wurde, erspähte sie diese herzförmige Insel bereits vom Deck ihres ersten Transportluftschiffs aus. Ihre romantische Seite sah darin einen Ort, an dem sich zwei Liebende niederlassen und eine Familie gründen würden, und so war der Name geboren."
2162824,6140687,50,50,22,0,0,0,0,2001,81656,81156,81456,False,"Thaliaks Katarakt","Von den Gipfeln des Dravanischen Hinterlandes blickte ich herab auf das Land, wie es dalag in seiner ganzen Schönheit. Und was ich erblickte, wird die Barden bis ans Ende aller Tage inspirieren zu Liedern und Weisen.","Auf seinem schlängelnden Weg in den Orn-Busch ergießt sich der Thaliak in einen tosenden Wasserfall. In der Ver<hex:02160103>gangen<hex:02160103>heit bewiesen sich tollkühne Jünglinge ihren Mut, indem sie möglichst nah an den Rand des reißenden Sogs schwammen, ohne von ihm erfasst und über die Klippe gespült zu werden. Erst ein strenges Schwimmverbot bereitete dem leichtsinnigen Treiben und den vielen tragischen Unfällen ein Ende."
2162825,6140689,50,50,22,0,0,0,0,2001,81657,81157,81456,False,"Pfad des Wissens","Von den Gipfeln des Dravanischen Hinterlandes blickte ich herab auf das Land, wie es dalag in seiner ganzen Schönheit. Und was ich erblickte, wird die Barden bis ans Ende aller Tage inspirieren zu Liedern und Weisen.","Diese kolossale Brücke war einst eine geschäftige Lebensader, auf der Forscher, Studenten und Kuratoren auf ihrem Weg zur Großen Gubal-Bibliothek verkehrten. Auch ihre mächtigen Steinsäulen konnten den gewaltigen Landverschiebungen während der Siebten Katastrophe nicht standhalten - die Zerstörungen bleiben bis heute unrepariert."
2162826,6140691,50,50,22,0,0,0,0,2001,81658,81158,81456,False,"Die Dolche","Von den Gipfeln des Dravanischen Hinterlandes blickte ich herab auf das Land, wie es dalag in seiner ganzen Schönheit. Und was ich erblickte, wird die Barden bis ans Ende aller Tage inspirieren zu Liedern und Weisen.","Eine Region des Hinterlands, aus deren Boden spitze Steinsäulen wie Dolche herausragen. Sharlayans Gelehrte debattierten lei<hex:02160103>den<hex:02160103>schaft<hex:02160103>lich gerne darüber, ob der Name nicht zu einfach und umgangssprachlich war, doch wurde nie über einen neuen Namen abgestimmt, da die Liste der Namensänderungsanträge bald die Anzahl der Steinsäulen überstieg."
2162827,6140698,50,50,22,0,0,0,0,2101,81688,81188,81457,False,"Kristall-Zentrifugalreaktor","Vom Gipfel des Azys Lla blickte ich herab auf das Land, wie es dalag in seiner ganzen Schönheit. Und was ich erblickte, wird die Barden bis ans Ende aller Tage inspirieren zu Liedern und Weisen.","Die unaufhörlich rotierende Maschine nutzte die Energie der in ihrem Inneren gefangenen Kriegstriade, um die aus den Chimärenexperimenten gewonnene Lebenskraft in synthetische Kristalle zu formen. Diese künstlichen Kristallsplitter nährten sodann die Kultivierung weiterer Chimären und gaben so Hoffnung auf die Entwicklung einer un<hex:02160103>er<hex:02160103>schöpf<hex:02160103>li<hex:02160103>chen Energiequelle."
2162828,6140704,50,50,22,0,0,0,0,2101,81689,81189,81457,False,"Biomasse-Inkubator","Vom Gipfel des Azys Lla blickte ich herab auf das Land, wie es dalag in seiner ganzen Schönheit. Und was ich erblickte, wird die Barden bis ans Ende aller Tage inspirieren zu Liedern und Weisen.","Eine Forschungseinrichtung zur Erprobung von Chimärenspleißverfahren. Ihre Errichtung war eine der „experimentellen Vorstöße“ der Etherochemischen Versuchseinrichtung Alpha (EVA), die der Kultivierung lebender Prototypen gewidmet war. Das in der Nähe liegende Mutagenese-Areal gehört ebenfalls zum Inkubator."
2162829,6140707,50,50,22,0,0,0,0,2101,81690,81190,81457,False,"Kathedrale","Vom Gipfel des Azys Lla blickte ich herab auf das Land, wie es dalag in seiner ganzen Schönheit. Und was ich erblickte, wird die Barden bis ans Ende aller Tage inspirieren zu Liedern und Weisen.","Eine Kathedrale im meracydischen Baustil. Aufgrund der besonderen Architektur wird vermutet, dass der Bau einem Stamm baumartiger Wesen, die sich selbst als Abkömmlinge Sephirots verstanden, als Gebetshaus diente. Um den Zusammenhang zwischen Glauben und der Beschwörung von Primae zu erforschen, verlagerten die Allager das uralte Gebäude von seinem ursprünglichen Standort auf dem südlichen Kontinent nach Azys Lla."
2162830,6906521,60,60,22,0,0,0,0,2406,81601,81101,81458,False,"Castellum Velodyna","Beim Durchstreifen des Abanischen Grenzlands gelangte ich an einen spektakulären Aussichtspunkt. Und was ich erblickte, wird die Barden bis ans Ende aller Tage inspirieren zu Liedern und Weisen.","Auf einer Brücke über den Velodyna errichtet, dient diese Befestigung den Garlearn als wichtiger Knotenpunkt für ihre Nachschubwege. Sie verbindet ihre militärischen Einrichtungen im Osten mit dem Baelsar-Wall im Westen. Inmitten der Anlage ragt ein Turm gen Himmel, an dem Luftschiffe anlegen können."
2162831,6906704,60,60,22,0,0,0,0,2406,81602,81102,81458,False,"Gyr Kehim","Beim Durchstreifen des Abanischen Grenzlands gelangte ich an einen spektakulären Aussichtspunkt. Und was ich erblickte, wird die Barden bis ans Ende aller Tage inspirieren zu Liedern und Weisen.","Ein Kloster, das vor ungefähr drei Jahrhunderten von Heimart, einem Hohepriester des Ordens der Faust, gegründet wurde. Zur Zeit der uralten Mhach-Kultur bedeutete der Name „Eigene Luftspiegelung“. Die Namensgebung lässt sich wohl mit dem Training der Mönche begründen, die ihr inneres Ich überkommen müssen, um Meister über Körper und Geist zu werden."
2162832,6906707,60,60,22,0,0,0,0,2406,81603,81103,81458,False,"Schisma","Beim Durchstreifen des Abanischen Grenzlands gelangte ich an einen spektakulären Aussichtspunkt. Und was ich erblickte, wird die Barden bis ans Ende aller Tage inspirieren zu Liedern und Weisen.","Vor langer Zeit wollte ein Mann dem Gott der Zerstörung näherkommen und begann, mit seinen Fäusten auf eine Felswand einzuschlagen. Nach jahrelangen, fast pausenlosen Schlägen war es ihm gelungen, eine große Aushöhlung im Gestein zu formen. Diese namenlose Seele wird als erster Mönch des Ordens der Faust verehrt und in seiner Höhle wurde ein Tempel errichtet."
2162833,6906712,60,60,22,0,0,0,0,2406,81604,81104,81458,False,"Castrum Oriens","Beim Durchstreifen des Abanischen Grenzlands gelangte ich an einen spektakulären Aussichtspunkt. Und was ich erblickte, wird die Barden bis ans Ende aller Tage inspirieren zu Liedern und Weisen.","Dieses Bollwerk wurde von den Garlearn ursprünglich als Stützpunkt errichtet, von dem aus der Bau des Baelsar-Walls vorangetrieben werden sollte. Nach der Siebten Katastrophe wurde es im Zuge Gaius' erneuter Invasionsbestrebungen vollständig zu einem Castrum ausgebaut. Derzeit steht es unter Kontrolle der Bruderschaft der Morgenviper und Truppen der Allianz sind darin stationiert."
2162834,6906714,60,60,22,0,0,0,0,2406,81605,81105,81458,False,"Dysterwaldt","Beim Durchstreifen des Abanischen Grenzlands gelangte ich an einen spektakulären Aussichtspunkt. Und was ich erblickte, wird die Barden bis ans Ende aller Tage inspirieren zu Liedern und Weisen.","Ein unheimliches Waldstück im Süden von Ostend. Der aus dem Timmonbach und unzähligen unterirdischen Quellen aufsteigende Wasserdampf bildet hier ständig einen dichten Nebel, der nur wenige Lichtstrahlen durchlässt, sodass es selbst zur Mittagszeit so dunkel wie am Abend ist."
2162835,6906738,60,60,22,0,0,0,0,2406,81606,81106,81458,False,"Djanan Qhat","Beim Durchstreifen des Abanischen Grenzlands gelangte ich an einen spektakulären Aussichtspunkt. Und was ich erblickte, wird die Barden bis ans Ende aller Tage inspirieren zu Liedern und Weisen.","Ein unverkennbares Bauwerk, das die Ananta aus Lehm erschufen. Unter dieser Burg verborgen liegt ein Altar, vor dem die Ananta Lakshmi verehren - ihre Göttin des Glücks und der Schönheit. Nicht verwunderlich ist daher der Name der Burg, der in der Sprache der Ananta „Bett der Mutter“ bedeutet. Zurzeit ist sie vom Qalyana-Stamm okkupiert."
2162836,6906744,60,60,22,0,0,0,0,2406,81607,81107,81458,False,"Die Spähenden Steine","Beim Durchstreifen des Abanischen Grenzlands gelangte ich an einen spektakulären Aussichtspunkt. Und was ich erblickte, wird die Barden bis ans Ende aller Tage inspirieren zu Liedern und Weisen.","Auf diesem Felsen liegt das Heimatdorf der M, des Murmelhörnchen-Stammes. Die Position gewährt den Bewohnern einen Blick auf das gesamte umliegende Territorium und weder Eindringlinge noch Beute bleiben unbemerkt. Da die Garlear Jägervölker als Wilde betrachten, ist die Zeit unter der Herrschaft des Kaiserreichs für die M eine Zeit großen Leids."
2162837,6942996,60,60,22,0,0,0,0,2407,81608,81108,81458,False,"Verborgene Tränen","Beim Durchstreifen der Zinnen gelangte ich an einen spektakulären Aussichtspunkt. Und was ich erblickte, wird die Barden bis ans Ende aller Tage inspirieren zu Liedern und Weisen.","An diesem Schrein werden die Verstorbenen verehrt. Das Rauschen des Wasserfalls dämpft die Wehklagen und die Gischt der herabstürzenden Wassermassen kaschiert die Tränen der Trauernden. Unter garleischer Herrschaft wurden religiöse Bräuche jedoch verboten und lange Zeit war es nicht möglich, hier eine Totenandacht durchzuführen, um der Toten zu gedenken."
2162838,6943051,60,60,22,0,0,0,0,2407,81609,81109,81458,False,"Kaltherd","Beim Durchstreifen der Zinnen gelangte ich an einen spektakulären Aussichtspunkt. Und was ich erblickte, wird die Barden bis ans Ende aller Tage inspirieren zu Liedern und Weisen.","Verborgen in einem vergessenen Winkel der Zinnen liegt dieser verschlafene Weiler, dessen Nachwuchs seit jeher zu Söldnern ausgebildet wird. Da das umliegende Land arm an Schätzen ist, ziehen die Jugendlichen aus, um in der Ferne ihre Kampfkünste für bare Münze anzubieten - der bekannteste unter ihnen ist sicherlich Raubahn Aldynn, der Bulle von Ala Mhigo."
2162839,6943057,60,60,22,0,0,0,0,2407,81610,81110,81458,False,"Nyunkrepfs Rettung","Beim Durchstreifen der Zinnen gelangte ich an einen spektakulären Aussichtspunkt. Und was ich erblickte, wird die Barden bis ans Ende aller Tage inspirieren zu Liedern und Weisen.","Als die Sechste Katastrophe über Eorzea hereinbrach und ein Großteil des Kontinents überflutet wurde, baute ein Mann namens Nyunkrepf aus dem hohen Norden dieses Schiff, mit dem unzählige Seelen gerettet wurden. Durch Magie wurde es letztlich an seinen jetzigen Ruheplatz transportiert."
2162840,6943060,60,60,22,0,0,0,0,2407,81611,81111,81458,False,"Ala Gannha","Beim Durchstreifen der Zinnen gelangte ich an einen spektakulären Aussichtspunkt. Und was ich erblickte, wird die Barden bis ans Ende aller Tage inspirieren zu Liedern und Weisen.","In den nördlichen Ausläufern der Zinnen gelegen, erblühte dieses Dorf einst dank seines Steinbruchs. Die Steine wurden in keinem geringeren Bauwerk als dem Königlichen Palast in Ala Mhigo verbaut. Solch florierende Geschäfte sind heute jedoch nur noch verblasste Erinnerungen und die Dorfbewohner sehen sich mit dem Niedergang ihrer Industrie konfrontiert."
2162841,6943071,60,60,22,0,0,0,0,2407,81612,81112,81458,False,"Specula Imperatoris","Beim Durchstreifen der Zinnen gelangte ich an einen spektakulären Aussichtspunkt. Und was ich erblickte, wird die Barden bis ans Ende aller Tage inspirieren zu Liedern und Weisen.","Nachdem das Kaiserreich Gyr Abania für sich beanspruchte, ließ es diese monströsen Türme errichten. Zum ursprünglichen Wachturm gesellte sich später, in Vorbereitung auf die nächste Phase der Invasion Eorzeas, ein Kommunikationsturm, gefolgt von einem Energieturm, um die Ultima-Waffe zu aktivieren."
2162842,6943073,60,60,22,0,0,0,0,2407,81613,81113,81458,False,"Baum der Buße","Beim Durchstreifen der Zinnen gelangte ich an einen spektakulären Aussichtspunkt. Und was ich erblickte, wird die Barden bis ans Ende aller Tage inspirieren zu Liedern und Weisen.","Läutere deinen Geist, stähle dein Fleisch, erlöse deine Seele - so lehrt es der Orden „Rhalgrs Faust“. Der Tempel wurde angelehnt an dieses Dogma errichtet, sodass Bußfertige für ihre Sünden Buße tun können. Durch sieben Jahre zermürbenden Trainings an diesem Ort erlangt man die Vergebung des Zerstörers, egal was man zuvor verbrochen hat."
2162843,6943083,60,60,22,0,0,0,0,2407,81614,81114,81458,False,"Zikkurat","Beim Durchstreifen der Zinnen gelangte ich an einen spektakulären Aussichtspunkt. Und was ich erblickte, wird die Barden bis ans Ende aller Tage inspirieren zu Liedern und Weisen.","Aufgrund der Sechsten Katastrophe geriet der Ätherfluss und somit auch das Wetter komplett aus den Fugen. Um diese Störung zu korrigieren, legten die Abkömmlinge von Amdapor und Mhach ihre Streitigkeiten bei und errichteten gemeinsam dieses Bauwerk. Es soll, so sagt man, den gewundenen Ätherstrom wieder in Harmonie bringen."
2162844,6943089,60,60,22,0,0,0,0,2407,81615,81115,81458,False,"Aufbruch","Beim Durchstreifen der Zinnen gelangte ich an einen spektakulären Aussichtspunkt. Und was ich erblickte, wird die Barden bis ans Ende aller Tage inspirieren zu Liedern und Weisen.","In der Ver<hex:02160103>gangen<hex:02160103>heit wurden Mönche, die ihr Training im Tempel der Faust vollendeten, mit einer Zeremonie in diesem Kloster gewürdigt. Einst wimmelte es hier von Mönchen und Pilgern, doch seit der Tyrannen<hex:02160103>könig Theoderic es niederbrennen ließ, finden sich dort nur noch die Geister der Ver<hex:02160103>gangen<hex:02160103>heit."
2162845,6943900,60,60,22,0,0,0,0,2408,81616,81116,81458,False,"Ala Mhigo","Beim Durchstreifen des Fenns gelangte ich an einen spektakulären Aussichtspunkt. Und was ich erblickte, wird die Barden bis ans Ende aller Tage inspirieren zu Liedern und Weisen.","Nachdem er ganz Gyr Abania erobert hatte, ließ König Anshelm eine Festungsstadt errichten, die ihm als Bollwerk gegen Invasionsbestrebungen aus Ilsabard dienen sollte. Fertiggestellt im Jahre 1335 im Sechsten Zeitalter des Lichts, war sie ein Symbol des Widerstands, bis sie von den Garlearn besetzt und somit zu einem Symbol der Unterdrückung wurde. "
2162846,6943906,60,60,22,0,0,0,0,2408,81617,81117,81458,False,"Mhigisches Wohn<hex:02160103>viertel","Beim Durchstreifen des Fenns gelangte ich an einen spektakulären Aussichtspunkt. Und was ich erblickte, wird die Barden bis ans Ende aller Tage inspirieren zu Liedern und Weisen.","Ein Wohngebiet, das im Süden von Ala Mhigo liegt und errichtet wurde, um die wachsende Bevölkerung aufzunehmen. Als neuester Stadtteil liegt er relativ weit vom Königlichen Palast entfernt und sollte zu einem Sammelbecken für die Arbeiterschicht werden. Unter garleischer Herrschaft wurden dort all jene angesiedelt, die nicht das garleische Bürgerrecht besitzen."
2162847,6943909,60,60,22,0,0,0,0,2408,81618,81118,81458,False,"Sudwacht","Beim Durchstreifen des Fenns gelangte ich an einen spektakulären Aussichtspunkt. Und was ich erblickte, wird die Barden bis ans Ende aller Tage inspirieren zu Liedern und Weisen.","Dieser Wachturm wurde zum Schutz gegen mögliche Eindringlinge errichtet, die aus dem Wolkenmeer im Süden auftauchen könnten. Im Falle einer drohenden Gefahr alarmiert ein flammender Pfeil, der von der Spitze des Turms abgeschossen wird, diejenigen in der Festungsstadt. Die Garlear sahen keinen Nutzen darin und so stand er in den Jahren nach Ala Mhigos Fall leer."
2162848,6943913,60,60,58,0,0,0,0,2408,81619,81119,81458,False,"Platz der Verehrung","Beim Durchstreifen des Fenns gelangte ich an einen spektakulären Aussichtspunkt. Und was ich erblickte, wird die Barden bis ans Ende aller Tage inspirieren zu Liedern und Weisen.","Ein prächtiger Altar in Form einer Treppe, die hoch über den Seldsee führt. An der obersten Stelle stehen die Verehrer direkt der Statue von Rhalgr gegenüber. Einst ein Ort der Frömmigkeit, erlangte der Altar während der Herrschaft des Tyrannen<hex:02160103>königs Theoderic traurige Berühmtheit als Ort für blutige Hinrichtungen."
2162849,6943920,60,60,22,0,0,0,0,2408,81620,81120,81458,False,"Kanalisation","Beim Durchstreifen des Fenns gelangte ich an einen spektakulären Aussichtspunkt. Und was ich erblickte, wird die Barden bis ans Ende aller Tage inspirieren zu Liedern und Weisen.","Um Ala Mhigo mit Trinkwasser versorgen zu können, wurde Salzwasser aus dem Seldsee abgeleitet und destilliert. Diese Praxis wurde nach Ankunft der Garlear aufgegeben und durch Magitek-basierte Filtersysteme ersetzt. Die bis dahin verwendete Einrichtung wurde nutzlos und wird heutzutage nur noch selten betreten."
2162850,6943927,60,60,22,0,0,0,0,2408,81621,81121,81458,False,"Porta Praetoria","Beim Durchstreifen des Fenns gelangte ich an einen spektakulären Aussichtspunkt. Und was ich erblickte, wird die Barden bis ans Ende aller Tage inspirieren zu Liedern und Weisen.","Ehemals ein Kontrollpunkt auf der Hauptstraße nach Ala Mhigo, wurde dieser Ort zu einem Teil des neu errichteten Castrum Abania. Vor der Invasion der Garlear waren in diesem Gebiet viele Händler in den Nahen Osten unterwegs, doch die Karawanen der Kaufleute wichen Transporten der Armee."
2162851,6970191,60,60,22,0,0,0,0,2404,81701,81201,81459,False,"Sekiseigumi-Quartier","Beim Durchstreifen von Kugane gelangte ich an einen spektakulären Aussichtspunkt. Und was ich erblickte, wird die Barden bis ans Ende aller Tage inspirieren zu Liedern und Weisen.","Eine unauffällige Baracke bildet das Hauptquartier einer Art Polizeitruppe, die den Frieden in Kugane sichert. Mitglieder, die nicht im Dienst sind, entspannen sich oft im nahegelegenen Teehaus und wenn man seinen Blick nach oben richtet, kann man das unverschämt große Haupttor von Schloss Kugane bestaunen."
2162852,6970196,60,60,52,0,0,0,0,2404,81702,81202,81459,False,"Badehaus Bokairo","Beim Durchstreifen von Kugane gelangte ich an einen spektakulären Aussichtspunkt. Und was ich erblickte, wird die Barden bis ans Ende aller Tage inspirieren zu Liedern und Weisen.","Diese Unterkunft bietet einen traumhaften Blick auf den Ozean, doch berühmt ist sie wegen der Heilkraft, die den dortigen Thermalbecken nachgesagt wird. In den öffentlichen Bädern Hingashis baden Männer und Frauen meist zusammen und nackt, doch in einem Handelshafen wie Kugane, wo viele Kulturen auf<hex:02160103>einander<hex:02160103>treffen, werden die Gäste zum Tragen eines Badeanzugs angehalten."
2162853,6970204,60,60,22,0,0,0,0,2404,81703,81203,81459,False,"Kogane-dori","Beim Durchstreifen von Kugane gelangte ich an einen spektakulären Aussichtspunkt. Und was ich erblickte, wird die Barden bis ans Ende aller Tage inspirieren zu Liedern und Weisen.","Auf Hinganisch bedeutet Kugane so viel wie „Gold“ und in der Hafenstadt kann man ein Vermögen anhäufen. In dieser geschäftigen Straße machen die Händler jedoch eher ein kleines Vermögen - oder „Kogane“. Von ausländischen Waren bis hin zu lokalen Spezialitäten ist für jeden etwas dabei. Wer davon genug hat, findet im berühmten Mujikoza-Theater Zerstreuung."
2162854,6970213,60,60,22,0,0,0,0,2404,81704,81204,81459,False,"Gassen von Kogane","Beim Durchstreifen von Kugane gelangte ich an einen spektakulären Aussichtspunkt. Und was ich erblickte, wird die Barden bis ans Ende aller Tage inspirieren zu Liedern und Weisen.","Diese Gassen führen am Kanal entlang und bieten einen herrlichen Blick auf die Tasogare-Brücke in ihrem unverkennbaren, fernöstlichen Stil. Direkt dahinter liegt Kugane Ofunakura, wo Schiffe gefertigt werden, die die Rubinsee befahren. Überragt wird alles von einem Turm, an dem Luftschiffe andocken."
2162855,6970221,60,60,22,0,0,0,0,2404,81705,81205,81459,False,"Gasthaus Shiokaze","Beim Durchstreifen von Kugane gelangte ich an einen spektakulären Aussichtspunkt. Und was ich erblickte, wird die Barden bis ans Ende aller Tage inspirieren zu Liedern und Weisen.","Ein hoch emporragendes Gasthaus - das größte in ganz Kugane. Es erfreut sich bei lokalen Händlern, Hafenarbeitern und ausländischen Besuchern zugleich großer Beliebtheit. Besucher der Stadt können hier fernöstliche Speisen genießen, die aus frischen Meerestieren zubereitet werden, während sie Reiswein aus Koshu schlürfen, von der Hauptinsel Hingashis. "
2162856,6943944,60,60,22,0,0,0,0,2409,81706,81206,81459,False,"Tamamizu","Beim Durchstreifen der Rubinsee gelangte ich an einen spektakulären Aussichtspunkt. Und was ich erblickte, wird die Barden bis ans Ende aller Tage inspirieren zu Liedern und Weisen.","Ein Unterwasserdorf, das von den friedliebenden Blaupanzern gegründet wurde. Obwohl die Kojin lange Zeit ohne Luft überleben können, haben sie keine Kiemen wie die Sahagin. Deshalb haben sie auf magische Weise eine riesige Luftblase erschaffen, in der sie unter Wasser leben können, ohne auftauchen zu müssen."
2162857,6944094,60,60,22,0,0,0,0,2409,81707,81207,81459,False,"Seichtfels","Beim Durchstreifen der Rubinsee gelangte ich an einen spektakulären Aussichtspunkt. Und was ich erblickte, wird die Barden bis ans Ende aller Tage inspirieren zu Liedern und Weisen.","Eine der vielen Inseln, welche die Rubinsee zieren. Im Norden von einer Korallenbank gesäumt, hat die Konföderation hier einen Außenposten errichtet. Laut hinganischen Historikern entstand diese Insel bei einem Ausbruch des Höllenspunds."
2162858,6944110,60,60,22,0,0,0,0,2409,81708,81208,81459,False,"Himmelssäule","Beim Durchstreifen der Rubinsee gelangte ich an einen spektakulären Aussichtspunkt. Und was ich erblickte, wird die Barden bis ans Ende aller Tage inspirieren zu Liedern und Weisen.","Ein schlanker Turm aus Steinen, der unmöglich hoch in den Himmel ragt. Bis auf eine fernöstliche Legende, der zufolge dieser Turm von den Kami erschaffen wurde, ist wenig über dieses Bauwerk bekannt. Während eines Krieges landeten Piraten der Konföderation, die den Zorn der Kami nicht fürchten, auf diesem Stück Land, beanspruchten es für sich und errichteten ihren Stützpunkt „Halskehre“."
2162859,6944199,60,60,22,0,0,0,0,2409,81709,81209,81459,False,"Sakazuki","Beim Durchstreifen der Rubinsee gelangte ich an einen spektakulären Aussichtspunkt. Und was ich erblickte, wird die Barden bis ans Ende aller Tage inspirieren zu Liedern und Weisen.","Der Name bedeutet „Kelch“ und dieser Insel wird nachgesagt, der Entstehungsort der Konföderation zu sein, wo einst verfeindete Piraten erstmals als Brüder auf das Erreichen eines gemeinsamen Ziels anstießen. Heutzutage ist sie immer noch ein wichtiger Stützpunkt, der pausenlos von scharfsichtigen Spähern bewacht wird, die alle Schiffe auf der Rubinsee genau beobachten."
2162860,6944211,60,60,22,0,0,0,0,2409,81710,81210,81459,False,"Zekki","Beim Durchstreifen der Rubinsee gelangte ich an einen spektakulären Aussichtspunkt. Und was ich erblickte, wird die Barden bis ans Ende aller Tage inspirieren zu Liedern und Weisen.","Der Name, der diesen Ort als Heimat eines mordenden Teufels bezeichnet, ist selbst unter den Rotpanzern geläufig, die schon lange dort leben. Vor langer Zeit war es eine richtige Insel, doch die Lava, die während vieler Vulkanausbrüche ins Meer floss, verband sie irgendwann mit dem Festland."
2162861,6944221,60,60,22,0,0,0,0,2409,81711,81211,81459,False,"Isari","Beim Durchstreifen der Rubinsee gelangte ich an einen spektakulären Aussichtspunkt. Und was ich erblickte, wird die Barden bis ans Ende aller Tage inspirieren zu Liedern und Weisen.","Ein kleines Fischerdorf, das an der östlichen Küste von Othard liegt und dessen Name sich auf die dortige Existenz<hex:02160103>grund<hex:02160103>lage bezieht - Fische. Eine Weile lang war die Konföderation hier vertreten. Die Piraten operierten von einem Schuppen aus und kassierten den Rubinzoll."
2162862,6944443,60,60,22,0,0,0,0,2410,81712,81212,81459,False,"Kompass der Schwalbe","Beim Durchstreifen von Yanxia gelangte ich an einen spektakulären Aussichtspunkt. Und was ich erblickte, wird die Barden bis ans Ende aller Tage inspirieren zu Liedern und Weisen.","Dass der große General Ganen, welcher die kriegerischen Stämme von Yanxia als erster König von Doma unter sich vereinte, in diesem Mausoleum verehrt wird, ist schon von Weitem an seinem riesigen Bildnis erkennbar, welches die Felswand über dem Eingang ziert. Als legendärer Schwertkämpfer und Magier wird ihm nachgesagt, die Geomantie in Doma begründet zu haben."
2162863,6944449,60,60,22,0,0,0,0,2410,81713,81213,81459,False,"Castrum Fluminis","Beim Durchstreifen von Yanxia gelangte ich an einen spektakulären Aussichtspunkt. Und was ich erblickte, wird die Barden bis ans Ende aller Tage inspirieren zu Liedern und Weisen.","Vor etwa fünfundzwanzig Jahren als Vorposten für die Invasion Domas errichtet, hat dieses Castrum dem Kaiserreich eine Weile danach als Verwaltungszentrum gedient. Als die Reparaturen an der Burg Doma voranschritten, wurden die Garlear dorthin umgesiedelt und das Castrum verwilderte nach und nach."
2162864,6944451,60,60,22,0,0,0,0,2410,81714,81214,81459,False,"Namai","Beim Durchstreifen von Yanxia gelangte ich an einen spektakulären Aussichtspunkt. Und was ich erblickte, wird die Barden bis ans Ende aller Tage inspirieren zu Liedern und Weisen.","Ein Dorf inmitten der Berge der Gensui-Gipfelkette, das nach dem Pfeilkraut benannt ist. Der Name ist eine Anspielung auf die lange Tradition des Reisanbaus, denn es handelt sich dabei um eine Wasserpflanze, die auf den Reisfeldern wächst. Unter garleischer Herrschaft litten die Bewohner große Not, doch dank ihrer Beharrlichkeit konnten sie ihre Tradition bewahren."
2162865,6944454,60,60,22,0,0,0,0,2410,81715,81215,81459,False,"Prismenweiher","Beim Durchstreifen von Yanxia gelangte ich an einen spektakulären Aussichtspunkt. Und was ich erblickte, wird die Barden bis ans Ende aller Tage inspirieren zu Liedern und Weisen.","Ein rätselhafter See, der sich über mehrere Stufen erstreckt, in denen sein Wasser in allen Farben des Regenbogens schimmert. Die Gelehrten begründen die Färbung mit dem reichen Vorkommen reiner Kristalle, während eine Legende von einem engelhaften Wesen berichtet, welches eine Regenbogenbrücke für ihren Geliebten zurückließ. "
2162866,6944466,60,60,22,0,0,0,0,2410,81716,81216,81459,False,"Burg Doma","Beim Durchstreifen von Yanxia gelangte ich an einen spektakulären Aussichtspunkt. Und was ich erblickte, wird die Barden bis ans Ende aller Tage inspirieren zu Liedern und Weisen.","Der Sitz der Macht im Reich Doma, dessen Einfluss sich niemand in ganz Yanxia entziehen konnte. Der Ort für den Bau der Burg wurde gewählt, um den Einzig zu kontrollieren - die Pulsader des Handels dieser Region. Unter garleischer Herrschaft wurde dort eine Statthalterin eingesetzt und die militärischen Kapazitäten wurden stark erweitert."
2162867,6944483,60,60,22,0,0,0,0,2410,81717,81217,81459,False,"Dairyu-Mondtor","Beim Durchstreifen von Yanxia gelangte ich an einen spektakulären Aussichtspunkt. Und was ich erblickte, wird die Barden bis ans Ende aller Tage inspirieren zu Liedern und Weisen.","In eine natürliche Felsformation gebaut hat dieses Tor die Form eines Vollmonds. Dieses riesige Portal reguliert den Verkehr auf dem Einzig. Das Kaiserreich, das seine Kontrolle noch verstärken wollte, installierte hier zusätzliche Magitek-Feldgeneratoren."
2162868,6944489,60,60,22,0,0,0,0,2410,81718,81218,81459,False,"Yuzuka-Herrenhaus","Beim Durchstreifen von Yanxia gelangte ich an einen spektakulären Aussichtspunkt. Und was ich erblickte, wird die Barden bis ans Ende aller Tage inspirieren zu Liedern und Weisen.","Für Generationen dienten die Fürsten der Yuzuka-Familie treu der domanischen Monarchie als Statthalter der Siedlung, die sich über die Untiefen des Einzig erstreckt. Während einer Rebellion gegen Doma in Schutt und Asche gelegt, wird dieser Ort nun von einer Gruppe von Namazuo bewohnt."
2162869,6944525,60,60,22,0,0,0,0,2411,81719,81219,81459,False,"Ceol Aen","Beim Durchstreifen der Azim-Steppe gelangte ich an einen spektakulären Aussichtspunkt. Und was ich erblickte, wird die Barden bis ans Ende aller Tage inspirieren zu Liedern und Weisen.","Eine Ansammlung uralter Steinsäulen unweit von Bardams Probe. In jede Säule sind die Lieder der Nomadenstämme eingraviert. Obwohl die Position der einzelnen Säulen willkürlich erscheinen mag, soll man dazwischen die Melodien vergangener Zeitalter vernehmen können, wenn der Wind durch sie hindurch bläst."
2162870,6944572,60,60,22,0,0,0,0,2411,81720,81220,81459,False,"Dotharl Khaa","Beim Durchstreifen der Azim-Steppe gelangte ich an einen spektakulären Aussichtspunkt. Und was ich erblickte, wird die Barden bis ans Ende aller Tage inspirieren zu Liedern und Weisen.","In der Sprache der Steppe bedeutet „Khaa“ Quelle und der Stamm der Dotharl hat sich an dieser niedergelassen. Es ist eine seltene Oase in der tödlichen Nhaama-Wüste und Reisenden wird dringend geraten, dort ihre Wasservorräte aufzufüllen, bevor sie nach Süden aufbrechen."
2162871,6944578,60,60,22,0,0,0,0,2411,81721,81221,81459,False,"Abendthron","Beim Durchstreifen der Azim-Steppe gelangte ich an einen spektakulären Aussichtspunkt. Und was ich erblickte, wird die Barden bis ans Ende aller Tage inspirieren zu Liedern und Weisen.","Ein riesiges Monument, das den Ort markiert, an dem die Mondgöttin Nhaama sich einen Körper gegeben haben und so zur Mutter der Abend<hex:02160103>dämmerung geworden sein soll. Der Sand der Zeit zieht jedoch nie spurlos am Werk der Sterblichen vorbei und so droht die Wüste, dieses Monument trotz seiner ungeheuren Größe vollständig zu verschlingen. "
2162872,6944622,60,60,22,0,0,0,0,2411,81722,81222,81459,False,"Reunion","Beim Durchstreifen der Azim-Steppe gelangte ich an einen spektakulären Aussichtspunkt. Und was ich erblickte, wird die Barden bis ans Ende aller Tage inspirieren zu Liedern und Weisen.","Einst ein einziges Volk, zersplitterten die Au Ra Xaela in über fünfzig Stämme, doch hier sammeln sie sich, um wieder vereint zu sein. Das zumindest war die Hoffnung der Qestir, als sie diesen Handelsplatz gründeten. Gegenwärtig trifft man hier neben allen Stämmen der Steppe selbst Händler aus fernen Ländern an."
2162873,6944626,60,60,58,0,0,0,0,2411,81723,81223,81459,False,"Chakha Zoh","Beim Durchstreifen der Azim-Steppe gelangte ich an einen spektakulären Aussichtspunkt. Und was ich erblickte, wird die Barden bis ans Ende aller Tage inspirieren zu Liedern und Weisen.","In diesem Tempel ruhen die Gebeine einer verehrten Xaela-Frau, die furchtlos einem monströsen Drachen die Stirn bot, um ihr Volk zu schützen. Es ist Brauch, dass Stämme, die beim großen Kampf Naadam triumphieren, hierher kommen und Opfergaben darbieten."
2162874,6944631,60,60,22,0,0,0,0,2411,81724,81224,81459,False,"Morgenthron","Beim Durchstreifen der Azim-Steppe gelangte ich an einen spektakulären Aussichtspunkt. Und was ich erblickte, wird die Barden bis ans Ende aller Tage inspirieren zu Liedern und Weisen.","Ein riesiges Monument, das den Ort markiert, an dem der Sonnengott Azim sich einen Körper gegeben haben und so zum Vater der Morgendämmerung geworden sein soll. Im Laufe der Jahre von den mächtigsten Stämmen der Steppe ausgebaut, ruht es nun auf dem Wasser von Azim Khaat und wird von einem prächtigen Palast gekrönt."
2162875,7151071,60,60,22,0,0,0,0,2403,81622,81122,81458,False,"Der Zerstörer","Beim Durchstreifen von Rhalgrs Wacht gelangte ich an einen spektakulären Aussichtspunkt. Und was ich erblickte, wird die Barden bis ans Ende aller Tage inspirieren zu Liedern und Weisen.","Über viele Jahrhunderte haben Schüler des Tempels der Faust diese kolossale Statue des Zerstörers aus dem Fels gehauen. Sie hat den Angriff des Tyrannen<hex:02160103>königs überlebt und erweckt den Anschein, als könne sie allen kommenden Gefahren trotzen."
2162876,7151075,60,60,22,0,0,0,0,2403,81623,81123,81458,False,"Blutsturm","Beim Durchstreifen von Rhalgrs Wacht gelangte ich an einen spektakulären Aussichtspunkt. Und was ich erblickte, wird die Barden bis ans Ende aller Tage inspirieren zu Liedern und Weisen.","Am Fuße des Zerstörers beherbergt dieses Monument die Worte eines Mönches des Tempels der Faust:<hex:02100103><hex:02100103><hex:021A020203>Ein Sturm aus Blut wird kommen<hex:02100103>Und öffnen die Sieben Höllen weit<hex:02100103>Wenn die Sieben Himmel weinen<hex:02100103>Kein Leid erfährt über wen Rhalgr wacht<hex:021A020103>"
2162877,7151080,60,60,22,0,0,1800,459,2406,81624,81124,81458,False,"Gähnender Schlund","Beim Durchstreifen des Abanischen Grenzlands gelangte ich an einen spektakulären Aussichtspunkt. Und was ich erblickte, wird die Barden bis ans Ende aller Tage inspirieren zu Liedern und Weisen.","Diese Aushöhlung, in der eine seltsame rötliche Substanz wabert, entstand während des Kampfes zwischen Omega und Shinryu. In dem Versuch, seinen stählernen Widersacher zu vernichten, spie der Primae einen alles verschlingenden Lichtstrahl aus seinem Maul. Schon die geringste Abweichung hätte für das Dorf der M in unmittelbarer Nähe fatale Folgen gehabt."
2162878,7151082,60,60,22,0,0,0,0,2407,81626,81126,81458,False,"Ala Ghiri","Beim Durchstreifen der Zinnen gelangte ich an einen spektakulären Aussichtspunkt. Und was ich erblickte, wird die Barden bis ans Ende aller Tage inspirieren zu Liedern und Weisen.","Dank seiner Lage an der Hauptstraße zwischen Ala Mhigo und dem Rest von Aldenard erblühte Ala Ghiri zu einem wichtigen Knotenpunkt, an dem Händler und Waren von überall her ein und ausgingen. Während der Besatzung jedoch diktierten die Garlear den Markt und pressten aus der Siedlung und ihren Bewohnern, was herauszupressen war."
2162879,7151093,60,60,22,0,0,0,0,2407,81627,81127,81458,False,"Specula Imperatoris","Beim Durchstreifen der Zinnen gelangte ich an einen spektakulären Aussichtspunkt. Und was ich erblickte, wird die Barden bis ans Ende aller Tage inspirieren zu Liedern und Weisen.","Dieser gewaltige Wachturm der Garlear wurde im stark zerklüfteten Grenzland errichtet, um die dortigen Siedlungen im Auge zu behalten. Für die Mhigiten war er stets ein Symbol der Unterdrückung."
2162880,7151097,60,60,22,0,0,0,0,2408,81628,81128,81458,False,"Der Versunkene Zerstörer","Beim Durchstreifen des Fenns gelangte ich an einen spektakulären Aussichtspunkt. Und was ich erblickte, wird die Barden bis ans Ende aller Tage inspirieren zu Liedern und Weisen.","Dieses Bildnis des Zerstörers wurde feierlich über dem Seldsee errichtet, als der Glaube an Rhalgr zur Staatsreligion erklärt wurde. Der Glaube war stark und verbreitet im ganzen Land, doch Theoderic sah in ihm eine Bedrohung seiner Herrschaft und befahl seinem Leibwächter, das Bildnis einzureißen, so dass es in die Tiefe sank."
2162881,7151100,60,60,22,0,0,0,0,2408,81629,81129,81458,False,"Mhigisches Wohn<hex:02160103>viertel","Beim Durchstreifen des Fenns gelangte ich an einen spektakulären Aussichtspunkt. Und was ich erblickte, wird die Barden bis ans Ende aller Tage inspirieren zu Liedern und Weisen.","Dieses Viertel im Süden der mhigischen Hauptstadt war unter garleischer Besatzung eine Enklave für alle jene, die das Bürgerrecht nicht besaßen: die sogenannten Aan. Von den Unterdrückern als Wilde beschimpft und behandelt, denkt kein Mhigit gerne an diese Zeit zurück."
2162882,7151103,60,60,22,0,0,0,0,2404,81726,81226,81459,False,"Zuiko-Statue","Beim Durchstreifen von Kugane gelangte ich an einen spektakulären Aussichtspunkt. Und was ich erblickte, wird die Barden bis ans Ende aller Tage inspirieren zu Liedern und Weisen.","Mit viel Liebe zum Detail wurde diese Statue des Kriegsherren Zuiko mit aufbäumendem Ross gefertigt. Er wird als Gründer von Sue verehrt.  Sein Reich umfasste den kompletten südlichen Teil von Shishu einschließlich Kugane, wobei die Hafenstadt allerdings vom Bakufu regiert wurde."
2162883,7151105,60,60,22,0,0,0,0,2404,81727,81227,81459,False,"Rakuza-Bezirk","Beim Durchstreifen von Kugane gelangte ich an einen spektakulären Aussichtspunkt. Und was ich erblickte, wird die Barden bis ans Ende aller Tage inspirieren zu Liedern und Weisen.","Geduldet vom Bakufu herrschen in diesem Bezirk gelockerte Handelsrestriktionen. Hier landen Waren aus aller Welt in den Auslagen, die von Kaufwilligen aller Couleur in Augenschein genommen werden können. Auch wer sich ausruhen oder amüsieren möchte, wird in diesem Viertel fündig."
2162884,7151107,60,60,22,0,0,0,0,2404,81728,81228,81459,False,"Tenkonto","Beim Durchstreifen von Kugane gelangte ich an einen spektakulären Aussichtspunkt. Und was ich erblickte, wird die Barden bis ans Ende aller Tage inspirieren zu Liedern und Weisen.","In der Sprache des Fernen Ostens bedeutet Tenkonto Ätheryt. Seit jeher wurden die Ätheryten von einer ge<hex:02160103>heim<hex:02160103>nis<hex:02160103>vol<hex:02160103>len Handwerkergilde, die sich Onishishu nennt, hergestellt und gewartet. Die Onishishu hütet ihre Geheimnisse wie einen Augapfel. Das gilt auch für den Platz, auf dem der Ätheryt steht. Er wird von den Samurai der Sekiseigumi bewacht, die alle Ankömmlinge einer genauen Prüfung unterziehen."
2162885,7151109,60,60,22,0,0,0,0,2404,81729,81229,81459,False,"Kugane Ofunakura","Beim Durchstreifen von Kugane gelangte ich an einen spektakulären Aussichtspunkt. Und was ich erblickte, wird die Barden bis ans Ende aller Tage inspirieren zu Liedern und Weisen.","Gegründet vom Magistrat Kuganes, hat sich diese Werft auf das Bauen kleiner Boote und die Reparaturen einlaufender Schiffe spezialisiert. Ihre Arbeiter sind daher mit Bautechniken aus aller Welt vertraut."
2162886,7151115,60,60,22,0,0,0,0,2409,81730,81230,81459,False,"Shisui-Palast","Beim Durchstreifen der Rubinsee gelangte ich an einen spektakulären Aussichtspunkt. Und was ich erblickte, wird die Barden bis ans Ende aller Tage inspirieren zu Liedern und Weisen.","Der Palast der Rubin<hex:02160103>prin<hex:02160103>zessin, Herrscherin über die im Wasser lebenden Au Ra Raen, liegt versteckt auf dem Grund des Türkisgrabens. Von außen kann seine Schönheit bewundert werden, doch nur den wenigsten wird die Ehre zuteil, ihn von innen zu bestaunen."
2162887,7151117,60,60,22,0,0,500,759,2409,81731,81231,81459,False,"Ostküste Othards","Beim Durchstreifen der Rubinsee gelangte ich an einen spektakulären Aussichtspunkt. Und was ich erblickte, wird die Barden bis ans Ende aller Tage inspirieren zu Liedern und Weisen.","Dank der reichen Fanggründe der Rubinsee blühte der Fischhandel an der Ostküste Othards auf und Dörfer wie Isari entstanden in großer Zahl. Die Region ist außerdem gesegnet von atemberaubender Schönheit, wie zahlreiche Gedichte durch alle Zeitalter bezeugen."
2162888,7151135,60,60,22,0,0,0,0,2409,81732,81232,81459,False,"Halskehre","Beim Durchstreifen der Rubinsee gelangte ich an einen spektakulären Aussichtspunkt. Und was ich erblickte, wird die Barden bis ans Ende aller Tage inspirieren zu Liedern und Weisen.","Lange Zeit machte man einen großen Bogen um diese Region - aus Furcht vor den Kami, die der Legende nach die Himmelssäule gebaut haben sollen. Die Piraten der Konföderation ließen sich davon jedoch nicht abschrecken und errichteten einen Stützpunkt auf Halskehre."
2162889,7151167,60,60,22,0,0,0,0,2410,81733,81233,81459,False,"Überschall-Angriffsvehikel L-XXIII","Beim Durchstreifen von Yanxia gelangte ich an einen spektakulären Aussichtspunkt. Und was ich erblickte, wird die Barden bis ans Ende aller Tage inspirieren zu Liedern und Weisen.","Die Buchstaben auf dem verrosteten Rumpf dieses Gefährts kennzeichnen es als 23. Fahrzeug der XIII. Legion. Geschickt, um den Widerstand zu unterdrücken, wurde es vom fuchsartigen Hüter Yanxias zerstört und sank in sein nasses Grab im Einzig."
2162890,7151169,60,60,22,0,0,0,0,2411,81734,81234,81459,False,"Mol Iloh","Beim Durchstreifen der Azim-Steppe gelangte ich an einen spektakulären Aussichtspunkt. Und was ich erblickte, wird die Barden bis ans Ende aller Tage inspirieren zu Liedern und Weisen.","Die gegenwärtige Heimat der Mol, einer der vielen Xaela-Stämme in der Azim-Steppe. Als Nomadenvolk werden die Mol irgendwann weiterziehen, wenn die Weiden der Region abgegrast sind. Die Zelte der Xaela sind dafür, dass sie so leicht auf- und abzubauen sind, erstaunlich stabil."
2162891,7151171,60,60,22,0,0,0,0,2411,81735,81235,81459,False,"Moai-Statue","Beim Durchstreifen der Azim-Steppe gelangte ich an einen spektakulären Aussichtspunkt. Und was ich erblickte, wird die Barden bis ans Ende aller Tage inspirieren zu Liedern und Weisen.","Angeblich gibt es vergleichbare Statuen auf der ganzen Welt, aber niemand weiß, wer sie errichtet hat - und zu welchem Zweck. Das Fehlen von Hörnern und die Position der Ohren nähren die Theorie, dass Hyuran sie in ihrem eigenen Abbild geschaffen haben. Aber das muss erst noch bewiesen werden."
2162892,8011380,70,70,22,0,0,0,0,2951,81951,81901,81460,False,"Die Rotunde","Bei der Erkundung von Crystarium gelangte ich an einen spektakulären Aussichtspunkt. Und was ich erblickte, wird die Barden bis ans Ende aller Tage inspirieren zu Liedern und Weisen.","Reisende, die Crystarium betreten, erblicken ein großes kreisförmiges Gebäude mit einem runden Kuppeldach. Keiner von ihnen vergisst je den Anblick der erhabenen schwarzen Eisenstreben und blauen Kristallglasstrukturen."
2162893,8011413,70,70,22,0,0,0,0,2951,81952,81902,81460,False,"Musica Universalis","Bei der Erkundung von Crystarium gelangte ich an einen spektakulären Aussichtspunkt. Und was ich erblickte, wird die Barden bis ans Ende aller Tage inspirieren zu Liedern und Weisen.","Crystariums Marktbezirk zieht nicht nur Kundschaft aus dem Seenland an, Händler aus Amh Araeng und Kholusia liefern ihre exotischen Waren und bringen hochwertige Handwerksgüter aus der Manufaktur der Gemeinschaft zurück in ihre Länder. Hier herrscht eine alles umspannende Harmonie, so zumindest die etwas hochtrabende Bedeutung des Namens."
2162894,8011422,70,70,22,0,0,0,0,2951,81953,81903,81460,False,"Kabinett der Kuriositäten","Bei der Erkundung von Crystarium gelangte ich an einen spektakulären Aussichtspunkt. Und was ich erblickte, wird die Barden bis ans Ende aller Tage inspirieren zu Liedern und Weisen.","Die hier ansässige Glossologie, neben Rhetorik und Logik eine der drei Lehren des Triviums, hat es sich zur Aufgabe gemacht, das Wissen Norvrandts zu bewahren. Seltene Folianten, kuriose Fachbücher und Tagebücher aus allen Teilen der verbliebenen Welt - sie werden in dieser Bücherei gesammelt."
2162895,8011484,70,70,22,0,0,0,0,2951,81954,81904,81460,False,"Türme der Besserung","Bei der Erkundung von Crystarium gelangte ich an einen spektakulären Aussichtspunkt. Und was ich erblickte, wird die Barden bis ans Ende aller Tage inspirieren zu Liedern und Weisen.","Die Ansammlung von Rundtürmen im nördlichen Bezirk beherbergt Quartiere, Werkstätten und Kasernen der Stadtwache. Hier fanden diejenigen, die vor der Lichtflut geflohen waren, ein besseres Leben."
2162896,8011541,70,70,22,0,0,0,0,2951,81955,81905,81460,False,"Tierhof Temenos","Bei der Erkundung von Crystarium gelangte ich an einen spektakulären Aussichtspunkt. Und was ich erblickte, wird die Barden bis ans Ende aller Tage inspirieren zu Liedern und Weisen.","Kleine und große Tiere werden hier hauptsächlich von den Zhun gezüchtet, dressiert und gepflegt. Den Amaros kommt als Reit- und Lasttier eine besondere Bedeutung zu, und so wurde der Tierhof nach dem „Heiligen Nest im Wald“, ihrer legendären Heimat, benannt."
2162897,8026595,70,70,22,0,0,0,0,2952,81956,81906,81460,False,"Tor der Herrlichkeit","Bei der Erkundung von Eulmore gelangte ich an einen spektakulären Aussichtspunkt. Und was ich erblickte, wird die Barden bis ans Ende aller Tage inspirieren zu Liedern und Weisen.","Wer das Haupttor zu den untersten Ebenen von Eulmore<hex:021D0103>- den Wurzeln<hex:021D0103>- durchquert, glaubt in eine andere Welt zu treten. Süße Gerüche und Klänge verraten, in welchem Luxus die Adeligen schwelgen, während draußen die Glücklosen ein hartes, freudloses Leben fristen."
2162898,8026557,70,70,22,0,0,0,0,2952,81957,81907,81460,False,"Wrackstadt","Bei der Erkundung von Eulmore gelangte ich an einen spektakulären Aussichtspunkt. Und was ich erblickte, wird die Barden bis ans Ende aller Tage inspirieren zu Liedern und Weisen.","Das Armenviertel der Stadt des Vergnügens. Die Abgehängten leben in alten Ozeanschiffen, die nutzlos geworden waren, nachdem die Lichtflut alle Kontinente bis auf Norvrandt verschlungen hatte"
2162899,8026555,70,70,22,0,0,0,0,2952,81958,81908,81460,False,"Hauptquartier der Hochrühmlichen Armee","Bei der Erkundung von Eulmore gelangte ich an einen spektakulären Aussichtspunkt. Und was ich erblickte, wird die Barden bis ans Ende aller Tage inspirieren zu Liedern und Weisen.","Die Schlagkraft der Truppen von Eulmore war berüchtigt. Einst befand sich das Hauptquartier in der Baumkrone, doch unter Lord Vauthrys Herrschaft verlor die Armee an Stellenwert und wurde in einen unteren Abschnitt, der einst als Kerker diente, verlegt."
2162900,8026553,70,70,22,0,0,0,0,2952,81959,81909,81460,False,"Lustspielhaus Bienenstock","Bei der Erkundung von Eulmore gelangte ich an einen spektakulären Aussichtspunkt. Und was ich erblickte, wird die Barden bis ans Ende aller Tage inspirieren zu Liedern und Weisen.","Wenn den freien Bürgern von Eulmore der Sinn nach aufregender Unterhaltung steht, gehen sie in das Lustspielhaus. Die Tänze und frivolen Theaterstücke, die dort aufgeführt werden, versetzen so manchen fettleibigen Besucher in größere Aufregung, als es ein echter Bienenstock je könnte."
2162901,8025302,70,70,22,0,0,0,0,2953,81960,81910,81460,False,"Jobb-Feste","Bei der Erkundung des Seenlands gelangte ich an einen spektakulären Aussichtspunkt. Und was ich erblickte, wird die Barden bis ans Ende aller Tage inspirieren zu Liedern und Weisen.","Diese Festung ist Teil des Verteidigungssystems von Crystarium. Zur Zeit des Seenland-Bündnisses als Stützpunkt für einen Ritterorden erbaut, wurde die Ruine umgebaut, um ihre heutige Funktion zu erfüllen. Wie prachtvoll die Kirche des Strahlenden Lichts gewesen sein muss, die einst in der Feste stand, lässt sich anhand der Überreste kaum noch erahnen."
2162902,8025305,70,70,22,0,0,0,0,2953,81961,81911,81460,False,"Radiscas Rundturm","Bei der Erkundung des Seenlands gelangte ich an einen spektakulären Aussichtspunkt. Und was ich erblickte, wird die Barden bis ans Ende aller Tage inspirieren zu Liedern und Weisen.","Dieser Wachturm im Zentrum des Seenlands ist nach einem Soldaten benannt, dessen Heldenmut viele Leben rettete. Als er eine herannahende Horde von Sünden<hex:02160103>ver<hex:02160103>tilgern erspähte, schlug er Alarm und blieb alleine zurück, um bis zum letzten Atemzug zu kämpfen und den anderen die Flucht zu ermöglichen."
2162903,8025307,70,70,22,0,0,0,0,2953,81962,81912,81460,False,"Burg Selard","Bei der Erkundung des Seenlands gelangte ich an einen spektakulären Aussichtspunkt. Und was ich erblickte, wird die Barden bis ans Ende aller Tage inspirieren zu Liedern und Weisen.","Diese Burg, die einst vom Seenland-Bündnis erbaut wurde, gilt als der Ort, an dem ein Elf, der als Schattenkönig bekannt war, seine letzte Schlacht an der Spitze der konservativen Elfen führte, kurz bevor die Lichtflut über die Welt hereinbrach. „Selard“ bedeutet in der alten Sprache der Elfen „Seenland“."
2162904,8025309,70,70,22,0,0,0,0,2953,81963,81913,81460,False,"Ostalls Befehl","Bei der Erkundung des Seenlands gelangte ich an einen spektakulären Aussichtspunkt. Und was ich erblickte, wird die Barden bis ans Ende aller Tage inspirieren zu Liedern und Weisen.","Diese verlassene Festung, die auf die Zeit des Seenland-Bündnisses zurückgeht, verdankt ihren Namen dem berühmten Elfenritter Ostall, der seinen Männern dort einst einen schicksalshaften Befehl gab. Im Angesicht eines riesigen Schwarms von Sünden<hex:02160103>ver<hex:02160103>tilgern befahl er, keinen Schritt zurückzuweichen und bis zum bitteren Ende Widerstand zu leisten, um möglichst viele Zivilisten zu retten."
2162905,8025311,70,70,22,0,0,0,0,2953,81964,81914,81460,False,"Kerkerplatte","Bei der Erkundung des Seenlands gelangte ich an einen spektakulären Aussichtspunkt. Und was ich erblickte, wird die Barden bis ans Ende aller Tage inspirieren zu Liedern und Weisen.","Dies sind die Überbleibsel eines Gefängnisses, das zur Zeit des Seenland-Bündnisses errichtet wurde. In den Einrichtungen am Fuße des Abhangs, die damals als „Heimat der Ketten“ bezeichnet wurden, waren die Wärter untergebracht, während die Gefangenen auf dem Plateau in Ketten lagen. Inzwischen ist die Anlage in Vergessenheit geraten und die alten Ketten werden von Rost zerfressen."
2162906,8025313,70,70,22,0,0,0,0,2953,81965,81915,81460,False,"Grantel","Bei der Erkundung des Seenlands gelangte ich an einen spektakulären Aussichtspunkt. Und was ich erblickte, wird die Barden bis ans Ende aller Tage inspirieren zu Liedern und Weisen.","Dieses Fischerdorf am Ufer des Quellsees wurde von seinen Bewohnern so genannt, weil sie selbst einsehen, dass ihr entbehrungsreiches Leben sie grantig macht. Es erstreckt sich über vier kleine Inseln namens Unkrauthügel, Backsteininsel, Buckel und Brandungsfels, die allesamt durch Brücken miteinander verbunden sind. "
2162907,8025315,70,70,22,0,0,0,0,2954,81966,81916,81460,False,"Splittermuschelstrand","Bei der Erkundung Kholusias gelangte ich an einen spektakulären Aussichtspunkt. Und was ich erblickte, wird die Barden bis ans Ende aller Tage inspirieren zu Liedern und Weisen.","Dieser Sandstrand wurde von den einfallslosen Bewohnern des nahegelegenen Fischerdorfes Stillwasser so benannt, weil es dort viele zerbrochene Muscheln gibt. Früher gingen die Fischer dort gerne spazieren, doch heutzutage treiben dort Hobgoblins ihr Unwesen und machen die Gegend unsicher."
2162908,8025317,70,70,22,0,0,0,0,2954,81967,81917,81460,False,"Weißölfälle","Bei der Erkundung Kholusias gelangte ich an einen spektakulären Aussichtspunkt. Und was ich erblickte, wird die Barden bis ans Ende aller Tage inspirieren zu Liedern und Weisen.","Dieser große Wasserfall, der durch einen Höhenunterschied in der Mitte des Watts entstanden ist, zeichnet sich dadurch aus, dass das Wasser aufgrund der langsamen Fließgeschwindigkeit des Flusses senkrecht fällt, ja geradezu wie Öl hinabläuft. Diese Besonderheit inspirierte einen berühmten Dichter dazu, dem Wasserfall seinen Namen zu geben."
2162909,8025319,70,70,22,0,0,0,0,2954,81968,81918,81460,False,"Torstadt","Bei der Erkundung Kholusias gelangte ich an einen spektakulären Aussichtspunkt. Und was ich erblickte, wird die Barden bis ans Ende aller Tage inspirieren zu Liedern und Weisen.","Die Flüchtlinge, die vor der verheißungsvollen Stadt des Vergnügens auf Einlass hoffen, haben eine Hüttenstadt errichtet, in der sie vor Angriffen der Sünden<hex:02160103>ver<hex:02160103>tilger geschützt sind und mit Meol versorgt werden."
2162910,8025356,70,70,22,0,0,0,0,2954,81969,81919,81460,False,"Werfting","Bei der Erkundung Kholusias gelangte ich an einen spektakulären Aussichtspunkt. Und was ich erblickte, wird die Barden bis ans Ende aller Tage inspirieren zu Liedern und Weisen.","Ein Bauerndorf im Süden von Kholusia. Die Bewohner ernähren sich von Getreide und Gemüse und lehnen die Meol-Gaben Eulmores ab. Doch mehr und mehr Alteingesessene verlassen das Dorf, seit ein Überfall der Sünden<hex:02160103>ver<hex:02160103>tilger vor einem Jahr viele Opfer forderte."
2162911,8025358,70,70,22,0,0,0,0,2954,81970,81920,81460,False,"Die Leiter","Bei der Erkundung Kholusias gelangte ich an einen spektakulären Aussichtspunkt. Und was ich erblickte, wird die Barden bis ans Ende aller Tage inspirieren zu Liedern und Weisen.","Ein gigantischer Aufzug verbindet das Tiefland von Kholusia mit seinem Hochland. Hebe-Taloi der Daedalus-Steinhauerei besorgen den Antrieb, doch seit der Lichtflut stehen sie ungewartet und bewegungslos da. Einst wurde über die Leiter geschäftiger Handel mit den Zwergen getrieben."
2162912,8025360,70,70,22,0,0,0,0,2954,81971,81921,81460,False,"Tomra","Bei der Erkundung Kholusias gelangte ich an einen spektakulären Aussichtspunkt. Und was ich erblickte, wird die Barden bis ans Ende aller Tage inspirieren zu Liedern und Weisen.","Nah am Fuße des Gulgs haben die Zwerge der Tholl-Sippe ihr Dorf. Ihre kleinen Behausungen sind für die großgewachsenen Völker eher ungeeignet, aber putzig anzuschauen."
2162913,8025362,70,70,22,0,0,0,0,2954,81972,81922,81460,False,"Duergars Schlot","Bei der Erkundung Kholusias gelangte ich an einen spektakulären Aussichtspunkt. Und was ich erblickte, wird die Barden bis ans Ende aller Tage inspirieren zu Liedern und Weisen.","Hinter einer Zwergenhöhle öffnet sich das Gestein, um dem dampfenden Schlot Platz zu machen. Immer wieder stößt er Fontänen heißen Wassers aus und bildet schwefelige Ablagerungen. Eine Freude für die Zwerge der Gogg-Sippe."
2162914,8025399,70,70,22,0,0,0,0,2955,81973,81923,81460,False,"Roter Karawanenhof","Bei der Erkundung von Amh Araeng gelangte ich an einen spektakulären Aussichtspunkt. Und was ich erblickte, wird die Barden bis ans Ende aller Tage inspirieren zu Liedern und Weisen.","Von der einstigen Festung Qasr Sharl des Königreichs von Nabaath Areng starten heute lange Handelskarawanen, die Waren zwischen Crystarium und Amh Araeng hin und her transportieren. Auch ein Amaro-Flugsteg wurde eingerichtet."
2162915,8025401,70,70,22,0,0,0,0,2955,81974,81924,81460,False,"Mordh Souq","Bei der Erkundung von Amh Araeng gelangte ich an einen spektakulären Aussichtspunkt. Und was ich erblickte, wird die Barden bis ans Ende aller Tage inspirieren zu Liedern und Weisen.","In dieser Siedlung leben die wilden Mordh, die von alters her  in Amh Araeng heimisch sind. „Souq“ bedeutet Markt, und hier verkaufen die Mordh allerlei Waren, die sie aus den ver<hex:02160103>schie<hex:02160103>den<hex:02160103>sten Winkeln des Ödlands mitgebracht haben. Ein Besuch im Souq empfiehlt sich für jeden, der nach Erzen oder Relikten aus dem Königreich Nabaath Areng sucht."
2162916,8025403,70,70,22,0,0,0,0,2955,81975,81925,81460,False,"Palast von Amh Malik","Bei der Erkundung von Amh Araeng gelangte ich an einen spektakulären Aussichtspunkt. Und was ich erblickte, wird die Barden bis ans Ende aller Tage inspirieren zu Liedern und Weisen.","In der Sprache des Königreichs Nabaath Areng bedeutet „Amh“ so viel wie „groß, gewaltig“ und „Malik“ war der offizielle Titel des Königs. Dieser Palast war einst Sitz der politischen und militärischen Machthaber des ehemaligen Königreichs, wurde aber durch die Lichtflut fast vollständig zerstört."
2162917,8025437,70,70,22,0,0,0,0,2955,81976,81926,81460,False,"Biran-Mine","Bei der Erkundung von Amh Araeng gelangte ich an einen spektakulären Aussichtspunkt. Und was ich erblickte, wird die Barden bis ans Ende aller Tage inspirieren zu Liedern und Weisen.","Dieses Netzwerk von Tunneln und Stollen, das in den Berg Biran gegraben wurde, war eine wichtige Erzförderstätte, in der Taloi verwendet wurden. Biran folgt der Ronso-Tradition, einen Ort nach einem berühmten Vertreter ihres Volkes zu benennen, genau wie bei Garik und Kelk."
2162918,8025439,70,70,22,0,0,0,0,2955,81977,81927,81460,False,"Pfotenschlag","Bei der Erkundung von Amh Araeng gelangte ich an einen spektakulären Aussichtspunkt. Und was ich erblickte, wird die Barden bis ans Ende aller Tage inspirieren zu Liedern und Weisen.","Damals, als das Königreich Nabaath Areng Mystel-Ingenieure einlud, die auf Talos-Technologie spezialisiert sind, wurde dieses Dorf gegründet, um die vielen Arbeiter unterzubringen, die die Eisenbahnverbindungen zwischen den Minen bauten. Später lebten dort die Bergleute, aber seit dem Niedergang der Bergbauindustrie ist die Bevölkerung immer weiter zurückgegangen."
2162919,8025441,70,70,22,0,0,0,0,2955,81978,81928,81460,False,"Kelk","Bei der Erkundung von Amh Araeng gelangte ich an einen spektakulären Aussichtspunkt. Und was ich erblickte, wird die Barden bis ans Ende aller Tage inspirieren zu Liedern und Weisen.","Diese ehemalige Ronso-Siedlung war bereits vor der Lichtflut verlassen, weil ihre Bevölkerung in die Städte abgewandert war, aber heutzutage ist sie eine Pilgerstätte für Schatz<hex:02160103>sucher aller Art, weil dort viele wertvolle Objekte gefunden wurden."
2162920,8025443,70,70,22,0,0,0,0,2956,81979,81929,81460,False,"Lydha Lran","Meine Reise durch Il Mheg führte mich an einen Aussichtspunkt, an dem sich ein atemberaubender Ausblick bot. Ich habe keine Zweifel, dass diese einzigartige Landschaft die Barden bis ans Ende aller Tage zu Liedern und Weisen inspirieren wird.","Eingerahmt in ein Meer aus Blumen, schmiegt sich Lydha Lran und seine malerischen Losamente in die bunte Hügellandschaft. Einst verheerte die Lichtflut den kleinen Weiler und hinterließ nichts als Trümmer. Doch dann kamen die Pixies und verwandelten die verwaisten Ruinen in ein blühendes Kleinod. Heute leben sie unbeschwert mit ihren Schafen, weitgehend unbehelligt von der Außenwelt."
2162921,8025445,70,70,22,0,0,0,0,2956,81980,81930,81460,False,"Lehnsgut des Gelehrten","Meine Reise durch Il Mheg führte mich an einen Aussichtspunkt, an dem sich ein atemberaubender Ausblick bot. Ich habe keine Zweifel, dass diese einzigartige Landschaft die Barden bis ans Ende aller Tage zu Liedern und Weisen inspirieren wird.","An den Gestaden eines Sees ragt ein opulentes Landhaus in die Höhe. Es heißt, das Lehnsgut des Gelehrten sei einst der Sitz eines vielseitig interessierten Adeligen des Königreichs Voeburt gewesen, und verfüge daher über eine überraschend umfangreiche Privatbibliothek, die auf wundersame Weise die Lichtflut unbeschadet überstanden und von den Feen unberührt geblieben sei."
2162922,8025447,70,70,22,0,0,0,0,2956,81981,81931,81460,False,"Pla Enni","Meine Reise durch Il Mheg führte mich an einen Aussichtspunkt, an dem sich ein atemberaubender Ausblick bot. Ich habe keine Zweifel, dass diese einzigartige Landschaft die Barden bis ans Ende aller Tage zu Liedern und Weisen inspirieren wird.","Pla Enni ist die Heimstatt der geschäftstüchtigen Nu Mou, die schon zu Zeiten des Königreichs Voeburt die imposante Wohngrotte in den Bergen bewohnten. Seinen Besuchern bietet sich eine farbenfrohe Kulisse: die Gewölbe werden von riesigen, bunt schillernden Pilzen, die die Nu Mou dort geschickt kultivieren, in allen Farben des Regenbogens beleuchtet."
2162923,8025492,70,70,22,0,0,0,0,2956,81982,81932,81460,False,"Stadt der Fische","Meine Reise durch Il Mheg führte mich an einen Aussichtspunkt, an dem sich ein atemberaubender Ausblick bot. Ich habe keine Zweifel, dass diese einzigartige Landschaft die Barden bis ans Ende aller Tage zu Liedern und Weisen inspirieren wird.","Unter der Was<hex:02160103>ser<hex:02160103>o<hex:02160103>ber<hex:02160103>flä<hex:02160103>che des schillernden Sees sind die Ruinen einer vergangenen Zivilisation zu erahnen. Wo einst Bürger durch die Straßen flanierten, huschen nun Fischschwärme durch die Überreste der Hauptstadt des Königreichs Voeburt. Dessen Herzstück<hex:021D0103>- Schloss Grünes Licht<hex:021D0103>- ragt in wolkige Höhen und lässt die reiche Kultur erahnen, die von der Lichtflut zerstört wurde."
2162924,8025449,70,70,22,0,0,0,0,2956,81983,81933,81460,False,"Schloss Lyhe Ghiah","Meine Reise durch Il Mheg führte mich an einen Aussichtspunkt, an dem sich ein atemberaubender Ausblick bot. Ich habe keine Zweifel, dass diese einzigartige Landschaft die Barden bis ans Ende aller Tage zu Liedern und Weisen inspirieren wird.","Schloss Grünes Licht ragt grandios in wolkige Höhen und lässt die reiche Kultur erahnen, die von der Lichtflut unwiederbringlich zerstört wurde. Heute durchstreift der Licht<hex:02160103>bringer Titania, die tragische Anführerin der Feenvölker, seine majestätischen Hallen. Die Pixies tauften das Schloss „Lyhe Ghiah“: Schloss der geflügelten Träume."
2162925,8025451,70,70,22,0,0,0,0,2956,81984,81934,81460,False,"Tempel des Heiligen Fathric","Meine Reise durch Il Mheg führte mich an einen Aussichtspunkt, an dem sich ein atemberaubender Ausblick bot. Ich habe keine Zweifel, dass diese einzigartige Landschaft die Barden bis ans Ende aller Tage zu Liedern und Weisen inspirieren wird.","An einer Steilklippe, die einen fantastischen Blick auf ein zerklüftetes Tal bietet, liegen die Ruinen der Wallfahrtskirche von Dammroen. In den Mauern des verfallenen Sakralbaus übten sich einst die Geweihten der Kirche des Strahlenden Lichts in Askese. Heute ist jedoch nichts von seiner ursprünglichen Pracht erhalten geblieben, außer dem Namen."
2162926,8026177,70,70,22,0,0,0,0,2957,81985,81935,81460,False,"Gohn-Feste","Bei der Erkundung des Großen Waldes Rak'tika gelangte ich an einen spektakulären Aussichtspunkt. Und was ich erblickte, wird die Barden bis ans Ende aller Tage inspirieren zu Liedern und Weisen.","Diese Feste diente den Untertanen der Nacht, die im Wald Zuflucht gesucht hatten, als Stützpunkt, bis eine Herde Sünden<hex:02160103>ver<hex:02160103>tilger über sie herfiel und sie niederbrannte. Die Überlebenden zogen sich nach Schlangenzweig zurück."
2162927,8026189,70,70,22,0,0,0,0,2957,81986,81936,81460,False,"Kleinod der Beschützerin","Bei der Erkundung des Großen Waldes Rak'tika gelangte ich an einen spektakulären Aussichtspunkt. Und was ich erblickte, wird die Barden bis ans Ende aller Tage inspirieren zu Liedern und Weisen.","Ein Kristall, der über der Oberfläche des Schlangensees Tusi Mek'ta schwebt und schon zu Zeiten, als das Ronka-Reich noch nicht bestand, von den Eingesessenen verehrt wurde. Sie glaubten, dass in dem Kristall eine Wasserschlange eingeschlossen sei."
2162928,8026191,70,70,22,0,0,0,0,2957,81987,81937,81460,False,"Versunkenes Heiligtum von Dwatl","Bei der Erkundung des Großen Waldes Rak'tika gelangte ich an einen spektakulären Aussichtspunkt. Und was ich erblickte, wird die Barden bis ans Ende aller Tage inspirieren zu Liedern und Weisen.","Ein steinerner Tempel des Ronka-Kaiserreiches. Nachdem das Kaiserreich untergegangen war, wachte eine Priesterfamilie über das Heiligtum, doch mit der Zeit versank es im See. Gerüchten zufolge soll sich ein großer Schatz in seinem Inneren befinden."
2162929,8026220,70,70,22,0,0,0,0,2957,81988,81938,81460,False,"Treppe des Lozatl","Bei der Erkundung des Großen Waldes Rak'tika gelangte ich an einen spektakulären Aussichtspunkt. Und was ich erblickte, wird die Barden bis ans Ende aller Tage inspirieren zu Liedern und Weisen.","Es heißt, diese Kaskade aus unzähligen Treppenstufen hätte Lozatl, ein Riese aus der Ronka-Mythologie, geschaffen. Einige Historiker sind der Meinung, dass Lozatl einer der ersten Taloi der Geschichte ist, und dass er selbst die prächtigen steinernen Tempel der Ronka-Zivilisation gebaut hat."
2162930,8026212,70,70,22,0,0,0,0,2957,81989,81939,81460,False,"Fanow","Bei der Erkundung des Großen Waldes Rak'tika gelangte ich an einen spektakulären Aussichtspunkt. Und was ich erblickte, wird die Barden bis ans Ende aller Tage inspirieren zu Liedern und Weisen.","Seit Tausenden von Jahren wachen die Viis auf Befehl des Kaisers von Ronka über die Ruinen von Rak'tika. Da jedoch die meisten ihrer Dörfer durch die Lichtflut ausgelöscht wurden, ist ihr Fortbestand nun bedroht."
2162931,8030804,70,70,22,0,0,0,0,2957,81990,81940,81460,False,"Morgensterne","Bei der Erkundung des Großen Waldes Rak'tika gelangte ich an einen spektakulären Aussichtspunkt. Und was ich erblickte, wird die Barden bis ans Ende aller Tage inspirieren zu Liedern und Weisen.","In diesen Heiligtümern liegen die Gräber der vier Götter der Ronka-Mythologie, nämlich des Feuergottes Ox'Gatorl, der Wassergöttin Yx'Lokwa, des Windgottes Ox'Charl und der Erdgöttin Yx'Anpa. Es ist ein heiliger Ort für die Bewohnerinnen von Fanow, die stolz darauf sind, die Ruinen zu hüten."
2162932,8030162,70,70,22,0,0,0,0,2958,81991,81941,81460,False,"Ondo-Becken","Es gibt Winkel in Norvrandt, die nie ein Reisender betrat. Ohne Zweifel bieten sie dem, der sie findet und betrachtet, einen erstaunlichen Anblick.","Auf dem Boden des Meeres der Schwarzen Winde haben die Ondo ihre Becken errichtet. Sie erinnern damit an ihre in der Lichtflut untergegangene Heimat, die mit Brandungswasser gefüllten Steinbecken an einer längst vergessenen Küste."
2162933,8030153,70,70,22,0,0,0,0,2958,81992,81942,81460,False,"Die Werkstatt","Es gibt Winkel in Norvrandt, die nie ein Reisender betrat. Ohne Zweifel bieten sie dem, der sie findet und betrachtet, einen erstaunlichen Anblick.","Die Arbeitsstätte eines genialen Handwerkers aus Crystarium, der alles zurückließ, um hinter die technischen Geheimnisse der Alten zu kommen. Ein Sonderling, dem das einsame Leben auf dem Meeresboden zugesetzt zu haben scheint."
2162934,8030157,70,70,22,0,0,0,0,2958,81993,81943,81460,False,"Seelenruh der Landler","Es gibt Winkel in Norvrandt, die nie ein Reisender betrat. Ohne Zweifel bieten sie dem, der sie findet und betrachtet, einen erstaunlichen Anblick.","Die roten Korallenäste dieser Höhle erinnern die Ondo an die Blutgefäße der Flossenlosen. Irgendetwas lässt sie glauben, dass die Seelen der Land<hex:02160103>be<hex:02160103>wohner sich in diese Höhle zurückziehen, um Ruhe zu finden."
2162935,8030137,70,70,22,0,0,0,0,2958,81994,81944,81460,False,"Purpurhöhle","Es gibt Winkel in Norvrandt, die nie ein Reisender betrat. Ohne Zweifel bieten sie dem, der sie findet und betrachtet, einen erstaunlichen Anblick.","In dieser Höhle gedeihen Muscheln, die einen Farbstoff abgeben, der sich bei den Reichen und Adeligen von Eulmore größter Beliebtheit erfreut. Die daraus gefertigten purpurnen Kleider erzielen Höchstpreise und sorgen für neidische Blicke."
2162936,8030125,70,70,22,0,0,0,0,2958,81995,81945,81460,False,"Amaurot","Es gibt Winkel in Norvrandt, die nie ein Reisender betrat. Ohne Zweifel bieten sie dem, der sie findet und betrachtet, einen erstaunlichen Anblick.","Laut den Ondo erleuchtete die Stadt am Meeresgrund eines Nachts ohne Vorwarnung. Anders als die Ruinen in der Nähe ihres Dorfes waren die Türme neu und erhoben sich hoch über ihre Köpfe, was die Ondo mit so viel Ehrfurcht  erfüllte, dass sie den Zugang zu dem Erleuchteten Land verboten."
2162937,8960844,80,80,22,0,0,0,0,3706,81751,81251,81461,False,"Anwesen der Leveilleurs","Bei der Erkundung Alt-Sharlayans gelangte ich an einen spektakulären Ort. Und die Herrlichkeit, die ich erblickte, übertraf alles, was mir je über diese Stadt zu Ohren gekommen war.","Die Architektur dieses 300 Jahre alten Prachtbaus ist ein glanzvolles Beispiel traditioneller, sharlayanischer Handwerkskunst. Seit vielen Generationen befindet sich das Anwesen in Besitz der Adelsfamilie Leveilleur, aus welcher zahlreiche namhafte Ratsmitglieder hervorgegangen sind. "
2162938,8960848,80,80,22,0,0,0,0,3706,81752,81252,81461,False,"Thaliaks Pforte","Bei der Erkundung Alt-Sharlayans gelangte ich an einen spektakulären Ort. Und die Herrlichkeit, die ich erblickte, übertraf alles, was mir je über diese Stadt zu Ohren gekommen war.","Die perfekt geschwungenen Schiffspiere von Alt-Sharlayans Pforte zur Welt sind ein wahrer Blickfang, doch die Anmut der über allem thronenden Statue inmitten des Hafens vermögen sie nicht zu übertreffen. Sie ist ein Abbild von Sharlayans Schutzgott Thaliak und wacht, den Blick gen Wasser gerichtet, über Ankunft und Abschied aller Reisenden."
2162939,8960850,80,80,22,0,0,0,0,3706,81753,81253,81461,False,"Sitzungssaal des Rates","Bei der Erkundung Alt-Sharlayans gelangte ich an einen spektakulären Ort. Und die Herrlichkeit, die ich erblickte, übertraf alles, was mir je über diese Stadt zu Ohren gekommen war.","Damit alle 99 Mitglieder des Rates der Philosophen im Saal Platz finden, sind die Sitze darin spiralförmig angeordnet. Von oben betrachtet symbolisiert diese Anordnung die sharlayanische Flagge, auf welcher eine Spiralmuschel gefüllt mit dem Wasser der Weisheit dargestellt ist."
2162940,8960852,80,80,22,0,0,0,0,3706,81754,81254,81461,False,"Noumenon","Bei der Erkundung Alt-Sharlayans gelangte ich an einen spektakulären Ort. Und die Herrlichkeit, die ich erblickte, übertraf alles, was mir je über diese Stadt zu Ohren gekommen war.","Mit der größten Sammlung an Schriften und Büchern in der bekannten Welt ist das Noumenon als Hauptzweig der großen Gubal-Bibliothek der ganze Stolz der Magieakademie von Sharlayan. Unter den hier gesammelten Werken befindet sich auch die wohl wichtigste und doch längst nicht vollendete Anthologie des Wissens selbst, die Encyclopaedia Universalis."
2162941,8960853,80,80,22,0,0,0,0,3706,81755,81255,81461,False,"Das Forum","Bei der Erkundung Alt-Sharlayans gelangte ich an einen spektakulären Ort. Und die Herrlichkeit, die ich erblickte, übertraf alles, was mir je über diese Stadt zu Ohren gekommen war.","Bevor das Kuppelgebäude entstand, das heute den Sitzungssaal des Rates beherbergt, war das Forum ein schlichter, ringförmiger Ver<hex:02160103>samm<hex:02160103>lungs<hex:02160103>platz unter freiem Himmel. Erst ein Blitzeinschlag, der während einer Tagung inmitten eines Sturmes Todesopfer forderte, konnte den Rat davon überzeugen, ein Gebäude am höchsten Punkt des Gartens der Exegeten zu errichten."
2162942,8960863,80,80,22,0,0,0,0,3706,81756,81256,81461,False,"Hügel der Gestrandeten","Bei der Erkundung Alt-Sharlayans gelangte ich an einen spektakulären Ort. Und die Herrlichkeit, die ich erblickte, übertraf alles, was mir je über diese Stadt zu Ohren gekommen war.","Das Wohngebiet Alt-Sharlayans befindet sich im östlichen Teil der Stadt. Geschichtlichen Erzählungen zufolge rührt sein eigentümlicher Name daher, dass die ersten Siedler der Gegend diesen Hügel nach der Flucht vor der großen Flut zu ihrer neuen Heimat machten, wobei sie sich von einer direkt angrenzenden Papageientaucher-Kolonie offenbar nicht stören ließen."
2162943,8960864,80,80,22,0,0,0,0,3706,81757,81257,81461,False,"Auditorium","Bei der Erkundung Alt-Sharlayans gelangte ich an einen spektakulären Ort. Und die Herrlichkeit, die ich erblickte, übertraf alles, was mir je über diese Stadt zu Ohren gekommen war.","Sowohl Mitgliedern der Magieakademie von Sharlayan als auch der Öffentlichkeit ist die Nutzung dieses geräumigen Hörsaals gestattet. Für gewöhnlich finden hier offene Vorlesungen für Studenten statt, doch wenn berühmte Professoren ihre Vorträge ankündigen, ringen Wissbegierige und angehende Forscher geradezu um einen Platz in den Sitzreihen."
2162944,8961051,80,80,22,0,0,0,0,3707,81758,81258,81462,False,"Ruveydahs Zwirn","Bei der Erkundung Radz-at-Hans gelangte ich an einen spektakulären Ort. Betört von der schieren Vielfalt an Farben ergriff ich meine Feder und versuchte, die Schönheit in Worte zu fassen.","Diese staatlich unterstützte Spinnerei ist die erste Anlaufstelle für jeden, der Seidengarne von feinster Qualität benötigt. Lange Zeit waren ihre Methoden zur Fadenherstellung ein streng gehütetes Geheimnis, doch seit auch andere Länder wie Ul'dah mit der Seidenproduktion begonnen haben, nimmt man es mit den Sicher<hex:02160103>heits<hex:02160103>maß<hex:02160103>nahmen nicht mehr allzu genau. "
2162945,8961053,80,80,22,0,0,0,0,3707,81759,81259,81462,False,"Balshahn-Basar","Bei der Erkundung Radz-at-Hans gelangte ich an einen spektakulären Ort. Betört von der schieren Vielfalt an Farben ergriff ich meine Feder und versuchte, die Schönheit in Worte zu fassen.","Auf dem Basar, dem Herzstück Radz-at-Hans, pulsiert zwischen prächtig verzierten Marktständen das Leben. Seine Erbauung ist dem Namensgeber selbst zu verdanken, denn der legendäre Kaufmann Balshahn vermachte der Stadt vor seinem Dahinscheiden sein im Handel mit anderen Nationen erwirtschaftetes Vermögen, um den Basar zu finanzieren. "
2162946,8961054,80,80,22,0,0,0,0,3707,81760,81260,81462,False,"Nilopalas Vielfalt ","Bei der Erkundung Radz-at-Hans gelangte ich an einen spektakulären Ort. Betört von der schieren Vielfalt an Farben ergriff ich meine Feder und versuchte, die Schönheit in Worte zu fassen.","Lange wurden Hamsas nur für die Entnahme ihrer Giftdrüse gezüchtet, da diese eine wichtige Zutat in der Alchemie darstellt. Es war der Züchter Nilopala, der eine Methode zur Förderung des Giftes aus der Drüse entwickelte, wodurch die Hamsas ohne frühzeitige Schlachtung weitergezüchtet werden konnten. So wurde ihr Fleisch zu einem wertvollen Bestandteil der lokalen Küche. "
2162947,8961055,80,80,22,0,0,0,0,3707,81761,81261,81462,False,"Mehrydes Meyhane","Bei der Erkundung Radz-at-Hans gelangte ich an einen spektakulären Ort. Betört von der schieren Vielfalt an Farben ergriff ich meine Feder und versuchte, die Schönheit in Worte zu fassen.","In diesem reich verzierten Lokal mit eindrucksvollem Ausblick kommen die Radz-at-Haner zusammen, um in entspannter Atmosphäre Speisen und Getränke zu genießen, die oft von der Besitzerin Mehryde selbst serviert werden. Reisende haben hier die Gelegenheit, sich von den traditionellen Tänzen Thavnairs auf der lokaleigenen Bühne verzaubern zu lassen."
2162948,8961056,80,80,22,0,0,0,0,3707,81762,81262,81462,False,"Meghaduta-Tempel","Bei der Erkundung Radz-at-Hans gelangte ich an einen spektakulären Ort. Betört von der schieren Vielfalt an Farben ergriff ich meine Feder und versuchte, die Schönheit in Worte zu fassen.","Meghaduta bedeutet „Bote der Wolken“ in der alten Sprache der Arkasodara. Als Residenz des Magistrats und Machtzentrum der Regierung Radz-at-Hans wird der Tempel seinem Namen nur allzu gerecht. Tagtäglich hasten zahllose offizielle Besucher, Bedienstete und Bittsteller die lange Treppe vor seinen reich verzierten Toren auf und ab."
2162949,8961057,80,80,22,0,0,0,0,3707,81763,81263,81462,False,"Alzadaals Ruh","Bei der Erkundung Radz-at-Hans gelangte ich an einen spektakulären Ort. Betört von der schieren Vielfalt an Farben ergriff ich meine Feder und versuchte, die Schönheit in Worte zu fassen.","In diesem Mausoleum ruht Alzadaal, ein großer Khan der Au Ra, welcher einst vom Festland aus nach Thavnair einwanderte. Indem er sich mit den Arkasodara verbündete und im Kampf an ihrer Seite stand, leistete er einen entscheidenden Beitrag zur Beendigung des Konflikts zwischen den Arkasodara und den Gajasura."
2162950,9024728,80,80,22,0,0,0,0,3707,81796,81296,81462,False,"Dachgarten von Ruveydahs Zwirn","Bei der Erkundung Radz-at-Hans gelangte ich an einen spektakulären Ort. Betört von der schieren Vielfalt an Farben ergriff ich meine Feder und versuchte, die Schönheit in Worte zu fassen.","Fernab aller Blicke, auf dem Dach von Ruveydahs Zwirn, verbirgt sich ein geheimer Garten voller Maulbeersträucher. Es soll Glück bringen, sich auf die goldene Gaja-Statue des Gartens zu setzen. Ob das stimmt, lässt sich sogleich feststellen, falls es einem gelingt, beim Spaziergang über das ungesicherte Dach nicht den Halt zu verlieren."
2162951,8961060,80,80,22,0,0,0,0,3708,81764,81264,81461,False,"Pfad der Kunst<hex:02160103>fer<hex:02160103>tig<hex:02160103>keit","Bei der Erkundung des Labyrinthos gelangte ich an einen spektakulären Aussichtspunkt. Und was ich erblickte, wird die Barden bis ans Ende aller Tage zu Liedern und Weisen inspirieren.","Der Pfad der Kunst<hex:02160103>fer<hex:02160103>tig<hex:02160103>keit verbindet die Oberfläche Alt-Sharlayans mit dem unterirdischen Labyrinthos. Personen, die mit dem riesigen Aufzug in die Tiefe fahren, gelangen zunächst ins Ober-Acrinthos, um von dort aus zu den unter<hex:02160103>schied<hex:02160103>lichen Bereichen und Einrichtungen des Labyrinthos weiterzuziehen."
2162952,8961061,80,80,22,0,0,0,0,3708,81765,81265,81461,False,"Thaumazein","Bei der Erkundung des Labyrinthos gelangte ich an einen spektakulären Aussichtspunkt. Und was ich erblickte, wird die Barden bis ans Ende aller Tage zu Liedern und Weisen inspirieren.","Thaumazein bedeutet „Staunen“ in der alten Sprache Sharlayans und ist Ausdruck der inneren Haltung, die jeder philosophischen Betrachtung zugrunde liegt. Im übertragenen Sinn diente das Thaumazein als Ausgangspunkt der Erforschung der Geheimnisse des Sternengrunds. Dabei gerieten die Forscher in Kontakt mit Hydaelyn. Zuletzt wurde hier die Arche für die Reise zum Mond gebaut."
2162953,8961062,80,80,22,0,0,0,0,3708,81766,81266,81461,False,"Meryalls Agrarbotanik","Bei der Erkundung des Labyrinthos gelangte ich an einen spektakulären Aussichtspunkt. Und was ich erblickte, wird die Barden bis ans Ende aller Tage zu Liedern und Weisen inspirieren.","In Meryalls Agrarbotanik werden botanische Proben aus aller Welt archiviert und neue landwirtschaftliche Methoden erforscht. Meryall war eine der sieben Exegeten, die an der Gründung Sharlayans beteiligt war. Mit ihrem profunden botanischen Wissen half sie dabei, die karge Insel fruchtbar zu machen und die Bewohner mit Lebensmitteln zu versorgen."
2162954,8961063,80,80,22,0,0,0,0,3708,81767,81267,81461,False,"Grotte der Troglophilen","Bei der Erkundung des Labyrinthos gelangte ich an einen spektakulären Aussichtspunkt. Und was ich erblickte, wird die Barden bis ans Ende aller Tage zu Liedern und Weisen inspirieren.","Diese Höhle dient als Brutstätte für bestimmte Arten, die für die Forschungsbemühungen als wichtig erachtet werden<hex:021D0103>- einschließlich einer Studie zur Herstellung von Dünger aus den phosphorreichen Exkrementen der Höhlenbewohner. Die Reproduktion der Troglofauna ist jedoch Fluktuationen unterworfen, wodurch es auch immer wieder zu bedrohlichen Plagen kommt."
2162955,8961064,80,80,22,0,0,0,0,3708,81768,81268,81461,False,"Klein-Sharlayan","Bei der Erkundung des Labyrinthos gelangte ich an einen spektakulären Aussichtspunkt. Und was ich erblickte, wird die Barden bis ans Ende aller Tage zu Liedern und Weisen inspirieren.","In dieser Wohnstätte lebten vom Rat der Philosophen einberufene Forscher, die für die Arbeit im Zentralzirkel zuständig waren. Aufgrund der strengen Vorschriften zur Geheimhaltung ihrer Projekte war es ihnen nur selten erlaubt, das in sich geschlossene Klein-Sharlayan zu verlassen."
2162956,8961068,80,80,22,0,0,0,0,3709,81769,81269,81462,False,"Yedlihmad","Bei der Erkundung Thavnairs gelangte ich an einen spektakulären Ort. Betört von der schieren Vielfalt an Farben ergriff ich meine Feder und versuchte, die Schönheit in Worte zu fassen.","Yedlihmad, „der neue Hafen“ in der Sprache der Siedler vom Festland, ist die wichtigste Hafenstadt Thavnairs. Die seichten Gewässer rund um die Insel machen es großen Handels<hex:02160103>schiffen unmöglich, direkt vor Ort zu ankern. Händler planen daher stets einen Zwischenstopp auf dem gegenüberliegenden Alnair ein und setzen von dort aus mit Segelbooten nach Yedlihmad und Radz-at-Han über. "
2162957,8961069,80,80,22,0,0,0,0,3709,81770,81270,81462,False,"Kadjayas Bühne","Bei der Erkundung Thavnairs gelangte ich an einen spektakulären Ort. Betört von der schieren Vielfalt an Farben ergriff ich meine Feder und versuchte, die Schönheit in Worte zu fassen.","Unter dem wachsamen Blick ihres steinernen Ebenbilds huldigen Tänzer und Tänzerinnen auf dieser Bühne Kadjaya, der Mutter des Kriegstanzes. Jede hier stattfindende Darbietung zu Ehren der Vorfahren und Götter erweckt den Eindruck eines rituellen Kräfteringens zwischen Stärke und Anmut."
2162958,8961067,80,80,22,0,0,0,0,3709,81771,81271,81462,False,"Gallenerz-Feld","Bei der Erkundung Thavnairs gelangte ich an einen spektakulären Ort. Betört von der schieren Vielfalt an Farben ergriff ich meine Feder und versuchte, die Schönheit in Worte zu fassen.","Was hier aus dem Steinbruch geschlagen wird, ist Thavnairs wertvollstes Handelsgut. Während der enorme Härtegrad des Gallenerzes es zu einem begehrten Baumaterial macht, sorgt seine violette Maserung für eine hohe Ätherleitfähigkeit, die sich perfekt zur Herstellung von Waffen und Rüstungen eignet. Sogar in der Alchemie findet Gallenerz als Zutat Verwendung. "
2162959,8961070,80,80,22,0,0,0,0,3709,81772,81272,81462,False,"Schleier der Sangha","Bei der Erkundung Thavnairs gelangte ich an einen spektakulären Ort. Betört von der schieren Vielfalt an Farben ergriff ich meine Feder und versuchte, die Schönheit in Worte zu fassen.","Auf den ersten Blick erscheint dieser Ort wie ein gewöhnlicher Dschungel, in dem die Natur sich selbst überlassen wurde. Wandert man jedoch tiefer ins Dickicht, stößt man alsbald auf die alten Ruinen von Schreinen und Tempeln, an denen Gläubige einst ihre Götter verehrten. Selbst jetzt vermitteln die zerfallenen Gemäuer noch einen Eindruck ihrer damaligen Herrlichkeit."
2162960,8961071,80,80,22,0,0,0,0,3709,81773,81273,81462,False,"Mayaquell","Bei der Erkundung Thavnairs gelangte ich an einen spektakulären Ort. Betört von der schieren Vielfalt an Farben ergriff ich meine Feder und versuchte, die Schönheit in Worte zu fassen.","Seinerzeit beherbergte dieser große Tempel eine Gilde Arkasodara-Magier, die nach der Erleuchtung einer göttlichen Kraft namens Maya strebten. Nachdem man ihn gegen eine tiefer im Dschungel gelegene Festung eintauschte, geriet der Tempel in Vergessenheit. Heute ist der Zugang ins Innere durch Schutt und Regenwasser versperrt."
2162961,8961072,80,80,22,0,0,0,0,3709,81774,81274,81462,False,"Daemirs Werk","Bei der Erkundung Thavnairs gelangte ich an einen spektakulären Ort. Betört von der schieren Vielfalt an Farben ergriff ich meine Feder und versuchte, die Schönheit in Worte zu fassen.","Von allen Alchemisten-Familien Thavnairs, welches bekanntlich die Wiege der Alchemie selbst ist, war das Haus der Daemirs das erfolgreichste. Hier an diesem Fleck errichteten sie ihr Alchemiewerk, welches bald zum Dreh- und Angelpunkt vieler talentierter Alchemisten wurde, die das Vermächtnis der Daemirs bis zum heutigen Tag fortführen."
2162962,8961073,80,80,22,0,0,0,0,3710,81775,81275,81465,False,"Tertium","Bei der Erkundung Garlemalds gelangte ich an einen eindrucksvollen Ort. Kalte Winde peitschten über die Landschaft, während ich meine Eindrücke versuchte niederzuschreiben.","Tertium ist ein Rangierbahnhof an dritter Stelle des Zugnetzes der Reichshauptstadt, was seine Benennung erklärt. Nach dem Fall der Stadt machten die Überlebenden der I. Legion ihn zu ihrer provisorischen Basis, da er sowohl über einen Generator zur Versorgung der Magitek-Anlagen als auch andere strategisch wichtige Einrichtungen verfügt."
2162963,8961124,80,80,22,0,0,0,0,3710,81776,81276,81465,False,"Juturna-Plattform G","Bei der Erkundung Garlemalds gelangte ich an einen eindrucksvollen Ort. Kalte Winde peitschten über die Landschaft, während ich meine Eindrücke versuchte niederzuschreiben.","Von ehemals sieben Bohrinseln, die von A bis G benannt waren, blieb nach Ende des Bürgerkriegs lediglich Plattform G in Betrieb. Sie wurde gebaut, um den am Grund des Sees Cerulea Ingens im Wasser enthaltenen Erdseim zu fördern."
2162964,8961125,80,80,22,0,0,0,0,3710,81777,81277,81465,False,"Der entgleiste Zug","Bei der Erkundung Garlemalds gelangte ich an einen eindrucksvollen Ort. Kalte Winde peitschten über die Landschaft, während ich meine Eindrücke versuchte niederzuschreiben.","Dieser Zug entgleiste, als er bei einem Fluchtversuch aus der Hauptstadt von besessenen Soldaten attackiert wurde. Den luxuriösen Waggons des Modells XLIX nach zu urteilen, befanden sich unter den Passagieren hauptsächlich Adlige, hochrangige Soldaten und ausgewählte Zivilisten, die vermutlich alle bei dem Zugunglück ums Leben kamen."
2162965,8961126,80,80,22,0,0,0,0,3710,81778,81278,81465,False,"Senaculum Imperialis","Bei der Erkundung Garlemalds gelangte ich an einen eindrucksvollen Ort. Kalte Winde peitschten über die Landschaft, während ich meine Eindrücke versuchte niederzuschreiben.","Bereits zur Zeit der Garleischen Republik fungierte das Senaculum Imperialis als Zentrum der Entscheidungsgewalt, woran sich auch nach der Reichsgründung bei seiner Umwandlung in ein Beratungsorgan des Kaisers nichts änderte. Viele der Entscheidungen, die hinter diesen Mauern getroffen wurden, besiegelten das blutige Schicksal anderer Nationen. "
2162966,8961127,80,80,22,0,0,0,0,3710,81779,81279,81465,False,"Regio Urbanissima","Bei der Erkundung Garlemalds gelangte ich an einen eindrucksvollen Ort. Kalte Winde peitschten über die Landschaft, während ich meine Eindrücke versuchte niederzuschreiben.","Ein Stadtbezirk, der das grenzenlose Streben nach Macht des Garleischen Reiches verkörperte. Er war das politische, militärische und wirtschaftliche Herz der Hauptstadt, bevor der Bürgerkrieg ihn in einen schwelenden Trümmerhaufen verwandelte. Die zerstörten Gebäude lieferten anschließend das Baumaterial für den Turm von Babil."
2162967,8961128,80,80,22,0,0,0,0,3710,81780,81280,81465,False,"Forum Solius","Bei der Erkundung Garlemalds gelangte ich an einen eindrucksvollen Ort. Kalte Winde peitschten über die Landschaft, während ich meine Eindrücke versuchte niederzuschreiben.","Vor Beginn des zweiten Eroberungsfeldzugs im Osten hielt Kaiser Solus hier eine große Militärparade ab. Nach dem darauffolgenden Sieg über Dalmasca wurde der Platz in eine öffentliche Gedenkstätte umgewandelt. "
2162968,8961129,80,80,22,0,0,0,0,3713,81781,81281,81464,False,"Schwarzmulchkuppen","Bei der Erkundung von Elpis folgte ein atemberaubender Anblick auf den nächsten. Was ich sah, erfüllte mich mit dem Bestreben, allen Geheimnissen dieses wundersamen Ortes auf die Spur kommen zu wollen.","Eine Gruppe ambitionierter Wissenschaftler nutzte diesen kleinen Garten am Rande von Elpis, um sich der Forschung ohne Anwendung von Schöpfungsmagie zu widmen. Im Gegensatz zu ihren Kollegen zogen sie es vor, verschiedene Lebewesen auf natürliche Weise miteinander zu kreuzen und sich von den daraus entstehenden Zufallsergebnissen überraschen zu lassen. "
2162969,8961130,80,80,22,0,0,0,0,3713,81782,81282,81464,False,"Metabaseos Thalassai","Bei der Erkundung von Elpis folgte ein atemberaubender Anblick auf den nächsten. Was ich sah, erfüllte mich mit dem Bestreben, allen Geheimnissen dieses wundersamen Ortes auf die Spur kommen zu wollen.","Ein Ablegergebäude der Hyperboreia, dessen Inneres wesentlich größer ist, als es von außen den Anschein hat. Zur Erforschung und Beobachtung von Meereskreaturen wurden darin stolze sechs ozeanische Biotope errichtet, in denen neue Schöpfungen verschiedenen Umweltbedingungen ausgesetzt werden konnten."
2162970,8961131,80,80,22,0,0,0,0,3713,81783,81283,81464,False,"Lethe","Bei der Erkundung von Elpis folgte ein atemberaubender Anblick auf den nächsten. Was ich sah, erfüllte mich mit dem Bestreben, allen Geheimnissen dieses wundersamen Ortes auf die Spur kommen zu wollen.","Der schönste und dennoch wohl bedrückendste Ort in Elpis. Hierher wurden Schöpfungen gebracht, die man als ungeeignet für das Leben in den Ökosystemen der Welt betrachtete. Dieselbe Magie, mit der sie erschaffen wurden, zog ihre Essenz durch die Quelle wieder hinab in die Unterwelt."
2162971,8961132,80,80,22,0,0,0,0,3713,81784,81284,81464,False,"Ktisis Hyperboreia","Bei der Erkundung von Elpis folgte ein atemberaubender Anblick auf den nächsten. Was ich sah, erfüllte mich mit dem Bestreben, allen Geheimnissen dieses wundersamen Ortes auf die Spur kommen zu wollen.","Die Hyperboreia war die wichtigste Einrichtung in Elpis, denn hier wurde über das Schicksal aller geschaffenen Arten gerichtet. Zu diesem Zweck beherbergte das riesige Gebäude viele verschiedene Biome, in denen man die Schöpfungen auf ihre Nützlichkeit hin prüfte. "
2162972,8961133,80,80,22,0,0,0,0,3713,81785,81285,81464,False,"Anagnorisis","Bei der Erkundung von Elpis folgte ein atemberaubender Anblick auf den nächsten. Was ich sah, erfüllte mich mit dem Bestreben, allen Geheimnissen dieses wundersamen Ortes auf die Spur kommen zu wollen.","Die Beobachter der Hyperboreia waren in dieser kleinen Siedlung untergebracht. Anagnorisis bedeutet „Erkenntnis“ oder „Entdeckung“ in der alten Sprache und ist eine treffende Umschreibung ihrer Aufgabe. Sie waren dafür zuständig zu entscheiden, ob eine neue Schöpfung in die freie Wildbahn entlassen werden konnte, oder aber in der Lethe ihr Ende fand."
2162973,8961134,80,80,22,0,0,0,0,3711,81786,81286,81463,False,"Kydonias Antlitz","Bei der Erkundung von Mare Lamentorum gelangte ich an einen spektakulären Aussichtspunkt. Und was ich erblickte, wird mit keiner Zunge meines Heimatgestirns je in gebührende Worte zu fassen sein.","Wer für die Züge dieses gigantischen Felsens Modell stand, dessen Antlitz stumm gen Sternenmeer starrt, wird wohl mitsamt dem Schöpfer des Gebildes für alle Zeit ein Mysterium bleiben. Vielleicht ist das auch besser so<hex:021D0103>- sonderlich schmeichelhaft ist jene Darstellung nämlich nicht."
2162974,8961135,80,80,22,0,0,0,0,3711,81787,81287,81463,False,"Carrotorium","Bei der Erkundung von Mare Lamentorum gelangte ich an einen spektakulären Aussichtspunkt. Und was ich erblickte, wird mit keiner Zunge meines Heimatgestirns je in gebührende Worte zu fassen sein.","Wer ganz zu Recht glaubt, Möhren seien das höchste kulinarische Gut des Universums, der wird das Carrotorium nie wieder verlassen wollen. Umgeben von sich endlos vervielfachenden Kraft-, Knobel- und Glückskarotten sind sämtliche Sorgen des Daseins schnell nichtig und vergessen. "
2162975,8961136,80,80,22,0,0,0,0,3711,81788,81288,81463,False,"Der schönste Wald","Bei der Erkundung von Mare Lamentorum gelangte ich an einen spektakulären Aussichtspunkt. Und was ich erblickte, wird mit keiner Zunge meines Heimatgestirns je in gebührende Worte zu fassen sein.","Der Namensgeber dieses künstlich geschaffenen Stückchens Grün war zweifellos von seinem schöpferischen Talent überzeugt. Das Ergebnis ähnelt zwar weniger einem Wald als einem Laternengeschäft, ist aber dennoch hübsch anzusehen und wird seinem Zweck als Ort der Entspannung sicher gerecht werden."
2162976,8961137,80,80,22,0,0,0,0,3711,81789,81289,81463,False,"Heimdalls letzte Ruh","Bei der Erkundung von Mare Lamentorum gelangte ich an einen spektakulären Aussichtspunkt. Und was ich erblickte, wird mit keiner Zunge meines Heimatgestirns je in gebührende Worte zu fassen sein.","Die Trümmer des allagischen Raumschiffs Heimdall zeugen von jenem Moment der Siebten Katastrophe, kurz bevor der in Dalamud versiegelte Bahamut Ætheris erreichte. Das Schiff diente seiner Überwachung und wurde vermutlich abgeschossen, um Bahamuts Beschwörung zu verhindern - wie man heute weiß, vergeblich."
2162977,8961138,80,80,22,0,0,0,0,3711,81790,81290,81463,False,"Palast des Wächters","Bei der Erkundung von Mare Lamentorum gelangte ich an einen spektakulären Aussichtspunkt. Und was ich erblickte, wird mit keiner Zunge meines Heimatgestirns je in gebührende Worte zu fassen sein.","Hoch über die stummen Weiten des Mondes hinaus winden sich die Zinnen dieses prunkvollen Palastes. Die spiralförmige Äthervorrichtung, die sich an das Bauwerk schmiegt, verleiht ihm eine einzigartige Eleganz, die entfernt an einen Ort in Tempest auf dem ersten Splitter erinnert ..."
2162978,8961139,80,80,22,0,0,0,0,3712,81791,81291,81463,False,"Stigma-1","Bei der Erkundung Ultima Thules gelangte ich an einen Ort, der mich daran zweifeln ließ, ob ich wachte oder träumte. Was ich erblickte, würde sich auf ewig tief in mein Gedächtnis brennen.","Die militärische Operationsmatrix einer Maschinenzivilisation, die von Meteion im Ostrakon Deka-hexi nachgebildet wurde. Sie ist die oberste Entscheidungsinstanz der Maschinen. Früher wurde sie Alpha-1 genannt, doch nachdem ein Angriff ihr beinahe fatale Systemschäden zufügte, startete sie sich unter dem Namen Stigma-1 neu. "
2162979,8961140,80,80,22,0,0,0,0,3712,81792,81292,81463,False,"Ostrakon Deka-hexi","Bei der Erkundung Ultima Thules gelangte ich an einen Ort, der mich daran zweifeln ließ, ob ich wachte oder träumte. Was ich erblickte, würde sich auf ewig tief in mein Gedächtnis brennen.","In diesem Sektor hat Meteion einen Teil der 16. Zivilisation reproduziert, auf die ihre Schwestern in den Weiten des Sternenmeeres stießen. Ungewiss bleibt, ob es sich hier um Überreste von Alphatron, der Heimatwelt der Omikron, oder aber eine ihrer hochentwickelten Außenposten handelt, die der Invasion anderer Planeten dienten."
2162980,8961141,80,80,22,0,0,0,0,3712,81793,81293,81463,False,"Ostrakon Tria","Bei der Erkundung Ultima Thules gelangte ich an einen Ort, der mich daran zweifeln ließ, ob ich wachte oder träumte. Was ich erblickte, würde sich auf ewig tief in mein Gedächtnis brennen.","Hier hat Meteion einen Teil der 3. Zivilisation reproduziert, auf die ihre Schwestern im Sternenmeer stießen. Die Ea erlangten ewiges Leben, indem sie ihre sterblichen Hüllen gegen körperlose Seelenformen eintauschten. Mit der Zeit häuften sie Wissen an, und mit dem Wissen kam die Erkenntnis über das Ende des Universums, welche sie fortan in die Ver<hex:02160103>zweif<hex:02160103>lung trieb."
2162981,8961142,80,80,22,0,0,0,0,3712,81794,81294,81463,False,"Ostrakon Deka-okto","Bei der Erkundung Ultima Thules gelangte ich an einen Ort, der mich daran zweifeln ließ, ob ich wachte oder träumte. Was ich erblickte, würde sich auf ewig tief in mein Gedächtnis brennen.","In diesem Sektor hat Meteion einen Teil der 18. Zivilisation reproduziert, auf die ihre Schwestern in den Weiten des Sternenmeeres stießen. Dies war der Planet eines stolzen Drachenvolkes, den die Invasion der Maschinen von Alphatron letztlich in Schutt und Asche legte. Mit ihrer Heimat vergingen die Drachen letztlich selbst."
2162982,8961143,80,80,22,0,0,0,0,3712,81795,81295,81463,False,"Ostrakon Hena","Bei der Erkundung Ultima Thules gelangte ich an einen Ort, der mich daran zweifeln ließ, ob ich wachte oder träumte. Was ich erblickte, würde sich auf ewig tief in mein Gedächtnis brennen.","In diesem Sektor hat Meteion einen Teil der 1. Zivilisation reproduziert, auf die ihre Schwestern in den Weiten des Sternenmeeres stießen. Was auch immer in dieser Stadt geschehen ist, es geschah unerwartet, denn die hinterlassene Infrastruktur erweckt den Eindruck eines urplötzlichen Verschwindens ihrer Bewohner."
2162983,10507030,90,90,22,0,0,0,0,4504,81841,81341,81466,False,"Küstenkolonie","Bei meiner Ankunft in Tuliyollal gelangte ich an einen Ort, an dem mir die Vielfalt des hiesigen Lebens schier den Atem raubte.","Der größte Markt Tuliyollals gleicht wahrhaftig einer Kolonie von Möwen, in der sich das Leben tummelt und sich die Reichtümer Turals häufen. Sie schimmern so golden wie die Sonne selbst, die sich auf den an der Küstenkolonie leckenden Wellen bricht."
2162984,10507035,90,90,22,0,0,0,0,4504,81842,81342,81466,False,"Glanzfeder-Viertel","Bei meiner Erkundung Tuliyollals gelangte ich an einen Ort, an dem mir die Vielfalt des hiesigen Lebens schier den Atem raubte.","Auf den ersten Blick sieht Tuliyollals Wohngebiet aus wie eine Reihe gleicher Häuser, doch wagt man die genauere Betrachtung, erkennt man die unglaubliche Vielfalt der Bewohner - sie sind das bunte Gefieder der Hauptstadt selbst, das ihr ihren un<hex:02160103>ver<hex:02160103>gleich<hex:02160103>li<hex:02160103>chen Glanz verleiht."
2162985,10507036,90,90,22,0,0,0,0,4504,81843,81343,81466,False,"Hochfluthafen","Bei meiner Ankunft in Tuliyollal gelangte ich an einen Ort, an dem mir die Vielfalt des hiesigen Lebens schier den Atem raubte.","Schwer beladene Boote fahren in stetem Strom zu den dickbauchigen Schiffen, die hinter den tückischen Riffen ankern - doch nur während der Flut, denn die Ebbe offenbart die scharfen, steinernen Meereszähne und versperrt selbst den kleinsten Kähnen den Weg."
2162986,10507037,90,90,22,0,0,0,0,4504,81844,81344,81466,False,"Kielkajüten","Bei meiner Ankunft in Tuliyollal gelangte ich an einen Ort, an dem mir die Vielfalt des hiesigen Lebens schier den Atem raubte.","Der lange Steg führt an einer ganzen Reihe kleiner Häuser vorbei, die Reisenden ein flüchtiges Zuhause bieten. Früher schliefen Seeleute hier wohl in ihren ankernden Bötchen, und auch der Name der Kielkajüten entstammt einem fremdländischen Abenteurer, den die Dächer an den Bug eines Schiffes erinnerten."
2162987,10507038,90,90,22,0,0,0,0,4504,81845,81345,81466,False,"Hunu'iliy","Bei meiner Erkundung Tuliyollals gelangte ich an einen Ort, an dem mir die Vielfalt des hiesigen Lebens schier den Atem raubte.","In der Sprache der Hanuhanu bedeutet der Name dieses Leuchtturms „Herzensflamme“. Früher war er ein waches Auge auf Xak Tural, doch heute wacht er nur mehr über Schiffe, die den reißenden Riffen Turals zu nahe kommen."
2162988,10507060,90,90,22,0,0,0,0,4505,81823,81323,81466,False,"Wachunpelo","Bei meinen Streifzügen durch Urqopacha gelangte ich an einen Ort, der in mir sowohl großen Respekt für bewährte Traditionen als auch das leise Verlangen nach deren Neuerung erweckte.","Dieses Bergdorf ist die Heimat der geschäftstüchtigen Pelupelu. Sie sind einerseits für ihren exquisiten Kaffee und Mezcal bekannt, andererseits für ihre Alpakazucht. Die Reihen kleiner Häuser, perfekt auf ihre Statur zugeschnitten, fügen sich zu einem heimeligen, possierlich wirkendem Bild."
2162989,10507061,90,90,22,0,0,0,0,4505,81828,81328,81466,False,"Miplus Mategarten","Bei meinen Streifzügen durch Urqopacha gelangte ich an einen Ort, der in mir sowohl großen Respekt für bewährte Traditionen als auch das leise Verlangen nach deren Neuerung erweckte.","Der Name dieser reizenden Plantage ist selbsterklärend. Mir wurde erzählt, dass das Land vor allem stachelig und karg war, ehe die Samen der Teesträucher nach Urqopacha kamen. Seither hat sich jedoch so viel getan, dass der Ort vor Leben und Handel geradezu zu summen scheint - und auch das Land ist seither fruchtbarer geworden."
2162990,10507062,90,90,22,0,0,0,0,4505,81826,81326,81466,False,"Schatten der Trauer","Bei meinen Streifzügen durch Urqopacha gelangte ich an einen Ort, der in mir sowohl großen Respekt für bewährte Traditionen als auch das leise Verlangen nach deren Neuerung erweckte.","Alte Ruinen ragen in den blauen Himmel über der Klippe. Einst lebten die Yok Huy in diesem Dorf, doch als ihre Zahlen schwanden, gaben sie diese Siedlung auf und ließen lediglich bittere Trauer zurück. Einst soll es gar eine Straße gen Chabayuqeq gegeben haben, doch der Berg hat sich ihrer inzwischen bemächtigt."
2162991,10507063,90,90,22,0,0,0,0,4505,81824,81324,81466,False,"Naryor Gorna","Bei meinen Streifzügen durch Urqopacha gelangte ich an einen Ort, der in mir sowohl großen Respekt für bewährte Traditionen als auch das leise Verlangen nach deren Neuerung erweckte.","Es waren die Flammen Valigarmandas, die diesen Krater schufen, und auch heute lodern sie noch weiter, ein Heim für gefährliche Feuerkreaturen bietend. Seinen Namen gaben ihm die Yok Huy in äußerst grafischer Beschreibung: „das Land der verbrannten, ausgerissenen Augenhöhlen“."
2162992,10507064,90,90,22,0,0,0,0,4505,81827,81327,81466,False,"Salzgruben der Chirwagur","Bei meinen Streifzügen durch Urqopacha gelangte ich an einen Ort, der in mir sowohl großen Respekt für bewährte Traditionen als auch das leise Verlangen nach deren Neuerung erweckte.","Hier leben jene Yok Huy, die sich der Herrschaft des Dämmerkönigs nicht beugen wollen. Früher soll das Land ein Meer gewesen sein, das bis auf sein Salz restlos vertrocknete. Seine Bewohner nannten es „Reiche Almosen“ und schlugen Terrassenfelder hinein, um sich dieses Schatzes zu bemächtigen."
2162993,10507066,90,90,22,0,0,0,0,4505,81825,81325,81466,False,"Worqor Lar Dor","Bei meinen Streifzügen durch Urqopacha gelangte ich an einen Ort, der in mir sowohl großen Respekt für bewährte Traditionen als auch das leise Verlangen nach deren Neuerung erweckte.","Worqor Lar Dor, „das in allen Farben der Welt blühende Hochland“ - so nennen die Yok Huy dieses farbenfrohe Wunder der Natur. Und in der Tat, die abertausend Blumen tauchen diese Weihestätte in ein Farbspiel, das die heilige Bedeutung dieser Stätte umso deutlicher macht."
2162994,10507336,90,90,22,0,0,0,0,4506,81829,81329,81466,False,"Haus der Wuchernden Winde","Bei meinen Streifzügen durch Kozama'uka gelangte ich an einen Ort, der in mir sowohl großen Respekt für bewährte Traditionen als auch das leise Verlangen nach deren Neuerung erweckte.","Eines der drei großen Baumhäuser der Hanuhanu. Der Name soll an ein Anwesen in ihrer traditionellen Heimat erinnern. Hier hausen die Hanuhanu, die sich in der Windmagie üben, als harmonische Gemeinschaft - oft sieht man sie von Wipfel zu Wipfel gleiten oder wagemutig gen Erdboden segeln."
2162995,10507337,90,90,22,0,0,0,0,4506,81833,81333,81466,False,"Kikitola-Höhle","Bei meinen Streifzügen durch Kozama'uka gelangte ich an einen Ort, der in mir sowohl großen Respekt für bewährte Traditionen als auch das leise Verlangen nach deren Neuerung erweckte.","Die drei großen Fälle Xodune, Xo'onu und Xopik' höhlten diese Grotte über viele Jahrhunderte hinweg aus. Nun wird sie von lumineszentem Moos erhellt und gleicht dem Sternenmeer des Nachthimmels so sehr, dass die Hanuhanu sie prompt nach ihm benannten: „die sternenreiche Höhle“."
2162996,10507338,90,90,22,0,0,0,0,4506,81831,81331,81466,False,"Hängender Kai","Bei meinen Streifzügen durch Kozama'uka gelangte ich an einen Ort, der in mir sowohl großen Respekt für bewährte Traditionen als auch das leise Verlangen nach deren Neuerung erweckte.","Am Fuße des Ku'uxage errichteten Fischer der Hanuhanu diesen beeindruckenden Kai, dessen starke Stämme selbst dem wildesten Wasser widerstehen. Nimmt man sich Zeit, kann man die verbissenen Kämpfe zwischen Fischern und Fischen beobachten, die in den reißenden Fluten beheimatet sind."
2162997,10507339,90,90,22,0,0,0,0,4506,81834,81334,81466,False,"Kozanuakiy","Bei meinen Streifzügen durch Kozama'uka gelangte ich an einen Ort, der in mir sowohl großen Respekt für bewährte Traditionen als auch das leise Verlangen nach deren Neuerung erweckte.","Diese Stätte ist der Hanuhanu-Gottheit Kixaihih geweiht, die hier auch von einer beeindruckenden Statue dargestellt wird. Das „Land des trockenen Schreins“ gilt als heilige, sonnengeküsste Stätte inmitten des sonst so feuchten Kozama'ukas."
2162998,10507340,90,90,22,0,0,0,0,4506,81830,81330,81466,False,"Irdehalde","Bei meinen Streifzügen durch Kozama'uka gelangte ich an einen Ort, der in mir sowohl großen Respekt für bewährte Traditionen als auch das leise Verlangen nach deren Neuerung erweckte.","Die Heimat der Moblins macht ihrem Namen alle Ehre, wirkt sie doch wie eine Ansammlung von übergroßen Tontöpfen und -krügen. Es ist auch die Heimat der Topfwerker, besonders talentierter Handwerker, die mit dem hiesigen Völkchen einen Pakt geschlossen haben und in ihren Stätten nun un<hex:02160103>ver<hex:02160103>gleich<hex:02160103>li<hex:02160103>che Meisterwerke schaffen."
2162999,10507341,90,90,22,0,0,0,0,4506,81832,81332,81466,False,"Ligaka-Bruch","Bei meinen Streifzügen durch Kozama'uka gelangte ich an einen Ort, der in mir sowohl großen Respekt für bewährte Traditionen als auch das leise Verlangen nach deren Neuerung erweckte.","Ein gemächlicher Strom, der einer Vielzahl von bunten Wasserpflanzen eine Heimat ist. So nannten ihn die Hanuhanu auch den „tiefen Regenbogen“, schillern die saftigen Blätter unter Wasser doch je nach Temperatur und Umgebungsäther in gänzlich unter<hex:02160103>schied<hex:02160103>lichen Farben."
2163000,10507577,90,90,22,0,0,0,0,4507,81835,81335,81466,False,"Iq Br'aax","Bei meinen Streifzügen durch Yak T'el gelangte ich an einen Ort, der in mir sowohl großen Respekt für bewährte Traditionen als auch das leise Verlangen nach deren Neuerung erweckte.","Das Dorf der Xbr'aal schmiegt sich an einen Tsoly, was wiederum ihr Wort für einen Cenote ist, und bietet wohl den einzigen Blick auf die Sterne in ganz Yak T'el. Die Holzhäuser sind im charakteristischen Rot des Volkes bemalt, denn der Name der Siedlung selbst bedeutet „Roter Br'aax“ - eine Coeurl-artige Raubkatze."
2163001,10507579,90,90,22,0,0,0,0,4507,81840,81340,81466,False,"Iq Rrax Tsoly","Bei meinen Streifzügen durch Yak T'el gelangte ich an einen Ort, der in mir sowohl großen Respekt für bewährte Traditionen als auch das leise Verlangen nach deren Neuerung erweckte.","Ein massiver Cenote, der den Nordosten von Yak T'el dominiert. Während des langen Krieges zwischen Xbr'aal und Mamool Ja wurden die Toten in seinen tiefen Wassern bestattet, was ihm seinen Namen einbrachte: „der blutrote Cenote“."
2163002,10507580,90,90,22,0,0,0,0,4507,81838,81338,81466,False,"Aschenfront von Xobr'it","Bei meinen Streifzügen durch Yak T'el gelangte ich an einen Ort, der in mir sowohl großen Respekt für bewährte Traditionen als auch das leise Verlangen nach deren Neuerung erweckte.","Über hunderte von Jahren hinweg trafen die Xbr'aal und die Mamool Ja hier in blutigen Kämpfen aufeinander, bis vom einst dichten Wald nichts mehr übrig war. Selbst jetzt findet sich weder Keim noch Spross in der verbrannten Erde. Lediglich alte Waffen wachsen aus dem Boden, als stumme Zeugen der Gewalt, die das Land hier mitansehen musste."
2163003,10507581,90,90,22,0,0,0,0,4507,81836,81336,81466,False,"Choliselvaas","Bei meinen Streifzügen durch Yak T'el gelangte ich an einen Ort, der in mir sowohl großen Respekt für bewährte Traditionen als auch das leise Verlangen nach deren Neuerung erweckte.","Diese Felsnadel ragt noch über die Wipfel Ja Tiikas hinaus. Geschichten zufolge ist sie ein Überbleibsel des Meteoriten, der den unteren Wald damals so deutlich vom oberen getrennt hat. Es heißt, dass die Mamool Ja den Fels als heilig sehen, während die Xbr'aal das Wäldchen auf ihm ehren."
2163004,10507583,90,90,22,0,0,0,0,4507,81839,81339,81466,False,"Herz von Ja Tiika","Bei meinen Streifzügen durch Yak T'el gelangte ich an einen Ort, der in mir sowohl großen Respekt für bewährte Traditionen als auch das leise Verlangen nach deren Neuerung erweckte.","Blaues Licht hüllt jeden Baum und jeden Cenote in ein mysteriöses Glimmen, das den Wald namens „Wald der Gefolgschaft“ erfüllt. Es ist die Heimat der Mamool Ja, in die durch die hohen Bäume und dichten Wipfel kaum ein einziger Sonnenstrahl zu dringen vermag."
2163005,10507585,90,90,22,0,0,0,0,4507,81837,81337,81466,False,"Baum des Lebenden Lichts","Bei meinen Streifzügen durch Yak T'el gelangte ich an einen Ort, der in mir sowohl großen Respekt für bewährte Traditionen als auch das leise Verlangen nach deren Neuerung erweckte.","Dieser gigantische Baum ist mit einem leuchtenden Meteoriten vereint, seine Wurzeln tief in den Cenote streckend. Dieser Stein soll das Herz des Meteoriten gewesen sein, der in Yak T'el einschlug und dessen Fragmente seither den ganzen unteren Wald zieren. Er soll der Grund für das Wachstum dieses Baumes, sowie aller anderen massiven Pflanzen sein."
2163006,10509664,90,90,22,0,0,0,0,4508,81801,81301,81469,False,"Hhusatahwi","Beim Durchstreifen der Weiten Shaaloanis gelangte ich an einen Ort, der in mir sowohl großen Respekt für bewährte Traditionen als auch das leise Verlangen nach deren Neuerung erweckte.","In der Nähe des Tors von Tuliyollal gelegen ist Hhusatahwi ein wichtiger Wegpunkt für die fortschreitende Modernisierung Shaaloanis und hat sich so binnen weniger Jahre von einigen schlichten Lagerhallen zu einem vollausgewachsenen Städtchen samt Vergnügungsmeile entwickelt."
2163007,10509665,90,90,22,0,0,0,0,4508,81805,81305,81469,False,"Mehwahhetsoan","Beim Durchstreifen der Weiten Shaaloanis gelangte ich an einen Ort, der in mir sowohl großen Respekt für bewährte Traditionen als auch das leise Verlangen nach deren Neuerung erweckte.","Diese Siedlung besteht aus einer Gruppe von Hhetsarro, die Rroneek als sogenannte Hhetso verehrt. Der Ortsname bedeutet in ihrer Zunge recht wörtlich „Land der grasenden Hhetso“. Somit verweilen die Hhetsarro das Jahr über nicht an ein und demselben Fleck, sondern ziehen zusammen mit den Rroneek umher, stets auf der Suche nach Weideland."
2163008,10509666,90,90,22,0,0,0,0,4508,81803,81303,81469,False,"Toari-See","Beim Durchstreifen der Weiten Shaaloanis gelangte ich an einen Ort, der in mir sowohl großen Respekt für bewährte Traditionen als auch das leise Verlangen nach deren Neuerung erweckte.","Genau wie das Wasser fließt auch das Leben und seine vielen Momente stets davon. Aus diesem Grund gaben die Hhetsarro dem Fluss, der sich durch Shaaloani erstreckt, den passenden Namen „Niikwerepi“<hex:021D0103>- „Geschwind fließende Momente“. Die beiden Seen, in denen seine Flussläufe münden, wurden wiederum nach dem Morgen und dem Abend benannt, wobei der Toari-See auf Ersteres anspielt."
2163009,10509667,90,90,22,0,0,0,0,4508,81802,81302,81469,False,"Pyaayehe'pya","Beim Durchstreifen der Weiten Shaaloanis gelangte ich an einen Ort, der in mir sowohl großen Respekt für bewährte Traditionen als auch das leise Verlangen nach deren Neuerung erweckte.","In der Zunge der Shetona bedeutet der Name dieser Klippen „viele Federn“<hex:021D0103>- eine Anspielung auf die Nistgebiete der Yeheheceyaa, Verwandte der Pteranodon, deren Rufe dort besonders während ihrer Paarungszeit häufig zu vernehmen sind."
2163010,10509668,90,90,22,0,0,0,0,4508,81804,81304,81469,False,"Loazensasaya","Beim Durchstreifen der Weiten Shaaloanis gelangte ich an einen Ort, der in mir sowohl großen Respekt für bewährte Traditionen als auch das leise Verlangen nach deren Neuerung erweckte.","„Der große Hügel, wo sich Erde und Wind unterhalten“. Die Vorfahren der Tonawawta sollen lokalen Sagen zufolge dort oben ihre Pfeifen geraucht und mit Wind und Erde kommuniziert haben. Aufgrund der schieren Höhe kann man dort ganz Shaaloani bis zu Zorgor der Weiten überblicken."
2163011,10509341,90,90,22,0,0,0,0,4503,81822,81322,81467,False,"Schlichtung","Bei der Erkundung Lösung Neuns gelangte ich an einen spektakulären Ort. Und die Technologien, die ich erblickte, übertrafen alles, was ich mir je über diese Stadt ausgemalt hatte.","Die zentrale Verwaltungsinstitution der Stadt bietet „Lösungen“ für all seine Bewohner. Ob der Austausch von Seelen an der Seelenbörse, All<hex:02160103>tags<hex:02160103>un<hex:02160103>ter<hex:02160103>stütz<hex:02160103>ungs<hex:02160103>pro<hex:02160103>gram<hex:02160103>me oder die Vermittlung von Arbeitsstellen<hex:021D0103>- hier wird jedem geholfen."
2163012,10509342,90,90,22,0,0,0,0,4503,81819,81319,81467,False,"Wohnsektor","Bei der Erkundung Lösung Neuns gelangte ich an einen spektakulären Ort. Und die Technologien, die ich erblickte, übertrafen alles, was ich mir je über diese Stadt ausgemalt hatte.","Das Wohngebiet der Stadt ist in sogenannte „Wohnradien“ mit jeweiliger Benummerung unterteilt. Diese gewaltigen Gebäude bestehen wiederum aus einem Empfang im Erdgeschoss und einer Vielzahl an Appartements in den darüber liegenden Etagen."
2163013,10509344,90,90,22,0,0,0,0,4503,81818,81318,81467,False,"Café Mosaik","Bei der Erkundung Lösung Neuns gelangte ich an einen spektakulären Ort. Und die Technologien, die ich erblickte, übertrafen alles, was ich mir je über diese Stadt ausgemalt hatte.","Dieser kleine Laden im Handelssektor erfreut nicht nur die Herzen aller Kaffeeliebhaber, er ist auch ein Ort, an dem die Bewohner Alexandrias zusammenkommen, um gemeinsam ein wenig Ruhe zu genießen. Der Name des Cafés entstammt der Idee, dass die Völker des Königreiches sich hier genau wie die Edelsteine, nach denen sie benannt sind, versammeln und ein lebendes Mosaik bilden."
2163014,10509345,90,90,22,0,0,0,0,4503,81821,81321,81467,False,"Wahrlee","Bei der Erkundung Lösung Neuns gelangte ich an einen spektakulären Ort. Und die Technologien, die ich erblickte, übertrafen alles, was ich mir je über diese Stadt ausgemalt hatte.","Dieses Ver<hex:02160103>gnü<hex:02160103>gungs<hex:02160103>viertel bietet Speis, Trank und Unterhaltung rund um die Uhr. Es heißt, nur jene, welche die Seitenstraße ihr Zuhause nennen, können hoffen, die Wahrheit über die Welt zu erfahren<hex:021D0103>- weshalb auch der Name „Wahrlee“ entstand. Wie ihr eigentlicher Name lautet, scheint inzwischen niemand mehr zu wissen."
2163015,10509346,90,90,22,0,0,0,0,4503,81820,81320,81467,False,"Nexus-Arkaden","Bei der Erkundung Lösung Neuns gelangte ich an einen spektakulären Ort. Und die Technologien, die ich erblickte, übertrafen alles, was ich mir je über diese Stadt ausgemalt hatte.","Ob Alltagsgegenstände oder Lebensmittel, selbst Fahrzeuge wie der sogenannte „Luftraser“ können in diesem Einkaufszentrum erworben werden. Bei der riesigen Verkaufsfläche ist es wenig verwunderlich, dass zu Stoßzeiten nicht in den Läden selbst, sondern am Vermisstenschalter am meisten los sein soll."
2163016,10509776,90,90,22,0,0,0,0,4509,81810,81310,81467,False,"Donnersteppe","Beim Durchstreifen des Ewigen Erbes gelangte ich an einen Ort, der mich in meinem Streben, fremde Welten zu bereisen, bestärkte, aber zugleich nachdenklich stimmte.","Die Steppe ist von ewig schallendem Donnergrollen erfüllt. Eine Tatsache, die sich die Bewohner Alexandrias zunutze gemacht haben, indem sie mithilfe von Blitzableitern Energie sammeln und an Wohngebiete weiterverteilen. Aufgrund der ständigen Blitzeinschläge bleiben Maschinensoldaten dem Gebiet fern, sodass wilde Bestien freie Hand haben. Vom Betreten wird daher abgeraten."
2163017,10509777,90,90,22,0,0,0,0,4509,81811,81311,81467,False,"Außenbezirke","Beim Durchstreifen des Ewigen Erbes gelangte ich an einen Ort, der mich in meinem Streben, fremde Welten zu bereisen, bestärkte, aber zugleich nachdenklich stimmte.","Nicht nur nutzt diese außerhalb des Immerfrieds gelegene Siedlung bestehende Gebäude und Einrichtungen aus dem ursprünglichen Yyasulani, auch seine Bevölkerung besteht zum größten Teil aus ehemaligen Bewohnern Turals. Zwar halten viele von ihnen noch an ihren traditionellen Werten und Arbeitsweisen fest, das heißt aber nicht, dass sie sich zu schade sind, Elektrob-Technologie dort einzusetzen, wo es nötig und sinnvoll erscheint."
2163018,10509779,90,90,22,0,0,0,0,4509,81807,81307,81467,False,"Immerfried","Beim Durchstreifen des Ewigen Erbes gelangte ich an einen Ort, der mich in meinem Streben, fremde Welten zu bereisen, bestärkte, aber zugleich nachdenklich stimmte.","Mit ihrer Welt am Rande des Abgrunds errichteten die Bewohner Alexandrias diesen gewaltigen Turm in der Hoffnung, er würde sie fortan für immer schützen. Seine zwölf Ebenen bestehen hauptsächlich aus Städten zur Behausung der Bevölkerung und allerhand Plantagen zur Versorgung dieser."
2163019,10509780,90,90,22,0,0,0,0,4509,81809,81309,81467,False,"Knisterklamm","Beim Durchstreifen des Ewigen Erbes gelangte ich an einen Ort, der mich in meinem Streben, fremde Welten zu bereisen, bestärkte, aber zugleich nachdenklich stimmte.","Einem re<hex:02160103>nom<hex:02160103>mier<hex:02160103>ten Historiker zufolge soll dieses gigantische Loch während der Stromschlachten durch die Verwendung einer verheerenden Waffe entstanden sein. Heutzutage ist es von höchst konzentriertem Blitz-Äther erfüllt und riesige Abbaumaschinerie fördert rund um die Uhr kostbares Elektrob aus seinen Tiefen hervor."
2163020,10509781,90,90,22,0,0,0,0,4509,81808,81308,81467,False,"Namensacker","Beim Durchstreifen des Ewigen Erbes gelangte ich an einen Ort, der mich in meinem Streben, fremde Welten zu bereisen, bestärkte, aber zugleich nachdenklich stimmte.","Dieser Friedhof ist ein Überbleibsel aus der Zeit vor der Verschmelzung Alexandrias mit Yyasulani. Mit der Verbreitung der Regulatoren geriet solch eine Erinnerungskultur jedoch immer mehr in Vergessenheit, sodass die Grabsteine zu einem Ort des Gedenkens an einen aus Sicht der heutigen Bewohner schwer zu verstehenden Brauch verkommen sind."
2163021,10509783,90,90,22,0,0,0,0,4509,81806,81306,81467,False,"Archa-Alexandria","Beim Durchstreifen des Ewigen Erbes gelangte ich an einen Ort, der mich in meinem Streben, fremde Welten zu bereisen, bestärkte, aber zugleich nachdenklich stimmte.","Dies ist eine der wenigen erhaltenen Ruinen des alten Königreichs, die einem das Stadtbild rund um Burg Alexandria vor Augen führt. Einst ein belebter Ort voller Läden und Geschäfte wurde er durch die Stromschlachten und die darauffolgende Katastrophe größtenteils verwüstet. Außerdem führte der anhaltende Verfall in manchen Teilen der Stadt zu Überschwemmungen, was sie nunmehr unbewohnbar macht."
2163022,10509804,90,90,22,0,0,0,0,4510,81812,81312,81468,False,"Meso-System","Bei der Erkundung der Lebenden Erinnerung gelangte ich an einen spektakulären Ort. Und die Lektionen über Leben, Tod, Familie und Liebe, die er mich lehrte, werden mich auf meinem Pfad für immer begleiten.","Nicht nur stellt dieser der Ewigen Königin geweihte Monolith das Zentrum der Lebenden Erinnerung dar, er beherbergt auch das Kernsystem, welches alle Aspekte des Lebens im Immerfried maßgeblich beeinflusst."
2163023,10509805,90,90,22,0,0,0,0,4510,81815,81315,81468,False,"Kanalstadt ","Bei der Erkundung der Lebenden Erinnerung gelangte ich an einen spektakulären Ort. Und die Lektionen über Leben, Tod, Familie und Liebe, die er mich lehrte, werden mich auf meinem Pfad für immer begleiten.","Als dem Element des Wassers nachempfundenes Areal ist diese von Kanälen durchzogene Stadt eine wahre Oase für jeden, den es nach ein wenig Entspannung und Ruhe dürstet. Neben einer Gondelfahrt für die Sinne kann man seine Zeit auch an den Tränen der Andacht oder im Daguerreo-Museum für Medizinische Geschichte verbringen."
2163024,10510306,90,90,22,0,0,0,0,4510,81816,81316,81468,False,"Gesterland","Bei der Erkundung der Lebenden Erinnerung gelangte ich an einen spektakulären Ort. Und die Lektionen über Leben, Tod, Familie und Liebe, die er mich lehrte, werden mich auf meinem Pfad für immer begleiten.","Als dem Element der Erde nachempfundenes Areal ist dieser Freizeitpark genau das Richtige für jeden, der auf spaßige Art und Weise über die Geschichte Alexandrias lernen will. Eine Runde auf dem Rad der Hoffnung oder mit einem Lufttaxi beschert atemberaubende Panoramen, und auch die nachgebaute Burg Proto-Alexandria lässt die Herzen junger Ritter und Ritterinnen höherschlagen."
2163025,10510307,90,90,22,0,0,0,0,4510,81817,81317,81468,False,"Windpfadgärten","Bei der Erkundung der Lebenden Erinnerung gelangte ich an einen spektakulären Ort. Und die Lektionen über Leben, Tod, Familie und Liebe, die er mich lehrte, werden mich auf meinem Pfad für immer begleiten.","Als dem Element des Windes nachempfundenes Areal beherbergt diese Ansammlung von Gärten allerlei seltene Tier- und Pflanzenarten, die es so nur zu Zeiten des alten Alexandrias gegeben hat und jeden noch so verwegenen Entdecker zum Staunen bringen sollten. Im hiesigen Cleyra-Naturkundemuseum können Lernbegeisterte sicherlich ebenfalls den ganzen Tag verbringen."
2163026,10510308,90,90,22,0,0,0,0,4510,81813,81313,81468,False,"Asylkan ","Bei der Erkundung der Lebenden Erinnerung gelangte ich an einen spektakulären Ort. Und die Lektionen über Leben, Tod, Familie und Liebe, die er mich lehrte, werden mich auf meinem Pfad für immer begleiten.","Als dem Element des Feuers nachempfundenes Areal beherbergt diese Vulkanlandschaft mit dem Opalborn nicht nur eine heiße Quelle in allen Farben des Regenbogens, Tierfreunde kommen im Wildgehege „Feuer & Flamme“ ebenfalls auf ihre Kosten. Wem die Hitze dann doch zu viel ist, kann sich bei einem kalten Eis etwas abkühlen."
2163027,10510309,90,90,22,0,0,0,0,4510,81814,81314,81468,False,"Stufen der Sprecherin","Bei der Erkundung der Lebenden Erinnerung gelangte ich an einen spektakulären Ort. Und die Lektionen über Leben, Tod, Familie und Liebe, die er mich lehrte, werden mich auf meinem Pfad für immer begleiten.","Die spiralförmigen Flure dieses Ortes können einem so manch ein interessantes Detail über das Volk der Milalla beibringen. Die vielen Masken an den Wänden sollen die Ehrfurcht, Hochachtung und Freude ausdrücken, die man im Angesicht der Sprecherin verspüren soll. Wo die Vorfahren der Milalla wohl herkamen ..."
