key,0,1,2,3,4,5,6,7,8,9,10,11,12,13
#,Description,DescriptionEnhanced,Tooltip,SpecialActionName,SpecialActionDescription,Attack,Defense,Speed,HasAreaAttack,StrengthGate,StrengthEye,StrengthShield,StrengthArcana,MinionSkillType
offset,0,4,8,12,16,20,21,22,24,24,24,24,24,23
Int32,String,String,String,String,String,UInt8,UInt8,UInt8,PackedBool0,PackedBool1,PackedBool2,PackedBool3,PackedBool4,UInt8
0,"","","","","",100,100,3,False,False,False,False,False,0
1,"Du rufst deinen Kirschbomber als Begleiter herbei. Garantie gegen Selbstzerstöung, ansonsten Gil zurück.","Um die weißglühenden Temperaturen in ihren Kernen aufrechtzuerhalten, verschlingen die Bomber so gut wie jedes brennbare Material, einschließlich Holz, Kohle, Feuerkristalle und sogar Drachenpfeffer.","Bald ist eure Zeit zur Explosion gekommen! Hihi! Das wird schön ...<hex:02100103><hex:021A020203>Ba Go, Akolyth des 789. Ordens<hex:021A020103>","Selbstzerstörung","Führt eine Attacke mit Attacke-Wert 300 auf die Gegner in der Nähe aus, aber die ausführenden Trabanten werden weggeschickt.",30,40,2,False,False,True,True,False,1
2,"Du rufst deine Marionette Nr. 001 als Begleiter herbei. Eine voll funktionstüchtige Puppe, die in Zusammenarbeit der Alchemisten mit der Gold<hex:02160103>schmiede<hex:02160103>gilde erschaffen wurde.","Das Standardmodell 001 ist nicht nur ein Verkaufs- schlager, sondern auch die Vorlage, auf der alle anderen Uhrwerk-Diener basieren.","Marionetten haben auch Gefühle.<hex:02100103><hex:021A020203>Serendipity<hex:021A020103>","Demontage","Entfernt eine vom Gegner aufgestellte Falle.",25,45,1,False,True,True,False,True,6
3,"Du rufst dein Chocobo-Küken als Begleiter herbei. Solange es seine Mutter nicht findet, musst du als Ersatz herhalten.","Selbst wenn dieser Waisenvogel zufällig auf seine Eltern träfe, würde er sie höchst<hex:02160103>wahr<hex:02160103>scheinlich nicht zur Kenntnis nehmen. Schließlich ist bekannt, dass Chocobos das erste Lebewesen, das sie erblicken, als ihre Mutter annehmen<hex:021D0103>- und das wärest somit du.","Ein wilder Bengel, aber er ist der Stolz unseres Gestüts.<hex:02100103><hex:021A020203>Keitha<hex:021A020103>","Chocoboogie","Fügt Gegnern in der Nähe eine Schwäche gegen Tiere zu.<hex:02100103><hex:024804F201F803><hex:024904F201F903>Dauer:<hex:0249020103><hex:0248020103> 15 Sekunden",60,30,3,False,True,True,False,False,4
4,"Du rufst deine Cait Sith-Puppe als Begleiter herbei. Der extra lange Schwanz hilft dem Kätzchen dabei, das Gleichgewicht zu halten.","Die Uhrwerk-Ausgabe eines schillernden Katzen-<hex:02100103>geistes aus der Mythologie der Wiesländer. Die Gildenmeisterin der Goldschmiede, Serendipity, hat diese lebensechte Figur angefertigt, um den Kindern, die durch die Katastrophe zu Waisen wurden, eine Freude zu machen.","Im Kämpfen war ich immer eine Niete.<hex:02100103><hex:021A020203>Cait Sith<hex:021A020103>","Spielzeugsoldat","Erhöht die Technikpunkte eigener Trabanten in der Nähe um 10, außer wenn sie ebenfalls diesen Effekt verursachen können.",55,65,2,False,True,False,True,False,3
5,"Du rufst deinen Baby-Behemoth als Begleiter herbei. Hoffentlich sucht seine Mutter nicht schon nach ihm.","Da sie auf dem Saphirstraßenmarkt für nicht mehr als eine Handvoll Gil feilgeboten wird, ist die Abstamm-<hex:02100103>ung dieser kleinen Bestie äußerst fraglich. Sie trägt zwar Züge, die einem Behemoth ähneln, aber ihr ständiges Gequieke erinnert dann doch eher an ein Wildschweinchen.","Tja, so läuft's halt manchmal im Leben. Mal verspeist<hex:02100103>man den Behemoth, und manchmal wird man vom<hex:02100103>Behemoth verspeist ...<hex:02100103><hex:021A020203>Wymond<hex:021A020103>","Wildes Horn","Führt eine Attacke mit Attacke-Wert 230 auf die Gegner in der Nähe aus.",45,30,3,True,False,False,False,False,1
6,"Du rufst deine Marionette Nr. 003L als Begleiter herbei. Eine voll funktionstüchtige Puppe, die für den Mahlstrom gebaut wurde.","Diese handgefertigten Marionetten sollten eigentlich als Flaggenträger bei Paraden des Mahlstroms dienen. Sie wurden jedoch schnell wieder außer Dienst gestellt, da aufgrund ihrer kleinen Statur niemand die Flaggen sehen konnte.","Marionetten haben auch Gefühle.<hex:02100103><hex:021A020203>Serendipity<hex:021A020103>","Mahlstrom-Standarte","Verringert die ABW von Gegnern in der Nähe um 50 %.<hex:02100103><hex:024804F201F803><hex:024904F201F903>Dauer:<hex:0249020103><hex:0248020103> 15 Sekunden",30,45,1,False,True,False,True,True,4
7,"Du rufst deine Marionette Nr. 003G als Begleiter herbei. Eine voll funktionstüchtige Puppe, die für die Bruderschaft der Morgenviper gebaut wurde.","Diese handgefertigten Marionetten sollten eigentlich als Flaggenträger bei Paraden der Bruderschaft der Morgenviper dienen. Sie wurden jedoch schnell wieder außer Dienst gestellt, da aufgrund ihrer kleinen Statur niemand die Flaggen sehen konnte.","Marionetten haben auch Gefühle.<hex:02100103><hex:021A020203>Serendipity<hex:021A020103>","Bruderschafts-Standarte","Erhöht die Technikpunkte eigener Trabanten in der Nähe um 10, außer wenn sie ebenfalls diesen Effekt verursachen können.",35,55,1,True,True,False,False,True,3
8,"Du rufst deine Marionette Nr. 003L als Begleiter herbei. Eine voll funktionstüchtige Puppe, die für die Legion der Unsterblichen gebaut wurde.","Diese handgefertigten Marionetten sollten eigentlich als Flaggenträger bei Paraden der Legion der Unsterblichen dienen. Sie wurden jedoch schnell wieder außer Dienst gestellt, da aufgrund ihrer kleinen Statur niemand die Flaggen sehen konnte.","Marionetten haben auch Gefühle.<hex:02100103><hex:021A020203>Serendipity<hex:021A020103>","Legions-Standarte","Verringert die ATT von Gegnern in der Nähe um 40 %.<hex:02100103><hex:024804F201F803><hex:024904F201F903>Dauer:<hex:0249020103><hex:0248020103> 6 Sekunden",30,35,1,False,True,True,False,True,4
9,"Du rufst dein Mahlstrom-Küken als Begleiter herbei. Kaum geschlüpft, fließt schon das rote Blut des Mahlstroms in seinen Adern. Bis die See es im Tod umfängt!","Von einem Sturmmariner aufgezogen, der ein verwahrlostes Ei in den Stallungen der Ge<hex:02160103>sell<hex:02160103>schaft fand, die er saubermachen sollte. Dieses niedliche Küken ist ein Symbol des Neuanfangs für den mächtigen Mahlstrom.","Habe ich dir schon erzählt, dass ein prächtiges<hex:02100103>Küken aus Leias Ei geschlüpft ist? Was für eine Freude!<hex:02100103><hex:021A020203>Luquelot<hex:021A020103>","Sturmruf","Macht Gegner in der Nähe be<hex:02160103>we<hex:02160103>gungs<hex:02160103>un<hex:02160103>fäh<hex:02160103>ig.<hex:02100103><hex:024804F201F803><hex:024904F201F903>Dauer:<hex:0249020103><hex:0248020103> 5 Sekunden",50,35,3,False,False,True,False,False,4
10,"Du rufst dein Bruderschafts-Küken als Begleiter herbei. Kaum geschlüpft, fließt schon das gelbe Blut der Bruderschaft in seinen Adern.","Von einem Novizen aufgezogen, der ein verwahrlostes Ei in den Stallungen der Ge<hex:02160103>sell<hex:02160103>schaft fand, die er saubermachen sollte. Dieses niedliche Küken ist ein Symbol des Neuanfangs für die Bruderschaft der Morgenviper.","Habe ich dir schon erzählt, dass ein prächtiges<hex:02100103>Küken aus Leias Ei geschlüpft ist? Was für eine Freude!<hex:02100103><hex:021A020203>Luquelot<hex:021A020103>","Waldruf","Entfernt alle Effekte von allen Trabanten in der Nähe.",55,35,3,False,False,False,True,False,6
11,"Du rufst dein Legions-Küken als Begleiter herbei. Kaum geschlüpft, fließt schon das schwarze Blut der Legion in seinen Adern.","Von einem Legionär aufgezogen, der ein verwahrlostes Ei in den Stallungen der Ge<hex:02160103>sell<hex:02160103>schaft fand, die er saubermachen sollte. Dieses niedliche Küken ist ein Symbol des Neuanfangs für die Legion der Unsterblichen.","Habe ich dir schon erzählt, dass ein prächtiges<hex:02100103>Küken aus Leias Ei geschlüpft ist? Was für eine Freude!<hex:02100103><hex:021A020203>Luquelot<hex:021A020103>","Wüstenruf","Verringert die Technikpunkte der Gegner in der Nähe um 50 % des Maximalwerts.",45,45,3,False,False,False,True,False,4
12,"Du rufst deine Morbol-Knolle als Begleiter herbei. Hoffentlich macht dir der Mundgeruch nichts aus.","Es ist unter den Adligen von Ul'dah in Mode, Morbol-Knollen zu Banketten mitzunehmen, um die Anwe- senden mithilfe des fürchterlichen Mundgeruchs der Knolle dazu zu bringen, sich zu übergeben. Mit entleertem Magen können diese dann noch mehr schlemmen.","Weeßte, uff wen wa hier in Jeisterzoll jar nich jut zu<hex:02100103>sprechen sind? Uff die Morbol, dit sind quasi unsere Todfeinde.<hex:02100103><hex:021A020203>Aganbold<hex:021A020103>","Schlechter Atem","Fügt Gegnern in der Nähe im Sekundentakt 10 Schaden über Zeit zu.<hex:02100103><hex:024804F201F803><hex:024904F201F903>Dauer:<hex:0249020103><hex:0248020103> 20 Sekunden",40,75,1,True,True,True,True,False,1
13,"Du rufst deine kleine Ratte als Begleiter herbei. Lass dich von ihrer Niedlichkeit nicht allzu sehr ablenken.","Erst kürzlich wurde ein besonders kreativer Kaufmann von der Smaragdstraße in Ul'dah in den Kerker geworfen, da er die Schwänze der Ratten, die er in der Perlengasse fing, aufplusterte und die kleinen Plagegeister als „Mini-Baumhörnchen“ an Touristen verkaufte.","Du hast alle Ratten getötet, selbst<hex:02100103>ihren König? Ausgezeichnet!<hex:02100103><hex:021A020203>Fousquenet<hex:021A020103>","Pest","Verringert die ABW von Gegnern in der Nähe um 25 %.<hex:02100103><hex:024804F201F803><hex:024904F201F903>Dauer:<hex:0249020103><hex:0248020103> 6 Sekunden",25,45,3,False,False,False,False,False,4
14,"Du rufst deinen Mini-Pilz als Begleiter herbei. Schmeckt gut zu Salaten oder in Eintöpfen.","Wer sich fragt, welche Neben<hex:02160103>wirkungen das Inhalieren von Pilzsporen hat, sollte einen Blick in die Enzyklopädie Eorzea werfen: „Pilzsporen verpesten den Körper und über<hex:02160103>nehmen die Kontrolle über die Seele. So machen sie ihr Opfer zu einem seelenlosen Knecht.“","Ich bin ein Glückspilz! Dank der Großzügigkeit<hex:02100103>des Kaiserreichs kann ich mir endlich das Leben<hex:02100103>leisten, das mir zusteht.<hex:02100103><hex:021A020203>Laurentius<hex:021A020103>","Giftsporen","Führt eine Attacke mit Attacke-Wert 80 auf die Gegner in der Nähe aus und verringert ihre ABW um 13<hex:021D0103>%.<hex:02100103><hex:024804F201F803><hex:024904F201F903>Dauer:<hex:0249020103><hex:0248020103> 6 Sekunden",50,25,2,False,True,False,True,False,1
15,"Du rufst deine Stechmücken-Larve als Begleiter herbei. Dieses kleine Insekt nimmt die Blutsbande mit seinem Meister sehr ernst.","Chirurgen der versunken Stadt von Gelmorra setzten einst Stechmücken ein, um bösartige Kör<hex:02160103>per<hex:02160103>flüs<hex:02160103>sig<hex:02160103>kei<hex:02160103>ten aus ihren Patienten zu entfernen. Bis sie bemerkten, dass diese durch die Behandlung noch ganz andere Krankheiten bekamen.","Einige Stechmücken übertragen die gefährliche Kettenseuche,<hex:02100103>und die Bruderschaft der Morgenviper und das Klageregiment<hex:02100103>helfen uns dabei, die Überträger zu identifizieren.<hex:02100103><hex:021A020203>Monranguin<hex:021A020103>","Blutsauger","Erhöht die ATT der ausführenden Trabanten um 60.<hex:02100103><hex:024804F201F803><hex:024904F201F903>Dauer:<hex:0249020103><hex:0248020103> 10 Sekunden",35,30,3,False,True,False,False,False,3
16,"Du rufst dein blaues Vögelchen als Begleiter herbei. Es hat den Ruf, Leuten Glück zu bringen, die bereits viel Glück hatten.","Aus dem Nest gefallen, bevor es fliegen konnte. Glücklicherweise in einer leeren Schatztruhe ge-<hex:02100103>landet. Leider noch in der Schatztruhe gewesen, als diese geschlossen wurde. Glücklicherweise wiederentdeckt worden ... von dir.","Ich hab 'nen blauen Kanarienvogel gesehn!<hex:02100103>Jawohl, einen blauen! <hicks><hex:02100103><hex:021A020203>Betrunkener Tor<hex:021A020103>","Zwitschern","Führt eine Attacke mit Attacke-Wert 90 auf die Gegner in der Nähe aus.",45,35,4,False,False,False,False,False,1
17,"Du rufst dein Rehkitz als Begleiter herbei. Seine Mutter hatte einen kleinen Jagdunfall ... oder hat sich einfach nur verlaufen.","Die wehrlosen Antilopen müssen jeden Vorteil nutzen, um den hungrigen Mäulern ihrer Jäger zu entgehen. Erstaunlich ist ihre Fähigkeit, schon Minuten nach ihrer Geburt rennen zu können. Leider bewahrte das dieses Exemplar nicht vor der Gefangennahme.","Gästen serviert man die Innereien eines Rehs<hex:02100103>am besten, solange sie noch körperwarm sind.<hex:02100103><hex:021A020203>Aus dem Knigge der Amalj'aa<hex:021A020103>","Rehaugen","Macht eigene Trabanten in der Nähe unempfindlich für Angriffe von Monstern.<hex:02100103><hex:024804F201F803><hex:024904F201F903>Dauer:<hex:0249020103><hex:0248020103> 5 Sekunden",55,40,4,False,True,False,False,False,3
18,"Du rufst deinen Baby-Imp als Begleiter herbei. Hat Ambitionen, eines Tages über die Sieben Höllen zu herrschen. Fürs Erste musst du jedoch genügen.","Gelehrte glauben, dass Nichts<hex:02160103>gesand<hex:02160103>te drei Wege in unsere Welt nehmen: Ein Loch in den Äther reißen, ein Loch geöffnet bekommen, oder auf ein zufällig auftretendes Loch zu stoßen. Letzteres ist bei Imps am häufigsten der Fall.","Der Junge teilt ganz schön aus!<hex:02100103>Pass auf seine Flächenzauber auf!<hex:02100103><hex:021A020203>Kräftiger Gladiator<hex:021A020103>","Süßes oder Saures","Führt eine Attacke mit Attacke-Wert 90 auf die Gegner in der Nähe aus.",75,45,3,False,False,True,False,False,1
19,"Du rufst deinen Mini-Coeurl als Begleiter herbei. Es werden wohl noch einige Sommer vergehen, ehe seine berühmten Schnurrhaare wachsen.","Coeurl sind schon in jungen Jahren sehr kämpferisch. Ein Coeurl wird keiner Konfrontation aus dem Weg gehen und lieber im Kampf sterben als wegzulaufen. Aufgrund dieser Eigenschaft ist ihre Anzahl begrenzt, sie sichert aber auch die Stärke der Überlebenden.","Höchste Konzentration und die Geschmeidigkeit eines<hex:02100103>Coeurl-Jungen sind vonnöten, um den Tanz des Chevaliers<hex:02100103>zu meistern.<hex:02100103><hex:021A020203>Hildibrand<hex:021A020103>","Minischlag","Führt eine Attacke mit Attacke-Wert 230 auf die Gegner in der Nähe aus.",50,25,4,False,False,True,False,False,1
20,"Du rufst deinen schwarzen Coeurl als Begleiter herbei. Pass auf, denn wenn dir dieser Coeurl über den Weg läuft, bedeutet das sieben Jahre ... Aaahhh!","Auch gewöhnliche Coeurl haben schwarze Tupfer, aber vollkommen schwarze Exemplare sind extrem selten. Ihr glänzendes Fell strahlt Erhabenheit aus und macht sich schick an der Seite jedes modebewussten Abenteurers.","Wenn Pech kommt zu Großwachsenem,<hex:02100103>Materiastein und Materie umsonstverschwendet.<hex:02100103><hex:021A020203>Mutagenix<hex:021A020103>","Weiche Pfoten","Fügt dem nächstgelegenen gegnerischen Arkana-Stein 5 % Schaden zu.",60,40,4,False,False,True,False,False,8
21,"Du rufst deine Hildibrand-Puppe als Begleiter herbei. Der putzige Ermittler beherrscht nicht nur die berühmte Pose des Originals, er bringt sogar seine ganz persönliche Assistentin mit!","Diese liebevoll gearbeitete Marionette ist genauso stilvoll und galant wie ihr großes Vorbild. Hildibrands Vater Godbert höchstselbst hat sie angefertigt, um die Zeit bis zur Rückkehr seines unfreiwillig entflogenen Sohnes zu überbrücken.","Maaamiii!<hex:02100103><hex:021A020203>Kriminologenkampfschrei<hex:021A020103>","Konklusion","Erhöht ATT und ABW von eigenen Trabanten in der Nähe um 40, aber die ausführenden Trabanten werden nach Ende des Effekts weggeschickt.<hex:02100103><hex:024804F201F803><hex:024904F201F903>Dauer:<hex:0249020103><hex:0248020103> 20 Sekunden",90,75,4,False,True,True,False,False,3
22,"Du rufst deinen Kiesgolem als Begleiter herbei. Ein ziemlich harter Bursche.","Gegen Ende des Fünften Zeitalters des Lichts waren Golems so verbreitet, dass ganze Schlachten mit diesen leblosen Wesen geführt wurden. Dieser Nachbau ist jedoch nichts weiter als ein Standard-<hex:02100103>modell, das mit Steinplatten versehen wurde.","Golems sind keine normalen Lebewesen. Es bedarf<hex:02100103>komplizierter Magie, sie zum Leben zu erwecken.<hex:02100103><hex:021A020203>Y'shtola<hex:021A020103>","Steinchenhaut","Erhöht die ABW der ausführenden Trabanten um 40.<hex:02100103><hex:024804F201F803><hex:024904F201F903>Dauer:<hex:0249020103><hex:0248020103> 10 Sekunden",60,40,2,False,True,True,False,False,3
23,"Du rufst dein Tomberry-Stofftier als Begleiter herbei. Jetzt mit 100 % weniger Groll.","Eigentlich ist dies lediglich ein Spielzeug, das den rätselhaften Überlebenden von Nym nachempfunden ist. Es mehren sich jedoch Berichte von Besitzern, die nachts aufwachen und ihr Tomberry-Stofftier auf ihre Brust gestützt vorfinden, das kleine Holzmesser an ihre Kehle gepresst.","Mach dich auf etwas gefasst, Tomberry. Alka Zolka und<hex:02100103>die neuen Seesoldaten sind gekommen, um dir den Garaus<hex:02100103>zu machen.<hex:02100103><hex:021A020203>Alka Zolka<hex:021A020103>","Jedermanns Groll","Erhöht ATT und ABW von eigenen Trabanten in der Nähe um 40, aber die ausführenden Trabanten werden nach Ende des Effekts weggeschickt.<hex:02100103><hex:024804F201F803><hex:024904F201F903>Dauer:<hex:0249020103><hex:0248020103> 20 Sekunden",45,35,4,True,True,False,False,False,3
24,"Du rufst deine Zwergschildkröte als Begleiter herbei. Sie wird dich jedoch nicht in ein Unterwasser-Königreich tragen, wenn du dich auf ihren Rücken setzt.","Aus einem Ei geschlüpft, das an der Salzküste La Nosceas gelegt wurde. Wenn sie Glück hat, wird diese Zwergschildkröte bis zu 200 Sommer erleben ... wenn sie sich bei dem ganzen Gedrehe nicht selbst von einer Klippe katapultiert.","Wie wär's mit Schildkrötensuppe zum Abendessen?!<hex:02100103><hex:021A020203>Solkwyb<hex:021A020103>","Stampferchen","Verringert die ABW von Feinden in der Nähe um 25<hex:021D0103>%.<hex:02100103><hex:024804F201F803><hex:024904F201F903>Dauer:<hex:0249020103><hex:0248020103> 6 Sekunden",40,60,3,False,False,False,False,False,4
25,"Du rufst deinen Baby-Raptor als Begleiter herbei. Zu deinem Glück sind seine Fangzähne noch nicht ausgewachsen.","Ein Händler aus Astlfingen brütet Raptor-Eier, die er aus Nestern in der Nähe gestohlen hat, selber aus. Ein Trick, den er sich bei Goblinhändlern abgeschaut hat. Man kann nur hoffen, dass die Raptoren-Mütter nicht so schlau sind, wie dieser Händler zu sein glaubt.","Bei den Göttern ... Dieser Raptor ist ein <hex:021A020203>Meisterwerk<hex:021A020103>!<hex:02100103><hex:021A020203>Nonopesa<hex:021A020103>","Urlebensform","Macht die ausführenden Trabanten unempfindlich für Angriffe von Puppen.<hex:02100103><hex:024804F201F803><hex:024904F201F903>Dauer:<hex:0249020103><hex:0248020103> 10 Sekunden",45,25,4,False,True,False,False,False,3
26,"Du rufst deine Baby-Fledermaus als Begleiter herbei. Sie hat noch keinen Blutdurst entwickelt.","Nonoroon von Memeroons Handelsposten ist auf die Idee gekommen, Baby-Fledermäuse zu fangen und zu verkaufen, während er in einigen Höhlen auf der Jagd nach Fledermauseiern war ... die er nicht finden konnte.","Den Höhlenfledermäusen in den Finstereisenminen wird<hex:02100103>nachgesagt, dass ihre Bisse einen Krankheitserreger<hex:02100103>übertragen, der Blutdurst bei seinem Opfer wecken soll.<hex:02100103><hex:021A020203>Almanach der Nachtaktiven<hex:021A020103>","Ultraschall","Fügt Gegnern in der Nähe im Sekundentakt 10 Schaden über Zeit zu.<hex:02100103><hex:024804F201F803><hex:024904F201F903>Dauer:<hex:0249020103><hex:0248020103> 20 Sekunden",25,40,4,False,True,False,False,False,1
27,"Du rufst deine Mini-Knolle als Begleiter herbei. Manche Fragen, wie warum diese Knolle laufen kann, bleiben besser unbeantwortet.","Um die Frage zu beantworten, warum diese Knolle laufen kann, muss man ihre Evolution über Tausende von Generationen zu<hex:02160103>rück<hex:02160103>ver<hex:02160103>fol<hex:02160103>gen. Vielleicht sehnte sie sich in der ewigen Dunkelheit des dichten Finsterwalds einfach nur nach Sonnenschein.","Blutige Tierkadaver oder dreckige<hex:02100103>Wurzelknollen - wo ist da der Unterschied?<hex:02100103><hex:021A020203>Leih Aliapoh, Waldläuferin<hex:021A020103>","Saat","Stellt eine Falle auf, die nach 10 Sekunden ausgelöst werden kann. Bewirkt eine Attacke mit Attacke-Wert 260 auf die Gegner in der Nähe.",80,40,2,False,True,False,True,False,2
28,"Du rufst dein Staubhäschen als Begleiter herbei. Trotz der frappierenden Ähnlichkeiten sind Spriggans nicht mit Kaninchen verwandt. Allerdings haben sie diese zum Fressen gern.","Niemand weiß, warum Spriggans wertvolle Steine und Minerale horten, aber Gelehrte meinen, dass es umgekehrt die Steine und Minerale sind, die die Spriggans horten. Daher stamme auch die wissen-<hex:02100103>schaftliche Einordnung der Kreaturen als Arkane.","Jetzt weiß ich, was hier so stinkt. Das muss<hex:02100103>der Speichel eines Spriggans sein.<hex:02100103><hex:021A020203>Hedyn<hex:021A020103>","Herumtollen","Führt eine Attacke mit Attacke-Wert 90 auf die Gegner in der Nähe aus.",50,30,4,False,True,True,False,False,1
29,"Du rufst deinen mechanischen Dullahan als Begleiter herbei. Vorsicht: Kann spitze Teile enthalten!","Nichts<hex:02160103>gesand<hex:02160103>te Dullahan sind eigentlich gestaltlose Wesen, die erst einen leblosen Wirt (wie eine Rüstung) finden müssen, bevor sie ihre Macht in unserem Reich ausüben können. Glücklicherweise befinden sich in dieser Aufzieh-Variante nur Zahnräder und Gestänge.","Klapper-di-klapp.<hex:02100103><hex:021A020203>Aufzieh-Dullahan<hex:021A020103>","Ruhelose Rüstung","Stellt eine Falle auf, die nach 10 Sekunden ausgelöst werden kann. Bewirkt eine Attacke mit Attacke-Wert 180 auf die Gegner in der Nähe.",30,55,2,True,False,True,False,False,2
30,"Du rufst deine Kaulquappe als Begleiter herbei. Ja, sie kann stundenlang ohne Wasser auskommen. Und ja, sie kann fliegen. Frag nicht.","Über viele Generationen hinweg haben sich die Karpfenkröten von Thanalan an das dürre Klima angepasst. Dicke Membranen halten ihre Haut auch außerhalb des Wassers feucht und ein zusätzliches Paar Flossen dient ihnen an Land als Flügel.","Es wird behauptet, dass die zur Gattung der Karpfenkröten<hex:02100103>gehörenden Winter-Nöcken von den alten Allagern durch Magie<hex:02100103>künstlich vergrößert wurden, um sie dann zu essen.<hex:02100103><hex:021A020203>Forscher Nazyl Duzyl<hex:021A020103>","Schleimschicht","Verringert die ATT von Gegnern in der Nähe um 50 %.<hex:02100103><hex:024804F201F803><hex:024904F201F903>Dauer:<hex:0249020103><hex:0248020103> 15 Sekunden",50,40,4,False,True,False,False,False,4
31,"Du rufst deinen Schwabbelpuk als Begleiter herbei. Frag lieber nicht, was er gefressen hat, um so schwabbelig zu werden.","Von Geburt an gemästet, um an den sadistischen Steropes verfüttert zu werden. Die Speckschwarten dieses Schwabbelpucks vereiteln jegliche Fluchtversuche.","Immer wieder haben wir Probleme mit Puks: Sie fressen die Insekten,<hex:02100103>die die Orangenblüten bestäuben. Deswegen müssen wir die Blüten oft<hex:02100103>einzeln per Hand bestäuben.<hex:02100103><hex:021A020203>Bhirdraeg<hex:021A020103>","Entschlacken","Fügt Gegnern in der Nähe eine Schwäche gegen Monster zu.<hex:02100103><hex:024804F201F803><hex:024904F201F903>Dauer:<hex:0249020103><hex:0248020103> 15 Sekunden",50,30,2,False,True,True,False,False,4
32,"Du rufst dein Büffelkalb als Begleiter herbei. Zartes und saftiges Fleisch. Obwohl natürlich niemand jemals daran denken würde, es zu essen.","Als der Bund der Morgenröte mit den Umzugs-<hex:02100103>vorbereitungen nach Geisterzoll begann, wurde dieses glubschäugige Kalb in einem Wandschrank entdeckt. Minfilia selbst stellte eine Anfrage, aber es ist noch immer unklar, wer dieses Biest aufbewahrte.","Ich hatte ein etwas schmerzhaftes Zusammentreffen mit<hex:02100103>einem Riesenbüffel. Und das nur, weil ich ihm im Schlaf die<hex:02100103>Spitzen seiner Hörner absägen wollte.<hex:02100103><hex:021A020203>Godbert<hex:021A020103>","Rotes Tuch","Erhöht die ATT der ausführenden Trabanten um 40.<hex:02100103><hex:024804F201F803><hex:024904F201F903>Dauer:<hex:0249020103><hex:0248020103> 15 Sekunden",35,25,3,False,False,False,True,False,3
33,"Du rufst deine Kaktorfigur als Begleiter herbei. Pass auf, dass du dich nicht aus Versehen draufsetzt!","Hab, der einsamste Zombie der Welt, ist sich sicher, dass diese Kaktorfigur seinem treuen Gefährten Sabotendrich nachempfunden ist. Oder wenn nicht, dann ganz sicher Sabotendrian. Was er nicht weiß, ist, dass sie eigentlich dem oft vergessenen Sabotendski ähneln soll.","Morgens und abends je eine Anwendung Kaktor-Milch<hex:02100103>und Ihre Haut verjüngt sich um 25 Jahre, gnäd'ge Frau!<hex:02100103><hex:021A020203>Guntram von den 77 Karawanen<hex:021A020103>","Amoklauf","Erhöht die GSW der ausführenden Trabanten um 30 %.<hex:02100103><hex:024804F201F803><hex:024904F201F903>Dauer:<hex:0249020103><hex:0248020103> 10 Sekunden",30,45,4,False,False,False,False,False,3
34,"Du rufst deine Mini-Krabbe als Begleiter herbei. Der Anblick dieses süßen Meeresbewohners bereitet vielen Abenteurern, die ihre jungen Jahre mit dem Erschlagen seiner Verwandten verbracht haben, ein schlechtes Gewissen.","Wie der Name schon sagt, ist das Gehäuse dieser Mini-Krabbe ziemlich klein. Weniger bekannt ist, dass das Gehäuse nicht wie bei normalen Krabben mit der Zeit wächst, sondern schrumpft, bis außer den Beinen der Krabbe nichts mehr vorhanden ist.","Megalokrabben haben die Angewohnheit, bei Anzeichen<hex:02100103>von Gefahr Zuflucht bei ihren Artgenossen zu suchen.<hex:02100103><hex:021A020203>Swygskyf<hex:021A020103>","Kleine Scheren","Entfernt alle positiven Effekte von den gegnerischen Trabanten in der Nähe.",30,35,2,False,True,False,True,False,6
35,"Du rufst deinen Wolfshundwelpen als Begleiter herbei. Offensichtlich ein großer Verehrer von Gaius van Baelsar.","Gezüchtet, um in der garleischen Armee als Kriegs-<hex:02100103>wolf zu dienen. Dieser Welpe wurde jedoch gerettet, bevor sein verspieltes Gemüt ernsthaften Schaden nehmen konnte. Er wird dir bis ans Ende der Welt folgen ... solange du ihm hin und wieder einen Knochen zuwirfst.","Ob ich noch andere gefährliche Tiere besitze?<hex:02100103>Ich doch nicht!<hex:02100103><hex:021A020203>R'kontai<hex:021A020103>","Lykomanie","Erhöht die ATT von eigenen Trabanten in der Nähe um 20, im Fall von Tieren um 40.<hex:02100103><hex:024804F201F803><hex:024904F201F903>Dauer:<hex:0249020103><hex:0248020103> 6 Sekunden",65,30,4,False,False,False,False,False,3
36,"Du rufst dein Wächterauge als Begleiter herbei. Hast du auch manchmal das Gefühl beobachtet zu werden? Häufig liegt das an ihm.","Eine der eigenartigsten Theorien, die Gelehrten des Nichts jüngst verbreiten, besagt, dass Ahriman sich nicht auf herkömmliche Art und Weise reproduzieren, sondern indem sie Tränen vergießen, aus denen dann neue Kreaturen entstehen.","Was guckst du?!<hex:02100103><hex:021A020203>Unbekannt<hex:021A020103>","Augen auf mich","Führt eine Attacke mit Attacke-Wert 230 auf die Gegner in der Nähe aus.",30,30,3,False,True,True,False,False,1
37,"Du rufst dein Dodo-Küken als Begleiter herbei. Gut erzogen, um nicht den ganzen Tag über zu rülpsen, zu würgen und zu furzen.","Dodos wachsen in wenigen Monden zu legereifen Tieren heran und produzieren bis zu sieben Eier pro Woche. Daher sind Dodos als Nutztiere besonders geeignet. Was du mit deinem Dodo machst, ist jedoch deine Sache.","Gegrillter Dodo ist eigentlich ein einfaches Gericht, aber<hex:02100103>kaum jemand schafft es, es perfekt zuzubereiten.<hex:02100103><hex:021A020203>Ingham<hex:021A020103>","Nisten","Stellt einen zerstörten Schild wieder her.",60,55,3,False,True,False,False,False,9
38,"Du rufst deine Kobalos-Larve als Begleiter herbei. Zu gefährlich, um sie weiter wachsen zu lassen ... aber zu süß, um sie jetzt schon zu beseitigen.","Kobalosse legen ihre Eier in der Nähe von Erz-<hex:02100103>vorkommen ab, damit die schlüpfenden Larven genug Nahrung vorfinden, um ihre schützenden Panzer zu bilden. Dies ist ein langwieriger Prozess, in dem das Erz mit Verdauungssäften zu Brei gemacht wird, den die Larven aufschlürfen.","Am Feuerwall und nirgendwo sonst leben<hex:02100103>ganz besondere Kobalosse.<hex:02100103><hex:021A020203>Schwimmender Stein<hex:021A020103>","Vulkanisieren","Erhöht die ABW von eigenen Trabanten in der Nähe um 10, im Fall von Monstern um 30.<hex:02100103><hex:024804F201F803><hex:024904F201F903>Dauer:<hex:0249020103><hex:0248020103> 6 Sekunden",50,30,2,True,False,False,True,False,3
39,"Du rufst dein Steinbock-Stofftier als Begleiter herbei. Bei der Herstellung dieses Begleiters sind keine Steinböcke zu Schaden gekommen.","Im Volksmund von Ishgard steht der Steinbock für Gier und Völlerei, während die Wüstenvölker ihn für ein Symbol von Reichtum und Wohlstand halten. Daher sind Steinbock-Abbilder ein beliebtes Geschenk für Familien mit neugeborenen Kindern.","Bei der großen Katastrophe haben in Coerthas<hex:02100103>viele Hochlandhirten ihre Steinbockherden verloren.<hex:02100103><hex:021A020203>Juliembert<hex:021A020103>","Blöken","Entfernt alle negativen Effekte von eigenen Trabanten in der Nähe.",30,50,2,False,True,True,True,False,6
40,"Du rufst dein Apkallu-Küken als Begleiter herbei. Folgt dir solange, bis du ihm einen Fisch gibst. Folgt dir weiter, nachdem du ihm einen Fisch gegeben hast.","Während die Küken von anderen Laufvögeln mit einem langweiligen braunen Gefieder aus ihren Eiern schlüpfen, betreten die Apkallus die Welt in einem lebhaften grünen Federkleid, das sie ihr ganzes Leben lang behalten.","Apkallu-Omelett, aus Apkallu-Eiern, die in Butter luftig<hex:02100103>leicht gebraten wurden, ist in den Weilern Vylbrands<hex:02100103>sehr beliebt.<hex:02100103><hex:021A020203>Kleiner Gourmet-Führer Vylbrand<hex:021A020103>","Watschelgang","Macht die Auto-Attacke der ausführenden Trabanten zu einem Flächenangriff.<hex:02100103><hex:024804F201F803><hex:024904F201F903>Dauer:<hex:0249020103><hex:0248020103> 12 Sekunden",80,70,2,False,False,False,False,False,3
41,"Du rufst deine Baby-Goobbue als Begleiter herbei. Greift aus unerfindlichen Gründen gerne Kätzchen an.","Um ihre volle Größe zu erreichen, müssen Goobbue täglich ein Vielfaches ihres Körpergewichts vertilgen. Deshalb sind sie bei der Auswahl ihrer Nahrung nicht wählerisch und verspeisen alles, was nicht schnell genug wegläuft. Dazu gehören mitunter auch lahme Lalafell.","Die Goobbue wird nämlich von dem Mehl angelockt und veranstaltet<hex:02100103>in den Mühlen eine Riesensauerei. So ein hehrer Held des Heers der<hex:02100103>Helden wie ich es bin, könnte sie natürlich im Nullkommanix beseitigen.<hex:02100103><hex:021A020203>Trachtoum, notorischer Lügner<hex:021A020103>","Kleiner Nieser","Entfernt eine vom Gegner aufgestellte Falle.",55,40,3,True,False,False,False,False,6
42,"Du rufst deinen Mini-Pudding als Begleiter herbei. Nicht zum Verzehr geeignet!","Puddings pflanzen sich allein durch Teilung fort. Daher wird angenommen, dass alle Puddings Eorzeas aus einem einzigen Pudding hervorgegangen sind, dem Großen Ur-Pudding. Unbeantwortet bleibt allerdings die Frage, woher der Große Ur-Pudding kommt.","Ein Stück aus dem schwabbeligen Bauch eines Puddings ist<hex:02100103>so fettig, dass bereits die bloße Berührung in der Lage ist,<hex:02100103>eine Herzkranzgefäßverengung herbeizuführen.<hex:02100103><hex:021A020203>Praktischer Ratgeber für Druiden und andere Heiler<hex:021A020103>","Winziges Wabbeln","Macht die ausführenden Trabanten unempfindlich für Angriffe von Puppen.<hex:02100103><hex:024804F201F803><hex:024904F201F903>Dauer:<hex:0249020103><hex:0248020103> 10 Sekunden",30,40,2,False,True,True,False,False,3
43,"Du rufst deinen Aufzieh-Frontbrecher als Begleiter herbei. Ein exaktes Modell eines Magitek-Frontbrechers im Maßstab 1:9.","Diese hochwertige Nachbildung ist so detailliert, dass Garlemand ihren Export in die rebellischen Regionen verbot, weil er fürchtete, dass die Aufständischen einen taktischen Vorteil aus der Kenntnis des genauen Aufbaus der Magitek-Frontbrecher gewinnen könnten.","Kopf einziehen und den Frontbrecher wüten lassen.<hex:02100103><hex:021A020203>Garleische Infanterie-Weisheit<hex:021A020103>","Überladung","Erhöht die Technikpunkte eigener Trabanten in der Nähe um 10, außer wenn sie ebenfalls diesen Effekt verursachen können.",35,50,3,False,False,True,False,False,3
44,"Du rufst deinen Dämonenwürfel als Begleiter herbei. Es ist wohl besser, nicht zu wissen, welch dunkle Magie diesen gewöhnlichen Stein zum Leben erweckt.","Seit vielen Jahren rätseln Archäologen darüber, wie eine scheinbare primitive Zivilisation, die weder Uhrwerke noch Dampfmaschinen kennt, die gigantischen Steingebilde von Amdapor errichten konnte. Belebte Steine wie dieser könnten die Antwort sein.","Du hast bestimmt schon davon gehört, dass Monster Steine<hex:02100103>verschlucken, um ihre Mahlzeiten besser zu verdauen? Nein?<hex:02100103>Na dann weißt du es jetzt.<hex:02100103><hex:021A020203>Gerolt<hex:021A020103>","Vorstoß","Schleudert die Gegner in der Nähe zurück.",25,80,2,False,False,False,False,False,9
45,"Du rufst deinen Mini-Mull als Begleiter herbei. Wenn er nicht gerade saftige Regenwürmer und Maden verspeist, träumt er davon, Berge zu errichten.","In jungen Jahren aus seinem Hügel getrieben und entführt worden, musste diese arme Kreatur bereits zahllose Experimente von Marcette über sich ergehen lassen. Im Vergleich dazu ist einem Abenteurer hinterherzutrotten fast schon wie Urlaub.","Ihre Mägen sind deutlich größer als ihre Hirne ...<hex:02100103><hex:021A020203>Gagari<hex:021A020103>","Lockerer Hügel","Erhöht die ATT der ausführenden Trabanten um 40.<hex:02100103><hex:024804F201F803><hex:024904F201F903>Dauer:<hex:0249020103><hex:0248020103> 15 Sekunden",90,40,3,False,False,False,True,False,3
46,"Du rufst dein Schäfchen als Begleiter herbei. Es wurde im Fernen Osten für den Kampf gezüchtet, hat jedoch seine übernatürliche Hypnosekraft verloren.","Zur Himmelswende sollte die Hypnosekraft dieses fernöstlichen Kampfschäfchens erforscht werden. Dabei hat es seine Kraft eingebüßt, doch deine Freund<hex:02160103>schaft gewonnen.","Durch die Gnade der Göttin Menphina ward es gerettet.<hex:02100103>Möge es an deiner Seite glücklich sein.<hex:02100103><hex:021A020203>Gesandter aus dem Fernen Osten<hex:021A020103>","Wehrwolle","Erhöht die ABW der ausführenden Trabanten um 40.<hex:02100103><hex:024804F201F803><hex:024904F201F903>Dauer:<hex:0249020103><hex:0248020103> 10 Sekunden",30,25,2,False,False,False,True,False,3
47,"Du rufst deine Schleimpfütze als Begleiter herbei. Spaß für die ganze Familie.","Wenn man einmal in Schleim hineintritt, bekommt man ihn nur noch schwer von seinem Schuhwerk entfernt. Die Enzyklopädie Eorzea empfiehlt, Schleimrückstände mit Sonnenzitronensaft zu behandeln.","Wer den Schleim nicht ehrt,<hex:02100103>ist des Puddings nicht wert.<hex:02100103><hex:021A020203>Altes Sprichwort<hex:021A020103>","Zerrinnen","Fügt Gegnern in der Nähe eine Schwäche gegen Monster zu.<hex:02100103><hex:024804F201F803><hex:024904F201F903>Dauer:<hex:0249020103><hex:0248020103> 15 Sekunden",30,30,2,True,True,False,False,False,4
48,"Du rufst deine Kindragora als Begleiter herbei. Selbst im Weltraum hört man diese Pflanze schreien.","Die Mandragora-Ernte ist mit großer Vorsicht zu betreiben. Denn wenn ihre Wurzeln gereizt werden, stoßen die pflanzenartigen Lebewesen einen hoch-<hex:02100103>frequenzigen Schrei aus, der über Malme hinweg Glasscheiben zum Bersten bringt.","Ich habe das Kämpfen anhand von winzigen Mandragoras gelernt,<hex:02100103>also achte ich bei meinen Gegnern auf das Wippen ihrer Blättchen.<hex:02100103><hex:021A020203>Ehrgeiziger Hermetiker<hex:021A020103>","Kopfstoß","Führt eine Attacke mit Attacke-Wert 90 auf die Gegner in der Nähe aus.",65,35,1,False,True,False,True,True,1
49,"Du rufst dein Goblin-Stofftier als Begleiter herbei. Sogar der Rucksack dieser Marionette ist größer als deiner.","Der Goblinheldin Brüllvolx nachempfunden. Etwas merkwürdig ist jedoch das Symbol, das unter ihrem linken Fuß eingraviert ist<hex:021D0103>- das Zeichen der gefürchteten <hex:021A020203>Indigohand<hex:021A020103>.","Essensache hat gute Schmack! Blick schweifen über<hex:02100103>Weiteland! Brüllvolx bekommen Freude in Herz.<hex:02100103><hex:021A020203>Brüllvolx<hex:021A020103>","Wirre Denkschale","Verringert die Technikpunkte von Gegnern in der Nähe um 50 %.",40,45,2,False,True,True,False,False,4
50,"Du rufst deine Sylphen-Puppe als Begleiter herbei. Wenn sie sprechen könnte, würde sie dies in der dritten Person tun.","Bei den Sylphen gebären nur besondere Exemplare Nachkommen. Sie tragen eine Blume auf ihrem Kopf, die, wenn einmal befruchtet, nach einer Reifungsperiode abfällt und einen Abkömmling, Sprößling genannt, hervorbringt.","Die Meinige ist sehr traurig, weil die Finstrigen die<hex:02100103>Kürbisse der Unsrigen gestohlen haben ...<hex:02100103><hex:021A020203>Tonaxia<hex:021A020103>","Zauberei","Verringert die ATT von Gegnern in der Nähe um 50 %.<hex:02100103><hex:024804F201F803><hex:024904F201F903>Dauer:<hex:0249020103><hex:0248020103> 15 Sekunden",40,30,4,False,True,False,False,False,4
51,"Du rufst dein Zeigerhändchen als Begleiter herbei. Den Elfenbeinhandschuhen von Oschon nachempfunden. Folgt diese Hand dir, oder weist sie dir den Weg?","Wenn man dem wirren Geschwafel eines gewissen selbst<hex:02160103>er<hex:02160103>nann<hex:02160103>ten Goblin-Theologen Glauben schenkt, ist dieser unscheinbare weiße Handschuh die „Hand des Schicksals“, die unser aller Geschick von einer anderen Dimension jenseits des Äthers aus steuert.","Sprich mit der Hand.<hex:02100103><hex:021A020203>Genervter Barde<hex:021A020103>","Böse Wahl","Verringert die ABW von Gegnern in der Nähe um 50 %.<hex:02100103><hex:024804F201F803><hex:024904F201F903>Dauer:<hex:0249020103><hex:0248020103> 15 Sekunden",55,40,3,False,False,True,False,False,4
52,"Du rufst dein Aufzieh-Luftschiff als Begleiter herbei. Ein voll funktionstüchtiges Modell eines legendären Luftschiffes.","Ein Modell der <hex:021A020203>Invincible<hex:021A020103>, das ehrgeizige Großprojekt Tatanoras, Gründer der Oberwind-Fluggesellschaft. Das angeblich revolutionäre Luftschiff erhob sich indes nie in die Lüfte<hex:021D0103>- seine zehnjährige Bauphase war geplagt von Unfällen und Unfähigkeit.","Schon mal ein Luftschiff gesehen? Wahre<hex:02100103>Wunderwerke und höchst komplex.<hex:02100103><hex:021A020203>Brithael<hex:021A020103>","Luftbrücke","Erhöht die ATT von eigenen Trabanten in der Nähe um 20, im Fall von Apparaten um 40.<hex:02100103><hex:024804F201F803><hex:024904F201F903>Dauer:<hex:0249020103><hex:0248020103> 6 Sekunden",50,75,4,False,False,True,False,False,3
53,"Du rufst dein Qiqirn-Stofftier als Begleiter herbei. Genauso liebenswert wie das Original, aber ohne den bissigen Gestank.","Es gab einmal eine Zeit, da kannte jeder Bürger Limsa Lominsas den Namen Zazaroon, Schausteller der Extraklasse. Aber nach ständigen Trinkexzessen, einer gescheiterten Ehe und zwielichten Geschäften mit den Barrakudas verschwand der Qiqirn aus dem Rampenlicht.","Qiqirn-Diebe, die dem Glanz des Erzes nicht widerstehen<hex:02100103>konnten, haben einige Truhen der Amajina Bergbau AG<hex:02100103>mitgehen lassen.<hex:02100103><hex:021A020203>Ausschnitt aus einer Meldung in „Der Rabe“<hex:021A020103>","Glitzerstein","Erhöht den Schaden der ausführenden Trabanten gegen gegnerische Arkana-Steine.<hex:02100103><hex:024804F201F803><hex:024904F201F903>Dauer:<hex:0249020103><hex:0248020103> 6 Sekunden",60,40,3,False,True,False,False,False,3
54,"Du rufst dein schwarzes Chocobo-Küken als Begleiter herbei. Gerüchte, dass es fliegen kann, sind völlig aus der Luft gegriffen ... oder vielleicht doch nicht?","Dieses Küken war einst so gelb wie hochreifer Millionenmais, aber eines Tage tunkte ein mysteriöser, mit allerlei Silberschmuck behangener Wanderer das arme Ding in schwarze Tinte. Keinem gelang es, die Tinte zu entfernen, und so war der erste schwarze Chocobo geboren.","Es gibt doch nichts Schöneres, als im Sattel<hex:02100103>eines Chocobos zu wippen.<hex:02100103><hex:021A020203>L'dhakya<hex:021A020103>","Chocofalle","Stellt eine Falle auf, die nach 10 Sekunden ausgelöst werden kann. Bewirkt eine Attacke mit Attacke-Wert 260 auf die Gegner in der Nähe.",55,75,2,False,False,True,False,False,2
55,"Du rufst deinen mechanischen Dalamud als Begleiter herbei. Auf gar keinen Fall öffnen!","Nach Dalamuds Sturz beauftragte ein wohlhabender Adliger aus Ul'dah einen berühmten Komponisten damit, ein Trauerlied für die gefallenen Helden von Carteneau zu dichten. Das Aufzieh-Modell des roten Mondes hat mit diesem Trauerlied indes nichts zu tun.","Aus Dalamud brach der Primae Bahamut hervor wie der<hex:02100103>schwarze Tod ... und legte alles in Schutt und Asche.<hex:02100103><hex:021A020203>Merlwyb<hex:021A020103>","Begrenzer aus","Erhöht die GSW der ausführenden Trabanten um 30 %.<hex:02100103><hex:024804F201F803><hex:024904F201F903>Dauer:<hex:0249020103><hex:0248020103> 10 Sekunden",30,40,3,True,False,False,False,False,3
56,"Du rufst - eine unerklärliche Angst unterdrückend - deinen freundlichen kleinen Gedankenschinder-Begleiter herbei.","Wie andere Nichts<hex:02160103>gesand<hex:02160103>te hat auch der Gedanken-<hex:02100103>schinder keine physische Manifestation und ist auf Wirtskörper angewiesen, um in unserer Dimension agieren zu können. Der Gedankenschinder bevorzugt dafür die Körper Verstorbener.","Diese Undinger haben die lästige Angewohnheit,<hex:02100103>meinen Männern ihre Gehirne rauszusaugen.<hex:02100103><hex:021A020203>Frandelont Raimdelle<hex:021A020103>","Geistschubs","Verringert die ATT von Gegnern in der Nähe um 40 %.<hex:02100103><hex:024804F201F803><hex:024904F201F903>Dauer:<hex:0249020103><hex:0248020103> 6 Sekunden",75,50,2,False,False,True,False,False,4
57,"Du rufst deinen schnatterfaulen Kolibri herbei. Für den größtmöglichen Effekt bitte beim Tragen einer Augenklappe rufen!","Nachdem er Zeuge der Gräuel wurde, die seinem einstigen Herren Kapitän Madison wiederfuhren, ist diesem Kolibri die Lust am Schnattern vergangen. Er öffnet seinen Schnabel nur noch, wenn man ihm Sardinen hinhält.","Land unter, Land unter!<hex:02100103>Kraaar!<hex:02100103><hex:021A020203>Schnatterfreudiger Kolibri<hex:021A020103>","Erledigung","Versetzt die ausführenden Trabanten zurück zu Tor B.",50,35,3,False,False,False,False,False,9
58,"Du rufst deinen Aufzieh-Amalj'aa als Begleiter herbei. Putzig, nicht wahr?","Narujj Boh kam das erste Mal mit Uhrwerktechnik in Berührung, als er die Marionette eines Abenteurers aufnahm, der in der Nähe seiner Schmiedewerkstatt erschlagen wurde. Sein Aufzieh-Amalj'aa ist eine originalgetreu animinierte, technische Meisterleistung.","Wir Amalj'aa sind dazu bestimmt, die weiten Ebenen der<hex:02100103>Paglth'an zu durchwandern und uns im ewigen Kampf gegen<hex:02100103>würdige Gegner in den Augen unseres Gottes zu bewähren.<hex:02100103><hex:021A020203>Hamujj Gah<hex:021A020103>","Stählung","Erhöht die ABW von eigenen Trabanten in der Nähe um 10, im Fall von Puppen um 30.<hex:02100103><hex:024804F201F803><hex:024904F201F903>Dauer:<hex:0249020103><hex:0248020103> 6 Sekunden",30,25,4,False,True,False,False,False,3
59,"Du rufst deine Ixal-Stoffpuppe herbei. Halt sie, knuddel sie, hab sie lieb.","Mithilfe einer Marionette, die Tataramu bei der Gold<hex:02160103>schmiede<hex:02160103>gilde besorgt hat, konnten die Wolkengleiter von Ehcatl ihren eigenen Uhrwerk-Automaten bauen. Leider kann auch er nicht fliegen ...","Es waren also Ixal, ja? Verdammtes Federvieh! Mal wieder<hex:02100103>haben sie niemanden am Leben gelassen.<hex:02100103><hex:021A020203>Belmont<hex:021A020103>","Große Klappe","Erhöht die ABW der ausführenden Trabanten um 40.<hex:02100103><hex:024804F201F803><hex:024904F201F903>Dauer:<hex:0249020103><hex:0248020103> 10 Sekunden",40,30,2,False,True,False,True,False,3
60,"Du rufst deine Kobold-Stoffpuppe herbei. Pass auf, dass sie sich nicht gleich in die nächste Höhle verkriecht!","Ein weiteres Meisterstück aus der Werkstatt des Akolythen Ba Go vom 789. Orden, der als Füllmaterial für diesen niedlichen Kobold nichts anderes als Sprengstoff zur Hand hatte. Daher sollte man diese Puppe nicht zu fest an sich drücken.","Nein, nein, nicht Kobold quälen! Gaaanz unschuldig Kobold ist!<hex:02100103><hex:021A020203>Schuldiger Kobold<hex:021A020103>","Erweichung","Verringert die ATT von Gegnern in der Nähe um 40 %.<hex:02100103><hex:024804F201F803><hex:024904F201F903>Dauer:<hex:0249020103><hex:0248020103> 6 Sekunden",30,30,3,False,True,False,False,False,4
61,"Du rufst deinen kleinen Sahagin-Begleiter herbei. Schwimmen kann er nicht so gut.","Laichvater Novv ließ dieses Spielzeug für seine Jungen anfertigen, komplett mit spitzzahnigem Dreizack. Zieht man den Sahagin-Begleiter auf, führt er Hieb- und Stoßbewegungen aus, die die Jungen auf ihr Leben als Krieger vorbereiten sollen.","Sssobald ein junger Sahagin dann als vollwertiger Krieger<hex:02100103>Anerkennung gefunden hat, erhält er von unserer einzigartigen<hex:02100103>Königin, der Indigo-Mutter, das grosssartigste Geschenk: Eier!<hex:02100103><hex:021A020203>Novv<hex:021A020103>","Sssssh","Entfernt alle positiven Effekte von den gegnerischen Trabanten in der Nähe.",45,40,4,False,True,False,False,False,6
62,"Du rufst deinen Golem als Begleiter herbei. Nicht so groß wie das Original, aber so süß, dass er jeden Stein zum Erweichen bringt.","Ein überraschender Nebeneffekt der Katastrophe sind die vielen Ätherrisse, die sich überall in Eorzea auftaten, und aus denen die seltsamsten Geschöpfe entfernter Dimensionen hervortreten. Dieser bizarre Steinmann ist nur eins davon.","Der große Bestand an Golems im südlichen Thanalan ist<hex:02100103>auf die Magier der Belah'dia zurückzuführen, die die<hex:02100103>robusten Wächter zum Schutz des Tempels von Qarn einsetzten.<hex:02100103><hex:021A020203>Historie Thanalans, Kapitel II. „Das alte Belah'dia“<hex:021A020103>","Kraftfokus","Erhöht die ABW der ausführenden Trabanten um 40.<hex:02100103><hex:024804F201F803><hex:024904F201F903>Dauer:<hex:0249020103><hex:0248020103> 10 Sekunden",30,35,2,True,False,False,False,False,3
63,"Du rufst deine Aufzieh-Shantotto als Begleiter herbei. Doch Obacht: Denn bist du frech und wirfst sie weg, trifft dich ein Fluch mit bösem Zweck!","Wenn es aussieht wie ein Lalafell und reimt wie ein Lalafell, dann ist es auch ein Lalafell ... Es sei denn, es ist eine Aufzieh-Shantotto! Wie in diesem Fall.","Ohohohoho. O-hohohohoho!<hex:02100103><hex:021A020203>Shantotto<hex:021A020103>","Ausraster","Erhöht die ATT der ausführenden Trabanten um 40.<hex:02100103><hex:024804F201F803><hex:024904F201F903>Dauer:<hex:0249020103><hex:0248020103> 15 Sekunden",45,60,2,False,True,False,True,False,3
64,"Du rufst deine Aufzieh-Edvya als Begleiter herbei. Behandle sie mit Respekt, sonst bekommst du Ärger mit dem Sultan.","Vierzig Jahre nach der Gründung der Thorne-Dynastie wurde Sultan Baldric Thorne mit einer einzigen Tochter gesegnet, Edvya, die er abgöttisch liebte. Ihre Geschichte liefert heutzutage die Grundlage für das Prinzessinnenfest.","Und sieh doch nur, der Aufzieh-Edvya scheint es auch<hex:02100103>sehr gut an deiner Seite gefallen zu haben!<hex:02100103><hex:021A020203>Serendipity<hex:021A020103>","Puppenparade","Fügt Gegnern in der Nähe eine Schwäche gegen Puppen zu.<hex:02100103><hex:024804F201F803><hex:024904F201F903>Dauer:<hex:0249020103><hex:0248020103> 6 Sekunden",50,50,4,False,False,True,False,False,4
65,"Du rufst deine kompakte, aber leistungsstarke Studioleuchte mit integriertem Reflexschirm an deinen Standort, wo sie sich für perfekt ausgeleuchtete Screenshots bereithält. Höhenverstellbar durch einfaches Anstupsen!","Studiosonnen wurden ursprünglich entworfen, um Straßenarbeiter auch nach Einbruch der Dunkelheit weiter schuften zu lassen. Jetzt erfreuen sie sich auch in der Damenwelt hoher Beliebtheit, da das zusätzliche Licht unschöne Falten verschwinden lässt.","Sonne dich im Glanz deines Sieges ...<hex:02100103>solange du noch kannst.<hex:02100103><hex:021A020203>Blanstyr<hex:021A020103>","Sonnenschutz","Erhöht die ABW der ausführenden Trabanten um 40.<hex:02100103><hex:024804F201F803><hex:024904F201F903>Dauer:<hex:0249020103><hex:0248020103> 10 Sekunden",35,50,3,False,False,True,False,False,3
66,"Du rufst dein persönliches Sitzkissen an deinen Standort, wo es flauschig weich für dich bereitliegt und zum gemütlichen Verweilen einlädt - selbst auf hartem Untergrund.","Duftende Rose hat all sein Können und die weichesten Federn in dieses Kissen gesteckt, um das Sitzen darauf zu einem un<hex:02160103>ver<hex:02160103>gleich<hex:02160103>li<hex:02160103>chen Genuss zu machen. Er soll dafür sogar vier Dutzend Hinterteile vermessen und auf ihre Druckempfindlichkeit untersucht haben.","Ich habe schon alles arrangiert. Du musst nur mit<hex:02100103>Antoinaut sprechen, wenn dir der Sinn nach einem<hex:02100103>stabilen Bett und einem weichen Kissen steht.<hex:02100103><hex:021A020203>Miounne<hex:021A020103>","Kurz ausspannen","Entfernt alle Effekte von allen Trabanten in der Nähe.",30,40,4,False,False,True,False,False,6
67,"Du rufst deinen Begleiter des Lichts herbei. Eine wahrlich blendende Erscheinung.","Aus antiken Auf<hex:02160103>zeich<hex:02160103>nun<hex:02160103>gen geht hervor, dass fast jedes Zeitalter seine eigenen Krieger des Lichts hatte. Mutige Helden, die vor drohenden Katastrophen erschienen, um die Völker zu vereinen ... nur um kurz darauf wieder in der Versenkung zu verschwinden.","Die „Krieger des Lichts“, die euch bei<hex:02100103>Carteneau gerettet haben, sind tot.<hex:02100103><hex:021A020203>Gaius van Baelsar<hex:021A020103>","--","",100,100,3,False,False,False,False,False,0
68,"Du rufst deinen Begleiter des Lichts herbei. Eine wahrlich blendende Erscheinung.","Aus antiken Auf<hex:02160103>zeich<hex:02160103>nun<hex:02160103>gen geht hervor, dass fast jedes Zeitalter seine eigenen Krieger des Lichts hatte. Mutige Helden, die vor drohenden Katastrophen erschienen, um die Völker zu vereinen ... nur um kurz darauf wieder in der Versenkung zu verschwinden.","Die „Krieger des Lichts“, die euch bei<hex:02100103>Carteneau gerettet haben, sind tot.<hex:02100103><hex:021A020203>Gaius van Baelsar<hex:021A020103>","Gegenwind","Verringert die ATT von Gegnern in der Nähe um 50 %.<hex:02100103><hex:024804F201F803><hex:024904F201F903>Dauer:<hex:0249020103><hex:0248020103> 15 Sekunden",25,35,1,True,True,False,False,True,4
69,"Du rufst deinen Begleiter des Lichts herbei. Eine wahrlich blendende Erscheinung.","Aus antiken Auf<hex:02160103>zeich<hex:02160103>nun<hex:02160103>gen geht hervor, dass fast jedes Zeitalter seine eigenen Krieger des Lichts hatte. Mutige Helden, die vor drohenden Katastrophen erschienen, um die Völker zu vereinen ... nur um kurz darauf wieder in der Versenkung zu verschwinden.","Die „Krieger des Lichts“, die euch bei<hex:02100103>Carteneau gerettet haben, sind tot.<hex:02100103><hex:021A020203>Gaius van Baelsar<hex:021A020103>","Vitaxa","Regeneriert bei den eigenen Trabanten in der Nähe 100 LP, im Fall von Puppen 150.",30,35,3,False,False,True,False,False,7
70,"Du rufst deinen Begleiter des Lichts herbei. Eine wahrlich blendende Erscheinung.","Aus antiken Auf<hex:02160103>zeich<hex:02160103>nun<hex:02160103>gen geht hervor, dass fast jedes Zeitalter seine eigenen Krieger des Lichts hatte. Mutige Helden, die vor drohenden Katastrophen erschienen, um die Völker zu vereinen ... nur um kurz darauf wieder in der Versenkung zu verschwinden.","Wenn wir uns ihre Gesichter ins Gedächtnis rufen wollen, sehen<hex:02100103>wir nur dunkle Silhouetten, die von grellem Licht umgeben sind.<hex:02100103>Deshalb nennen wir diese Abenteurer einfach nur die Krieger des Lichts.<hex:02100103><hex:021A020203>Miounne<hex:021A020103>","Miniphobie","Fügt Gegnern in der Nähe eine Schwäche gegen Puppen zu.<hex:02100103><hex:024804F201F803><hex:024904F201F903>Dauer:<hex:0249020103><hex:0248020103> 6 Sekunden",40,35,3,False,False,True,False,False,4
71,"Du rufst deinen Aufzieh-Anführer als Begleiter herbei. Er folgt dir überall hin, für Geld und Vaterland, für Stille, Besinnung und Frieden, oder bis die See ihn im Tod umfängt.","Ursprünglich hergestellt, um für die Staatlichen Ge<hex:02160103>sell<hex:02160103>schaften von Eorzea zu werben, werden diese Uhrwerk-Puppen nun für herausragende Dienste an der Ge<hex:02160103>sell<hex:02160103>schaft verliehen. Es gibt drei Modelle, jeweils eines für Limsa Lominsa, Gridania und Ul'dah.","Schnell, zur Weihrauchkammer! Noch ist das Feuer der<hex:02100103>Morgenröte nicht erloschen. Wir müssen die Anführer überzeugen!<hex:02100103><hex:021A020203>Minfilia<hex:021A020103>","--","",100,100,3,False,False,False,False,False,0
72,"Du rufst deine Aufzieh-Merlwyb als Begleiter herbei. ","Ursprünglich hergestellt, um für die Staatlichen Ge<hex:02160103>sell<hex:02160103>schaften von Eorzea zu werben, werden diese Uhrwerk-Puppen nun für herausragende Dienste an der Ge<hex:02160103>sell<hex:02160103>schaft verliehen. Es gibt drei Modelle, jeweils eines für Limsa Lominsa, Gridania und Ul'dah.","Schnell, zur Weihrauchkammer! Noch ist das Feuer der<hex:02100103>Morgenröte nicht erloschen. Wir müssen die Anführer überzeugen!<hex:02100103><hex:021A020203>Minfilia<hex:021A020103>","Vernichter","Halbiert den Ruf-Timer von Trabanten beim Herbeirufen.<hex:02100103><hex:024804F201F803><hex:024904F201F903>Dauer:<hex:0249020103><hex:0248020103> 10 Sekunden",40,40,4,True,False,False,False,False,9
73,"Du rufst deine Aufzieh-Kan-E als Begleiter herbei. ","Ursprünglich hergestellt, um für die Staatlichen Ge<hex:02160103>sell<hex:02160103>schaften von Eorzea zu werben, werden diese Uhrwerk-Puppen nun für herausragende Dienste an der Ge<hex:02160103>sell<hex:02160103>schaft verliehen. Es gibt drei Modelle, jeweils eines für Limsa Lominsa, Gridania und Ul'dah.","Schnell, zur Weihrauchkammer! Noch ist das Feuer der<hex:02100103>Morgenröte nicht erloschen. Wir müssen die Anführer überzeugen!<hex:02100103><hex:021A020203>Minfilia<hex:021A020103>","Claustrum","Entfernt alle negativen Effekte von eigenen Trabanten in der Nähe.",45,45,4,True,False,False,False,False,6
74,"Du rufst deinen Aufzieh-Raubahn als Begleiter herbei. ","Ursprünglich hergestellt, um für die Staatlichen Ge<hex:02160103>sell<hex:02160103>schaften von Eorzea zu werben, werden diese Uhrwerk-Puppen nun für herausragende Dienste an der Ge<hex:02160103>sell<hex:02160103>schaft verliehen. Es gibt drei Modelle, jeweils eines für Limsa Lominsa, Gridania und Ul'dah.","Schnell, zur Weihrauchkammer! Noch ist das Feuer der<hex:02100103>Morgenröte nicht erloschen. Wir müssen die Anführer überzeugen!<hex:02100103><hex:021A020203>Minfilia<hex:021A020103>","Tizona","Verringert die GSW von Gegnern in der Nähe um 70 %.<hex:02100103><hex:024804F201F803><hex:024904F201F903>Dauer:<hex:0249020103><hex:0248020103> 5 Sekunden",45,35,3,True,False,False,False,False,4
75,"Du rufst deinen Chocobo-Prinzen als Begleiter herbei. Er trabt gemächlich hinter dir her.","Ein reinrassiges Tier, das von dem legendären Veillantif abstammt. Dieser edle Vogel aus Ishgard benötigt einen Reiter, der den Namen seiner Familie nicht beschmutzen wird.","Sie sind nicht nur fleißige Reittiere und Lastenträger,<hex:02100103>sondern kämpfen auch treu an deiner Seite. Bestimmt hast<hex:02100103>du schon von dem berühmten Fortemps-Kampfstil gehört?<hex:02100103><hex:021A020203>Luquelot<hex:021A020103>","Chocokrönung","Verringert die ABW von Gegnern in der Nähe um 50 %.<hex:02100103><hex:024804F201F803><hex:024904F201F903>Dauer:<hex:0249020103><hex:0248020103> 15 Sekunden",30,45,2,False,True,False,True,False,4
76,"Du rufst den legendären dunklen Ritter herbei. Keine Sorge, auch wenn er grimmig blickt - sein Schwert ist nicht scharf.","So mancher hat sich schon gefragt, warum eine düstere Gottheit mit Wurzeln in der nordischen Mythologie eine Klinge aus dem Fernen Osten führt. Ein Barde behauptet, dass der dunkle Ritter die Klinge erwarb, nachdem ein Auri-Krieger ihn damit traf.","Der Legende nach kämpfte Oeil Vert tief im Inneren<hex:02100103>des Waldes gegen den Primae Odin.<hex:02100103><hex:021A020203>Gerolt<hex:021A020103>","Zantetsuken","Führt eine Attacke mit Attacke-Wert 90 auf die Gegner in der Nähe aus.",75,65,4,False,True,False,False,False,1
77,"Du rufst deinen Begleiter, der einem legendären Krieger des Lichts äußerst ähnlich sieht. Möge der Kristall euch leiten!","Die strahlend blaue Rüstung des Mini-Lichtkriegers basiert auf uralten allagischen Mustern, die vor kurzem von Abenteurern im Kristallturm wiederentdeckt wurden.","Die „Krieger des Lichts“, die euch bei<hex:02100103>Carteneau gerettet haben, sind tot.<hex:02100103><hex:021A020203>Gaius van Baelsar<hex:021A020103>","Tageslichtblitz","Führt eine Attacke mit Attacke-Wert 230 auf die Gegner in der Nähe aus.",30,75,2,False,False,True,False,False,1
78,"Du rufst eine Miniaturversion des furchtbaren Primae herbei. Sie entstieg dem mechanischen Dalamud, als dieser am Boden zerschellte (die Schäden waren nicht katastrophal).","Trotz der strikten Anweisung der Gilde der Gold- schmiede, den Mini-Dalamud unter keinen Umständen zu öffnen, konnte ein Narr nicht widerstehen und brach den Mini-Meteor auf<hex:021D0103>- und entfesselte damit den Aufzieh-Bahamut!","Der Primae Bahamut ... Dass ich ihn<hex:02100103>noch einmal sehen darf ...<hex:02100103><hex:021A020203>???<hex:021A020103>","Flämmchen","Führt eine Attacke mit Attacke-Wert 90 auf die Gegner in der Nähe aus.",70,40,3,True,False,False,False,False,1
79,"Du rufst deinen putzigen Mogry herbei, kupo.","Eine Kreatur, die aus 90 % Liebe und 10 % Eifersucht besteht<hex:021D0103>- oder waren es 90 % Eifersucht und 10 % Liebe? Dieses Meisterwerk wurde erschaffen, nachdem die Mogrys im Finsterwald all die schicken Begleiter der Abenteurer bemerkten und mit von der Partie sein wollten.","Grüß dich, Große! Ich bin ein Mogry-Postbote, kupo!<hex:02100103><hex:021A020203>Freundlicher Mogry-Postbote<hex:021A020103>","Mogry-Menuett","Führt eine Attacke mit Attacke-Wert 90 auf die Gegner in der Nähe aus.",40,40,2,True,False,False,False,False,1
80,"Du rufst deinen niedlichen Opo-Opo-Begleiter herbei. Lieber als dich mag er nur Feenäpfel.","Den Klauen der Gefolgschaft der Goblinheldin Brüllvolx entrissen. Anstatt sein Leben damit zu verbringen, sich im Dschungel von Langrast von Ast zu Ast zu schwingen, trottet er nun dem mutigen Abenteurer hinterher, der ihn „gerettet“ hat.","Na, laus mich der Opo-Opo!<hex:02100103><hex:021A020203>Cid Garlond<hex:021A020103>","Affentheater","Fügt Gegnern in der Nähe eine Schwäche gegen Tiere zu.<hex:02100103><hex:024804F201F803><hex:024904F201F903>Dauer:<hex:0249020103><hex:0248020103> 6 Sekunden",40,25,4,False,False,False,False,False,4
81,"Du rufst deinen Besen herbei. Völlig selbstständig macht er sich ans Werk und fegt die Umgebung blitzblank!","Die meisten Magier Eorzeas werden es nicht zugeben wollen, aber einen gewöhnlichen Besen zu einem selbstgetriebenen Hausdiener zu machen, ist deutlich komplizierter, als es den Anschein hat, und benötigt nicht weniger als sieben Phasen der Bindung.","Zum Putzen in deinem Stall empfehle ich dir<hex:02100103>einen Zauberbesen. Damit geht die Arbeit leicht<hex:02100103>von der Hand.<hex:02100103><hex:021A020203>Luquelot<hex:021A020103>","Husch","Entfernt alle Effekte von allen Trabanten in der Nähe.",50,60,2,True,False,False,False,False,6
82,"Du rufst deine Sukkubus-Puppe herbei. Hundertprozentig anatomisch korrekt. Bitte sorgfältig behandeln!","Einer der vielen Uhrwerk-Diener, die im Haus des gridanischen Goldschmieds entdeckt wurden, der vor kurzem wegen rituellen Beschwörungen belangt wurde. Während er an seinen Werken arbeitete, wurde er zunehmend besessen von dem Nichts.","Sukkuben saugen einem das letzte bisschen<hex:02100103>Äther aus den Adern!<hex:02100103><hex:021A020203>Unbekannter Thaumaturg<hex:021A020103>","Betörung","Erhöht die ATT von eigenen Trabanten in der Nähe um 20, im Fall von Monstern um 40. <hex:02100103><hex:024804F201F803><hex:024904F201F903>Dauer:<hex:0249020103><hex:0248020103> 6 Sekunden",55,25,3,False,False,True,False,False,3
83,"Du rufst dein Zu-Küken herbei. Noch ist dieser junge Zu zahm und setzt sich brav auf deine Schulter. Aber ob das immer so bleibt?","Normalerweise kehren die Zu zum Brüten in ihre Heimat, den Nahen Osten, zurück, doch seit der Siebten Katastrophe kommen mehr und mehr Küken auch in Eorzea zur Welt. Dies hat womöglich mit klimatischen Verände- rungen zu tun.","Iiih, der Vogelfreund! Tu uns nichts,<hex:02100103>wir sind ehrliche Diebe!<hex:02100103><hex:021A020203>Kikiroon<hex:021A020103>","Pikkolo-Picken","Erhöht die ATT der ausführenden Trabanten um 60.<hex:02100103><hex:024804F201F803><hex:024904F201F903>Dauer:<hex:0249020103><hex:0248020103> 10 Sekunden",30,25,3,True,False,False,False,False,3
84,"Du rufst deine Nanamo-Puppe herbei. Sie weigert sich, auf irgendjemandes Schulter außer Raubahns zu sitzen - und deiner.","Geschaffen, um das zehnjährige Jubiläum der Thronbesteigung durch Ihre Hoheit Sultana Nanamo Ul Namo, Siebzehnte derer von Ul, zu feiern. Mit ihren damals fünfzehn Jahren war sie dennoch nicht die jüngste Herrscherin der Perle der Wüste.","Kämpf für die Sultana, Junge! Für Ul'dah!<hex:02100103><hex:021A020203>Papashan<hex:021A020103>","Blut derer von Ul","Erhöht die ATT und ABW der ausführenden Trabanten. Pro 5 % verlorener LP steigt die ATT um 10 und die ABW um 5.<hex:02100103><hex:024804F201F803><hex:024904F201F903>Dauer:<hex:0249020103><hex:0248020103> 6 Sekunden",35,40,2,True,False,True,False,False,3
85,"Du rufst deinen Aufzieh-Gilgamesch herbei.","Das Meisterwerk von einem der besten Gold-<hex:02100103>schmiede Eorzeas. Zusammengesetzt aus Ersatz-<hex:02100103>teilen anderer Projekte, ist es dem Antlitz eines guten Bekannten des Sohnes des Goldschmieds nachempfunden. Leider konnte kein Hüftschwung mehr eingebaut werden.","Gilgamesch-Metamorphooose!<hex:02100103><hex:021A020203>Gilgamesch<hex:021A020203>","Klingenschimmer","Führt eine Attacke mit Attacke-Wert 300 auf die Gegner in der Nähe aus, aber die ausführenden Trabanten werden weggeschickt.",40,55,4,True,False,False,False,False,1
86,"Du rufst Prinz Zwiebel herbei. Er würde für dich sterben. Oder um dich weinen. Oder dich zum Weinen bringen.","Nachdem er erfahren musste, dass seine Eltern nicht aus Liebe heirateten, sondern weil sie es als ihre Pflicht ansahen, schwor sich Prinz Zwiebel, nie in ihre Fußstapfen zu treten und stattdessen mit seiner Geliebten davonzulaufen.","Mit so ein paar kleinen Gemüsezwiebeln<hex:02100103>mach ich kurzen Prozess.<hex:02100103><hex:021A020203>Hildibrand, Meister-Kriminologe<hex:021A020103>","Dicke Tränen","Fügt dem nächstgelegenen gegnerischen Arkana-Stein 5 % Schaden zu.",55,30,3,False,False,True,False,False,8
87,"Du rufst Ritter Aubergine herbei. Sein Kindheitstraum, ein Magier zu werden, missfiel seinem strengen Vater zutiefst.","Das Haus Aubergine hat den Tomatenkönigen achtzehn Generationen lang treu gedient und war dem Thron gegenüber stets loyal ... bis dieser Ritter der neunzehnten Generation ein Auge auf die hübsche Königin Mandragora warf.","Wer zu viele Auberginen isst,<hex:02100103>wird selber eine.<hex:02100103><hex:021A020203>Hausfrauenweisheit<hex:021A020103>","Nachtschatten","Erhöht die ABW eigener Trabanten in der Nähe um 10, im Fall von Tieren um 30.<hex:02100103><hex:024804F201F803><hex:024904F201F903>Dauer:<hex:0249020103><hex:0248020103> 6 Sekunden",45,50,3,False,True,True,False,False,3
88,"Du rufst Sir Knoblauch herbei. Jeder deiner Atemzüge wird dich daran erinnern, dass der stinkende Kerl direkt hinter dir ist.","Der Sohn eines wandernden Maskierten, der unter dem Namen Knoblauchstern auftrat. Er schwor sich, nie in die Fußstapfen seines Vaters zu treten, aber musste seinen Stolz überwinden, da er der Palastwache zu übelriechend war.","Und dieses herrliche Aroma!<hex:02100103><hex:021A020203>Ingham<hex:021A020103>","Appetitanreger","Erhöht die ATT eigener Trabanten in der Nähe um 20, im Fall von Tieren um 40.<hex:02100103><hex:024804F201F803><hex:024904F201F903>Dauer:<hex:0249020103><hex:0248020103> 6 Sekunden",25,60,3,False,False,True,False,False,3
89,"Du rufst König Tomate herbei. Hat einen königlichen Erlass verabschiedet, der es seinen Untertanen untersagt, ihn als Gemüse zu bezeichnen.","Nachdem die Katastrophe den König ohne ein Königreich hinterlassen hatte, machte sich dieser auf den Weg, um ein neues Reich zu finden, über das er herrschen könnte. Streift derzeit durch die Lande, um jede Rübe und Knolle davon zu überzeugen, ihm zu folgen.","Um mich zu beruhigen, genehmige ich<hex:02100103>mir erst mal eine dieser köstlichen<hex:02100103>gridanischen Tomatenpasteten.<hex:02100103><hex:021A020203>Ahctkoen<hex:021A020103>","Killerangriff","Erhöht die ATT der ausführenden Trabanten um 40.<hex:02100103><hex:024804F201F803><hex:024904F201F903>Dauer:<hex:0249020103><hex:0248020103> 15 Sekunden",80,45,4,False,False,False,False,False,3
90,"Du rufst Königin Mandragora herbei. Mit König Tomate verheiratet, um das Band zwischen den Häusern Tomate und Mandragora zu stärken. Ihr Herz gehört jedoch Ritter Aubergine. Was wird wohl aus dieser verbotenen Liebschaft werden?!","Gefangen in einem Leben mit einem Mann, den sie nicht liebt. Es verging kaum eine Nacht, in der die Königin nicht daran dachte, sich in die See zu stürzen ... bis sie eines Tages den noblen Ritter Aubergine traf.","Seit der großen Katastrophe verbreiten sich die merkwürdigen<hex:02100103>Mandragoras wie Ungeziefer. Zuerst hielt man sie für unschädlich,<hex:02100103>sogar niedlich, aber sie saugen Unmengen Nährstoffe aus dem Boden.<hex:02100103><hex:021A020203>Arenlona von der Gockelburg<hex:021A020103>","Photosynthese","Regeneriert 100 LP bei eigenen Trabanten in der Nähe, im Fall von Tieren 150.",50,75,2,False,True,False,True,False,7
91,"Eine Puppe in der Gestalt der berühmten Exegetin. 23 Jahr, weißes Haar, so steht sie vor dir!<hex:02100103>","Von Tataru bei der Goldschmiede-Gilde in Auftrag gegeben, ging beinahe die Hälfte der Kosten an das Atelier Fen-Yll, das die präzise gearbeiteten Lederstiefel dieser Puppe anfertigte. Sie sieht der rätselhaften Druidin in der Tat sehr ähnlich. ","Nun werden wir sehen,<hex:02100103>ob ich als Sharlayanerin etwas auf mich halten darf ...<hex:02100103><hex:021A020203>Y'shtola<hex:021A020103>","Ätherfeld","Erhöht die ABW eigener Trabanten in der Nähe um 20.<hex:02100103><hex:024804F201F803><hex:024904F201F903>Dauer:<hex:0249020103><hex:0248020103> 10 Sekunden",60,70,4,False,True,True,False,False,3
92,"Du rufst eine verhexte Puppe in Gestalt eines Zwiebelritters herbei. Treibt selbst dem härtesten Hund Tränen in die Augen!","Laut Rammbroes von der Sankt Coinach-Stiftung begannen die Allager gegen Ende ihrer Zivilisation, ihre Kriege mit solchen Puppen auszutragen, um den Frieden im Reich sicherzustellen.","Wir sollten schleunigst in die Sagolii-Wüste aufbrechen,<hex:02100103>um den Machenschaften dieser verrückten Zombies<hex:02100103>ein Regal, äh, eine Zwiebel vorzuschieben.<hex:02100103><hex:021A020203>Nashu Mhakaracca<hex:021A020103>","Zwiebelschale","Macht die ausführenden Trabanten unempfindlich für alle Angriffe.<hex:02100103><hex:024804F201F803><hex:024904F201F903>Dauer:<hex:0249020103><hex:0248020103> 6 Sekunden",30,60,4,False,False,True,False,False,3
93,"Du rufst eine Schatzkiste herbei. Beim Öffnen schön auf die Fingerchen Acht geben!","Ursprünglich mal von einem Jagdmeister zur Auf-<hex:02100103>bewahrung von Jagdabzeichen verwendet<hex:021D0103>... bis die Kiste begann, diese aufzufressen. Um die Verluste ein Stück weit wieder wettzumachen, verkaufte er die Schatzkiste.","Piraten wissen, wo ihre Schatzkiste ist.<hex:02100103><hex:021A020203>Ahtzapfyn<hex:021A020103>","Bleideckel","Führt eine Attacke mit Attacke-Wert 120 auf die Gegner in der Nähe aus und erhöht die ATT der ausführenden Trabanten um 20.<hex:02100103><hex:024804F201F803><hex:024904F201F903>Dauer:<hex:0249020103><hex:0248020103> 6 Sekunden",50,35,3,True,False,False,False,False,1
94,"Du rufst ein Tapirjunges herbei. Man sagt, dass die Tiere sich von Träumen ernähren.","Bevor man herausfand, dass die Tapire tatsächlich die Träume ihrer Besitzer in sich aufsogen, wurden ein paar Hundert an Adelige in Ul'dah verkauft, die sich nach einem geruhsameren Schlaf sehnten. Erstaunlicherweise gab es nur wenige Beschwerden von den Besitzern.","Träume sind wie Pflanzen, verstehst du?<hex:02100103>Nähre sie, hege sie - und eines Tages<hex:02100103>werden sie fruchten.<hex:02100103><hex:021A020203>Fufucha<hex:021A020103>","Klartraum","Fügt Gegnern in der Nähe eine Schwäche gegen Tiere zu.<hex:02100103><hex:024804F201F803><hex:024904F201F903>Dauer:<hex:0249020103><hex:0248020103> 6 Sekunden",45,25,2,False,True,True,False,False,4
95,"Du rufst deinen Nana-Stoffbären herbei. Gelehrte sind der Ansicht, dass Bären zu den tödlichsten Bestien im Reich gehören. Offensichtlich haben sie nie in die Augen <hex:021A020203>dieses<hex:021A020103> süßen kleinen Exemplars geschaut.","Der Nana-Stoffbär geht zurück auf die ul'dhische Prinzessin Nanakko, die sich zu ihrem 8. Geburtstag einen Bären von ihrem Vater wünschte. Der Sultan ließ ganz Eorzea absuchen<hex:021D0103>- erfolglos. Also wurden die Goldschmiede damit beauftragt, einen Spielzeugbären zu bauen.","Im ganzen Honighof gibt<hex:02100103>gibt es nicht genug Honig,<hex:02100103>um dieses kleine Schleckermaul<hex:02100103>zufriedenzustellen.<hex:02100103><hex:021A020203>Anonymer Imker<hex:021A020103>","Plüschtritt","Führt eine Attacke mit Attacke-Wert 230 auf die Gegner in der Nähe aus.",45,30,2,False,True,True,False,False,1
96,"Du rufst deine Miniaturlore herbei. Eignet sich am besten für verlassene Minen und Tempel des Todes.","Die Amajina Bergbau AG behauptet, ihre Spende von über Hundert dieser Gefährten an die Waisen von Steinwurf sei ein Akt der Wohltätigkeit gewesen. Kritiker vermuten jedoch, die Kinder sollen so für die Arbeit in den Minen von Thanalan begeistert werden.","Miiiine alles meiiins!<hex:02100103><hex:021A020203>Biggy, der Spriggan<hex:021A020103>","Spurlatte","Erhöht die Technikpunkte eigener Trabanten in der Nähe um 10, außer wenn sie ebenfalls diesen Effekt verursachen können.",35,60,1,False,True,False,True,True,3
97,"Du rufst deinen Nussfresser herbei. Komplett mit einem Paar Eicheln.","Inspiriert von den Worten von Milith Ironheart streift dieses Baumhörnchen auf der Suche nach der legendären goldenen Eichel durch die Lande. Wobei seine Über<hex:02160103>lebens<hex:02160103>chancen deutlich höher sind, wenn es dir hinterhertrottet.","Du hast all meine Bewegungen durchschaut ...<hex:02100103>Du bist kein gewöhnliches Murmelhörnchen ...<hex:02100103><hex:021A020203>Hamon<hex:021A020103>","Schädelfresser","Stellt eine Falle auf, die nach 10 Sekunden ausgelöst werden kann. Bewirkt die Verlangsamung von Gegnern in der Nähe um 70<hex:021D0103>%.<hex:02100103><hex:024804F201F803><hex:024904F201F903>Dauer:<hex:0249020103><hex:0248020103> 20 Sekunden",100,50,4,False,False,False,False,False,2
98,"Du rufst deine Minfilia-Puppe herbei. Im Gegensatz zur echten Minfilia begleitet sie dich wirklich auf deinen Abenteuern.","Dieser Uhrwerk-Automat wurde auf Geheiß der Aben<hex:02160103>teurer<hex:02160103>gilde für die jährliche Feier der Wiedergeburt Eorzeas angefertigt. Man hat ihr die Kontaktkreis-Privilegien entzogen, du brauchst also keine nächtlichen Anrufe fürchten.","Freut mich sehr! Ich bin Minfilia, die<hex:02100103>Anführerin des Bundes der Morgenröte.<hex:02100103><hex:021A020203>Minfilia<hex:021A020103>","Ich bin's, Minfilia","Führt eine Attacke mit Attacke-Wert 230 auf die Gegner in der Nähe aus.",80,40,3,False,False,True,False,False,1
99,"Du rufst deine Thancred-Puppe herbei. 200 % verträumter als frühere Modelle.","Dieser Uhrwerk-Automat wurde auf Geheiß der Aben<hex:02160103>teurer<hex:02160103>gilde für die jährliche Feier der Wiedergeburt Eorzeas angefertigt. Berichte über Thancred-Fans, die selbst von den Puppen magisch angezogen werden, sind nicht völlig an den Haaren herbeigezogen.","Unsere Organisation heißt übrigens der „Bund der Morgenröte“<hex:02100103>und es ist keine Übertreibung, wenn ich sage, dass wir die <hex:021A020203>Guten<hex:021A020103><hex:02100103>sind!<hex:02100103><hex:021A020203>Thancred<hex:021A020103>","Herzensbrecher","Stellt eine Falle auf, die nach 10 Sekunden ausgelöst werden kann. Bewirkt eine Attacke mit Attacke-Wert 260 auf die Gegner in der Nähe.",50,35,3,True,True,False,False,False,2
100,"Du rufst deine Aufzieh-Magitek-Drohne herbei. Eine exakte Nachbildung einer mit Erdseim betriebenen Magitek-Drohne im Maßstab 1:9 (Ultima-Waffe-Actionfigur nicht im Lieferumfang enthalten).","Dieses Wunder moderner Mechanik ist eigentlich ein Wunder antiker allagischer Technik, die man rekonstruiert und dann mit garleischer Magitek-Technologie verfeinert hat.","Vorwärts, Magitek-Frontbrecher!<hex:02100103>Demonstriere diesen Würmern<hex:02100103>unsere Überlegenheit.<hex:02100103><hex:021A020203>Garleischer Centurio<hex:021A020103>","Totalattacke","Führt eine Attacke mit Attacke-Wert 230 auf die Gegner in der Nähe aus. ",50,75,2,True,False,False,False,False,1
101,"Du rufst dein Wölkchen der Dunkelheit herbei. Wer sich in seiner Nähe aufhält, sollte das Husten, Niesen und Herumwedeln tunlichst vermeiden, sonst ist das Wölkchen für immer verschwunden.","Als dieser mechanische Begleiter eines Gold-<hex:02100103>schmieds, der wegen schwarzer Künste gehängt worden war, gefunden wurde, war die Obrigkeit alarmiert und ließ den kürzlich Verstorbenen ausgraben. Zu ihrem großen Schrecken war der Sarg leer.","Wir sind die Wolke der Dunkelheit!<hex:02100103>Alles ergreifend, alles verschlingend.<hex:02100103><hex:021A020203>Wolke der Dunkelheit<hex:021A020103>","Kleinstpartikelstrahl","Führt eine Attacke mit Attacke-Wert 150 auf die Gegner in der Nähe aus und verringert ihre ABW um 30 %.<hex:02100103><hex:024804F201F803><hex:024904F201F903>Dauer:<hex:0249020103><hex:0248020103> 6 Sekunden",70,60,4,False,False,True,False,False,1
102,"Du rufst deine Ninki Nanka-Puppe herbei. Genau wie seine Eltern wird sich dieses schuppige Wesen rasant fortpflanzen, wenn man es unbeaufsichtigt lässt.","Anstatt ihre Eier in einem Teich oder Fluss abzulegen, wo sie leicht anderen wilden Tieren zum Opfer fallen könnten, lagert das Ninki Nanka-Weibchen diese auf dem Rücken des Vaters, der sie trägt und beschützt, bis der Nachwuchs schlüpft. Sofern er nicht vorher runterfällt ...","Eierstich und Dottergelb! Ei, viele Eier, mehr Eier, alle Eier!<hex:02100103>Wundereierbar!<hex:02100103><hex:021A020203>Gigitty, der Spriggan<hex:021A020103>","Ninki-Stänker","Erhöht die ATT eigener Trabanten in der Nähe um 25.<hex:02100103><hex:024804F201F803><hex:024904F201F903>Dauer:<hex:0249020103><hex:0248020103> 6 Sekunden",55,40,2,False,True,True,False,False,3
103,"Du rufst dein Panda-Stofftier herbei. Angenehm weich und exotisch zugleich.","Im Fernen Osten sollen Pandas so beliebt sein, dass sie angeblich sogar Positionen in der Regierung einnehmen. Andererseits gibt es auch Berichte, sie seien ganz im Gegensatz zu ihrem Aussehen wild und unbändig.","Auch im Fernen Osten, wie ihr es nennt, gibt es<hex:02100103>Lebewesen, die wie Götter verehrt werden.<hex:02100103><hex:021A020203>Yugiri<hex:021A020103>","Bambusgrube","Stellt eine Falle auf, die nach 10 Sekunden ausgelöst werden kann. Bewirkt eine Attacke mit Attacke-Wert 260 auf die Feinde in der Nähe.",30,40,2,True,False,False,True,False,2
104,"Du rufst deinen Aufzieh-Ultros herbei. Hoffentlich verknotet er sich beim Laufen nicht die Arme.","Inspiriert von den fließenden Bewegungen des frechen Kopffüßers wollte der begnadete Gold-<hex:02100103>schmied Godbert Manderville eigentlich einen Ring herstellen, baute in seinem Übereifer und mit der Macht der Mandervilles aber gleich eine komplette Marionette.","♪ Humba, humba, humba, tätäräää ♪<hex:02100103><hex:021A020203>Ultros<hex:021A020103>","Tentakel","Erhöht die GSW eigener Trabanten in der Nähe um 35 %.<hex:02100103><hex:024804F201F803><hex:024904F201F903>Dauer:<hex:0249020103><hex:0248020103> 6 Sekunden",50,45,2,True,False,False,False,False,3
105,"Du rufst deinen Zuckerschneemann herbei. Dank karamelisiertem Überzug eignet sich dieser wohlerzogene Begleiter auch für Spaziergänge durch Thanalan.","Ein rauschbärtiger Wohltäter konstruierte diese putzige Marionette in Zusammenarbeit mit Eorzeas Zuckerbäckern, um den Kindern zum Sternenlichtfest eine Freude zu bereiten. Angeblich freut sich der Schneemann, wenn man ihn ordentlich mit Schneebällen einseift.","Gut zielen, kräftiger werfen und niemals ducken.<hex:02100103>Ducken ist was für Warmbader.<hex:02100103><hex:021A020203>Die Kunst der Schneeballschlacht<hex:021A020103>","Schmelzwasser","Erhöht den Schaden der ausführenden Trabanten gegen gegnerische Arkana-Steine.<hex:02100103><hex:024804F201F803><hex:024904F201F903>Dauer:<hex:0249020103><hex:0248020103> 6 Sekunden",40,50,2,False,True,True,False,False,3
106,"Du rufst dein Chocopummelchen herbei. Noch kann sich dieses Küken mit Babyspeck herausreden, aber das wird nicht ewig funktionieren.","Es wäre naiv zu glauben, dass allein der Verzehr von Gizar-Kraut für ein solches Kampfgewicht sorgt. Behemoth-Knochen unter dem Nest dieses Kükens lassen vermuten, dass es auch proteinreicher Nahrung nicht abgeneigt ist.","Wenn ich groß bin,<hex:02100103>werd ich ein Moppel!<hex:02100103><hex:021A020203>Chocopummelchen<hex:021A020103>","Leckermaul","Verdoppelt die LP-Regeneration der Trabanten innerhalb eines Tors.<hex:02100103><hex:024804F201F803><hex:024904F201F903>Dauer:<hex:0249020103><hex:0248020103> 20 Sekunden",35,75,2,False,True,False,False,False,9
107,"Du rufst deine Yda-Puppe herbei. Mit unabnehmbarer Maske und unerschütterlichem Optimismus.","Ydas oft mangelnde Geistesgegenwart und ihr Talent, Schwie<hex:02160103>rig<hex:02160103>keiten anzuziehen, lässt einen oft vergessen, dass sie nicht nur dem Bund der Morgenröte angehört, sondern auch vom großen Louisoix selbst zum Mitglied der Exegeten gemacht wurde.","Das Jenseits!<hex:02100103>Ich glaube, wir sind gestorben, Papalymo!<hex:02100103><hex:021A020203>Yda<hex:021A020103>","Endgültiges Jenseits","Führt eine Attacke mit Attacke-Wert 230 auf die Gegner in der Nähe aus. ",45,55,3,True,False,False,False,False,1
108,"Du rufst deine Papalymo-Puppe herbei. Stets mit einem überlegenen Lächeln auf den Lippen.","Als unverhofft eine größere Menge Gil in die Kasse des Bunds der Morgenröte gespült wurde, nutzte Tataru die Gunst der Stunde, um bei der Gold<hex:02160103>schmiede<hex:02160103>gilde in Ul'dah Puppen ihrer Lieblings-Exegeten in Auftrag zu geben, zuallererst die Puppe von Papalymo.","Der kleine Dickschädel würde eher seinen Stab fressen,<hex:02100103>als einen eigenen Fehler einzugestehen!<hex:02100103><hex:021A020203>Yda<hex:021A020103>","Pikoblitz","Fügt Gegnern in der Nähe im Sekundentakt 10 Schaden über Zeit zu.<hex:02100103><hex:024804F201F803><hex:024904F201F903>Dauer:<hex:0249020103><hex:0248020103> 20 Sekunden",35,55,3,True,True,False,True,False,1
109,"Du rufst deine Urianger-Puppe herbei. Folgt deinem Ruf so gewiss, wie die Dämmerung am Morgen kommt.","Nachdem Tataru bereits sechs andere Puppen der Exegeten in Auftrag gegeben hatte, ging ihr langsam das Geld aus, sodass bei Uriangers Puppe gespart werden musste.","Uriangers Ausführungen lassen immer<hex:02100103>so schrecklich viel Raum für Spekulationen!<hex:02100103><hex:021A020203>Papalymo<hex:021A020103>","Prophezeiung","Führt eine Attacke mit Attacke-Wert 90 auf die Gegner in der Nähe aus. ",55,60,2,False,True,False,True,False,1
110,"Du rufst deine dicke Katze herbei. Trotz überzeugender Studien von Spitzenwissenschaftlern aus ganz Eorzea weigern sich die meisten Miqo'te-Gelehrten, an die Theorie zu glauben, ihr Volk könnte von Katzen abstammen (egal ob dick oder nicht).","Geboren in einer namenlosen Straße einer namen-<hex:02100103>losen Stadt, musste sich dieses be<hex:02160103>mit<hex:02160103>leidens<hex:02160103>werte Kätzchen lange Zeit in Gossenkämpfen behaupten. Bis es herausfand, dass Gehilfen auf ihren Streifzügen ziemlich viel Essbares zurücklassen.","Pass auf! Das Kätzchen plant etwas.<hex:02100103><hex:021A020203>Aldis Nald-Klinge<hex:021A020103>","Fettpolster","Erhöht die ABW eigener Trabanten in der Nähe um 10, im Fall von Tieren um 30.<hex:02100103><hex:024804F201F803><hex:024904F201F903>Dauer:<hex:0249020103><hex:0248020103> 6 Sekunden",45,25,3,False,False,False,True,False,3
111,"Du rufst deinen Kleinfuß herbei. Dieser niedliche Yeti hat erkannt, dass größer nicht immer gleich besser ist.","Als dein Gehilfe dieses Wesen tief im Hochland von Coerthas fand, war ihm kalt und es hatte Hunger (wenn auch Ersteres ihm kaum etwas ausgemacht haben dürfte). Ein Teller Suppe reichte aus, um es nach Hause zu locken.","Mit schönen Grüßen<hex:02100103>von meinen Füßen.<hex:02100103><hex:021A020203>Unbekannter Mönch<hex:021A020103>","Absoluter Nullpunkt","Führt eine Attacke mit Attacke-Wert 230 auf die Gegner in der Nähe aus. ",65,25,3,False,False,True,False,False,1
112,"Du rufst deine Mini-Mumie herbei. Ungemein niedlich, aber denk daran: Mumien sind immer noch einbalsamierte Leichname, die auf ewig dazu verdammt sind, im Diesseits umherzuschlurfen. Viel Spaß!","Die uralte Technik des Mumifizierens<hex:021D0103>- die die Entnahme von Organen, das Einbalsamieren, Verbinden und ein Begräbnis in einem mehr-<hex:02100103>schichtigen Sarg beinhaltete<hex:021D0103>- war extrem teuer. Dass sie bei einem Kind angewandt wurde, zeugt von elterlicher Liebe.","Guck mal, wandelndes<hex:02100103>Klopapier!<hex:02100103><hex:021A020203>Kind auf dem Silberbasar<hex:021A020103>","Bandagenwechsel","Fügt Gegnern in der Nähe eine Schwäche gegen Monster zu.<hex:02100103><hex:024804F201F803><hex:024904F201F903>Dauer:<hex:0249020103><hex:0248020103> 15 Sekunden",35,40,1,False,True,False,True,True,4
113,"Du rufst deine Aufzieh-Enterprise herbei. Dringt mutig in Regionen vor, wo bestimmt irgendjemand schon zuvor gewesen ist.","Cid Garlond entwarf die <hex:021A020203>Enterprise<hex:021A020103> zu seiner Zeit als Militäringenieur für das Garleische Kaiserreich. Der Kran am Heck war ursprünglich dafür gedacht, das Luftschiff mit Munition zu beladen.","Also dann ... Abflug!<hex:02100103><hex:021A020203>Alphinaud<hex:021A020103>","Ladebaum","Führt eine Attacke mit Attacke-Wert 90 auf die Gegner in der Nähe aus. ",45,60,2,False,False,True,False,False,1
114,"Du rufst deinen Mogry-Stoffpostboten herbei. Mit solch einem flauschig-knuddeligen Begleiter an deiner Seite macht das Briefeaustragen gleich doppelt so viel Spaß.","Kein Weg ist ihnen zu weit, kein Botengang zu gefährlich und keine Bitte zuwider. Sie sind erst zufrieden, wenn Sender und Empfänger es sind. Mit diesem Stofftier wurde den unermüdlich Briefe austragenden Mogrys ein Denkmal gesetzt.","Als Zeichen meiner Aufrichtigkeit<hex:02100103>werde ich Euch nun den Mogry-Tanz<hex:02100103>der unnachahmlichen Integrität vorführen ...<hex:02100103><hex:021A020203>Mogry-Postdirektor<hex:021A020103>","Unglücksbotschaft","Verringert die ABW von Gegnern in der Nähe um 25 %.<hex:02100103><hex:024804F201F803><hex:024904F201F903>Dauer:<hex:0249020103><hex:0248020103> 6 Sekunden",45,60,3,True,True,False,False,False,4
115,"Du rufst deinen fliegenden Kampffisch herbei. Es war mal 'n Kampffisch, der schluckte 'ne Fliege. Warum, weiß der Wind, und nun seh'n wir ihn fliegen.","Nach mehreren Sonnen im Bauch eines Ninja-Kampffisches hat dieser frisch geschlüpfte Kampffisch das Schwimmen komplett an den Nagel gehängt und fliegt dafür. Warum, weiß wohl nur jemand, der schon mal längere Zeit in einem Bauch verbracht hat.","Fisch schwimmt am liebsten<hex:02100103> in Dunkelbier, hehe.<hex:02100103><hex:021A020203>Trinkfester Fischfreund<hex:021A020103>","Meuchelmord","Fügt Gegnern in der Nähe Schaden in 5-facher Höhe des Attacke-Werts zu.",40,25,3,False,False,False,False,False,1
116,"Du rufst ein Geschenkpäckchen herbei, das ein Eigenleben zu haben scheint. Möge es dich am Glück des Schenkers teilhaben lassen!","In Ermangelung fort<hex:02160103>ge<hex:02160103>schrit<hex:02160103>te<hex:02160103>ner magischer Techniken schnitt der Schöpfer dieser kuriosen Kreation kurzerhand zwei Löcher in einen Karton und stülpte ihn einem Spriggan über. Auch eine Art, unbelebter Materie Leben einzuhauchen.","Ziggy sooo fröööhlich!<hex:02100103><hex:021A020203>Ziggy<hex:021A020103>","Bescherung","Entfernt eine vom Gegner aufgestellte Falle.",40,70,2,True,False,False,False,False,6
117,"Du rufst deinen Flusskobold als Begleiter herbei.","Jedes Kind weiß, dass es keine Flusskobolde gibt ... Aber wenn das wahr ist, was stellt dein Begleiter dann dar? Eine unbekannte Kreuzung aus Karpfenkröte und Salamander vielleicht? Oder doch bloß ein Opfer eines fehlgelenkten Imp-Zaubers?","Schwippdischwapp, schwippdischwapp,<hex:02100103>ohne Wasser mach ich schlapp.<hex:02100103><hex:021A020203>Flusskobold-Weise<hex:021A020103>","Schwippschwapp","Verringert die ATT von Gegnern in der Nähe um 40 %.<hex:02100103><hex:024804F201F803><hex:024904F201F903>Dauer:<hex:0249020103><hex:0248020103> 6 Sekunden",60,30,2,True,False,False,True,False,4
118,"Du rufst deinen Aufzieh-Louisoix herbei. Rundumschutz vor Primae in der Siebten Ära des Lichts bietet dieser putzige Begleiter aus der Exegeten-Kollektion!","Als sie gefragt wurde, warum die Gilde der Goldschmiede mit dem Bau von Mogry-Stofftieren begonnen hatte, bevor überhaupt an einen Aufzieh-Louisoix gedacht wurde, kam Seredipitys Antwort wie aus der Pistole geschossen: „Mogrys sind einfach süßer!“","Und Louisoix! Wollt ihr den<hex:02100103>krepieren lassen, ja?<hex:02100103><hex:021A020203>Raubahn<hex:021A020103>","Flammen der Wiedergeburt","Regeneriert 100 LP bei eigenen Trabanten in der Nähe, im Fall von Puppen 150.",50,40,4,False,True,True,False,False,7
119,"Du rufst Midgardsormr herbei. Nicht den großen. Die kleine Variante.","Der Vater aller Drachen macht in Puppenform eine ganz niedliche Figur, von der man sich aber nicht täuschen lassen sollte: Seine Stimme klingt so ehrfurchtseinflößend wie die des großen Originals. Schließlich trägt er einen Teil von Midgardsormr in sich.","Wer schreitet über mich hinweg<hex:02100103>und reißt mich aus meinem Schlaf?<hex:02100103><hex:021A020203>Midgardsormr<hex:021A020103>","Geht ins Auge","Fügt einem gegnerischen Suchenden Auge 90 % Schaden zu. Kein Effekt, falls es schon zerstört ist.",60,45,2,True,False,False,False,False,8
120,"","","","","",0,0,0,False,False,False,False,False,0
121,"Du rufst deine kleine Elster herbei. Angeblich kündet ihr Zwitschern von glorreichen Siegen.","Der Legende nach ist sie eine Botin der Mondgöttin Menphina und fliegt durch den Sternenhimmel, um ihre Liebe zu überbringen. Eine im Fernen Osten heimische Vogelart, die als „Sagenvogel“ beworben nach Eorzea gebracht wurde.","Eine Elster macht noch keinen Sieg.<hex:02100103><hex:021A020203>Altes Sprichwort<hex:021A020103>","Liebesserenade","Erhöht die ABW der ausführenden Trabanten um 40.<hex:02100103><hex:024804F201F803><hex:024904F201F903>Dauer:<hex:0249020103><hex:0248020103> 10 Sekunden",60,45,3,False,True,False,False,False,3
122,"Du rufst deinen Aufzieh-Enkidu als Begleiter herbei. Auch als Wecker benutzbar. Und selbst bei Kochwäsche geht die grüne Farbe nicht raus!","Beeindruckt von der Stärke dieses Huhns, das Gilgamesch eigentlich zum Mittagessen verspeisen wollte, verpasste der Fechtmeister ihm einen frischen Anstrich und ernannte es zu seinem offiziellen Aushilfsbegleiter.","Ich wollt, ich wär ein Huhn,<hex:02100103>ich hätt nicht viel zu tun.<hex:02100103><hex:021A020203>Alte Volksweise<hex:021A020103>","Ekplexie","Entfernt alle positiven Effekte von den gegnerischen Trabanten in der Nähe.",55,45,4,False,False,True,False,False,6
123,"Von Ramuh besessen und bis auf den Grund ihres violetten Herzens böse - und doch herzallerliebst.","Geplagt von den ständigen Angriffen ihrer bösen Schwestern, bauten die Sylphen der Zuflucht diese Puppe, um die Finstrigen fernzuhalten.","Die Farben!<hex:02100103>Der Wald ist voller Farben!<hex:02100103><hex:021A020203>Böse Sylphe<hex:021A020103>","Listige Zauberei","Macht eigene Trabanten in der Nähe unempfindlich für Angriffe von Tieren.<hex:02100103><hex:024804F201F803><hex:024904F201F903>Dauer:<hex:0249020103><hex:0248020103> 5 Sekunden",50,35,2,False,False,False,False,False,3
124,"Einst träumten die Amalj'aa-Gründerväter davon, dass possierliche Begleiter ihnen auf Schritt und Tritt folgen würden. Dieser Tag ist endlich gekommen!","Amalj'aa-Legenden berichten von dem legendären Krieger Kerigg „Weißknöchel“ Roh, der unbesiegt aus all seinen Kämpfen hervorgegangen sein soll. Selbst Hamujj Gah verehrt diesen Helden. Kerigg Rohs brachialer Kampfstil wird noch heute von den Amalj'aa gepflegt.","Wir Amalj'aa sind starke und<hex:02100103>stolze Krieger. Doch weißt du,<hex:02100103>was unsere Schwäche ist?<hex:02100103><hex:021A020203>Narujj Boh<hex:021A020103>","Unbesiegt","Erhöht die ABW der ausführenden Trabanten um 40.<hex:02100103><hex:024804F201F803><hex:024904F201F903>Dauer:<hex:0249020103><hex:0248020103> 10 Sekunden",40,45,3,False,False,True,False,False,3
125,"Es heißt, dass Dezul Qualan mit dem Bau von Ballons begann, nachdem er im Traum eine Minnesängerweise mit dem Titel „Über den Wolken“ vernommen hatte.","Das letzte Mal, als der geniale Ixal-Ingenieur Dezul Qualan gesehen ward, stieg er in einen gewaltigen Panzerballon, der genug Proviant für einen vollen Mond in den Wolken geladen hatte. Sein Ziel: der fliegende Kontinent Ayatlan.","Klemm ich dir gleich Kopf in Drehbank.<hex:02100103>Vielleicht macht Oberstübchen wieder klar. Kha!<hex:02100103><hex:021A020203>Sezul Totoloc<hex:021A020103>","Bist du kaputt","Fügt dem nächstgelegenen gegnerischen Arkana-Stein 5 % Schaden zu.",45,35,3,False,True,True,False,False,8
126,"Die unbestrittene - und ewige - Nummer 2 der Kobolde.","Unzufrieden mit der Explosivkraft des ersten Exemplars, kehrte Ba Go in sein Laboratorium zurück und erschuf den Kobold Nr. 2. Mit Erfolg, denn Nr. 2 lebt!","Neues du willst wissen?<hex:02100103>Ja, bei meinen lieben Bombern es gibt Neues!<hex:02100103><hex:021A020203>Ba Go<hex:021A020103>","Supersprengstoff","Führt eine Attacke mit Attacke-Wert 300 auf die Gegner in der Nähe aus, aber die ausführenden Trabanten werden weggeschickt.",20,45,2,False,False,False,True,False,1
127,"Eine Marionette, die dem berüchtigten Anführer der Riff-Harpunen nachempfunden ist. Pikst nur ganz selten.","Als fürsorglicher Laichvater ließ Novv dieses putzige Spielzeug mit aufgemalten Blutspritzern für seine Kleinen bauen. An Wildheit und Verschlagenheit kann der kleine Seeteufel es mit dem Original durchaus aufnehmen.","Erwähne seinen Namen in einer Hafenkneipe,<hex:02100103>und die Arme und Beine vieler Seemänner fangen<hex:02100103>wie von Geisterhand an zu schlottern!<hex:02100103><hex:021A020203>Ururu Kogururu<hex:021A020103>","Sapsa-Pikser","Erhöht die ATT der ausführenden Trabanten um 60.<hex:02100103><hex:024804F201F803><hex:024904F201F903>Dauer:<hex:0249020103><hex:0248020103> 10 Sekunden",50,65,4,False,False,True,False,False,3
128,"Du rufst dein Brief-Chocobo-Küken als Begleiter herbei. Eines Tages wird dieser Chocobo eilige Nachrichten durch die Lüfte tragen, aber noch traut er sich keine fünf Yalme von dir weg.","Böse Zungen, die behaupten, dass dieses niedliche schwarze Küken nur ein gewöhnlicher gelber Chocobo ist, der in eine Teergrube geplumpst ist, halten den Racker nicht von seinen Flugversuchen ab.","Kweh!<hex:02100103><hex:021A020203>Jeder Chocobo, zu jeder Tageszeit<hex:021A020103>","Chocofalle","Stellt eine Falle auf, die nach 10 Sekunden ausgelöst werden kann. Bewirkt eine Attacke mit Attacke-Wert 260 auf die Gegner in der Nähe.",50,75,2,False,True,False,True,False,2
129,"Du rufst deine Kain-Puppe als Begleiter herbei. Beliebt bei Ishgardern ab 4 Jahren.","Jedes Kind in Ishgard kennt die Geschichte von Kain, dem Dragoon, der Ehre vor seine Pflicht stellte. Um die Sprungkraft der Aufziehpuppe zu maximieren, verstärkte der Handwerker die Haupt-<hex:02100103>federvorrichtung mit Windkristallen.","Schon bald wirst du erkennen, dass ich mehr bin,<hex:02100103>als Cecil jemals sein könnte.<hex:02100103><hex:021A020203>Kain<hex:021A020103>","Schutz des Dragoons","Macht die eigenen Einrichtungen (Tore, Schild und Suchendes Auge) unempfindlich für alle Angriffe.<hex:02100103><hex:024804F201F803><hex:024904F201F903>Dauer:<hex:0249020103><hex:0248020103> 20 Sekunden",75,55,3,True,False,False,False,False,9
130,"Du rufst deinen Aufzieh-Alphinaud als Begleiter herbei. Perfekt geeignet für internationale Gipfeltreffen, Familienfeiern, Zusammenkünfte vor und nach Schlachten sowie jede andere Gelegenheit, bei der die Rekapitulation vergangener Ereignisse absolut unabdingbar ist.","Zur Aufbringung von finanziellen Mitteln ließ der Schatzmeister der Kristallstreiter zehntausende dieser Marionetten herstellen, um sie in Rowenas Haus der Wunder zu verkaufen ... wo sie seitdem wie Blei in den Regalen liegen.","Zahlt sich wohl aus, aus vornehmem<hex:02100103>Hause zu stammen, was?<hex:02100103><hex:021A020203>Wedge<hex:021A020103>","Marsch der Weisen","Führt eine Attacke mit Attacke-Wert 80 auf die Gegner in der Nähe aus und verringert ihre ABW um 13 %.<hex:02100103><hex:024804F201F803><hex:024904F201F903>Dauer:<hex:0249020103><hex:0248020103> 6 Sekunden",30,35,3,False,True,True,False,False,1
131,"Du rufst deine Aufzieh-Alisaie als Begleiter herbei. Für alle, die der Meinung sind, dass die bessere Hälfte mehr Aufmerksamkeit verdient hat.","Um die finanziellen Verluste durch die Herstellung zehntausender Aufzieh-Alphinauds auszugleichen, tauschte der Schatzmeister der Kristallstreiter einfach die Haarschleifen der Marionetten aus und verkaufte sie fortan als Aufzieh-Alisaies.","Für die Zukunft Eorzeas!<hex:02100103><hex:021A020203>Alisaie (und Alphinaud)<hex:021A020203>","Erfülltes Vermächtnis","Führt eine Attacke mit Attacke-Wert 90 auf die Gegner in der Nähe aus.",40,40,4,False,True,False,False,False,1
132,"Du rufst deine Tataru-Puppe als Begleiter herbei. So ehrgeizig, so reizend ...","Niemand weiß, wer die Herstellung einer Tataru-Puppe in Auftrag gab ... Doch die Überprüfung der Geschäftsbücher des Bundes der Morgenröte ergaben Un<hex:02160103>stimmig<hex:02160103>keiten, über die die Rezeptionistin einfach hinweglächelte.","Wir haben jetzt alle Hände voll zu tun. Besonders<hex:02100103>die arme Tataru, aber sie würde sich natürlich nie<hex:02100103>beklagen.<hex:02100103><hex:021A020203>Minfilia<hex:021A020103>","Spezialtee","Erhöht die ABW von eigenen Trabanten in der Nähe um 10, im Fall von Puppen um 30.<hex:02100103><hex:024804F201F803><hex:024904F201F903>Dauer:<hex:0249020103><hex:0248020103> 6 Sekunden",35,25,3,False,True,False,False,False,3
133,"Du rufst deine Cid-Puppe als Begleiter herbei. Legendäres Luftschiff nicht in der Packung enthalten.","Die Spielzeugversion des legendären Ingenieurs erweist sich als Verkaufsschlager, der den Wert der Gar<hex:02160103>lond-Me<hex:02160103>tall<hex:02160103>wer<hex:02160103>ke in neue Höhen treibt.","Cid Garlond, du <hex:021A020203>lebst<hex:021A020103>?!<hex:02100103><hex:021A020203>Drillemont<hex:021A020103>","Magitek-Falle","Stellt eine Falle auf, die nach 10 Sekunden ausgelöst werden kann. Bewirkt eine Attacke mit Attacke-Wert 180 auf die Feinde in der Nähe.",70,70,4,False,True,False,False,False,2
134,"Du rufst dein Kleinhorn als Begleiter herbei. Vorsicht, Kleinhorn macht auch Mist.","Dem magischen Einhorn nachempfunden, das bei den Priestern Ishgards als Symbol der Reinheit gilt und eine wichtige Rolle bei der Herstellung von Weihwasser spielt.","Das war kein gewöhnliches Pferd ...<hex:02100103><hex:021A020203>Braya<hex:021A020103>","Ainkhürn","Erhöht die GSW von eigenen Trabanten in der Nähe um 35 %.<hex:02100103><hex:024804F201F803><hex:024904F201F903>Dauer:<hex:0249020103><hex:0248020103> 6 Sekunden",35,30,3,False,True,False,False,False,3
135,"Du rufst deinen Aufzieh-Gundo als Begleiter herbei. Sieht schwerer aus, als er ist.","Geschaffen von einem gefräßigen Gundo-Schamanen, der dem Abbild eines Vanu-Kriegers dadurch Leben einhauchte, dass er nach einem deftigen Essen dezent aushauchte.","Seid willkommen, Na-Vanu-eeh,<hex:02100103>wie milder Frühlingstag!<hex:02100103><hex:021A020203>Lonu Vanu<hex:021A020103>","Sonnentanz","Erhöht die ATT der ausführenden Trabanten um 40.<hex:02100103><hex:024804F201F803><hex:024904F201F903>Dauer:<hex:0249020103><hex:0248020103> 15 Sekunden",35,30,2,False,True,True,False,False,3
136,"Du rufst deinen Mini-Atomos als Begleiter herbei. Reißt gerne mal das Maul auf.","Ein Nichts<hex:02160103>gesand<hex:02160103>ter ist niemals eine angenehme Erscheinung. Sogar in Miniaturform ist Atomos von einer Aura umgehen, die sagt: Renn und dreh dich nicht um.","Das Ende der Welt naht! Entledigt<hex:02100103>euch eurer Habseligkeiten!<hex:02100103><hex:021A020203>Weltuntergangsprediger<hex:02100103>der Sechsten Ära des Lichts<hex:021A020103>","Zyklon","Macht eigene Trabanten in der Nähe unempfindlich gegen Angriffe von Puppen.<hex:02100103><hex:024804F201F803><hex:024904F201F903>Dauer:<hex:0249020103><hex:0248020103> 5 Sekunden",35,65,3,True,False,False,False,False,3
137,"Du rufst deine Eulette als Begleiter herbei. Komplett mit um 360° drehbarem Kopf.","Es gibt Gelehrte, die diese Geschöpfe für intelligent halten, da sie ihre Augen wie beim Lesen von links nach rechts bewegen, wenn sie Nester aus den Seiten zerrupfter Geschichtsbücher bauen.","Hätte ich nur einen Eulensicht-Gürtel, der zu<hex:02100103>meinem Eulensicht-Beinkleid passt.<hex:02100103><hex:021A020203>Eitle Astrologin<hex:021A020103>","Querlesen","Halbiert den Ruf-Timer von Trabanten beim Herbeirufen.<hex:02100103><hex:024804F201F803><hex:024904F201F903>Dauer:<hex:0249020103><hex:0248020103> 10 Sekunden",55,50,4,False,True,True,False,False,9
138,"Du rufst dein hässliches Entlein als Begleiter herbei. Kann zu einem schönen Schwan heranwachsen - oder auch nicht.","Irgendwann reichten dem Entlein die mitleidvollen Blicke seiner Artgenossen und es verließ das heimatliche Nimmerreich, um einen Ort zu finden, an dem es einfach nur es selbst sein kann.","Ente serviert man am besten geröstet,<hex:02100103>mit einer milden Orangensauce.<hex:02100103><hex:021A020203>Lyngsath<hex:021A020103>","Rache des Schwans","Führt eine Attacke mit Attacke-Wert 230 auf die Gegner in der Nähe aus.",40,60,3,False,False,False,True,False,1
139,"Du rufst dein Geira-Kätzchen als Begleiter herbei. Abgegriffene Reisetagebücher mit Geschichten über putzige Kätzchen sind der Renner in den Gästezimmern Eorzeas.","Die Flügel scheinen eher mechanischer Natur zu sein, aber die Kratzbürstigkeit der Geira-Kätzchen macht es schwer, sie genauer zu begutachten.","Guter Wein und ein süßes Kätzchen,<hex:02100103>das wird dem Kapitän gefallen!<hex:02100103><hex:021A020203>Hirskskrat<hex:021A020103>","Zerkratzen","Führt eine Attacke mit Attacke-Wert 90 auf Gegner in der Nähe aus und fügt ihnen eine Schwäche gegen Tiere zu.<hex:02100103><hex:024804F201F803><hex:024904F201F903>Dauer:<hex:0249020103><hex:0248020103> 10 Sekunden",30,40,3,False,False,True,True,False,1
140,"Du rufst deine Aufzieh-Schubkarre als Begleiter herbei. Hast du einen kampfunfähigen Golem zu transportieren?","Dieses Gärtnerutensil mit Eigenantrieb wurde ursprünglich als Preis für einen Gizar-Zuchtwett- bewerb der Ährenkranzkolonie hergestellt, doch kam es nie zu einer Preisverleihung, da alle Gizar-Pflanzen von Ungeziefer aufgefressen wurden.","Die Abenteurer schleppen Allagische Steine<hex:02100103>schubkarrenweise zu Rowena!<hex:02100103><hex:021A020203>Eginolf<hex:021A020103>","Vitaminschub","Erhöht die ABW von eigenen Trabanten in der Nähe um 10, im Fall von Apparaten um 30.<hex:02100103><hex:024804F201F803><hex:024904F201F903>Dauer:<hex:0249020103><hex:0248020103> 6 Sekunden",35,40,3,False,True,False,False,False,3
141,"Du rufst dein Rotpanda-Stofftier als Begleiter herbei. Flauschig, niedlich und rot.","Man munkelt, dass ein gewisser Legatus des Kaiserreichs mit einem Rotpanda-Stofftier zu schlafen pflegte, doch bei Gerüchten solcher Art handelt es sich meist um mhigische Schmutzkampagnen.","Modisch bin ich nicht so bewandert,<hex:02100103>aber in letzter Zeit sehe ich auffallend<hex:02100103>viele rote Kleider und Accessoires.<hex:02100103><hex:021A020203>Aubelet<hex:021A020103>","Zähnefletschen","Fügt einem gegnerischen Schild 70 % Schaden zu. Kein Effekt, falls er schon zerstört ist.",95,50,4,False,True,False,False,False,8
142,"Du rufst deine Seite 63 als Begleiter herbei. Weiß sie, was auf den 62 Seiten vor ihr stand?","Die in Blut gefassten Geheimzeichen auf der Pergamentseite lassen ein unbehagliches Gefühl in dir aufkommen. Vielleicht ist es auch nur die Tatsache, dass die Seite dir auf Schritt und Tritt folgt.","Lesen ist nicht meine Stärke, und<hex:02100103>mit so einem Wälzer werde ich nicht<hex:02100103>von heute auf morgen fertig.<hex:02100103><hex:021A020203>Gerolt<hex:021A020103>","Zensuraufhebung","Führt eine Attacke mit Attacke-Wert 90 auf die Gegner in der Nähe aus.",30,35,1,False,True,True,False,True,1
143,"Du rufst deinen Eisenzwerg als Begleiter herbei. Er bevorzugt allerdings den Namen „kleiner Eisengigant“.","Deine Abenteurer-Marionette nennt ihn eine „Zufallsbekanntschaft“, aber dir dünkt, dass sie den Begleiter zu ihrer Unterhaltung auf langen Reisen selbst gebaut hat.","Aber wenn du Eisen im Blut hast<hex:02100103>und dich zum Schmied berufen fühlst,<hex:02100103>dann bist du hier genau richtig.<hex:02100103><hex:021A020203>Randwulf<hex:021A020103>","Klonk","Erhöht die ATT der ausführenden Trabanten um 60.<hex:02100103><hex:024804F201F803><hex:024904F201F903>Dauer:<hex:0249020103><hex:0248020103> 10 Sekunden",35,45,3,False,False,True,False,False,3
144,"Du rufst dein Greifen-Küken als Begleiter herbei. Nicht zu verwechseln mit Griffons oder Gryphen.","Eines Nachts, als er das schlagende Herz eines Greifen herausriss und den Göttern als Opfergabe entgegenstreckte, fand ein Jäger des Clan Centurio ein hungriges Greifen-Küken ... und nannte es Holger.","Du wärst überrascht, wie viele von Schnäbeln<hex:02100103>und Krallen zerfetzt werden.<hex:02100103><hex:021A020203>Fafafono<hex:021A020103>","Gefiederhag","Macht eigene Trabanten in der Nähe unempfindlich für Angriffe von Puppen.<hex:02100103><hex:024804F201F803><hex:024904F201F903>Dauer:<hex:0249020103><hex:0248020103> 5 Sekunden",65,45,3,False,False,False,False,False,3
145,"Du rufst deine Eisherz-Puppe als Begleiter herbei. Sie ist erstaunlich heißblütig.","Immer wieder schmuggeln im Exil lebende Häretiker Exemplare dieser Aufziehpuppe nach Ishgard, um der kirchlichen Autorität einen Streich zu spielen.","Eisherz, diese kaltblütige Hexe!<hex:02100103><hex:021A020203>Haurchefant<hex:021A020103>","Eisige Träume","Macht Gegner in der Nähe be<hex:02160103>we<hex:02160103>gungs<hex:02160103>un<hex:02160103>fäh<hex:02160103>ig.<hex:02100103><hex:024804F201F803><hex:024904F201F903>Dauer:<hex:0249020103><hex:0248020103> 5 Sekunden",55,60,2,True,False,False,True,False,4
146,"Du rufst deinen Gestahl-Schoßhund als Begleiter herbei. So ein süßes Hündchen, komm her, süßes Hündchen, was bist du für ein süßes Hündchen ...!","Wer einmal gesehen hat, wie sich dieses Hündchen in altem Erbrochenen wälzt, bekommt Zweifel an seiner angeblich blaublütigen Abstammung.","Nein, Kefka! Tu nichts Unüberlegtes!<hex:02100103><hex:021A020203>Imperator Gestahl<hex:021A020103>","Kaiserkläffer","Macht die ausführenden Trabanten unempfindlich gegen Angriffe von Monstern.<hex:02100103><hex:024804F201F803><hex:024904F201F903>Dauer:<hex:0249020103><hex:0248020103> 10 Sekunden",45,45,3,False,False,False,True,False,3
147,"Du rufst deinen Dampf-Stampfer als Begleiter herbei. Der Auspuff befindet sich am unteren Ende des Rückens.","Diesen winzigen Prototyp einer neuen Kampf-<hex:02100103>maschine haben die Techniker der Indigohand nach eingehender Unter<hex:02160103>such<hex:02160103>ung unzähliger Krabbenschalen entwickelt. Die Studienobjekte wurden im Anschluss verspeist.","Pshhkhoo ... Kleinebombe ist nicht schlimm!<hex:02100103>Brauchzzu nicht laufen.<hex:02100103><hex:021A020203>Brüllvolx<hex:021A020103>","Verbrühenluft","Fügt dem nächstgelegenen gegnerischen Tor 60<hex:021D0103>% Schaden zu. Kein Effekt, falls es schon zerstört ist.",30,70,2,False,True,True,False,False,8
148,"Du rufst deinen blaublütigen Behemoth als Begleiter herbei. Nummer 47 in der Thronfolge.","Ein junger Jäger des Clan Centurio fand diesen Sprössling des Kaiser-Behemoths auf seinen Reisen durch den eisigen Norden. Überwältigt von dessen Fressgier, gab er ihn weiter ... an dich.","Diese holde Dame kämpft wie<hex:02100103>ein verdammter Behemoth!<hex:02100103><hex:021A020203>Verwundeter Chocobo-Jäger<hex:021A020103>","Gravitätisches Gebrüll","Erhöht die ATT der ausführenden Trabanten um 40.<hex:02100103><hex:024804F201F803><hex:024904F201F903>Dauer:<hex:0249020103><hex:0248020103> 15 Sekunden",40,55,2,False,True,True,False,False,3
149,"Du rufst dein Begleitmodul als ... Begleiter herbei und staunst über die technischen Errungenschaften der Allager.","Wedge selbst baute das Begleitmodul aus alten allagischen Schrottteilen, doch sein Leitsystem verwendet noch Koordinaten aus der letzten Ära des Lichts.","Leitsystem aktiviert ...<hex:02100103>Initialisiere Startsequenz ...<hex:02100103>Der Nutzervereinbarung zustimmen ...<hex:02100103><hex:021A020203>Wegleitsystem<hex:021A020103>","Gravitationsfeld","Führt eine Attacke mit Attacke-Wert 60 auf die Gegner in der Nähe aus und verringert ihre GSW um 70 %.<hex:02100103><hex:024804F201F803><hex:024904F201F903>Dauer:<hex:0249020103><hex:0248020103> 10 Sekunden",60,25,3,True,False,False,False,False,1
150,"Du rufst deine Yugiri-Puppe als Begleiter herbei. Ihre Maske erzeugt eine geheimnisvolle Aura ...","Ein domanischer Puppenmacher mit Heimweh erschuf dieses Abbild seiner mutigen Anführerin, als er mit ihr vor den Garlearn nach Ul'dah floh.","Die kann ganz toll kämpfen, ist superschlau<hex:02100103>und außerdem immer total nett zu uns!<hex:02100103><hex:021A020203>Koharu<hex:021A020103>","Suiyaku","Erhöht die ATT eigener Trabanten in der Nähe um 20, im Fall von Puppen um 40.<hex:02100103><hex:024804F201F803><hex:024904F201F903>Dauer:<hex:0249020103><hex:0248020103> 6 Sekunden",55,50,2,False,True,False,True,False,3
151,"Du rufst dein Peridot-Karfunkel als Begleiter herbei. Mit Treuegarantie.","Tataru selbst beauftragte die Gilde der Hermetiker, dieses Karfunkel an unsere Welt zu binden. Damit wenigstens ein Karfunkel kommt, wenn sie eins ruft.","Huch! Ein böses Tier! Na warte! Ich<hex:02100103>hermetisiere dich weg! Fass, Karfunkel!<hex:02100103><hex:021A020203>Tataru<hex:021A020103>","Rückstoß","Schleudert die Gegner in der Nähe zurück.",65,45,3,False,False,True,True,False,9
152,"Du rufst dein Heliodor-Karfunkel herbei. Mit Treuegarantie.","Voller Mitleid mit der armen Tataru, die sich mit dem Beschwören von Karfunkeln abplagte, orderte Alphinaud dieses magische Meisterwerk bei der Hermetikergilde.","Wenn ich das mit meinem Wissen kombiniere ...<hex:02100103>könnte ich sogar eine neue Art von Karfunkel<hex:02100103>hervorbringen!<hex:02100103><hex:021A020203>Alphinaud<hex:021A020103>","Einrollen","Erhöht die ABW der ausführenden Trabanten um 40.<hex:02100103><hex:024804F201F803><hex:024904F201F903>Dauer:<hex:0249020103><hex:0248020103> 10 Sekunden",20,30,2,False,False,False,False,False,3
153,"","","","","",0,0,0,False,False,False,False,False,0
154,"Du rufst deine Goldrausch-Karre als Begleiter herbei. Das Gold musst du aber selber hineinschaufeln.","Was kein Abenteurer ahnt, ist, dass Gehilfen seit langem automatisierte Karren benutzen, um die Früchte ihrer Streifzüge abzutransportieren.","Ah, ein neuer Kandidat für<hex:02100103>die Arbeiten im Bergwerk?<hex:02100103><hex:021A020203>Beringaer<hex:021A020103>","Neuvergoldung","Stellt einen zerstörten Schild wieder her.",40,35,3,False,True,True,False,False,9
155,"Du rufst deine Primog-Kapelle als Begleiter herbei. Die <hex:021A020203>einzige<hex:021A020103> mechanische Kapelle diesseits des Schwarztee-Bachs ... Und somit die <hex:021A020203>beste<hex:021A020103> mechanische Kapelle diesseits des Schwarztee-Bachs.","Ein nach Erfolg trachtender Mogry-Barde erkannte, dass Zuhörer seine Stimme eher zu schätzen geneigt sind, wenn er von einer lautstarken Kapelle begleitet wird. Also baute er sich eine aus alten Marionettenteilen.","Schlagt ihnen die Köpfe ab! Allen!<hex:02100103><hex:021A020203>König Mogul Mog XII.<hex:021A020103>","Mogrambazamba","Erhöht die ATT eigener Trabanten in der Nähe um 20, im Fall von Puppen um 40.<hex:02100103><hex:024804F201F803><hex:024904F201F903>Dauer:<hex:0249020103><hex:0248020103> 6 Sekunden",35,45,3,False,False,False,True,False,3
156,"Du rufst deine Gnath-Puppe als Begleiter herbei. Willenlos wie ein echter Verbundener, wird sie dir überallhin folgen.","Da diese Gnath-Puppe einen Verbundenen ohne Individualität darstellen soll, hat sich ihr Schöpfer, der Puppenmacher, große Mühe gegeben, das Gesicht möglichst ausdrucks- und eigenschaftslos zu gestalten. ","<klock> <klock> Was ich denke, denkt jeder.<hex:02100103>Was ich fühle, fühlt jeder.<hex:02100103><hex:021A020203>Der Bindende<hex:021A020103> ","Panzer","Erhöht die ABW eigener Trabanten in der Nähe um 20.<hex:02100103><hex:024804F201F803><hex:024904F201F903>Dauer:<hex:0249020103><hex:0248020103> 10 Sekunden",70,30,3,False,True,False,True,False,3
157,"Du rufst deinen Paissa-Fratz herbei. Diese Augen sehen angeblich nichts als die Wahrheit. Die Wahrheit und Nahrung.","Von den Vanu Vanu aufgezogen gelangte der junge Paissa in die Obhut eines Rosenkavalleristen. Leider verlor er das arme kleine Ding nach nicht allzu langer Zeit am Kartentisch, irgendwie landete es schließlich in einer Schatztruhe.","Eine Partie Karten? Gerne doch!<hex:02100103>Ich bin allerdings nicht besonders gut darin.<hex:02100103><hex:021A020203>Verdächtig grinsender Spieler<hex:021A020103>","Endloses All","Macht die eigenen Einrichtungen (Tore, Schild und Suchendes Auge) unempfindlich gegen alle Angriffe.<hex:02100103><hex:024804F201F803><hex:024904F201F903>Dauer:<hex:0249020103><hex:0248020103> 20 Sekunden",55,40,2,False,False,True,False,False,9
158,"Du rufst deine Indigohand-Puppe herbei. Für eventuelle explosive Zwischenfälle wird keine Verantwortung übernommen.","Einer der berüchtigten militanten Tüftler-Goblins im Taschenformat. Die Konstruktionspläne dafür hat Brüllvolx mitgehen lassen, als sie der Indigohand ihr Goblinkäserezept entwendete, und nun sind die Puppen ein Riesenerfolg (anders als der Käse).","Hazzu Loch in Denkschale!?<hex:02100103>Große Heimnis kannzu doch nicht lockersprechen vor fremde Ohr!<hex:02100103><hex:021A020203>Denkfix<hex:021A020103>","Schnelleschritt","Erhöht die GSW eigener Trabanten in der Nähe um 35 %.<hex:02100103><hex:024804F201F803><hex:024904F201F903>Dauer:<hex:0249020103><hex:0248020103> 6 Sekunden",35,35,3,False,False,True,False,False,3
159,"Du rufst deinen Kürbis-Butler als Begleiter herbei, der sich selbst als treuer Diener der Königin Mandragora bezeichnet und über viele Umwege bei dir gelandet ist.","Der Kürbis-Butler diente ursprünglich König Tomate, doch hielt er dessen Launen nicht mehr aus und riss aus. Auf der Flucht wurde er von den Gauklern gefangen genommen und zur Zwangsarbeit genötigt, bis ihn ein herzensguter Abenteurer befreite.","Nimm dich vor sprechenden Kürbissen in Acht!<hex:02100103>Sprechende Melonen? Das ist eine andere Sache.<hex:02100103>Aber sprechende Kürbisse? Ich hab dich gewarnt!<hex:02100103><hex:021A020203>Impresario<hex:021A020103>","Frösteln","Verringert die ATT von Gegnern in der Nähe um 50 %.<hex:02100103><hex:024804F201F803><hex:024904F201F903>Dauer:<hex:0249020103><hex:0248020103> 15 Sekunden",40,50,2,False,True,True,False,False,4
160,"Du rufst deine Aufzieh-Echidna herbei. Bei aller Niedlichkeit irgendwie bedrohlich ...","Wer diese Puppe konstruiert hat, ist unklar, aber zumindest der Sarg kann nicht alt sein: Da steht etwas auf Neu-Eorzäisch über eine Begegnung mit einer unsterblichen Schönheit auf einer Arche. Sie ist trotz ihrer geringen Größe so grausam wie betörend.","„Mhach“? Redest du von der alten Stadt der Magie?<hex:02100103>Aus dem Märchen? Das Zuhause der Magier der Zerstörung?<hex:02100103><hex:021A020203>Alka Zolka<hex:021A020103>","Todessense","Zerstört eigene und feindliche Schilde und Suchende Augen. Die ausführenden Trabanten werden weggeschickt.",50,45,3,True,True,False,False,False,8
161,"Du rufst deine Relm-Puppe herbei. Hoffentlich wird sie nicht ungehalten darüber.","Die Puppe stellt eine überragende Magierin alter Zeiten dar. Mit wenigen Strichen konnte sie furchtbare Kreaturen kontrollieren. Hüte dich davor, ihr künstlerisches Gespür zu kritisieren.","Sein gute Arbeit. Würde Große Schwinge sagen: <hex:021A020203>prozessorientiert<hex:021A020103>.<hex:02100103>Bist wahre Kunsthandwerkerin!<hex:02100103><hex:021A020203>Jezul Ahuatan<hex:021A020103>","Skizze","Erhöht die ABW der ausführenden Trabanten um 40.<hex:02100103><hex:024804F201F803><hex:024904F201F903>Dauer:<hex:0249020103><hex:0248020103> 10 Sekunden",40,25,2,False,False,True,True,False,3
162,"Du rufst deinen Jagdfalken herbei. Sehr kleine Beutetiere sollten kein Problem für ihn sein.","Ein sehr niedliches Andenken vom Diadem. Du fragst dich ernsthaft, wie er die reißenden Bestien dort oben überlebt hat. Aber das ist wohl der Jagdinstinkt<hex:021D0103>- zu wissen, wie <hex:021A020203>andere<hex:021A020103> jagen.","Beobachte die Falken.<hex:02100103>Sie weisen dir den Weg zu deiner Beute.<hex:02100103><hex:021A020203>Graf Haillenarte<hex:021A020103>","Falkenauge","Verringert die ATT von Gegnern in der Nähe um 50 %.<hex:02100103><hex:024804F201F803><hex:024904F201F903>Dauer:<hex:0249020103><hex:0248020103> 15 Sekunden",40,50,4,False,False,False,False,False,4
163,"Du rufst dein Stumpfauge herbei, ein Abkömmling des Glotzauges. Augen auf, sonst fällst du drüber!","Ein Nichts<hex:02160103>gesand<hex:02160103>ter der Stufe 12 auf der zwölf-<hex:02100103>stufigen Skala. Trotz dieser niedrigen Ein-<hex:02100103>ordnung unterscheiden sich die Kräfte von Stumpfaugen beträchtlich, je nachdem, wie stark das Wirtsauge war.","Ich geh nur kurz meinen Gilbeutel holen? Hah!<hex:02100103>Da heißt es für den weisen Wirt: Stumpfauge, sei wachsam!<hex:02100103><hex:021A020203>Baderon<hex:021A020103>","Stieren","Verringert die GSW von Gegnern in der Nähe um 70 %.<hex:02100103><hex:024804F201F803><hex:024904F201F903>Dauer:<hex:0249020103><hex:0248020103> 10 Sekunden",50,40,3,False,False,False,False,False,4
164,"Du rufst deinen Pinguinprinz herbei. Irgendwann wird er ein Königreich regieren.","Er weiß, seinen Anspruch auf den Thron wird er irgendwann mit Gewalt durchsetzen müssen. So kam er in den Gold Saucer, wo er nach loyalen Kriegern suchte<hex:021D0103>- und dich fand. Ob du ihm folgst oder er dir, ist fürs Erste nicht so wichtig. Hauptsache, ihr seid auf derselben Seite.","Du würdest dich auf der <hex:021A020203>Eisprinzessin<hex:021A020103> wirklich gut machen!<hex:02100103><hex:021A020203>Kapitänin H'rhanbolo<hex:021A020103>","Tückisches Eis","Stellt eine Falle auf, die nach 10 Sekunden ausgelöst werden kann. Bewirkt im Sekundentakt 20 Schaden über Zeit bei Gegnern in der Nähe.<hex:02100103><hex:024804F201F803><hex:024904F201F903>Dauer:<hex:0249020103><hex:0248020103> 20 Sekunden",35,30,2,True,True,False,False,False,2
165,"Du rufst deinen Uhrwerk-Twintania herbei. Noch so eine fortschrittliche Kreation der Allager. Gibt es irgendwas, das die Allager nicht herstellen konnten? Gerüchten zufolge haben sie ein Gerät gebaut, um genau diese Frage zu beantworten.","Zum Jubiläum der Unterwerfung Meracydias von allagischen Wissenschaftlern gebaut, um auch den Kindern die Freuden eines gewonnenen Krieges begreiflich zu machen. Sogar der Kontrollring um den Hals ist naturgetreu nachgebildet.","Lass dich von den Allagern nicht einschüchtern.<hex:02100103>Sie mögen uns kulturell weit überlegen gewesen sein,<hex:02100103>aber es wird schon seine Gründe haben,<hex:02100103>dass sie nicht bis heute überdauert haben.<hex:02100103><hex:021A020203>G'raha Tia<hex:021A020103>","Neurolink","Erhöht die ABW von eigenen Trabanten in der Nähe um 10, im Fall von Monstern um 30.<hex:02100103><hex:024804F201F803><hex:024904F201F903>Dauer:<hex:0249020103><hex:0248020103> 6 Sekunden",80,60,3,False,False,False,False,False,3
166,"Du rufst deinen kleinen Korpokkur herbei. Bitte den Wasserhaushalt immer im Gleichgewicht halten!","Ein Abkömmling der Korpokkur-Pflanze, die im Sankt Mocianne-Arboretum gezüchtet wurde. Ursprünglich eine indigene Pflanze des Fernen Ostens, wurde das Gewächs nach Sharlayan gebracht und sucht jetzt ein neues Zuhause.","Die Pflanze wirklich vernichten?<hex:02100103><hex:021A020203>Stimme des Gewissens im Garten der Ge<hex:02160103>sell<hex:02160103>schaft<hex:021A020103>","Saatbett","Fügt Gegnern in der Nähe im Sekundentakt 10 Schaden über Zeit zu.<hex:02100103><hex:024804F201F803><hex:024904F201F903>Dauer:<hex:0249020103><hex:0248020103> 20 Sekunden",30,55,3,False,False,True,False,False,1
167,"Du rufst deine Firion-Puppe als Begleiter herbei. Nicht ganz so stattlich wie der echte Held, doch die Puppe war schließlich ein Geschenk.","Ein Matrose hat dir diese Nachbildung des legendären Helden Firion in die Hand gedrückt mit den Worten „Ein Held ist bei einem Helden am besten aufge-<hex:02100103>hoben“. Du witterst eine Falle, nimmst das Geschenk aber dennoch entgegen. Es kostet dich ja nichts!","Er ist ein wahrer Held.<hex:02100103><hex:021A020203>Guy<hex:021A020103>","Schluck","Führt eine Attacke mit Attacke-Wert 80 auf die Gegner in der Nähe aus und verringert ihre ABW um 13 %.<hex:02100103><hex:024804F201F803><hex:024904F201F903>Dauer:<hex:0249020103><hex:0248020103> 6 Sekunden",75,20,3,False,True,False,False,False,1
168,"Du rufst deinen Mini-Ifrit herbei. Noch kleiner als ein Egi und auch viel weniger furcht<hex:02160103>ein<hex:02160103>flö<hex:02160103>ßend.","Von der Webergilde anlässlich des sich jährenden Triumphes über den Herrn des Infernos angefertigt. Ein brandheißer Artikel, der sich in Ul'dah blendend verkauft.","Lasst euch umflackern von meinem Inferno!<hex:02100103><hex:021A020203>Ifrit<hex:021A020103>","Höllenfeuer","Führt eine Attacke mit Attacke-Wert 90 auf die Gegner in der Nähe aus.",85,35,3,False,False,False,False,False,1
169,"Du rufst deine Mini-Garuda als Begleiter herbei. Ihr aufbrausender Charakter macht sie gerade so attraktiv. ","Obwohl nicht wenige Gridanier anfänglich Vorbehalte gegen eine Puppe in Gestalt des Primae der Ixal hatten, verflüchtigten sich diese rasch, nachdem im Wochenmagazin „Der Rabe“ ein Artikel über die unheilabwehrenden magischen Kräfte der Puppe erschienen war.","Wenn das Federvieh wirklich Garuda beschwören will,<hex:02100103>dann wird es im wahrsten Sinne des Wortes stürmisch.<hex:02100103><hex:021A020203>Belmont<hex:021A020103>","Windstoß","Verringert die Technikpunkte der Gegner in der Nähe um 30 % des Maximalwerts.",50,25,4,True,False,False,False,False,4
170,"Du rufst deinen Mini-Titan als Begleiter herbei. Leise, damit er nicht in Wut gerät.","Um die Puppe möglichst originaltreu zu gestalten, wurde Trachtoum, Held der Maulhelden, als Sonderberater in die Webergilde eingeladen. Seine Schilderungen über den heldenhaften Kampf gegen <hex:021A020203>Gigant<hex:021A020103> stießen auf ungläubiges Staunen.","Stark war der, viel stärker als Gigant<hex:02100103>und gar nicht vergleichbar mit Ingrid!<hex:02100103><hex:021A020203>Trachtoum<hex:021A020103>","Felsverlies","Macht Gegner in der Nähe be<hex:02160103>we<hex:02160103>gungs<hex:02160103>un<hex:02160103>fäh<hex:02160103>ig.<hex:02100103><hex:024804F201F803><hex:024904F201F903>Dauer:<hex:0249020103><hex:0248020103> 5 Sekunden",30,75,2,False,False,False,True,False,4
171,"Du rufst deinen Mini-Leviathan herbei. In deinen Gartenteich solltest du ihn nicht aussetzen, wenn dir etwas am Wohl deiner Koi-Karpfen liegt.","Auch für das Design der Leviathan-Puppe zog die Webegilde Trachtoum, selbsternannter Bezwinger mehrerer Primae, herbei. Um die Seeschlange möglichst plastisch zu beschreiben, behalf sich der Maulheld mit schauerlichen Arm- und Zungenverrenkungen.","Lebertran, dieses Ungeheuer, hat das Meer<hex:02100103>aufgepeitscht, dass es ein Fest war!<hex:02100103><hex:021A020203>Trachtoum<hex:021A020103>","Laberathan","Fügt dem nächstgelegenen gegnerischen Tor 90<hex:021D0103>% Schaden zu. Kein Effekt, falls es schon zerstört ist.",60,65,2,True,True,False,False,False,8
172,"Du rufst deinen kleinen Zundo-Krieger herbei. Er wird dir nachfolgen wie Wirbelwind!","Ein Gundo-Schamane hat diesen kleinen Krieger als Zeichen der Freund<hex:02160103>schaft zu den Zundo angefertigt und ihm Leben eingehaucht. In der naturgetreuen Nachbildung bis in die kleinste Feder zeigt sich die Liebe zum Detail.","So wird Sonnentanz getanzt! Huh! Hah! Huh! Hah!<hex:02100103>Gundo-eeh und Zundo-eeh sollen zittern wie Laub von Espen!<hex:02100103><hex:021A020203>Honu Vanu<hex:021A020103>","Großer Sonnentanz","Erhöht die ATT eigener Trabanten in der Nähe um 25.<hex:02100103><hex:024804F201F803><hex:024904F201F903>Dauer:<hex:0249020103><hex:0248020103> 6 Sekunden",45,30,2,True,False,False,False,False,3
173,"Du rufst deine Haurchefant-Puppe herbei. Nun kannst <hex:021A020203>du<hex:021A020103> ihn beschützen und für ihn einstehen wie ein wahrer Ritter.","Eine von Stephanivien Haillenarte angefertigte Stoffpuppe von dem selbstlosesten, mutigsten Ritter, den Ishgard gesehen hat.","Haurchefant ...! Bitte sei doch vernünftig!<hex:02100103><hex:021A020203>Graf Edmont Fortemps<hex:021A020103>","Silberklinge","Erhöht die ABW der ausführenden Trabanten um 40.<hex:02100103><hex:024804F201F803><hex:024904F201F903>Dauer:<hex:0249020103><hex:0248020103> 10 Sekunden",85,45,4,False,False,False,True,False,3
174,"Du rufst deine Nero-Puppe herbei. Sie mag es gar nicht, dass du auf sie herabsehen kannst.","Eine Miniaturabbildung des genialen garleischen Maschinisten Nero tol Scaeva mitsamt seiner Hammerwaffe, mit der er Cid gerne den Kopf einschlagen würde ... ","Ich traue Nero keinen Ilm weit. Und das solltest du ebenfalls nicht.<hex:02100103><hex:021A020203>Cid Garlond<hex:021A020103>","Fallendreher","Wandelt gegnerische Fallen in eigene um. Wenn die Falle eine Attacke ausführt, wird der Attacke-Wert um das 1,5-fache erhöht.",50,60,3,False,True,False,False,False,1
175,"Du rufst deine Vath-Puppe als Begleiter herbei. Solange du sie als Individuum respektierst, wird sie dir überallhin folgen.","Ein Vath bemerkte eines Tages eine Puppe, die einem Jäger auf Schritt und Tritt folgte. Tief beeindruckt von solcher Loyalität, beschloss er, selbst eine Puppe zu kreieren. Fortan nannte er sich „der Puppenmacher“.","Ihr könnt machen, was ihr wollt, das<hex:02100103>überlasse ich jedem individuellen Selbst.<hex:02100103><hex:021A020203>Der Erzähler<hex:021A020103>","Krabbelbein","Erhöht die GSW der ausführenden Trabanten um 30 %.<hex:02100103><hex:024804F201F803><hex:024904F201F903>Dauer:<hex:0249020103><hex:0248020103> 10 Sekunden",60,35,2,False,True,False,False,False,3
176,"Du rufst dein Fäustchen als Begleiter herbei. Weitaus kleiner als das Original, doch seine Wut bringt Berge zum Einstürzen und Erze zum Schmelzen.","Die Ingenieure der Indigohand erschufen diese Abwandlung ihrer Kampfmaschine <hex:021A020203>Faust<hex:021A020103>, um die Zielgenauigkeit von neu entwickelten Waffen zu testen. Dies kann ein Grund dafür sein, warum das Fäustchen sich verselbstständigte.","Das sind durchgedrehte Tüftler, die ihre<hex:02100103>technischen Projekte ohne jede Rücksicht<hex:02100103>auf Verluste umsetzen wollen.<hex:02100103><hex:021A020203>Cid Garlond<hex:021A020103>","Exemplar","Führt eine Attacke mit Attacke-Wert 380 auf die Gegner in der Nähe aus.",100,75,3,False,False,True,False,False,1
177,"Du rufst deine neue Y'shtola-Puppe als Begleiter herbei. Die Flucht durch den Äther hat sie sichtbar verändert.","Dieser Uhrwerk-Automat wurde auf Geheiß der Aben<hex:02160103>teurer<hex:02160103>gilde für die jährliche Feier der Wiedergeburt Eorzeas angefertigt. Alphinaud Leveilleur hat begeistert eine Skizze eingereicht, um bei der Anfertigung zu helfen.","Das wird eine harte Schlacht!","Ätherimpuls","Macht eigene Trabanten in der Nähe unempfindlich für Angriffe von Tieren.<hex:02100103><hex:024804F201F803><hex:024904F201F903>Dauer:<hex:0249020103><hex:0248020103> 5 Sekunden",80,50,2,False,False,False,False,False,3
178,"Du rufst deine Calco-Puppe als Begleiter herbei. Sie wird dich bis in deine Albträume verfolgen.","Ein großer Sharlayaner Magier hauchte dieser Puppe durch Magie Leben ein, um sie für die Bewachung des Antiturms einzusetzen. Ohne ihre blonde Haarpracht, die ihr der Magier erst später verpasste, muss ihre abschreckende Wirkung noch größer gewesen sein.","Vereint sind wir ... die zauberhafte, herzallerliebste, schaurige Calcobrina!<hex:02100103><hex:021A020203>Calcobrina<hex:021A020103>","Polka","Erhöht die ABW von eigenen Trabanten in der Nähe um 10, im Fall von Brina um 40.<hex:02100103><hex:024804F201F803><hex:024904F201F903>Dauer:<hex:0249020103><hex:0248020103> 6 Sekunden",40,45,2,False,False,False,True,False,3
179,"Du rufst deine Brina-Puppe als Begleiter herbei. Ihre großen Augen verfolgen dich überallhin.","Brina bewachte zusammen mit ihrem Gegenstück Calco den Antiturm, der jedoch von dir erobert wurde. Statt zu fliehen, versteckte sie sich in einer Schatztruhe, um dem glücklichen Finder nie wieder von der Seite zu weichen.","Vereint sind wir ... die zauberhafte, herzallerliebste, schaurige Calcobrina!<hex:02100103><hex:021A020203>Calcobrina<hex:021A020103>","Cha-Cha-Cha","Erhöht die ABW von eigenen Trabanten in der Nähe um 20, im Fall von Calco um 60.<hex:02100103><hex:024804F201F803><hex:024904F201F903>Dauer:<hex:0249020103><hex:0248020103> 6 Sekunden",40,55,3,False,False,True,False,False,3
180,"Du rufst einen Morpho als Begleiter herbei. Wenn er sich sachte auf deine Schulter setzt, könntest du vor Rührung weinen.","Diese Schmetterlingsart war während des Krieges der Magi bei Alchemisten heiß begehrt, da sich aus den Flügeln des Morphos ein magiehemmendes Mittel herstellen lässt. Aus diesem Grund gibt es heute nur noch wenige Morphos.","Wir reden hier von potenziellen Katastrophen gewaltigen Ausmaßes.<hex:02100103>Vielleicht war es ja etwas ganz Ähnliches, das damals den Krieg der Magi<hex:02100103>ausgelöst hat!<hex:02100103><hex:021A020203>Zhai'a Nelhah<hex:021A020103>","Giftiger Flügelstaub","Fügt Gegnern in der Nähe im Sekundentakt 10 Schaden über Zeit zu.<hex:02100103><hex:024804F201F803><hex:024904F201F903>Dauer:<hex:0249020103><hex:0248020103> 30 Sekunden",40,50,2,True,False,False,False,False,1
181,"Du rufst Poro Roggo als deinen Begleiter herbei. Auch ein Kuss wird diesen Hexenzauber nicht brechen.","Matoya benutzt schon seit langer Zeit verzauberte Frösche als ihre Helferlein. Dieses Exemplar stand über fünfzig Jahre in ihrem Dienst, bevor es von der Wanderlust gepackt wurde. Die gutmütige Matoya gewährte diesem Poroggo die Freiheit, auf dass er die Welt erkunde.","Sie hat mich aus dem Tümpel geholt und<hex:02100103>mir einen Namen und Verstand gegeben.<hex:02100103>Eine wirklich wundervolle Taaat, quaaak!<hex:02100103><hex:021A020203>Toro Roggo<hex:021A020103>","Herzenswunsch","Führt eine Attacke mit Attacke-Wert 90 auf die Gegner in der Nähe aus und schleudert sie zurück.",50,65,2,False,False,True,True,False,1
182,"Du rufst Edward Chris von Muir als deinen Begleiter herbei.","Edward war von königlicher Abstammung, doch nachdem er seine Geliebte Anna in einem brutalen Überfall verlor, zog er aus, um singend auf Abenteuer zu gehen.","Du Schnösel von einem Barden!<hex:02100103><hex:021A020203>Tellah<hex:021A020103>","Bardenlied","Erhöht die ABW von eigenen Trabanten in der Nähe um 20.<hex:02100103><hex:024804F201F803><hex:024904F201F903>Dauer:<hex:0249020103><hex:0248020103> 10 Sekunden",40,55,3,False,False,False,False,False,3
183,"Du rufst deinen Fenrir-Welpen als Begleiter herbei. Der wilde Höllenhund will nicht spielen, er will lernen, Beute zu reißen.","Dieser junge Höllenhund kennt kein anderes Zuhause als die blutigen Winkel der Wolfshöhle. Auch wenn seine Erscheinung noch nichts davon erahnen lässt, wird er sich bald zu einem ebenso brutalen wie effektiven Kampfbegleiter entwickeln, wie sein legendärer Namensvetter.","Na endlich! Wird ja verdammt noch mal auch Zeit, dass hier ein anständiger Wolf aufkreuzt!<hex:02100103><hex:021A020203>Berkoeya<hex:021A020103>","Wimmermond","Erhöht die ATT von eigenen Trabanten in der Nähe um 20, im Fall von Monstern um 40.<hex:02100103><hex:024804F201F803><hex:024904F201F903>Dauer:<hex:0249020103><hex:0248020103> 6 Sekunden",65,30,4,False,False,False,False,False,3
184,"Du rufst ein Drachenjunges herbei. Diese Puppe, für die der junge Drache Kal Myhk Modell stand, wird dir ein treuer Freund sein.","Mogry-Handwerker haben diese Puppe nicht nur äußerlich dem gerade einmal 30 Jahre jungen Drachen Kal Myhk nachempfunden, sondern dafür sogar echte Schuppen verwendet, die der Drache bei einer Häutung abgestreift hat.","Ein Meisterwerk der Mogry-Kunst, kupo!<hex:02100103><hex:021A020203>Vorarbeiter Mogzin<hex:021A020103>","Jungdrachenatem","Führt eine Attacke mit Attacke-Wert 230 auf die Gegner in der Nähe aus.",75,60,1,False,False,False,False,True,1
185,"Du rufst einen Mini-Ramuh als Begleiter herbei. Mach dich darauf gefasst, vom Herrn der Blitze verurteilt zu werden!","Nachdem sich die Mini-Garuda großer Beliebtheit erfreut hat, wurden die Designer mit der Gestaltung einer Miniaturversion des Herrn der Blitze beauftragt. Um Informationen aus erster Hand zu erhalten, befragten sie die Sylphen, was dem Endprodukt durchaus anzusehen ist.","Erfahre mein Urteil!<hex:02100103><hex:021A020203>Ramuh, Herr der Blitze<hex:021A020103>","Ionenschlag","Führt eine Attacke mit Attacke-Wert 230 auf die Gegner in der Nähe aus.",40,75,3,False,True,False,False,False,1
186,"Du rufst eine Mini-Shiva herbei. Ihr eisiger Blick lässt das Blut in den Adern gefrieren!","Als sie von den Miniaturversionen der verschiedenen Primae erfuhren, beschlossen die Häretiker in Ishgard, ein Abbild ihrer Göttin Shiva anzufertigen. Mit bedingungsloser Hingabe haben sie ein Werk geschaffen, dass der Herrin des Eises zu großer Ehre gereicht.","Zerbersten sollt ihr! Alle!<hex:02100103><hex:021A020203>Shiva, Herrin des Eises<hex:021A020103>","Diamantenstaub","Macht Gegner in der Nähe be<hex:02160103>we<hex:02160103>gungs<hex:02160103>un<hex:02160103>fäh<hex:02160103>ig.<hex:02100103><hex:024804F201F803><hex:024904F201F903>Dauer:<hex:0249020103><hex:0248020103> 5 Sekunden",35,35,3,False,True,False,False,False,4
187,"Du rufst ein Ferkelchen herbei, das auf zwei Beinen läuft und dadurch großes Erstaunen hervorruft.","Ein Ferkelchen, das auf zwei Beinen läuft, mit einer mysteriösen Ver<hex:02160103>gangen<hex:02160103>heit. Es wurde im Gold Saucer verhaftet, als es dort versuchte, nach einem üppigen Mahl die Zeche zu prellen. Doch niemand weiß, woher es stammt oder was es vorhat.","Haltet das Ferkelchen!<hex:02100103>Es hat sein Essen nicht bezahlt!<hex:02100103><hex:021A020203>Wirt im Gold Saucer<hex:021A020103>","Quieken","Entfernt alle negativen Effekte von eigenen Trabanten in der Nähe.",45,30,3,False,False,False,False,False,6
188,"Du rufst einen magischen Eimer herbei, der dank neuester Marionettentechnik laufen kann.","Ein Fischer war es leid, seinen schweren Fang immer nach Hause tragen zu müssen. Also wurde kurzer-<hex:02100103>hand ein laufender Eimer entwickelt. Ein Rätsel bleibt, woher das Wasser und die Fische darin kommen, denn selbst wenn man den Eimer leert, ist er kurz darauf wieder voll.","Endlich mal eine praktische Erfindung!<hex:02100103><hex:021A020203>Fischer<hex:021A020103>","Eimerkette","Erhöht die GSW eigener Trabanten in der Nähe um 35 %.<hex:02100103><hex:024804F201F803><hex:024904F201F903>Dauer:<hex:0249020103><hex:0248020103> 6 Sekunden",20,55,1,False,False,False,False,False,3
189,"Du rufst ein Tentakel herbei, das dem Aquadon abgeschlagen wurde.","Nachdem Abenteurer auf der Schiffbrecher-Insel dem Aquadon ein Tentakel abgeschlagen hatten, flog dieses ins Meer, kroch kurze Zeit später aber wieder an Land. Während der Aquadon auf Rache aus ist, scheint das Tentakel friedlich zu sein.","Mh, sieht das lecker aus!<hex:02100103><hex:021A020203>Domaner<hex:021A020103>","Spritzwasser","Führt eine Attacke mit Attacke-Wert 90 auf die Gegner in der Nähe aus und schleudert sie zurück.",65,60,2,False,False,False,True,False,1
190,"Du rufst ein Brachiosaurus-Baby herbei, das zum Glück keine Windel benötigt.","Diese Miniatur ist einem riesigen, uralten Lebewesen nachempfunden, das ein Luftpirat beim Diadem beobachtet haben will. Da stellt sich die Frage, warum dort oben so ein Wesen existieren sollte?","Salamander-Öl?<hex:02100103>Soll ich dir deinen runden Babypopo damit einreiben, wie früher?<hex:02100103><hex:021A020203>Julyan<hex:021A020103>","Sternensturm","Fügt Gegnern in der Nähe eine Schwäche gegen Puppen zu.<hex:02100103><hex:024804F201F803><hex:024904F201F903>Dauer:<hex:0249020103><hex:0248020103> 15 Sekunden",115,50,1,False,False,False,True,False,4
191,"Du rufst eine Aufzieh-Cheerleaderin herbei, die dich stets gut gelaunt auf deinen anstrengenden Abenteuern anfeuert.","Die kleine Cheerleaderin wurde geschaffen, um die Kämpfer in der Wolfshöhle anzufeuern. Doch wehe, wenn die Kämpfe unterbrochen werden. Dann guckt die Cheerleaderin ganz böse und fängt an zu fluchen.","Ja, weiter so, du schaffst es!<hex:02100103><hex:021A020203>Cheerleaderin<hex:021A020103>","Anfeuern","Erhöht die ATT eigener Trabanten in der Nähe um 25.<hex:02100103><hex:024804F201F803><hex:024904F201F903>Dauer:<hex:0249020103><hex:0248020103> 6 Sekunden",40,40,1,False,False,False,False,True,3
192,"Du rufst deine Krile-Puppe herbei, die dich mit Sharlayaner Weisheit und ihrer eigenen Heiterkeit bedenken wird.","Dieser Uhrwerk-Automat wurde auf Geheiß der Aben<hex:02160103>teurer<hex:02160103>gilde für die jährliche Feier der Wiedergeburt Eorzeas angefertigt. Die großen Miqo'te-Ohren an ihrer Kapuze stehen für ihre angebliche Fähigkeit, das Flüstern der Seele zu hören.","Ich teile deine Hoffnung, aber bedenke auch die Gefahren.<hex:02100103><hex:021A020203>Krile<hex:021A020103>","Mädchen von nebenan","Erhöht die ABW von eigenen Trabanten in der Nähe um 10, im Fall von Puppen um 30.<hex:02100103><hex:024804F201F803><hex:024904F201F903>Dauer:<hex:0249020103><hex:0248020103> 6 Sekunden",30,30,3,True,False,False,False,False,3
193,"Du rufst eine Aymeric-Puppe herbei. Der Großmeister der Tempelritter wird sich freuen, die weite Welt außerhalb Ishgards an deiner Seite zu erkunden.","Zuerst hatten die Tempelritter selbst versucht, eine Miniatur ihres verehrten Großmeisters Aymeric anzufertigen, doch der Versuch scheiterte kläglich. Aus Mitleid fertigte daraufhin ein Techniker der Maschinistengilde dieses naturgetreue Abbild.","Wieso, Vater? Wieso tust du das?<hex:02100103><hex:021A020203>Großmeister Aymeric<hex:021A020103>","Tempelritter-Sturmangriff","Fügt einem gegnerischen Schild 70 % Schaden zu. Kein Effekt, falls er schon zerstört ist.",80,75,3,False,False,True,True,False,8
194,"Du rufst ein Pegasus-Fohlen herbei. Leider verschießt es aus keiner seiner Körperöffnungen Regenbögen.","Seit dieses Fohlen von seiner Mutter getrennt wurde, musste es auf dem Diadem, auf dem es von ur-<hex:02100103>zeitlichen Bestien nur so wimmelt, um sein Leben fürchten. Von Abenteurern vor besagten Gefahren gerettet, folgt es seinen neuen Beschützern nun auf Schritt und Tritt.","Diese unförmige Tröte ist das, was du wolltest?<hex:02100103><hex:021A020203>Ohl Deeh<hex:021A020103>","Schweif und Mähne","Erhöht die GSW von eigenen Trabanten in der Nähe um 35 %.<hex:02100103><hex:024804F201F803><hex:024904F201F903>Dauer:<hex:0249020103><hex:0248020103> 6 Sekunden",70,45,3,False,False,False,True,False,3
195,"Du rufst eine Mini-Calofisteri herbei. Sie liebt alles, was glitzert und leuchtet!","Ein geheimnisvoller Schöpfer hat den Kampf der Abenteurer gegen Calofisteri heimlich beobachtet und daraufhin diese magische Puppe erschaffen. Danach verschwand er wie eine Feengestalt, seine Identität ist bis heute ungeklärt.","Warum ruht ihr euch nicht hier aus ... bis in alle Ewigkeit!<hex:02100103><hex:021A020203>Calofisteri<hex:021A020103>","Glitzer","Erhöht die ABW der ausführenden Trabanten um 40.<hex:02100103><hex:024804F201F803><hex:024904F201F903>Dauer:<hex:0249020103><hex:0248020103> 10 Sekunden",50,55,2,True,True,True,False,False,3
196,"Du rufst dein Sasquatch-Stofftier herbei. Füttern auf eigene Gefahr.","Ein fleißiges Mitglied der Gerber-Gilde schuf dieses Stofftier aus echter Sasquatch-Haut, um auf die Ausbeutung von Wildtieren aufmerksam zu machen.","Uh uh ...","Affentheater","Entfernt eine vom Gegner aufgestellte Falle.",45,45,3,False,False,False,True,False,6
197,"Du rufst ein Zwergkaninchen herbei. Mit so einem kleinen, niedlichen Begleiter wirst du dich niemals einsam fühlen.","Einst lebte das Zwergkaninchen friedlich auf dem Land, doch als sein Vater Gemüse von einem Feld stibitzte, wurde er von der Bäuerin geschnappt und zu einer Pastete verarbeitet. Nach dieser Tragödie zog das Zwergkaninchen hinaus in die weite Welt.","Es gibt kein niedlicheres Wesen in Eorzea!<hex:02100103><hex:021A020203>Mädchen aus Gridania<hex:021A020103>","Möhrengranate","Stellt eine Falle auf, die nach 10 Sekunden ausgelöst werden kann. Bewirkt im Sekundentakt 10 Schaden über Zeit bei Gegnern in der Nähe.<hex:02100103><hex:024804F201F803><hex:024904F201F903>Dauer:<hex:0249020103><hex:0248020103> 20 Sekunden",60,45,4,False,False,False,True,False,2
198,"Du rufst dein Hektokulinchen als Begleiter herbei. Es ist die Antwort auf die Frage, was passiert, wenn ein Hektokulus ein Auge zudrückt.","Dieser arme Augapfel fiel nicht weit vom Hektokulus-Stamm, doch es reichte, um nun mutterseelenallein durch die Welt rutschen zu müssen. Er ist es nicht gewohnt, nur einen Teil seiner Umgebung auf einmal sehen zu können und gleitet daher etwas nervös hin und her.","Glupsch.","Holzauge","Verringert die GSW von Gegnern in der Nähe um 70 %.<hex:02100103><hex:024804F201F803><hex:024904F201F903>Dauer:<hex:0249020103><hex:0248020103> 5 Sekunden",35,35,2,False,True,False,False,False,4
199,"Du rufst deinen Daoisten-Mogry als Begleiter herbei. Seine fernöstliche Weisheit beschränkt sich darauf, dir zu folgen.","Enrei, Akolyt des legendären fernöstlichen Mönchs Meister Togen, soll diese Marionette für eine Abenteurerin hergestellt haben, die den beiden aus einer Notlage half. Wie das Geschenk in den Handel kam, ist nicht bekannt.","Und den Rest von euch zerstampf ich<hex:02100103>zu Mogry-Mus!<hex:02100103><hex:021A020203>Sidurgu<hex:021A020103>","Weisheit des Mogrys","Schleudert die Gegner in der Nähe zurück.",30,35,3,False,False,True,False,False,9
200,"Du rufst deinen Jibanyan-Begleiter herbei. Vorsicht - er ist dafür bekannt, seine Wut an vorbeifahrenden Chocobo-Karren auszulassen.","Nachdem er von einem Laster überfahren worden war, beseelt er nun eine Kreuzung, um sich an den Lastern zu rächen.","Jetzt nyicht, nyachher!","Pfoten des Zorns","Führt eine Attacke mit Attacke-Wert 230 auf die Gegner in der Nähe aus.",50,30,4,False,False,False,True,False,1
201,"Du rufst deinen Komasan-Begleiter herbei. Ob er an deiner Seite einen neuen Schrein findet, den er bewachen kann?","Ein Wach-Löwen-Hund, der von seinem alten Schrein gelangweilt war und deshalb auf der Suche nach einem neuen ist.","Ich dreh' am Rad.","Geisterreigen","Stellt eine Falle auf, die nach 10 Sekunden ausgelöst werden kann. Bewirkt eine Attacke mit Attacke-Wert 260 auf die Gegner in der Nähe.",40,40,2,False,True,True,True,False,2
202,"Du rufst deinen Whisper-Begleiter herbei, der dir als Diener dienlich sein wird.","Redet gerne, schnell und viel, und scheint alles über die anderen Yo-kai zu wissen.","Stets zu Diensten!","Plappermaul","Verringert die ABW von Gegnern in der Nähe um 50 %.<hex:02100103><hex:024804F201F803><hex:024904F201F903>Dauer:<hex:0249020103><hex:0248020103> 15 Sekunden",40,30,2,True,False,True,False,False,4
203,"Du rufst deinen Glazia-Begleiter herbei. Kann angeblich Schneestürme im Sommer verursachen und Vulkane einfrieren.","Kann die Temperatur rapide sinken lassen, es im Sommer schneien lassen und sogar Vulkane einfrieren.","Diese Sommerhitze ...","Schimmernde Schneewehe","Erhöht die ATT von eigenen Trabanten in der Nähe um 20, im Fall von Monstern um 40. <hex:02100103><hex:024804F201F803><hex:024904F201F903>Dauer:<hex:0249020103><hex:0248020103> 6 Sekunden",45,30,3,False,False,True,False,False,3
204,"Du rufst deinen Kyubi-Begleiter herbei. Er ist eigentlich ganz nett, wenn man ihn mal näher kennengelernt hat.","Dieser Fuchs-Yo-kai ist einer der stärksten unter den Yo-kai. Kann mit Leichtigkeit einen Vulkan zum Ausbruch bringen.","Einfach lächerlich ...","Inferno","Führt eine Attacke mit Attacke-Wert 90 auf die Gegner in der Nähe aus.",40,30,2,True,False,False,False,False,1
205,"Du rufst deinen Komajiro-Begleiter herbei. Während er seinen älteren Bruder sucht, kann er dich doch eigentlich gut auf deinen Abenteuern begleiten.","Ist Komasans jüngerer Bruder. Er sucht überall nach dem entlaufenen Familienmitglied, kann es aber nirgendwo finden.","Ich dreh' am Rad.","Gewitterfront","Fügt Gegnern in der Nähe im Sekundentakt 10 Schaden über Zeit zu.<hex:02100103><hex:024804F201F803><hex:024904F201F903>Dauer:<hex:0249020103><hex:0248020103> 20 Sekunden",40,30,2,False,True,False,True,False,1
206,"Du rufst deinen Möter-Begleiter herbei. Halb Hund, halb Mittvierziger.","Ein Pudel mit dem Gesicht eines Mannes. Erschreckt gerne Leute mit seinem Aussehen. Möchte eines Tages Firmenchef sein.","Kötelköter!","Wadenbeißer","Führt eine Attacke mit Attacke-Wert 90 auf die Gegner in der Nähe aus.",30,30,3,False,True,False,False,False,1
207,"Du rufst deinen Noko-Begleiter herbei. Er soll angeblich Glück bringen.","Dieser Schlangen-Yo-kai hat es schwer. Er hat Angst, dass Leute ihn entdecken, ist aber schlecht im Verstecken.","Noko noko!","Beruhigendes Lächeln","Regeneriert bei den eigenen Trabanten in der Nähe 100 LP, im Fall von Monstern 150.",30,30,2,False,False,True,False,False,7
208,"Du rufst deinen Viptor-Begleiter mit einem ausgefallenen Schal herbei.","Ein Elite-Yo-kai mit einem Drachenschal. All seine Fä<hex:02160103>hig<hex:02160103>kei<hex:02160103>ten sind wirklich erstklassig.","Hmpf ...!","Achtköpfige Schlange","Führt eine Attacke mit Attacke-Wert 100 auf die Gegner in der Nähe aus.",50,40,2,True,False,False,False,False,1
209,"Du rufst deinen Shogunyan-Begleiter herbei. Seine prächtige Samurai-Rüstung riecht etwas nach rohem Thunfisch.","Dieser Yo-kai ist ein legendärer Vorfahr von Jibanyan. Er liebt Thunfisch und trägt ihn in seiner Rüstung umher.","Herz eines Kriegers!","Samurai-Stakkato","Führt eine Attacke mit Attacke-Wert 150 auf die Gegner in der Nähe aus und  verringert ihre ABW um 30 %.<hex:02100103><hex:024804F201F803><hex:024904F201F903>Dauer:<hex:0249020103><hex:0248020103> 6 Sekunden",30,30,2,False,False,False,True,False,1
210,"Du rufst deinen superheldigen Hovernyan-Begleiter herbei.","Obwohl er ständig schwebt, ist er eigentlich ziemlich bodenständig. Das weiße Zeichen auf seiner Stirn ist eine Kampfnarbe.","Ich halt dir den Rücken frei!","Power-Pfote","Führt eine Attacke mit Attacke-Wert 230 auf die Gegner in der Nähe aus.",50,25,2,False,True,False,False,False,1
211,"Du rufst deinen Robonyan Type-F-Begleiter herbei. Die Gold<hex:02160103>schmiede<hex:02160103>gilde würde ihn zu gerne mal auseinandernehmen.","Ein verbessertes Modell von Robonyan, das all seine unnötigen Funktionen entfernt hat, um die perfekte Roboterkatze zu werden.","Energiesparmodus an ...","Selbstzerstörung","Führt eine Attacke mit Attacke-Wert 300 auf die Gegner in der Nähe aus, aber die ausführenden Trabanten werden weggeschickt.",35,30,3,False,False,True,False,False,1
212,"Du rufst deinen Usapyon-Begleiter herbei. Was ist das nur für ein rätselhafter Gegenstand in seiner Hand?","Usapyon hofft, eines Tages ins Weltall reisen zu können. Wenn er böse wird, zeigt er seine dunkle Seite.","Vermümmelt!","Megamümmelstrahl","Führt eine Attacke mit Attacke-Wert 230 auf die Gegner in der Nähe aus.",30,30,2,False,False,True,True,False,1
213,"","","","","",0,0,0,False,False,False,False,False,0
214,"Du rufst deine Namingway-Puppe als Begleiter herbei. Sie ist einem Helden vergangener Zeiten nachempfunden.","Eine Puppe des legendären Wanderers Namingway. Es heißt, dass er von einem seltsamen Volk abstammt, das auf dem Mond lebt. Er reist durch die Welt und liebt es, den Leuten, denen er begegnet, Spitznamen anzugedenken. In seinem dicken Notizbuch sind sie alle vermerkt.","Going-my-way!<hex:02100103><hex:021A020203>Namingway<hex:021A020103>","Hummingway","Entfernt alle negativen Effekte von eigenen Trabanten in der Nähe.",50,50,3,False,False,True,True,False,6
215,"Du rufst deinen Mini-Alexander als Begleiter herbei. Die Ingenieure der Indigohand haben eine Vielzahl dieser Miniaturen als Modell für die Konstruktion des Kolosses hergestellt.","An diesem Modell des Maschinen-Primae aus der Fertigung der Indigohand kann man sehr viel lernen. Alle Teile sind für die Ausbildung der Ingenieure exakt nachgebildet. Und Neulinge sind verblüfft, endlich auch Alexanders Beine zu sehen!","Und die Ursache ist wieder mal unser Freund Alexander.<hex:02100103><hex:021A020203>Cid<hex:021A020103>","Göttliche Rechtfertigung","Erhöht die ABW von eigenen Trabanten in der Nähe um 10, im Fall von Monstern um 30.<hex:02100103><hex:024804F201F803><hex:024904F201F903>Dauer:<hex:0249020103><hex:0248020103> 6 Sekunden",30,60,2,True,False,False,False,False,3
216,"Du rufst deinen Frischling als Begleiter herbei. Dieses Wildschweinjunge haut den stärksten Roegadyn aus den Latschen.","Ein gar nicht so wilder Keiler aus den zerklüfteten Schluchten von Xelphatol. Vor einiger Zeit begab er sich auf Ritterfahrt, wo er sich einem Abenteurer anschloss, und übt nun fleißig den wildschweinhaft-rücksichtslosen Ansturm.","Haldrath hätte diese Sauerei nicht gutgeheißen!<hex:02100103><hex:021A020203>Tempelritter<hex:021A020103>","Wilder Ansturm","Erhöht die ATT eigener Trabanten in der Nähe um 20, im Fall von Tieren um 30.<hex:02100103><hex:024804F201F803><hex:024904F201F903>Dauer:<hex:0249020103><hex:0248020103> 9 Sekunden",95,55,3,False,False,True,True,False,3
217,"Du rufst deine neue Thancred-Puppe als Begleiter herbei. Der Aufenthalt im Äther hat ihn irgendwie noch draufgängerischer gemacht.","Wilder, härter, stärker. Diese Puppe spiegelt die Entwicklung wider, die Thancred aufgrund seiner einschneidenden Erlebnisse im dravanischen Vorland durchgemacht hat. Die Kleidung der Gnath steht ihm ausgezeichnet. Sein niedlicher Nussfresser ist stets an seiner Seite.","Es war ein harter Kampf ums Überleben.<hex:02100103><hex:021A020203>Thancred<hex:021A020103>","Der Weg nach Hause","Verringert die GSW von Gegnern in der Nähe um 50 %.<hex:02100103><hex:024804F201F803><hex:024904F201F903>Dauer:<hex:0249020103><hex:0248020103> 5 Sekunden",55,30,4,False,True,False,False,False,4
218,"Du rufst deine neue Alisaie-Puppe als Begleiter herbei. Jetzt sollte es dir etwas leichter fallen, sie von ihrem Bruder zu unterscheiden.","Eine der zahlreichen Puppen, die Tataru anfertigte, um neue Kleider für Alisaie zu entwerfen<hex:021D0103>- nur für den Fall, dass sie einmal zurückkommen würde. Sie wirkt reifer, weiser und keineswegs mehr wehrlos!","Ich bin das Schwert Eorzeas!<hex:02100103><hex:021A020203>Alisaie<hex:021A020103>","Für Emery","Erhöht die ATT der ausführenden Trabanten um 40.<hex:02100103><hex:024804F201F803><hex:024904F201F903>Dauer:<hex:0249020103><hex:0248020103> 15 Sekunden",45,25,3,False,False,False,True,False,3
219,"Du rufst deine Edda-Puppe als Begleiter herbei. Sie ist ein Symbol für alle gefallenen Kameraden - und die, die ihren Fall zu verantworten haben.","Eine düstere Nachbildung der unglückseligen Edda. Ein gewisser Thaumaturg hat sie einst angefertigt, um sie im Gedenken an seine verschwundene Kameradin darzubringen. Man hat irgendwie den Eindruck, dass ihre Haare stetig länger werden ...","AVEEERE!<hex:02100103><hex:021A020203>Edda<hex:021A020103>","Schuldgefühl","Verringert die ABW von Gegnern in der Nähe um 50 %.<hex:02100103><hex:024804F201F803><hex:024904F201F903>Dauer:<hex:0249020103><hex:0248020103> 15 Sekunden",90,40,1,False,False,False,False,True,4
220,"Du rufst deine Yuna-Puppe als Begleiter herbei. Diese Heldin aus einer anderen Zeit wird nicht weichen ...","Eine magische Puppe zum Gedenken an eine große Heldin vergangener Tage. Die Legende handelt von dem jungen Mädchen Yuna, das auszog, um ein Medium zu werden und der Welt Frieden zu bringen. Die orientalisch angehauchte Kleidung ist ein echter Hingucker!","Verliebe dich nicht in Yuna.<hex:02100103><hex:021A020203>Lulu<hex:021A020103>","Heilende Hand der Beschwörerin","Regeneriert bei den eigenen Trabanten in der Nähe 100 LP, im Fall von Puppen 150.",85,60,3,False,False,True,False,False,7
221,"Du rufst deine Rikku-Puppe als Begleiter herbei. Sie ist sich sicher: Wir werden gewinnen!","Eine magische Puppe zum Gedenken an eine große Heldin vergangener Tage. Die Legende erzählt, wie Rikku ihr Leben riskierte, um das Medium Yuna zu beschützen. Dabei soll sie es mit den Habseligkeiten anderer Leute nicht allzu genau genommen haben.","Iht fahh an tulr aeh Sahclr ecd?<hex:02100103><hex:021A020203>Rikku<hex:021A020103>","Mischung","Stellt eine Falle auf, die nach 10 Sekunden ausgelöst werden kann. Bewirkt eine Attacke mit Attacke-Wert 260 auf die Gegner in der Nähe.",50,40,4,False,False,True,False,False,2
222,"Du rufst deine Lulu-Puppe als Begleiter herbei. Sie steht für Zauber ohne Grenzen.","Eine magische Puppe zum Gedenken an eine große Heldin vergangener Tage. Die Legende erzählt, wie sich Lulu der Leibgarde von Yuna anschloss und mit ihr gefährliche Abenteuer erlebte. Sie soll eine mächtige Magierin gewesen sein und magische Puppen kontrolliert haben.","Egal wie dunkel die Nacht, der Morgen kommt immer.<hex:02100103><hex:021A020203>Lulu<hex:021A020103>","Schwarze Magie","Führt eine Attacke mit Attacke-Wert 90 auf die Gegner in der Nähe aus.",70,40,2,False,False,True,False,False,1
223,"","","","","",0,0,0,False,False,False,False,False,0
224,"Du rufst deine Moenbryda-Puppe als Begleiter herbei. Sie wird für immer einen Platz in den Herzen des Bunds der Morgenröte haben.","Offen würde er es nie eingestehen, doch diese Puppe hat Urianger im Gedenken an seine ehemalige Kameradin Moenbryda angefertigt. Erst als er sie verlor, erkannte er, wie viel sie ihm bedeutet hatte. Ihr sanfter Ge<hex:02160103>sichts<hex:02160103>aus<hex:02160103>druck zeigt, dass Urianger ihr eigentliches Wesen kannte.","Oh, Urianger! Wie ich dich vermisst habe!<hex:02100103><hex:021A020203>Moenbryda<hex:021A020103>","Barbarenaxt","Fügt dem nächstgelegenen gegnerischen Tor 50<hex:021D0103>% Schaden zu. Kein Effekt, falls es schon zerstört ist.",30,35,3,False,True,False,False,False,8
225,"Du rufst dein Circus-Auge als Begleiter herbei. Es wurde schon als kleines Äuglein an den Circus Continental verkauft.","Ein sehr junger Ahriman, der in die Welt der Sterblichen beschworen wurde, doch so schwach war, dass er bald von einem Jäger gefangen wurde. Der Jäger verkaufte den kleinen Ahriman als Kuriosität an den Circus Continental.","Ich kann kaum noch meine Tränen zurückhalten.<hex:02100103><hex:021A020203>Zagozz Teh<hex:021A020103>","Böser Blick","Entfernt alle positiven Effekte von den gegnerischen Trabanten in der Nähe.",45,40,3,False,True,True,False,False,6
226,"Du rufst deinen Bulldoggenwelpen als Begleiter herbei. Er war zu sanftmütig für die garleischen Streitkräfte.","Dieser Welpe sollte im Castrum Oriens zu einem Militärhund ausgebildet werden, doch eigentlich wollte er immer nur schmusen, sodass der Ausbilder ihn aufgab.","Er ist noch recht scheu und hat bestimmt Angst vor dir.<hex:02100103><hex:021A020203>R'kontai<hex:021A020103>","Kampfinstinkt","Macht eigene Trabanten in der Nähe unempfindlich für Angriffe von Monstern.<hex:02100103><hex:024804F201F803><hex:024904F201F903>Dauer:<hex:0249020103><hex:0248020103> 5 Sekunden",30,45,2,False,True,False,False,False,3
227,"Du rufst deinen Liebesengel als Begleiter herbei. Er lässt die Herzen in Seligkeit schwelgen.","Dieser kleine Engel lindert nicht nur den Herz-<hex:02100103>schmerz. Jeder Abenteurer, der auf dem Schlachtfeld bereits in die Verlegenheit gekommen ist, wiederbelebt werden zu müssen, hat schon einmal so einen Engel gesehen ... oder es sich zumindest eingebildet.","Du bist die Heilige, die mir aus purer Herzensgüte das Leben gerettet hat!<hex:02100103><hex:021A020203>Hortefense<hex:021A020103>","Schildwall","Stellt einen zerstörten Schild wieder her.",30,60,2,False,False,False,True,False,9
228,"Du rufst deine Estinien-Puppe als Begleiter herbei. Sie ist dem Azur-Drachenreiter nachempfunden.","Als diese Puppe entworfen wurde, gab es angeblich Streit darum, ob auf der Lanze ein Pfirsich aufgespießt sein sollte. Letztendlich zeigt sie den Azur-Drachenreiter kurz bevor er Nidhogg zum Kampf herausfordert.","Estinien ... wirst du deinen Schwur halten?<hex:02100103><hex:021A020203>Eisherz<hex:021A020103>","Supersprung","Versetzt die ausführenden Trabanten zurück zu Tor B.",45,20,4,False,True,False,False,False,9
229,"Du rufst dein Hraesvelgr-Stofftier als Begleiter herbei. Einem der sieben Hohen Drachen nachempfunden, die Midgardsormr einst zeugte.","Ein Stofftier des Hohen Drachen Hraesvelgr, der einst Shiva liebte. Diese Liebe ebnete den Weg für Ishgard, mit den Drachen in friedlicher Eintracht leben zu können. Ein Funke dieser längst vergangenen Liebe ist als sanftes Glühen in den Augen des Drachen erkennbar.","Hraesvelgr?! Er wird sich nicht gerade freuen, uns zu sehen, fürchte ich.<hex:02100103><hex:021A020203>Alphinaud<hex:021A020103>","Drachensegen","Entfernt alle negativen Effekte von eigenen Trabanten in der Nähe.",65,50,3,False,False,False,True,False,6
230,"Du rufst deinen Gigi als Begleiter herbei. In dieser Marionette steckt ein Zeitzauber.","Der Sharlayaner Magier Quan hat diese Marionette erschaffen und einen Zeitzauber in ihren Körper eingewoben. Um Hildibrand und die Abenteurer zu retten, hat sie ihre gesamte Kraft verbraucht, doch die Magie der Marionette lädt sich langsam wieder auf ...","Du bist ein echtes Naturtalent, Blaujäckchen. Sind wir womöglich verwandt?<hex:02100103><hex:021A020203>Hildibrand<hex:021A020103>","Zeitzauber","Fügt dem nächstgelegenen gegnerischen Arkana-Stein 6 % Schaden zu.",60,50,2,False,True,False,False,False,8
231,"Du rufst deine Anima als Begleiter herbei. Ein neuer Körper für die synthetische Seele.","Ardashir hat dieses Gefäß mithilfe eines alten Seelensteins manifestiert, damit die synthetische Seele dich auch dann auf deinen Abenteuern begleiten kann, wenn du mal keine Anima-Waffe dabeihast.","Die Seele hat sich manifestiert?<hex:02100103><hex:021A020203>Ardashir<hex:021A020103>","Strahlende Anima","Erhöht die ATT eigener Trabanten in der Nähe um 25.<hex:02100103><hex:024804F201F803><hex:024904F201F903>Dauer:<hex:0249020103><hex:0248020103> 6 Sekunden",65,55,1,False,False,False,False,True,3
232,"Du rufst deine Aufzieh-Scathach als Begleiter herbei. Der Schattenkönigin nachempfunden. Wer sie wohl hergestellt hat?","Es ist nicht bekannt, wer diese kleine Schattenkönigin Scathach hergestellt hat, doch auf ihrer Unterseite steht in eorzäischen Lettern geschrieben: „Als Zeichen meiner Liebe.“ Insgesamt wirkt das Modell zu modern, um aus dem Mhach-Zeitalter zu stammen.","Wenn die Schattenkönigin zu alter Stärke gelangt, wird dieser ganze Planet verwüstet!<hex:02100103><hex:021A020203>Cait Sith<hex:021A020103>","Schattenklatsche","Schleudert die Gegner in der Nähe zurück.",30,30,3,False,True,False,False,False,9
233,"Du rufst dein Nidhogg-Stofftier als Begleiter herbei. Einem der sieben Hohen Drachen nachempfunden, die Midgardsormr einst zeugte.","Ein Stofftier des Hohen Drachen Nidhogg<hex:021D0103>- Erzfeind von Ishgard. Seit tausend Jahren führt dieser Drache Krieg gegen Ishgard und selbst in dieser kleinen Gestalt versprüht er noch Hass und Zer<hex:02160103>störungs<hex:02160103>kraft. Den Azur-Drachenreiter kann er auch als Puppe nicht ausstehen.","Der Bruder fühlt, die Zeit ist da, dass man den Hass besiege ♪<hex:02100103><hex:021A020203>Fahrender Sänger<hex:021A020103>","Drachenchoral","Führt eine Attacke mit Attacke-Wert 110 auf die Gegner in der Nähe aus.",95,60,3,False,True,True,False,False,1
234,"Du rufst deinen Höllenhundwelpen als Begleiter herbei. So süß, aber blicke ihm nicht in die Augen!","Höllenhunde sind so wild, dass sie sich sogar im Nichts gegen andere Monster behaupten, und obgleich dieses Exemplar noch ein Welpe ist, leuchten seine Augen schon so eindringlich, dass einem bei Blickkontakt das Blut in den Adern gefriert.","Bist du hier, um deine Fä<hex:02160103>hig<hex:02160103>kei<hex:02160103>ten im Einzelkampf<hex:02100103>mit einem anderen Abenteurer zu trainieren?<hex:02100103><hex:021A020203>Ausbilderin des Mahlstroms<hex:021A020103>","Geheul","Halbiert den Ruf-Timer von Trabanten beim Herbeirufen.<hex:02100103><hex:024804F201F803><hex:024904F201F903>Dauer:<hex:0249020103><hex:0248020103> 10 Sekunden",45,45,4,False,False,True,False,False,9
235,"Du rufst deinen Aufzieh-Ohl Deeh als Begleiter herbei. Der kleine Drache Ohl Deeh - jetzt noch kleiner.","Der talentierte Mogry Mogzin hat diese Aufziehpuppe geschaffen, um damit seinem Freund, dem echten Ohl Deeh, einen Streich zu spielen. Eine meisterhafte Nachbildung des Drachen, bei der der Künstler keine Kompromisse gemacht hat. ","Ohl Deeh, Donnerwetter! Und was kannst du mit deinen <hex:021A020203>Superkräften<hex:021A020103>? Kieselsteine aufheben?<hex:02100103><hex:021A020203>Tarresson<hex:021A020103>","Unfug","Stellt eine Falle auf, die nach 10 Sekunden ausgelöst werden kann. Bewirkt eine Attacke mit Attacke-Wert 260 auf die Gegner in der Nähe.",55,50,3,False,False,True,False,False,2
236,"Du rufst deinen portablen Studiomond als Begleiter herbei. Höhenverstellbar durch einfaches Anstupsen, ermöglicht er tolle Screenshots.","Da sich die Studiosonne so großer Beliebtheit erfreute, kommt nun ein auf ihr basierendes, neues Modell auf den Markt, bei dem der Farbton des Lichts kühler ist und dem Licht des Mondes ähnelt. Die Empfehlung für alle, die sich mit Warzen und Krähenfüßen plagen.","Er ist der Mond, der mich seither umkreist ... <hex:02100103><hex:021A020203>Minfilia<hex:021A020103>","Blasses Mondlicht","Erhöht die ATT von eigenen Trabanten in der Nähe um 20, im Fall von Apparaten um 40.<hex:02100103><hex:024804F201F803><hex:024904F201F903>Dauer:<hex:0249020103><hex:0248020103> 6 Sekunden",75,65,2,False,False,True,False,False,3
237,"Du rufst dein schiffbrüchiges Chocobo-Küken als Begleiter herbei. Es guckt so traurig ...","Dieses schiffbrüchige Küken hatte gleich zwei Retter: ein Matrose, der ihm etwas zuwarf, um sich daran festzuklammern, und dich.","Soll er doch Schiffbruch erleiden, der Drückeberger!<hex:02100103><hex:021A020203>Grynewyda<hex:021A020103>","Nasse Schwemme","Führt eine Attacke mit Attacke-Wert 100 auf die Gegner in der Nähe aus und verringert ihre ABW um 40<hex:021D0103>%.<hex:02100103><hex:024804F201F803><hex:024904F201F903>Dauer:<hex:0249020103><hex:0248020103> 6 Sekunden",70,25,3,False,False,True,False,False,1
238,"Du rufst deine Bartz-Puppe als Begleiter herbei. Zeige dem Helden vergangener Zeiten deine Welt!","In manchen Regionen wird um die richtige Schreibweise seines Namens gestritten, aber die Legende von Bartz und seinem Chocobo Boko hat ganze Abenteurergenerationen fasziniert. ","Tja, ist eben ein Trick, den ich von meinem Vater gelernt habe.<hex:02100103><hex:021A020203>Bartz Klauser<hex:021A020103>","Boko-Schupser","Führt eine Attacke mit Attacke-Wert 300 auf die Gegner in der Nähe aus, aber die ausführenden Trabanten werden weggeschickt.",80,65,4,False,False,True,True,False,1
239,"Du rufst deine Rotmagier-Puppe als Begleiter herbei. Ein Meister der Balance.","Von jeher träumen Magier davon, sowohl Schwarze als auch Weiße Magie auszuüben, doch die, die es vermögen, leiden oft an dem Gefühl, nichts richtig zu können.","Genau so sollte ein gelungener Angriff eines Rotmagiers aussehen!<hex:02100103><hex:021A020203>X'rhun Tia<hex:021A020103>","Rückzug zur Garlaige-Zitadelle","Erhöht die GSW eigener Trabanten in der Nähe um 35<hex:021D0103>%.<hex:02100103><hex:024804F201F803><hex:024904F201F903>Dauer:<hex:0249020103><hex:0248020103> 6 Sekunden",50,45,3,False,True,True,True,False,3
240,"Du rufst deinen Feenhundwelpen als Begleiter herbei. So süß, aber erwidere nie seinen Blick!","Das Nichts ist ein so unwirtlicher Lebensraum, dass Welpen dort nur mit ausgeprägtem Killerinstinkt überleben können. Dieser Welpe ist ein genauso stolzer wie kampferprobter Einzelgänger, doch er wird zum treuen Begleiter, wenn er sein Herrchen erst einmal akzeptiert hat.","Hier werden aus jungen Welpen furchterregende Jäger gemacht!<hex:02100103><hex:021A020203>Berkoeya<hex:021A020103>","Zahnen","Fügt einem gegnerischen Schild 70<hex:021D0103>% Schaden zu. Kein Effekt, falls er schon zerstört ist.",65,35,4,False,False,False,True,False,8
241,"Du rufst deinen obskuren Otter als Begleiter herbei. Er hat so ein niedliches Näschen!","Die Otter des Fernen Ostens sind intelligente Geschöpfe. In Sachen Planungsfähigkeit und Risikoanalyse übertreffen sie sogar die Qiqirn.","Gäste sind uns immer willkommen ... solange sie uns<hex:02100103>keine obskuren Badetänze vorführen wollen.<hex:02100103><hex:021A020203>Bronzesee-Bewohner<hex:021A020103>","Planschen","Fügt Gegnern in der Nähe eine Schwäche gegen Tiere zu.<hex:02100103><hex:024804F201F803><hex:024904F201F903>Dauer:<hex:0249020103><hex:0248020103> 6 Sekunden",65,35,3,False,False,False,True,False,4
242,"Du rufst deinen Fuchswelpen als Begleiter herbei. Hat <hex:021A020203>er<hex:021A020103> die Gans gestohlen?","Wenn der Fuchswelpe ausgewachsen ist, wird der Geist, der in ihm haust, in der Lage sein, die Seelen Unschuldiger zu verspeisen. Zum Glück lässt sich der schlaue Welpe Zeit mit dem Erwachsenwerden.","Ist schon ein schlauer Fuchs, dieser Franz.<hex:02100103><hex:021A020203>Bobonima<hex:021A020103>","Fuchsig","Regeneriert 100 LP bei eigenen Trabanten in der Nähe, im Fall von Tieren 150.",65,50,3,False,True,False,False,False,7
243,"Du rufst Tora-jiro als Begleiter herbei. Als Tigerbändiger kann man es weit bringen, zum Beispiel im Gold Saucer.","Ausgerechnet von der Person aufgezogen zu werden, die seine Familie getötet hat, kann einen jungen Tiger schon zum Grübeln bringen. Aber die Schüsseln mit cremiger Milch schmecken einfach zu köstlich.","Es ist schon lange her, dass ich das letzte Mal Tiger zu essen bekam.<hex:02100103><hex:021A020203>Masatsuchi<hex:021A020103>","Tigerbalsam","Verringert die GSW von Gegnern in der Nähe um 70<hex:021D0103>%.<hex:02100103><hex:024804F201F803><hex:024904F201F903>Dauer:<hex:0249020103><hex:0248020103> 5 Sekunden",65,40,4,False,False,True,False,False,4
244,"Du rufst deinen Tatsunoko als Begleiter herbei. Er wiehert nicht.","Um einen Ilm wäre der Tatsunoko aufgespießt worden. Jetzt folgt der Meeresbewohner dir und man muss sagen, er hat sich hervorragend an das trockene Klima gewöhnt.","Der ist aber winzig, kupohoho.<hex:02100103><hex:021A020203>Mogkon<hex:021A020103>","Fallentrick","Wandelt gegnerische Fallen in eigene um. Wenn die Falle eine Attacke ausführt, wird der Attacke-Wert um das 1,5-fache erhöht.",45,40,2,False,False,True,False,False,1
245,"Du rufst deinen Igelbomber als Begleiter herbei. Stachelige Angelegenheit, das.","Mit den nichtsgesandten Bombern hat dieser Fisch nichts zu tun, und explodieren tut er auch nur, wenn man ihn mit Sprengstoff füttert. Aber warum sollte man das tun?","A-Aber diese Igelbomber sind gefährlich!<hex:02100103><hex:021A020203>Nayoshi<hex:021A020103>","Aufblasen","Erhöht die ABW eigener Trabanten in der Nähe um 20.<hex:02100103><hex:024804F201F803><hex:024904F201F903>Dauer:<hex:0249020103><hex:0248020103> 10 Sekunden",25,30,2,False,False,True,True,False,3
246,"Du rufst Bom Boko als Begleiter herbei. Was für ein drolliges Geschöpf!","Die Marderhunde des Fernen Ostens führen ein vollkommen anderes Leben als ihre eorzäischen Artgenossen. Sie durchwühlen keinen Müll und verwandeln sich liebend gerne in Teekessel. Warum auch immer.","Was ist denn das für eine Masche?<hex:02100103><hex:021A020203>Pudding zu Allerschutzheiligen<hex:021A020103>","Mardermasche","Erhöht die ABW der ausführenden Trabanten um 40.<hex:02100103><hex:024804F201F803><hex:024904F201F903>Dauer:<hex:0249020103><hex:0248020103> 10 Sekunden",30,80,3,False,False,False,True,False,3
247,"Du rufst deinen Straßenspatzen als Begleiter herbei. Besser als eine Straßentaube auf dem Dach.","Dieser mutige Spatz hat genug von dem tristen Leben in Yanxia und begab sich auf die Reise seines Lebens. Einige Monde später kam er nach Bardams Probe, schloss sich einer Gruppe Yols an und lernte, was es bedeutet, ein freier Spatz zu sein.","Keine Angst, Spatzilein!<hex:02100103><hex:021A020203>Godbert Manderville<hex:021A020103>","Weißer Klecks","Verringert die ABW von Gegnern in der Nähe um 50<hex:021D0103>%.<hex:02100103><hex:024804F201F803><hex:024904F201F903>Dauer:<hex:0249020103><hex:0248020103> 15 Sekunden",30,35,2,False,False,True,False,False,4
248,"Du rufst deine Lyse-Puppe als Begleiter herbei. Sie ist ja so erwachsen geworden.","Der Hersteller dieser Puppe rühmt sich damit, dass er für Lyses Kleidung die Originalschnittmuster der berühmten Näherin Tataru verwendet hat.","Yda war also eigentlich Lyse ... und nun hat sie endlich ihre Maske abgenommen.<hex:02100103><hex:021A020203>Alphinaud<hex:021A020103>","Endgültiger Himmel","Führt eine Attacke mit Attacke-Wert 230 auf die Gegner in der Nähe aus.",55,40,4,False,True,True,False,False,1
249,"Du rufst deine neue Yugiri-Puppe als Begleiter herbei. Ihre Messer sind tödlich.","Ein domanischer Puppenmacher bekam eine Marionette aus dem fernen Aldenard in die Hände und schickte sich an, die Techniken zu kopieren. Das Ergebnis kann sich sehen lassen.","Sie heißt Yugiri. Vielleicht habt ihr ja von ihr gehört?<hex:02100103><hex:021A020203>Ihanami<hex:021A020103>","Messer im Rücken","Fügt Gegnern in der Nähe im Sekundentakt 10 Schaden über Zeit zu.<hex:02100103><hex:024804F201F803><hex:024904F201F903>Dauer:<hex:0249020103><hex:0248020103> 20 Sekunden",90,50,4,True,False,False,False,False,1
250,"Du rufst deine Gosetsu-Puppe als Begleiter herbei. Seine Ehre ist sein Leben.","Die Nachahmung des stämmigen Samuraikriegers erfreut sich besonders in seiner Heimat Doma großer Beliebtheit. Dort ist man von der realistischen Ausarbeitung seines Schwertes besonders angetan.","Samurai von Kaien und Anführer des Widerstands,<hex:02100103>seit einem Jahr auf der Flucht vor den Häschern der Garlear!<hex:02100103><hex:021A020203>Isse<hex:021A020103>","Iai","Führt eine Attacke mit Attacke-Wert 150 auf die Gegner in der Nähe aus und verringert ihre ABW um 30<hex:021D0103>%.<hex:02100103><hex:024804F201F803><hex:024904F201F903>Dauer:<hex:0249020103><hex:0248020103> 6 Sekunden",60,30,2,True,False,False,True,False,1
251,"Du rufst deine Yotsuyu-Puppe als Begleiter herbei. Alles ist vergeben. Sie hatte eine harte Kindheit.","Die Nachbildung der verhassten Statthalterin findet eigentlich nur in Eorzea Absatz. Der ul'dhische Marionettenmacher kümmerte sich wenig um Authentizität und formte das Gesicht nach einer berühmten Geiko aus Sanjo Hanamachi.","Das ist sie, unsere Erzfeindin, die schändliche Statthalterin Yotsuyu.<hex:02100103><hex:021A020203>Gosetsu<hex:021A020103>","Übler Plan","Stellt eine Falle auf, die nach 10 Sekunden ausgelöst werden kann. Bewirkt eine Attacke mit Attacke-Wert 180 auf die Feinde in der Nähe.",55,30,4,False,False,False,True,False,2
252,"Du rufst deinen Aufzieh-Grynewaht als Begleiter herbei. Ist schwerer, als er aussieht.","Diese anatomisch korrekte Nachbildung des garleischen Soldaten Grynewaht half den Magitek-Ingenieuren dabei zu ermitteln, wie viel Magitek-Implantate man wohl in den Körper eines Roegadyn stopfen kann.","Hahahahaaa! Heute muss mein Glückstag sein!<hex:02100103><hex:021A020203>Grynewaht<hex:021A020103>","Knall","Führt eine Attacke mit Attacke-Wert 90 auf die Gegner in der Nähe aus und schleudert sie zurück.",80,45,2,False,True,False,False,False,1
253,"Du rufst deinen Aufzieh-Namazuo als Begleiter herbei. Bitte regelmäßig befeuchten.","Die Händler von Radz-at-Han haben selten einen Verkaufsschlager erlebt wie die Nachbildung der Fffischwesen mit der fffeuchten Aussprache. Manche Haushalte hatten sogar zwei.","Gyodo sieht nicht nur wie ein Fisch aus, er riecht auch so.<hex:02100103><hex:021A020203>Lyse<hex:021A020103>","Bartelgrapscher","Entfernt alle positiven Effekte von den gegnerischen Trabanten in der Nähe.",60,55,3,False,False,True,True,False,6
254,"Du rufst deine Ivon Coeurlfaust-Puppe als Begleiter herbei. Mit echtem Naturhaar.","Anders als die ul'dhischen Marionetten ist dieser mächtige Mönch aus nichts als Tuch, Stroh und Garn gefertigt. Man fragt sich: Wie im Namen Nalds kann es sein, dass er läuft?","Seine Sphairai hat er Coeurl-Köpfen nachempfunden.<hex:02100103>Genie und Wahnsinn liegen halt immer nah beieinander.<hex:02100103><hex:021A020203>Gerolt<hex:021A020103>","Mentalfaust","Verdoppelt die LP-Regeneration der Trabanten innerhalb eines Tors.<hex:02100103><hex:024804F201F803><hex:024904F201F903>Dauer:<hex:0249020103><hex:0248020103> 20 Sekunden",65,55,3,False,True,False,True,False,9
255,"Du rufst deine Aufzieh-Chimära als Begleiter herbei. Vorsicht, beißt.","Chimära sind für den Untergang einer ganzen Zivilisation verantwortlich, weshalb sich die Frage stellt, wer sich solche Bestien als Spielzeug kauft. Vielleicht weil die Marionetten so süß aussehen.","Dein Lachen wird dir im Halse stecken bleiben, sobald du der Chimära ge<hex:02160103>gen<hex:02160103>über<hex:02160103>stehst.<hex:02100103><hex:021A020203>Norman<hex:021A020103>","Nachtschrecken","Verringert die Technikpunkte der Gegner in der Nähe um 50<hex:021D0103>% des Maximalwerts.",55,60,3,False,False,True,True,False,4
256,"Du rufst deinen Aufzieh-Fleischfresser als Begleiter herbei. Tofu-Fleischersatz führt zum Verlust der Garantie.","Diese vollfunktionstüchtige Marionette fand man im Beutel eines Qiqirn, der auf der Hohen Jagd erlegt wurde. Ob er sich selbst in ihm wiedererkannte? Ob er ihn für einen<hex:021D0103>- seltsamen<hex:021D0103>- Artgenossen hielt? Man wird es nie erfahren.","Wollt ihr unser Frischfleisch haben? Wir geben nichts ab!<hex:02100103><hex:021A020203>Qiqirn<hex:021A020103>","Auge des Qiqirn","Entfernt eine vom Gegner aufgestellte Falle.",65,60,3,False,True,False,False,False,6
257,"Du rufst deinen A-Rächer der XII. Legion als Begleiter herbei. Er hat längst vergessen, was er eigentlich rächen will.","Die technischen Ausstatter der kaiserlichen Armee geben diese Reproduktionen ihren Ingenieuren, um die Reparatur der echten Einheiten im Feld zu erleichtern. Auf die Idee, sie auch an Kinder zu verteilen, kann nur ein Garlear kommen.","Rache tut gut! Sooo gut!<hex:02100103><hex:021A020203>Bo Zu<hex:021A020103>","Autopilot","Erhöht die ATT und ABW der ausführenden Trabanten. Pro 5<hex:021D0103>% verlorener LP steigt die ATT um 10 und die ABW um 5.<hex:02100103><hex:024804F201F803><hex:024904F201F903>Dauer:<hex:0249020103><hex:0248020103> 6 Sekunden",50,50,3,False,True,False,False,False,3
258,"Du rufst deinen Ghido als Begleiter herbei. Er riecht ein wenig nach Seewasser.","Manche glauben, dass dieser Bewohner der Sirenen-See schon siebenhundert Sommer gesehen hat. Mit jedem Sommer wuchs sein Hass auf die Blaupanzer, aus Gründen, die er nur selber kennt.","Verdammt, hab ich mich erschreckt!<hex:02100103>Wenn diese Schildkrötenbiester stillstehen, sehen sie aus wie Felsen.<hex:02100103><hex:021A020203>Waemlydir<hex:021A020103>","Schildkrötentempo","Halbiert den Ruf-Timer von Trabanten beim Herbeirufen.<hex:02100103><hex:024804F201F803><hex:024904F201F903>Dauer:<hex:0249020103><hex:0248020103> 10 Sekunden",40,55,2,False,False,False,True,False,9
259,"Du rufst deinen Aufzieh-Exdeath als Begleiter herbei. Er hat Bescheidenheit gelernt.","Eine rätselhafte Marionette, die du aus der Deltametrie mitgebracht hast. Sie ist Exdeath nachempfunden, einem Dunkelritter aus einer alten Erzählung.","Wahrer Mut zeigt sich ... <röchel> ... an der Schwelle des Todes.<hex:02100103><hex:021A020203>Foulques<hex:021A020103>","Todesursache","Macht die Auto-Attacke der ausführenden Trabanten zu einem Flächenangriff.<hex:02100103><hex:024804F201F803><hex:024904F201F903>Dauer:<hex:0249020103><hex:0248020103> 12 Sekunden",65,65,2,False,True,True,True,False,3
260,"Du rufst deine Khloe-Puppe als Begleiter herbei. Der Hit im Kinderheim.","Khloe ist verunsichert. Wer wäre das nicht, wenn er von einem Unbekannten angefertigte voll-<hex:02100103>automatische Nachbildungen seiner selbst auf seiner Türschwelle fände? Und das jeden Tag.","Mit deiner Hilfe werde ich meine Freundin tage- und nächtelang<hex:02100103>mit Abenteuergeschichten erfreuen können.<hex:02100103><hex:021A020203>Khloe Aliapoh<hex:021A020103>","Abenteuerliche Geschichte","Erhöht die Technikpunkte eigener Trabanten in der Nähe um 10, außer wenn sie ebenfalls diesen Effekt verursachen können.",25,40,3,False,False,True,False,False,3
261,"Du rufst deine Susano-Puppe als Begleiter herbei. Feier mit dem Herrn der Feste!","Diese Puppe ist mit besonders viel Liebe zum Detail gefertigt. Alles ist da: Yata no Kagami in der linken und Ame no Murakumo in der rechten Hand, und sogar ein pulsierendes Mini-Magatama.","Ich, Susano, erwarte ein rauschendes Fest!<hex:02100103><hex:021A020203>Herr der Feste<hex:021A020103>","Ame no Murakumo","Führt eine Attacke mit Attacke-Wert 90 auf die Gegner in der Nähe aus und schleudert sie zurück.",55,40,1,True,False,False,False,True,1
262,"Du rufst deine Lakshmi-Puppe als Begleiter herbei. Sie ist wunderschön.","Dass die Puppe nicht unvollendet blieb, ist nur einem Lehrling zu verdanken, dessen zur Perfektion neigender Meister sich nach der flapsigen Bemerkung des Auftraggebers („Geht so.“) das Leben nahm.","Sie hat unssser Volk erschaffen.<hex:02100103><hex:021A020203>Sarisha<hex:021A020103>","Feuchter Schmatzer","Regeneriert bei den eigenen Trabanten in der Nähe 100 LP, im Fall von Monstern 150.",30,55,1,True,False,False,True,False,7
263,"Du rufst deinen Aufzieh-Bismarck als Begleiter herbei. Über den Wolken muss die Freiheit wohl grenzenlos sein.","Nachdem die Spielwarenmärkte von Limsa Lominsa von Aufzieh-Ifrits, -Titans, -Ramuhs und sogar -Ravanas überflutet waren, fragten sich die Verkäufer, warum Bismarck bislang übersehen wurde, und orderten zehntausend Einheiten.","Mit einem doppelten Eiersandwich à la Bismarck!<hex:02100103><hex:021A020203>Die Streunerin<hex:021A020103>","Wolkenbruch","Fügt einem gegnerischen Schild 70<hex:021D0103>% Schaden zu. Kein Effekt, falls er schon zerstört ist.",25,30,3,False,True,False,True,False,8
264,"Du rufst deine Hien-Puppe als Begleiter herbei. Sie steht für ein Doma, auf das man stolz sein kann.","Diese Puppe ist Hien, dem König von Doma, nachempfunden. Sie ist zugleich Symbol des Widerstands, denn während der garleischen Besatzung waren in Doma Marionetten und Puppen strengstens verboten.","Ich habe ein Land, das auf mich wartet.<hex:02100103><hex:021A020203>Hien<hex:021A020103>","Hiens Rückkehr","Erhöht die ATT eigener Trabanten in der Nähe um 20, im Fall von Puppen um 40.<hex:02100103><hex:024804F201F803><hex:024904F201F903>Dauer:<hex:0249020103><hex:0248020103> 10 Sekunden",60,55,2,False,False,False,False,False,3
265,"Du rufst deinen Mini-Ravana als Begleiter herbei. Achtung, die Klingen schneiden!","Die Miniaturausführung dieses Primae wurde im Auftrag eines geschichtsbewussten Gnath von der Gold<hex:02160103>schmiede<hex:02160103>gilde erschaffen, um den Kampf des Kriegers des Lichts zu würdigen. Sowohl seine Waffen als auch seine unbändige Wut sind originalgetreu wiedergegeben.","Zeige mir, dass du in der Lage dazu bist,<hex:02100103>meine letzte Prüfung zu bestehen!<hex:02100103><hex:021A020203>Ravana<hex:021A020103>","Mini-Chandrahas","Führt eine Attacke mit Attacke-Wert 120 auf die Gegner in der Nähe aus und schleudert sie zurück.",70,30,2,False,True,True,True,False,1
266,"Du rufst deine Kojin-Puppe als Begleiter herbei. Sie erinnert dich an Tsukumo.","Diese Puppe ähnelt der Kojin-Puppe, die von dem Tsukumo-Kami bewohnt war, aufs Haar<hex:021D0103>- abgesehen von der Farbe, aber damit nehmen es die Kojin ja nicht so genau. Die Blaupanzer beabsichtigen, diese Puppe in Kugane zum Verkaufsschlager zu machen.","Bande der Freund<hex:02160103>schaft sollt ihr knüpfen!<hex:02100103><hex:021A020203>Tsukumo<hex:021A020103>","Band der Freund<hex:02160103>schaft","Regeneriert bei den eigenen Trabanten in der Nähe 100 LP, im Fall von Puppen 150.",40,40,3,False,False,False,True,True,7
267,"Du rufst Mameshiba als deinen Begleiter herbei. Der kleine Racker ist noch nicht ausgewachsen, macht aber schon gewaltige Geschäfte.","Ein ruchloser Händler versuchte, diesen Welpen als ausgewachsenen Hund einer kleinen Hunderasse zu verkaufen. Für den Betrug kann der Kleine nichts, man sollte ihm sein Wachstum also nicht zum Vorwurf machen.","Wuff!","Tollwut","Führt eine Attacke mit Attacke-Wert 150 auf die Gegner in der Nähe aus und verringert ihre ABW um 30 %.<hex:02100103><hex:024804F201F803><hex:024904F201F903>Dauer:<hex:0249020103><hex:0248020103> 6 Sekunden",60,30,3,False,True,False,True,False,1
268,"Du rufst deine Tengu-Puppe als Begleiter herbei. Dämonische Kräfte sind im Spiel!","Eigentlich eine gewöhnliche Puppe, die einen Tengu-Dämonen darstellt. Da sie sich bewegen kann, muss tatsächlich ein Dämon am Werk sein. Hat der gleiche Dämon diese Puppe aus einer mächtigen magischen Waffe geschaffen?","Der Dämon ist über uns! O Zwölf, bewahret uns!<hex:02100103><hex:021A020203>Fliehende Bürgerin<hex:021A020103>","Dämonenwerk","Verringert die GSW von Gegnern in der Nähe um 70 %.<hex:02100103><hex:024804F201F803><hex:024904F201F903>Dauer:<hex:0249020103><hex:0248020103> 5 Sekunden",30,70,3,False,False,True,True,False,4
269,"Du rufst deine Matanga-Puppe als Begleiter herbei. Aber warum ist sie denn nackt?","Der Stamm der Matanga ist im Nahen Osten ansässig und behaust auch die unteren Ebenen der Kanäle von Uznair. Ein Räuber, der es auf die Edelsteine des Elefantenwesens abgesehen hatte, stahl ihm seine Kleidung<hex:021D0103>- und einen Teil seiner Würde.","Tröööt!","Rüsselklöppe","Führt eine Attacke mit Attacke-Wert 230 auf die Gegner in der Nähe aus.",80,20,2,False,True,False,True,False,1
270,"Du rufst deine Ramza-Puppe als Begleiter herbei. Ein Hoch auf den Zodiak-Streiter!","Die Puppe eines aus den dunklen Tiefen der Geschichte zurückgekehrten Helden. Dem Direktor der Theater<hex:02160103>gruppe „Maiestas“ zufolge spielte Ramza eine wichtige Rolle bei der Gründung von Ivalice.","Ich zeig's dir!<hex:02100103><hex:021A020203>Ramza<hex:021A020103>","Taktische Taktik","Macht die ausführenden Trabanten unempfindlich für alle Angriffe.<hex:02100103><hex:024804F201F803><hex:024904F201F903>Dauer:<hex:0249020103><hex:0248020103> 6 Sekunden",50,50,4,False,True,True,True,False,3
271,"Du rufst dein Koala-Bärchen als Begleiter herbei. Es ist sooo anhänglich!","Das Koala-Jungtier warf sich dem Sammlergehilfen um den Hals, der an seinem Baum sägte, und landete so in deinem Inventar. Sieht süß aus, hat aber ein garstiges Stimmchen.","Graaaaah!","Frischer Atem","Entfernt alle negativen Effekte von eigenen Trabanten in der Nähe.",20,80,2,False,False,True,True,False,6
272,"Du rufst deinen Gomashio-Seehund als Begleiter herbei. Genauso salzig wie der Seldsee.","Unter welchen Umständen die Gomashio-Seehunde sich im Seldsee angesiedelt haben, ist unbekannt. Vielleicht war ihnen die Rubinsee einfach nicht salzig genug.","Gomagoooma!","Salz in der Suppe","Verringert die Technikpunkte der Gegner in der Nähe um 70<hex:021D0103>% des Maximalwerts.",50,50,1,False,False,False,False,True,4
273,"Du rufst deinen Axolotl-Molch als Begleiter herbei. Nur unwesentlich größer als ein winziger Axolotl.","Eine Mutation des winzigen Axolotl, den dein Gehilfe von einer Unternehmung zurückbrachte. Wo der Fisch an die Angel sprang, will der Gehilfe aber nicht verraten.","Pa ... Pa ...","Axopotheke","Verdoppelt die LP-Regeneration der Trabanten innerhalb eines Tors.<hex:02100103><hex:024804F201F803><hex:024904F201F903>Dauer:<hex:0249020103><hex:0248020103> 20 Sekunden",20,80,2,False,False,False,False,False,9
274,"Du rufst deine Ixion-Puppe als Begleiter herbei. Schneller als Blitz und Donner.","Jeder Mhigit kennt den Namen von Rhalgrs mächtigem Streitross und beinah jeder Mhigit spendete eine Münze, um den mutigen Abenteurern des Bundes der Morgenröte diese Nachbildung zum Geschenk zu machen.","Hüaaa, Ixion!<hex:02100103><hex:021A020203>Rhalgr der Zerstörer<hex:021A020103>","Aero-Fünckchen","Fügt Gegnern in der Nähe im Sekundentakt 10 Schaden über Zeit zu.<hex:02100103><hex:024804F201F803><hex:024904F201F903>Dauer:<hex:0249020103><hex:0248020103> 20 Sekunden",60,75,3,False,False,True,True,False,1
275,"Du rufst deinen Mini-Shinryu als Begleiter herbei. Mit praktischer Tragetruhe.","Eine Nachbildung des verehrerlosen Primae Shinryu. Versiegelt ist dieser Mini-Drachengott nur in einer einfachen Truhe, was vielleicht auf einem Miss<hex:02160103>ver<hex:02160103>ständ<hex:02160103>nis seitens seines Erbauers beruht.","Was würdest du mit Shinryu machen?<hex:02100103><hex:021A020203>Eine Frage des Gewissens<hex:021A020103>","Flutige Welle","Zerstört eigene und feindliche Schilde und Suchende Augen. Die ausführenden Trabanten werden weggeschickt.",60,60,1,True,True,False,False,True,8
276,"Du rufst deine neue Raubahn-Puppe als Begleiter herbei. Weniger Phönix, mehr Bulle.","Zur Feier der Befreiung Ala Mhigos geschaffen, ist diese Puppe nach wie vor hochbeliebt, diesseits und jenseits des Baelsar-Walls.","Offensichtlich kommt man in Ul'dah<hex:02100103>jetzt auch ohne mich aus.<hex:02100103><hex:021A020203>Raubahn<hex:021A020103>","Flamme der Unsterblichen","Führt eine Attacke mit Attacke-Wert 90 auf die Gegner in der Nähe aus und schleudert sie zurück.",55,40,2,True,True,True,True,False,1
277,"Du rufst deine Aufzieh-Ananta als Begleiter herbei. Beißt, würgt und klappert nicht.","Die Handwerkerin der Grenzwache Velodyna, die diese Marionette schuf, nahm eine frischgehäutete Ananta als Modell. Alle Erlöse aus dem Verkauf dienen dem Aufbau der Grenzstation.","Wie bitte, du giftige Schlange?<hex:02100103>Wenn die Sache hier ausgestanden ist, dann klären wir das!<hex:02100103><hex:021A020203>Wissbegierige Klamm<hex:021A020103>","Schlangenöl","Regeneriert 200 LP bei eigenen Trabanten in der Nähe, im Fall von Puppen 250.",30,80,2,False,True,False,True,False,7
278,"Du rufst deine Moai-Statuette als Begleiter herbei. Man hat selten einen so stoischen Begleiter gesehen.","Wie sich diese Statuette fortbewegt, bleibt ein Rätsel, aber das gilt natürlich umso mehr für die tonzen- schweren Originalstatuen der Rubinsee, denen dieses Exemplar nachempfunden ist.","Hm, die Statue soll verzaubert sein? Was kann sie denn?<hex:02100103>Kupo-Nüsse herbeizaubern? Das wär toll, kupo!<hex:02100103><hex:021A020203>Mogry<hex:021A020103>","Versteinertes Gesicht","Erhöht die ABW von eigenen Trabanten in der Nähe um 10, im Fall von Apparaten um 30.<hex:02100103><hex:024804F201F803><hex:024904F201F903>Dauer:<hex:0249020103><hex:0248020103> 6 Sekunden",40,50,2,True,True,True,False,False,3
279,"Du rufst dein Schneewiesel als Begleiter herbei. Wieselflink, aber das ist ja klar.","Dieses Wiesel träumte einst davon, unter dem großen Kamaitachi Dienst zu tun. Doch die beeindruckende Kampfkraft, die der Held des Lichts im Höllenspund an den Tag legte, überzeugte es, sich doch lieber dem überlegenen Helden anzuschließen.","Flink wie ein Wieselbasilisk, die Brüder.<hex:02100103><hex:021A020203>Widargelt<hex:021A020103>","Schneidender Wind","Führt eine Attacke mit Attacke-Wert 90 auf die Gegner in der Nähe aus.",75,15,3,False,False,False,False,False,1
280,"Du rufst dein Joker-Ei als Begleiter herbei. Ist da schon was geschlüpft?","Das Dankeschön aus den Händen von Jihli Aliapoh beherbergt Radcliffe den Roten, einen Weisen aus der Zeit der Sechsten Katastrophe.","Hab Gnade, Nophica ... So ein verdammter Qiqirn hat eines meiner Eier zermalmt!<hex:02100103><hex:021A020203>Keitha<hex:021A020103>","Joker-Pokerface","Entfernt alle negativen Effekte von eigenen Trabanten in der Nähe.",20,60,2,False,True,True,False,False,6
281,"Du rufst deine Kefka-Puppe als Begleiter herbei. Eine schöne Erinnerung an Abenteuer vergangener Tage.","Y'shtola hat beim Anblick der Puppe, die du in der Sigmametrie gefunden hast, gesagt, dass sie ihr „entfernt bekannt“ vorkomme. Aber keiner deiner Begleiter hat je zuvor von einem bösen Joker namens Kefka gehört.","Kann es kaum erwarten, Kefka seine Abreibung zu verpassen ...!<hex:02100103><hex:021A020203>Lock Cole<hex:021A020103>","Ansicht eines Clowns","Halbiert den Ruf-Timer von Trabanten beim Herbeirufen.<hex:02100103><hex:024804F201F803><hex:024904F201F903>Dauer:<hex:0249020103><hex:0248020103> 10 Sekunden",60,70,1,False,False,False,False,True,9
282,"Du rufst deine Magnai-Puppe als Begleiter herbei. Sucht immer noch nach der wahren Liebe.","Als ihr Anführer nach einer gefühlten Ewigkeit immer noch keine passende Frau fürs Leben finden konnte, reisten einige Oronir nach Kugane, um niedliche Puppen von ihm anfertigen zu lassen. Diese sollten die Damenwelt auf Magnai aufmerksam machen. Bis heute leider ohne Erfolg.","Ich habe die endlosen Weiten der Steppe abgesucht,<hex:02100103>ohne fündig zu werden.<hex:02100103><hex:021A020203>Magnai<hex:021A020103>","Großer Bruder","Fügt dem nächstgelegenen gegnerischen Arkana-Stein 10 % Schaden zu.",65,45,1,False,False,False,False,True,8
283,"Du rufst deinen Aurelia-Polypen als Begleiter herbei. Der ist so leicht, der schwimmt sogar in Wasser - und schwebt in der Luft!","Der Aurelia-Polyp hat eine lange, frustrierende Reise im finsteren Ballasttank eines Tauchboots hinter sich. Jetzt freut er sich über jeden Moment, den er außerhalb von Gepäcktaschen und Inventarkisten verbringen kann.","Da brat mir doch einer 'ne Qualle!<hex:02100103><hex:021A020203>Melkoko<hex:021A020103>","Nesselfessel","Fügt Gegnern in der Nähe im Sekundentakt 10 Schaden über Zeit zu.<hex:02100103><hex:024804F201F803><hex:024904F201F903>Dauer:<hex:0249020103><hex:0248020103> 20 Sekunden",40,30,2,False,True,False,True,False,1
284,"Du rufst dein Byakko-Jungtier als Begleiter herbei. 100<hex:021D0103>% verschmuster als das Original.","Dieses Jungtier ist kein echter Abkömmling des tausendjährigen Tierheiligen, aber unter den Bewohnern von Gyr Abania nichsdestotrotz als Glücksbringer beliebt.","Keine Angst, er beißt nur, wenn er schlechte Laune hat, haha.<hex:02100103><hex:021A020203>Genbu<hex:021A020103>","Weißer Kurier","Schleudert die Gegner in der Nähe zurück.",40,60,2,False,False,True,True,False,9
285,"Du rufst deinen Mini-Fafnir als Begleiter herbei. Ein mächtiges Monster aus Legenden, gefürchtet auf der Jagd und in der Arena.","Ein Mechaniker der Gelehrten Baldesions schuf diese Marionette nach Vorbild des gefürchteten Drachen-<hex:02100103>biestes Fafnir. Dass er eine Visitenkarte in der Tatze hält, empfinden manche als praktisch, andere als albern. ","H-Heiliger Bommel! Ein ... Drache?!<hex:02100103><hex:021A020203>Mogzin<hex:021A020103>","Ridill","Führt eine Attacke mit Attacke-Wert 90 auf die Gegner in der Nähe aus und schleudert sie zurück.",80,20,3,False,True,True,False,False,1
286,"Du rufst deine Mithra-Puppe als Begleiter herbei. Nicht zu verwechseln mit anderen Felidae.","Ein Mechaniker der Gelehrten Baldesions schuf diese Puppe. Historiker können glockenlang darüber sprechen, warum sie einer Miqo'te ähnelt oder was es mit dem Scorpio-Rüstschutz auf sich hat, den die Puppe trägt. ","M-Miau ... Schnurrr schnurrr schnurrr ♪<hex:02100103><hex:021A020203>Traditionelle Grußworte der Mithra<hex:021A020103>","Mhigos Amigos","Erhöht die ATT eigener Trabanten in der Nähe um 20, im Fall von Puppen um 40.<hex:02100103><hex:024804F201F803><hex:024904F201F903>Dauer:<hex:0249020103><hex:0248020103> 6 Sekunden",50,50,3,False,True,True,False,False,3
287,"Du rufst deinen Prinz von Anemos als Begleiter herbei. Schwebt so gut wie er glitschig ist.","Dieser männliche Nachfolger des Herrschers von Anemos verbirgt eine schwere Schlagwaffe in seiner Tasche, die eigentlich zu mächtigen Kombiattacken befähigt, doch der Prinz vermag ob seines jungen Alters damit noch nicht allzu viel Schaden anzurichten. ","Huch!!! <glups> D-Du siehst<hex:02100103>ja wirklich zum Fürchten aus!<hex:02100103><hex:021A020203>Impresario<hex:021A020103>","Hick-Hack","Führt eine Attacke mit Attacke-Wert 150 auf die Gegner in der Nähe aus und verringert ihre ABW um 30 %.<hex:02100103><hex:024804F201F803><hex:024904F201F903>Dauer:<hex:0249020103><hex:0248020103> 6 Sekunden",30,20,3,False,True,True,True,False,1
288,"Du rufst deinen Komainu als Begleiter herbei. Halb Löwe, halb Hund, ganz Löwenhund.","Zwei Statuen dieser mythischen Löwenhunde werden häufig als Wächter vor heiligen Orten errichtet, um Bösgesinnte abzuhalten. Häufig hat der eine Löwenhund sein Maul geöffnet, während der andere seins geschlossen hat.","Einer dieser ... Hunde hat dich leicht verletzt, hm?<hex:02100103><hex:021A020203>Sylphie<hex:021A020103>","Gib Acht","Entfernt eine vom Gegner aufgestellte Falle.",50,50,3,False,False,True,True,False,6
289,"Du rufst Goldbartel als Begleiter herbei. Winkt gelegentlich Nichtsahnende in seine Tonne, aber nur ein Narr würde der Einladung folgen.","Der Schein trügt: Diese Namazuo-Nachbildung ist nicht aus purem Gold, sondern aus Holz mit Goldüberzug gefertigt. Was findige Händler nicht davon abhält, sie als kostbare Glücksbringer zu verkaufen.","Meine Barteln sind wie 'ne Wünschelrute. <schmatz> Mit ihnen fffind ich 'nen großen Schatz!<hex:02100103><hex:021A020203>Gyorin<hex:021A020103>","Kling Glöckchen","Erhöht die Technikpunkte eigener Trabanten in der Nähe um 10, außer wenn sie ebenfalls diesen Effekt verursachen können.",60,80,2,False,False,False,False,False,3
290,"Du rufst deinen Affenkönig als Begleiter herbei. Zu niedlich, um wahr zu sein!","Von Qitian Dasheng höchstselbst in seinem Abbild geschaffen. Einst nutzte der König der Affen die niedliche Puppe, um Freund wie Feind schelmische Streiche zu spielen. Heute dient sie jedoch einzig dem Zweck, ihre Umwelt durch ihre Niedlichkeit zu erfreuen. Kann schweben!","Trotz eines turbulenten Startes<hex:02100103>scheint dieses Jahr wahrhaftig im<hex:02100103>Zeichen des Affen zu stehen!<hex:02100103><hex:021A020203>Affenleutnant<hex:021A020103>","Jingu Bang","Führt eine Attacke mit Attacke-Wert 230 auf die Gegner in der Nähe aus.",90,20,4,False,False,False,False,False,1
291,"Du rufst deine Uhrwerk-Laterne als Begleiter herbei. Hände frei und trotzdem hell. Perfekt für betriebsame Nachteulen!","Eorzea hat das Kollaborationsfieber erfasst! Auch die Goldschmiede und Alchemisten wollten da nicht hinten anstehen und brüteten lange Nächte über etwas, das ihre genialen Geister gemeinsam kreieren könnten. Heraus kam ... eine Laterne.","Das Monster in der Laterne?<hex:02100103>Das gehört nicht zu uns.<hex:02100103><hex:021A020203>Imp<hex:021A020103>","Wegweiser","Stellt eine Falle auf, die nach 10 Sekunden ausgelöst werden kann. Bewirkt eine Attacke mit Attacke-Wert 260 auf die Gegner in der Nähe.",20,70,2,False,False,False,True,False,2
292,"Du rufst deine Kragenechse als Begleiter herbei. Rede dich nie wieder um Kopf und Kragen!","Die eigentlich auf Bäumen beheimatete Kragenechse jagt ihre Beute aufrecht rennend am Boden. Bei Gefahr stellt sie ihren Kragen drohend auf. Aus unbekanntem Grund liebt sie Projektionsprismen über alles. Ob sie deshalb in deiner Nähe bleibt?","Dann geht's dem Papst jetzt an<hex:02100103>den goldbestickten Kragen, ja?<hex:02100103><hex:021A020203>Hilda<hex:021A020103>","Prismensprint","Erhöht die GSW eigener Trabanten in der Nähe um 35<hex:021D0103>%.<hex:02100103><hex:024804F201F803><hex:024904F201F903>Dauer:<hex:0249020103><hex:0248020103> 6 Sekunden",35,30,3,False,False,False,True,False,3
293,"Du rufst deine Cirina-Puppe als Begleiter herbei.","Eine Puppe, die der jungen Mol Cirina nach-<hex:02100103>empfunden ist und zur Jahresfeier von Eorzeas Wiedergeburt verteilt wurde. Ihre Kleidung gleicht bis in die feinsten Nähte der traditionellen Gewandung der Au Ra Xaela.","So manch ein Herausforderer hat<hex:02100103>seinen Wagemut mit dem Leben<hex:02100103>bezahlt<hex:021D0103>...<hex:02100103><hex:021A020203>Cirina<hex:021A020103>","Götterorakel","Halbiert den Ruf-Timer von Trabanten beim Herbeirufen.<hex:02100103><hex:024804F201F803><hex:024904F201F903>Dauer:<hex:0249020103><hex:0248020103> 10 Sekunden",20,50,2,False,False,True,False,False,9
294,"Du rufst deine Sadu-Puppe als Begleiter herbei. Nennt hoffentlich keinen deiner Freunde einen watschelnden Schleimbeutel.","Ein junger Krieger der Dotharl träumte einst davon, seine Anführerin in die Arme zu schließen und Dinge mit ihr zu tun, von denen junge Männer manchmal träumen. Er begriff jedoch schnell, dass er an seinem Leben hing und fertigte zum Kuscheln stattdessen lieber diese Puppe an.","Als ich dich zum ersten Mal sah,<hex:02100103>hielt ich dich für einen wandelnden<hex:02100103>Schleimbeutel!<hex:02100103><hex:021A020203>Sadu<hex:021A020103>","Nhaamas Herabkunft","Führt eine Attacke mit Attacke-Wert 300 auf die Gegner in der Nähe aus, aber die ausführenden Trabanten werden weggeschickt.",75,35,3,True,False,False,True,False,1
295,"Du rufst deine Cassie-Knolle als Begleiter herbei. Abgefallen vom großen Original und erkeimt zu noch größerer Niedlichkeit.","Diese putzige Morbol-Knolle ist aus dem Samenkorn der Kapriziösen Cassie entstanden. Sie ist äußerst modebewusst, aber ihren Gestank macht das leider nicht erträglicher.","Eine Morbol-Briefbombe! Wenn die dich voll erwischt hätte,<hex:02100103>hättest du deinen nächsten Kampf im Krankenbett erlebt!<hex:02100103><hex:021A020203>Bubudoga<hex:021A020103>","Faulig süßer Atem","Macht Gegner in der Nähe be<hex:02160103>we<hex:02160103>gungs<hex:02160103>un<hex:02160103>fäh<hex:02160103>ig.<hex:02100103><hex:024804F201F803><hex:024904F201F903>Dauer:<hex:0249020103><hex:0248020103> 5 Sekunden",30,50,3,False,True,True,True,False,4
296,"Du rufst deine Tarutaru-Puppe als Begleiter herbei. Klein, aber oho!","Ein Haufen staubiger Schmöker und viel Fantasie halfen einem Forscher von Baldesions Gelehrten dabei, diese Puppe zu schaffen, die einen Urahnen der Lalafell darstellen soll. Dem Zinnober-Umhang wohnen angeblich Zauberkräfte inne.","Du bist meine letzte Hoffnung!<hex:02100103>Mach mich zum charmantesten Lalafell dieser Stadt!<hex:02100103><hex:021A020203>Wawarukka<hex:021A020103>","Erfrischung","Erhöht die Technikpunkte eigener Trabanten in der Nähe um 10, außer wenn sie ebenfalls diesen Effekt verursachen können.",80,25,3,False,True,False,False,False,3
297,"Du rufst deine Tsukuyomi-Puppe als Begleiter herbei. Wird sie dich im Namen des Mondlichts bestrafen?","Zwangsrekrutiert in die imperiale Armee, später bei einem inoffiziellen Gefangenen<hex:02160103>austausch an die Eorzäische Allianz übergeben, feierte ein Gold-<hex:02100103>schmied seine wiedergewonnene Freiheit, wie es jeder Goldschmied tun würde: Mit einer Replik der Herrscherin der Nacht.","Du kannst doch nicht einfach hier aufkreuzen<hex:02100103>und dir die Sachen unter den Nagel reißen,<hex:02100103>die ich einen Mond im Voraus reserviert habe!<hex:02100103><hex:021A020203>Junger Lalafell<hex:021A020103>","Monddämmerung","Führt eine Attacke mit Attacke-Wert 90 auf die Gegner in der Nähe aus.",60,35,2,True,True,False,False,False,1
298,"Du rufst deine Zhloe-Puppe als Begleiter herbei. Kann dir gar nicht genug danken, wird es vermutlich aber trotzdem versuchen.","Beeindruckt von Zhloes Verdiensten um das Waisenhaus fertigte ein Handwerker im Dienst von Rowenas Haus der Wunder diese Puppe an und gab sie Zhloes Schwester Khloe, die sie klammheimlich ihrer Trophäensammlung einverleibte.","Wenn Fladenbrot hart wie Stein geworden ist,<hex:02100103>kann man es immer noch in warmen Wasser aufweichen.<hex:02100103><hex:021A020203>Zhloe<hex:021A020103>","Frisches Fladenbrot","Regeneriert bei den eigenen Trabanten in der Nähe 100 LP, im Fall von Puppen 150.",20,60,2,False,False,True,False,False,7
299,"Du rufst Automat Nr. 8 als Begleiter herbei. Ausgegraben in der Uhrwerksstadt Gog. Batterien bitte extra kaufen.","Als diese Maschine in der Uhrwerksstadt Gog gefunden wurde, war sie nicht funktionstüchtig, doch ein Kristall verhalf ihr zu neuem Leben. Solange du ihn nicht gegen einen Auraciten austauschst, solltest du sicher sein.","Bitte schön, aber lass deine Bärenkräfte<hex:02100103>des Transzendierens nicht am<hex:02100103>Hau-den-Gilli-Automaten aus, ja?<hex:02100103><hex:021A020203>Godbert<hex:021A020103>","Reparatur","Fügt Gegnern in der Nähe Schaden in 5-facher Höhe des Attacke-Werts zu.",60,35,1,False,False,False,False,True,1
300,"Du rufst Felyne als Begleiter herbei. So knuffig!","Dieses Katzenwesen kommt aus einem fernen Land, einzig um den flammenspeienden Rathalos zu erjagen. Wie sie den Weg nach Kugane hinter sich gebracht hat, ist eine Geschichte, die am besten bei einer saftigen Wyvernkeule am Lagerfeuer erzählt wird.","Schnurrr!","Korallenorchester","Erhöht die ATT aller Trabanten in der Nähe um 25.<hex:02100103><hex:024804F201F803><hex:024904F201F903>Dauer:<hex:0249020103><hex:0248020103> 6 Sekunden",40,30,4,False,False,True,False,False,3
301,"Du rufst Poogie als Begleiter herbei. Beliebt bei Jägern, nah und fern. Nur gegessen wird's nicht gern.","Wer kennt nicht die Jäger, die behaupten, dieses kleine Schweinchen sei „einfach zu süß, um es aufzuessen“? Gewiss hält die Behauptung nur bis zum nächsten Magenknurren. Aber Scherz beiseite: Poogie ist des Jägers bester Freund!","Ich glaub, mein Schweinchen pfeift!<hex:02100103><hex:021A020203>Biggs<hex:021A020103>","Such, Poogie, such!","Entfernt eine vom Gegner aufgestellte Falle.",30,45,2,False,True,False,True,False,6
302,"Du rufst deinen Festival-Namazuo als Begleiter herbei. Feiert bis zum Abwinken. Wasshoi ♪","Ein Meisterwerk des Handwerkers Gyoshin, erschaffen anlässlich des Festes der Großen Flosse. Hachimaki und Happi wurden von der Meisterschneiderin Gyorei angefertigt. Beliebt als Glücksbringer mit Gute-Laune-Garantie.","Wasshoi  ♪ Wasshoi  ♪","Sieben Jahre Party","Erhöht die ABW von eigenen Trabanten in der Nähe um 20.<hex:02100103><hex:024804F201F803><hex:024904F201F903>Dauer:<hex:0249020103><hex:0248020103> 10 Sekunden",50,65,1,False,False,True,True,False,3
303,"Du rufst deinen Feuerpfau als Begleiter herbei. Nicht zu verwechseln mit Suzaku.","Eine scharlachrote Marionette in Pfauengestalt. Pfauen werden nicht nur wegen ihrer schönen Federn bewundert, sondern auch als Glücksbringer verehrt. Mit einem Feuerpfau als Geschenk macht man daher nichts verkehrt.","Das kann man von Thancred leider nicht behaupten.<hex:02100103>Ich wusste ja, dass er ein eitler Pfau ist,<hex:02100103>aber dass es mal so weit kommt ...<hex:02100103><hex:021A020203>Yda<hex:021A020103>","Singendes Herz","Führt eine Attacke mit Attacke-Wert 80 auf die Gegner in der Nähe aus und verringert ihre ABW um 30 %.<hex:02100103><hex:024804F201F803><hex:024904F201F903>Dauer:<hex:0249020103><hex:0248020103> 6 Sekunden",50,40,2,True,True,False,False,False,1
304,"Du rufst deine Alpha-Puppe als Begleiter herbei. So knuffig wie das Original!","Eine Sonderanfertigung der Gar<hex:02160103>lond-Me<hex:02160103>tall<hex:02160103>wer<hex:02160103>ke zur Feier deiner Rückkehr aus der Alphametrie. Dieser von Jessie angefertigte Prototyp diente unter anderem der Farbfindung.","Kweh?","Teleportationskarte","Versetzt die ausführenden Trabanten zurück zu Tor B.",70,70,4,False,False,False,False,False,9
305,"Du rufst deine Mini-Omega als Begleiter herbei. Ist dem Größenwahn (noch) nicht verfallen.","Eine mechanische Puppe aus dem Gähnenden Schlund. Folgt ihrem Besitzer brav und tatenlos. So wirkt es zumindest. Wedge hält sie allerdings für einen Spion von Omega.","<biep> ... <ratter> ... ","Anvisieren","Führt eine Attacke mit Attacke-Wert 150 auf die Gegner in der Nähe aus und fügt ihnen eine Schwäche gegen Monster zu.<hex:02100103><hex:024804F201F803><hex:024904F201F903>Dauer:<hex:0249020103><hex:0248020103> 10 Sekunden",70,65,1,False,False,False,True,True,1
306,"Du rufst deine G'raha Tia-Puppe als Begleiter herbei. Die Barden werden deinen Namen singen<hex:021D0103>...","Diese Puppe wurde von Tataru angefertigt, um die Erforschung der Syrcus-Schlucht zu finanzieren. Als Modell diente ihr ein Gelehrter, den Rammbroes ihr in allen Einzelheiten beschrieb.","Donnerwetter, du bist wahrlich<hex:02100103>ein Experte auf dem Gebiet der<hex:02100103>allagischen Geschichte.<hex:02100103><hex:021A020203>Cid<hex:021A020103>","Kaiseraugen","Macht die eigenen Einrichtungen (Tore, Schild und Suchendes Auge) unempfindlich für alle Angriffe.<hex:02100103><hex:024804F201F803><hex:024904F201F903>Dauer:<hex:0249020103><hex:0248020103> 20 Sekunden",40,50,3,False,True,True,True,False,9
307,"Du rufst dein mürrisches Geistlein herbei. Scheint stets mit dem falschen Fuß aufzustehen.","Eine zum Leben erwachte Geisterpuppe, die du auf dem Allerschutzheiligen-Fest getroffen hast. Warum sie schweben und sprechen kann, wissen nicht mal die Gaukler vom Circus Continental. Wirkt ständig mies gelaunt.","Ob ich mit dem Buch fertig bin?<hex:02100103>Du hast vielleicht Nerven,<hex:02100103>mir so auf den Geist zu gehen.<hex:02100103><hex:021A020203>Gerolt<hex:021A020103>","Böser Bann","Entfernt alle positiven Effekte von den gegnerischen Trabanten in der Nähe.",10,50,4,False,False,True,False,False,6
308,"Du rufst dein munteres Geistlein herbei. Wie immer spitzenmäßig aufgelegt!","Eine zum Leben erwachte Geisterpuppe, die du auf dem Allerschutzheiligen-Fest getroffen hast. Warum sie schweben und sprechen kann, wissen nicht mal die Gaukler vom Circus Continental. Immer gut drauf!","Hast du nicht vielleicht einen Trank,<hex:02100103>der meinem müden Geist auf die Sprünge hilft?<hex:02100103><hex:021A020203>Yayaroku<hex:021A020103>","Verschwinden","Macht die ausführenden Trabanten unempfindlich für alle Angriffe.<hex:02100103><hex:024804F201F803><hex:024904F201F903>Dauer:<hex:0249020103><hex:0248020103> 6 Sekunden",35,65,1,False,True,False,False,False,3
309,"Du rufst deine Cloud-Puppe als Begleiter herbei. Ist einem legendären Helden nachempfunden und wirkt<hex:021D0103>... schrecklich desinteressiert.","Um den legendären SOLDAT-Kämpfer Cloud möglichst getreu nachzubilden, hat man keine Kosten und Mühen gescheut und sogar das berühmte Panzerschwert bis auf die letzte Scharte repliziert. Ist dem Original natürlich völlig egal<hex:021D0103>...","Kein Interesse<hex:021D0103>...<hex:02100103><hex:021A020203>Cloud<hex:021A020103>","Omnischlag","Führt eine Attacke mit Attacke-Wert 380 auf die Gegner in der Nähe aus.",75,65,3,False,False,False,True,False,1
310,"Du rufst deine Aerith-Puppe als Begleiter herbei. Wenn alles vorbei ist, seht ihr euch wieder!","Vom Blumenmädchen aus dem Hinterhof zur Retterin des Planeten: Was für eine beeindruckende Karriere! Ob es zum Date im Riesenrad gereicht hat, wissen nur Eingeweihte. Ansonsten sieht man sich, wenn alles vorbei ist!","Ein Date!<hex:02100103><hex:021A020203>Aerith<hex:021A020103>","Große Lehre","Macht eigene Trabanten in der Nähe unempfindlich für Angriffe von Tieren.<hex:02100103><hex:024804F201F803><hex:024904F201F903>Dauer:<hex:0249020103><hex:0248020103> 5 Sekunden",35,55,2,False,False,False,False,False,3
311,"Du rufst deine Tifa-Puppe als Begleiter herbei. Gefühle kann man nicht immer in Worte fassen.","Tagsüber Kneipenwirtin, nachts Untergrund-<hex:02100103>kämpferin. Mit Tifa hat man lieber keine Rechnung offen, es sei denn, man steht auf Schläge. Gefühle kann man halt nicht immer in Worte fassen.","Lass uns zu ihr gehen!<hex:02100103><hex:021A020203>Tifa<hex:021A020103>","Himmelsfaust","Führt eine Attacke mit Attacke-Wert 150 auf die Gegner in der Nähe aus und schleudert sie zurück.",60,40,3,False,True,True,False,False,1
312,"Du rufst deinen Schlammprinzen als Begleiter herbei. Weil man nie genug Schlamm um sich haben kann.","Eine dickflüssige, braune Masse, die aus einer der vielen versteckten Öffnungen des schrecklichen Tokkapchi herausgepresst wurde. Wäre nicht die keck sitzende Krone, würde man diesen Begleiter in der nächsten Kanalisation entsorgen.","In den Eingeweiden unserer Feinde sollen unsere Hände wühlen, nicht in Schlamm und Dreck!<hex:02100103><hex:021A020203>Burduga-Krieger<hex:021A020103>","Schlammpfütze","Führt eine Attacke mit Attacke-Wert 60 auf die Gegner in der Nähe aus und verringert ihre GSW um 70 %.<hex:02100103><hex:024804F201F803><hex:024904F201F903>Dauer:<hex:0249020103><hex:0248020103> 10 Sekunden",40,50,2,True,False,False,True,False,1
313,"Du rufst deinen Brautjungfer-Mogry als Begleiter herbei. Nichts betont die Bescheidenheit einer Frau mehr, als ihren Weg mit Blütenblättern zu schmücken.","Die Mogrys vom Dom der Einkehr sagen, dass die magischen Puppen (die bei Erwerb einer Zeremonie des Ewigen Bundes ausgegeben werden) Garanten des Glücks sind. Sollte der Ewige Bund doch nicht ewig halten, gibt es allerdings kein Geld zurück.","Ring futsch, Braut futsch ... <wimmer><hex:02100103><hex:021A020203>Karawanenkutscher<hex:021A020103>","Blumenregen","Erhöht die ATT eigener Trabanten in der Nähe um 10.<hex:02100103><hex:024804F201F803><hex:024904F201F903>Dauer:<hex:0249020103><hex:0248020103> 10 Sekunden",30,30,3,False,True,False,False,False,3
314,"Du rufst deine Elvaan-Marionette als Begleiter herbei. Detailgetreu bis hin zum säuerlichen Ge<hex:02160103>sichts<hex:02160103>aus<hex:02160103>druck.","Ein Stapel staubiger Schmöker und eine blühende Fantasie waren die Vorlage für diese mechanische Puppe eines Elvaan, die von manchen für die Vorgänger der Elezen gehalten werden. Der Erbauer, ein Sharlayaner, hielt die altertümliche blaue Cotte für authentisch.","Du dummer Elvaan, ich will's dir sagen,<hex:02100103>beleid'gen mich auch deine Fragen.<hex:02100103><hex:021A020203>Shantotto<hex:021A020103>","Fächertanz","Erhöht die ABW der ausführenden Trabanten um 40.<hex:02100103><hex:024804F201F803><hex:024904F201F903>Dauer:<hex:0249020103><hex:0248020103> 10 Sekunden",50,50,4,False,False,True,False,False,3
315,"Du rufst dein Dhalmel-Kalb als Begleiter herbei. Klein, aber oho-ch!","Es grenzt an ein Wunder, dass das Jungtier so lange in der harschen Umgebung von Eureka überlebt hat. Insbesondere weil es zu Forschungszwecken in Gefangenschaft großgezogen wurde.","Mein Nacken ... fühlt sich so geschmeidig an wie der eines Dhalmels!<hex:02100103><hex:021A020203>Orland<hex:021A020103>","Kalter Blick","Verringert die Technikpunkte der Gegner in der Nähe um 50 % des Maximalwerts.",30,35,3,False,True,True,False,False,4
316,"Du rufst dein Capybara-Jungtier als Begleiter herbei. Ausgesprochener Badefreund, der Kleine.","In Hingashi kennt man die mal putzigen, mal bissigen Nager als „Onitenjikunezumi“, die „Dämonenratte des Nahen Ostens“. Ihre Vorliebe für heiße Quellen ist wohlbekannt, sie sind dort oft als ungebetene Gäste anzutreffen.","Du hast bestimmt keine Angst vor Ratten, oder?<hex:02100103><hex:021A020203>Gerbert<hex:021A020103>","Rattenzahn","Fügt dem nächstgelegenen gegnerischen Arkana-Stein 5 % Schaden zu.",40,30,3,False,False,False,True,False,8
317,"Du rufst deinen Baby-Gremlin als Begleiter herbei.<hex:02100103>Aus unerfindlichen Gründen wird von Kontakt mit Wasser und Licht abgeraten.","Ein mysteriöses Wesen der Gattung „Gremlin“. Flauschiges Fell und unglaublich liebenswert. Normalerweise. In letzter Zeit vermehren sie sich wie Unkraut, sind keineswegs mehr empfindlich gegen grelles Licht, und Wasser hat auch keinen erkennbaren Effekt mehr.","Gurrruuu!","Gezeter","Verringert die ATT von Gegnern in der Nähe um 50 %.<hex:02100103><hex:024804F201F803><hex:024904F201F903>Dauer:<hex:0249020103><hex:0248020103> 15 Sekunden",50,35,2,False,False,True,True,False,4
318,"Du rufst deinen Tugendhaften Begleiter herbei.<hex:02100103>Angeblich ein Stück vom Leib der Absoluten Tugend, nach ihrer Teilung.","Dieses semi-materielle Wesen entstand angeblich aus dem Leib des auf Eureka aufgetauchten, riesenhaften magischen Ungeheuers, das als „Absolute Tugend“ bezeichnet wird. Manche ordnen das Wesen den Exergonen zu.","Befreit vom uralten Bann<hex:02100103>werde ich wieder frei sein!","Die letzte Tugend","Erhöht die ATT und ABW der ausführenden Trabanten. Pro 5<hex:021D0103>% verlorener LP steigt die ATT um 10 und die ABW um 5.<hex:02100103><hex:024804F201F803><hex:024904F201F903>Dauer:<hex:0249020103><hex:0248020103> 10 Sekunden",90,55,4,False,True,False,True,False,3
319,"Du rufst deinen Schnee-Korpokkur herbei.<hex:02100103>Die Gattung der Flöckchen, einer Unterart der Korpokkur, ist bekannt für ihre Winterfestigkeit.","Dieses Flöckchen ist sehr reinlich und wechselt daher häufig sein kleines Strohmäntelchen. Aber da es auch sehr scheu ist, macht es das nur wenn es vor neu-<hex:02100103>gierigen Blicken sicher ist. Voyeure enden schon mal als Eiszapfen.","Der einzige Feind, der schwer auf meinen<hex:02100103>Schultern lastet, ist der Schnee.<hex:02100103><hex:021A020203>Martiallais<hex:021A020103>","Schneegestöber","Führt eine Attacke mit Attacke-Wert 70 auf die Gegner in der Nähe aus und bewirkt deren Verlangsamung um 50<hex:021D0103>%.<hex:02100103><hex:024804F201F803><hex:024904F201F903>Dauer:<hex:0249020103><hex:0248020103> 15 Sekunden",30,50,2,False,True,False,False,False,1
320,"Du rufst deine neue Tataru-Puppe herbei.<hex:02100103>Das besondere Merkmal dieser Puppe ist ihre typisch hinganische Kleidung.","Eine Neuauflage der Tataru-Puppe, welche die beliebte Empfangsdame des Bundes der Morgenröte in einem traditionellen hinganischen Kleid zeigt. Der Kimono-Stoff stammt aus Bukyo, der Hauptstadt von Hingashi.","Es ist so schön, dich gesund und munter wiederzusehen!<hex:02100103><hex:021A020203>Tataru<hex:021A020103>","Stets zu Diensten","Halbiert den Ruf-Timer von Trabanten beim Herbeirufen.<hex:02100103><hex:024804F201F803><hex:024904F201F903>Dauer:<hex:0249020103><hex:0248020103> 10 Sekunden",30,35,3,False,False,True,False,False,9
321,"Du rufst deine Panzerwaffen-Miniatur als Begleiter herbei.<hex:02100103>Zu taktischen Übungszwecken entwickelte Panzerwaffen-Miniatur für Generäle und alle, die es gerne wären. Anleitung: VS-NfD","Lieb<hex:02160103>lings<hex:02160103>spiel<hex:02160103>zeug garleischer Offiziere zur „Simulation komplexer taktischer Operationen“. Mancher Schlammhüpfer munkelt, dass es sich um Verschwendung militärischer Finanzmittel handelt und lediglich Unterhaltungs- wert für die „Lametta- Krieger“ bietet.","Ziel anvisiert<hex:021D0103>...<hex:02100103>Ziel neutralisiert<hex:021D0103>...","Dynamischer Störsender","Stellt eine Falle auf, die nach 10 Sekunden ausgelöst werden kann. Bewirkt eine Attacke mit Attacke-Wert 260 auf die Gegner in der Nähe.",40,65,2,False,True,True,False,False,2
322,"Du rufst deine Aufzieh-Qalyana herbei.<hex:02100103>Eine kunssstvoll gefertigte Marionette, welche dem Qalyana-Stamm der Ananta nachempfunden ist.","Ein ehemaliger Soldat der Grenzwache Velodyna entwarf diese Aufziehmarionette, um diejenigen Qalyana zu ehren, die den Mut besaßen, ihre Schwestern zu verlassen und als Mitglieder der Grenzwache ihrer Heimat zu dienen.","Sss ...","Schwanzschlag","Führt eine Attacke mit Attacke-Wert 30 auf die Gegner in der Nähe aus und schleudert sie zurück.",80,30,2,False,True,True,True,False,1
323,"Ruft eine Rotpanzer-Puppe als Begleiter herbei.<hex:02100103>Magische Puppe eines Rotpanzer-Kojin.","Magische Puppe eines Rotpanzer-Kojin. In der Hoffnung, irgendwann einmal mit den Rotpanzer-Kojin in Harmonie leben zu können, haben die besten Handwerker der Blaupanzer diese Rotpanzer-Puppe erschaffen, als Zeichen ihres Respekts und ihrer Demut.","Gute Reise! Wir werden euch noch ein<hex:02100103>bisschen<hex:021D0103>...... hinterherschwimmen.<hex:02100103><hex:021A020203>Soroban<hex:021A020103>","Kesagiri","Führt eine Attacke mit Attacke-Wert 80 auf die Gegner in der Nähe aus und verringert deren Verteidigung um 10 %.<hex:02100103><hex:024804F201F803><hex:024904F201F903>Dauer:<hex:0249020103><hex:0248020103> 8 Sekunden",40,40,3,False,True,True,True,False,1
324,"Du rufst deinen Mini-Magitek-Transporter als Begleiter herbei.<hex:02100103>Modenste Transportertechnologie in einem kompakten Miniatur-Modell.","Moderner Mini-Transporter speziell entwickelt für Begleiter aller Art. Das Gefährt scheint sichtlich Spaß zu machen. Gelegentlich sind begeisterte Jubelrufe zu hören.","Navigationscomputer - Check!<hex:02100103>Levitationseinheit - Check!<hex:02100103>Steuerkontrollen - Check!<hex:02100103>Alle Systeme - Check!<hex:02100103>","Hirnwellenmanipulator","Macht Gegner in der Nähe be<hex:02160103>we<hex:02160103>gungs<hex:02160103>un<hex:02160103>fäh<hex:02160103>ig.<hex:02100103><hex:024804F201F803><hex:024904F201F903>Dauer:<hex:0249020103><hex:0248020103> 8 Sekunden",80,30,1,False,False,True,False,True,4
325,"Du rufst deine Fran-Puppe als Begleiter herbei. Hasenlöffel inbegriffen.<hex:02100103>Von ihr stammen die berühmten Worte: „Kein Nebel. Mysth.“","Diese lebensecht wirkende, magische Puppe stellt Fran, die Anführerin der dalmascanischen Widerstandsgruppe „Lentes Träne“ dar. Hergestellt von Befreiungskämpferinnen der Bangaa und viel zu schade zum Verkaufen!","Das ist Mysth!","Faustpresche","Fügt einem gegnerischen Schild 70 % Schaden zu. Kein Effekt, falls er schon zerstört ist.",65,55,3,False,True,False,True,False,8
326,"Du rufst dein Nu Mou-Stofftier als Begleiter herbei.<hex:02100103>Unübertroffen knuffig.","Dieses putzige Stofftier ist einem Nu Mou vom Clan Kupo nachempfunden. Wenn man es drückt und herzt, fühlt es sich seidig weich an. In Wirklichkeit wurde es jedoch von einem Töpfermagier der Nu Mou aus Lehm und Pilzsporen gefertigt.","Gnihihi! Mit diesen Sporen lassen sich lustige Sachen anstellen!","Kompensation","Erhöht die Technikpunkte eigener Trabanten in der Nähe um 10, außer wenn sie ebenfalls diesen Effekt verursachen können.",45,50,2,False,True,True,False,False,3
327,"Du rufst Seitei als Begleiter herbei.<hex:02100103>Abbild Seiryus, dem mächtigsten der Tierheiligen. Die Marionette ist als kunstvoller östlicher Drache entworfen und wurde mit hochwertigen Materialien hergestellt.","Abbild Seiryus, dem mächtigsten der Tierheiligen. Die Erbauer dieser Miniatur kennen offenbar den echten Seiryu nur vom Hörensagen, denn das mächtige Original ist bekanntlich eine schlangenhafte Chimära und kein östlicher Drache.","... ... ...","Seelendämmerung","Führt eine Attacke mit Attacke-Wert 90 auf die Gegner in der Nähe aus.",70,20,3,True,True,False,False,False,1
328,"Du rufst dein Zabuton-Sitzkissen als Begleiter herbei.<hex:02100103>Denn wo du gern bist, da lass dich nieder.","Stühle sind im Fernen Osten Mangelware, traditionell flezt man sich lieber auf dem Boden. Aber nicht ohne ein weiches Sitzkissen! Deswegen ist dieser Begleiter unerlässlich für alle Besucher der östlichen Regionen, sofern sie nicht über eine gehörige Portion Sitzfleisch verfügen.","Die Prinzessin hat Mumm. Sie könnte sich auch<hex:02100103>auf einem teuren Seidenkissen den Hintern platt<hex:02100103>sitzen und kostbaren Tee einschenken lassen.<hex:02100103><hex:021A020203>Oboro<hex:021A020103>","Jeder nur ein Kissen","Versetzt die ausführenden Trabanten zurück zu Tor B.",30,40,4,False,True,False,False,False,9
329,"Du rufst deinen Aloha-Otter als Begleiter herbei.<hex:02100103>Hobbys: (1) Am Sandstrand bummeln, (2) die Sonne auf den Pelz brennen lassen, (3) Müßiggang.","Ein kleiner Otter in Südsee-Outfit und mit Angel auf der Schulter. Gute Laune und Meeresrauschen inbegriffen. Sein größter Traum ist es, auf einem kleinen Fischerboot in der ruhigen See zu treiben und die Seele baumeln zu lassen.","Aloha!","Aloha!","Verdoppelt die LP-Regeneration der Trabanten innerhalb eines Tors.<hex:02100103><hex:024804F201F803><hex:024904F201F903>Dauer:<hex:0249020103><hex:0248020103> 20 Sekunden",40,45,3,False,False,False,True,False,9
330,"Du rufst deinen Igel als Begleiter herbei.<hex:02100103>Nur liebevollste Fürsorge kann dieses possierliche Wesen vor allerlei Ungemach bewahren!","Kleiner stacheliger Nager mit Lizenz zum Vergöttern. Wurde einst als Delikatesse gejagt und verspeist, doch in letzter Zeit weitaus beliebter als Haustier denn als Hauptgericht. Wird oft mit Stachelschweinen verwechselt.","Hassu Nüsse?","Akupunktur","Entfernt alle negativen Effekte von eigenen Trabanten in der Nähe.",60,40,3,False,True,True,False,False,6
331,"Du rufst deine Splitter<hex:02160103>welt-Y'shtola als Begleiterin herbei.<hex:02100103>Die magische Puppe blickt entschlossen zu dir auf. In der Tat<hex:021D0103>- es gibt keinen Grund davonzulaufen.","Sonst meist in weiß gekleidet hüllt sich Y'shtola auf der Splitter<hex:02160103>welt in die edlen Gewänder der Untertanen der Nacht. Mit ihrem Stab fest in der Hand stellt sich die „Hexe Matoya“ entschlossen gegen Sünden<hex:02160103>ver<hex:02160103>tilger und Störenfriede.","Es ist Zeit, in die Offensive zu gehen.","Hexe Matoya","Führt eine Attacke mit Attacke-Wert 90 auf die Gegner in der Nähe aus.",45,30,2,True,False,True,False,False,1
332,"Du rufst deine Ryne-Puppe als Begleiter herbei. <hex:02100103>Wie ihr Original gefällt es ihr sehr, bei ihrem neuen Namen gerufen zu werden.","In diesen Augen, in denen sich das tiefe Blau des Ozeans widerzuspiegeln scheint, funkelt nicht nur der Geist Minfilias, sondern auch der Wille einer Frau, die nach langer Reise ihre Bestimmung und einen neuen Namen fand.","Ja. Ich heiße Ryne!","Minfilias Segen","Verdoppelt die LP-Regeneration der Trabanten innerhalb eines Tors.<hex:02100103><hex:024804F201F803><hex:024904F201F903>Dauer:<hex:0249020103><hex:0248020103> 20 Sekunden",65,50,3,False,True,True,False,False,9
333,"Du rufst deinen schwarzen Shiba-Welpen als Begleiter herbei.<hex:02100103>Dieser junge, verspielte Shiba-inu hat ein schwarzes Fell.","Obwohl Shibas unglaublich niedlich aussehen, handelt es sich um eine sehr alte Hunderasse, die dem Wolf ähnlicher ist, als es so mancher Hunde-<hex:02100103>liebhaber wahrhaben möchte. Sie werden in Holminster als Hütehunde verwendet.","Rwuff!","Treuer Hund","Erhöht die ATT der ausführenden Trabanten um 40.<hex:02100103><hex:024804F201F803><hex:024904F201F903>Dauer:<hex:0249020103><hex:0248020103> 15 Sekunden",30,60,3,False,False,True,False,False,3
334,"Du rufst dein Zwergchamäleon als Begleiter herbei.<hex:02100103>Obwohl es aufgrund seiner Größe leicht zu übersehen ist, verschmilzt es gern mit seiner Umgebung.","Chamäleons sind unglaubliche Geschöpfe. Aus ihren Schuppen befinden sich klitzekleine Kristalle, durch die sie Äther leiten, um optisch vollkommen mit ihrer Umgebung zu verschmelzen<hex:021D0103>- Projektionsprismen funktionien auf ganz ähnliche Art und Weise.","Niemand kann sich einfach unsichtbar machen.<hex:02100103><hex:021A020203>Alphinaud<hex:021A020103>","Unsichtbarkeit","Fügt dem nächstgelegenen gegnerischen Tor 50<hex:021D0103>% Schaden zu. Kein Effekt, falls es schon zerstört ist.",25,40,3,False,True,False,True,False,8
335,"Du rufst deine Fuath-Puppe als Begleiter herbei.<hex:02100103>Mit schelmischem Schabernack muss gerechnet werden!","Die froschigen Fuath aus dem Feenreich sind wahre Meister der Illusionsmagie<hex:021D0103>- nichts und niemand ist vor ihrem oft grausamen Spaß und Schabernack sicher. Dieser plüschige Vertreter ist allerdings harmlos. Froschehrenwort!","Gnehehe!","Schelmischer Schabernack","Stellt eine Falle auf, die nach 10 Sekunden ausgelöst werden kann. Bewirkt die Verlangsamung von Gegnern in der Nähe um 70<hex:021D0103>%.<hex:02100103><hex:024804F201F803><hex:024904F201F903>Dauer:<hex:0249020103><hex:0248020103> 20 Sekunden",45,40,2,True,True,False,False,False,2
336,"Du rufst dein artistisches Gürteltier als Begleiter herbei.<hex:02100103>Dieses junge Gürteltier kann ausgezeichnet auf einem Laufball balancieren.","Selbst dieses Jungtier ist bereits von einem so festen Panzer geschützt, dass es sich nur zusammenrollen braucht, um jeder Gefahr zu trotzen. Dieses besondere Exemplar liebt seine steinerne Kugel über alles und wurde noch nie ohne sie gesehen.","<kuller> ... <kuller> ... ","Zusammenrollen","Macht die ausführenden Trabanten unempfindlich gegen Angriffe von Monstern.<hex:02100103><hex:024804F201F803><hex:024904F201F903>Dauer:<hex:0249020103><hex:0248020103> 10 Sekunden",40,50,2,False,False,False,True,False,3
337,"Du rufst deine Kleine Schlange von Ronka als Begleiter herbei.<hex:02100103>Handelt es sich bei diesem Wurm womöglich um eine Inkarnation der Großen Schlange von Ronka?","Quinfort hat im Traum die Große Schlange von Ronka gesehen. Diese kleine Schlange, wenn es sich um eine Schlange handelt, ähnelt ihr angeblich. Sie weist allerdings auch eine große Ähnlichkeit mit den Nokos im Fernen Osten der Ursprungs<hex:02160103>welt auf.","Man kennt sie unter vielen Namen ...<hex:02100103>Die Wasserschlange von Ronka,<hex:02100103>die Beschützerin des finsteren Waldes,<hex:02100103>die Zerstörerin ...<hex:02100103><hex:021A020203>Quinfort<hex:021A020103>","Geheime Technik von Ronka","Erhöht die GSW der ausführenden Trabanten um 30 %.<hex:02100103><hex:024804F201F803><hex:024904F201F903>Dauer:<hex:0249020103><hex:0248020103> 10 Sekunden",55,15,3,False,True,True,True,False,3
338,"Du rufst deinen Mini-Riesenkaktor als Begleiter herbei.<hex:02100103>Er hat die richtige Größe, um ihn als Hocker zu verwenden, aber das wäre wohl eine sehr schlechte Idee.","Riesenkaktoren sind natürlich für ihre riesige Größe bekannt, doch alles, was groß wird, muss mal klein anfangen. Dieses Exemplar ist grob geschätzt erst 20 bis 30 Jahre alt und hat noch über 150 Jahre Wachstum vor sich.","100.000 Nadeln!","1000 Blumen!","Fügt dem nächstgelegenen gegnerischen Arkana-Stein 8 % Schaden zu.",60,40,1,False,False,False,False,True,8
339,"Du rufst deine Clionidenlarve als Begleiter herbei.<hex:02100103>Clioniden können bereits im Larvenstadium fliegen und haben einen sehr gesunden Appetit.","Wer hätte gedacht, dass Clioniden zur Gattung der Kreiselschnecken gehören? Nach dem Schlüpfen ernähren sie sich zuerst von Plankton, bis die Tentakel auf ihrem Kopf stark genug sind, größere Beute zu fangen.","<schmoll>","Bukkale Kegel","Fügt einem gegnerischen Suchenden Auge 90 % Schaden zu. Kein Effekt, falls es schon zerstört ist.",40,50,2,False,False,True,True,False,8
340,"Du rufst dein Baby-Schnabeltier als Begleiter herbei.<hex:02100103>Es hat zwar fast dieselbe Größe, sollte aber keinesfalls mit einem Schnabelschuh verwechselt werden!","Dieses possierliche Tierchen hat einen Schnabel, der an den einer Ente erinnert. Mit diesem unge-<hex:02100103>wöhnlichen Sinnesorgan kann es Beutetiere aufspüren, selbst wenn es diese nicht sehen kann. Vorsicht: Es besitzt einen giftigen Stachel am Hinterbein.","<guruuu>","Giftstachel","Bewirkt im Sekundentakt 20 Schaden über Zeit bei Gegnern in der Nähe.<hex:02100103><hex:024804F201F803><hex:024904F201F903>Dauer:<hex:0249020103><hex:0248020103> 15 Sekunden",30,70,3,False,True,False,True,False,1
341,"Du rufst dein Mini-Eden als Begleiter herbei.<hex:02100103>Es ist frei von jeglicher Sünde.","Um seine gottgleichen Fä<hex:02160103>hig<hex:02160103>kei<hex:02160103>ten zu demonstrieren, erschuf Eden dieses winzig kleine Abbild seiner Selbst. Zum Glück vermag das Mini-Eden nur verschwindend geringe Mengen an Äther zu manipulieren und stellt keine Gefahr für die Welt dar.","Damit das, was einst zerfallen war,<hex:02100103>neu erschaffen werden kann.<hex:02100103><hex:021A020203>Ryne<hex:021A020103>","Ewiger Atem","Führt eine Attacke mit Attacke-Wert 380 auf die Gegner in der Nähe aus.",85,45,2,True,False,False,False,False,1
342,"Du rufst deinen Riesenbiber als Begleiter herbei.<hex:02100103>Ein rätselhaftes Wesen. Manche Rätsel sollte man besser ungelöst lassen.","Ein ebenso legendäres wie rätselhaftes Wesen aus Phisor Lran. Von ihm lernt man, dass es auch Rätsel gibt, die man besser nicht auflöst.","♪ Milch, das war sein letztes Wort<hex:021D0103>...<hex:021D0103>♪","Biberburg","Stellt einen zerstörten Schild wieder her.",55,55,3,False,False,True,False,False,9
343,"Du rufst deine Aufzieh-Suzaku als Begleiter herbei.<hex:02100103>Komm bitte wieder zur Besinnung!","Diese Marionette ist Tierheiligen und Flötenspielerin Suzaku nachempfunden. Ein Blaupanzer-Puppenmacher wurde von Sorobans ungewöhnlicher Geschichte dazu inspiriert, sie anzufertigen.","Von klein auf war Suzakus Federkleid rot wie Feuer.<hex:02100103><hex:021A020203>Senri<hex:021A020103>","Fieberhaftes Verhör","Führt eine Attacke mit Attacke-Wert 110 auf die Gegner in der Nähe aus.",55,35,3,False,True,True,False,False,1
344,"Du rufst deine männliche Omega-Puppe als Begleiter herbei.<hex:02100103>Ihr Verhalten lässt sich nicht analysieren.","Ein Goldschmied hat diese Puppe geschaffen, um damit alle anderen Puppen an Schönheit zu über-<hex:02100103>treffen. Das soll er gesagt haben, als er sie in großer Stückzahl an Rowenas Haus der Wunder verkauft hat.","Hallo Welt!","Resonanz M","Erhöht die ABW von eigenen Trabanten in der Nähe um 10, im Fall der weiblichen Omega-Puppe um 40.<hex:02100103><hex:024804F201F803><hex:024904F201F903>Dauer:<hex:0249020103><hex:0248020103> 6 Sekunden",15,80,1,False,False,False,False,True,3
345,"Du rufst deine weibliche Omega-Puppe als Begleiter herbei.<hex:02100103>Eine zum Kämpfen bestimmte Existenz.","Der Goldschmied, der diese Puppe schuf, verschwand ganz plötzlich. Derzeit werden die Mitarbeiter der Gar<hex:02160103>lond-Me<hex:02160103>tall<hex:02160103>wer<hex:02160103>ke befragt, wie der Goldschmied an die nötigen Informationen gelangen konnte.","System wird heruntergefahren<hex:021D0103>...","Resonanz W","Erhöht die ABW von eigenen Trabanten in der Nähe um 20, im Fall der männlichen Omega-Puppe um 60.<hex:02100103><hex:024804F201F803><hex:024904F201F903>Dauer:<hex:0249020103><hex:0248020103> 6 Sekunden",85,20,4,True,False,False,True,False,3
346,"Du rufst Glöckchen als Begleiter herbei.<hex:02100103>Sie könnte glatt einem Kinderbuch entsprungen sein.","Diese Glocke trägt den Namen einer berühmten Fee. Ein Ondo-Junge hat sie gefunden, nachdem eine mysteriöse Bestie auftauchte. Sie ist anscheinend uralt und ihre magische Kraft wurde mit einer besonderen Methode verstärkt.","Klingeling ♪","Geisterhafter Klang","Führt eine Attacke mit Attacke-Wert 30 auf die Gegner in der Nähe aus und verringert ihre ABW um 30 %.<hex:02100103><hex:024804F201F803><hex:024904F201F903>Dauer:<hex:0249020103><hex:0248020103> 6 Sekunden",20,60,3,True,False,False,True,False,1
347,"Du rufst deinen kleinen Echevoren als Begleiter herbei.<hex:02100103>Der Bürzel dieses magischen Wesens duftet nach süßem Honig.","Die Schuppen auf seinem Rücken ähneln den Blättern des Dickblattgewächses Echeveria und dienen zur Tarnung. Die Spitze seines Schwanzes lockt mit süßem Honigduft Insekten an, die zur Haupt-<hex:02100103>nahrungsquelle des Echevoren zählen.","Oh, jaaa! Beste Ware, ich sag's dir!","Honigduft","Erhöht den Schaden der ausführenden Trabanten gegen gegnerische Arkana-Steine.<hex:02100103><hex:024804F201F803><hex:024904F201F903>Dauer:<hex:0249020103><hex:0248020103> 6 Sekunden",40,60,2,False,True,False,False,False,3
348,"Du rufst dein Tauchboot der Haiklasse als Begleiter herbei.<hex:02100103>Erstaunlicherweise ist es ziemlich wasserscheu.","Eine als Tauchboot-Kapitän eingesetzte Marionette hat in ihrer Freizeit dieses Miniaturmodell angefertigt, das ihren Besitzer wie ein Hai auf der Jagd verfolgt.","Dam-dam<hex:021D0103>... Dam-dam<hex:021D0103>...","Torpedierung","Führt eine Attacke mit Attacke-Wert 120 auf die Gegner in der Nähe aus und erhöht die ATT der ausführenden Trabanten um 20.<hex:02100103><hex:024804F201F803><hex:024904F201F903>Dauer:<hex:0249020103><hex:0248020103> 6 Sekunden",60,40,3,False,False,False,False,False,1
349,"Du rufst dein Schuhschnäbelchen als Begleiter herbei.<hex:02100103>Dieser Vogel lässt sich durch nichts beunruhigen und besitzt eine königliche Ausstrahlung.","Dieser Vogel ist auf Kholusia dafür bekannt, dass er so wirkt, als wäre er sich für alles zu gut. Statt zu jagen wartet er, bis ihm die Beute direkt vor den Schnabel läuft. Es kommt selten vor, dass er andere akzeptiert und ihnen sogar folgt.","!?","Königliche Ausstrahlung","Verringert die ATT von Gegnern in der Nähe um 40 %.<hex:02100103><hex:024804F201F803><hex:024904F201F903>Dauer:<hex:0249020103><hex:0248020103> 6 Sekunden",40,35,1,False,False,True,True,False,4
350,"Du rufst dein Schmetterlingspaar als Begleiter herbei.<hex:02100103>Dieses Trugbild von zwei Schmetterlingen wird von einem Kristall in die Luft projiziert.","Diesen Kristall soll ein Priester im alten Ronka-Kaiserreich angefertigt haben. Nicht etwa, um den Schmetterlingseffekt damit zu veranschaulichen, sondern einfach nur aus Spaß an der Freude. ","Herz von Linu Vanu-ooh tanzt wie Schmetterling in Luft.<hex:02100103><hex:021A020203> Linu Vanu-ooh<hex:021A020103>","Schmetterlingseffekt","Erhöht die Technikpunkte eigener Trabanten in der Nähe um 10, außer wenn sie ebenfalls diesen Effekt verursachen können.",30,40,4,False,True,False,True,False,3
351,"Du rufst deinen Eisenfrosch als Begleiter herbei.<hex:02100103>Diese kleine Marionette wurde von Zwergenhandwerkern angefertigt.","Diese Marionette kann sich selbst mit Erz befüllen, das ihr als Treibstoff dient. Leider neigt sie dazu, immer wieder nachzuschauen, ob noch genug Erz vorhanden ist. Der Schlüssel im Rücken dient nur zur Zierde.","Quaaak! ... <quietsch> ... ","Bergbauerseele","Fügt dem nächstgelegenen gegnerischen Arkana-Stein 5 % Schaden zu.",50,60,2,False,False,True,False,False,8
352,"Du rufst deinen vergebenen Hass als Begleiter herbei.<hex:02100103>Dieses winzig kleine Etwas ähnelt einem Sünden<hex:02160103>ver<hex:02160103>tilger. Es bereut seine Schuld.","Dieses kleine Wesen, das an einen Sünden<hex:02160103>ver<hex:02160103>tilger erinnert, wurde auf dem Gulg entdeckt. Es verfolgt denjenigen, der es gefunden hat. Da es nichts weiter anstellen kann, außer sich zu drehen, kann man es gefahrlos mitnehmen.","Wenn wir uns dem Gulg nähern, werden wir ohne Zweifel mit Sünden<hex:02160103>ver<hex:02160103>tilgern zu tun bekommen.<hex:02100103><hex:021A020203>Mysteriöse Stimme<hex:021A020103>","Würfelkombination","Führt eine Attacke mit Attacke-Wert 30 auf die Gegner in der Nähe aus und schleudert sie zurück.",20,80,1,False,False,False,False,True,1
353,"Du rufst deine Mini-Quiexie als Begleiter herbei.<hex:02100103>Man könnte sie mit einem Happs verspeisen, falls man Lehm essen wollte.","Es gibt Erkundungen, die gibt's gar nicht. Dein Gehilfe ist auf eine Lehmablagerung gestoßen, aus der spontan dieser Familiar entsprang. Ob hier eine abenteuerlustige Pixie einen Streich mit einer Feenlampe gespielt hat?","Was heckt das fliegende Schweinchen jetzt schon wieder aus?<hex:02100103><hex:021A020203>Sue-Rend<hex:021A020103>","Schweinehauch","Entfernt alle Effekte von allen Trabanten in der Nähe.",20,80,1,False,False,False,False,True,6
354,"Du rufst deine Pixie-Puppe als Begleiter herbei.<hex:02100103>Sie wird dir ganz sicher keine Streiche spielen. Pixie-Ehrenwort!","Die Traumweberinnen schenken Kindern, mit denen sie sich angefreundet haben, Pixie-Puppen. Im Gegensatz zu echten Pixies muss man bei den Puppen nicht ständig auf der Hut sein, ob sie einem einen Streich spielen.","Spiel mit uns!<hex:02100103><hex:021A020203>Titania<hex:021A020103>","Pixie-Heilung","Regeneriert bei den eigenen Trabanten in der Nähe 100 LP, im Fall von Puppen 150.",20,80,1,False,False,False,False,True,7
355,"Du rufst deine Mystische Waffe als Begleiter herbei.<hex:02100103>Wenn du Glück hast, ist sie nur ganz schwach verflucht.","Als dein Gehilfe ein seltsames Schwert entdeckte, manifestierte sich vor ihm eine Kreatur. Er vermutete, dass sie verflucht sein könnte, machte sich aber keine Sorgen, da er das Schwert ohnehin an dich weitergeben wollte.","Der mystische Kram kann mir gestohlen bleiben!<hex:02100103><hex:021A020203>Gerolt<hex:021A020103>","Zornesschlag","Führt eine Attacke mit Attacke-Wert 230 auf die Gegner in der Nähe aus.",85,35,3,False,True,False,False,False,1
356,"Du rufst dein Erdmännchen als Begleiter herbei.<hex:02100103>Es hält aufmerksam nach Gefahr Ausschau, während es sich die Sonne auf den Pelz brennen lässt.","Erdmännchen leben in Gängen unter dem Verbrannten Meer. Morgens, sobald die Sonne aufgeht, kommen sie an die Oberfläche, um sich zu wärmen. Neugierde trieb dieses Exemplar zu einem Tauchboot, das am Strand repariert wurde.","Ich freue mich darauf, im Glanz ihres Lobes zu baden.<hex:02100103><hex:021A020203>Emmanellain<hex:021A020103>","Sonnenbad","Entfernt alle negativen Effekte von eigenen Trabanten in der Nähe.",50,45,3,False,True,False,True,False,6
357,"Du rufst deinen weißen Miniaturritter als Begleiter herbei.<hex:02100103>Ein neues Produkt der Himmelsstahl-Werkstätte.","Diese Marionette aus der Himmelsstahl-Werkstätte war ursprünglich als bewegliche Spielfigur für Strategiespiele der Tempelritter konzipiert. Sie ist darauf programmiert, sich ebenbürtige Gegner zu suchen.","Nur ein edler Ritter kann jetzt noch eine Niederlage verhindern.<hex:02100103><hex:021A020203>Drillemont<hex:021A020103>","Weißer Schild","Erhöht die ABW der ausführenden Trabanten um 40.<hex:02100103><hex:024804F201F803><hex:024904F201F903>Dauer:<hex:0249020103><hex:0248020103> 10 Sekunden",25,35,3,False,False,True,True,False,3
358,"Dieser Mini-Brutalus ist ein beliebtes Kinderspielzeug.<hex:02100103><hex:02100103>Benutze diesen Gegenstand, um einen Mini-Brutalus zu rufen.","Der Mini-Brutalus ist ein aufziehbares, mechanisches Spielzeug, das von einem Goblin-Tüftler entwickelt wurde, der im Dienste der Gar<hex:02160103>lond-Me<hex:02160103>tall<hex:02160103>wer<hex:02160103>ke steht. Es erfreut sich großer Beliebtheit bei Kindern und ist dank Zinksulfiterz robust.","Ich-bin-un-be-sieg-bar! ... <bliep> ... ","Erstaunlicher Trick","Macht die Auto-Attacke der ausführenden Trabanten zu einem Flächenangriff.<hex:02100103><hex:024804F201F803><hex:024904F201F903>Dauer:<hex:0249020103><hex:0248020103> 12 Sekunden",75,75,2,False,True,False,False,False,3
359,"Du rufst deinen Domakin als Begleiter herbei.<hex:02100103>Ein niedlicher Goldfisch, den dein Gehilfe gefangen hat.","Dieser Goldfisch wurde von einem domanischen Goldfisch-Sammler gezüchtet. Sein Name ist eine Kombination aus Doma und dem Wort für Gold in der Landessprache. Dank Pustewolken-Samen kann er schweben, wie er atmet, bleibt jedoch ein Rätsel.","Ein toller Fang!<hex:02100103><hex:021A020203>Nortmoen<hex:021A020103>","Goldflosse","Führt eine Attacke mit Attacke-Wert 30 auf die Gegner in der Nähe aus und schleudert sie zurück.",20,80,1,False,False,False,False,True,1
360,"Du rufst deine neue Estinien-Puppe als Begleiter herbei.<hex:02100103>Getrockneter Tintenfisch ist nicht enthalten.","Diese mechanische Puppe wurde dem Azur-Drachenreiter Estinien nachempfunden, nachdem er sich aus dem aktiven Dienst zurückgezogen hatte. Die Puppe soll die jüngere Generation von Rittern inspirieren.","Ich bin es leid, deinen Tintenfisch zu trocknen!<hex:02100103><hex:021A020203>Orn Khai<hex:021A020103>","Drachengetrockneter Tintenfisch","Führt eine Attacke mit Attacke-Wert 120 auf die Gegner in der Nähe aus und erhöht die ATT der ausführenden Trabanten um 20.<hex:02100103><hex:024804F201F803><hex:024904F201F903>Dauer:<hex:0249020103><hex:0248020103> 6 Sekunden",70,40,4,False,False,False,True,False,1
361,"Du rufst deine kleine Leanan als Begleiter herbei.<hex:02100103>Noch ist sie klein und ungefährlich.","Diese junge Leanan ist gerade erst gesprossen und noch recht zahm. Doch mit zunehmender Größe wird auch ihr Appetit auf lebende Beute wachsen. Sie übt schon fleißig die Kunst des Einwickelns.","Samen kennen keine Grenzen. Die gedeihen, wo immer sie auf fruchtbaren Boden fallen.<hex:02100103><hex:021A020203>Martineau<hex:021A020103>","Frühlingswind","Fügt dem nächstgelegenen gegnerischen Tor 60<hex:021D0103>% Schaden zu. Kein Effekt, falls es schon zerstört ist.",35,50,2,False,True,True,False,False,8
362,"Du rufst deine Hobgoblin-Puppe als Begleiter herbei.<hex:02100103>Auf gar keinen Fall zu verwechseln mit der Mutter eines Zwerges.","Diese Puppe erschien immer wieder in den Träumen deines Gehilfen, bis er sie eines Tages selbst anfertigte und dir schenkte. Seitdem schläft er ruhig und friedlich.","Deine Mutter war ein Hobgoblin!<hex:02100103><hex:021A020203>Giott<hex:021A020103>","Goblingruß","Stellt eine Falle auf, die nach 10 Sekunden ausgelöst werden kann. Bewirkt eine Attacke mit Attacke-Wert 270 auf die Gegner in der Nähe.",30,60,3,False,False,False,True,False,2
363,"Du rufst deinen Cerberus-Welpen als Begleiter herbei.<hex:02100103>Ein Welpe mit drei Köpfen zum Streicheln!","Dieser dreiköpfige Hund wurde in einer dunklen Ecke des Warenspeichers der Grafenfamilie Haillenarte gefunden. Es wird angenommen, dass es sich um einen niederen Nichts<hex:02160103>gesand<hex:02160103>ten handelt. Angeblich stellt er keine Gefahr dar.","Ich bin gespannt, ob du nur kläffen oder auch beißen kannst!<hex:02100103><hex:021A020203>Hilda<hex:021A020103>","Höllenbiss","Verringert die Technikpunkte der Gegner in der Nähe um 50 % des Maximalwerts.",40,60,4,False,True,False,True,False,4
364,"Du rufst deinen Pod 054 als Begleiter herbei.<hex:02100103>Der perfekte Abenteuerbegleiter, wenn er denn ordentlich funktionieren würde.","Diese weiße Maschine wurde aus einer alten Fabrikruine geborgen. Vermutlich wurde sie ursprünglich als taktische Unterstützungseinheit für YoRHa erschaffen.","Maschinen ist nicht zu trauen, schon gar nicht intelligenten Maschinen.<hex:02100103><hex:021A020203>Estinien<hex:021A020103>","A014: Technikschub","Erhöht die Technikpunkte eigener Trabanten in der Nähe um 10, außer wenn sie ebenfalls diesen Effekt verursachen können.",30,60,3,False,True,True,False,False,3
365,"Du rufst deinen Pod 316 als Begleiter herbei.<hex:02100103>Der perfekte Abenteuerbegleiter, wenn er denn ordentlich funktionieren würde.","Diese schwarze Maschine wurde aus einer alten Fabrikruine geborgen. Vermutlich wurde sie ursprünglich als taktische Unterstützungseinheit für YoRHa erschaffen.","Maschinen sind mächtig, ja, aber brauchen Treibstoff.<hex:02100103><hex:021A020203>Sanftbox<hex:021A020103>","R014: Ge<hex:02160103>schwindig<hex:02160103>keitsschub","Erhöht die GSW eigener Trabanten in der Nähe um 35<hex:021D0103>%.<hex:02100103><hex:024804F201F803><hex:024904F201F903>Dauer:<hex:0249020103><hex:0248020103> 6 Sekunden",25,40,3,False,True,False,True,False,3
366,"Du ruftst deinen Gold-Talos als Begleiter herbei. <hex:02100103>Ein kleines solides Spielzeug aus der Daedalus-Steinhauerei, das selbst ungeschickte Kinderhände schlecht kaputt kriegen können.","Die Veredelung mit Blattgold verleiht dieser Miniaturversion eines Talos einen Hauch von Luxus und ist wohl auch der Grund für den überwältigenden Verkaufserfolg dieses Spielzeugs.","Ein kleiner vergoldeter Talos? Wozu soll der gut sein <hex:02100103><hex:021A020203>Chai-Nuzz<hex:021A020103>","Goldschlag","Fügt dem nächstgelegenen gegnerischen Tor 90<hex:021D0103>% Schaden zu. Kein Effekt, falls es schon zerstört ist.",70,40,2,False,True,True,False,False,8
367,"Du rufst deinen Malonen als Begleiter herbei.<hex:02100103>Er ist ein kleiner Dinosaurier, der es geschafft hat, auf den unwirtlichen Inseln des Diadems zu überleben.","Dieser Malone wurde auf einer der Diadem-Inseln gefunden. Obwohl noch nicht ausgewachsen, verfügt er bereits über beachtlichen Appetit. Wenn sein Hunger zu groß wird, beißt er sich manchmal in den eigenen Schwanz.","Die Tiere hier sind seltsam.<hex:02100103><hex:021A020203>Lyolf<hex:021A020103>","Dino-Dynamik","Erhöht die GSW eigener Trabanten in der Nähe um 35 %.<hex:02100103><hex:024804F201F803><hex:024904F201F903>Dauer:<hex:0249020103><hex:0248020103> 6 Sekunden",65,25,4,False,False,True,True,False,3
368,"Du rufst dein Grasgrummelchen als Begleiter herbei.<hex:02100103>Aus unerfindlichen Gründen schüttelt es sich von Zeit zu Zeit.","Dieses seltsame Lebewesen wurde im „Geschäft“ einer Pixie in Il Mheg angeboten. Es zuckt zuweilen recht merkwürdig. Befragt man die Pixie-Verkäuferin dazu, erntet man nur ein albernes Kichern.","Grasgrummelchen rüttel dich, Grasgrummelchen schüttel dich!<hex:02100103><hex:021A020203>Kichernde Pixie<hex:021A020103>","Grummelgrummel","Erhöht die ATT eigener Trabanten in der Nähe um 25.<hex:02100103><hex:024804F201F803><hex:024904F201F903>Dauer:<hex:0249020103><hex:0248020103> 6 Sekunden",15,80,1,False,False,False,True,True,3
369,"Du rufst die Wasserschlange des Hopl als Begleiter herbei.<hex:02100103>Angeblich ist sie eine Inkarnation der heiligen Wasserschlange. Doch weder über sie noch über die heilige Wasserschlange ist Genaueres bekannt.","Diese Wasserschlange erschien eines Tages vor den Grabenden Pfoten in einem der uralten Tunnels und forderte die Restaurierung eines beschädigten Denksteins. Sie trägt stets einen Eisenhelm, um ihren Kopf vor Steinschlag zu schützen.","Dann ist Wasserschlange mit Eisenhelm wieder vor uns aufgetaucht.<hex:02100103><hex:021A020203>Qitarl Natl<hex:021A020103>","Fiepkonzert","Fügt dem nächstgelegenen gegnerischen Arkana-Stein 10 % Schaden zu.",60,10,3,False,True,True,True,False,8
370,"Du rufst die Wasserschlange der Qitari als Begleiter herbei. <hex:02100103>Angeblich ist sie eine Inkarnation der Wasserschlange von Ronka. Doch weder über sie noch über die Wasserschlange von Ronka ist Genaueres bekannt.","Um der großen Wasserschlange von Ronka zu gedenken, schufen die Qitari einen Hut, ähnlich dem, den die große Wasserschlange ab und an zu tragen pflegte, und setzten ihn einer der Wasserschlangen in Hopls Pfropfen auf."," Hat sich Wasserschlange mit Schlapphut versteckt?<hex:02100103><hex:021A020203>Chaqurl Qhotl<hex:021A020103>","Mysterium der Ronka","Führt eine Attacke mit Attacke-Wert 90 auf die Gegner in der Nähe aus.",55,40,2,True,False,False,False,False,1
371,"Du rufst deine Langschwanzmeise als Begleiter herbei.<hex:02100103>Ihr rundlich-kugeliger Körper ist einfach nur herzallerliebst.","Eine kleine Meise, die ihren Namen der langen Schwanzfeder verdankt. Sie hatte sich in ein Tauchboot verirrt, als die Steuermann-Marionette gerade den Lukendeckel öffnete, um einmal gründlich zu lüften.","ICh bIn MariOneTTe Nr. 007☆ iCH üBerNehme das ☆ SteueR★※☆<hex:02100103><hex:021A020203>Steuermann-Marionette 007<hex:021A020103>","Triller","Verringert die ABW von Gegnern in der Nähe um 50 %.<hex:02100103><hex:024804F201F803><hex:024904F201F903>Dauer:<hex:0249020103><hex:0248020103> 15 Sekunden",45,40,4,False,True,True,True,False,4
372,"Du rufst deinen Paissa-Gourmet als Begleiter herbei.<hex:02100103>Ein junger Paissa in Ausbildung zum Gourmet. Dem kugeligen Aussehen nach zu urteilen auch ein Gourmand.","Dieser noch junge Paissa hatte es sich in einer der Nahrungsmittelkisten der Rosenkavalleristen in Camp Wolkenwipfel gemütlich gemacht und tüchtig zugelangt. Als Strafe für seine Gier wurde er zum Küchendienst verdonnert.","Paissas sind so dick, weil sie sich auf Lauer legen und dicke Fische von Angel wegschnappen.<hex:02100103><hex:021A020203>Eenu Vanu<hex:021A020103>","Kochkosmos","Entfernt alle positiven Effekte von den gegnerischen Trabanten in der Nähe.",100,80,3,False,True,True,False,False,6
373,"Du rufst deinen Paissa-Weber als Begleiter herbei.<hex:02100103>Ein junger Paissa in Ausbildung zum Weber. ","Dieser junge Paissa machte sich einen Spaß daraus, heimlich Nacht für Nacht die Uniformen der Rosenkavalleristen mit kunstvollen Stickereien zu versehen. Als Strafe wurde er zum Weberdienst verdonnert.","Paissas haben es fffaustdick hinter den Ohren. <hex:02100103><hex:021A020203>Gyoka<hex:021A020103>","Weberwelt","Entfernt alle negativen Effekte von eigenen Trabanten in der Nähe.",75,45,3,False,True,False,True,False,6
374,"Du rufst deine Ascian-Puppe als Begleiter herbei.<hex:02100103>Eine Puppe, die amaurotanischen Kindern bestimmt viel Freude bereitet hat.","Die Puppe wurde aus einem Kristall mit eingeprägter Idee gefertigt, die im Anamnesis Anyder entdeckt wurde. Vermutlich ein Spielzeug der Amaurotaner, was die für eine Puppe beachtliche Größe erklären würde.","◎◆▽♥","Perplex","Macht eigene Trabanten in der Nähe unempfindlich für Angriffe von Tieren.<hex:02100103><hex:024804F201F803><hex:024904F201F903>Dauer:<hex:0249020103><hex:0248020103> 5 Sekunden",50,50,3,False,True,False,True,False,3
375,"Du rufst deinen Haikrieger als Begleiter herbei.<hex:02100103>Vor einem Hai mit Beinen ist man auch an Land nicht sicher.","Was wird aus dem gefährlichsten Jäger der Meere, wenn ihm Beine und sogar Arme wachsen? Das muss sich wohl irgendjemand gedacht haben, als er diesen Hai erschuf. Ob er für den Krieg eingesetzt werden sollte, ist nicht bekannt.","Achtung, ein Hai!<hex:02100103><hex:021A020203>Dryskthota<hex:021A020103>","Höllenjäger","Führt eine Attacke mit Attacke-Wert 90 auf die Gegner in der Nähe aus und schleudert sie zurück.",40,45,3,False,False,True,False,False,1
376,"Du rufst deine Dulia-Chai-Puppe als Begleiter herbei.<hex:02100103>Einfach ein „entzückendes Püppchen“, wie die werte Frau Chai sie beschreiben würde.","Diese Puppe fertigte Meister Chai-Nuzz seiner Gattin zum zwanzigsten Jahrestag ihrer Hochzeit an, wozu er all seine Kenntnisse im Taloi-Bau aufbot. Davon inspiriert nahm Dulia-Chai Nadel und Faden in die Hand und überreichte sie dir mit den Worten „Damit du uns niemals vergisst“.","Wie viel Arbeit mein Liebster darein gesteckt hat!<hex:02100103><hex:021A020203>Dulia-Chai<hex:021A020103>","Erdrückende Liebe","Fügt Gegnern in der Nähe im Sekundentakt 10 Schaden über Zeit zu.<hex:02100103><hex:024804F201F803><hex:024904F201F903>Dauer:<hex:0249020103><hex:0248020103> 20 Sekunden",40,70,2,False,False,False,True,False,1
377,"Du rufst dein Amaro-Küken als Begleiter herbei.<hex:02100103>Ein Amaro-Küken, das noch nicht flügge ist.","Dieses Jungtier gehört zur Gattung der Amaros, die als flugfähige Reittiere in ganz Norvrandt bekannt sind. Wäre es bereits ein Tupaq-Amaro mit der Fähigkeit mit deinesgleichen zu sprechen, würde es dir mitteilen, wie sehr ihn die Tatsache wurmt, dass es noch nicht fliegen kann.","Beim-allmächtigen-amaro-gott-sie-sind-so-wunderbar!!<hex:02100103><hex:021A020203>Bethric<hex:021A020103>","Zuchtmagie der Ronka","Halbiert den Ruf-Timer von Trabanten beim Herbeirufen.<hex:02100103><hex:024804F201F803><hex:024904F201F903>Dauer:<hex:0249020103><hex:0248020103> 10 Sekunden",50,35,3,False,True,False,False,False,9
378,"Du rufst dein Laladil als Begleiter herbei.<hex:02100103>Ein Krokodil, das selbst ausgewachsen einen Lalafell nicht überragt. Mit den Lalafell teilt das Krokodil auch den freundlichen Charakter.","Diese verwandte Art der Sarcosuchi wurde einst als „Gefährliches Großmaul in Lalafell-Größe“ angepriesen und in Ishgarder Adelskreisen als Prestige-Haustier gehalten. Tatsächlich tut es keiner Fliege etwas zuleide.","Meine kleine Bestie frisst mir aus der Hand.<hex:02100103><hex:021A020203>Stolzer Ishgarder Laladil-Besitzer<hex:021A020103>","Laladilsfromm","Macht die eigenen Einrichtungen (Tore, Schild und Suchendes Auge) unempfindlich für alle Angriffe.<hex:02100103><hex:024804F201F803><hex:024904F201F903>Dauer:<hex:0249020103><hex:0248020103> 20 Sekunden",50,60,2,False,False,False,True,False,9
379,"Du rufst deinen Unglückshasen als Begleiter herbei.<hex:02100103>Ein Hase, der die Höhen und Tiefen des Lebens kennt.","Dieser Hase, eine Kreation des talentierten Godbert, erfreute sich großer Beliebtheit in Ul'dah, doch wegen urheberrechtlichen Problemen war er eine Zeit lang nur als Maskottchen im Palais Platin anzutreffen.","Jeder verdient die Chance, im Gold Saucer zu arbeiten.<hex:02100103><hex:021A020203>Godbert Manderville<hex:021A020103>","Hasenfuß","Erhöht die GSW der ausführenden Trabanten um 30 %.<hex:02100103><hex:024804F201F803><hex:024904F201F903>Dauer:<hex:0249020103><hex:0248020103> 10 Sekunden",70,55,3,False,True,False,False,False,3
380,"Du rufst deinen Holladrio-Zwerg als Begleiter herbei.<hex:02100103>Eine kleine Marionette, die den typischen Gruß der Zwerge ordentlich zu schmettern weiß.","Unter den Zwergen ist kaum etwas wichtiger als ein ordentliches Holladrio! Unglück<hex:02160103>licher<hex:02160103>weise hat Ronitt kein Talent für jene Begrüßung in die Wiege gelegt bekommen und zu Übungszwecken diese Marionette gebaut.","HOLLADRIOOO!","Holladrio!","Macht Gegner in der Nähe be<hex:02160103>we<hex:02160103>gungs<hex:02160103>un<hex:02160103>fäh<hex:02160103>ig.<hex:02100103><hex:024804F201F803><hex:024904F201F903>Dauer:<hex:0249020103><hex:0248020103> 5 Sekunden",20,50,2,False,True,False,True,False,4
381,"Du rufst deine Mystel-Puppe als Begleiter herbei.<hex:02100103>Eine zauberhafte Marionettenversion eines Mystel, der dir bekannt vorkommt. Mit ihr hast du stets einen Freund an deiner Seite.","In dieser Marionette steckt das Herzblut eines jeden einzelnen Handwerkers der Manufaktur der Gemeinschaft. Wörter reichen ihnen nicht, um den einstigen Herren des Crystariums zu ehren und Statuen genügen ihnen nicht, um seiner zu gedenken.","Die Zeit zum Aufstand wird kommen.<hex:02100103><hex:021A020203>Kristall<hex:02160103>exarch<hex:021A020103>","Wissen der Allager","Erhöht die ABW von eigenen Trabanten in der Nähe um 10, im Fall von Puppen um 30.<hex:02100103><hex:024804F201F803><hex:024904F201F903>Dauer:<hex:0249020103><hex:0248020103> 6 Sekunden",30,80,1,False,False,True,False,True,3
382,"Du rufst deinen Aufzieh-Ardbert als Begleiter herbei.<hex:02100103>Auf seine Axt kannst du dich stets verlassen.","Die Marionette ist eine naturgetreue Darstellung von Ardbert, Krieger des Lichts und der Dunkelheit. Auf dass das Opfer, das er für den ersten Splitter brachte, niemals wieder in Vergessenheit gerät.","Ob du es glaubst oder nicht, ich habe auch noch andere Dinge zu tun, als dir überallhin zu folgen.<hex:02100103><hex:021A020203>Ardbert<hex:021A020103>","Heldenversprechen","Macht die eigenen Einrichtungen (Tore, Schild und Suchendes Auge) unempfindlich für alle Angriffe.<hex:02100103><hex:024804F201F803><hex:024904F201F903>Dauer:<hex:0249020103><hex:0248020103> 20 Sekunden",70,40,3,False,True,False,True,False,9
383,"Du rufst deinen A-Magitek-Höllentaucher als Begleiter herbei.<hex:02100103>Motto: Minimale Feuerkraft, maximal beeindruckend.","Wie der Himmelspanzer wird diese Flugmaschine von einem Piloten gesteuert, doch sie ist von vollkommen anderer Struktur. Diese Miniaturausführungen wurden produziert, damit Piloten die aerodynamischen Eigenschaften in sicherer Umgebung studieren können.","Die Samurai aus Doma können es sogar mit fliegenden Magitek-Kampf<hex:02160103>maschinen aufnehmen!<hex:02100103><hex:021A020203>Aymeric<hex:021A020103>","Luftangriff","Fügt dem nächstgelegenen gegnerischen Arkana-Stein 5 % Schaden zu.",45,70,4,False,False,True,True,False,8
384,"Du rufst deine Geira-Flauschekatze als Begleiter herbei.<hex:02100103>Wer ist ein weiches Kätzchen?!","Gelehrte und Studierte vermuten, dass diese Geira-Katzenart in extrem kalten Gefilden beheimatet ist. Ob ihr possierliches Äußeres nun Fett, Fell oder ein Mäntelchen ist, konnte aufgrund scharfer Krallen bislang nicht festgestellt werden.","Je weicher, desto wilder das Temperament.<hex:02100103><hex:021A020203>Laniaitte Haillenarte<hex:021A020103>","Fluffelflausch","Führt eine Attacke mit Attacke-Wert 80 auf die Gegner in der Nähe aus und verringert ihre ABW um 13<hex:021D0103>%.<hex:02100103><hex:024804F201F803><hex:024904F201F903>Dauer:<hex:0249020103><hex:0248020103> 6 Sekunden",30,40,2,False,False,True,True,False,1
385,"Du rufst deine illusionäre Phantom-Nekromantin als Begleiter herbei. Tote beschwört sie keine, denn es handelt sich schließlich um eine bloße Illusion.","Eine Pixie erschuf dieses Trugbild einer Phantom-Nekromantin, um ihr dafür zu danken, sich als Spielpartnerin zur Verfügung gestellt zu haben. Die Frau, die Modell stand, soll gegen das Böse heldenhaft gekämpft haben.","Wenn ihr dabei draufgeht, werde ich einen Totenbeschwörer anheuern, um euch wiederzubeleben, damit ich euch zur Strafe noch mal töten kann! <hex:02100103><hex:021A020203>Renda-Rae<hex:021A020103>","Nekromantie","Stellt einen zerstörten Schild wieder her.",30,45,3,False,False,False,True,False,9
386,"Du rufst deine allagische Melone als Begleiter herbei.<hex:02100103>Warum bewegt sich diese Melone von alleine?","Schon in grauer Vorzeit dienten Melonen als Wasserbehälter und wurden gerne als Grabbeigaben mitgegeben, um die Reise ins Jenseits zu erleichtern. Den Allagern waren die großen Früchte jedoch zu schwer, also musste eine Lösung her.","So wunderbar grrroß und rrrund!<hex:02100103><hex:021A020203>Miezekätzchen<hex:021A020103>","Melonenbombe","Stellt eine Falle auf, die nach 10 Sekunden ausgelöst werden kann. Bewirkt eine Attacke mit Attacke-Wert 270 auf die Gegner in der Nähe.",40,40,2,True,False,False,False,False,2
387,"Du rufst deinen Sandfuchs als Begleiter herbei.<hex:02100103>So klein und doch so gefräßig<hex:021D0103>...","Der Nachkomme einer uralten Wolfsart. Eigentlich wollte er sich dem großen Sotan anschließen, doch dieser schüttelte nur schweigend den Kopf. Stattdessen hat sich der Fuchs ein neues Vorbild gesucht<hex:021D0103>- dich!","Wie macht der Fuchs?<hex:02100103><hex:021A020203>Khloe Aliapoh<hex:021A020103>","Löchergraben","Entfernt eine vom Gegner aufgestellte Falle.",30,45,3,False,False,False,True,False,6
388,"Du rufst deinen Pteranoknirps als Begleiter herbei.<hex:02100103>So klein und doch so gefräßig<hex:021D0103>...","Dieses winzige Fliegerass wurde von einem Ishgarder Gartenbauexperten auf dem Diadem geborgen, wo es in seinem Nest ganz verlassen vor sich hin kreischte. Hingebungsvolle Pflege brachte das Jungtier aber schnell wieder in die Lüfte.","♪ Kyieeeeeh! ♪","Gleitflug","Erhöht die GSW der ausführenden Trabanten um 30 %.<hex:02100103><hex:024804F201F803><hex:024904F201F903>Dauer:<hex:0249020103><hex:0248020103> 10 Sekunden",50,55,3,False,False,True,True,False,3
389,"Du rufst deinen A-Dáinsleif als Begleiter herbei.<hex:02100103>Wird ohne die üblichen, irritierenden Gliedmaßen ausgeliefert.","Nach dem überwältigenden Erfolg des Rächers suchten die kaiserlichen Ingenieure nach weiteren Geschöpfen als Inspiration für ihre Kampf<hex:02160103>maschinen, und dieses katzenhafte Modell war ein Testobjekt für ihre Bewegungsstudien.","Das Biest aus Eisen hat zehn Mann mit einem Haps gefressen, ich schwöre es!<hex:02100103><hex:021A020203>Trunkener Soldat des Widerstands<hex:021A020103>","Magitek-Kralle","Fügt einem gegnerischen Suchenden Auge 90 % Schaden zu. Kein Effekt, falls es schon zerstört ist.",40,50,3,True,False,False,False,False,8
390,"Du rufst deinen Meister Enma-Begleiter herbei. ","In diesem letzten einer langen Reihe von Königen, welche die Geschicke der Welt der Yo-kais lenkten, schlummert die Seele eines mutigen Knaben und eines äußerst mächtigen Yo-kais.","Jetzt geht's los!","Enmas Megaladung","Führt eine Attacke mit Attacke-Wert 230 auf die Gegner in der Nähe aus.",70,35,2,True,True,True,True,False,1
391,"Du rufst deinen Meister Ananta-Begleiter herbei.","Er ist der Nachfolger Meister Enmas als Herrscher der Welt der Yo-kais. Einst erbitterte Rivalen, sind die beiden mittlerweile enge Vertraute geworden.","Brechen wir auf!","Schlangenstoß","Entfernt alle positiven Effekte von den gegnerischen Trabanten in der Nähe.",75,25,3,False,True,True,False,False,6
392,"Du rufst deinen Sasel-Begleiter herbei.","Er fungiert seit Generationen als Berater der Enmas, der Könige der Yo-kai Welt. An der Seite Meister Enmas half er mit, die Finsternis aus der Welt der Yo-kais zu vertreiben.","Meister!","Urteilsspruch","Erhöht die Technikpunkte eigener Trabanten in der Nähe um 10, außer wenn sie ebenfalls diesen Effekt verursachen können.",50,50,2,False,True,True,False,False,3
393,"Du rufst deine Dämona-Begleiterin herbei.","Als Prinzessin eines kleinen Landes der Unterwelt wurde sie von klein auf in dunkler Magie unterrichtet und hat große Stärke erlangt. Allerdings ist sie im Gegenzug unfähig, Emotionen zu empfinden.","Wenn's sein muss ...","Funkelchaos","Macht Gegner in der Nähe be<hex:02160103>we<hex:02160103>gungs<hex:02160103>un<hex:02160103>fäh<hex:02160103>ig.<hex:02100103><hex:024804F201F803><hex:024904F201F903>Dauer:<hex:0249020103><hex:0248020103> 5 Sekunden",60,25,2,False,True,False,True,False,4
394,"Du rufst deine Aufzieh-2B als Begleiter herbei.<hex:02100103>Eine winzige Androidin ganz in Schwarz, geborgen aus den Tiefen der Festung.","Diese kleine Marionette schlummerte in den Tiefen einer mysteriösen Militärbasis. Sie ähnelt der echten 2B bis aufs Haar, ist allerdings noch schweigsamer als das Original. Zu welchem Zweck dieses winzige YoRHa-Modell geschaffen wurde, ist unbekannt.","... ...","Ein Kampf endet","Führt eine Attacke mit Attacke-Wert 150 auf die Gegner in der Nähe aus und schleudert sie zurück.",65,40,3,False,True,False,True,False,1
395,"Du rufst deine Aufzieh-2P als Begleiter herbei.<hex:02100103>Eine winzige Androidin ganz in Weiß, geborgen aus den Tiefen der Festung.","Diese kleine Marionette schlummerte in den Tiefen einer mysteriösen Militärbasis. Sie ähnelt der echten 2P bis aufs Haar, scheint allerdings weniger angriffslustig. Zu welchem Zweck dieses winzige Modell geschaffen wurde, ist unbekannt.","... ...","Ein Kampf setzt sich fort","Verringert die Technikpunkte der Gegner in der Nähe um 50<hex:021D0103>% des Maximalwerts.",75,45,4,False,False,True,False,False,4
396,"Du rufst deinen anhänglichen Momora Mora als Begleiter herbei. Ein anhänglicher Fisch im wortwörtlichen Sinne.","Der Jungfisch des riesigen Salz<hex:02160103>was<hex:02160103>ser<hex:02160103>fisches Momora Mora, der in der Straße von Merlthor gesichtet werden kann. Unter den Fischern gilt er wegen der Häufigkeit, mit der er an der Angel hängt, als „Unkraut-Fisch“. ","Noch mehr Momora Mora?!<hex:02100103><hex:021A020203>Entgeisterter Fischer<hex:021A020103>","Adhärenz","Versetzt die ausführenden Trabanten zurück zu Tor B.",55,60,2,False,True,False,True,False,9
397,"Du rufst dein P-Tauchboot der Klasse „Syldra“ als Begleiter herbei, eine Miniaturausgabe des Tauchboots der Klasse „Syldra“. ","Ein Miniaturmodell, das von einer Tauchboot-Steuerpuppe zwischen Erkundungen gebaut wurde. Der Buchstabe P steht nicht etwa für das kaum hörbare „Pfff“, mit dem das Tauchboot durch die Luft gleitet, sondern schlicht und einfach für „Prototyp“.","Pfff...","Schiffe versenken","Führt eine Attacke mit Attacke-Wert 230 auf die Gegner in der Nähe aus.",50,80,3,True,False,False,False,False,1
398,"Du rufst deine Gaia-Puppe als Begleiter herbei. Sie wird deinen Feinden zeigen, wo der Hammer hängt.","Angeblich wurde diese Puppe in der Großen Leere entdeckt. Ihre Existenz dort ist eigentlich unvorstellbar, doch wenn man all die anderen unerklärlichen Ereignisse bedenkt, ist eine Hammer schwingenden Puppe vielleicht ganz normal.","Jetzt mal im Ernst. Du bist gekommen, um mit mir über Kekse zu reden?<hex:02100103><hex:021A020203>Gaia<hex:021A020103>","Schicksalshammer","Fügt dem nächstgelegenen gegnerischen Tor 60<hex:021D0103>% Schaden zu. Kein Effekt, falls es schon zerstört ist.",55,30,1,True,False,False,False,True,8
399,"Du rufst deine Palom-Puppe als Begleiter herbei. Sie ist einem Helden aus einer vergangenen Zeit nachempfunden, der eine Zwil<hex:02160103>lings<hex:02160103>schwes<hex:02160103>ter hatte.","Palom war der Zwil<hex:02160103>lings<hex:02160103>bru<hex:02160103>der von Porom. Angeblich soll er schon im Alter von fünf Jahren schwarze Magie erlernt haben. Da stellt sich bloß die Frage, wer so unverantwortlich war, einem kleinen Kind solch gefährlichen Künste beizubringen.","Irgendwas ist faul!<hex:02100103><hex:021A020203>Palom<hex:021A020103>","Bluff","Erhöht die ABW eigener Trabanten in der Nähe um 20.<hex:02100103><hex:024804F201F803><hex:024904F201F903>Dauer:<hex:0249020103><hex:0248020103> 10 Sekunden",20,60,2,False,False,True,False,False,3
400,"Du rufst deine Porom-Puppe als Begleiter herbei. Sie ist einer Heldin aus einer vergangenen Zeit nachempfunden, die einen Zwil<hex:02160103>lings<hex:02160103>bru<hex:02160103>der hatte.","Porom war eine Weißmagierin, die gemeinsam mit ihrem Zwil<hex:02160103>lings<hex:02160103>bru<hex:02160103>der Palom große Heldentaten vollbracht hat. Sie war auf Heilmagie spezialisiert und hatte ein großes Herz.","Und der mit dem frechen Mundwerk ist mein Zwil<hex:02160103>lings<hex:02160103>bru<hex:02160103>der Palom!<hex:02100103><hex:021A020203>Porom<hex:021A020103>","Heulen","Führt eine Attacke mit Attacke-Wert 150 auf die Gegner in der Nähe aus und verringert ihre ABW um 30 %.<hex:02100103><hex:024804F201F803><hex:024904F201F903>Dauer:<hex:0249020103><hex:0248020103> 6 Sekunden",10,30,2,False,False,False,True,False,1
401,"Du rufst deine Edge-Puppe als Begleiter herbei. Sie ist einem Helden aus einer vergangenen Zeit nachempfunden, der ein Prinz und ein Ninja war.","Edge soll nicht nur ein Prinz gewesen sein, sondern dazu noch ein talentierter Ninja. Das ist eine Kombination, die nur selten vorkommt, und um die ihn sicher viele junge Männer beneiden. ","Du hältst Wut für eine Schwäche? Lass mich dir zeigen, wie sehr du dich täuschst!<hex:02100103><hex:021A020203>Edge<hex:021A020103>","Ninjutsu","Erhöht die ATT aller Trabanten in der Nähe um 25.<hex:02100103><hex:024804F201F803><hex:024904F201F903>Dauer:<hex:0249020103><hex:0248020103> 6 Sekunden",85,30,4,False,False,True,False,False,3
402,"Du rufst deine Rydia-Puppe als Begleiter herbei. Sie ist einer ebenso ehrgeizigen wie liebenswerten Heldin aus einer vergangenen Zeit nachempfunden.","Diese Puppe ist einer Beschwörerin nachempfunden, die vor langer Zeit gelebt haben soll. Der Legende nach verschwand Rydia als junges Mädchen und tauchte kurze Zeit später als erwachsene Frau wieder auf.","Dieser Kampf ist unser aller Kampf.<hex:02100103><hex:021A020203>Rydia<hex:021A020103>","Beschwörung","Stellt einen zerstörten Schild wieder her.",80,80,3,False,False,False,True,False,9
403,"Du rufst deine Rosa-Puppe als Begleiter herbei. Sie ist einer freundlichen und gutherzigen Heldin aus einer vergangenen Zeit nachempfunden.","Die historische Weißmagierin, der diese Puppe nachempfunden ist, soll über große Heilkräfte verfügt haben und eine geschickte Bogenschützin gewesen sein.","Bitte, Cecil ... Sei am Leben!<hex:02100103><hex:021A020203>Rosa<hex:021A020103>","Gebet","'Regeneriert bei den eigenen Trabanten in der Nähe 100 LP, im Fall von Puppen 150.",30,50,2,False,True,False,False,False,7
404,"Du rufst deine Prinzessinnewache als Begleiter herbei. Für alle, die schon immer eine langbeinige, trompetenblasende Marionette auf Rädern wollten: Hier ist sie.","Diese Absurdität wurde tief im Delubrum Reginae gefunden und es wird vermutet, dass sie nur das verkleinerte Abbild einer noch größeren Absurdität ist, welche die Bozianer des Altertums vor den Garlearn beschützte. Welche Rätsel die Trompete birgt, ist unbekannt. ","Die Prinzessin ist also mal wieder auf eigene Faust unterwegs. Hoffentlich bringt sie uns nicht in Schwie<hex:02160103>rig<hex:02160103>keiten.<hex:02100103><hex:021A020203>Jack<hex:021A020103>","Nicht ganz königliches Edikt","Erhöht die Technikpunkte eigener Trabanten in der Nähe um 10, außer wenn sie ebenfalls diesen Effekt verursachen können.",45,40,3,False,True,True,True,False,3
405,"Du rufst deinen Tröpfel als Begleiter herbei. Er vertraut darauf, dass du ihm nichts antust.","Ein junger Wassergeist. Geboren aus dem Regen, der auf Abalathias Rückgrat fällt, ließ er sich im Thaliak-Fluss mittreiben und strandete schließlich in Matoyas Atelier. Dein Kampf gegen seine Brüder bewog ihn jedoch dazu, in die weite Welt hinauszuziehen. ","Sie beißen den Köder von der Angel ab und lachen dabei!<hex:02100103><hex:021A020203>Zorniger Fischer<hex:021A020103>","Wasserstreich","Fügt dem nächstgelegenen gegnerischen Arkana-Stein 5 % Schaden zu.",85,40,3,False,False,True,False,False,8
406,"Du rufst deinen Tricero als Begleiter herbei, ein Jungtier eines Triceratops.","Dieses Jungtier eines Triceratops wurde von Aurvael Haillenarte auf einer Diadem-Expedition entdeckt und nach Hause gebracht. Es soll die Weisheit besitzen, sich einzig Besitzer mit einem gütigen Herzen auszuwählen.","Auf dem Diadem findet man alle möglichen Schätze, aber <hex:021A020203>damit<hex:021A020103> hatte ich nicht gerechnet.<hex:02100103><hex:021A020203>Aurvael Haillenarte<hex:021A020103>","Trampelsaurier","Entfernt alle positiven Effekte von den gegnerischen Trabanten in der Nähe.",20,50,2,False,False,True,True,False,6
407,"Du rufst deinen Goldbiber als Begleiter herbei. Mit einem goldigen Gemüt gesegnet ist er innen wie außen goldig.  ","Ein rätselhaftes Wesen aus purem Gold, das immer dann in den Verliesen von Lyhe Ghiah erscheint, wenn jemand findet, wonach er gesucht hat, zum Beispiel eine Schatzkarte. Warum das so ist, weiß der Biber.","Biber!<hex:02100103><hex:021A020203>Versteck spielende Pixie<hex:021A020103>","Nagerlöcher","Fügt einem gegnerischen Schild 70 % Schaden zu. Kein Effekt, falls er schon zerstört ist.",60,60,2,False,False,True,False,False,8
408,"Du rufst deine Möwe als Begleiter herbei. Fischschwärme und unbeaufsichtigte Mahlzeiten vermag sie aus weiter Distanz zu sichten.","Von der Aussicht auf leichte Beute verlockt, folgte diese Möwe dem Hochseefischkutter „Endeavor“. Der anfängliche Ärger des Kapitäns über den diebischen Vogel schlug nach und nach in Bewunderung um, und am Ende wurde sie gar zum Ehrenmitglied der Fischergilde ernannt.","Frischer Fisch ist köstlich. Etwas störend nur die vielen Vögel. Man muss sich in Acht nehmen, nicht <hex:021A020203>getroffen<hex:021A020103> zu werden.<hex:02100103><hex:021A020203>Vkebbe<hex:021A020103>","Fischfinder","Erhöht die GSW eigener Trabanten in der Nähe um 35 %.<hex:02100103><hex:024804F201F803><hex:024904F201F903>Dauer:<hex:0249020103><hex:0248020103> 6 Sekunden",30,30,3,False,False,True,False,False,3
409,"Du rufst deinen Ameisenbär als Begleiter herbei. Er frisst Ameisen und keine Abenteurer - jedenfalls nicht, soweit dir bekannt ist<hex:021D0103>...","Ein Ameisenbär, der durch das Verschlingen von Unmengen an Ameisen seine stattliche Größe erreicht hat. In einigen Gegenden ist er auch unter dem Namen „Witwenmacher“ bekannt, da er mit dem Verschwinden von Wanderarbeitern in Zusammenhang gebracht wird.","Ich schwöre, er hat mich angesehen, als sei ich eine Ameise.<hex:02100103><hex:021A020203>Anonymer Wanderarbeiter<hex:021A020103>","Witwenmacher","Verringert die ABW von Gegnern in der Nähe um 50 %.<hex:02100103><hex:024804F201F803><hex:024904F201F903>Dauer:<hex:0249020103><hex:0248020103> 15 Sekunden",35,45,2,False,True,False,True,False,4
410,"Du rufst dein Delphinkalb als Begleiter herbei. Es besitzt mit seinen jungen Jahren mehr Verstand, als du jemals haben wirst.","Laut eines sharlayanischen Biologen sind Delphine die zweitklügsten Wesen auf diesem Planeten. Zu den klügsten Wesen hat sich derselbige Wissenschaftler niemals explizit geäußert. ","Adieu und danke für all die Fische.<hex:02100103><hex:021A020203>Sprechender Delphin<hex:021A020103>","Adieu","Verringert die GSW von Gegnern in der Nähe um 50 %.<hex:02100103><hex:024804F201F803><hex:024904F201F903>Dauer:<hex:0249020103><hex:0248020103> 5 Sekunden",60,45,3,False,False,False,True,False,4
411,"Du rufst deinen A-Magitek-Prädator als Begleiter herbei. Er kommt mitsamt garleischem Piloten daher und ist bereit, Chaos und Verwüstung anzurichten.","Eine Miniaturausgabe des Magitek-Prädators. Sie hatte sich unter den Soldaten der Telophoroi befunden, als diese in Paglth'an eingefallen waren. Wie sie von einem Spielzeuggeschäft in Garlemald dorthin kam, ist ein Rätsel.","Eine Magitek-Waffe ist kein Spielzeug!<hex:02100103><hex:021A020203>Widargelt<hex:021A020103>","Kampfkrallen","Fügt einem gegnerischen Suchenden Auge 90 % Schaden zu. Kein Effekt, falls es schon zerstört ist.",70,50,3,False,False,True,False,False,8
412,"Du rufst deine Señorita Kaktor als Begleiterin herbei. So kuschelig wie ein Igel.","Einer der attraktiven Preise des Gold Saucers. Geschaffen von Godbert, dem Eigentümer des Gold Saucers, der als größter Goldschmied Thanalans gilt, stellt diese Puppe die Nichte des legendären Señors Kaktor dar.","Diese Nadeln!<hex:02100103><hex:021A020203>Nanaphon<hex:021A020103>","Señorita ","Halbiert den Ruf-Timer von Trabanten beim Herbeirufen.<hex:02100103><hex:024804F201F803><hex:024904F201F903>Dauer:<hex:0249020103><hex:0248020103> 10 Sekunden",70,35,2,False,True,False,True,False,9
413,"Du rufst deine Benben-Pyramide als Begleiter herbei. Sie wurde auf dem Meeresgrund entdeckt und kann sich bewegen. Jeder braucht so etwas.","Die Bewohner Meracydias bauten einst ein Steinmonument in der Form des legendären Bergs Benben, dessen Name „Ewigkeit“ bedeutet. Die Pyramide bildete die Spitze. Wer sie zum Meeresgrund beförderte?  Na, ihre Beine, wer denn sonst?","Pyramiden brauchen Beine, um sich fortzubewegen.<hex:02100103><hex:021A020203>Anonymer Monumentforscher<hex:021A020103>","An der Spitze","Fügt dem nächstgelegenen gegnerischen Arkana-Stein 5 % Schaden zu.",35,30,2,True,False,False,False,False,8
414,"Du rufst dein Reise-Lagerfeuer als Begleiter herbei. Sollte in keiner (feuerfesten) Reisehandtasche fehlen.","Ein Lagerfeuer zum Mitnehmen, das nicht nur wilde Tiere fernhält, sondern auch vor Kälte schützt. Natürlich lassen sich auch Marshmallows darüber rösten.","Ah, die Wärme tut gut ... Und das Flackern der Flammen wirkt vertraut und beruhigend.<hex:02100103><hex:021A020203>Alphinaud<hex:021A020103>","Lagerfeuerromantik","Regeneriert 200 LP bei eigenen Trabanten in der Nähe, im Fall von Apparaten 250.",20,45,1,False,False,False,True,False,7
415,"Du rufst deine Maschinenwesen-Puppe als Begleiter herbei. Die Miniaturausgabe eines Maschinenwesens, das im oberen Teil des Hauptquartiers von Baldesions Gelehrten gefunden wurde.","Obwohl dieses kurzbeinige Wesen dir überallhin folgt, dich mit seinen Leuchtaugen anstarrt und mit seinen dünnen Ärmchen hin und wieder in die Luft boxt, will es dir nicht schaden.","<hex:021A020203>Was<hex:021A020103> diese Maschinenwesen tatsächlich sind, ist ein Geheimnis, das ich zu lüften gedenke! <hex:02100103><hex:021A020203>Anogg<hex:021A020103>","Attacke","Führt eine Attacke mit Attacke-Wert 30 auf die Gegner in der Nähe aus und schleudert sie zurück.",30,70,2,False,False,True,True,False,1
416,"Du rufst deine Lyna-Puppe als Begleiterin herbei. Wer sie ansieht, muss unwillkürlich salutieren.","Ein Zwergenhandwerker bat Lyna einst, Modell für eine Puppe zu stehen. Nach ein paar Krügen Zwergenbräu schwand ihr anfänglicher Widerstand. Obwohl eine wahre Schnapsidee, lässt sich das Ergebnis durchaus sehen.","Jawohl, Frau Kommandatin!<hex:02100103><hex:021A020203>Soldat der Stadtwache<hex:021A020103>","Führungserfahrung","Erhöht die ABW der ausführenden Trabanten um 40.<hex:02100103><hex:024804F201F803><hex:024904F201F903>Dauer:<hex:0249020103><hex:0248020103> 10 Sekunden",60,45,3,False,True,False,True,False,3
417,"Du rufst deine Runar-Puppe als Begleiter herbei. Ihr achtsamer Blick schenkt dir inneren Frieden.","Eine Puppe in der Gestalt von Runar, die zum Gedenken des Handelsvertrages zwischen den Untertanen der Nacht und den Bewohnern Crystariums angefertigt wurde. Die weiße Blume symbolisiert Runars Gefühle für eine bestimmte Dame.","Ach Runar, wein doch nicht. Du bist doch der Stärkste von uns allen.<hex:02100103><hex:021A020203>Y'shtola<hex:021A020103>","Weiße Blume","Erhöht die Technikpunkte eigener Trabanten in der Nähe um 10, außer wenn sie ebenfalls diesen Effekt verursachen können.",65,75,2,False,False,False,True,False,3
418,"Du rufst deine Gunnhildr-Puppe als Begleiterin herbei. Sie ist dir genauso treu ergeben, wie die echte Königin es ihrem Volk war.","Diese Puppe in der Gestalt von Königin Gunnhildr trug ein Stück Papier bei sich, auf dem stand: „Am Ende der Reise fand ich Liebe ... doch sie verschwand zusammen mit dem Licht.“ Die schon fast krankhaft zu nennende Detailtreue kommt dir irgendwie bekannt vor<hex:021D0103>... ","Ich halte das Schwert Gunnhildrs und gelobe, ihren Willen zu ehren.<hex:02100103><hex:021A020203>Misija<hex:021A020103>","Weiße Königin","Stellt eine Falle auf, die nach 10 Sekunden ausgelöst werden kann. Bewirkt die Verlangsamung von Gegnern in der Nähe um 70<hex:021D0103>%.<hex:02100103><hex:024804F201F803><hex:024904F201F903>Dauer:<hex:0249020103><hex:0248020103> 20 Sekunden",75,55,2,True,False,False,False,False,2
419,"Du rufst deinen Aufzieh-9S als Begleiter herbei, ein winziger Android ganz in Schwarz. ","Diese kleine Marionette, die dem echten 9S aufs Haar gleicht, wurde im oberen Teil des Hauptquartiers von Baldesions Gelehrten entdeckt. Was in seinem kleinen Köpfchen vorgeht, weiß niemand.","Er<hex:021D0103>... ist ein Android. Eine automatische Kampfeinheit. Genau wie ich.<hex:02100103><hex:021A020203>Aufzieh-2P<hex:021A020103>","Flüchtige Sanftheit","Führt eine Attacke mit Attacke-Wert 120 auf die Gegner in der Nähe aus und erhöht die ATT der ausführenden Trabanten um 20.<hex:02100103><hex:024804F201F803><hex:024904F201F903>Dauer:<hex:0249020103><hex:0248020103> 6 Sekunden",60,50,4,False,False,True,False,False,1
420,"Du rufst dein Rudy-Stofftier als Begleiter herbei. Seine violette Nase ist in ganz Eorzea bekannt.","Nachdem Rudy seine Pflichten als Kleines Helferlein erfüllt hatte, kehrte er zur Enttäuschung aller Kinder nach Hause in die Berge zurück. Einem wandernden Pilger gelang es jedoch, eine exakte lebende Kopie des Rentiers zu erschaffen. Ein Sternenlichtwunder!","Rudy, da hast du dich ja echt ins Zeug gelegt.<hex:02100103><hex:021A020203>Amh Garanjy<hex:021A020103>","Sternenlichtgeschenk","Führt eine Attacke mit Attacke-Wert 150 auf die Gegner in der Nähe aus und verringert ihre ABW um 30 %.<hex:02100103><hex:024804F201F803><hex:024904F201F903>Dauer:<hex:0249020103><hex:0248020103> 6 Sekunden",65,25,3,False,False,True,False,False,1
421,"Du rufst deinen Phantom-Rissai als Begleiter herbei. Erschaffen vom Tierheiligen Rissai höchst<hex:02160103>persön<hex:02160103>lich.","Der kinderliebe Rissai verwandelte sich eines Tages in einen Sterblichen und erbaute eine Schule. Wie sein Erzeuger ist auch das Phantom-Modell süßen Kindern und Süßigkeiten äußerst zugetan.","Süß!<hex:02100103><hex:021A020203>Rissai<hex:021A020103>","Schneeballfresser","Stellt eine Falle auf, die nach 10 Sekunden ausgelöst werden kann. Bewirkt eine Attacke mit Attacke-Wert 180 auf die Gegner in der Nähe.",100,50,4,False,True,False,False,False,2
422,"Du rufst dein Fähnchen als Begleiter herbei. Ein kleines Rehkitz mit großem Appetit.","Bei jeder Bewegung tanzt sein Wedel wie eine Fahne im Wind, was dem Rehkitz seinen Namen verliehen hat. Stets hungrig vermag es ganze Maisfelder kahlzufressen, weshalb ein Gehilfe es auf Bitte der Farmer zu sich nach Hause nahm.","Süß und unschuldig? Von wegen!<hex:02100103><hex:021A020203>Maisanbauer<hex:021A020103>","Vielfraß","Regeneriert 100 LP bei eigenen Trabanten in der Nähe, im Fall von Tieren 150",45,55,3,False,False,False,True,False,7
423,"Du rufst deinen Klein-Ea als Begleiter herbei. Klein, aber zu großen Gedanken fähig.","Die Ea pflegen Teile von sich abzuspalten, um ihre Gedanken zu ordnen. Diesem Ea-Teil gefiel seine neue Freiheit so sehr, dass er beschloss, nicht mehr zurückzukehren.","Alles ausräumen und wieder einräumen. So schafft man Ordnung, im Zimmer und im Kopf.<hex:02100103><hex:021A020203>Anonymer Aufräumexperte<hex:021A020103>","Epiphanie","Verdoppelt die LP-Regeneration der Trabanten innerhalb eines Tors.<hex:02100103><hex:024804F201F803><hex:024904F201F903>Dauer:<hex:0249020103><hex:0248020103> 20 Sekunden",40,40,3,True,False,True,False,False,9
424,"Du rufst dein Magus-Schwestern-Puppentrio als Begleiter herbei. Nur im Dreierpack erhältlich. ","Die Magus-Schwestern werden auf Thavnair als Gottheiten verehrt und ihre Nachbildungen zählen zu den beliebtesten Glücksbringern. Mit frei beweglichen Puppen, die Turnübungen vorführen, gehört dieses Trio zu den exklusiveren Angeboten in den Souvenirläden.","Ich könnte den Schwestern stundenlang zusehen.<hex:02100103><hex:021A020203>Anonymer Turner<hex:021A020103>","Delta-Angriff","Erhöht die Technikpunkte eigener Trabanten in der Nähe um 10, außer wenn sie ebenfalls diesen Effekt verursachen können.",20,40,2,True,False,False,False,False,3
425,"Du rufst dein Optimus Omikron als Begleiter herbei. Minimale Proportionen, maximale Leistung.","Ein Produkt des Versuchs der Omikron, kleine Versionen von sich selbst zu erschaffen. Aufgrund des Funktionsstillstands der Eroberungsmatrix Stigma-4 kam es leider niemals zur Massenproduktion.","Auf den Inhalt kommt es an, nicht auf die Größe.<hex:02100103><hex:021A020203>Zwerg-Ingenieur<hex:021A020103>","Verteidigungsprotokoll","Erhöht die ABW von eigenen Trabanten in der Nähe um 10, im Fall von Puppen um 30.<hex:02100103><hex:024804F201F803><hex:024904F201F903>Dauer:<hex:0249020103><hex:0248020103> 6 Sekunden",30,40,3,False,False,True,False,False,3
426,"Du rufst deinen Aufzieh-Anima als Begleiter herbei. Achtung: Kann nicht dazu verwendet werden, um deine Waffe zum Leben zu erwecken.","„Anima“ bedeutet „Seele“ in der Sprache der alten Garlear, während heutzutage das Wort benutzt wird, um die feminine Seite in Männern zu bezeichnen. Ob dies in irgendeiner Weise mit dem Aussehen des Primae zu tun hat, sei dahingestellt.","Wer seine Anima unterdrückt, wird es schrecklich bereuen.<hex:02100103><hex:021A020203>Psychologe<hex:021A020103>","Chaos-D","Führt eine Attacke mit Attacke-Wert 30 auf die Gegner in der Nähe aus und schleudert sie zurück.",55,50,1,False,True,False,False,False,1
427,"Du rufst deinen Sternenvogel als Begleiter herbei. Sein hoffnungsvolles Zwitschern verspricht einen schönen Tag.","Ein Vogel, dessen wunderschöne Gestalt Meteion gleichen soll. Solange die Hoffnung im Herzen nicht stirbt, soll sich sein Gefieder nicht schwarz verfärben.","Dieser Vogel verkörpert Schönheit und Hoffnung.<hex:02100103><hex:021A020203>Ornithologe<hex:021A020103>","Glücksvogel","Stellt einen zerstörten Schild wieder her.",20,70,2,False,True,False,True,False,9
428,"Du rufst deine nagxianische Katze als Begleiter herbei. Ein vornehmes Tier, schöner als alle ihre bisherigen Besitzer.","In der Blütezeit des alten Nagxia durften nur Adlige und hochrangige Priester sie besitzen. Es heißt, dass sie mit ihren blauen Augen Äther und die Seelen von Verstorbenen zu sehen vermag.","Die Katze ist das edelste Geschöpf dieser Welt!<hex:02100103><hex:021A020203>Katzenfanatiker<hex:021A020103>","Stolze Gelassenheit","Entfernt alle Effekte von allen Trabanten in der Nähe.",65,55,4,False,True,False,True,False,6
429,"Du rufst deine neue Urianger-Puppe als Begleiter herbei. Wer weiß, welche Gedanken sich hinter dieser hohen Stirn verbergen.","Beim Aufräumen stieß Tataru auf eine ganze Armee dieser Puppen - das Ergebnis einer Fehlbestellung. Da ihr Verschwendung zuwider ist, verpasste sie den Puppen neue Kleidung und eine neue Frisur, um möglichst viele Exemplare absetzen zu können.","Vor dir steht Urianger, seines Zeichens Astrologe.<hex:02100103><hex:021A020203>Urianger<hex:021A020103>","Sharlayanische Astrologie","Regeneriert bei den eigenen Trabanten in der Nähe 100 LP, im Fall von Puppen 150.",50,65,2,False,False,True,True,False,7
430,"Du rufst deinen Aufzieh-Vrtra als Begleiter herbei. Ein Miniaturmodell von einem der sieben Hohen Drachen.","Laut Legende soll Vrtra als letzter der sieben Hohen Drachen geschlüpft sein. Entgegen seines furcht<hex:02160103>er<hex:02160103>re<hex:02160103>gen<hex:02160103>den Aussehens wird ihm nachgesagt, von freundlichem Gemüt gewesen zu sein.","Nicht alle Drachen bringen Tod und Zerstörung.<hex:02100103><hex:021A020203>Lucia<hex:021A020103>","Sandhauch","Führt eine Attacke mit Attacke-Wert 110 auf die Gegner in der Nähe aus.",85,60,3,False,True,True,False,False,1
431,"Du rufst dein Flusspferdkalb als Begleiter herbei. Klein, aber sehr schwer.","Ursprünglich auf dem südlichen Kontinent Meracydia beheimatet, gilt die Existenz von Flusspferden auf Thavnair als Beweis, dass zwischen den Kontinenten seit alters Handelskontakt besteht.","Ich glaub, mich tritt ein Flusspferd!<hex:02100103><hex:021A020203>Händler aus Thavnair<hex:021A020103>","Großes Gähnen","Macht Gegner in der Nähe be<hex:02160103>we<hex:02160103>gungs<hex:02160103>un<hex:02160103>fäh<hex:02160103>ig.<hex:02100103><hex:024804F201F803><hex:024904F201F903>Dauer:<hex:0249020103><hex:0248020103> 5 Sekunden",20,60,1,False,True,False,False,False,4
432,"Du rufst deinen Krabbenkrebs als Begleiter herbei. Krabbelt sehr schnell mit seinen zehn Beinen.","Eine neue Krebsart, die nach ihren Entdeckern, den Krabben, einem Unterstamm der Arkasodara,  benannt wurde. Nicht zu verwechseln mit der Krabbe, die ebenfalls ein Krebstier ist.","Da krabbelt was den Baum hoch!<hex:02100103><hex:021A020203>Erstaunter Arkasodara<hex:021A020103>","Krebsgang","Macht eigene Trabanten in der Nähe unempfindlich für Angriffe von Monstern.<hex:02100103><hex:024804F201F803><hex:024904F201F903>Dauer:<hex:0249020103><hex:0248020103> 5 Sekunden",30,85,2,False,False,True,False,False,3
433,"Du rufst deinen Lunatender-Prinzen als Begleiter herbei. Nicht nur eine einfache Grünpflanze.","Zu einem Paradies gehören Pflanzen und so brachten die Loporrit diesen Lunatender nach Smileton. Der war nun aber keine gewöhnliche Grünpflanze, sondern ein Prinz, dem es nicht gefiel, nur Dekoration zu sein. Eines Tages sprang er in deine Tasche und ward frei.","Ein schönes Paradies ist das.<hex:02100103><hex:021A020203>Alphinaud<hex:021A020103>","Mondlichtbad","Stellt eine Falle auf, die nach 10 Sekunden ausgelöst werden kann. Bewirkt eine Attacke mit Attacke-Wert 260 auf die Gegner in der Nähe.",65,60,2,False,False,True,False,False,2
434,"Du rufst dein Tröllchen als Begleiter herbei. Er grinst dich lieb an.","Aus Neugier schlich sich dieses Trolljunge ins Aitiaskop und fiel hinab auf den Sternengrund. Dort traf es seine verstorbenen Ahnen, eine Begegnung, die seine geistige Entwicklung gehörig vorantrieb, auch wenn man ihm seine Reife nicht unbedingt ansieht.","Grrr!<hex:02100103><hex:021A020203>Flauschi<hex:021A020103>","Niesen","Fügt Gegnern in der Nähe eine Schwäche gegen Monster zu.<hex:02100103><hex:024804F201F803><hex:024904F201F903>Dauer:<hex:0249020103><hex:0248020103> 15 Sekunden",40,60,2,False,False,True,False,False,4
435,"Du rufst deinen Caduceus als Begleiter herbei. Eine von Hermes' Schöpfungen. ","Diese kluge Schlange diente einst als Bote in Elpis. Ob sich Amon an sie erinnerte und deswegen seiner Schlangenkreation denselben Namen gab, bleibt ein Rätsel. ","Sie ist keine Schlange, sondern eine Ananta!<hex:02100103><hex:021A020203>Tahla Molkoh<hex:021A020103>","Ringelreigen","Verringert die ATT von Gegnern in der Nähe um 40 %.<hex:02100103><hex:024804F201F803><hex:024904F201F903>Dauer:<hex:0249020103><hex:0248020103> 6 Sekunden",50,50,3,False,False,False,True,False,4
436,"Du rufst deinen Abenteurerkorb als Begleiter herbei. Weil niemand mit leerem Magen die Welt retten sollte.","Ein Korb voller Köstlichkeiten, der sowohl extreme Kälte als auch größte Hitze aushält und damit für Abenteurer ideal ist. Wenn dir die Kugeln um die Ohren fliegen, öffne den Korb und lass dich in Picknicklaune versetzen.","Es sind oft die kleinen Dinge im Leben, die das Leben schön machen, kupo!<hex:02100103><hex:021A020203>Mogomo<hex:021A020103>","Picknick","Erhöht die ABW der ausführenden Trabanten um 40.<hex:02100103><hex:024804F201F803><hex:024904F201F903>Dauer:<hex:0249020103><hex:0248020103> 10 Sekunden",10,90,1,False,False,False,True,False,3
437,"Du rufst deinen Goldenen Dhyata als Begleiter herbei. Er ist weder Fisch noch Vogel, sondern eine Übersetzungsmaschine.","Ein von Professorin Rurusha restauriertes Artefakt, dem eine Ähnlichkeit zu einem Wels nachgesagt wird. Weshalb diese Form für eine Übersetzungsmaschine gewählt wurde, bleibt ein Rätsel.","Kann mal jemand für mich übersetzen?<hex:02100103><hex:021A020203>Sawney<hex:021A020103>","Wörtliche Übersetzung","Entfernt alle negativen Effekte von eigenen Trabanten in der Nähe.",60,40,3,False,False,True,False,False,6
438,"Du rufst deinen Laub-Klauber als Begleiter herbei. Gut im Verstecken, aber offensichtlich nicht gut genug.","Dieses Genomos-Junge versteckte sich im grünen Laub und hielt sich für unsichtbar - bis es von einem Gehilfen eingefangen wurde. Genomos wurden von den Sharlayanern lange Zeit wegen ihrer Eigenschaft, Schädlinge zu fressen, als Nutztiere gezüchtet.","Niemand ist wütend auf dich, komm doch bitte raus, falls du dich versteckst!<hex:02100103><hex:021A020203>Yalana<hex:021A020103>","Aufblühen","Fügt Gegnern in der Nähe im Sekundentakt 10 Schaden über Zeit zu.<hex:02100103><hex:024804F201F803><hex:024904F201F903>Dauer:<hex:0249020103><hex:0248020103> 20 Sekunden",30,30,3,False,False,False,True,False,1
439,"Du rufst deine Grebuloff-Puppe als Begleiter herbei. Sie verströmt einen leichten Duft nach Meer und Felsen.","Ein Namazuo-Handwerker soll diese magische Puppe einer rätselhaften Gestalt nachgebildet haben, die vor ihm erschien, als er benommen an Land taumelte, nachdem er beinahe ertrunken wäre.","Hilfe! Da ertrinkt jemand!<hex:02100103><hex:021A020203>Strandbesucher<hex:021A020103>","Blubberblubber","Halbiert den Ruf-Timer von Trabanten beim Herbeirufen.<hex:02100103><hex:024804F201F803><hex:024904F201F903>Dauer:<hex:0249020103><hex:0248020103> 10 Sekunden",40,55,3,False,False,True,True,False,9
440,"Du rufst deine Nosferatu-Puppe als Begleiter herbei. Sie besitzt einen genügend starken Charakter, um ihrer Schwäche für Blut nicht nachzugeben.","Ein fledermausähnliches Wesen, dem es zwar nach deinem Blut dürstet, aber ebenso nach deiner Liebe, weshalb es dir niemals Schaden zufügen wird. Woher sein Name stammt, ist nicht bekannt. ","Ruhig Blut, mein Lieber!<hex:02100103><hex:021A020203>Hildibrand<hex:021A020103>","Aderlass","Macht die Auto-Attacke der ausführenden Trabanten zu einem Flächenangriff.<hex:02100103><hex:024804F201F803><hex:024904F201F903>Dauer:<hex:0249020103><hex:0248020103> 12 Sekunden",75,50,3,False,False,True,True,False,3
441,"Du rufst deine heroische Puppe als Begleiter herbei. Komm schon, du weißt, wer sie ist.","Es war einmal eine Frau, die nicht müde wurde, sich für die Rettung anderer einzusetzen, selbst nachdem sie ihren Titel als Azem abgetreten hatte. Die Puppe wurde zu Ehren dieser Heldin geschaffen, die am Ende zu einer Göttin wurde.","Gut. Machen wir uns also ans Werk.<hex:02100103><hex:021A020203>Heroische Frau<hex:021A020103>","Persona","Macht Gegner in der Nähe be<hex:02160103>we<hex:02160103>gungs<hex:02160103>un<hex:02160103>fäh<hex:02160103>ig.<hex:02100103><hex:024804F201F803><hex:024904F201F903>Dauer:<hex:0249020103><hex:0248020103> 5 Sekunden",55,55,3,False,True,False,False,False,4
442,"Du rufst deine Daivadipa-Puppe als Begleiter herbei. Knie dich nieder, sieh ihr in die Augen und erfahre, auf welcher Seite du stehst.","Eine Puppe in der Gestalt von einer der Mrga-Gottheiten. In der Sprache der alten Arkasodara bedeutet der Name „himmlisches Licht“ sowie „Auge“, was eine Referenz zu ihrer Fähigkeit darstellt, Gutes von Bösem zu unterscheiden.","Meinen großen Augen entgeht nichts!<hex:02100103><hex:021A020203>Gyoka<hex:021A020103>","Göttliches Auge","Erhöht die ATT eigener Trabanten in der Nähe um 10.<hex:02100103><hex:024804F201F803><hex:024904F201F903>Dauer:<hex:0249020103><hex:0248020103> 10 Sekunden",55,55,3,False,True,False,True,False,3
443,"Du rufst deinen königlichen Lunatender als Begleiter herbei. Einst ein König, dann ein Sachpreis und jetzt läuft er dir hinterher.","Als dieser Lunatender aufgrund einer Mutation golden wurde, verließ er den grauen Mond, weil ihm seine auffällige Farbe nur Ärger bescherte. Er beschloss, von nun an als Sachpreis des Euphoratrons durchs Leben zu gehen.","So ist es, mein König.<hex:02100103><hex:021A020203>Ihanashi<hex:021A020103>","Sonnenbad","Verdoppelt die LP-Regeneration der Trabanten innerhalb eines Tors.<hex:02100103><hex:024804F201F803><hex:024904F201F903>Dauer:<hex:0249020103><hex:0248020103> 20 Sekunden",55,50,4,False,True,False,False,False,9
444,"Du rufst deine Arkasodara-Puppe als Begleiter herbei. Sie trägt die traditionelle Tracht Thavnairs und schlackert höflich mit den Ohren.","Eine magische Puppe, die als Treuegeschenk für Hipporaser-Kunden erschaffen wurde. Viel zu hübsch für einen bloßen Werbeartikel wird sie von Händlern in Yedlihmad als Sammlerpuppe für teure Gil angeboten.","Ich möchte mich von Arkasodara zu Arkasodara unterhalten.<hex:02100103><hex:021A020203>Trna<hex:021A020103>","Alchemistenmittel","Fügt Gegnern in der Nähe im Sekundentakt 10 Schaden über Zeit zu.<hex:02100103><hex:024804F201F803><hex:024904F201F903>Dauer:<hex:0249020103><hex:0248020103> 20 Sekunden",30,70,2,False,True,False,False,False,1
445,"Ein Gehilfe fand dieses winzige Känguru, in dessen Beutel sich ein noch winzigeres Känguru befindet.<hex:02100103><hex:02100103>Benutze diesen Gegenstand, um das Aufzieh-Känguru zu rufen.","Ein Beuteltier aus dem südlichen Kontinent Meracydia, das aus den Ruinen einer Ausgrabungs-<hex:02100103>stätte geborgen wurde. Das kleine Babykänguru in seinem Beutel streckt äußerst selten seinen Kopf heraus und taucht dann direkt wieder ab.","Ein Blick auf das Känguru im Beutel ist jedes Warten wert.<hex:02100103><hex:021A020203>Känguruforscher<hex:021A020103>","Kängurukick","Führt eine Attacke mit Attacke-Wert 60 auf die Gegner in der Nähe aus und verringert ihre GSW um 70 %.<hex:02100103><hex:024804F201F803><hex:024904F201F903>Dauer:<hex:0249020103><hex:0248020103> 10 Sekunden",65,50,3,False,False,False,True,False,1
446,"Eine Miniaturausgabe des Brummonauten.<hex:02100103><hex:02100103>Benutze diesen Gegenstand, um den Proto-Brummonauten zu rufen.","Als die alten Allager den Brummonauten als Kriegsmaschine entwickelten, fertigten sie zunächst einen Prototyp im Kleinformat an. So klein seine Maße sind, bezüglich Zer<hex:02160103>störungs<hex:02160103>kraft kann er es durchaus mit dem Endprodukt aufnehmen.","Ich gäbe alles dafür, mich den Erfinder einer solchen Maschine nennen zu dürfen.<hex:02100103><hex:021A020203>Mechaniker<hex:021A020103>","Dampfreinigung","Erhöht die ABW der ausführenden Trabanten um 40.<hex:02100103><hex:024804F201F803><hex:024904F201F903>Dauer:<hex:0249020103><hex:0248020103> 10 Sekunden",40,40,2,False,False,True,True,False,3
447,"Du rufst deinen Kapipikulu als Begleiter herbei. Eine kleine magische Marionette geborgen aus Alzadaals Schatzkammer.","Ein Diener des Schatzkammerwächters Kapikulu. Ausschließlich zuständig für dessen Schutz war sein Arbeitsalltag von großer Monotonie geprägt. Eines Tages drang jemand in die Schatzkammer ein und zerschmetterte den Kapikulu, so dass der Diener arbeitslos wurde.","Der Kapikulu der Schatzkammer wurde restlos zerstört.<hex:02100103><hex:021A020203>Varshahn<hex:021A020103>","Schutz des Magistrats ","Macht die ausführenden Trabanten unempfindlich für alle Angriffe.<hex:02100103><hex:024804F201F803><hex:024904F201F903>Dauer:<hex:0249020103><hex:0248020103> 6 Sekunden",70,80,2,False,True,False,False,False,3
448,"Du rufst deinen Chiwauwau als Begleiter herbei. Er ist lieb und verspielt.","Ein kleiner schwarz-weißer Welpe, der dich mit seinem Hundeblick um die Pfote wickeln wird. Er wurde in der Neuen Welt gefunden und von einem limsischen Matrosen nach Eorzea gebracht. In seinem freudigen Schwanzwedeln zeigt sich seine Abenteuerlust. ","Ein Blick aus seinen runden Augen lässt dich alle zerkauten Schuhe vergessen.<hex:02100103><hex:021A020203>Chiwauwau-Halter<hex:021A020103>","Wauwau","Erhöht die Technikpunkte eigener Trabanten in der Nähe um 10, außer wenn sie ebenfalls diesen Effekt verursachen können.",40,55,3,False,True,True,False,False,3
449,"Du rufst deinen Aufzieh-Novus D herbei. Ein Spielzeugauto aus Blech, das von einem Garlear gesteuert wird.","Ein Blechspielzeugauto, das bei den garleischen Kindern der Renner ist. Der Schöpfer dieses genialen Produkts ist ein gewisser Ingenieur, dem dieses Projekt ebenso viel Spaß wie auch Gil einbrachte.","Brumm, brumm!<hex:02100103><hex:021A020203>Garleisches Kind<hex:021A020103>","Gastritt","Erhöht die GSW eigener Trabanten in der Nähe um 35 %.<hex:02100103><hex:024804F201F803><hex:024904F201F903>Dauer:<hex:0249020103><hex:0248020103> 6 Sekunden",85,75,4,False,True,False,True,False,3
450,"Du rufst dein Wunderhäschen als Begleiter herbei.<hex:02100103>Die rosarote Nachbildung eines frechen, kleinen Glücksboten. Und er ist so flauschig!","Diese Marionette ist zwar nur die Nachbildung eines Glückshasen, doch der Kristall in ihrem Inneren war ein Geschenk des Originals selbst. Vielleicht färbt sein Glück ja etwas auf dich ab? Aber lass es bloß nicht unbeaufsichtigt mit Hühnern ...","Quiiiep～♪","Glückseligkeit","Macht die Auto-Attacke der ausführenden Trabanten zu einem Flächenangriff.<hex:02100103><hex:024804F201F803><hex:024904F201F903>Dauer:<hex:0249020103><hex:0248020103> 12 Sekunden",40,40,4,False,True,False,False,False,3
451,"Du rufst deine Azeyma-Puppe herbei, eine Miniaturabbildung der Sonnengöttin Azeyma.","Einem gewissen Goldschmied soll nach langem Herumirren in der Wüste Azeyma erschienen sein. Überwältigt von dieser Begegnung griff er sogleich nach seinem Werkzeug, um ihre Schönheit festzuhalten.","In aller Herrlichkeit strahlt sie und wird dich reinwaschen von deinen Sünden.<hex:02100103><hex:021A020203>Swaenhylt<hex:021A020103>","Azeyma-Fächer","Erhöht die ATT eigener Trabanten in der Nähe um 20, im Fall von Puppen um 40.<hex:02100103><hex:024804F201F803><hex:024904F201F903>Dauer:<hex:0249020103><hex:0248020103> 6 Sekunden",55,50,2,False,False,False,True,False,3
452,"Du rufst deine Ragnarök-Miniatur herbei, ein Meisterwerk feinmechanischer Präzisionsarbeit.","Dieses Minimodell der <hex:021A020203>Ragnarök<hex:021A020103> wurde anlässlich der Fertigstellung der Arche erstellt. Vom Steuerraum bis zum Motor wurde alles bis ins kleinste Detail originalgetreu nachgebaut.","Die <hex:021A020203>Ragnarök<hex:021A020103> ist ein Schiff wie kein anderes.<hex:02100103><hex:021A020203>Cid<hex:021A020103>","Instant-Navigation","Halbiert den Ruf-Timer von Trabanten beim Herbeirufen.<hex:02100103><hex:024804F201F803><hex:024904F201F903>Dauer:<hex:0249020103><hex:0248020103> 10 Sekunden",45,50,2,False,True,True,True,False,9
453,"Du rufst deinen Blaufußtölpel herbei. Nicht weniger gefürchtet als Rauschebarts Zorn.","Das Wort „böse“ trifft wohl den Charakter dieses Vogels am besten. Wer sich von seinen lieblichen Augen in die Irre führen lässt, bereut es spätestens dann, wenn der Schnabel des Vogels auf einen einhackt.","Ein Tölpel ist, wer den Blaufußtölpel unterschätzt.<hex:02100103><hex:021A020203>Anonymer Pirat<hex:021A020103>","Höhenflug","Macht die Auto-Attacke der ausführenden Trabanten zu einem Flächenangriff.<hex:02100103><hex:024804F201F803><hex:024904F201F903>Dauer:<hex:0249020103><hex:0248020103> 12 Sekunden",55,55,1,False,False,False,False,True,3
454,"Du rufst deinen Aufzieh-Koyo-Koyo herbei. Lass ihn nur nicht aus den Augen, sonst hast du am Ende doch noch eine Invasion am Hals.","Es war Godbert Manderville, der diese kleine Marionette anfertigte. Der außerætherische Besucher hat den guten Godbert derart inspiriert, dass diese lebensechte Nachbildung dich nun auf all deinen Abenteuern begleiten kann.","Sein Name ist Koyo-Koyo.<hex:02100103><hex:021A020203>Hildibrand<hex:021A020103>","Koyo-Koyo-Gruß","Stellt einen zerstörten Schild wieder her.",80,40,1,False,False,False,True,False,9
455,"Du rufst deinen Auzieh-Solus herbei, eine mechanische Puppe, die dem ersten Kaiser des Garleischen Kaiserreichs Solus nachgebildet ist.","Diese Puppe wurde anlässlich des neunten Jubiläums der Inthronisation von Solus angefertigt und soll zur Demonstration der garleischen Technologie auch an alle Haushalte in den Provinzen verteilt worden sein.  ","Wenn doch bloß jemand wie Kaiser Solus auftauchen würde.<hex:02100103><hex:021A020203>Dossennus<hex:021A020103>","Fingerschnippen","Versetzt die ausführenden Trabanten zurück zu Tor B.",40,80,2,False,False,True,False,False,9
456,"Du rufst deine Miaurizius-Puppe als Begleiter herbei. Miezencharme-Alarm!","Diese Miaurionetten-Puppe wurde von Sharlayan als Arbeitskraft für das Pionierprojekt Inselparadies zur Verfügung gestellt. Da sie jedoch weder besonders stark noch klug ist, besteht ihre vornehmliche Aufgabe darin, süß auszusehen.","Einfach hinreißend!<hex:02100103><hex:021A020203>Tataru<hex:021A020103>","Katzenlehre","Verringert die Technikpunkte der Gegner in der Nähe um 50<hex:021D0103>% des Maximalwerts.",50,45,3,False,True,False,False,False,4
457,"Du rufst deinen Lumini herbei. Einem Ea nachempfunden, der seine fleischliche Hülle wiederzuerlangen suchte. Der Versuch scheiterte kläglich<hex:021D0103>...","Stigma-4 schuf diese magische Marionette als warnendes Exempel für jene Ea, deren wieder-<hex:02100103>gewecktes Interesse am Essen und Geschmack dazu führte, dass sie sich nach einer fleischlichen Hülle zu sehnen begannen.","◎※★△ ...","Zerstückelt","Verdoppelt die LP-Regeneration der Trabanten innerhalb eines Tors.<hex:02100103><hex:024804F201F803><hex:024904F201F903>Dauer:<hex:0249020103><hex:0248020103> 20 Sekunden",50,50,2,True,False,False,False,False,9
458,"Du rufst deinen roten Aufzieh-Chaser als Begleiter herbei. Rot, ratternd, rassig.","Ein Garlond-Modellbauer fertigte dieses Modell nach dem Vorbild einer Kampfmaschine an, die auf dem Trainingsgelände Astragalos zum Einsatz kommt. Weil als Spielzeug viel zu teuer, wird es als Trophäe an die erfolgreichsten Schlachtenteilnehmer vergeben.","Mama, ich will das!<hex:02100103><hex:021A020203> Anonymes Kind<hex:021A020103>","Transformation","Erhöht die GSW der ausführenden Trabanten um 30 %.<hex:02100103><hex:024804F201F803><hex:024904F201F903>Dauer:<hex:0249020103><hex:0248020103> 10 Sekunden",70,60,3,False,True,False,True,False,3
459,"Du rufst deinen blauen Aufzieh-Chaser als Begleiter herbei. Blau, bombig, bärenstark.","Ein Garlond-Modellbauer fertigte dieses Modell nach dem Vorbild einer Kampfmaschine an, die auf dem Trainingsgelände Astragalos zum Einsatz kommt. Weil als Spielzeug viel zu teuer, wird es als Trophäe an die erfolgreichsten Schlachtenteilnehmer vergeben.","Mama, ich will das!<hex:02100103><hex:021A020203> Anonymes Kind<hex:021A020103>","Transformation","Erhöht die GSW der ausführenden Trabanten um 30 %.<hex:02100103><hex:024804F201F803><hex:024904F201F903>Dauer:<hex:0249020103><hex:0248020103> 10 Sekunden",70,60,3,False,True,False,True,False,3
460,"Du rufst deine Scarmiglione-Puppe als Begleiter herbei. Die Puppenversion des Nichts<hex:02160103>gesand<hex:02160103>ten Scarmiglione.","Der Elementarfürst der Erde ließ diese Puppe von einem niederen Nichts<hex:02160103>gesand<hex:02160103>ten anfertigen, um seine Schrecklichkeit zu demonstrieren. Obwohl von enttäuschend mickrigem Aussehen besitzt diese Puppe über ungeheure Kräfte, die sich aus der Stärke seines Erzeugers speisen.","Nun lernt ihr unser wahres Wesen kennen!<hex:02100103><hex:021A020203>Scarmiglione <hex:021A020103>","Tentakelhieb","Fügt dem nächstgelegenen gegnerischen Arkana-Stein 5 % Schaden zu.",40,65,1,False,False,False,False,True,8
461,"Du rufst dein Dragobo-Küken als Begleiter herbei. Ein putziges Andenken an das Fest zur Himmelswende.","Im Bestreben, den edlen Drachen vorzustellen, der diesmal im Fernen Osten das neue Jahr einläutet, hat die Delegation aus Hingashi dieses Chocobo-Küken als Maskottchen ausgewählt. Die Kreatur scheint ihre Rolle zu genießen und trägt ihr Kostüm mit bewundernswertem Eifer.","Der erste aller Drachen. Der Herrscher über die Herren des Himmels.<hex:02100103><hex:021A020203>Urianger<hex:021A020103>","Segen des Drachen","Entfernt alle negativen Effekte von eigenen Trabanten in der Nähe.",50,50,4,False,False,True,False,False,6
462,"Du rufst dein Flughörnchen als Begleiter herbei. Ein kleiner Säuger, der durch die Lüfte gleiten kann.","Anders als sein Verwandter, das Eichhörnchen, kann dieses Säugetier yalmenweit in der Luft gleiten, indem es seine Flugmembrane ausbreitet und geschickt Wind- und Ätherströme ausnutzt.  ","Fliege in die Welt hinaus wie ein Flughörnchen!<hex:02100103><hex:021A020203>Hinganisches Sprichwort<hex:021A020103>","Flughautflug","Macht eigene Trabanten in der Nähe unempfindlich für Angriffe von Monstern.<hex:02100103><hex:024804F201F803><hex:024904F201F903>Dauer:<hex:0249020103><hex:0248020103> 5 Sekunden",40,45,3,False,False,True,True,False,3
463,"Du rufst dein Silkie-Schwämmchen als Begleiter herbei. Ein kleines Familiar mit großem Putzfimmel.","Ein Verwandter eines Putz-Familiars, der in der Unterstadt von Sil'dih zurückgelassen wurde. Es kann Seife herbeizaubern, die es mit seinem flauschigen Puschel aufschäumt. Wegen seiner geringen Größe vermag es selbst schwer zugängliche Ritzen, Ecken und Winkel blitzsauber zu putzen. ","Quietsch ♪","Putzfimmel","Macht die ausführenden Trabanten unempfindlich für Angriffe von Puppen.<hex:02100103><hex:024804F201F803><hex:024904F201F903>Dauer:<hex:0249020103><hex:0248020103> 10 Sekunden",35,45,4,False,False,False,True,False,3
464,"Du rufst deine Unterstadt-Echse als Begleiter herbei. Eine Echse, die in den sil'dhischen Kanälen haust und sie frei von Ungeziefern hält.","Mit ihrer blauen langen Zunge fängt diese kleine Echse nicht nur Insekten, sondern sorgt auch dafür, dass sich kein Schimmel an den Wänden der Unterstadt ansetzt. Für diese reinigenden Verdienste wurde sie sogar einmal mit dem sil'dhischen Stadtwächter-Orden ausgezeichnet.","Ich würde eher eine Kanalratte anheuern, um meine Speisekammer zu bewachen!<hex:02100103><hex:021A020203> Milala<hex:021A020103>","Schlabberschleck","Fügt Gegnern in der Nähe eine Schwäche gegen Tiere zu.<hex:02100103><hex:024804F201F803><hex:024904F201F903>Dauer:<hex:0249020103><hex:0248020103> 15 Sekunden",45,50,3,False,True,True,False,False,4
465,"Du rufst deine Philos-Puppe als Begleiter herbei. Sie wird dir ein treuer Freund sein.","Es war einmal ein Mann, der eine große Verantwortung für den Stern schulterte. Trotzdem erfreute er sich mit seinen lieben Freunden an den einfachen Dingen. Diese Puppe wurde ihm zu Ehren angefertigt.","Ja. Glaube an dich. Und deine Seele wird wieder erstrahlen.<hex:02100103><hex:021A020203>Vertraut wirkender Mann<hex:021A020103>","Hingabe","Erhöht die Technikpunkte eigener Trabanten in der Nähe um 10, außer wenn sie ebenfalls diesen Effekt verursachen können.",40,60,1,False,False,False,False,True,3
466,"Du rufst deine Erichthonios-Puppe als Begleiter herbei. Sie wird sie alle retten wollen ...","Ein Kerkermeister des Pandæmoniums und Kollege von Erichthonios fertigte aus Hochachtung vor dessen Verantwortungsbewusstsein diese Puppe an. Umgeben von schrecklichen Kreaturen soll er sie hin und wieder an sich drücken, um sich zu beruhigen.","Ich muss sie schützen! Ich <hex:021A020203>werde<hex:021A020103> alle schützen!!<hex:02100103><hex:021A020203>Erichthonios<hex:021A020103>","Hinweisen","Entfernt alle positiven Effekte von den gegnerischen Trabanten in der Nähe.",60,55,2,False,True,False,True,False,6
467,"Du rufst deinen Corgi als Begleiter herbei. Nicht nur Lügen haben kurze Beine.","Ein von Tierhütern eingesetzter Hund mit kurzen Beinen. So fällt es ihm leichter, den Hufen von Vieh auszuweichen. In der alten Sprache der nördlichen Meere bedeutet der Name „Zwergenhund“, was neben der wörtlichen Bedeutung auf ein Volksmärchen anspielt, das behauptet, die Kreaturen seien einst von Lalafells geritten worden.","Wie brav der ist!<hex:02100103><hex:021A020203>Nashu Mhakaracca<hex:021A020103>","Sitz!","Verringert die ABW von Gegnern in der Nähe um 50<hex:021D0103>%.<hex:02100103><hex:024804F201F803><hex:024904F201F903>Dauer:<hex:0249020103><hex:0248020103> 15 Sekunden",60,50,3,False,False,False,False,True,4
468,"Du rufst deinen Himmelblaurücken als Begleiter herbei. Ob er die Cieldaläen vermisst?","Dieser junge Blaurücken, der auf einer Insel der Cieldaläen geschlüpft ist, sollte ursprünglich als Vieh gehalten werden, aber ein Überschuss an Küken führte dazu, dass er umgesiedelt wurde. Da er zu einer flugunfähigen Spezies gehört, hat er eine Vorliebe für Abenteuer außerhalb der Insel.","Hältst du krächzenden Schnabel, sonst aufhängen am nächste Baum!<hex:02100103><hex:021A020203>Sezul Totoloq<hex:021A020103>","Überraschung","Verringert die GSW von Gegnern in der Nähe um 50<hex:021D0103>%.<hex:02100103><hex:024804F201F803><hex:024904F201F903>Dauer:<hex:0249020103><hex:0248020103> 5 Sekunden",65,60,2,False,False,True,False,False,4
469,"Du rufst deinen Suzusaurus als Begleiter herbei. Er würde sogar den Zusammenstoß mit einem Eisberg verkraften.","Dieser junge Seedrache, der vermutlich mit dem legendären Elasmosaurus verwandt ist, wurde von seiner Herde getrennt, als er auf ein Tauchboot stieß und ihm folgte. Von Natur aus neugierig, reckt er seinen langen Hals, um seine Umgebung zu erkunden, und wird sich nie von seinem (vermeintlichen) Muttertier entfernen.","Wenn hier alle schwimmen könnten, müssten wir uns<hex:02100103>jetzt nicht auf irgendwelche Zaubertricks verlassen.<hex:02100103><hex:021A020203>Alisaie<hex:021A020103>","Wasserdusche","Erhöht die ATT eigener Trabanten in der Nähe um 25.<hex:02100103><hex:024804F201F803><hex:024904F201F903>Dauer:<hex:0249020103><hex:0248020103> 6 Sekunden",60,60,2,False,True,False,True,False,3
470,"Du rufst deine Mama-Puppe als Begleiter herbei. „Mamaaa!“","Diese Puppe hat der Fahrende Sänger von seinen Reisen mitgebracht. Sie stammt aus einer Welt, in der Tausende von Geschichten erzählt und Millionen von Träumen geträumt werden.","Ihr seht aus, als hättet ihr ein Gespenst gesehen.<hex:02100103><hex:021A020203>Gosetsu<hex:021A020103>","Mamas Hilfe","Halbiert den Ruf-Timer von Trabanten beim Herbeirufen.<hex:02100103><hex:024804F201F803><hex:024904F201F903>Dauer:<hex:0249020103><hex:0248020103> 10 Sekunden",40,55,1,False,False,False,False,True,9
471,"Du rufst deinen Aufzieh-Cagnazzo als Begleiter herbei. Er herrscht über Pfützen und feuchte Aussprache.","Während der blindwütigen Verfolgung mächtiger Feinde beauftragte Cagnazzo einen seiner Untergebenen damit, ein Wesen nach seinem Antlitz zu erschaffen. Das Ergebnis war diese Puppe, die den Fürsten des Wassers natürlich enttäuschte. Ihr Schöpfer wurde nie wieder gesehen.","Endlich darf ich euch in meinen Fluten ertränken!<hex:02100103><hex:021A020203>Cagnazzo<hex:021A020103>","Todesdreher","Macht eigene Trabanten in der Nähe unempfindlich gegen Angriffe von Puppen.<hex:02100103><hex:024804F201F803><hex:024904F201F903>Dauer:<hex:0249020103><hex:0248020103> 5 Sekunden",30,40,3,False,False,True,True,False,3
472,"Du rufst Findingway als Begleiter herbei. Dieser kleine Loporrit ist stets auf der Suche nach neuen Entdeckungen.","Ein Loporrit von besonders kleiner Statur, der später als seine Artgenossen aus seinem Tiefschlaf erwachte. Seine ursprüngliche Aufgabe war es, Ætheris zu erkunden und hilfreiche Informationen zu sammeln, doch nun träumt er durchgehend davon, allerlei Neues zu entdecken. Alles, was er auf seinen Reisen erlebt, teilt er hinterher immer mit den restlichen Loporrit.","Oh, was ist denn das da drüben?!<hex:02100103><hex:021A020203>Findingway<hex:021A020103>","Entdeckung","Stellt einen zerstörten Schild wieder her.",45,45,2,False,False,True,True,False,9
473,"Du rufst dein Privat-Pachypodium als Begleiter herbei. Ein kleines Exemplar einer bestimmten Art von Mandragora, welches sich im Boden von Eureka Orthos vergraben hatte.","Eins von Gancanaghs Minen-Pachypodien. Es hatte sich im Eifer des Gefechts zu tief vergraben und war somit nie in der Lage, als Mine zu explodieren. Als einziges überlebendes Exemplar seiner Art genießt es nun seine neu gewonnene Freiheit.","◎＃♭▲♪♪<hex:02100103><hex:021A020203>Privat-Pachypodium<hex:021A020103>","◆◎◎※☆!","Fügt einem gegnerischen Suchenden Auge 90 % Schaden zu. Kein Effekt, falls es schon zerstört ist.",30,35,2,True,False,False,False,False,8
474,"Du rufst deine Aufzieh-Halone als Begleiter herbei. Sorgt für Abkühlung.","Auf der Suche nach Inspiration geriet ein Goldschmied versehentlich in das Schemenreich. Vielleicht war es die Kälte, die ihm den Verstand geraubt hatte, aber er sah dort eine Frau, die von solch imposanter Anmut war, dass er sie später als Automaton nachzubauen versuchte.","Ihr vergesst, wer euch gegenübersteht!<hex:02100103><hex:021A020203>Halone<hex:021A020103>","Aegis der Furie","Macht die Auto-Attacke der ausführenden Trabanten zu einem Flächenangriff.<hex:02100103><hex:024804F201F803><hex:024904F201F903>Dauer:<hex:0249020103><hex:0248020103> 12 Sekunden",50,45,3,False,False,False,True,False,3
475,"Du rufst deine Modelleisenbahn als Begleiter herbei. Alles einsteigen!","Diese Modelleisenbahn wurde aus unbekannten Teilen zusammengebaut, die vom Meeresgrund geborgen wurden. Was sie transportieren soll, ist unbekannt, aber irgendwie hat sie etwas Fantastisches an sich. Seltsamerweise tuckert sie dir unermüdlich hinterher, obwohl sie keinen erkennbaren Antrieb hat.","Wer hätte gedacht, dass sich so viele Männer mittleren Alters für eine alte Eisenbahn interessieren?<hex:02100103><hex:021A020203>Ryne<hex:021A020103>","Entgleisung","Führt eine Attacke mit Attacke-Wert 30 auf die Gegner in der Nähe aus und schleudert sie zurück.",30,65,4,False,True,True,False,False,1
476,"Du rufst deinen Aufzieh-Godbert als Begleiter herbei. Regelmäßiges Einölen nicht vergessen.","Godbert Manderville selbst schuf sich dieses Abbild, um es als Preis im Gold Saucer anzubieten. Verleiht seinem Eigentümer Noblesse +10.","I-Ich bin ein Kind! Ein echtes Kind! Habt vielen Dank, Herr Godbert!<hex:02100103><hex:021A020203>Gigi<hex:021A020103>","Macht des Manderville","Fügt einem gegnerischen Schild 70<hex:021D0103>% Schaden zu. Kein Effekt, falls er schon zerstört ist.",70,40,3,False,False,False,True,False,8
477,"Du rufst deinen Aufzieh-Aidoneus als Begleiter herbei. Was dieser bestimmt nicht billigt.","Einst wachte ein Mann über die Unterwelt, dessen Fä<hex:02160103>hig<hex:02160103>kei<hex:02160103>ten, den Äther zu sehen und ihn zu manipulieren, seinesgleichen suchte. Dieser Automat soll an ihn erinnern.","Belästige mich nicht, ich habe dir nichts zu sagen.<hex:02100103><hex:021A020203>Herablassender Ascian<hex:021A020103>","Seufzer","Fügt Gegnern in der Nähe eine Schwäche gegen Puppen zu.<hex:02100103><hex:024804F201F803><hex:024904F201F903>Dauer:<hex:0249020103><hex:0248020103> 15 Sekunden",60,60,2,True,False,False,True,False,4
478,"Du rufst deinen Papageientaucher als Begleiter herbei. Zusammen taucht es sich eben am besten!","Ein in nördlichen Regionen beheimateter Wasservogel. Seine Flügel mögen zwar klein sein, unter Wasser gibt es allerdings wenige Jäger, die mit ihm konkurrieren können. Dieses Exemplar scheint dich schon seit längerem beobachtet zu haben und ist wohl zu dem Entschluss gekommen, dass es in deiner Nähe ohne viel Arbeit an große Mengen Futter kommen sollte.","Pwaaarrr～","Schwingenstoß","Erhöht den Schaden der ausführenden Trabanten gegen gegnerische Arkana-Steine.<hex:02100103><hex:024804F201F803><hex:024904F201F903>Dauer:<hex:0249020103><hex:0248020103> 6 Sekunden",50,50,2,True,False,False,True,False,3
479,"Du rufst deinen Mosasaurus als Begleiter herbei. Der perfekte Begleiter für eine kleine Jagd unter Wasser.","Ein noch junges Exemplar eines Meeressauriers, erstmalig in den Weiten des Ozeans entdeckt. Ausgewachsen gelten sie als wahre Bestien der Meere. Dieses Exemplar ist zwar noch jung und unerfahren, sobald es aber Beute erspäht, versucht es Hals über Kopf auch schon ein Stück abzubeißen. Es scheint stets auf der Suche nach Futter zu sein.","<schmatz><hex:021D0103>...","Jagdfieber","Erhöht die ATT und ABW der ausführenden Trabanten. Pro 5 % verlorener LP steigt die ATT um 10 und die ABW um 5.<hex:02100103><hex:024804F201F803><hex:024904F201F903>Dauer:<hex:0249020103><hex:0248020103> 10 Sekunden",50,65,3,False,True,True,False,False,3
480,"Du rufst deinen kleinen Laternengeist als Begleiter herbei. Erschreck dich aber nicht, er will nur spielen.","Dieser kleine Laternengeist wurde auf dem Rokkon gefunden. Man sagt, dass er in der Papierlaterne eines Kindes geboren wurde, das das warme Licht besonders lieb gewonnen hatte. Daher ist er auch von sonnigem Gemüt und sehr umgänglich, seinem Meister artig folgend, anstatt wie seine Artgenossen vom Weg abgekommene Wanderer in die Irre zu führen.","<schleck!>","Schauerschleck","Führt eine Attacke mit Attacke-Wert 120 auf die Gegner in der Nähe aus und erhöht die ATT der ausführenden Trabanten um 20.<hex:02100103><hex:024804F201F803><hex:024904F201F903>Dauer:<hex:0249020103><hex:0248020103> 6 Sekunden",75,65,3,False,True,False,False,False,1
481,"Du rufst deinen Dampf-Otter als Begleiter herbei. Perfekt um Dampf abzulassen!","Ein Otter, welcher mit dampfbetriebenen Flügeln ausgestattet ist. Dieser kleine Fratz wurde nach einem Schiffsunglück beim Angeln auf das Inselparadies angespült und von den magischen Marionetten prompt als Testsubjekt benutzt. Wer wollte nicht schon mal gleichzeitig fliegen und angeln?","Pufff!","Dunstsprung","Fügt Gegnern in der Nähe Schaden in 5-facher Höhe des Attacke-Werts zu.",30,70,2,False,False,True,False,False,1
482,"Du rufst deine Rubellit-Waffe als Begleiter herbei. Zerstörung zum Mitnehmen!","Ein Modell der ähnlich aussehenden Waffe des Kaiserreichs, welches in einem ihrer Stützpunkte entdeckt wurde. Da es aus<hex:02160103>schließ<hex:02160103>lich zum Testen der Flugeigenschaften dienen sollte, ist es weder mit Waffen ausgerüstet noch auf andere Weise gefährlich. Nach der Beschlagnahme und Analyse durch die Allianz wurde es als Preis für herausragende Leistungen in Militärübungen ausgegeben.","Gwuuun<hex:021D0103>...","Rubin-Dynamo","Erhöht die ATT der ausführenden Trabanten um 40.<hex:02100103><hex:024804F201F803><hex:024904F201F903>Dauer:<hex:0249020103><hex:0248020103> 15 Sekunden",85,65,2,False,True,False,True,False,3
483,"Du rufst deinen Schimpansen als Begleiter herbei. Hoffentlich hast du genug Bananen parat<hex:021D0103>...","Ein kleiner, schlauer Affe mit schwarzem Fell. Dank ihrer Intelligenz können diese Wesen mit ein bisschen Übung Werkzeuge benutzen und sogar Sprachen voneinander unterscheiden. So mancher Wissenschaftler behauptet, sie seien eng mit den Völkern Eorzeas verwandt, wirklich bewiesen ist aber nichts. ","Uga uga!","Mampfer","Wandelt gegnerische Fallen in eigene um. Wenn die Falle eine Attacke ausführt, wird der Attacke-Wert um das 1,5-fache erhöht.",50,55,3,False,False,False,True,False,1
484,"Du rufst deinen aufgeregten Dynamit als Begleiter herbei. Klein, aber potenziell explosiv<hex:021D0103>...","Ein aufgeregter Dynamit, welcher sich noch im Wachstum befindet. Er gibt sein Bestes, um möglichst prächtig zu explodieren, schafft es aber noch nicht ganz. Thrillingways bevorzugtes Kopfkissen. ","3, 2, 1, <hex:021A020203>Bumm!<hex:021A020103>","Mumm zum Bumm","Entfernt eine vom Gegner aufgestellte Falle.",25,70,1,False,False,False,False,True,6
485,"Du rufst deine Lyssa Mikra als Begleiterin herbei. Darf auch in dieser Form nicht unterschätzt werden!","Eine magische Puppe, deren Aussehen Lyssa nachempfunden ist. Diese Puppe wurde angeblich als Experiment zur Erforschung von möglichen Größen für das Konzept Lyssa Mikra hergestellt. Sie ist in ver<hex:02160103>schie<hex:02160103>den<hex:02160103>sten Kampfkünsten versiert, kann durch ihre Größe aber nicht wirklich viel ausrichten.","Hyaaa!","Rollstoß","Fügt dem nächstgelegenen gegnerischen Tor 90<hex:021D0103>% Schaden zu. Kein Effekt, falls es schon zerstört ist.",45,55,2,False,True,False,False,False,8
486,"Du rufst deinen Shiromaru als Begleiter herbei. Hoffentlich hast du genügend Leckerli eingesteckt.","Dieser weiße Ninjahund war der treue Begleiter der Kunoichi Yozakura. Sein ausgeprägtes Pflichtgefühl gegenüber seiner Herrin hat ihn dazu bewogen, nun stattdessen dir zu folgen - als Dank, dass du ihre Seele zur wohlverdienten Ruhe gebettet hast. Auf der Schriftrolle, die er bei sich trägt, verbirgt sich eine uralte Kunst zur Beschaffung eines Leckerlis.","Wuff!","Pfotenpflicht","Erhöht die ABW eigener Trabanten in der Nähe um 10, im Fall von Tieren um 30.<hex:02100103><hex:024804F201F803><hex:024904F201F903>Dauer:<hex:0249020103><hex:0248020103> 6 Sekunden",65,50,4,False,False,False,True,False,3
487,"Du rufst deine Aufzieh-Athena als Begleiter herbei. „Endlich wird mein Wunsch in Erfüllung gehen!“","Eine magische Puppe, deren Aussehen der einstigen Leiterin des Pandæmoniums nachempfunden ist. Einer der Angestellten verehrte Athena wegen ihrer Fä<hex:02160103>hig<hex:02160103>kei<hex:02160103>ten als Forscherin wohl so sehr, dass er diese Puppe im Geheimen anfertigte. Gerüchten zufolge verschwand er kurz darauf und ein Hund mit verblüffender Ähnlichkeit tauchte in dem gigantischen Kerker auf. ","Zeigt es mir!","Einlullen","Stellt eine Falle auf, die nach 10 Sekunden ausgelöst werden kann. Bewirkt die Verlangsamung von Gegnern in der Nähe um 70<hex:021D0103>%.<hex:02100103><hex:024804F201F803><hex:024904F201F903>Dauer:<hex:0249020103><hex:0248020103> 20 Sekunden",85,60,3,False,False,True,False,False,2
488,"Du rufst deine Aufzieh-Barbarizia als Begleiter herbei.<hex:02100103>„Nicht ein Hauch Äther wird von euch übrig sein!“","Eine magische Puppe, deren Aussehen Golbez' Elementarfürstin des Windes nachempfunden ist. Ein Goldschmied auf Reisen war ganz hin und weg beim Anblick des mächtigen Nichtswesens und machte es sich zur Aufgabe, die Kunde von Barbarizias Schönheit in der Form dieser Puppe zu verbreiten. Er konzentrierte sich bei der Konzipierung wohl besonders auf die originalgetreue Darstellung der wehenden Mähne sowie des wilden Auftretens der Fürstin. ","Hrrraaaah!","Haarstreich","Entfernt alle Effekte von allen Trabanten in der Nähe.",50,40,4,False,True,False,False,False,6
489,"Du rufst deinen Shakoki-Dogu als Begleiter herbei. Ist er nicht niedlich für eine einfache Tonfigur?","Eine ungewöhnliche Tonfigur, welche in den Tiefen des Meeres entdeckt wurde. Sie ist zwar hohl, bewegt sich aber mithilfe von Magie trotzdem. Ihre Beschaffenheit deutet darauf hin, dass sie wohl in der Zweiten Ära des Lichts für eine Art Zeremonie angefertigt wurde. Einige Affine für das Okkulte, darunter auch Delion von dem Klatschblatt „Okkultist“, gehen sogar so weit zu sagen, dass es sich um ein Abbild eines Außerætherischen handele.","Dguuu<hex:021D0103>...","Kraft aus Ton","Macht die eigenen Einrichtungen (Tore, Schild und Suchendes Auge) unempfindlich für alle Angriffe.<hex:02100103><hex:024804F201F803><hex:024904F201F903>Dauer:<hex:0249020103><hex:0248020103> 20 Sekunden",40,50,2,False,False,True,False,False,9
490,"Du rufst deinen Kuromaru als Begleiter herbei. Denn der beste Freund des Ninjas ist der Ninjahund.","Dieser schwarze Ninjahund war der treue Begleiter der Kunoichi Yozakura. Er folgte seiner Herrin selbst dann noch, als sie sich in ein Ungeheuer verwandelt sah. Als Zeichen dieser Treue folgt er nun dir, um so dem Kampf zu gedenken, der Yozakura endlich Frieden brachte.","Rrruff! ♪","Pfotentreue","Führt eine Attacke mit Attacke-Wert 60 auf die Gegner in der Nähe aus und verringert ihre GSW um 70 %.<hex:02100103><hex:024804F201F803><hex:024904F201F903>Dauer:<hex:0249020103><hex:0248020103> 10 Sekunden",45,45,3,False,True,True,False,False,1
491,"Du rufst deinen Uolosapa als Begleiter herbei. Ein Paradiesvögelchen für den Paradiesvogel.","Ein niedliches Vögelchen, das besonders mit seinem pinken Schnabel besticht. Diese Spezies wurde schon in alter Zeit als heilig verehrt, und die Legenden sprechen gar von einem besonders cleveren Exemplar, das der Bote der Sprecherin höchstselbst sein soll.","Zwitscher! ♪","Südwind-Segen","Entfernt alle Effekte von allen Trabanten in der Nähe.",45,50,3,False,False,True,False,False,6
492,"Du rufst deine Weiße Noko als Begleiter herbei. Wundervoll weich und dazu noch ein echter Glücksbringer.","Zuerst wurde sie für eine bloße Dekoration gehalten, daher war die Schlangenministerin genauso überrascht wie du, als dieses gedrungene, schlangenartige Geschöpf sich plötzlich von alleine zu bewegen begann. Im Fernen Osten als Glücksbringer in Schlangengestalt verehrt, muss sie sich auf ein Schiff geschlichen haben, das nach Limsa Lominsa segelte.","Mochiii!","Klebrige Eleganz","Erhöht die Technikpunkte eigener Trabanten in der Nähe um 10, außer wenn sie ebenfalls diesen Effekt verursachen können.",60,50,1,False,True,True,True,False,3
493,"Du rufst deine Turmalin-Waffe als Begleiter herbei. Glücklicherweise blieb diese hier ein Prototyp.","Diese winzige Waffe wurde als Prototyp-Modell auf einer garleischen Militärbasis entdeckt. Allem Anschein nach diente es vor allem dazu, den Hitzewiderstand des Materials zu prüfen, und führt keinerlei Waffen. Die Eorzäische Allianz findet das Modell so drollig, dass es nun als Auszeichnung an die besten Streiter verliehen wird.","Nächste Mal wird vorstellen Neuewaffe!<hex:02100103><hex:021A020203>Brüllvolx<hex:021A020103>","Smaragdstrahl","Entfernt alle positiven Effekte von den gegnerischen Trabanten in der Nähe.",55,40,2,False,False,False,True,False,6
494,"Du rufst deinen Aufzieh-Oschon als Begleiter herbei. Das Wandern ist des Windes Lust<hex:021D0103>...","Eine kleine Aufziehpuppe, die nach dem Bild des Wanderers gestaltet ist. Man munkelt, dass sie der zweigesichtige Nald'thal aus den seltensten Edelsteinen erschaffen hat, nachdem er von der kleinen Aufzieh-Halone so angetan war. Im Gegensatz zum echten Oschon wandert dieser hier auch nicht einfach davon.","Mögen eure Reisen stets von Rückenwind begleitet sein.<hex:02100103><hex:021A020203>Oschon<hex:021A020103>","Aufbruch","Erhöht die ATT der ausführenden Trabanten um 40.<hex:02100103><hex:024804F201F803><hex:024904F201F903>Dauer:<hex:0249020103><hex:0248020103> 15 Sekunden",45,55,3,False,True,False,False,False,3
495,"Du rufst Kydonias Ausgang als Begleiter herbei. Er starrt direkt in deine Seele.","Dieser sonderbare Begleiter wurde von den Loporrit geschaffen und soll den gesichtsförmigen Fels des Mondes imitieren. Sie erhoffen sich damit wohl einen gewissen touristischen Ansturm auf den Felsen, weshalb die Miniaturversion auch mit einer gehörigen Portion Mondlicht versehen ist.","... ...","Mondgesicht","Führt eine Attacke mit Attacke-Wert 80 auf die Gegner in der Nähe aus und verringert ihre ABW um 13 %.<hex:02100103><hex:024804F201F803><hex:024904F201F903>Dauer:<hex:0249020103><hex:0248020103> 6 Sekunden",30,75,2,False,False,True,False,False,1
496,"Du rufst deinen Badesion als Begleiter herbei. Rein ins kühle Nass!","Auch diese Marionette stammt aus dem sharlayanischen Repertoire für das Inselparadies. Im Gegensatz zu den Feldolins und Bauderichs sieht man Badesion jedoch vor allem planschen und entspannen, auch wenn zu vermuten ist, dass dies nicht aus gänzlich freien Stücken geschieht. Vielmehr lautet seine Order schlicht „Urlaub machen“ und er befolgt sie äußerst pflichtbewusst.","Zeit, dich ein wenig auf deinen Lorbeeren auszuruhen, findest du nicht? <hex:02100103><hex:021A020203>Miaurizius<hex:021A020103>","Inselfreuden","Stellt eine Falle auf, die nach 10 Sekunden ausgelöst werden kann. Bewirkt eine Attacke mit Attacke-Wert 260 auf die Gegner in der Nähe.",20,45,3,False,True,False,True,False,2
497,"Du rufst deinen Aufzieh-Golbez als Begleiter herbei. Held oder Schurke?","Selbst in Miniaturform ist die dunkle Aura des schwarzen Ritters deutlich zu spüren. Da diese Puppe in den Tiefen des Monduntergrunds gefunden wurde, ist es denkbar, dass ein niederer Nichts<hex:02160103>gesand<hex:02160103>ter sie als Zeichen der Treue zu seinem Meister angefertigt hat. Der Detailgrad zeugt von großer Hingabe.","Ich werde diese Welt retten!","Flammen des Abendrots","Führt eine Attacke mit Attacke-Wert 90 auf die Gegner in der Nähe aus.",50,50,2,False,False,True,True,False,1
498,"Du rufst deinen kleinen Torgal als Begleiter herbei. Wer ist ein braver Junge?!","Wenn man dem Fahrenden Sänger Glauben schenkt, ist der Vierbeiner, der dem verirrten Clive zur Seite stand, ein geisterhafter Wächter aus dessen Erinnerung. Der Liederschmied war so hingerissen von dem Anblick der mächtigen Kreatur, dass er eine Welpenversion des Tieres schuf. Er mag zwar kleiner als das Original sein, aber das heißt noch lange nicht, dass er nicht schon den starken Willen seines ausgewachsenen Vorbilds besitzt.","Na komm, kleines Hündchen, komm zu Papa!<hex:02100103><hex:021A020203>Hildibrand<hex:021A020103>","Kleines Knurren","Fügt Gegnern in der Nähe eine Schwäche gegen Tiere zu.<hex:02100103><hex:024804F201F803><hex:024904F201F903>Dauer:<hex:0249020103><hex:0248020103> 15 Sekunden",45,40,4,False,True,False,False,False,4
499,"Du rufst deine Pinke Bohne als Begleiter herbei. Stelle sie einfach wieder auf die Füße, wenn sie fällt.","Dieses ominöse Kreatürchen tauchte eines Tages im Gold Saucer auf und ist seither auch nicht mehr gegangen. Die Pinke Bohne verbringt ihre Tage damit, in verrückten Wettrennen gegen Abenteurer anzutreten<hex:021D0103>- tagein, tagaus. Einige Gelehrte sind der Meinung, dass in ihrem runden Körper das Skelett eines Hyurans steckt, dessen S-Form extreme Kurven angenommen hat. Am besten denkt man nicht genauer darüber nach<hex:021D0103>...","Wuu Wuu!","Ausscheiden","Schleudert die Gegner in der Nähe zurück.",40,55,3,False,True,True,False,False,9
500,"Du rufst deinen Pegwin als Begleiter herbei. Halte ihn bloß von Klippen fern, du Monster.","Eine kleine Marionette, die sich in Begleitung der ominösen Pinken Bohne befand, die eines Tages im Gold Saucer auftauchte. Scheinbar wurde sie gar von besagter Bohne gebaut, um einen Freund zu haben. So verwundert es kaum, dass sie der Bohne auf Schritt und Tritt folgt und sich ebenso waghalsig in Rennen stürzt, dies aber jedes Mal rasch zu bereuen scheint.","Pegwiii!","Herumgewatschel","Entfernt eine vom Gegner aufgestellte Falle.",50,40,3,False,True,False,True,False,6
501,"Du rufst deinen Hydaelyn-Götzen als Begleiter herbei. Eine Miniaturversion der Verkörperung des Lichts. Ihr Tritt soll wohl Schicksale entscheiden können.","Dieser Götze basiert auf den Darstellungen einer Wand<hex:02160103>maler<hex:02160103>ei, welche in einer gewissen Höhle bestaunt werden kann. Angeblich soll das dargestellte Wesen als Verkörperung des Lichts den Willen des Planeten an seine Anhänger weitergegeben haben, um sie vor einer bevorstehenden Katastrophe zu bewahren. Mit dem die Dunkelheit verkörpernden Wesen lag es lange im Streit, wobei es seinen Rivalen mit einem gehörigen Tritt in vierzehn Teile zersplittert haben soll.","Hwaah!","Gnade des Lichts","Erhöht die ATT eigener Trabanten in der Nähe um 25.<hex:02100103><hex:024804F201F803><hex:024904F201F903>Dauer:<hex:0249020103><hex:0248020103> 6 Sekunden",30,40,3,True,False,False,False,False,3
502,"Du rufst deinen Zodiark-Götzen als Begleiter herbei. Eine Miniaturversion der Verkörperung der Dunkelheit. Der älteste und stärkste aller<hex:021D0103>...","Dieser Götze basiert auf den Darstellungen einer Wand<hex:02160103>maler<hex:02160103>ei, welche in einer gewissen Höhle bestaunt werden kann. Angeblich soll dieses Wesen als Verkörperung der Dunkelheit von den Ascians wie ein Gott verehrt worden sein. Auf das das Licht verkörpernde Wesen ist es wohl gar nicht gut zu sprechen, und so hegt es wegen seiner Niederlage gegen den Rivalen seit mehr als zwölftausend Jahren einen tiefen Groll.","Dunkelheit<hex:021D0103>...","Gunst der Dunkelheit","Macht Gegner in der Nähe be<hex:02160103>we<hex:02160103>gungs<hex:02160103>un<hex:02160103>fäh<hex:02160103>ig.<hex:02100103><hex:024804F201F803><hex:024904F201F903>Dauer:<hex:0249020103><hex:0248020103> 5 Sekunden",80,65,1,False,False,False,False,True,4
503,"Ruf deinen Aufzieh-Fourchenault als Begleiter herbei. Er hat keinerlei Absicht, sich in Konflikte einzumischen.","Diese Version des geschätzten Oberhauptes der Familie Leveilleur ist um einiges niedlicher als ihr Original. Ursprünglich wurde diese Puppe hergestellt, um die Popularität des Rats der Philosophen unter dem Volk anzuheben. Nach einigen Debatten angeführt von Fourchenault höchstselbst wurde die Produktion jedoch untersagt. Jedoch wurde sie später durch den Rektor der Magieakademie zum Werbeartikel einer gewissen naturkundlichen Zeitschrift gemacht.","Seid ihr euch dieser immensen Verantwortung bewusst?","Der rechte Weg","Macht eigene Trabanten in der Nähe unempfindlich für Angriffe von Tieren.<hex:02100103><hex:024804F201F803><hex:024904F201F903>Dauer:<hex:0249020103><hex:0248020103> 5 Sekunden",40,55,2,False,True,True,False,False,3
504,"Du rufst deinen Aufzieh-Zidane als Begleiter herbei. Dieser Held aus vergangenen Tagen hat eine ganz schön große Klappe.","Dieser junge Held soll seinen Lebens<hex:02160103>unter<hex:02160103>halt wohl hauptsächlich als Mitglied einer berühmten Schau<hex:02160103>spieler<hex:02160103>gruppe verdient haben. Es gibt aber nicht wenige Anzeichen, dass er zugleich als Bandit tätig war. So soll seine Verwicklung in die Entführung einer gewissen Prinzessin der Beginn einer langen und fantastischen Reise gewesen sein.","Braucht es wirklich einen Grund?","Augen auf!","Macht die Auto-Attacke der ausführenden Trabanten zu einem Flächenangriff.<hex:02100103><hex:024804F201F803><hex:024904F201F903>Dauer:<hex:0249020103><hex:0248020103> 12 Sekunden",60,35,4,False,False,False,False,False,3
505,"Du rufst deine Aufzieh-Garnet als Begleiter herbei. Diese Heldin aus vergangenen Tagen weiß ganz genau, wie wichtig Freunde sind.","Diese junge Heldin galt einst als Thronerbin eines mächtigen Königreiches. Ihre Entführung durch einen gewissen Banditen eröffnete ihr jedoch die Pforten zu einer Reise voller Freund<hex:02160103>schaft und Abenteuer. Auf dieser Reise hatte sie stets ein Lied auf den Lippen, welches für stundenlange Ohrwürmer bei allen Zuhörern gesorgt haben soll.","Bitte, komm zurück!","Bezaubernder Gesang","Macht Gegner in der Nähe be<hex:02160103>we<hex:02160103>gungs<hex:02160103>un<hex:02160103>fäh<hex:02160103>ig.<hex:02100103><hex:024804F201F803><hex:024904F201F903>Dauer:<hex:0249020103><hex:0248020103> 5 Sekunden",40,45,2,False,True,True,False,False,4
506,"Du rufst deinen Repulu als Begleiter herbei. Hoffentlich verehrst du ihn auch angemessen.","Der Name des auf Aloalo beheimateten Reptils bedeutet „geehrte Eidechse“ und wurde von den Insulanern als Quellgeist gesehen. Wer ihn angemessen verehrt, dem widerfährt großes Glück. Was auch immer das wahre Naturell dieses kleinen Gesellen ist, er war von deinen kämpferischen Fä<hex:02160103>hig<hex:02160103>kei<hex:02160103>ten derart beeindruckt, dass er dir nun nicht mehr von der Seite weicht.","Mlem!","Schnelle Zunge","Verringert die ATT von Gegnern in der Nähe um 40 %.<hex:02100103><hex:024804F201F803><hex:024904F201F903>Dauer:<hex:0249020103><hex:0248020103> 6 Sekunden",20,30,4,False,False,False,True,False,4
507,"Du rufst dein Mini-Punutiy als Begleiter herbei. Ein junges, aber für seine Art schon typisch kräftiges Exemplar, das im Ihuykatumu beheimatet ist.","Dieses kleine Wassersäugetier, das vorrangig im Fluss Ihuykatumu lebt, trägt eine charakteristische Moosschicht auf dem Rücken, die mit zunehmendem Alter immer dicker wird. Nachdem es in einem großen Sturm von seinen Eltern getrennt wurde, hat es beschlossen, dir überallhin zu folgen.","Puniiiy!","Gegen den Strom","Führt eine Attacke mit Attacke-Wert 90 auf die Gegner in der Nähe aus und schleudert sie zurück.",20,30,2,False,False,False,True,False,1
508,"Du rufst deinen kleinen Luftraser M9 als Begleiter herbei. Ein unüberhörbares Spielzeug, das einem einsitzigen Luftfahrzeug aus dem Königreich Neu-Alexandria nachempfunden ist.","Ein Spielzeug, das einem Flugzeug aus Elektrob nachempfunden ist, das sich besonders bei Kindern in Lösung Neun größter Beliebtheit erfreut<hex:021D0103>- dem Luftraser M9. Früher wurden diese Fluggeräte mit Lampen ausgestattet, um bei Feuerwerksspektakeln am Himmel Pirouetten zu drehen.","Wruuumm!","Hyperschall","Erhöht die GSW von eigenen Trabanten in der Nähe um 35 %.<hex:02100103><hex:024804F201F803><hex:024904F201F903>Dauer:<hex:0249020103><hex:0248020103> 6 Sekunden",15,30,4,False,False,True,False,False,3
509,"Du rufst dein Alpaka-Cria als Begleiter herbei. Glücklicherweise riecht sein Speichel noch nicht so streng wie der seiner ausgewachsenen Artgenossen.","Wie seine Artgenossen hat auch dieses junge Alpaka ein weiches, wolliges Fell. Da es einer Zucht in Wachunpelo entstammt, ist es sehr zahm und zutraulich. Wenn du sein flauschiges Fell mit deiner Wange berühren willst, ist jetzt die perfekte Zeit dafür, da sein Speichel noch nicht den typisch strengen Geruch entwickelt hat.","Pfffbt! ♪","Freudenspucker","Erhöht ATT und ABW von eigenen Trabanten in der Nähe um 40, aber die ausführenden Trabanten werden nach Ende des Effekts weggeschickt.<hex:02100103><hex:024804F201F803><hex:024904F201F903>Dauer:<hex:0249020103><hex:0248020103> 20 Sekunden",30,45,4,False,True,False,False,False,3
510,"Du rufst deinen Nektarsauger als Begleiter herbei. Ernährt sich diese Art eigentlich auch von Blut, so bekommt diesem Exemplar der Geschmack noch nicht.","Ein blutsaugendes Lebewesen heimisch auf Yok Tural. Besonders häufig fällt dieser Art Weidevieh zum Opfer, und aufgrund ihrer roten Augen, spitzen Rückenstacheln, scharfen Reißzähne und langen Zunge wird sie seit jeher als Dämon gefürchtet. Die jüngeren Exemplare begnügen sich anfangs mit Blumennektar, bis sie alt genug sind, ebenfalls auf die Jagd zu gehen.","<schlürf>","Ausschlürfen","Entfernt alle positiven Effekte von den gegnerischen Trabanten in der Nähe.",20,45,1,False,False,False,False,True,6
511,"Du rufst dein Halblanghorn als Begleiter herbei. Die Horngröße entspricht dem erwarteten Wachstum. Es kommt eben doch manchmal auf die Größe an.","Dieses aus Tural stammende Wildschaf zeichnet sich durch seine gebogenen Hörner aus, die bis zu 33 Ponzen wiegen können. Es ist nicht ungewöhnlich, dass es zu Territorialstreitigkeiten kommt. Oft hört man über weite Distanzen hinweg das laute, dumpfe Geräusch, das entsteht, wenn sie ihre Köpfe gegeneinanderstoßen. Die Größe der Hörner gibt Aufschluss darüber, ob es später ein dominantes Tier werden wird.","Bäääh!","Hall der Steppe","Fügt Gegnern in der Nähe eine Schwäche gegen Tiere zu.<hex:02100103><hex:024804F201F803><hex:024904F201F903>Dauer:<hex:0249020103><hex:0248020103> 15 Sekunden",25,40,1,False,False,True,True,False,4
512,"Du rufst deinen Ilyikty'i als Begleiter herbei. Ein junger Br'aax, der auf einen der vielen Namen des Gottes der Jagd hört: Ilyik. Klein, aber ein großer Jäger.","Diese aus den Wäldern von Yak T'el stammenden und mit den Coeurl verwandten Wildkatzen werden von den Xbr'aal verehrt und in seltenen Fällen als Jagdtiere domestiziert. Dein junger Begleiter scheint deinem Beispiel folgen zu wollen, um selbst ein erfahrener Jäger zu werden.","Rrroaaah!","Raubtiergebrüll","Verringert die ATT von Gegnern in der Nähe um 50 %.<hex:02100103><hex:024804F201F803><hex:024904F201F903>Dauer:<hex:0249020103><hex:0248020103> 15 Sekunden",20,35,3,False,False,False,True,False,4
513,"Du rufst deinen Quetzal als Begleiter herbei. Ein prachtvoller Jungvogel mit smaragdgrünem Gefieder, der auf Tural einen göttlichen Status genießt.","Dieser smaragdgrüne Vogel aus Tural steht für Glück und Fruchtbarkeit und genießt daher bei den Einheimischen ein hohes Ansehen. Die meisten dieser Vögel leben in freier Wildbahn im Dschungel und eignen sich nicht für die Aufzucht. Dein Begleiter scheint die Freiheit deiner Reisen und Abenteuer zu genießen.","Piu piu! ♪","Segen des grünen Federkleids","Erhöht die ABW eigener Trabanten in der Nähe um 20.<hex:02100103><hex:024804F201F803><hex:024904F201F903>Dauer:<hex:0249020103><hex:0248020103> 10 Sekunden",40,65,3,False,True,True,False,False,3
514,"Du rufst deinen kurzbeinigen Kojoten als Begleiter herbei. Durch seinen windschnittigen Körperbau ist er so flink und wendig, dass es für seine Beute düster aussieht.","Dieser kleine Einzelgänger kann auf der Jagd nach seiner Beute mit Leichtigkeit und enormer Ge<hex:02160103>schwindig<hex:02160103>keit über den heißen Sand rennen. Er ähnelt einem Fuchs, zeichnet sich aber durch seine graubraune Fellfarbe aus. Auf der Suche nach einem Sinn im Leben beschloss dieses Exemplar, sich auf ein Handelsschiff zu schmuggeln und das Meer zu überqueren. Unmittelbar nach dieser Reise nahm er auch schon selbst an Kämpfen auf dem Exerzierplatz teil.","Ahuuu!","Ruhmesgeheul","Entfernt alle negativen Effekte von eigenen Trabanten in der Nähe.",30,15,4,False,False,True,False,False,6
515,"Du rufst deinen Rororrlo Teh als Begleiter herbei. Seinen kugelrunden Kopf könnte man glatt für einen Schneeball halten!","Diese kleine Fee wurde aus dem mondbeschienenen Schnee in den Bergen von Urqopacha geboren. In der Sprache der Yok Huy bedeutet ihr Name „kleiner Geist aus unberührtem Schnee, der lächelnd im Mondlicht leuchtet“. Fügt man mehrere dieser Wesen zu einem runden Ball zusammen, entsteht ein größeres Rorrlo Teh.","Rororoooh! ♪","Firnschnee","Macht Gegner in der Nähe be<hex:02160103>we<hex:02160103>gungs<hex:02160103>un<hex:02160103>fäh<hex:02160103>ig.<hex:02100103><hex:024804F201F803><hex:024904F201F903>Dauer:<hex:0249020103><hex:0248020103> 5 Sekunden",25,25,3,False,True,False,False,False,4
516,"Du rufst Meister Mais als Begleiter herbei. Gebieter aus alten Zeiten oder ein einfacher Maiskolben? Das ist hier die Frage.","Ein mysteriöser Maiskolben, der sich überall als Gebieter aus alten Zeiten vorstellt, reist umher, um Maisgerichte aus eigenem Anbau an die Hungrigen zu verteilen. Nach eurer Verabschiedung hatte er ein Maiskorn in deinen Beutel geworfen, das seinerseits zu einem Maisgeist heranwuchs und dich seither begleitet<hex:021D0103>... für den Fall, dass du auf deinen Abenteuern hungrig wirst.","Pop, pop!","Sattmacher","Regeneriert 100 LP bei eigenen Trabanten in der Nähe, im Fall von Tieren 150.",30,40,2,False,True,False,False,False,7
517,"Du rufst deinen Murmelkaktor als Begleiter herbei. Eine kleinere Version von Kugelkaktor, die fleißig das Ziehen von Stacheln übt.","Dieser kleine Begleiter befindet sich noch im Wachstum, ist aber schon äußerst muskulös und stark genug, um jeden Gegner mit einem einzigen Schlag zu besiegen. Seine Stacheln sollen Muskelschmerzen, Nackenschmerzen und Hexenschuss lindern.","Piiieks!","Mächtiger Stachel","Erhöht die ABW von eigenen Trabanten in der Nähe um 10, im Fall von Monstern um 30.<hex:02100103><hex:024804F201F803><hex:024904F201F903>Dauer:<hex:0249020103><hex:0248020103> 6 Sekunden",20,50,2,False,False,False,True,False,3
518,"Du rufst deine blaugraue Katze als Begleiter herbei. So einen bildhübschen, verschmusten Begleiter hat man selten an seiner Seite!","Es heißt, dass dieses niedliche Wesen mit seinem seidenweichen, blaugrauen Fell aus Aldenard stammt, aber ihr genauer Herkunftsort ist nicht bekannt. Sie wurde in den letzten Jahren vermehrt an der Magieakademie von Sharlayan gezüchtet und von dort aus in verschiedene Teile des Landes gebracht.","Maunz! ♪","Bezirzender Blick","Führt eine Attacke mit Attacke-Wert 90 auf die Gegner in der Nähe aus.",20,30,3,False,False,False,True,False,1
519,"Du rufst deinen sprechenden Kopf als Begleiter herbei. Du fragst dich manchmal, ob sein Redefluss stoppen wird, bevor dir die Ohren abfallen.","Ein Relikt der Yok Huy, das im Himmelstiefen Cenote gefunden wurde. Auf den ersten Blick sieht der Kopf aus wie eine magische Marionette, aber tatsächlich handelt es sich um das Überbleibsel eines großen Steinwächters. Nachdem er seine äußere Hülle verloren hatte, war es scheinbar seine Mission, mit der Person zu verschmelzen, die ihn besiegt hat: mit dir.","Aufwachen!","Endloses Geplapper","Fügt Gegnern in der Nähe im Sekundentakt 10 Schaden über Zeit zu.<hex:02100103><hex:024804F201F803><hex:024904F201F903>Dauer:<hex:0249020103><hex:0248020103> 20 Sekunden",30,65,3,False,False,True,False,False,1
520,"Du rufst deine Mamool Ja-Puppe als Begleiter herbei. Eine vollständig maßstabsgetreue magische Marionette in Form eines Mamool Ja-Kindes.","Diese magische Marionette stellt ein Mamool Ja-Kind in traditioneller Kleidung dar und wurde von einem Reisenden entdeckt und als Andenken mitgenommen. Die Verarbeitung der Puppe, insbesondere die Geschmeidigkeit der Schuppen, zeugt von der Sorgfalt, mit der ein Handwerker sie angefertigt haben muss.","Ja-Ja!","Mamool-Schlag","Macht eigene Trabanten in der Nähe unempfindlich für Angriffe von Tieren.<hex:02100103><hex:024804F201F803><hex:024904F201F903>Dauer:<hex:0249020103><hex:0248020103> 5 Sekunden",55,25,1,False,True,False,False,False,3
521,"Du rufst deinen schelmischen Schreckschlingel als Begleiter herbei. Man weiß nie, was er gerade wieder im Schilde führt<hex:021D0103>...","Diese Clownspuppe, offenbar ein Andenken, wurde in der Mahrlingen-Promenade zurückgelassen. Sie ist ein Meisterwerk der Elektrob-Technologie und bewegt sich so, dass man sie mit einem lebenden Wesen verwechseln könnte. Aber sie ist natürlich eine Marionette, die keine bösen Absichten haben und Streiche spielen kann<hex:021D0103>... nicht wahr?","Hihihi!","Unheimliches Grinsen","Stellt eine Falle auf, die nach 10 Sekunden ausgelöst werden kann. Bewirkt eine Attacke mit Attacke-Wert 260 auf die Gegner in der Nähe.",15,40,1,True,False,False,False,False,2
522,"Du rufst deinen Zinnwächter T1 als Begleiter herbei. Dieses Spielzeug bietet einen jahrhundertealten Blick in die Zukunft.","Ein Spielzeug aus Blech, das sich vor hunderten von Jahren in Alexandria größter Beliebheit erfreute. Es soll Königin Sphene einst von einem Kind geschenkt worden sein und wurde später bei der Entwicklung der Maschinensoldaten als optische Vorlage verwendet.","Kaschung, kaschung!","Verteidigung des Königreichs","Führt eine Attacke mit Attacke-Wert 230 auf die Gegner in der Nähe aus.",30,70,2,False,False,True,False,False,1
523,"Du rufst deinen Ambrose-Prototyp als Begleiter herbei. An seinen Eigenheiten merkt man, dass es sich um ein Versuchsmodell handelt.","Dieses verkleinerte Modell wurde während der Entwicklung und Herstellung von Ambrose entworfen, um die Reaktion auf den übermäßigen Gebrauch von Seelen zu testen. Für dieses Modell wurden dafür die Seelen von kleinen Tieren verwendet. Wahrscheinlich ist dieses Experiment auch der Grund dafür, dass diese Miniaturausgabe dich auf Schritt und Tritt begleitet.","Wruuum!","Prototyp-Waffe","Führt eine Attacke mit Attacke-Wert 70 auf die Gegner in der Nähe aus und bewirkt deren Verlangsamung um 50<hex:021D0103>%.<hex:02100103><hex:024804F201F803><hex:024904F201F903>Dauer:<hex:0249020103><hex:0248020103> 10 Sekunden",45,30,3,False,True,True,False,False,1
524,"Du rufst Schwarzes Kätzchen als Begleiter herbei. Nimm dich vor ihren messerscharfen Krallen in Acht!","Diese Puppe ist aus Elektrob gefertigt und Schwarze Katze nachempfunden<hex:021D0103>- eine erfolgreiche Kämpferin mit messerscharfen Krallen der Halb<hex:02160103>schwer<hex:02160103>ge<hex:02160103>wichtsliga des Arkadions, die ihre Ge<hex:02160103>schwindig<hex:02160103>keit und ihren Scharfsinn mithilfe der Seele von „Cath Palug“, einer katzenartigen Bestie, stark erhöht. Diese begehrte Puppe wird nun unter allen Zuschauern ihrer Kämpfe verlost!","Katzen haben neun Leben!","Messerscharfe Kätzchenkrallen","Verringert die ABW von Gegnern in der Nähe um 50 %.<hex:02100103><hex:024804F201F803><hex:024904F201F903>Dauer:<hex:0249020103><hex:0248020103> 15 Sekunden",35,50,4,False,True,False,True,False,4
525,"Du rufst deine neue Krile-Puppe als Begleiter herbei. Was so ein schickes neues Gewand alles ausmachen kann!","Diese magische Marionette wurde von der Aben<hex:02160103>teurer<hex:02160103>gilde nach Kriles Abbild zum Fest der Wiedergeburt Eorzeas geschaffen. Sie trägt die Kleidung einer Piktomantin und scheint hoch motiviert zu sein, neue Abenteuer zu erleben und das Rätsel ihrer Herkunft zu lösen. Da sie ihre Kapuze abgenommen hat, kann man nun auch ihren funkelnden Ohrring sehen.","Ich bin bei dir.","Kleiner Pinselstrich","Verringert die Technikpunkte der Gegner in der Nähe um 50 % des Maximalwerts.",50,35,2,False,False,False,True,False,4
526,"Du rufst deine Zero-Puppe als Begleiter herbei. Sie ist wieder da<hex:021D0103>...!","Diese magische Marionette stellt Zero dar, eine Bewohnerin des dreizehnten Splitters, die nach der Flut der Dunkelheit viele Jahre lang umhergeirrt ist. Sie wurde mit großer Sorgfalt von einem Handwerker aus Radz-at-Han gefertigt, der offenbar die gleichen kulinarischen Vorlieben wie diese Figur hat. Die Sense, die sie auf ihrem Rücken trägt, stammt aus ihrer Zeit als Avatar.","Aus dem Weg!","Sense der Dunkelheit","Fügt Gegnern in der Nähe im Sekundentakt 10 Schaden über Zeit zu.<hex:02100103><hex:024804F201F803><hex:024904F201F903>Dauer:<hex:0249020103><hex:0248020103> 20 Sekunden",60,35,3,False,False,True,False,False,1
527,"Du rufst deine Erenville-Puppe als Begleiter herbei. Ein guter Freund für eine noch bessere Reise!","Eine magische Marionette, welche dem eigenwilligen Klauber nachempfunden wurde. Zwar wurde sie von der Magieakademie zu Werbe- und Rekrutierungszwecken der Klauberprofession für die Regierung Sharlayans entworfen, aufgrund seiner reisebedingten Abwesenheit konnte Erenvilles Erlaubnis allerdings nie eingeholt werden.","Eine Reise ins Unbekannte? Nimm mich mit!","Klauberinstinkt","Erhöht die ATT eigener Trabanten in der Nähe um 10.<hex:02100103><hex:024804F201F803><hex:024904F201F903>Dauer:<hex:0249020103><hex:0248020103> 10 Sekunden",20,50,3,False,True,False,False,False,3
528,"Du rufst deinen Nanolord als Begleiter herbei. Lass seine Klinge deine sterbliche Essenz trinken. Bitte!","Das „etwas“ kleinere Ebenbild des Schattenlords. Überreste der Echos sollen sich nach dem Kampf in dieser Form manifestiert haben und von dannen geschritten sein. Der Schattenlord selbst, auf dem dieser Begleiter basiert, soll in der Welt Vana'diel ein wahrer Schrecken für alle dort lebenden Völker gewesen sein.","Eure Seelen sollen mein sein!","Nanohieb","Erhöht die ABW der ausführenden Trabanten um 40.<hex:02100103><hex:024804F201F803><hex:024904F201F903>Dauer:<hex:0249020103><hex:0248020103> 10 Sekunden",70,50,2,False,False,False,True,False,3
529,"Du rufst dein Kleinhörnchen als Begleiter herbei. Es will nur jene mit reinem Herzen auf ihren Reisen begleiten.","Eine niedlichere Version des Kleinhorns, das anlässlich der Himmelswende von den Fortemps herbeigeordert wurde. Zu Beginn gab es sich zwar noch etwas nervös, dank deiner sanften Führung gewöhnte es sich aber schnell ein und galoppierte fröhlich durch die Straßen. Jetzt will es seine Hufen gar nicht mehr zum Stehen bringen.","<wieher>","Hufenscharren","Führt eine Attacke mit Attacke-Wert 120 auf die Gegner in der Nähe aus und erhöht die ATT der ausführenden Trabanten um 20.<hex:02100103><hex:024804F201F803><hex:024904F201F903>Dauer:<hex:0249020103><hex:0248020103> 6 Sekunden",65,35,3,False,True,False,False,False,1
530,"Du rufst deine Adamantit-Waffe als Begleiter herbei. Die Miniaturversion eines Prototyps, welche in einer Militärbasis des Imperiums entdeckt wurde.","Ein Modell der ähnlich aussehenden Waffe des Kaiserreichs, welches in einem ihrer Stützpunkte entdeckt wurde. Da es aus<hex:02160103>schließ<hex:02160103>lich zum Testen der G-Krieger-Abwehr dienen sollte, ist es weder mit Waffen ausgerüstet noch auf andere Weise gefährlich. Nach der Beschlagnahme und Analyse durch die Allianz wurde es als Preis für herausragende Leistungen in Militärübungen ausgegeben.","<Piepup>","Adamantit-Brenner","Fügt dem nächstgelegenen gegnerischen Arkana-Stein 8 % Schaden zu.",50,55,1,False,False,False,True,False,8
531,"Du rufst deinen Tuka-Tukitu als Begleiter herbei. Ein großschnabliger Fiederfreund aus südlichen Gefilden.","Dieses Großmaul ist vor allem in feuchten Dschungelgebieten anzutreffen, wo es mit seinem gewaltigen, aber hohlen Schnabel federleicht durch die Lüfte segelt. Sein farbenfrohes Äußeres macht ihn zu einem der beliebtesten Vögel von allen, was ihm auch den Titel „Schatz des Waldes“ eingespielt hat.","Krah! Krah!","Schatz des Waldes","Halbiert den Ruf-Timer von Trabanten beim Herbeirufen.<hex:02100103><hex:024804F201F803><hex:024904F201F903>Dauer:<hex:0249020103><hex:0248020103> 10 Sekunden",60,60,3,False,True,False,False,False,9
532,"Du rufst deinen Shshuye als Begleiter herbei. Ein in Yyasulani heimisches Häschen, das mit seinen schwarzen Ohren und Bommel entzückt.","Diese in der Wildnis Yyasulanis heimische Hasenart verdankt ihren Namen den in der Gegend lebenden Shetona, welche sie als „hüpfende Sonne“ bezeichnen. Es wird auch gemunkelt, dass Shetona und Shshuye ferne Verwandte voneinander sind<hex:021D0103>- so sehen sich ihre Löffel zum Verwechseln ähnlich. Außerdem wissenswert: ein Tural Vidraal, der eben dieser Leporidenart entsprungen ist, soll einst in der Siedlung Yuweyawata sein Unwesen getrieben haben.","<hoppel>","Läuferschelle","Führt eine Attacke mit Attacke-Wert 230 auf die Gegner in der Nähe aus.",25,35,4,False,False,True,False,False,1
533,"Du rufst deinen Spinettosaurus als Begleiter herbei. Eine flinke Urzeitechse, dessen Rückenfinne ihm eine gewisse Aerodynamik verleiht.","Dieses Lebewesen vergangener Zeiten zeichnet sich durch sein langes, schnabelähnliches Maul und das große Segel auf seinem Rücken aus. Im Gegensatz zu seinen kurzen Armen tragen seine starken und vor allem flinken Beine es schnurstracks durch die Lande. Sein Rückensegel hilft, den Wind zu schneiden, die Körpertemperatur anzupassen und spielt vor allem beim Balzverhalten eine wichtige Rolle. Je älter der Spinettosaurus, desto größer auch sein Segel.","Spiiiinetto!","Herrscher der Urzeit","Macht eigene Trabanten in der Nähe unempfindlich für Angriffe von Monstern.<hex:02100103><hex:024804F201F803><hex:024904F201F903>Dauer:<hex:0249020103><hex:0248020103> 5 Sekunden",25,60,3,False,False,True,False,False,3
534,"Du rufst deine Pelupelu-Puppe als Begleiter herbei. Eine echte Empfehlung. Also als Mitbringsel natürlich! ","Diese magische Marionette wurde von den Topfwerkern Irdehaldes als Mitbringsel für die Reiseagentur Tural angefertigt. Rein äußerlich betrachtet sticht vor allem das fein verarbeitete Kozama'uka-Holz hervor, für echtes Staunen sorgt aber der filigran verbaute Laufmechanismus, mithilfe dessen sie luftig-leicht über Stock und Stein watschelt.","Ja, ja!","Finanzgenie","Fügt dem nächstgelegenen gegnerischen Arkana-Stein 10 % Schaden zu.",35,50,1,False,False,True,False,False,8
535,"Du rufst deinen Spielzeugsoldaten S3 als Begleiter herbei. Eine alte Metallpuppe, welche Soldaten eines längst vergangenen Königreichs nachempfunden sein soll.","Wenn er auch alt und etwas verrostet erscheinen mag, so bewegt sich dieser metallene Spielzeugsoldat nach wie vor, als wäre er gestern erst zusammengesetzt worden. Er soll auf einem Handelsschiff von weit her im Westen seinen Weg nach Limsa Lominsa gefunden haben und will man seinem händereibenden Verkäufer glauben, basiert sein Aussehen auf dem einer Soldateneinheit eines erhabenen Königreichs längst vergangener Zeiten.","Wusch!","Frieden für das Reich","Versetzt die ausführenden Trabanten zurück zu Tor B.",25,70,2,False,False,False,True,False,9
536,"Du rufst Meister Messer als Begleiter herbei. Ein meisterhafter Messergeist, dessen einzige Freude in dem Blut deiner Feinde zu finden ist.","Vor Kurzem erst wurde dieses steinerne Messer ausgegraben und verwandelte sich aufgrund der vielen durch Hungersnot dahingerafften Seelen alsbald in einen bösartigen Geist. Allein die Aussicht, an deiner Seite seine Klinge in die Gedärme deiner Feinde tauchen zu können, hält es bei dir.","Kekekeke<hex:021D0103>... Bluuut!","Schlitzi-Schlitz","Stellt eine Falle auf, die nach 10 Sekunden ausgelöst werden kann. Bewirkt eine Attacke mit Attacke-Wert 260 auf die Gegner in der Nähe.",20,55,1,False,True,False,True,False,2
537,"Du rufst dein Dunstwölkchen der Dunkelheit als Begleiter herbei. Wer sich in seiner Nähe aufhält, sollte das Husten, Niesen und Herumwedeln tunlichst vermeiden, sonst ist das Dunstwölkchen für immer verschwunden.","Diese magische Marionette fand auf mysteriöse Weise ihren Weg zu dir, nachdem du deinen Kampf mit der Wolke der Dunkelheit erneut durchlebt hattest. Ihre Bauart ähnelt der einer gewissen Sukkubus-Puppe, obwohl der verantwortliche Goldschmied eigentlich schon längst verstorben sein sollte<hex:021D0103>... oder etwa nicht?","Das Nichts wird alles verschlingen!","Versagt euch nicht der Dunkelheit!","Fügt dem nächstgelegenen gegnerischen Arkana-Stein 5 % Schaden zu.",25,50,2,False,False,True,True,False,8
538,"Du rufst deine Themis-Puppe als Begleiter herbei. Sie ist so loyal wie kein Zweiter und unterliegt nicht den Fesseln dieser Welt.","Professor Claudien ließ diese Puppe nach dem Abbild Themis' herstellen. Du selbst hast ein Exemplar an Erichthonios ausgeliefert. Bei der Herstellung wurden modernste Techniken aus Sharlayan angewandt, sodass die Puppen auch in der Welt der Alten nicht fehl am Platz wirken.","Es sind unsere Fehler, die uns klüger machen.","Schlichtung","Fügt Gegnern in der Nähe eine Schwäche gegen Puppen zu.<hex:02100103><hex:024804F201F803><hex:024904F201F903>Dauer:<hex:0249020103><hex:0248020103> 15 Sekunden",20,50,2,False,False,True,False,False,4
539,"Du rufst deinen Dämmertuff als Begleiter herbei. Die kleine, aber genauso feine Miniaturausgabe des Dämmerbruchs, der legendären Erdseimlok der Xak Tural Eisenbahngesellschaft.","Die Xak Tural Eisenbahngesellschaft hat mit diesem Spielzeug ihren Dämmerbruch verewigt und plant nun aufgrund der vielen Anfragen interessierter Eltern und Großeltern nicht nur die Herzen von Kindern, sondern auch die Börsen der Modellbahnindustrie zu erobern.","Tuff tuff!","Schnellzug","Verdoppelt die LP-Regeneration der Trabanten innerhalb eines Tors.<hex:02100103><hex:024804F201F803><hex:024904F201F903>Dauer:<hex:0249020103><hex:0248020103> 20 Sekunden",35,20,3,False,False,False,True,False,9
540,"Du rufst Psamathe als Begleiter herbei. Ein Wesen, das dem feueraffinen Familiar Triton entstammt. Du weißt schon: der Rote von den Dreien.","Dieses Wesen entstammt dem feurigen Triton, einem der drei Familiare, die es vermögen, das Wetter auf Kreszentia zu beeinflussen. Da es mit der Zeit immer mehr seiner Intelligenz einbüßen musste, stellt es nun keine Gefahr mehr dar - zur Erleichterung aller.","Ihr solltet Euch im Klaren darüber sein, ob Ihr eine solche Hitze überhaupt ertragen könnt.<hex:02100103><hex:021A020203>Charlys<hex:021A020103>","Flammenfest","Fügt dem nächstgelegenen gegnerischen Arkana-Stein 5 % Schaden zu.",75,50,3,False,True,False,True,False,8
541,"Du rufst Naiad als Begleiter herbei. Ein Wesen, das dem eisaffinen Familiar Nereid entstammt. Du weißt schon: der Lilane von den Dreien.","Dieses Wesen entstammt dem eisigen Nereid, einem der drei Familiare, die es vermögen, das Wetter auf Kreszentia zu beeinflussen. Da es mit der Zeit immer mehr seiner Intelligenz einbüßen musste, stellt es nun keine Gefahr mehr dar - zur Erleichterung aller.","Brrr ... Ist das kalt. Daran werde ich mich nie gewöhnen.<hex:02100103><hex:021A020203>Lorens<hex:021A020103>","Schneefest","Erhöht die Technikpunkte eigener Trabanten in der Nähe um 10, außer wenn sie ebenfalls diesen Effekt verursachen können.",50,65,2,False,False,True,True,False,3
542,"Du rufst Deimos als Begleiter herbei. Ein Wesen, das dem giftaffinen Familiar Phobos entstammt. Du weißt schon: der Grüne von den Dreien.","Dieses Wesen entstammt dem giftigen Phobos, einem der drei Familiare, die es vermögen, das Wetter auf Kreszentia zu beeinflussen. Da es mit der Zeit immer mehr seiner Intelligenz einbüßen musste, stellt es nun keine Gefahr mehr dar - zur Erleichterung aller.","Hoffentlich wirkt das Gegengift ...<hex:02100103><hex:021A020203>Yugiri<hex:021A020103>","Giftfest","Führt eine Attacke mit Attacke-Wert 120 auf die Gegner in der Nähe aus und schleudert sie zurück.",80,60,3,False,True,True,False,False,1
543,"Du rufst deinen manteligen Pavian als Begleiter herbei. Sein Fell umgibt diesen Affen wie ein Mantel. So gemütlich und warm<hex:021D0103>...","Das hüftlange, mantelartige Fell dieses Affen ist eine Besonderheit der Männchen, welches in starkem Kontrast zu seinem völlig nackten, grellroten Hinterteil steht. Im Fernen Osten wird diese Affenart von Literaturliebhabern verehrt, da deren Ruf dem Titel einer Fantasiegeschichte ähnelt.","Hihiii","Zähne zeigen","Fügt einem gegnerischen Schild 70 % Schaden zu. Kein Effekt, falls er schon zerstört ist.",20,60,1,False,True,True,False,False,8
544,"Du rufst deinen Uhrwerk-Unterdrücker als Begleiter herbei. Diese Spielzeugvariante der auf Duelle spezialisierten Kampfmaschine ist schwerer, als sie aussieht.","Ein Garlond-Modellbauer fertigte dieses Modell nach dem Vorbild einer Kampfmaschine an, die auf dem Trainingsgelände Astragalos zum Einsatz kommt. Weil als Spielzeug viel zu teuer, wird es als Trophäe an die erfolgreichsten Schlachtenteilnehmer vergeben.","Mama, ich will das auch!<hex:02100103><hex:021A020203> Anonymes Kind<hex:021A020103>","Explosivfalle","Stellt eine Falle auf, die nach 10 Sekunden ausgelöst werden kann. Bewirkt eine Attacke mit Attacke-Wert 260 auf die Gegner in der Nähe.",30,85,1,False,False,False,True,False,2
545,"Du rufst deinen Ja Tiika-Blättrich als Begleiter herbei. Was auch immer hinter seiner blau-leuchtenden Blätterfassade stecken mag, bleibt wohl besser ein Geheimnis ...","Dieses Exemplar eines blauen Blättrichs scheint ungewöhnlich zutraulich zu sein und scheut sich nicht an der Seite von Abenteurern die Wälder Ja Tiikas zu durchstreifen. In der Gegend existiert nach wie vor der Aberglaube, dass es sich bei den Wesen um verwunschene Mamool Ja handele, eine positivere Auslegung spricht derweil allerdings von Reinkarnationen gewissenhafter Seelen, die nun als Waldgeister Ja Tiikas Bewohner beschützen.","Hast du schon mal von einem blauen Blättrich gehört?<hex:02100103><hex:021A020203>Nachdenklicher Hoobigo<hex:021A020103>","Blaublatt","Fügt Gegnern in der Nähe eine Schwäche gegen Monster zu.<hex:02100103><hex:024804F201F803><hex:024904F201F903>Dauer:<hex:0249020103><hex:0248020103> 15 Sekunden",65,60,2,False,False,True,False,False,4
546,"Du rufst deine Gulool Ja Ja-Puppe als Begleiter herbei. Das Dämmerköniglein wird deine Reise mit großem Interesse verfolgen.","Diese putzige Version des allseits beliebten Herrschers von Tuliyollal wurde zum siebzigsten Jubiläum seiner Krönung angefertigt. Eifrige Mamool Ja-Anhänger brachten wohl einige Exemplare mit auf ihre Reise nach Eorzea, um die Glorie ihres Volkes auch außerhalb Turals zu verbreiten. ","Erhöre uns, stärkster aller Zwillingsköpfe! Erhöre uns, Gulool Ja Ja!<hex:02100103><hex:021A020203>Zereel Ja<hex:021A020103>","Dekret des Dämmerkönigs","Erhöht die ATT eigener Trabanten in der Nähe um 20, im Fall von Puppen um 40.<hex:02100103><hex:024804F201F803><hex:024904F201F903>Dauer:<hex:0249020103><hex:0248020103> 10 Sekunden",50,50,3,False,False,True,False,False,3
547,"Du rufst deinen Mini-Minimecha herbei. Ein voll funktionstüchtiges Miniaturmodell der kleinen Helfermaschine der Kosmo-Erkundung. Kommt besonders gut bei kleinen Kieseln zum Einsatz.","Die kleine Helfermaschine der Kosmo-Erkundung wurde aus Jux und Tollerei in ein Miniaturmodell verwandelt, das nun vor allem Kinder bespaßt. Überraschenderweise ist es trotzdem vollfunktionstüchtig und bei kleineren Aufräumarbeiten und dergleichen durchaus nützlich. Seine Kraft reicht allerdings nicht für viel mehr als das Schleppen kleiner Kiesel.","Interessant. Derselbe Mechanismus also.<hex:02100103><hex:021A020203>Fandaniel<hex:021A020103>","Beseitigungszwang","Verringert die Technikpunkte der Gegner in der Nähe um 50 % des Maximalwerts.",40,55,3,False,False,False,True,False,4
548,"Du rufst deine Pfennigkröte als Begleiter herbei. Wenn man sie schüttelt, ertönt der befriedigende Ton einer prall gefüllten Spardose.","Mit ihrem goldenen Panzer ist es nicht wenig verwunderlich, dass diese Schildkröte mit der Münzkröte Kreszentias verwandt ist - jenem unheilvollen Wesen, welches verfluchte Waren auf der Insel vertrieb. Die Pfennigkröte ist allerdings noch zu jung für den Umgang mit Echtgeld und muss sich vorerst mit Spielzeugmünzen begnügen. ","Am Geld soll es nicht scheitern.<hex:02100103><hex:021A020203>Drusilla<hex:021A020103>","Riesiger Reichtum","Verringert die GSW von Gegnern in der Nähe um 70 %.<hex:02100103><hex:024804F201F803><hex:024904F201F903>Dauer:<hex:0249020103><hex:0248020103> 5 Sekunden",10,90,1,False,False,False,True,False,4
549,"Du rufst deinen royalen Hund als Begleiter herbei. Diese Jagdhundrasse entstammt einem längst vergangenen Königreich.","Bei diesem Hund soll es sich angeblich um den Nachkommen von Jagdhunden handeln, welche vom Königshaus des alten Alexandrias gehalten wurde. Die Rasse soll eine Kreuzung der feinsten Hunde der stolzen Nation sein. Ob der brave Vierbeiner dir deshalb beim besten Willen nicht mehr von der Seite weicht?","Wau!","Schwanzwedelei","Macht die ausführenden Trabanten unempfindlich gegen Angriffe von Monstern.<hex:02100103><hex:024804F201F803><hex:024904F201F903>Dauer:<hex:0249020103><hex:0248020103> 10 Sekunden",40,50,4,False,True,False,False,False,3
550,"Du rufst deinen Skalla-Uolosapa als Begleiter herbei. Ein kleines niedliches Vögelchen, das durch sein weißes Federkleid und einen rosa Schnabel besticht.","Uolosapa wurden ursprünglich von den Südinseln nach Skalla gebracht, wo sie sich als Haustiere äußerster Beliebtheit erfreuten. Nach einiger Zeit der Züchtung geschah es dann schließlich, dass weiße Exemplare schlüpften. Eine neue Unterart war geboren.","Zwitscher! ♪","Wildes Gepiekse","Führt eine Attacke mit Attacke-Wert 230 auf die Gegner in der Nähe aus.",30,30,1,False,False,False,False,True,1
551,"Du rufst dein niedliches Saikrii-Küken herbei. Die kleinere und vor allem fluffigere Version des edlen Fährtensucher-Vogels.","Das Küken eines Saikrii, jenem von Jägern aus aller Welt hochgeschätzten Fährtensucher-Wesen. Ausgewachsen stechen Saikrii zwar vor allem mit ihrer furchtlosen Art und schlank-muskulösen Körpern hervor, ihre Küken sind aufgrund ihres runden und fluffigen Aussehens dafür umso niedlicher. Als Teil seiner Ausbildung hat dieses Exemplar dich als seinen Jäger erwählt.","Ich wünsche dir und deinem Chocobo viele erlebnisreiche Jahre zusammen!<hex:02100103><hex:021A020203>Fraegeim<hex:021A020103>","Wildes Gerase","Verringert die ABW von Gegnern in der Nähe um 50 %.<hex:02100103><hex:024804F201F803><hex:024904F201F903>Dauer:<hex:0249020103><hex:0248020103> 15 Sekunden",80,70,4,False,True,True,False,False,4
552,"Du rufst deine verlässliche Vitalitätswespe herbei. Ein eigenartiges Insekt, welches heilende Sekrete in seinem Bauch ansammelt.","Dieses wespenartige Insekt sammelt allerlei heilende Sekrete in seiner Bauchregion an, welche infolgedessen zu beachtlichen Maßen anschwillt. Gekonnte Jäger machen sich diesen Umstand in Notsituationen gerne mal zunutze.","Da hat dieser Dummkopf ja in ein Wespennest gestochen.<hex:02100103><hex:021A020203>Y'shtola<hex:021A020103>","Nährender Nektar","Regeneriert 100 LP bei eigenen Trabanten in der Nähe, im Fall von Tieren 150.",85,50,3,False,True,False,True,False,7
553,"Du rufst deinen Zwergsternenläufer als Begleiter herbei. Selbst diese Miniatur-Version basierend auf den Mechas der Kosmo-Erkundung hat ihren eigenen Piloten.","Wurden die eigentlichen Sternenläufer zwar von Teilnehmern der Kosmo-Erkundung entwickelt, so stammt diese Spielzeug-Version aus der Schmiede eines gewissen Garlond-Modellbauers. Wie man sich erzählt, habe er wohl sofort, als er von den Mechas erfuhr, voller Aufregung Kontakt mit den Projektleitern der Kosmo-Erkundung aufgenommen und um Erlaubnis gebeten, eine Miniatur-Version anfertigen zu dürfen.","<stampf>","Ausradierung","Entfernt eine vom Gegner aufgestellte Falle.",45,65,2,False,False,True,True,False,6
554,"Du rufst deinen Aufzieh-Yok Huy als Begleiter herbei. Diese Miniaturversion eines Yok Huy starrt unaufhörlich in die Unendlichkeit, ohne jemals zu blinzeln.","Diese Puppe wurde von den Yok Huy mit der Unterstützung eines reisenden Pelupelu-Händlers als Souvenir für Besucher von Zirgorteh dem Grüßenden angefertigt. Aufgrund ihrer für ihren stämmigen Körperbau ungewöhnlichen Flinkheit ist sie auch unter den Yok Huy überaus beliebt.","Wenn wir bald auf die gewaltigen Yok Huy treffen werden, kann man nie vorbereitet genug sein.<hex:02100103><hex:021A020203>Alphinaud<hex:021A020103>","Riesenstampfer","Verringert die GSW von Gegnern in der Nähe um 50<hex:021D0103>%.<hex:02100103><hex:024804F201F803><hex:024904F201F903>Dauer:<hex:0249020103><hex:0248020103> 5 Sekunden",30,70,2,False,False,False,True,False,4
555,"Du rufst deine rote Aufzieh-Gobmaschine als Begleiter herbei. Rot, rechtschaffen, rasendschnell.","Ein Garlond-Modellbauer fertigte dieses Modell nach dem Vorbild der roten Kampfmaschine an, die auf dem Trainingsgelände Verborgene Schlucht zum Einsatz kommt. Als Produktidee gestartet, scheiterte das Projekt an dem Einverständnis der Goblins, welche den Großteil der Einnahmen für sich beanspruchen wollten. So ist es nun allein als Trophäe für erfolgreiche Schlachtenteilnehmer erhältlich.","Muahaaa! Wir kriegsbünden mit Raben!<hex:02100103><hex:021A020203>Goblin-Söldner<hex:021A020103>","Fahrerflucht","Fügt dem nächstgelegenen gegnerischen Arkana-Stein 5 % Schaden zu.",35,60,3,False,True,False,False,False,8
556,"Du rufst deine blaue Aufzieh-Gobmaschine als Begleiter herbei. Blau, besser, mit viel Bumms.","Ein Garlond-Modellbauer fertigte dieses Modell nach dem Vorbild der blauen Kampfmaschine an, die auf dem Trainingsgelände Verborgene Schlucht zum Einsatz kommt. Als Produktidee gestartet, scheiterte das Projekt an dem Einverständnis der Goblins, welche den Großteil der Einnahmen für sich beanspruchen wollten. So ist es nun allein als Trophäe für erfolgreiche Schlachtenteilnehmer erhältlich.","Muahaaa! Wir kriegsbünden mit Falken!<hex:02100103><hex:021A020203>Goblin-Söldner<hex:021A020103>","Bombardement","Führt eine Attacke mit Attacke-Wert 230 auf die Gegner in der Nähe aus.",55,50,3,False,False,True,False,False,1
557,"Du rufst deine Eald'narche-Puppe herbei. Nach zehn langen Jahrtausenden endlich an deiner Seite!","Das „etwas“ kleinere Ebenbild von Eald'narche. Überreste der Echos sollen sich nach dem Kampf in dieser Form manifestiert haben und von dannen geschritten sein. Der geniale Eald'narche selbst, auf dem dieser Begleiter basiert, soll in der Welt Vana'diel mit seinem Bruder, Erzherzog Kam'lanaut, einiges an Chaos gestiftet haben.","Seinen Bruder Eald'narche zu besiegen, grenzt an ein Wunder.<hex:02100103><hex:021A020203>Alxaal<hex:021A020103>","Vortex","Stellt eine Falle auf, die nach 10 Sekunden ausgelöst werden kann. Bewirkt die Verlangsamung von Gegnern in der Nähe um 70<hex:021D0103>%.<hex:02100103><hex:024804F201F803><hex:024904F201F903>Dauer:<hex:0249020103><hex:0248020103> 20 Sekunden",45,60,2,False,False,False,True,False,2
558,"Du rufst dein Rroneek-Kälbchen als Begleiter herbei und lass dich von seinen kleinen Hörnchen verzücken.","Das Kalb der genügsamen Pflanzenfresser Turals. Kurz nach ihrer Geburt zeichnen sich die charakteristischen Muster auf ihren Gesichtern nur sehr blass und fade vom restlichen Fell ab. Jedoch je größer sie werden, desto ausgeprägter werden diese<hex:021D0103>- eine Tatsache, die auch für ihre Hörner und Stoßzähne gilt. Erreichen sie eine bestimmte Größe, begeben sich Rroneek-Kälber ohne ihre Eltern in die weite Wildnis Turals<hex:021D0103>- selbst wenn sie noch nicht voll ausgewachsen sind.","Aber auf einem Rroneek zu reiten, klingt so viel spaßiger<hex:021D0103>...<hex:02100103><hex:021A020203>Krieger des Lichts<hex:021A020103>","Stolz Turals","Erhöht die ATT eigener Trabanten in der Nähe um 25.<hex:02100103><hex:024804F201F803><hex:024904F201F903>Dauer:<hex:0249020103><hex:0248020103> 6 Sekunden",25,55,1,False,True,False,False,False,3
559,"Du rufst deine Schabe als Begleiter herbei. Ihr Blick zeugt von ungeahnter Intelligenz. Aber das bildest du dir sicherlich nur ein<hex:021D0103>...","Schaben sollen bereits seit antiken Zeiten den Neunten Splitter unsicher machen. Die Städter des Immerfrieds hegen eine tiefe Abneigung gegen das Insekt. Für die Bewohner der umliegenden Lande hingegen stellt es mit seinen schmierigen Flügelchen eine wichtige Ölquelle dar und wird dem<hex:02160103>ent<hex:02160103>spre<hex:02160103>chend etwas mehr geduldet.","Du weißt schon! Die, dessen Namen nicht genannt werden dürfen<hex:021D0103>... Schaben!<hex:02100103><hex:021A020203>Uaauashe<hex:021A020103>","Die Missverstandene","Erhöht die ATT und ABW der ausführenden Trabanten. Pro 5<hex:021D0103>% verlorener LP steigt die ATT um 10 und die ABW um 5.<hex:02100103><hex:024804F201F803><hex:024904F201F903>Dauer:<hex:0249020103><hex:0248020103> 6 Sekunden",25,65,1,False,False,True,False,False,3
560,"","","","","",0,0,0,False,False,False,False,False,0
561,"Du rufst deine Mini-Krähe als Begleiter herbei. So viel Hirnschmalz und Loyalität in so einem kleinen Körperchen.","Diese kleine Krähe war ursprünglich Opfer zahlreicher Experimente und Tierversuche im Inneren des Meso-Systems. Zu ihrem Glück liefen auch nach dem Verschwinden der dort forschenden Wissenschaftler die lebenserhaltenden Systeme ihres Käfigs so wie die Fütterungsautomatik weiter, sodass sie bis heute überleben konnte. Mit ihrem gewaltigen Intellekt und ausgeprägtem Pflichtbewusstsein will sie dir nun zur Seite stehen.","... Wie eine Krähe in der Nacht.<hex:02100103><hex:021A020203>Oboro<hex:021A020103>","Landeflug","Schleudert die Gegner in der Nähe zurück.",55,55,2,False,True,False,False,False,9
562,"Du rufst Feo Ul als Begleiter herbei. Die Marionette ist mindestens genauso anhänglich wie das Original.","Diese Marionette ist Feo Ul, einer Pixie des Ersten Splitters, nachempfunden. Die echte Pixie wurde von der frisch gekrönten Titania selbst ins Leben gerufen. In Sachen Charme und Niedlichkeit steht die Marionette dem Original in nichts nach.","Sorge dich nicht, Bäumchen. Ich werde immer an deiner Seite sein, um dir zu helfen.<hex:02100103><hex:021A020203> Feo Ul<hex:021A020103>","Feenstreich","Stellt eine Falle auf, die nach 10 Sekunden ausgelöst werden kann. Bewirkt eine Attacke mit Attacke-Wert 180 auf die Gegner in der Nähe.",45,45,3,False,False,True,True,False,2
563,"Du rufst deinen Manta-Manta als Begleiter herbei. Schau ihm in die Augen<hex:021D0103>- wenn du sie findest!","Eine Unterart der auf Yok Tural heimischen Rochen, dessen Kiemenansammlung auf seinem Bauch ihn wie ein großes Gesicht wirken lassen. Aufgrund dieses freundlichen Auftretens wird der Manta von vielen in der Region als Schutzgottheit verehrt.","Mein Stachel wird euch bestrafen!<hex:02100103><hex:021A020203>Suzie Summ Honigsüß<hex:021A020103>","Schwanzstich","Verringert die GSW von Gegnern in der Nähe um 70 %.<hex:02100103><hex:024804F201F803><hex:024904F201F903>Dauer:<hex:0249020103><hex:0248020103> 5 Sekunden",45,45,1,False,True,False,False,False,4
564,"Du rufst dein Mini-Putschi als Begleiter herbei. Ein Schafs-Geistchen aus einer anderen Welt, dessen niedliches Aussehen nur ein Deckmantel für seine unglaubliche Macht ist.","In den Legenden des Neunten Splitters taucht diese Kreatur als kleiner Schafsgeist auf, der wider seiner Niedlichkeit tiefe seelische Narben bei all jenen zurücklässt, die ihm begegnen. Auch wenn er dir wohlgesonnen zu sein scheint, solltest du in seiner Anwesenheit wohl besser auf der Hut bleiben.","Dein Schäfchen kann sie hypnotisieren, damit sie einschläft?<hex:02100103><hex:021A020203>Reisender Händler<hex:021A020103>","Diamantenschimmer","Verdoppelt die LP-Regeneration der Trabanten innerhalb eines Tors.<hex:02100103><hex:024804F201F803><hex:024904F201F903>Dauer:<hex:0249020103><hex:0248020103> 20 Sekunden",35,50,2,False,False,False,True,False,9
565,"Du rufst dein Bettelcätzchen als Begleiter herbei. Dieses geflügelte Katzenwesen will einfach alles in seinem Besitz wissen.","Im Neunten Splitter soll dieses hinterhältige Katzenwesen unwissenden Abenteurern vorspielen, ein Phantom zu sein, um an kostbare Edelsteine zu gelangen. Dafür bettelt es ein ums andere Mal und wird äußerst missmutig, sollte man ihm seinen Wunsch verwehren. Gibt man ihm dann doch die verlangten Steine, will es nur noch mehr<hex:021D0103>... Es ist somit ratsam, ihm gar nicht erst zu begegnen<hex:021D0103>- wofür es in deinem Fall leider schon zu spät ist.","Gib mir das Elixier!<hex:02100103><hex:021A020203>Zauberpott<hex:021A020103>","Rumgebettel","Entfernt alle positiven Effekte von den gegnerischen Trabanten in der Nähe.",30,45,3,False,True,True,True,False,6
566,"Du rufst deinen Sündenbiber als Begleiter herbei. Er verfügt nur über einen geringen Wortschatz.","Dieses mysteriöse Wesen, das auf Pilgers Pfad erschien, liefert die Antwort auf die Frage, was passiert, wenn ein Sünden<hex:02160103>ver<hex:02160103>tilger auf einen riesigen Biber trifft.","<flöt> <quietsch>","Sündhaftes Quiken","Verringert die ABW von Gegnern in der Nähe um 50<hex:021D0103>%.<hex:02100103><hex:024804F201F803><hex:024904F201F903>Dauer:<hex:0249020103><hex:0248020103> 15 Sekunden",45,40,3,False,False,True,False,False,4
567,"Du rufst deine kleine Meerjungfrau als Begleiter herbei. Bei dir ist sie frei, bei dir ist sie froh!","Zahlreiche Legenden in Corvos handeln von Meerjungfrauen, wobei die meisten von einer Prinzessin der Meere sprechen, welche sich in einen Mann verliebt und ihre Heimat im Wasser verlässt, um das Land zu bereisen. Geboren aus einem Äthergramm, scheint diese kleine Begleiterin an deiner Seite nun ähnliche Ambitionen zu haben.","Bist du eine Meerjungfrau?<hex:02100103><hex:021A020203>Hokushin<hex:021A020103>","Schrille Stimme","Führt eine Attacke mit Attacke-Wert 60 auf die Gegner in der Nähe aus und verringert ihre GSW um 70 %.<hex:02100103><hex:024804F201F803><hex:024904F201F903>Dauer:<hex:0249020103><hex:0248020103> 10 Sekunden",60,50,2,False,False,True,False,False,1
568,"Du rufst deine Wunderlampe als Begleiter herbei. Phänomenale kosmische Kräfte in einem winzig kleinen Lebensraum!","Diese Öllampe ist aus einem Äthergramm erschienen und wird von einem Lampengeist behaust. Im Gegensatz zu seinem Kollegen aus den Legenden Corvos ist der Gute aber eher verhalten und zeigt sich kaum. Vielleicht braucht er einfach noch etwas mehr Zeit, um abzuschätzen, ob du seiner Kräfte auch wirklich würdig bist.","Ein ruhiger Geist ist gerade umso wichtiger denn je.<hex:02100103><hex:021A020203>Nidhana<hex:021A020103>","Tiefstes Verlangen","Erhöht die GSW der ausführenden Trabanten um 30 %.<hex:02100103><hex:024804F201F803><hex:024904F201F903>Dauer:<hex:0249020103><hex:0248020103> 10 Sekunden",25,45,1,False,False,False,False,True,3
569,"Du rufst deinen Droningway als Begleiter herbei. Eine umgebaute Logistikdrohne, deren Hauptaufgabe es nun ist, sich verlaufene Loporrit ausfindig zu machen.","Diese ehemalige Logistikdrohne der Erkundung wurde aufgrund der Vielzahl sich verlaufender Loporrit umgebaut und mit einer Such- und Rettungsfunktion ausgestattet. Tag ein, Tag aus schwirrt sie nun ohne Unterlass zwischen ihren Einsatzorten und der Station hin und her. Hat sie doch einmal eine freie Minute, soll die Drohne aus Langeweile nichtsahnenden Projektteilnehmern nachstellen<hex:021D0103>...","Wenn ich doch bloß nicht so mit der Fernsteuerung meiner kleinen Roboterdrohne beschäftigt gewesen wäre<hex:021D0103>...<hex:02100103><hex:021A020203>Cahciua<hex:021A020103> ","Automatisiertes Flugmanöver","Verringert die GSW von Gegnern in der Nähe um 70 %.<hex:02100103><hex:024804F201F803><hex:024904F201F903>Dauer:<hex:0249020103><hex:0248020103> 5 Sekunden",25,45,3,False,False,True,False,False,4
570,"Du rufst deinen G-Krieger MGSD als Begleiter herbei. Das „MGSD“ steht angeblich für „Meister Garlond Super Design“ oder so etwas Ähnliches.","Ein Garlond-Modellbauer fertigte dieses Modell nach dem Vorbild der beliebten Kampfmaschine „G-Krieger“ an, welche den Maschinenspezialisten in so mancher Schlacht schon zu Ruhm verholfen hat. Als Teil der Öffentlichkeitsarbeit der Metallwerke wird es nun als Trophäe an die erfolgreichsten Schlachtenteilnehmer vergeben.","Das ist eine Spe<hex:02160103>zial<hex:02160103>an<hex:02160103>fer<hex:02160103>ti<hex:02160103>gung des Ultima-Kriegers aus unseren Gar<hex:02160103>lond-Me<hex:02160103>tall<hex:02160103>wer<hex:02160103>ken. Wir nennen ihn kurz „G-Krieger“.<hex:02100103><hex:021A020203>Cid Garlond<hex:021A020103>","Lenkraketen","Zerstört eigene und feindliche Schilde und Suchende Augen. Die ausführenden Trabanten werden weggeschickt.",50,50,2,False,True,True,False,False,8
571,"Du rufst dein La Noscea-Kurzhaar als Begleiter herbei. Für ein wenig Katzenfutter löst es jedes Nagetierproblem.","Ursprünglich in Vylbrand beheimatet, sind diese grauhaarigen Fellbällchen besonders bei Seeleuten für ihr Talent bei der Mäusejagd in engen Schiffskajüten beliebt. Jüngst wurden auf Kreszentia ebenfalls Exemplare entdeckt, bei denen es sich wohl um die Nachkommen ihrer schiffbrüchigen Vormiezen handeln muss.","Miau, miau ♪<hex:02100103><hex:021A020203>Schwarze Katze<hex:021A020103>","Krallenwetzen","Fügt Gegnern in der Nähe im Sekundentakt 10 Schaden über Zeit zu.<hex:02100103><hex:024804F201F803><hex:024904F201F903>Dauer:<hex:0249020103><hex:0248020103> 20 Sekunden",40,55,1,False,False,False,True,False,1
572,"Du rufst deinen braven Schäferhund als Begleiter herbei. So mutig und loyal, wie man es sich von jedem Hund wünscht.","Diese äußerst robuste und verantwortungsbewusste Rasse dient seinen Frauchen und Herrchen seit Jahrhunderten sowohl als Wach- wie auch als Schäferhund. Und besonders Seeleute nehmen sie regelmäßig als treue Beschützer mit auf ihre Reisen. Jüngst wurden auf Kreszentia ebenfalls Exemplare entdeckt, bei denen es sich wohl um die Nachkommen ihrer schiffbrüchigen Vorwuffer handeln muss.","Wuff, wuff!<hex:02100103><hex:021A020203>Schwarzer Hund<hex:021A020103>","Hüten","Erhöht die ATT der ausführenden Trabanten um 40.<hex:02100103><hex:024804F201F803><hex:024904F201F903>Dauer:<hex:0249020103><hex:0248020103> 15 Sekunden",45,70,2,False,True,True,False,False,3
573,"Du rufst deine Aufzieh-Yuffie als Begleiter herbei. Leibhaftig steht sie vor dir: die einzige weiße Rose Wutais - die fantastische Yuffie!","Die Legenden sprechen von einer jungen und besonders lebhaften Ninja mit einem gewaltig großen Shuriken in der Hand, welche sich nicht zu schade war, auch zu unlauteren Methoden zu greifen, um möglichst viel Materia zu erbeuten und ihrer von Krieg gebrandmarkten Heimat zu altem Glanz zu verhelfen. Nun darfst du dich glücklich schätzen, ihrem Puppenabbild dienen zu dürfen.","Was ihnen fehlt, ist womöglich der Geist der Ninja ...<hex:02100103><hex:021A020203>Gerolt<hex:021A020103>","Gesamtschaffung","Wandelt gegnerische Fallen in eigene um. Wenn die Falle eine Attacke ausführt, wird der Attacke-Wert um das 1,5-fache erhöht.",55,35,4,False,False,True,True,False,1
574,"Du rufst deinen Aufzieh-Vincent als Begleiter herbei. Auf eine Sünde mehr kommt es dem Kleinen auch nicht mehr an.","Die Legenden sprechen von einem Mann, der düsteren Experimenten unterzogen wurde und auf diese Weise übernatürliche Fä<hex:02160103>hig<hex:02160103>kei<hex:02160103>ten erlangte. Nach Jahren des Schlummers erwachte er zwar aus seinem Sarg, doch es fühlte sich für ihn an, als hielten ihn die Geister seiner Ver<hex:02160103>gangen<hex:02160103>heit nach wie vor in einem Albtraum gefangen. So entschied er sich, eine Reise der Sühne anzutreten<hex:021D0103>- nun mit dir an seiner Seite.","Vergib mir meine Sünden ...<hex:02100103><hex:021A020203>Ystride<hex:021A020103>","Satansschlag","Fügt Gegnern in der Nähe Schaden in 5-facher Höhe des Attacke-Werts zu.",65,35,2,False,True,False,True,False,1
575,"Du rufst deinen Aufzieh-Red XIII als Begleiter herbei. Er ist das Wesen, das du vor dir siehst. Akzeptiere ihn, wie er ist.","Die Legenden sprechen von einem vierbeinigen Freund, welcher einer der wenigen Übriggebliebenen seiner stolzen und langlebigen Art war. Mit Verstand gesegnet, verfügte er über die Fähigkeit, zu sprechen. Nachdem er grausamer Labor-Gefangenschaft entkommen war, begab er sich an der Seite seiner neu-gefundenen Kameraden auf eine Reise, um den Planeten höchstselbst vor einem düsteren Schicksal zu bewahren.","Mir ist so was auch noch nie untergekommen.<hex:02100103><hex:021A020203>Erenville<hex:021A020103>","Lunares Tempo","Führt eine Attacke mit Attacke-Wert 80 auf die Gegner in der Nähe aus und verringert ihre ABW um 13 %.<hex:02100103><hex:024804F201F803><hex:024904F201F903>Dauer:<hex:0249020103><hex:0248020103> 6 Sekunden",60,45,3,False,False,False,True,False,1
576,"Du rufst deinen Hüpfis Khan als Begleiter herbei. Wer dreht noch weiter auf?","Diese Puppe ist aus Elektrob gefertigt und Springis Khan nachempfunden<hex:021D0103>- ein aufgedrehter Kämpfer mit sprungkräftigen Oberschenkeln der Schwergewichtsliga des Arkadions, der seine Ausdauer und sein Tanzgeschick mithilfe der Seele einer Kröte stark erhöht. Diese begehrte Puppe wird nun unter allen Zuschauern seiner Kämpfe verlost!","Auf der Tanzfläche ist jeder ein Staaaar!<hex:02100103><hex:021A020203>Springis Khan<hex:021A020103>","Tanzbein","Macht die eigenen Einrichtungen (Tore, Schild und Suchendes Auge) unempfindlich für alle Angriffe.<hex:02100103><hex:024804F201F803><hex:024904F201F903>Dauer:<hex:0249020103><hex:0248020103> 20 Sekunden",45,85,2,False,False,True,False,False,9
577,"Du rufst deinen Nebelkondor als Begleiter herbei. Ein Feinschmeckervogel, dem du besser nur perfekt gebratenes Fleisch anbietest, sonst<hex:021D0103>...","Dieser Riesenvogel ist auf dem Kontinent des Nebels beheimatet und hat sich ursprünglich wie jeder andere Kondor von rohem Fleisch ernährt. Seit dem Anstieg des Blitzäthers im neunten Splitter hat sich seine Art jedoch an den Geschmack von blitzversengtem Bratfleisch gewöhnt. So stellt er lecker wirkender Beute nach, bis diese schließlich von einem Blitz auf etwa „medium“ durchgebraten worden ist, bevor er sie verzehrt.","Ich musste ein paar Blitzen mit Hechtsprüngen ausweichen, aber schlussendlich hab ich's geschafft!<hex:02100103><hex:021A020203>Auszubildende Merzerin<hex:021A020103>","Plötzlicher Sturz","Fügt dem nächstgelegenen gegnerischen Arkana-Stein 5 % Schaden zu.",20,70,3,False,True,False,False,False,8
578,"Du rufst dein entspannendes Meeresbiest als Begleiter herbei. Ein Blick genügt, und friedvolle Entspannung macht sich in den Herzen aller Bewunderer dieses Wesens breit.","Dieses zärtliche Wesen ist einem Äthergramm entsprungen und hat die Form einer Meereskreatur angenommen, welche für gewöhnlich in den Küstengebieten Corvos anzutreffen ist. Seine pastellfarbene Haut lässt es mit den Korallenriffen, die es beheimatet, förmlich eins werden. Manche munkeln sogar, es wäre mit den Meerjungfrauen auf irgendeine Art und Weise verwandt.","Auf dem Rücken dieser stolzen Tiere meisterst du selbst das stürmischste aller Meere! Sssssh ...<hex:02100103><hex:021A020203>Novv<hex:021A020103>","Entspannender Hieb","Verringert die ATT von Gegnern in der Nähe um 50 %.<hex:02100103><hex:024804F201F803><hex:024904F201F903>Dauer:<hex:0249020103><hex:0248020103> 15 Sekunden",30,35,3,False,True,False,False,False,4
579,"Du rufst Señor Otto als Begleiter herbei. Eine magische Marionette, welche dem neuesten Maskottchen des Gold Saucers, Otto O'tha, in seiner Lieblingstracht nachempfunden ist.","Diese magische Marionette entstand recht spontan im Auftrag von Godbert Manderville, nachdem dieser von der Werbewirkung des Señor-Kaktor-nachahmenden Otters, Otto O'tha, erfuhr. Alle Einnahmen durch den Verkauf werden für die Lebensraumerhaltung der Otter Nagxias im Fernen Osten gespendet.","Das nächste Mal, wenn du Señor Kaktor siehst, stecke ich vielleicht in dem Kostüm.<hex:02100103><hex:021A020203>Nanaphon<hex:021A020103>","Werbemasche","Erhöht die ATT der ausführenden Trabanten um 60.<hex:02100103><hex:024804F201F803><hex:024904F201F903>Dauer:<hex:0249020103><hex:0248020103> 10 Sekunden",35,55,3,False,False,False,True,False,3
580,"Du rufst deine blaue Wikinger-Marionette als Begleiter herbei. War früher rot und gefährlich.","Ein Garlond-Modellbauer fertigte dieses Modell nach dem Vorbild einer roten Kampfmarionette an, die auf dem Trainingsgelände Astragalos zum Einsatz gekommen ist, bis sie kampfunfähig gemacht wurde. Normalerweise hätte dies das Ende für sie bedeutet, doch dieses spezielle Exemplar konnte repariert werden. Wo einst lodernder Kampfgeist im roten Gewand schlummerte, herrschen nun Ruhe und Zufriedenheit.","Daher habe ich mir diesen Arena-Wikinger geliehen, damit du an ihm ein paar Zauber vorführen kannst.<hex:02100103><hex:021A020203>Martyn<hex:021A020103>","Axthieb","Führt eine Attacke mit Attacke-Wert 30 auf die Gegner in der Nähe aus und schleudert sie zurück.",30,45,2,False,False,True,True,False,1
581,"Du rufst deine rote Wikinger-Marionette als Begleiter herbei. War früher blau und kaltherzig.","Ein Garlond-Modellbauer fertigte dieses Modell nach dem Vorbild einer blauen Kampfmarionette an, die auf dem Trainingsgelände Astragalos zum Einsatz gekommen ist, bis sie kampfunfähig gemacht wurde. Normalerweise hätte dies das Ende für sie bedeutet, doch dieses spezielle Exemplar konnte repariert werden. Wo einst pure Kaltherzigkeit im blauen Gewand schlummerte, herrscht nun herzliche Freundlichkeit.","Die Gold<hex:02160103>schmiede<hex:02160103>gilde liefert viele der mechanischen Krieger, die in der Großen Maskerade auftreten, sowie Arena-Wikinger und zahlreiche andere Marionetten.<hex:02100103><hex:021A020203>Royse<hex:021A020103>","Axtschwung","Führt eine Attacke mit Attacke-Wert 230 auf die Gegner in der Nähe aus.",10,45,1,False,True,True,False,True,1
582,"Du rufst Jinbei Jr. als Begleiter herbei. Ein kleiner Walhai, der friedfreudiger nicht sein könnte.","Im Fernen Osten sind Walhaie aufgrund ihrer Muster unter dem Namen „Jinbei-Zame“ bekannt, welche an die traditionellen „Jinbei“-Kleider erinnern, die von den Leuten an heißen Sommertagen getragen werden. In der Hoffnung, an deiner Seite neue Ufer zu erreichen, begleitet dich dieses Jungtier nun auf Schritt und Tritt.","Haaach, es gibt nichts Schöneres als die kühle Gischt an einem heißen Sommertag!<hex:02100103><hex:021A020203>Ethelia<hex:021A020103>","Tiefsog","Fügt dem nächstgelegenen gegnerischen Tor 90<hex:021D0103>% Schaden zu. Kein Effekt, falls es schon zerstört ist.",60,30,3,False,True,True,False,False,8
583,"Du rufst deinen Sternchenebner als Begleiter herbei. Ein Kraftpaket auf kleinem Fahrwerk.","Diese unglaublich detaillierte Spielzeug-Version des kräftigen Sternenebners aus den Mecha-Einsätzen der Kosmo-Erkundung stammt genau wie der Zwergsternenläufer aus der Schmiede eines gewissen Garlond-Modellbauers. In der Hoffnung, weitere produzieren zu können, soll der Ebner zusammen mit den anderen bisher erschienenen Modellen nun zum Teil einer ganzen Serie an Miniatur-Mechas gemacht werden.","Die Sternenebner sind der reinste Wahnsinn!<hex:02100103><hex:021A020203>Projektteilnehmer<hex:021A020103>","Transport im Bulk","Führt eine Attacke mit Attacke-Wert 300 auf die Gegner in der Nähe aus, aber die ausführenden Trabanten werden weggeschickt.",55,70,2,False,True,False,True,False,1
584,"Du rufst Caprino als Begleiter herbei. So niedlich, man kann ihm gar nicht böse sein.","Diese Ziegenart stammt ursprünglich aus Corvos, verbreitete sich mit der garleischen Umsiedlung aber schließlich weiter nördlich, woraufhin ihre Milch zu einem alltäglichen Nahrungsmittel für die Bewohner der Kaiserstadt wurde. Das Jungtier scheint sein Herrchen in den Wirren des Bürgerkrieges verloren zu haben und sehnt sich nun nach Schutz und Fürsorge.","Statt dreißig Pferden würde ich euch auch fünfzig Ziegen schenken.<hex:02100103><hex:021A020203>Luvsan<hex:021A020103>","Kauer","Fügt Gegnern in der Nähe Schaden in 5-facher Höhe des Attacke-Werts zu.",35,35,4,True,False,False,False,False,1
585,"Du rufst Register den Belesenen als Begleiter herbei. Er weiß genau, bis wohin du dein letztes Buch gelesen hast.","Dieses kleine Familiar wurde eigens von Index dem Allwissenden, dem Herrn von Kreszentia, erschaffen. Jenen, die es als seine Meister anerkennt, dient es mit Hingabe und Loyalität. Es kann sich auf den Buchstaben genau merken, bis wohin man ein Buch zuletzt gelesen hat, weiß darüber hinaus aber nichts.","Wer Wissen einzusperren gedenkt, ist ihm nicht würdig.<hex:02100103><hex:021A020203>Index<hex:021A020103>","Mutmaßung","Stellt eine Falle auf, die nach 10 Sekunden ausgelöst werden kann. Bewirkt eine Attacke mit Attacke-Wert 180 auf die Gegner in der Nähe.",45,60,3,False,True,False,True,False,2
586,"Du rufst deinen mickrigen Magier als Begleiter herbei. Kann zwar nicht zaubern, sorgt mit seiner Niedlichkeit aber immer für gute Laune.","Dieser Golem entsprang Experimenten der magischen Stadt Mhach, bei denen die Körper der dort entwickelten winzigen Magier auf ein Minimum reduziert werden sollten. Da sein Kern ebenfalls deutlich kleiner angefertigt werden musste, war in diesem schlussendlich keinerlei Platz für Magie. Auch ohne magische Fä<hex:02160103>hig<hex:02160103>kei<hex:02160103>ten erfreuten sich diese Exemplare aufgrund ihrer Niedlichkeit jedoch großer Beliebtheit.","AlL mEinE kRaFt In MeTeO!<hex:02100103><hex:021A020203>Winziger Magier<hex:021A020103>","Heilender Halbmond","Entfernt alle negativen Effekte von eigenen Trabanten in der Nähe.",25,70,3,False,True,True,False,False,6
587,"Du rufst deine Wuk Lamat-Puppe als Begleiter herbei. Sie lässt dein Abenteurerherz zweifelsohne höherschlagen, nicht wahr?","Diese drollige Puppe der einstmaligen Prinzessin wurde von einem gewissen Mitglied des Königshauses in Auftrag gegeben, um das Jubiläum der Thronbesteigung ihres Vaters zu feiern. Als jene Festivitäten aber aufgrund des Ritus der Thronfolge verschoben wurden, hat man diese Kreation heimlich, still und leise auf ein Schiff nach Eorzea gesetzt.","Ich musste mir einer Sache sicher sein: Ob ich dir mein Töchterchen wirklich überlassen kann.<hex:02100103><hex:021A020203>Gulool Ja Ja<hex:021A020103>","Wille der Morgensonne","Verdoppelt die LP-Regeneration der Trabanten innerhalb eines Tors.<hex:02100103><hex:024804F201F803><hex:024904F201F903>Dauer:<hex:0249020103><hex:0248020103> 20 Sekunden",35,25,1,False,True,True,False,True,9
588,"","","","","",0,0,0,False,False,False,False,False,0
589,"Du rufst deine Prishe-Puppe als Begleiter herbei. Mach dich auf was gefasst!","Diese Manifestation von Prishe ist einem Elektrob-Fragment zu verdanken, welches zurückblieb, als ihr Echo verschwand. Durch ihr Abenteuer an deiner Seite hat sie diese Welt lieben gelernt. Wer weiß<hex:021D0103>- vielleicht ist diese Manifestation ja ein Ausdruck eben dieser Liebe.","Oh, Prishe<hex:021D0103>...<hex:02100103><hex:021A020203>Alxaal<hex:021A020103>","Drachentritt","Erhöht die GSW der ausführenden Trabanten um 30 %.<hex:02100103><hex:024804F201F803><hex:024904F201F903>Dauer:<hex:0249020103><hex:0248020103> 10 Sekunden",75,40,3,False,True,False,False,False,3
590,"Du rufst deine Köttr-Puppe als Begleiter herbei. Ein Wollknäul mehr für das Abenteuer!","Die katzenähnlichen Kettir sind für ihr Können auf dem Feld der Windmagien bekannt. Und ihre Eigensinnigkeit<hex:021D0103>... So erfordert es einiges an Mühen, sie zu irgendetwas Produktivem zu bewegen. Aber sei dies, wie es ist, zumindest diese einfache Puppe sollte jeder deiner Anweisungen Folge leisten.","Ich bin lediglich ein unschuldiger Reisender mit einer Vorliebe für unsere Katzenfreunde.<hex:02100103><hex:021A020203>Katzenminister<hex:021A020103>","Weisheit der Winde","Stellt eine Falle auf, die nach 10 Sekunden ausgelöst werden kann. Bewirkt eine Attacke mit Attacke-Wert 260 auf die Gegner in der Nähe.",45,45,3,False,False,False,True,False,2
591,"Du rufst Nagy als Begleiter herbei. Ein mobiler Keimling der Nagylvi, durch den sein Volk die Welt erlebt, die du ihm zeigst.","Dieses Pflanzenwesen wurde dir von den Nagylvi als eine Art mobile Satelliteneinheit ihres Bewusstseins zur Seite gestellt, um Namingway und dich auf eurem Rundgang über Auxesia zu begleiten. Was euch zu Beginn noch als „Keimling“ vorgestellt wurde, wuchs euch schnell ans Herz, und so dauerte es nicht lange, bis Namingway einen passenden Spitznamen parat hatte: „Nagy“.","Dazu haben sie dir den Keimling zur Seite gestellt, der dich nun begleitet.<hex:02100103><hex:021A020203>Mumukko<hex:021A020103>","Flüstern der Bäume","Macht die Auto-Attacke der ausführenden Trabanten zu einem Flächenangriff.<hex:02100103><hex:024804F201F803><hex:024904F201F903>Dauer:<hex:0249020103><hex:0248020103> 12 Sekunden",50,70,1,False,True,True,True,False,3
592,"Du rufst deinen Aufzieh-Barret als Begleiter herbei, die Nachbildung eines legendären Helden. Manchmal ein wenig cholerisch, aber im Grunde ein netter Typ.","Eine Marionette, die einem legendären Helden aus einer weit entfernten Welt nachempfunden ist. Es heißt, dieser Held hatte einen extrem starken Ge<hex:02160103>rechtig<hex:02160103>keits<hex:02160103>sinn und setzte sich für die Umwelt ein. Sein bulliges Aussehen lässt anderes vermuten, aber angeblich war er ein herzensguter Kerl, dem seine Heimat und geliebte Tochter über alles gingen.","Wenn man den Mündungswinkel im Auge behält, sollte man daraus die Flugbahn ablesen können.<hex:02100103><hex:021A020203>Hildibrüh<hex:021A020103>","Hammerschlag","Entfernt eine vom Gegner aufgestellte Falle.",20,50,3,False,False,False,False,False,6
593,"Du rufst deinen Nym-Uolosapa als Begleiter herbei. Diese spezielle Art ist für ihr bräunliches Gefieder bekannt, das farblich an Zimt erinnert.","Uolosapa wurden ursprünglich von den Südinseln nach Nym gebracht, wo sie sich als Haustiere äußerster Beliebtheit erfreuten. Dabei gewann vor allem diese braungefiederte Art an Popularität, nachdem einige seltene Exemplare aus Meracydia durch den Handel ihren Weg über die Meere fanden.","Gruu, gruu!","Flauschiges Gefieder","Erhöht die ATT eigener Trabanten in der Nähe um 25.<hex:02100103><hex:024804F201F803><hex:024904F201F903>Dauer:<hex:0249020103><hex:0248020103> 6 Sekunden",55,20,2,False,True,False,True,False,3
594,"Du rufst dein Orchester-Alpaka-Cria als Begleiter herbei. Ein junges Alpaka mit braunem Fell, Hang zur Musik und Speichel, der nach gründlich zerkauter Wiese riecht. Hmmm<hex:021D0103>...!","Dieses Jungtier hatte das Glück, als Kind von Lastenalpakas geboren zu werden, deren Hauptaufgabe das Schleppen von Instrumenten eines fahrenden Orchesters ist. Aufgrund dessen liebt es das Reisen und schreckt auch nicht vor schweren Lasten zurück. Um irgendwann auch ein eigenes Instrument auf seinem Rücken tragen zu können, schwänzt es keine Einheit seines selbst auferlegten Krafttrainings.","Mit meiner Musik wird sich hier niemand mehr langweilen, das versprech ich!<hex:02100103><hex:021A020203>Dreamingway<hex:021A020103>","Taktgespucke","Erhöht die Technikpunkte eigener Trabanten in der Nähe um 10, außer wenn sie ebenfalls diesen Effekt verursachen können.",65,55,4,False,True,True,False,False,3
595,"Du rufst deine Naschkatze als Begleiter herbei. Riecht so süß, wie sie aussieht.","Dieses Kätzchen streunte einst über den Campus der Magieakademie, bis es eines Tages einen experimentellen Süßstoff fand und verputzte, woraufhin sein Fell pink und sein Geruch süßlich geworden ist. Als die Sache rauskam, fühlten sich die Forschenden verantwortlich und druckten Adoptionsanzeigen in ihren Akademikerblättern, um dem armen Tier schnellst<hex:02160103>möglich ein sichereres Zuhause zu bescheren.","Oh, welch eine süße Kreatur!<hex:02100103><hex:021A020203>Menphinas<hex:021A020103>","Leckermäulchen","Führt eine Attacke mit Attacke-Wert 30 auf die Gegner in der Nähe aus und verringert ihre ABW um 30 %.<hex:02100103><hex:024804F201F803><hex:024904F201F903>Dauer:<hex:0249020103><hex:0248020103> 6 Sekunden",50,55,1,False,False,True,False,False,1
596,"","","","","",0,0,0,False,False,False,False,False,0
597,"","","","","",0,0,0,False,False,False,False,False,0
598,"","","","","",0,0,0,False,False,False,False,False,0
599,"","","","","",0,0,0,False,False,False,False,False,0
