key,0,1,2,3,4,5,6,7,8,9,10,11,12,13,14,15,16,17,18,19,20,21,22,23,24,25,26,27,28,29
#,,RequiredLevel,,Icon,,Name,Cutscene[0],Cutscene[1],Cutscene[2],Cutscene[3],Cutscene[4],Cutscene[5],Cutscene[6],Cutscene[7],Cutscene[8],Cutscene[9],Cutscene[10],Cutscene[11],Cutscene[12],Cutscene[13],Cutscene[14],Cutscene[15],Cutscene[16],Cutscene[17],Cutscene[18],Cutscene[19],Cutscene[20],Cutscene[21],Cutscene[22],Cutscene[23]
offset,4,112,114,12,8,0,16,20,24,28,32,36,40,44,48,52,56,60,64,68,72,76,80,84,88,92,96,100,104,108
Int32,UInt32,UInt16,UInt8,Int32,UInt32,String,Int32,Int32,Int32,Int32,Int32,Int32,Int32,Int32,Int32,Int32,Int32,Int32,Int32,Int32,Int32,Int32,Int32,Int32,Int32,Int32,Int32,Int32,Int32,Int32
0,0,0,0,0,0,"",0,0,0,0,0,0,0,0,0,0,0,0,0,0,0,0,0,0,0,0,0,0,0,0
1,0,0,0,0,0,"",0,0,0,0,0,0,0,0,0,0,0,0,0,0,0,0,0,0,0,0,0,0,0,0
2,0,0,0,0,0,"",0,0,0,0,0,0,0,0,0,0,0,0,0,0,0,0,0,0,0,0,0,0,0,0
3,0,0,0,0,0,"",0,0,0,0,0,0,0,0,0,0,0,0,0,0,0,0,0,0,0,0,0,0,0,0
4,0,0,0,0,0,"",0,0,0,0,0,0,0,0,0,0,0,0,0,0,0,0,0,0,0,0,0,0,0,0
5,0,0,0,0,0,"",0,0,0,0,0,0,0,0,0,0,0,0,0,0,0,0,0,0,0,0,0,0,0,0
6,0,0,0,0,0,"",0,0,0,0,0,0,0,0,0,0,0,0,0,0,0,0,0,0,0,0,0,0,0,0
7,0,0,0,0,0,"",0,0,0,0,0,0,0,0,0,0,0,0,0,0,0,0,0,0,0,0,0,0,0,0
8,0,0,0,0,0,"",0,0,0,0,0,0,0,0,0,0,0,0,0,0,0,0,0,0,0,0,0,0,0,0
9,0,0,0,0,0,"",0,0,0,0,0,0,0,0,0,0,0,0,0,0,0,0,0,0,0,0,0,0,0,0
10,0,0,0,0,0,"",0,0,0,0,0,0,0,0,0,0,0,0,0,0,0,0,0,0,0,0,0,0,0,0
11,0,0,0,0,0,"",0,0,0,0,0,0,0,0,0,0,0,0,0,0,0,0,0,0,0,0,0,0,0,0
12,662,0,0,0,0,"",0,0,0,0,0,0,0,0,0,0,0,0,0,0,0,0,0,0,0,0,0,0,0,0
13,663,0,0,0,0,"",0,0,0,0,0,0,0,0,0,0,0,0,0,0,0,0,0,0,0,0,0,0,0,0
14,664,0,0,0,0,"",0,0,0,0,0,0,0,0,0,0,0,0,0,0,0,0,0,0,0,0,0,0,0,0
15,665,0,0,0,0,"",0,0,0,0,0,0,0,0,0,0,0,0,0,0,0,0,0,0,0,0,0,0,0,0
16,666,0,0,0,0,"",0,0,0,0,0,0,0,0,0,0,0,0,0,0,0,0,0,0,0,0,0,0,0,0
17,667,0,0,0,0,"",0,0,0,0,0,0,0,0,0,0,0,0,0,0,0,0,0,0,0,0,0,0,0,0
18,668,0,0,0,0,"",0,0,0,0,0,0,0,0,0,0,0,0,0,0,0,0,0,0,0,0,0,0,0,0
19,669,0,0,0,0,"",0,0,0,0,0,0,0,0,0,0,0,0,0,0,0,0,0,0,0,0,0,0,0,0
20,670,0,0,0,0,"",0,0,0,0,0,0,0,0,0,0,0,0,0,0,0,0,0,0,0,0,0,0,0,0
21,671,0,0,0,0,"",0,0,0,0,0,0,0,0,0,0,0,0,0,0,0,0,0,0,0,0,0,0,0,0
22,672,0,0,0,0,"",0,0,0,0,0,0,0,0,0,0,0,0,0,0,0,0,0,0,0,0,0,0,0,0
23,673,0,0,0,0,"",0,0,0,0,0,0,0,0,0,0,0,0,0,0,0,0,0,0,0,0,0,0,0,0
24,836,0,0,0,0,"",0,0,0,0,0,0,0,0,0,0,0,0,0,0,0,0,0,0,0,0,0,0,0,0
25,837,0,0,0,0,"",0,0,0,0,0,0,0,0,0,0,0,0,0,0,0,0,0,0,0,0,0,0,0,0
26,841,0,0,0,0,"",0,0,0,0,0,0,0,0,0,0,0,0,0,0,0,0,0,0,0,0,0,0,0,0
27,842,0,0,0,0,"",0,0,0,0,0,0,0,0,0,0,0,0,0,0,0,0,0,0,0,0,0,0,0,0
28,846,0,0,0,0,"",0,0,0,0,0,0,0,0,0,0,0,0,0,0,0,0,0,0,0,0,0,0,0,0
29,847,0,0,0,0,"",0,0,0,0,0,0,0,0,0,0,0,0,0,0,0,0,0,0,0,0,0,0,0,0
30,851,0,0,0,0,"",0,0,0,0,0,0,0,0,0,0,0,0,0,0,0,0,0,0,0,0,0,0,0,0
31,852,0,0,0,0,"",0,0,0,0,0,0,0,0,0,0,0,0,0,0,0,0,0,0,0,0,0,0,0,0
32,856,0,0,0,0,"",0,0,0,0,0,0,0,0,0,0,0,0,0,0,0,0,0,0,0,0,0,0,0,0
33,857,0,0,0,0,"",0,0,0,0,0,0,0,0,0,0,0,0,0,0,0,0,0,0,0,0,0,0,0,0
34,861,0,0,0,0,"",0,0,0,0,0,0,0,0,0,0,0,0,0,0,0,0,0,0,0,0,0,0,0,0
35,862,0,0,0,0,"",0,0,0,0,0,0,0,0,0,0,0,0,0,0,0,0,0,0,0,0,0,0,0,0
36,866,0,0,0,0,"",0,0,0,0,0,0,0,0,0,0,0,0,0,0,0,0,0,0,0,0,0,0,0,0
37,867,0,0,0,0,"",0,0,0,0,0,0,0,0,0,0,0,0,0,0,0,0,0,0,0,0,0,0,0,0
38,876,0,0,0,0,"",0,0,0,0,0,0,0,0,0,0,0,0,0,0,0,0,0,0,0,0,0,0,0,0
39,0,0,0,0,0,"",0,0,0,0,0,0,0,0,0,0,0,0,0,0,0,0,0,0,0,0,0,0,0,0
40,0,0,0,0,0,"",0,0,0,0,0,0,0,0,0,0,0,0,0,0,0,0,0,0,0,0,0,0,0,0
41,101,1,0,62309,0,"Die Gilde der Schurken",0,0,0,0,0,0,0,0,0,0,0,0,0,0,0,0,0,0,0,0,0,0,0,0
42,177,1,0,62301,0,"Die Gilde der Gladiatoren",0,0,0,0,0,0,0,0,0,0,0,0,0,0,0,0,0,0,0,0,0,0,0,0
43,178,1,0,62302,0,"Die Gilde der Faustkämpfer",0,0,0,0,0,0,0,0,0,0,0,0,0,0,0,0,0,0,0,0,0,0,0,0
44,179,1,0,62303,0,"Die Gilde der Marodeure",0,0,0,0,0,0,0,0,0,0,0,0,0,0,0,0,0,0,0,0,0,0,0,0
45,180,1,0,62304,0,"Die Gilde der Pikeniere",0,0,0,0,0,0,0,0,0,0,0,0,0,0,0,0,0,0,0,0,0,0,0,0
46,181,1,0,62305,0,"Die Gilde der Waldläufer",0,0,0,0,0,0,0,0,0,0,0,0,0,0,0,0,0,0,0,0,0,0,0,0
47,182,1,0,62306,0,"Die Gilde der Druiden",0,0,0,0,0,0,0,0,0,0,0,0,0,0,0,0,0,0,0,0,0,0,0,0
48,183,1,0,62307,0,"Die Gilde der Thaumaturgen",0,0,0,0,0,0,0,0,0,0,0,0,0,0,0,0,0,0,0,0,0,0,0,0
49,184,1,0,62310,0,"Die Gilde der Zimmerer",0,0,0,0,0,0,0,0,0,0,0,0,0,0,0,0,0,0,0,0,0,0,0,0
50,185,1,0,62311,0,"Die Gilde der Grobschmiede",0,0,0,0,0,0,0,0,0,0,0,0,0,0,0,0,0,0,0,0,0,0,0,0
51,186,1,0,62312,0,"Die Gilde der Plattner",0,0,0,0,0,0,0,0,0,0,0,0,0,0,0,0,0,0,0,0,0,0,0,0
52,187,1,0,62313,0,"Die Gilde der Goldschmiede",0,0,0,0,0,0,0,0,0,0,0,0,0,0,0,0,0,0,0,0,0,0,0,0
53,188,1,0,62314,0,"Die Gilde der Gerber",0,0,0,0,0,0,0,0,0,0,0,0,0,0,0,0,0,0,0,0,0,0,0,0
54,189,1,0,62315,0,"Die Gilde der Weber",0,0,0,0,0,0,0,0,0,0,0,0,0,0,0,0,0,0,0,0,0,0,0,0
55,190,1,0,62316,0,"Die Gilde der Alchemisten",0,0,0,0,0,0,0,0,0,0,0,0,0,0,0,0,0,0,0,0,0,0,0,0
56,191,1,0,62317,0,"Die Gilde der Gourmets",0,0,0,0,0,0,0,0,0,0,0,0,0,0,0,0,0,0,0,0,0,0,0,0
57,192,1,0,62318,0,"Die Gilde der Minenarbeiter",0,0,0,0,0,0,0,0,0,0,0,0,0,0,0,0,0,0,0,0,0,0,0,0
58,193,1,0,62319,0,"Die Gilde der Gärtner",0,0,0,0,0,0,0,0,0,0,0,0,0,0,0,0,0,0,0,0,0,0,0,0
59,0,0,0,0,0,"",0,0,0,0,0,0,0,0,0,0,0,0,0,0,0,0,0,0,0,0,0,0,0,0
60,0,0,0,0,0,"",0,0,0,0,0,0,0,0,0,0,0,0,0,0,0,0,0,0,0,0,0,0,0,0
61,0,0,0,0,0,"",0,0,0,0,0,0,0,0,0,0,0,0,0,0,0,0,0,0,0,0,0,0,0,0
62,0,0,0,0,0,"",0,0,0,0,0,0,0,0,0,0,0,0,0,0,0,0,0,0,0,0,0,0,0,0
63,0,0,0,0,0,"",0,0,0,0,0,0,0,0,0,0,0,0,0,0,0,0,0,0,0,0,0,0,0,0
64,451,1,0,62308,0,"Die Gilde der Hermetiker",0,0,0,0,0,0,0,0,0,0,0,0,0,0,0,0,0,0,0,0,0,0,0,0
65,0,0,0,0,0,"",0,0,0,0,0,0,0,0,0,0,0,0,0,0,0,0,0,0,0,0,0,0,0,0
66,0,0,0,0,0,"",0,0,0,0,0,0,0,0,0,0,0,0,0,0,0,0,0,0,0,0,0,0,0,0
67,0,0,0,0,0,"",0,0,0,0,0,0,0,0,0,0,0,0,0,0,0,0,0,0,0,0,0,0,0,0
68,0,0,0,0,0,"",0,0,0,0,0,0,0,0,0,0,0,0,0,0,0,0,0,0,0,0,0,0,0,0
69,0,0,0,0,0,"",0,0,0,0,0,0,0,0,0,0,0,0,0,0,0,0,0,0,0,0,0,0,0,0
70,0,0,0,0,0,"",0,0,0,0,0,0,0,0,0,0,0,0,0,0,0,0,0,0,0,0,0,0,0,0
71,0,0,0,0,0,"",0,0,0,0,0,0,0,0,0,0,0,0,0,0,0,0,0,0,0,0,0,0,0,0
72,0,0,0,0,0,"",0,0,0,0,0,0,0,0,0,0,0,0,0,0,0,0,0,0,0,0,0,0,0,0
73,0,0,0,0,0,"",0,0,0,0,0,0,0,0,0,0,0,0,0,0,0,0,0,0,0,0,0,0,0,0
74,0,0,0,0,0,"",0,0,0,0,0,0,0,0,0,0,0,0,0,0,0,0,0,0,0,0,0,0,0,0
75,0,0,0,0,0,"",0,0,0,0,0,0,0,0,0,0,0,0,0,0,0,0,0,0,0,0,0,0,0,0
76,0,0,0,0,0,"",0,0,0,0,0,0,0,0,0,0,0,0,0,0,0,0,0,0,0,0,0,0,0,0
77,0,0,0,0,0,"",0,0,0,0,0,0,0,0,0,0,0,0,0,0,0,0,0,0,0,0,0,0,0,0
78,0,0,0,0,0,"",0,0,0,0,0,0,0,0,0,0,0,0,0,0,0,0,0,0,0,0,0,0,0,0
79,0,0,0,0,0,"",0,0,0,0,0,0,0,0,0,0,0,0,0,0,0,0,0,0,0,0,0,0,0,0
80,0,0,0,0,0,"",0,0,0,0,0,0,0,0,0,0,0,0,0,0,0,0,0,0,0,0,0,0,0,0
81,0,0,0,0,0,"",0,0,0,0,0,0,0,0,0,0,0,0,0,0,0,0,0,0,0,0,0,0,0,0
82,0,0,0,0,0,"",0,0,0,0,0,0,0,0,0,0,0,0,0,0,0,0,0,0,0,0,0,0,0,0
83,0,0,0,0,0,"",0,0,0,0,0,0,0,0,0,0,0,0,0,0,0,0,0,0,0,0,0,0,0,0
84,0,0,0,0,0,"",0,0,0,0,0,0,0,0,0,0,0,0,0,0,0,0,0,0,0,0,0,0,0,0
85,0,0,0,0,0,"",0,0,0,0,0,0,0,0,0,0,0,0,0,0,0,0,0,0,0,0,0,0,0,0
86,1134,1,0,62320,0,"Die Gilde der Fischer",0,0,0,0,0,0,0,0,0,0,0,0,0,0,0,0,0,0,0,0,0,0,0,0
87,0,0,0,0,0,"",0,0,0,0,0,0,0,0,0,0,0,0,0,0,0,0,0,0,0,0,0,0,0,0
88,0,0,0,0,0,"",0,0,0,0,0,0,0,0,0,0,0,0,0,0,0,0,0,0,0,0,0,0,0,0
89,0,0,0,0,0,"",0,0,0,0,0,0,0,0,0,0,0,0,0,0,0,0,0,0,0,0,0,0,0,0
90,0,0,0,0,0,"",0,0,0,0,0,0,0,0,0,0,0,0,0,0,0,0,0,0,0,0,0,0,0,0
91,0,0,0,0,0,"",0,0,0,0,0,0,0,0,0,0,0,0,0,0,0,0,0,0,0,0,0,0,0,0
92,0,0,0,0,0,"",0,0,0,0,0,0,0,0,0,0,0,0,0,0,0,0,0,0,0,0,0,0,0,0
93,0,0,0,0,0,"",0,0,0,0,0,0,0,0,0,0,0,0,0,0,0,0,0,0,0,0,0,0,0,0
94,0,0,0,0,0,"",0,0,0,0,0,0,0,0,0,0,0,0,0,0,0,0,0,0,0,0,0,0,0,0
95,0,0,0,0,0,"",0,0,0,0,0,0,0,0,0,0,0,0,0,0,0,0,0,0,0,0,0,0,0,0
96,2943,1,0,61419,0,"Balladenklänge in Kugane",0,0,0,0,0,0,0,0,0,0,0,0,0,0,0,0,0,0,0,0,0,0,0,0
97,0,0,0,0,0,"",0,0,0,0,0,0,0,0,0,0,0,0,0,0,0,0,0,0,0,0,0,0,0,0
98,3662,1,0,61419,0,"Der Fahrende Sänger des ersten Splitters",0,0,0,0,0,0,0,0,0,0,0,0,0,0,0,0,0,0,0,0,0,0,0,0
99,3739,1,0,61411,0,"",0,0,0,0,0,0,0,0,0,0,0,0,0,0,0,0,0,0,0,0,0,0,0,0
100,3740,1,0,61411,0,"",0,0,0,0,0,0,0,0,0,0,0,0,0,0,0,0,0,0,0,0,0,0,0,0
101,3741,1,0,61411,0,"",0,0,0,0,0,0,0,0,0,0,0,0,0,0,0,0,0,0,0,0,0,0,0,0
102,3742,1,0,61411,0,"",0,0,0,0,0,0,0,0,0,0,0,0,0,0,0,0,0,0,0,0,0,0,0,0
103,3743,1,0,61411,0,"",0,0,0,0,0,0,0,0,0,0,0,0,0,0,0,0,0,0,0,0,0,0,0,0
104,3744,1,0,61411,0,"",0,0,0,0,0,0,0,0,0,0,0,0,0,0,0,0,0,0,0,0,0,0,0,0
105,3745,1,0,61411,0,"",0,0,0,0,0,0,0,0,0,0,0,0,0,0,0,0,0,0,0,0,0,0,0,0
106,3746,1,0,61411,0,"",0,0,0,0,0,0,0,0,0,0,0,0,0,0,0,0,0,0,0,0,0,0,0,0
107,3747,1,0,61411,0,"",0,0,0,0,0,0,0,0,0,0,0,0,0,0,0,0,0,0,0,0,0,0,0,0
108,3748,1,0,61411,0,"",0,0,0,0,0,0,0,0,0,0,0,0,0,0,0,0,0,0,0,0,0,0,0,0
109,3749,1,0,61411,0,"",0,0,0,0,0,0,0,0,0,0,0,0,0,0,0,0,0,0,0,0,0,0,0,0
110,3759,1,0,61419,0,"Wiedererweckte Erinnerungen",0,0,0,0,0,0,0,0,0,0,0,0,0,0,0,0,0,0,0,0,0,0,0,0
111,3760,1,0,61411,0,"Auf dem Platz der Habenichtse",0,0,0,0,0,0,0,0,0,0,0,0,0,0,0,0,0,0,0,0,0,0,0,0
112,3841,1,0,61411,0,"Das Genist",0,0,0,0,0,0,0,0,0,0,0,0,0,0,0,0,0,0,0,0,0,0,0,0
113,3930,1,0,61411,0,"",0,0,0,0,0,0,0,0,0,0,0,0,0,0,0,0,0,0,0,0,0,0,0,0
114,3931,1,0,61411,0,"",0,0,0,0,0,0,0,0,0,0,0,0,0,0,0,0,0,0,0,0,0,0,0,0
115,3932,1,0,61411,0,"",0,0,0,0,0,0,0,0,0,0,0,0,0,0,0,0,0,0,0,0,0,0,0,0
116,3933,1,0,61411,0,"",0,0,0,0,0,0,0,0,0,0,0,0,0,0,0,0,0,0,0,0,0,0,0,0
117,3934,1,0,61411,0,"",0,0,0,0,0,0,0,0,0,0,0,0,0,0,0,0,0,0,0,0,0,0,0,0
118,3935,1,0,61411,0,"",0,0,0,0,0,0,0,0,0,0,0,0,0,0,0,0,0,0,0,0,0,0,0,0
119,3936,1,0,61411,0,"",0,0,0,0,0,0,0,0,0,0,0,0,0,0,0,0,0,0,0,0,0,0,0,0
120,3937,1,0,61411,0,"",0,0,0,0,0,0,0,0,0,0,0,0,0,0,0,0,0,0,0,0,0,0,0,0
121,3938,1,0,61411,0,"",0,0,0,0,0,0,0,0,0,0,0,0,0,0,0,0,0,0,0,0,0,0,0,0
122,3939,1,0,61411,0,"",0,0,0,0,0,0,0,0,0,0,0,0,0,0,0,0,0,0,0,0,0,0,0,0
123,3940,1,0,61411,0,"",0,0,0,0,0,0,0,0,0,0,0,0,0,0,0,0,0,0,0,0,0,0,0,0
124,3972,1,0,61411,0,"Das Federfall-Quartier",0,0,0,0,0,0,0,0,0,0,0,0,0,0,0,0,0,0,0,0,0,0,0,0
125,4030,1,0,61419,0,"Willkommen zu den Triple Triad-Turnieren!",0,0,0,0,0,0,0,0,0,0,0,0,0,0,0,0,0,0,0,0,0,0,0,0
126,4042,1,0,61411,0,"Das Kulturviertel Himmelsang",0,0,0,0,0,0,0,0,0,0,0,0,0,0,0,0,0,0,0,0,0,0,0,0
127,4044,1,0,61419,0,"Ein Lebenszeichen",0,0,0,0,0,0,0,0,0,0,0,0,0,0,0,0,0,0,0,0,0,0,0,0
128,4045,1,0,61419,0,"Helfende Hände",0,0,0,0,0,0,0,0,0,0,0,0,0,0,0,0,0,0,0,0,0,0,0,0
129,4046,1,0,61419,0,"Des Papas Paradoxie",0,0,0,0,0,0,0,0,0,0,0,0,0,0,0,0,0,0,0,0,0,0,0,0
130,4047,1,0,61419,0,"Ausgefuchste Assistenz",0,0,0,0,0,0,0,0,0,0,0,0,0,0,0,0,0,0,0,0,0,0,0,0
131,4048,1,0,61419,0,"Des Papas persistente Paradoxie",0,0,0,0,0,0,0,0,0,0,0,0,0,0,0,0,0,0,0,0,0,0,0,0
132,4049,1,0,61419,0,"Glück auf für Komra",2510,0,0,0,0,0,0,0,0,0,0,0,0,0,0,0,0,0,0,0,0,0,0,0
133,4171,1,0,61419,0,"Musikalische Inspiration",0,0,0,0,0,0,0,0,0,0,0,0,0,0,0,0,0,0,0,0,0,0,0,0
134,5004,1,0,61419,0,"Poesie im fernen Westen",0,0,0,0,0,0,0,0,0,0,0,0,0,0,0,0,0,0,0,0,0,0,0,0
135,0,0,0,0,0,"",0,0,0,0,0,0,0,0,0,0,0,0,0,0,0,0,0,0,0,0,0,0,0,0
136,0,0,0,0,0,"",0,0,0,0,0,0,0,0,0,0,0,0,0,0,0,0,0,0,0,0,0,0,0,0
137,0,0,0,0,0,"",0,0,0,0,0,0,0,0,0,0,0,0,0,0,0,0,0,0,0,0,0,0,0,0
138,0,0,0,0,0,"",0,0,0,0,0,0,0,0,0,0,0,0,0,0,0,0,0,0,0,0,0,0,0,0
139,0,0,0,0,0,"",0,0,0,0,0,0,0,0,0,0,0,0,0,0,0,0,0,0,0,0,0,0,0,0
140,0,0,0,0,0,"",0,0,0,0,0,0,0,0,0,0,0,0,0,0,0,0,0,0,0,0,0,0,0,0
141,0,0,0,0,0,"",0,0,0,0,0,0,0,0,0,0,0,0,0,0,0,0,0,0,0,0,0,0,0,0
142,0,0,0,0,0,"",0,0,0,0,0,0,0,0,0,0,0,0,0,0,0,0,0,0,0,0,0,0,0,0
143,0,0,0,0,0,"",0,0,0,0,0,0,0,0,0,0,0,0,0,0,0,0,0,0,0,0,0,0,0,0
144,0,0,0,0,0,"",0,0,0,0,0,0,0,0,0,0,0,0,0,0,0,0,0,0,0,0,0,0,0,0
145,0,0,0,0,0,"",0,0,0,0,0,0,0,0,0,0,0,0,0,0,0,0,0,0,0,0,0,0,0,0
146,0,0,0,0,0,"",0,0,0,0,0,0,0,0,0,0,0,0,0,0,0,0,0,0,0,0,0,0,0,0
147,0,0,0,0,0,"",0,0,0,0,0,0,0,0,0,0,0,0,0,0,0,0,0,0,0,0,0,0,0,0
148,437,15,0,61419,0,"Kartenfieber",0,0,0,0,0,0,0,0,0,0,0,0,0,0,0,0,0,0,0,0,0,0,0,0
149,488,15,0,61419,0,"Ein kleines Stück vom Glück",0,0,0,0,0,0,0,0,0,0,0,0,0,0,0,0,0,0,0,0,0,0,0,0
150,489,15,0,61419,0,"Ein großes Stück vom Glück",0,0,0,0,0,0,0,0,0,0,0,0,0,0,0,0,0,0,0,0,0,0,0,0
151,0,0,0,0,0,"",0,0,0,0,0,0,0,0,0,0,0,0,0,0,0,0,0,0,0,0,0,0,0,0
152,0,0,0,0,0,"",0,0,0,0,0,0,0,0,0,0,0,0,0,0,0,0,0,0,0,0,0,0,0,0
153,0,0,0,0,0,"",0,0,0,0,0,0,0,0,0,0,0,0,0,0,0,0,0,0,0,0,0,0,0,0
154,0,0,0,0,0,"",0,0,0,0,0,0,0,0,0,0,0,0,0,0,0,0,0,0,0,0,0,0,0,0
155,0,0,0,0,0,"",0,0,0,0,0,0,0,0,0,0,0,0,0,0,0,0,0,0,0,0,0,0,0,0
156,0,0,0,0,0,"",0,0,0,0,0,0,0,0,0,0,0,0,0,0,0,0,0,0,0,0,0,0,0,0
157,0,0,0,0,0,"",0,0,0,0,0,0,0,0,0,0,0,0,0,0,0,0,0,0,0,0,0,0,0,0
158,0,0,0,0,0,"",0,0,0,0,0,0,0,0,0,0,0,0,0,0,0,0,0,0,0,0,0,0,0,0
159,0,0,0,0,0,"",0,0,0,0,0,0,0,0,0,0,0,0,0,0,0,0,0,0,0,0,0,0,0,0
160,0,0,0,0,0,"",0,0,0,0,0,0,0,0,0,0,0,0,0,0,0,0,0,0,0,0,0,0,0,0
161,0,0,0,0,0,"",0,0,0,0,0,0,0,0,0,0,0,0,0,0,0,0,0,0,0,0,0,0,0,0
162,0,0,0,0,0,"",0,0,0,0,0,0,0,0,0,0,0,0,0,0,0,0,0,0,0,0,0,0,0,0
163,0,0,0,0,0,"",0,0,0,0,0,0,0,0,0,0,0,0,0,0,0,0,0,0,0,0,0,0,0,0
164,3019,30,0,61419,0,"Wenn Herzen musizieren",0,0,0,0,0,0,0,0,0,0,0,0,0,0,0,0,0,0,0,0,0,0,0,0
165,2389,47,0,61419,0,"Ein neues Kommando (Bruderschaft)",0,0,0,0,0,0,0,0,0,0,0,0,0,0,0,0,0,0,0,0,0,0,0,0
166,2390,47,0,61419,0,"Ein neues Kommando (Mahlstrom)",0,0,0,0,0,0,0,0,0,0,0,0,0,0,0,0,0,0,0,0,0,0,0,0
167,2391,47,0,61419,0,"Ein neues Kommando (Legion)",0,0,0,0,0,0,0,0,0,0,0,0,0,0,0,0,0,0,0,0,0,0,0,0
168,2106,50,0,61419,0,"Ishgarder Freibriefe",0,0,0,0,0,0,0,0,0,0,0,0,0,0,0,0,0,0,0,0,0,0,0,0
169,2109,50,0,62411,0,"Die Gilde der Maschinisten",0,0,0,0,0,0,0,0,0,0,0,0,0,0,0,0,0,0,0,0,0,0,0,0
170,2110,50,0,62412,0,"Ein düsteres Schauspiel",0,0,0,0,0,0,0,0,0,0,0,0,0,0,0,0,0,0,0,0,0,0,0,0
171,2123,50,0,62413,0,"Die Wiege der Astrologie",0,0,0,0,0,0,0,0,0,0,0,0,0,0,0,0,0,0,0,0,0,0,0,0
172,0,0,0,0,0,"",0,0,0,0,0,0,0,0,0,0,0,0,0,0,0,0,0,0,0,0,0,0,0,0
173,0,0,0,0,0,"",0,0,0,0,0,0,0,0,0,0,0,0,0,0,0,0,0,0,0,0,0,0,0,0
174,0,0,0,0,0,"",0,0,0,0,0,0,0,0,0,0,0,0,0,0,0,0,0,0,0,0,0,0,0,0
175,0,0,0,0,0,"",0,0,0,0,0,0,0,0,0,0,0,0,0,0,0,0,0,0,0,0,0,0,0,0
176,2107,52,0,61419,0,"Milliths Cousin",0,0,0,0,0,0,0,0,0,0,0,0,0,0,0,0,0,0,0,0,0,0,0,0
177,0,0,0,0,0,"",0,0,0,0,0,0,0,0,0,0,0,0,0,0,0,0,0,0,0,0,0,0,0,0
178,2099,60,0,61419,0,"Sammeln wie in der Legende",0,0,0,0,0,0,0,0,0,0,0,0,0,0,0,0,0,0,0,0,0,0,0,0
179,0,0,0,0,0,"",0,0,0,0,0,0,0,0,0,0,0,0,0,0,0,0,0,0,0,0,0,0,0,0
180,2216,60,0,61419,0,"Juwel am Himmel",0,0,0,0,0,0,0,0,0,0,0,0,0,0,0,0,0,0,0,0,0,0,0,0
181,2334,60,0,0,0,"Neue Eigenschaften",0,0,0,0,0,0,0,0,0,0,0,0,0,0,0,0,0,0,0,0,0,0,0,0
182,2920,60,0,61419,0,"Unbekannter Osten",0,0,0,0,0,0,0,0,0,0,0,0,0,0,0,0,0,0,0,0,0,0,0,0
183,2921,60,0,61419,0,"Freibriefe von Kugane",0,0,0,0,0,0,0,0,0,0,0,0,0,0,0,0,0,0,0,0,0,0,0,0
184,2941,60,0,61419,0,"Rowenas Wacht",0,0,0,0,0,0,0,0,0,0,0,0,0,0,0,0,0,0,0,0,0,0,0,0
185,2612,70,0,61419,0,"Pyros, das feurige Land",0,0,0,0,0,0,0,0,0,0,0,0,0,0,0,0,0,0,0,0,0,0,0,0
186,2613,70,0,61419,0,"Hydatos, Land des Wassers",0,0,0,0,0,0,0,0,0,0,0,0,0,0,0,0,0,0,0,0,0,0,0,0
187,2942,70,0,61419,0,"Pagos, das eisige Land",0,0,0,0,0,0,0,0,0,0,0,0,0,0,0,0,0,0,0,0,0,0,0,0
188,3088,70,0,0,0,"Lieder sind Erinnerungen",0,0,0,0,0,0,0,0,0,0,0,0,0,0,0,0,0,0,0,0,0,0,0,0
189,3602,70,0,61419,0,"Freibriefe von Crystarium",0,0,0,0,0,0,0,0,0,0,0,0,0,0,0,0,0,0,0,0,0,0,0,0
190,3603,70,0,61419,0,"Der Handwerker ist König",0,0,0,0,0,0,0,0,0,0,0,0,0,0,0,0,0,0,0,0,0,0,0,0
191,3604,70,0,61419,0,"Unbekanntes Norvrandt",0,0,0,0,0,0,0,0,0,0,0,0,0,0,0,0,0,0,0,0,0,0,0,0
192,0,0,0,0,0,"",0,0,0,0,0,0,0,0,0,0,0,0,0,0,0,0,0,0,0,0,0,0,0,0
193,3605,80,0,61419,0,"Traumwetter",0,0,0,0,0,0,0,0,0,0,0,0,0,0,0,0,0,0,0,0,0,0,0,0
194,3842,80,0,61419,0,"Klein, aber oho",0,0,0,0,0,0,0,0,0,0,0,0,0,0,0,0,0,0,0,0,0,0,0,0
195,4041,80,0,0,0,"Der richtige Schliff",0,0,0,0,0,0,0,0,0,0,0,0,0,0,0,0,0,0,0,0,0,0,0,0
196,4170,80,0,61419,0,"Die Klauber von Alt-Sharlayan",0,0,0,0,0,0,0,0,0,0,0,0,0,0,0,0,0,0,0,0,0,0,0,0
197,4174,80,0,61419,0,"Unbekannte Welten",0,0,0,0,0,0,0,0,0,0,0,0,0,0,0,0,0,0,0,0,0,0,0,0
198,4175,80,0,61419,0,"Expansion des Hauses der Wunder",0,0,0,0,0,0,0,0,0,0,0,0,0,0,0,0,0,0,0,0,0,0,0,0
199,0,0,0,0,0,"",0,0,0,0,0,0,0,0,0,0,0,0,0,0,0,0,0,0,0,0,0,0,0,0
200,4784,90,0,0,0,"",0,0,0,0,0,0,0,0,0,0,0,0,0,0,0,0,0,0,0,0,0,0,0,0
201,5003,90,0,61419,0,"Freibriefe von Tuliyollal",0,0,0,0,0,0,0,0,0,0,0,0,0,0,0,0,0,0,0,0,0,0,0,0
202,5006,90,0,61419,0,"Unbekanntes Tural",0,0,0,0,0,0,0,0,0,0,0,0,0,0,0,0,0,0,0,0,0,0,0,0
203,5007,90,0,61419,0,"Verschollene Zwil<hex:02160103>lings<hex:02160103>schwes<hex:02160103>ter",0,0,0,0,0,0,0,0,0,0,0,0,0,0,0,0,0,0,0,0,0,0,0,0
204,5008,90,0,61419,0,"Der Handel mit Rhodina",0,0,0,0,0,0,0,0,0,0,0,0,0,0,0,0,0,0,0,0,0,0,0,0
205,0,0,0,0,0,"",0,0,0,0,0,0,0,0,0,0,0,0,0,0,0,0,0,0,0,0,0,0,0,0
206,0,0,0,0,0,"",0,0,0,0,0,0,0,0,0,0,0,0,0,0,0,0,0,0,0,0,0,0,0,0
207,0,0,0,0,0,"",0,0,0,0,0,0,0,0,0,0,0,0,0,0,0,0,0,0,0,0,0,0,0,0
208,5408,91,0,0,0,"Am Ende des Pfades",0,0,0,0,0,0,0,0,0,0,0,0,0,0,0,0,0,0,0,0,0,0,0,0
209,0,0,0,0,0,"",0,0,0,0,0,0,0,0,0,0,0,0,0,0,0,0,0,0,0,0,0,0,0,0
210,0,0,0,0,0,"",0,0,0,0,0,0,0,0,0,0,0,0,0,0,0,0,0,0,0,0,0,0,0,0
211,0,0,0,0,0,"",0,0,0,0,0,0,0,0,0,0,0,0,0,0,0,0,0,0,0,0,0,0,0,0
212,0,0,0,0,0,"",0,0,0,0,0,0,0,0,0,0,0,0,0,0,0,0,0,0,0,0,0,0,0,0
213,0,0,0,0,0,"",0,0,0,0,0,0,0,0,0,0,0,0,0,0,0,0,0,0,0,0,0,0,0,0
214,5459,100,0,0,0,"„Des Händlers Liebesmüh“ auf den Punkt gebracht!",0,0,0,0,0,0,0,0,0,0,0,0,0,0,0,0,0,0,0,0,0,0,0,0
215,0,0,0,0,0,"",0,0,0,0,0,0,0,0,0,0,0,0,0,0,0,0,0,0,0,0,0,0,0,0
216,0,65535,0,0,0,"",0,0,0,0,0,0,0,0,0,0,0,0,0,0,0,0,0,0,0,0,0,0,0,0
217,0,0,0,0,0,"",0,0,0,0,0,0,0,0,0,0,0,0,0,0,0,0,0,0,0,0,0,0,0,0
218,0,0,0,0,0,"",0,0,0,0,0,0,0,0,0,0,0,0,0,0,0,0,0,0,0,0,0,0,0,0
219,0,0,0,0,0,"",0,0,0,0,0,0,0,0,0,0,0,0,0,0,0,0,0,0,0,0,0,0,0,0
220,1199,50,0,61419,0,"Das Erbe der Allager",459,0,0,0,0,0,0,0,0,0,0,0,0,0,0,0,0,0,0,0,0,0,0,0
221,4651,90,0,61419,0,"Gelegenheitsaufträge",0,0,0,0,0,0,0,0,0,0,0,0,0,0,0,0,0,0,0,0,0,0,0,0
222,1176,50,0,61412,0,"In banger Hoffnung gefesselt",0,0,0,0,0,0,0,0,0,0,0,0,0,0,0,0,0,0,0,0,0,0,0,0
223,1177,50,0,61412,0,"Die Nachtigall von Ul'dah",0,0,0,0,0,0,0,0,0,0,0,0,0,0,0,0,0,0,0,0,0,0,0,0
224,1178,50,0,61412,0,"Der Duft der Erinnerung",0,0,0,0,0,0,0,0,0,0,0,0,0,0,0,0,0,0,0,0,0,0,0,0
225,1179,50,0,61412,0,"F'lhaminns Vers",0,0,0,0,0,0,0,0,0,0,0,0,0,0,0,0,0,0,0,0,0,0,0,0
226,1180,50,0,61412,0,"Botengang nach Geisterzoll",0,0,0,0,0,0,0,0,0,0,0,0,0,0,0,0,0,0,0,0,0,0,0,0
227,1182,50,0,61412,0,"Qarnsche Quader",0,0,0,0,0,0,0,0,0,0,0,0,0,0,0,0,0,0,0,0,0,0,0,0
228,1183,50,0,61412,0,"Hochexplosiv",0,0,0,0,0,0,0,0,0,0,0,0,0,0,0,0,0,0,0,0,0,0,0,0
229,1181,50,0,61412,0,"Der verspätete Transport",0,0,0,0,0,0,0,0,0,0,0,0,0,0,0,0,0,0,0,0,0,0,0,0
230,4644,1,0,61419,0,"Trautes Heim, Inselglück allein",0,0,0,0,0,0,0,0,0,0,0,0,0,0,0,0,0,0,0,0,0,0,0,0
231,1184,50,0,61412,0,"Auf Geheiß der Gilde I",0,0,0,0,0,0,0,0,0,0,0,0,0,0,0,0,0,0,0,0,0,0,0,0
232,1561,50,0,61412,0,"Auf Geheiß der Gilde I",0,0,0,0,0,0,0,0,0,0,0,0,0,0,0,0,0,0,0,0,0,0,0,0
233,0,0,0,0,0,"",0,0,0,0,0,0,0,0,0,0,0,0,0,0,0,0,0,0,0,0,0,0,0,0
234,0,0,0,0,0,"",0,0,0,0,0,0,0,0,0,0,0,0,0,0,0,0,0,0,0,0,0,0,0,0
235,1185,50,0,61412,0,"Auf Geheiß der Gilde II",0,0,0,0,0,0,0,0,0,0,0,0,0,0,0,0,0,0,0,0,0,0,0,0
236,1562,50,0,61412,0,"Auf Geheiß der Gilde II",0,0,0,0,0,0,0,0,0,0,0,0,0,0,0,0,0,0,0,0,0,0,0,0
237,1186,50,0,61412,0,"Tatarus sieben Sachen",0,0,0,0,0,0,0,0,0,0,0,0,0,0,0,0,0,0,0,0,0,0,0,0
238,1187,50,0,61412,0,"Tee für die Nerven",0,0,0,0,0,0,0,0,0,0,0,0,0,0,0,0,0,0,0,0,0,0,0,0
239,0,0,0,0,0,"",0,0,0,0,0,0,0,0,0,0,0,0,0,0,0,0,0,0,0,0,0,0,0,0
240,1188,50,0,61412,0,"Alte Sorge in neuer Gestalt",0,0,0,0,0,0,0,0,0,0,0,0,0,0,0,0,0,0,0,0,0,0,0,0
241,0,0,0,0,0,"",0,0,0,0,0,0,0,0,0,0,0,0,0,0,0,0,0,0,0,0,0,0,0,0
242,1193,50,0,61412,0,"Über die Schwelle des Sonnensteins",0,0,0,0,0,0,0,0,0,0,0,0,0,0,0,0,0,0,0,0,0,0,0,0
243,1345,50,0,61412,0,"Ein neuer Morgen",0,0,0,0,0,0,0,0,0,0,0,0,0,0,0,0,0,0,0,0,0,0,0,0
244,0,0,0,0,0,"",0,0,0,0,0,0,0,0,0,0,0,0,0,0,0,0,0,0,0,0,0,0,0,0
245,0,0,0,0,0,"",0,0,0,0,0,0,0,0,0,0,0,0,0,0,0,0,0,0,0,0,0,0,0,0
246,196,4,2,61412,0,"Vorbild für die Jungspunde",0,0,0,0,0,0,0,0,0,0,0,0,0,0,0,0,0,0,0,0,0,0,0,0
247,0,0,0,0,0,"",0,0,0,0,0,0,0,0,0,0,0,0,0,0,0,0,0,0,0,0,0,0,0,0
248,1348,50,0,61412,0,"Ein bisschen Frieden",0,0,0,0,0,0,0,0,0,0,0,0,0,0,0,0,0,0,0,0,0,0,0,0
249,128,4,3,61412,0,"Mückeneier",0,0,0,0,0,0,0,0,0,0,0,0,0,0,0,0,0,0,0,0,0,0,0,0
250,1349,50,0,61412,0,"Verstreute Erinnerungen",0,0,0,0,0,0,0,0,0,0,0,0,0,0,0,0,0,0,0,0,0,0,0,0
251,0,0,0,0,0,"",0,0,0,0,0,0,0,0,0,0,0,0,0,0,0,0,0,0,0,0,0,0,0,0
252,1350,50,0,61412,0,"Alles muss versteckt sein",0,0,0,0,0,0,0,0,0,0,0,0,0,0,0,0,0,0,0,0,0,0,0,0
253,324,4,3,61412,0,"Aushilfskellner",0,0,0,0,0,0,0,0,0,0,0,0,0,0,0,0,0,0,0,0,0,0,0,0
254,1351,50,0,61412,0,"Eau de Chocobo",0,0,0,0,0,0,0,0,0,0,0,0,0,0,0,0,0,0,0,0,0,0,0,0
255,464,5,1,61412,0,"Ruhe im Sied<hex:02160103>lungs<hex:02160103>ge<hex:02160103>biet",0,0,0,0,0,0,0,0,0,0,0,0,0,0,0,0,0,0,0,0,0,0,0,0
256,1353,50,0,61412,0,"Trautes Heim, Glück allein",0,0,0,0,0,0,0,0,0,0,0,0,0,0,0,0,0,0,0,0,0,0,0,0
257,305,4,4,61412,0,"Kieferchirurgie",0,0,0,0,0,0,0,0,0,0,0,0,0,0,0,0,0,0,0,0,0,0,0,0
258,1354,50,0,61412,0,"Willkommen in Geisterzoll",0,0,0,0,0,0,0,0,0,0,0,0,0,0,0,0,0,0,0,0,0,0,0,0
259,306,4,4,61412,0,"Vorsicht ist besser als Nachsicht",0,0,0,0,0,0,0,0,0,0,0,0,0,0,0,0,0,0,0,0,0,0,0,0
260,1355,50,0,61412,0,"In die Höhle der Kobra",0,0,0,0,0,0,0,0,0,0,0,0,0,0,0,0,0,0,0,0,0,0,0,0
261,0,0,0,0,0,"",0,0,0,0,0,0,0,0,0,0,0,0,0,0,0,0,0,0,0,0,0,0,0,0
262,0,0,0,0,0,"",0,0,0,0,0,0,0,0,0,0,0,0,0,0,0,0,0,0,0,0,0,0,0,0
263,198,4,5,61412,0,"Natur im Gleichgewicht",0,0,0,0,0,0,0,0,0,0,0,0,0,0,0,0,0,0,0,0,0,0,0,0
264,125,4,5,61412,0,"Frühstückseier",0,0,0,0,0,0,0,0,0,0,0,0,0,0,0,0,0,0,0,0,0,0,0,0
265,1357,50,0,61412,0,"Feldlager in Aufruhr",0,0,0,0,0,0,0,0,0,0,0,0,0,0,0,0,0,0,0,0,0,0,0,0
266,0,0,0,0,0,"",0,0,0,0,0,0,0,0,0,0,0,0,0,0,0,0,0,0,0,0,0,0,0,0
267,0,0,0,0,0,"",0,0,0,0,0,0,0,0,0,0,0,0,0,0,0,0,0,0,0,0,0,0,0,0
268,0,0,0,0,0,"",0,0,0,0,0,0,0,0,0,0,0,0,0,0,0,0,0,0,0,0,0,0,0,0
269,327,4,5,61412,0,"Spriggan-Vandalen",0,0,0,0,0,0,0,0,0,0,0,0,0,0,0,0,0,0,0,0,0,0,0,0
270,0,0,0,0,0,"",0,0,0,0,0,0,0,0,0,0,0,0,0,0,0,0,0,0,0,0,0,0,0,0
271,0,0,0,0,0,"",0,0,0,0,0,0,0,0,0,0,0,0,0,0,0,0,0,0,0,0,0,0,0,0
272,374,10,0,61412,0,"Fütterungszeit",0,0,0,0,0,0,0,0,0,0,0,0,0,0,0,0,0,0,0,0,0,0,0,0
273,1444,50,0,61412,0,"Macht ja keine Dummheiten",0,0,0,0,0,0,0,0,0,0,0,0,0,0,0,0,0,0,0,0,0,0,0,0
274,1445,50,0,61412,0,"Zum Schweigen gebracht",0,0,0,0,0,0,0,0,0,0,0,0,0,0,0,0,0,0,0,0,0,0,0,0
275,398,10,0,61412,0,"Luftpost",0,0,0,0,0,0,0,0,0,0,0,0,0,0,0,0,0,0,0,0,0,0,0,0
276,1449,50,0,61412,0,"Vorstoß ins Sylphenland",0,0,0,0,0,0,0,0,0,0,0,0,0,0,0,0,0,0,0,0,0,0,0,0
277,1450,50,0,61412,0,"Die Ver<hex:02160103>wand<hex:02160103>lungskünstrigen",0,0,0,0,0,0,0,0,0,0,0,0,0,0,0,0,0,0,0,0,0,0,0,0
278,1451,50,0,61412,0,"Falsches Spiel im Finsterwald",0,0,0,0,0,0,0,0,0,0,0,0,0,0,0,0,0,0,0,0,0,0,0,0
279,1452,50,0,61412,0,"Donnernde Gerechtigkeit",0,0,0,0,0,0,0,0,0,0,0,0,0,0,0,0,0,0,0,0,0,0,0,0
280,0,0,0,0,0,"",0,0,0,0,0,0,0,0,0,0,0,0,0,0,0,0,0,0,0,0,0,0,0,0
281,0,0,0,0,0,"",0,0,0,0,0,0,0,0,0,0,0,0,0,0,0,0,0,0,0,0,0,0,0,0
282,1454,50,0,61412,0,"Wer nicht kann, was er will",0,0,0,0,0,0,0,0,0,0,0,0,0,0,0,0,0,0,0,0,0,0,0,0
283,0,0,0,0,0,"",0,0,0,0,0,0,0,0,0,0,0,0,0,0,0,0,0,0,0,0,0,0,0,0
284,404,10,1,61412,0,"Das Vermächtnis",0,0,0,0,0,0,0,0,0,0,0,0,0,0,0,0,0,0,0,0,0,0,0,0
285,1455,50,0,61412,0,"Retterin aus Roten Zahlen",0,0,0,0,0,0,0,0,0,0,0,0,0,0,0,0,0,0,0,0,0,0,0,0
286,0,0,0,0,0,"",0,0,0,0,0,0,0,0,0,0,0,0,0,0,0,0,0,0,0,0,0,0,0,0
287,0,0,0,0,0,"",0,0,0,0,0,0,0,0,0,0,0,0,0,0,0,0,0,0,0,0,0,0,0,0
288,331,10,2,61412,0,"Der Lügenbaron",0,0,0,0,0,0,0,0,0,0,0,0,0,0,0,0,0,0,0,0,0,0,0,0
289,0,0,0,0,0,"",0,0,0,0,0,0,0,0,0,0,0,0,0,0,0,0,0,0,0,0,0,0,0,0
290,0,0,0,0,0,"",0,0,0,0,0,0,0,0,0,0,0,0,0,0,0,0,0,0,0,0,0,0,0,0
291,382,10,3,61412,0,"Ruhet in Frieden",0,0,0,0,0,0,0,0,0,0,0,0,0,0,0,0,0,0,0,0,0,0,0,0
292,159,10,3,61412,0,"Wie Motten zum Licht",0,0,0,0,0,0,0,0,0,0,0,0,0,0,0,0,0,0,0,0,0,0,0,0
293,79,50,0,61412,0,"Dem Weber auf der Spur",0,0,0,0,0,0,0,0,0,0,0,0,0,0,0,0,0,0,0,0,0,0,0,0
294,335,10,3,61412,0,"Messer an der Kehle",0,0,0,0,0,0,0,0,0,0,0,0,0,0,0,0,0,0,0,0,0,0,0,0
295,80,50,0,61412,0,"Die Domäne der Domaner",0,0,0,0,0,0,0,0,0,0,0,0,0,0,0,0,0,0,0,0,0,0,0,0
296,156,10,2,61412,0,"Die Sorgen der Gutsherrin",0,0,0,0,0,0,0,0,0,0,0,0,0,0,0,0,0,0,0,0,0,0,0,0
297,81,50,0,61412,0,"In flagranti",0,0,0,0,0,0,0,0,0,0,0,0,0,0,0,0,0,0,0,0,0,0,0,0
298,367,50,0,61412,0,"Moenbrydas Plan",0,0,0,0,0,0,0,0,0,0,0,0,0,0,0,0,0,0,0,0,0,0,0,0
299,675,15,0,61412,0,"Das Geheimnis der Sastasha-Höhle",0,0,0,0,0,0,0,0,0,0,0,0,0,0,0,0,0,0,0,0,0,0,0,0
300,419,50,0,61412,0,"Die Verteidigung Ishgards",0,0,0,0,0,0,0,0,0,0,0,0,0,0,0,0,0,0,0,0,0,0,0,0
301,3942,1,0,61419,0,"Der Frontbericht",0,0,0,0,0,0,0,0,0,0,0,0,0,0,0,0,0,0,0,0,0,0,0,0
302,708,20,0,61412,0,"Interkulturelle Kompetenz",0,0,0,0,0,0,0,0,0,0,0,0,0,0,0,0,0,0,0,0,0,0,0,0
303,717,21,0,61412,0,"Tanzmarathon",0,0,0,0,0,0,0,0,0,0,0,0,0,0,0,0,0,0,0,0,0,0,0,0
304,718,21,0,61412,0,"Jeden Tag eine gute Tat",0,0,0,0,0,0,0,0,0,0,0,0,0,0,0,0,0,0,0,0,0,0,0,0
305,726,22,0,61412,0,"Ein Horst für jeden Vogel",0,0,0,0,0,0,0,0,0,0,0,0,0,0,0,0,0,0,0,0,0,0,0,0
306,733,23,0,61412,0,"Auf Teteroons Spuren",0,0,0,0,0,0,0,0,0,0,0,0,0,0,0,0,0,0,0,0,0,0,0,0
307,734,23,0,61412,0,"Die Feuerwasserbowle",0,0,0,0,0,0,0,0,0,0,0,0,0,0,0,0,0,0,0,0,0,0,0,0
308,740,23,0,61412,0,"Dem Verräter auf der Spur",0,0,0,0,0,0,0,0,0,0,0,0,0,0,0,0,0,0,0,0,0,0,0,0
309,752,24,0,61412,0,"Der schwarze Mann",0,0,0,0,0,0,0,0,0,0,0,0,0,0,0,0,0,0,0,0,0,0,0,0
310,784,27,0,61412,0,"Die Heulsuse vom Herbstkürbis-See",0,0,0,0,0,0,0,0,0,0,0,0,0,0,0,0,0,0,0,0,0,0,0,0
311,785,28,0,61412,0,"Aktenzeichen ungelöst",0,0,0,0,0,0,0,0,0,0,0,0,0,0,0,0,0,0,0,0,0,0,0,0
312,815,30,0,61412,0,"Das Ei der Taimai",0,0,0,0,0,0,0,0,0,0,0,0,0,0,0,0,0,0,0,0,0,0,0,0
313,816,30,0,61412,0,"Wachablösung",0,0,0,0,0,0,0,0,0,0,0,0,0,0,0,0,0,0,0,0,0,0,0,0
314,819,30,0,61412,0,"Freie Bahn ins Wurzelmoor",0,0,0,0,0,0,0,0,0,0,0,0,0,0,0,0,0,0,0,0,0,0,0,0
315,820,31,0,61412,0,"U'odhs Prüfung",0,0,0,0,0,0,0,0,0,0,0,0,0,0,0,0,0,0,0,0,0,0,0,0
316,839,32,0,61412,0,"Der richtige Tropfen",0,0,0,0,0,0,0,0,0,0,0,0,0,0,0,0,0,0,0,0,0,0,0,0
317,847,33,0,61412,0,"Der einsame Deserteur",0,0,0,0,0,0,0,0,0,0,0,0,0,0,0,0,0,0,0,0,0,0,0,0
318,854,33,0,61412,0,"Das Mahl ist angerichtet",0,0,0,0,0,0,0,0,0,0,0,0,0,0,0,0,0,0,0,0,0,0,0,0
319,871,35,0,61412,0,"Ein erfahrener Reparateur",0,0,0,0,0,0,0,0,0,0,0,0,0,0,0,0,0,0,0,0,0,0,0,0
320,872,35,0,61412,0,"Verräterisches Uhrwerk",0,0,0,0,0,0,0,0,0,0,0,0,0,0,0,0,0,0,0,0,0,0,0,0
321,881,35,0,61412,0,"Stacheliger Erfrischungstrunk",0,0,0,0,0,0,0,0,0,0,0,0,0,0,0,0,0,0,0,0,0,0,0,0
322,877,35,0,61412,0,"Totengebet",0,0,0,0,0,0,0,0,0,0,0,0,0,0,0,0,0,0,0,0,0,0,0,0
323,896,36,1,61412,0,"Unorthodoxe Kampfweise",0,0,0,0,0,0,0,0,0,0,0,0,0,0,0,0,0,0,0,0,0,0,0,0
324,917,38,0,61412,0,"Blick gen Himmel",0,0,0,0,0,0,0,0,0,0,0,0,0,0,0,0,0,0,0,0,0,0,0,0
325,925,39,0,61412,0,"Vertrauensbildende Maßnahme",0,0,0,0,0,0,0,0,0,0,0,0,0,0,0,0,0,0,0,0,0,0,0,0
326,926,39,0,61412,0,"Vom Schneesturm verweht",0,0,0,0,0,0,0,0,0,0,0,0,0,0,0,0,0,0,0,0,0,0,0,0
327,937,39,0,61412,0,"Ein mächtiger Feind",0,0,0,0,0,0,0,0,0,0,0,0,0,0,0,0,0,0,0,0,0,0,0,0
328,4027,1,0,61419,0,"Der verzweifelte Schreiber",0,0,0,0,0,0,0,0,0,0,0,0,0,0,0,0,0,0,0,0,0,0,0,0
329,954,41,0,61412,0,"Kristallschutztopf",0,0,0,0,0,0,0,0,0,0,0,0,0,0,0,0,0,0,0,0,0,0,0,0
330,968,43,0,61412,0,"Aller guten Dinge sind drei",0,0,0,0,0,0,0,0,0,0,0,0,0,0,0,0,0,0,0,0,0,0,0,0
331,971,43,0,61412,0,"Der verschreckte Spriggan",0,0,0,0,0,0,0,0,0,0,0,0,0,0,0,0,0,0,0,0,0,0,0,0
332,974,43,0,61412,0,"Die Erzfalle",0,0,0,0,0,0,0,0,0,0,0,0,0,0,0,0,0,0,0,0,0,0,0,0
333,1003,45,1,61412,0,"Des Kaisers alte Kleider",0,0,0,0,0,0,0,0,0,0,0,0,0,0,0,0,0,0,0,0,0,0,0,0
334,1036,49,0,61412,0,"Der Marsch der Weisen",0,0,0,0,0,0,0,0,0,0,0,0,0,0,0,0,0,0,0,0,0,0,0,0
335,1039,49,0,61412,0,"Moral geht durch den Magen",0,0,0,0,0,0,0,0,0,0,0,0,0,0,0,0,0,0,0,0,0,0,0,0
336,1042,49,0,61412,0,"Die zwei Türme",0,0,0,0,0,0,0,0,0,0,0,0,0,0,0,0,0,0,0,0,0,0,0,0
337,1043,49,0,61412,0,"Auf geht's!",0,0,0,0,0,0,0,0,0,0,0,0,0,0,0,0,0,0,0,0,0,0,0,0
338,1046,49,0,61412,0,"Den Weg bereiten",0,0,0,0,0,0,0,0,0,0,0,0,0,0,0,0,0,0,0,0,0,0,0,0
339,1136,50,0,61412,0,"Angriff auf Castrum Meridianum",0,0,0,0,0,0,0,0,0,0,0,0,0,0,0,0,0,0,0,0,0,0,0,0
340,524,50,0,61412,0,"Die ultimative Waffe",0,0,0,0,0,0,0,0,0,0,0,0,0,0,0,0,0,0,0,0,0,0,0,0
341,4094,1,0,61419,0,"Orden für deine Brust",0,0,0,0,0,0,0,0,0,0,0,0,0,0,0,0,0,0,0,0,0,0,0,0
342,1016,47,0,61411,0,"Suche nach Verbündeten",0,0,0,0,0,0,0,0,0,0,0,0,0,0,0,0,0,0,0,0,0,0,0,0
343,2387,17,0,61419,0,"Abstieg in die Katakomben",0,0,0,0,0,0,0,0,0,0,0,0,0,0,0,0,0,0,0,0,0,0,0,0
344,3217,80,0,62408,0,"Bedenken eines Beschwörers",0,0,0,0,0,0,0,0,0,0,0,0,0,0,0,0,0,0,0,0,0,0,0,0
345,2117,52,0,61419,0,"Nur fliegen ist schöner!",0,0,0,0,0,0,0,0,0,0,0,0,0,0,0,0,0,0,0,0,0,0,0,0
346,85,1,0,61412,0,"Fast wie zu Hause",0,0,0,0,0,0,0,0,0,0,0,0,0,0,0,0,0,0,0,0,0,0,0,0
347,123,1,0,61412,0,"Fast wie zu Hause",0,0,0,0,0,0,0,0,0,0,0,0,0,0,0,0,0,0,0,0,0,0,0,0
348,124,1,0,61412,0,"Fast wie zu Hause",0,0,0,0,0,0,0,0,0,0,0,0,0,0,0,0,0,0,0,0,0,0,0,0
349,108,1,0,61412,0,"Fast wie zu Hause",0,0,0,0,0,0,0,0,0,0,0,0,0,0,0,0,0,0,0,0,0,0,0,0
350,109,1,0,61412,0,"Fast wie zu Hause",0,0,0,0,0,0,0,0,0,0,0,0,0,0,0,0,0,0,0,0,0,0,0,0
351,568,1,0,61412,0,"Fast wie zu Hause",0,0,0,0,0,0,0,0,0,0,0,0,0,0,0,0,0,0,0,0,0,0,0,0
352,569,1,0,61412,0,"Fast wie zu Hause",0,0,0,0,0,0,0,0,0,0,0,0,0,0,0,0,0,0,0,0,0,0,0,0
353,570,1,0,61412,0,"Fast wie zu Hause",0,0,0,0,0,0,0,0,0,0,0,0,0,0,0,0,0,0,0,0,0,0,0,0
354,28,4,0,61412,0,"Besuch am Stubben",0,0,0,0,0,0,0,0,0,0,0,0,0,0,0,0,0,0,0,0,0,0,0,0
355,462,4,0,61412,0,"Ackerpiraten",0,0,0,0,0,0,0,0,0,0,0,0,0,0,0,0,0,0,0,0,0,0,0,0
356,595,4,0,61412,0,"Noch längst nicht ausrangiert",0,0,0,0,0,0,0,0,0,0,0,0,0,0,0,0,0,0,0,0,0,0,0,0
357,201,4,1,61412,0,"Musterung",0,0,0,0,0,0,0,0,0,0,0,0,0,0,0,0,0,0,0,0,0,0,0,0
358,445,5,0,61412,0,"Freund oder Feind",54,55,56,57,0,0,0,0,0,0,0,0,0,0,0,0,0,0,0,0,0,0,0,0
359,463,4,1,61412,0,"Gut gewappnet",0,0,0,0,0,0,0,0,0,0,0,0,0,0,0,0,0,0,0,0,0,0,0,0
360,543,5,0,61412,0,"Bis es mich im Tod umfängt",133,134,56,135,0,0,0,0,0,0,0,0,0,0,0,0,0,0,0,0,0,0,0,0
361,671,4,1,61412,0,"Brezeln und Bier",0,0,0,0,0,0,0,0,0,0,0,0,0,0,0,0,0,0,0,0,0,0,0,0
362,550,4,1,61412,0,"Unterm Baum des Sultans",140,141,56,142,0,0,0,0,0,0,0,0,0,0,0,0,0,0,0,0,0,0,0,0
363,465,5,2,61412,0,"An die Arbeit!",0,0,0,0,0,0,0,0,0,0,0,0,0,0,0,0,0,0,0,0,0,0,0,0
364,303,4,2,61412,0,"Dankesschuld",0,0,0,0,0,0,0,0,0,0,0,0,0,0,0,0,0,0,0,0,0,0,0,0
365,3854,4,3,61412,0,"Mückeneier",0,0,0,0,0,0,0,0,0,0,0,0,0,0,0,0,0,0,0,0,0,0,0,0
366,466,5,3,61412,0,"Lieferung auf Umwegen",0,0,0,0,0,0,0,0,0,0,0,0,0,0,0,0,0,0,0,0,0,0,0,0
367,175,4,4,61412,0,"Verlorene Messgeräte",0,0,0,0,0,0,0,0,0,0,0,0,0,0,0,0,0,0,0,0,0,0,0,0
368,3852,4,4,61412,0,"Vorsicht ist besser als Nachsicht",0,0,0,0,0,0,0,0,0,0,0,0,0,0,0,0,0,0,0,0,0,0,0,0
369,3855,4,5,61412,0,"Frühstückseier",0,0,0,0,0,0,0,0,0,0,0,0,0,0,0,0,0,0,0,0,0,0,0,0
370,129,9,0,61412,0,"Spuk im Geisterkerker",69,70,71,72,0,0,0,0,0,0,0,0,0,0,0,0,0,0,0,0,0,0,0,0
371,467,5,4,61412,0,"Naturdünger",0,0,0,0,0,0,0,0,0,0,0,0,0,0,0,0,0,0,0,0,0,0,0,0
372,468,5,4,61412,0,"Geräte-Diebe gehen um",0,0,0,0,0,0,0,0,0,0,0,0,0,0,0,0,0,0,0,0,0,0,0,0
373,469,9,0,61412,0,"Der Preis des Verrats",203,204,205,206,0,0,0,0,0,0,0,0,0,0,0,0,0,0,0,0,0,0,0,0
374,307,4,5,61412,0,"Ungebetene Gäste",0,0,0,0,0,0,0,0,0,0,0,0,0,0,0,0,0,0,0,0,0,0,0,0
375,320,9,0,61412,0,"Jäger und Gejagte",189,190,191,192,0,0,0,0,0,0,0,0,0,0,0,0,0,0,0,0,0,0,0,0
376,176,10,0,61412,0,"Auf zum Gut Zwieselgrund",0,0,0,0,0,0,0,0,0,0,0,0,0,0,0,0,0,0,0,0,0,0,0,0
377,376,10,0,61412,0,"Ein zerbrochenes Ei",0,0,0,0,0,0,0,0,0,0,0,0,0,0,0,0,0,0,0,0,0,0,0,0
378,397,10,0,61412,0,"Auf zum Himmelszug",0,0,0,0,0,0,0,0,0,0,0,0,0,0,0,0,0,0,0,0,0,0,0,0
379,623,10,0,61412,0,"Erweiterung des Horizonts",0,0,0,0,0,0,0,0,0,0,0,0,0,0,0,0,0,0,0,0,0,0,0,0
380,328,10,0,61412,0,"Ein Juwelier in Nöten",0,0,0,0,0,0,0,0,0,0,0,0,0,0,0,0,0,0,0,0,0,0,0,0
381,503,10,0,61412,0,"Des Kobalos' bester Freund",0,0,0,0,0,0,0,0,0,0,0,0,0,0,0,0,0,0,0,0,0,0,0,0
382,377,10,1,61412,0,"Blauschimmerbefall",0,0,0,0,0,0,0,0,0,0,0,0,0,0,0,0,0,0,0,0,0,0,0,0
383,379,10,1,61412,0,"Gestalten im Unterholz",0,0,0,0,0,0,0,0,0,0,0,0,0,0,0,0,0,0,0,0,0,0,0,0
384,380,10,1,61412,0,"Sperrt die Augen auf!",0,0,0,0,0,0,0,0,0,0,0,0,0,0,0,0,0,0,0,0,0,0,0,0
385,402,10,1,61412,0,"Mais für Millionen",0,0,0,0,0,0,0,0,0,0,0,0,0,0,0,0,0,0,0,0,0,0,0,0
386,403,10,1,61412,0,"Feurige Flüchtlinge",0,0,0,0,0,0,0,0,0,0,0,0,0,0,0,0,0,0,0,0,0,0,0,0
387,406,10,1,61412,0,"Dockarbeit",0,0,0,0,0,0,0,0,0,0,0,0,0,0,0,0,0,0,0,0,0,0,0,0
388,329,10,1,61412,0,"Herr der Fliegenklatsche",0,0,0,0,0,0,0,0,0,0,0,0,0,0,0,0,0,0,0,0,0,0,0,0
389,330,10,1,61412,0,"Auf verlorenem Posten",0,0,0,0,0,0,0,0,0,0,0,0,0,0,0,0,0,0,0,0,0,0,0,0
390,381,10,2,61412,0,"Hol's der Geier",0,0,0,0,0,0,0,0,0,0,0,0,0,0,0,0,0,0,0,0,0,0,0,0
391,412,10,2,61412,0,"Trau keinem Seemann",0,0,0,0,0,0,0,0,0,0,0,0,0,0,0,0,0,0,0,0,0,0,0,0
392,415,10,2,61412,0,"Ladung über Bord",0,0,0,0,0,0,0,0,0,0,0,0,0,0,0,0,0,0,0,0,0,0,0,0
393,3853,10,2,61412,0,"Der Lügenbaron",0,0,0,0,0,0,0,0,0,0,0,0,0,0,0,0,0,0,0,0,0,0,0,0
394,332,10,2,61412,0,"Ein gewichtiges Vermächtnis",0,0,0,0,0,0,0,0,0,0,0,0,0,0,0,0,0,0,0,0,0,0,0,0
395,384,10,3,61412,0,"Baumgeflüster",0,0,0,0,0,0,0,0,0,0,0,0,0,0,0,0,0,0,0,0,0,0,0,0
396,387,10,3,61412,0,"Planwagenüberfall",0,0,0,0,0,0,0,0,0,0,0,0,0,0,0,0,0,0,0,0,0,0,0,0
397,413,10,3,61412,0,"In geheimer Mission",0,0,0,0,0,0,0,0,0,0,0,0,0,0,0,0,0,0,0,0,0,0,0,0
398,333,10,3,61412,0,"Der Klotz am Bein",0,0,0,0,0,0,0,0,0,0,0,0,0,0,0,0,0,0,0,0,0,0,0,0
399,334,10,3,61412,0,"Raffe Raffzahn und die frischen Fische",0,0,0,0,0,0,0,0,0,0,0,0,0,0,0,0,0,0,0,0,0,0,0,0
400,161,14,0,61412,0,"Der Eierdieb",0,0,0,0,0,0,0,0,0,0,0,0,0,0,0,0,0,0,0,0,0,0,0,0
401,446,14,0,61412,0,"Alarmierende Nachricht",0,0,0,0,0,0,0,0,0,0,0,0,0,0,0,0,0,0,0,0,0,0,0,0
402,447,14,0,61412,0,"Hüter des Wächterbaums",30,58,59,60,61,0,0,0,0,0,0,0,0,0,0,0,0,0,0,0,0,0,0,0
403,448,14,0,61412,0,"Einstimmung auf das Fest",0,0,0,0,0,0,0,0,0,0,0,0,0,0,0,0,0,0,0,0,0,0,0,0
404,449,14,0,61412,0,"Erneuerung des Bunds",62,63,68,0,0,0,0,0,0,0,0,0,0,0,0,0,0,0,0,0,0,0,0,0
405,414,14,0,61412,0,"Schiff in Flammen",0,0,0,0,0,0,0,0,0,0,0,0,0,0,0,0,0,0,0,0,0,0,0,0
406,689,14,0,61412,0,"Dechiffrierexperte",0,0,0,0,0,0,0,0,0,0,0,0,0,0,0,0,0,0,0,0,0,0,0,0
407,544,14,0,61412,0,"Ablenkende Manöver",207,208,209,210,211,136,0,0,0,0,0,0,0,0,0,0,0,0,0,0,0,0,0,0
408,690,14,0,61412,0,"Lohn der Mühen",0,0,0,0,0,0,0,0,0,0,0,0,0,0,0,0,0,0,0,0,0,0,0,0
409,545,14,0,61412,0,"Das Bankett des Admirals",137,63,223,0,0,0,0,0,0,0,0,0,0,0,0,0,0,0,0,0,0,0,0,0
410,336,14,0,61412,0,"Späte Gerechtigkeit",0,0,0,0,0,0,0,0,0,0,0,0,0,0,0,0,0,0,0,0,0,0,0,0
411,628,14,0,61412,0,"Mit sieben Siegeln",0,0,0,0,0,0,0,0,0,0,0,0,0,0,0,0,0,0,0,0,0,0,0,0
412,551,14,0,61412,0,"Das wertvollste Gut",193,194,195,196,197,143,0,0,0,0,0,0,0,0,0,0,0,0,0,0,0,0,0,0
413,641,14,0,61412,0,"Letzte Vor<hex:02160103>bereitungen",0,0,0,0,0,0,0,0,0,0,0,0,0,0,0,0,0,0,0,0,0,0,0,0
414,552,14,0,61412,0,"Das Bankett der Sultana",144,63,224,0,0,0,0,0,0,0,0,0,0,0,0,0,0,0,0,0,0,0,0,0
415,507,14,1,61412,0,"Die Stimme des Waldes",64,65,66,154,67,74,155,75,158,0,0,0,0,0,0,0,0,0,0,0,0,0,0,0
416,546,14,1,61412,0,"Die Stimme des Meeres",212,213,214,154,67,99,156,100,159,0,0,0,0,0,0,0,0,0,0,0,0,0,0,0
417,528,14,1,61412,0,"Die Stimme der Wüste",198,225,199,154,67,101,157,102,160,0,0,0,0,0,0,0,0,0,0,0,0,0,0,0
418,673,14,1,61412,0,"Der Ruf des Meeres",0,0,0,0,0,0,0,0,0,0,0,0,0,0,0,0,0,0,0,0,0,0,0,0
419,674,14,1,61412,0,"Der Ruf des Meeres",0,0,0,0,0,0,0,0,0,0,0,0,0,0,0,0,0,0,0,0,0,0,0,0
420,245,15,0,61412,0,"Das Geheimnis der Sastasha-Höhle",0,0,0,0,0,0,0,0,0,0,0,0,0,0,0,0,0,0,0,0,0,0,0,0
421,676,15,0,61412,0,"Der Ruf des Waldes",0,0,0,0,0,0,0,0,0,0,0,0,0,0,0,0,0,0,0,0,0,0,0,0
422,677,16,0,61412,0,"Die Ruhe der Toten",0,0,0,0,0,0,0,0,0,0,0,0,0,0,0,0,0,0,0,0,0,0,0,0
423,678,16,0,61412,0,"Der Ruf der Wüste",0,0,0,0,0,0,0,0,0,0,0,0,0,0,0,0,0,0,0,0,0,0,0,0
424,660,17,0,61412,0,"Zu tief gegraben",76,77,78,79,215,216,0,0,0,0,0,0,0,0,0,0,0,0,0,0,0,0,0,0
425,509,17,0,61412,0,"Der Bund der Morgenröte",80,81,161,0,0,0,0,0,0,0,0,0,0,0,0,0,0,0,0,0,0,0,0,0
426,510,17,0,61412,0,"Wilde Rosen",82,0,0,0,0,0,0,0,0,0,0,0,0,0,0,0,0,0,0,0,0,0,0,0
427,618,17,0,61412,0,"Ein Hinterhalt mit Hintermann?",0,0,0,0,0,0,0,0,0,0,0,0,0,0,0,0,0,0,0,0,0,0,0,0
428,619,18,0,61412,0,"Schreckhafte Zeugen",0,0,0,0,0,0,0,0,0,0,0,0,0,0,0,0,0,0,0,0,0,0,0,0
429,620,18,0,61412,0,"Das schweigsame Grab",0,0,0,0,0,0,0,0,0,0,0,0,0,0,0,0,0,0,0,0,0,0,0,0
430,621,19,0,61412,0,"Die barmherzige Priesterin",0,0,0,0,0,0,0,0,0,0,0,0,0,0,0,0,0,0,0,0,0,0,0,0
431,622,19,0,61412,0,"Höchst verdächtig",0,0,0,0,0,0,0,0,0,0,0,0,0,0,0,0,0,0,0,0,0,0,0,0
432,574,19,0,61412,0,"Die Falle schnappt zu",0,0,0,0,0,0,0,0,0,0,0,0,0,0,0,0,0,0,0,0,0,0,0,0
433,272,19,0,61412,0,"Leben, Materia und der ganze Rest",83,0,0,0,0,0,0,0,0,0,0,0,0,0,0,0,0,0,0,0,0,0,0,0
434,343,20,0,61412,0,"Der Herr des Infernos",84,85,86,87,88,0,0,0,0,0,0,0,0,0,0,0,0,0,0,0,0,0,0,0
435,511,20,0,61412,0,"Den Helden zum Gedenken",89,90,151,91,152,92,153,93,0,0,0,0,0,0,0,0,0,0,0,0,0,0,0,0
436,680,20,0,61412,0,"In den Dienst der Bruderschaft",217,0,0,0,0,0,0,0,0,0,0,0,0,0,0,0,0,0,0,0,0,0,0,0
437,681,20,0,61412,0,"In den Dienst des Mahlstroms",218,0,0,0,0,0,0,0,0,0,0,0,0,0,0,0,0,0,0,0,0,0,0,0
438,682,20,0,61412,0,"In den Dienst der Legion",219,0,0,0,0,0,0,0,0,0,0,0,0,0,0,0,0,0,0,0,0,0,0,0
439,683,20,0,61412,0,"Folge dem Willen des Waldes",220,391,0,0,0,0,0,0,0,0,0,0,0,0,0,0,0,0,0,0,0,0,0,0
440,684,20,0,61412,0,"Bis dich das Meer verschlingt",221,391,0,0,0,0,0,0,0,0,0,0,0,0,0,0,0,0,0,0,0,0,0,0
441,685,20,0,61412,0,"Für Ruhm und Reichtum",222,391,0,0,0,0,0,0,0,0,0,0,0,0,0,0,0,0,0,0,0,0,0,0
442,513,20,0,61412,0,"Die Absichten der Sylphen",150,0,0,0,0,0,0,0,0,0,0,0,0,0,0,0,0,0,0,0,0,0,0,0
443,3856,20,0,61412,0,"Interkulturelle Kompetenz",0,0,0,0,0,0,0,0,0,0,0,0,0,0,0,0,0,0,0,0,0,0,0,0
444,709,20,0,61412,0,"Ein Tänzchen in Ehren",0,0,0,0,0,0,0,0,0,0,0,0,0,0,0,0,0,0,0,0,0,0,0,0
445,710,20,0,61412,0,"Gastgeschenke",0,0,0,0,0,0,0,0,0,0,0,0,0,0,0,0,0,0,0,0,0,0,0,0
446,715,21,0,61412,0,"Ein kühler Empfang",0,0,0,0,0,0,0,0,0,0,0,0,0,0,0,0,0,0,0,0,0,0,0,0
447,3857,21,0,61412,0,"Tanzmarathon",0,0,0,0,0,0,0,0,0,0,0,0,0,0,0,0,0,0,0,0,0,0,0,0
448,3858,21,0,61412,0,"Jeden Tag eine gute Tat",0,0,0,0,0,0,0,0,0,0,0,0,0,0,0,0,0,0,0,0,0,0,0,0
449,719,21,0,61412,0,"Beängstigende Metallige",0,0,0,0,0,0,0,0,0,0,0,0,0,0,0,0,0,0,0,0,0,0,0,0
450,724,22,0,61412,0,"Eigensinnige Sylphe",0,0,0,0,0,0,0,0,0,0,0,0,0,0,0,0,0,0,0,0,0,0,0,0
451,725,22,0,61412,0,"Der Suchtrupp",0,0,0,0,0,0,0,0,0,0,0,0,0,0,0,0,0,0,0,0,0,0,0,0
452,3859,22,0,61412,0,"Ein Horst für jeden Vogel",0,0,0,0,0,0,0,0,0,0,0,0,0,0,0,0,0,0,0,0,0,0,0,0
453,3860,23,0,61412,0,"Auf Teteroons Spuren",0,0,0,0,0,0,0,0,0,0,0,0,0,0,0,0,0,0,0,0,0,0,0,0
454,3861,23,0,61412,0,"Die Feuerwasserbowle",0,0,0,0,0,0,0,0,0,0,0,0,0,0,0,0,0,0,0,0,0,0,0,0
455,737,23,0,61412,0,"Gereifte Freund<hex:02160103>schaft",0,0,0,0,0,0,0,0,0,0,0,0,0,0,0,0,0,0,0,0,0,0,0,0
456,738,23,0,61412,0,"Verräter in den eigenen Reihen",0,0,0,0,0,0,0,0,0,0,0,0,0,0,0,0,0,0,0,0,0,0,0,0
457,3862,23,0,61412,0,"Dem Verräter auf der Spur",0,0,0,0,0,0,0,0,0,0,0,0,0,0,0,0,0,0,0,0,0,0,0,0
458,514,24,0,61412,0,"Die Rettung der Ältesten",95,240,241,373,0,0,0,0,0,0,0,0,0,0,0,0,0,0,0,0,0,0,0,0
459,743,24,0,61412,0,"In Freund<hex:02160103>schaft verbunden",0,0,0,0,0,0,0,0,0,0,0,0,0,0,0,0,0,0,0,0,0,0,0,0
460,744,24,0,61412,0,"Ramuh und die Sylphen",242,0,0,0,0,0,0,0,0,0,0,0,0,0,0,0,0,0,0,0,0,0,0,0
461,746,24,0,61412,0,"Aufziehende Dunkelheit",96,0,0,0,0,0,0,0,0,0,0,0,0,0,0,0,0,0,0,0,0,0,0,0
462,747,24,0,61412,0,"Eine heiße Spur?",0,0,0,0,0,0,0,0,0,0,0,0,0,0,0,0,0,0,0,0,0,0,0,0
463,748,24,0,61412,0,"Gerüchteküche",0,0,0,0,0,0,0,0,0,0,0,0,0,0,0,0,0,0,0,0,0,0,0,0
464,756,25,0,61412,0,"Mit List und Tücke",0,0,0,0,0,0,0,0,0,0,0,0,0,0,0,0,0,0,0,0,0,0,0,0
465,757,25,0,61412,0,"Geschlossene Ge<hex:02160103>sell<hex:02160103>schaft",0,0,0,0,0,0,0,0,0,0,0,0,0,0,0,0,0,0,0,0,0,0,0,0
466,761,25,0,61412,0,"Außenseiter unter sich",0,0,0,0,0,0,0,0,0,0,0,0,0,0,0,0,0,0,0,0,0,0,0,0
467,762,25,0,61412,0,"Das fehlende Bindeglied",0,0,0,0,0,0,0,0,0,0,0,0,0,0,0,0,0,0,0,0,0,0,0,0
468,763,26,0,61412,0,"Ich kenne da jemanden ...",0,0,0,0,0,0,0,0,0,0,0,0,0,0,0,0,0,0,0,0,0,0,0,0
469,765,26,0,61412,0,"Von den Göttern verlassen",0,0,0,0,0,0,0,0,0,0,0,0,0,0,0,0,0,0,0,0,0,0,0,0
470,774,27,0,61412,0,"Dem Schicksal zum Trotze",0,0,0,0,0,0,0,0,0,0,0,0,0,0,0,0,0,0,0,0,0,0,0,0
471,775,27,0,61412,0,"Der selbstlose Soldat",0,0,0,0,0,0,0,0,0,0,0,0,0,0,0,0,0,0,0,0,0,0,0,0
472,776,27,0,61412,0,"Das Eis bricht",0,0,0,0,0,0,0,0,0,0,0,0,0,0,0,0,0,0,0,0,0,0,0,0
473,777,27,0,61412,0,"Die jungen Wilden",0,0,0,0,0,0,0,0,0,0,0,0,0,0,0,0,0,0,0,0,0,0,0,0
474,778,27,0,61412,0,"Sturm und Drang",0,0,0,0,0,0,0,0,0,0,0,0,0,0,0,0,0,0,0,0,0,0,0,0
475,782,27,0,61412,0,"Enttäuschte Hoffnungen",0,0,0,0,0,0,0,0,0,0,0,0,0,0,0,0,0,0,0,0,0,0,0,0
476,783,27,0,61412,0,"Abschied aus Klein-Ala Mhigo",0,0,0,0,0,0,0,0,0,0,0,0,0,0,0,0,0,0,0,0,0,0,0,0
477,3863,27,0,61412,0,"Die Heulsuse vom Herbstkürbis-See",0,0,0,0,0,0,0,0,0,0,0,0,0,0,0,0,0,0,0,0,0,0,0,0
478,3864,28,0,61412,0,"Aktenzeichen ungelöst",0,0,0,0,0,0,0,0,0,0,0,0,0,0,0,0,0,0,0,0,0,0,0,0
479,787,28,0,61412,0,"Der Schauerfelsen",0,0,0,0,0,0,0,0,0,0,0,0,0,0,0,0,0,0,0,0,0,0,0,0
480,786,28,0,61412,0,"Augenwischerei?",0,0,0,0,0,0,0,0,0,0,0,0,0,0,0,0,0,0,0,0,0,0,0,0
481,799,28,0,61412,0,"Der Tanz der Deduktion",0,0,0,0,0,0,0,0,0,0,0,0,0,0,0,0,0,0,0,0,0,0,0,0
482,800,28,0,61412,0,"Das Lied der weißen Lilie",0,0,0,0,0,0,0,0,0,0,0,0,0,0,0,0,0,0,0,0,0,0,0,0
483,801,28,0,61412,0,"Die Tragödie der Dartancours",370,0,0,0,0,0,0,0,0,0,0,0,0,0,0,0,0,0,0,0,0,0,0,0
484,516,30,0,61412,0,"Alte Helden",97,0,0,0,0,0,0,0,0,0,0,0,0,0,0,0,0,0,0,0,0,0,0,0
485,809,30,0,61412,0,"Der große Trachtoum",0,0,0,0,0,0,0,0,0,0,0,0,0,0,0,0,0,0,0,0,0,0,0,0
486,810,30,0,61412,0,"Dem Helden helfen",0,0,0,0,0,0,0,0,0,0,0,0,0,0,0,0,0,0,0,0,0,0,0,0
487,811,30,0,61412,0,"Infame Informanten",0,0,0,0,0,0,0,0,0,0,0,0,0,0,0,0,0,0,0,0,0,0,0,0
488,812,30,0,61412,0,"Die Tauglichkeitsprüfung",0,0,0,0,0,0,0,0,0,0,0,0,0,0,0,0,0,0,0,0,0,0,0,0
489,814,30,0,61412,0,"Die Drei Köstlichkeiten",0,0,0,0,0,0,0,0,0,0,0,0,0,0,0,0,0,0,0,0,0,0,0,0
490,3865,30,0,61412,0,"Freie Bahn ins Wurzelmoor",0,0,0,0,0,0,0,0,0,0,0,0,0,0,0,0,0,0,0,0,0,0,0,0
491,821,31,0,61412,0,"U'odhs große Prüfung",0,0,0,0,0,0,0,0,0,0,0,0,0,0,0,0,0,0,0,0,0,0,0,0
492,822,31,0,61412,0,"Köstliche Würmer",0,0,0,0,0,0,0,0,0,0,0,0,0,0,0,0,0,0,0,0,0,0,0,0
493,831,31,0,61412,0,"Geschenk für den Hauptmann",0,0,0,0,0,0,0,0,0,0,0,0,0,0,0,0,0,0,0,0,0,0,0,0
494,832,32,0,61412,0,"Köstlicher Gestank",0,0,0,0,0,0,0,0,0,0,0,0,0,0,0,0,0,0,0,0,0,0,0,0
495,3866,32,0,61412,0,"Der richtige Tropfen",0,0,0,0,0,0,0,0,0,0,0,0,0,0,0,0,0,0,0,0,0,0,0,0
496,840,32,0,61412,0,"Nicht weinen",0,0,0,0,0,0,0,0,0,0,0,0,0,0,0,0,0,0,0,0,0,0,0,0
497,843,32,0,61412,0,"Die Hoffnung stirbt zuletzt",0,0,0,0,0,0,0,0,0,0,0,0,0,0,0,0,0,0,0,0,0,0,0,0
498,845,33,0,61412,0,"Wein für den Lebensretter",0,0,0,0,0,0,0,0,0,0,0,0,0,0,0,0,0,0,0,0,0,0,0,0
499,846,33,0,61412,0,"Geister der Ver<hex:02160103>gangen<hex:02160103>heit",0,0,0,0,0,0,0,0,0,0,0,0,0,0,0,0,0,0,0,0,0,0,0,0
500,848,33,0,61412,0,"Freund<hex:02160103>schaft spendet Kraft",0,0,0,0,0,0,0,0,0,0,0,0,0,0,0,0,0,0,0,0,0,0,0,0
501,850,33,0,61412,0,"Wandelndes Biotop",0,0,0,0,0,0,0,0,0,0,0,0,0,0,0,0,0,0,0,0,0,0,0,0
502,855,33,0,61412,0,"Heldenprüfung",369,0,0,0,0,0,0,0,0,0,0,0,0,0,0,0,0,0,0,0,0,0,0,0
503,856,33,0,61412,0,"Pfeifsignale",0,0,0,0,0,0,0,0,0,0,0,0,0,0,0,0,0,0,0,0,0,0,0,0
504,857,34,0,61412,0,"Titan, Herr der Felsen",243,371,244,245,0,0,0,0,0,0,0,0,0,0,0,0,0,0,0,0,0,0,0,0
505,517,34,0,61412,0,"Spuren der Verwüstung",246,98,247,248,0,0,0,0,0,0,0,0,0,0,0,0,0,0,0,0,0,0,0,0
506,3867,35,0,61412,0,"Verräterisches Uhrwerk",0,0,0,0,0,0,0,0,0,0,0,0,0,0,0,0,0,0,0,0,0,0,0,0
507,876,35,0,61412,0,"Leichentransport",0,0,0,0,0,0,0,0,0,0,0,0,0,0,0,0,0,0,0,0,0,0,0,0
508,878,35,0,61412,0,"Sylphen-Bestattung",0,0,0,0,0,0,0,0,0,0,0,0,0,0,0,0,0,0,0,0,0,0,0,0
509,518,35,0,61412,0,"Von der Ver<hex:02160103>gangen<hex:02160103>heit eingeholt",103,0,0,0,0,0,0,0,0,0,0,0,0,0,0,0,0,0,0,0,0,0,0,0
510,883,36,0,61412,0,"Der letzte Flug",0,0,0,0,0,0,0,0,0,0,0,0,0,0,0,0,0,0,0,0,0,0,0,0
511,884,36,0,61412,0,"Himmelsbeobachter",0,0,0,0,0,0,0,0,0,0,0,0,0,0,0,0,0,0,0,0,0,0,0,0
512,886,36,0,61412,0,"Ein eisiger Empfang",0,0,0,0,0,0,0,0,0,0,0,0,0,0,0,0,0,0,0,0,0,0,0,0
513,887,36,0,61412,0,"Spross derer von Durendaire",0,0,0,0,0,0,0,0,0,0,0,0,0,0,0,0,0,0,0,0,0,0,0,0
514,889,36,0,61412,0,"Zeichen von Häresie",0,0,0,0,0,0,0,0,0,0,0,0,0,0,0,0,0,0,0,0,0,0,0,0
515,890,36,0,61412,0,"Die Krux der Familie Haillenarte",0,0,0,0,0,0,0,0,0,0,0,0,0,0,0,0,0,0,0,0,0,0,0,0
516,897,37,0,61412,0,"Die vier Ritterfamilien Ishgards",0,0,0,0,0,0,0,0,0,0,0,0,0,0,0,0,0,0,0,0,0,0,0,0
517,910,38,0,61412,0,"Beweis der Unschuld",0,0,0,0,0,0,0,0,0,0,0,0,0,0,0,0,0,0,0,0,0,0,0,0
518,911,38,0,61412,0,"Der Stein des Anstoßes",0,0,0,0,0,0,0,0,0,0,0,0,0,0,0,0,0,0,0,0,0,0,0,0
519,912,38,0,61412,0,"Gottesurteil",0,0,0,0,0,0,0,0,0,0,0,0,0,0,0,0,0,0,0,0,0,0,0,0
520,3868,38,0,61412,0,"Blick gen Himmel",0,0,0,0,0,0,0,0,0,0,0,0,0,0,0,0,0,0,0,0,0,0,0,0
521,924,39,0,61412,0,"Welch freundlicher Empfang",0,0,0,0,0,0,0,0,0,0,0,0,0,0,0,0,0,0,0,0,0,0,0,0
522,927,39,0,61412,0,"Knurrende Rittermägen",0,0,0,0,0,0,0,0,0,0,0,0,0,0,0,0,0,0,0,0,0,0,0,0
523,3869,39,0,61412,0,"Ein mächtiger Feind",0,0,0,0,0,0,0,0,0,0,0,0,0,0,0,0,0,0,0,0,0,0,0,0
524,938,40,0,61412,0,"Inquisitor Guillaime",0,0,0,0,0,0,0,0,0,0,0,0,0,0,0,0,0,0,0,0,0,0,0,0
525,939,40,0,61412,0,"Eiskalte Wahrheit",0,0,0,0,0,0,0,0,0,0,0,0,0,0,0,0,0,0,0,0,0,0,0,0
526,940,40,0,61412,0,"Das Geheimnis jener Nacht",0,0,0,0,0,0,0,0,0,0,0,0,0,0,0,0,0,0,0,0,0,0,0,0
527,941,40,0,61412,0,"Die Macht der Drachen",0,0,0,0,0,0,0,0,0,0,0,0,0,0,0,0,0,0,0,0,0,0,0,0
528,952,41,0,61412,0,"Der Drache der Steinernen Wacht",249,250,0,0,0,0,0,0,0,0,0,0,0,0,0,0,0,0,0,0,0,0,0,0
529,953,41,0,61412,0,"Schneise durch den Sturm",251,0,0,0,0,0,0,0,0,0,0,0,0,0,0,0,0,0,0,0,0,0,0,0
530,955,41,0,61412,0,"Lamberteints Meisterschüler",0,0,0,0,0,0,0,0,0,0,0,0,0,0,0,0,0,0,0,0,0,0,0,0
531,956,41,0,61412,0,"Im Herzen des Feuerwalls",0,0,0,0,0,0,0,0,0,0,0,0,0,0,0,0,0,0,0,0,0,0,0,0
532,959,41,0,61412,0,"Jagd nach dem zweiten Kristall",0,0,0,0,0,0,0,0,0,0,0,0,0,0,0,0,0,0,0,0,0,0,0,0
533,960,42,0,61412,0,"Unter Quarantäne",0,0,0,0,0,0,0,0,0,0,0,0,0,0,0,0,0,0,0,0,0,0,0,0
534,961,42,0,61412,0,"Reif für die Insel",0,0,0,0,0,0,0,0,0,0,0,0,0,0,0,0,0,0,0,0,0,0,0,0
535,962,42,0,61412,0,"Überfahrt zu den Phantominseln",0,0,0,0,0,0,0,0,0,0,0,0,0,0,0,0,0,0,0,0,0,0,0,0
536,963,42,0,61412,0,"Singsang der Wellen",0,0,0,0,0,0,0,0,0,0,0,0,0,0,0,0,0,0,0,0,0,0,0,0
537,967,42,0,61412,0,"Töne des Wahnsinns",0,0,0,0,0,0,0,0,0,0,0,0,0,0,0,0,0,0,0,0,0,0,0,0
538,3870,43,0,61412,0,"Aller guten Dinge sind drei",0,0,0,0,0,0,0,0,0,0,0,0,0,0,0,0,0,0,0,0,0,0,0,0
539,975,43,0,61412,0,"Aufrüstung der Enterprise",0,0,0,0,0,0,0,0,0,0,0,0,0,0,0,0,0,0,0,0,0,0,0,0
540,519,44,0,61412,0,"Herrin der Winde",104,105,106,107,372,252,253,108,286,0,0,0,0,0,0,0,0,0,0,0,0,0,0,0
541,520,44,0,61412,0,"Ein Funken Hoffnung",109,110,111,112,0,0,0,0,0,0,0,0,0,0,0,0,0,0,0,0,0,0,0,0
542,978,44,0,61412,0,"Der Befreiung immer näher",254,0,0,0,0,0,0,0,0,0,0,0,0,0,0,0,0,0,0,0,0,0,0,0
543,980,44,0,61412,0,"Luftschiff in Not",0,0,0,0,0,0,0,0,0,0,0,0,0,0,0,0,0,0,0,0,0,0,0,0
544,981,44,0,61412,0,"Auf der Flucht",0,0,0,0,0,0,0,0,0,0,0,0,0,0,0,0,0,0,0,0,0,0,0,0
545,982,44,0,61412,0,"Biggs, bitte melden!",0,0,0,0,0,0,0,0,0,0,0,0,0,0,0,0,0,0,0,0,0,0,0,0
546,983,44,0,61412,0,"Rauchende Schlote, stampfende Kolben!",0,0,0,0,0,0,0,0,0,0,0,0,0,0,0,0,0,0,0,0,0,0,0,0
547,984,44,0,61412,0,"Die Be<hex:02160103>freiungs<hex:02160103>armee",0,0,0,0,0,0,0,0,0,0,0,0,0,0,0,0,0,0,0,0,0,0,0,0
548,986,44,0,61412,0,"Der große Lauschangriff",0,0,0,0,0,0,0,0,0,0,0,0,0,0,0,0,0,0,0,0,0,0,0,0
549,1001,45,1,61412,0,"Störkommando",0,0,0,0,0,0,0,0,0,0,0,0,0,0,0,0,0,0,0,0,0,0,0,0
550,1002,45,1,61412,0,"Kenne deinen Feind",0,0,0,0,0,0,0,0,0,0,0,0,0,0,0,0,0,0,0,0,0,0,0,0
551,3871,45,1,61412,0,"Des Kaisers alte Kleider",0,0,0,0,0,0,0,0,0,0,0,0,0,0,0,0,0,0,0,0,0,0,0,0
552,1004,46,0,61412,0,"Der Magitek-Coup",255,0,0,0,0,0,0,0,0,0,0,0,0,0,0,0,0,0,0,0,0,0,0,0
553,1005,46,0,61412,0,"Mein kleiner Kampfkoloss",256,257,0,0,0,0,0,0,0,0,0,0,0,0,0,0,0,0,0,0,0,0,0,0
554,521,46,0,61412,0,"Befreiung aus Castrum Centri",293,113,258,259,456,287,114,288,260,0,0,0,0,0,0,0,0,0,0,0,0,0,0,0
555,522,46,0,61412,0,"Das Ultimatum des Garleischen Wolfs",115,116,0,0,0,0,0,0,0,0,0,0,0,0,0,0,0,0,0,0,0,0,0,0
556,4521,49,0,61412,0,"Der Marsch der Weisen",117,261,262,2874,263,294,264,0,0,0,0,0,0,0,0,0,0,0,0,0,0,0,0,0
557,1037,49,0,61412,0,"Aller guten Phasen sind drei",0,0,0,0,0,0,0,0,0,0,0,0,0,0,0,0,0,0,0,0,0,0,0,0
558,3872,49,0,61412,0,"Auf geht's!",0,0,0,0,0,0,0,0,0,0,0,0,0,0,0,0,0,0,0,0,0,0,0,0
559,3873,50,0,61412,0,"Angriff auf Castrum Meridianum",265,275,277,0,0,0,0,0,0,0,0,0,0,0,0,0,0,0,0,0,0,0,0,0
560,4522,50,0,61412,0,"Die ultimative Waffe",279,280,392,283,284,118,374,119,127,120,121,122,2873,123,124,125,126,128,296,129,130,131,0,0
561,1175,50,0,61412,0,"Zu neuen Ufern",433,434,0,0,0,0,0,0,0,0,0,0,0,0,0,0,0,0,0,0,0,0,0,0
562,3874,50,0,61412,0,"In banger Hoffnung gefesselt",0,0,0,0,0,0,0,0,0,0,0,0,0,0,0,0,0,0,0,0,0,0,0,0
563,3875,50,0,61412,0,"Der Duft der Erinnerung",435,0,0,0,0,0,0,0,0,0,0,0,0,0,0,0,0,0,0,0,0,0,0,0
564,3876,50,0,61412,0,"Botengang nach Geisterzoll",436,0,0,0,0,0,0,0,0,0,0,0,0,0,0,0,0,0,0,0,0,0,0,0
565,3877,50,0,61412,0,"Alte Sorge in neuer Gestalt",0,0,0,0,0,0,0,0,0,0,0,0,0,0,0,0,0,0,0,0,0,0,0,0
566,1189,50,0,61412,0,"Ob Herrscher, ob Gott",448,0,0,0,0,0,0,0,0,0,0,0,0,0,0,0,0,0,0,0,0,0,0,0
567,1190,50,0,61412,0,"Mogry-König Mogul Mog",401,402,0,0,0,0,0,0,0,0,0,0,0,0,0,0,0,0,0,0,0,0,0,0
568,1191,50,0,61412,0,"Mysterium Königsbeschwörung",0,0,0,0,0,0,0,0,0,0,0,0,0,0,0,0,0,0,0,0,0,0,0,0
569,1192,50,0,61412,0,"Fürchte dich nicht, Minfilia",437,438,439,440,0,0,0,0,0,0,0,0,0,0,0,0,0,0,0,0,0,0,0,0
570,3878,50,0,61412,0,"Über die Schwelle des Sonnensteins",450,451,0,0,0,0,0,0,0,0,0,0,0,0,0,0,0,0,0,0,0,0,0,0
571,3879,50,0,61412,0,"Ein neuer Morgen",460,0,0,0,0,0,0,0,0,0,0,0,0,0,0,0,0,0,0,0,0,0,0,0
572,1346,50,0,61412,0,"Die Kristallfalle",0,0,0,0,0,0,0,0,0,0,0,0,0,0,0,0,0,0,0,0,0,0,0,0
573,1347,50,0,61412,0,"Besucher aus fernen Landen",461,462,0,0,0,0,0,0,0,0,0,0,0,0,0,0,0,0,0,0,0,0,0,0
574,3880,50,0,61412,0,"Ein bisschen Frieden",0,0,0,0,0,0,0,0,0,0,0,0,0,0,0,0,0,0,0,0,0,0,0,0
575,3881,50,0,61412,0,"Alles muss versteckt sein",0,0,0,0,0,0,0,0,0,0,0,0,0,0,0,0,0,0,0,0,0,0,0,0
576,1352,50,0,61412,0,"Hoch auf der Chocobo-Kutsche",463,0,0,0,0,0,0,0,0,0,0,0,0,0,0,0,0,0,0,0,0,0,0,0
577,3882,50,0,61412,0,"Trautes Heim, Glück allein",464,465,466,0,0,0,0,0,0,0,0,0,0,0,0,0,0,0,0,0,0,0,0,0
578,1356,50,0,61412,0,"Eilige Erkundungen",0,0,0,0,0,0,0,0,0,0,0,0,0,0,0,0,0,0,0,0,0,0,0,0
579,1358,50,0,61412,0,"Späher in Not",0,0,0,0,0,0,0,0,0,0,0,0,0,0,0,0,0,0,0,0,0,0,0,0
580,1359,50,0,61412,0,"Die Gabe der Unsterblichkeit",467,468,0,0,0,0,0,0,0,0,0,0,0,0,0,0,0,0,0,0,0,0,0,0
581,1360,50,0,61412,0,"Bewährte Wogenbrecher",469,0,0,0,0,0,0,0,0,0,0,0,0,0,0,0,0,0,0,0,0,0,0,0
582,1361,50,0,61412,0,"Entscheidung auf offener See",470,525,471,472,0,0,0,0,0,0,0,0,0,0,0,0,0,0,0,0,0,0,0,0
583,1362,50,0,61412,0,"Untergrund trifft Untergrund",0,0,0,0,0,0,0,0,0,0,0,0,0,0,0,0,0,0,0,0,0,0,0,0
584,1363,50,0,61412,0,"Werden und Vergehen",473,474,0,0,0,0,0,0,0,0,0,0,0,0,0,0,0,0,0,0,0,0,0,0
585,1442,50,0,61412,0,"Das Leid der Heimatlosen",484,0,0,0,0,0,0,0,0,0,0,0,0,0,0,0,0,0,0,0,0,0,0,0
586,1443,50,0,61412,0,"Aufstand der Unterdrückten",0,0,0,0,0,0,0,0,0,0,0,0,0,0,0,0,0,0,0,0,0,0,0,0
587,3883,50,0,61412,0,"Macht ja keine Dummheiten",0,0,0,0,0,0,0,0,0,0,0,0,0,0,0,0,0,0,0,0,0,0,0,0
588,3884,50,0,61412,0,"Zum Schweigen gebracht",572,0,0,0,0,0,0,0,0,0,0,0,0,0,0,0,0,0,0,0,0,0,0,0
589,1446,50,0,61412,0,"Machtspiele",488,528,529,0,0,0,0,0,0,0,0,0,0,0,0,0,0,0,0,0,0,0,0,0
590,1447,50,0,61412,0,"Der Bund findet keine Ruhe",0,0,0,0,0,0,0,0,0,0,0,0,0,0,0,0,0,0,0,0,0,0,0,0
591,1448,50,0,61412,0,"Herr der Blitze",533,0,0,0,0,0,0,0,0,0,0,0,0,0,0,0,0,0,0,0,0,0,0,0
592,3885,50,0,61412,0,"Donnernde Gerechtigkeit",534,561,562,535,0,0,0,0,0,0,0,0,0,0,0,0,0,0,0,0,0,0,0,0
593,1453,50,0,61412,0,"Ewige Wiederkehr der Gleichen",536,537,542,0,0,0,0,0,0,0,0,0,0,0,0,0,0,0,0,0,0,0,0,0
594,1456,50,0,61412,0,"Sportlicher Wettkampf",580,0,0,0,0,0,0,0,0,0,0,0,0,0,0,0,0,0,0,0,0,0,0,0
595,1457,50,0,61412,0,"Grundstein der Elite",538,0,0,0,0,0,0,0,0,0,0,0,0,0,0,0,0,0,0,0,0,0,0,0
596,1458,50,0,61412,0,"Transportschwund",0,0,0,0,0,0,0,0,0,0,0,0,0,0,0,0,0,0,0,0,0,0,0,0
597,1459,50,0,61412,0,"Eisige Winde",530,531,532,0,0,0,0,0,0,0,0,0,0,0,0,0,0,0,0,0,0,0,0,0
598,1460,50,0,61412,0,"Streiter für Eorzea",539,540,543,544,0,0,0,0,0,0,0,0,0,0,0,0,0,0,0,0,0,0,0,0
599,52,50,0,61412,0,"Im Netz des Webers",606,607,0,0,0,0,0,0,0,0,0,0,0,0,0,0,0,0,0,0,0,0,0,0
600,53,50,0,61412,0,"Die Vierte in Gefahr",0,0,0,0,0,0,0,0,0,0,0,0,0,0,0,0,0,0,0,0,0,0,0,0
601,54,50,0,61412,0,"Der päpstliche Gesandte",608,609,0,0,0,0,0,0,0,0,0,0,0,0,0,0,0,0,0,0,0,0,0,0
602,57,50,0,61412,0,"Ein eiskalter Raub",0,0,0,0,0,0,0,0,0,0,0,0,0,0,0,0,0,0,0,0,0,0,0,0
603,62,50,0,61412,0,"Eine eiskalte Spur",610,0,0,0,0,0,0,0,0,0,0,0,0,0,0,0,0,0,0,0,0,0,0,0
604,69,50,0,61412,0,"Beschatten auf Verdacht",0,0,0,0,0,0,0,0,0,0,0,0,0,0,0,0,0,0,0,0,0,0,0,0
605,74,50,0,61412,0,"Häretischer Hinterhalt",0,0,0,0,0,0,0,0,0,0,0,0,0,0,0,0,0,0,0,0,0,0,0,0
606,75,50,0,61412,0,"Tief unter Schnee und Eis",611,612,0,0,0,0,0,0,0,0,0,0,0,0,0,0,0,0,0,0,0,0,0,0
607,77,50,0,61412,0,"Verfolgungsjagd im Schnee",613,0,0,0,0,0,0,0,0,0,0,0,0,0,0,0,0,0,0,0,0,0,0,0
608,78,50,0,61412,0,"Wer die Fäden zieht",615,616,617,0,0,0,0,0,0,0,0,0,0,0,0,0,0,0,0,0,0,0,0,0
609,3886,50,0,61412,0,"Dem Weber auf der Spur",618,0,0,0,0,0,0,0,0,0,0,0,0,0,0,0,0,0,0,0,0,0,0,0
610,3887,50,0,61412,0,"In flagranti",614,0,0,0,0,0,0,0,0,0,0,0,0,0,0,0,0,0,0,0,0,0,0,0
611,82,50,0,61412,0,"Exegeten-Expertise",619,620,0,0,0,0,0,0,0,0,0,0,0,0,0,0,0,0,0,0,0,0,0,0
612,84,50,0,61412,0,"Abglanz göttlicher Macht",621,622,642,623,0,0,0,0,0,0,0,0,0,0,0,0,0,0,0,0,0,0,0,0
613,86,50,0,61412,0,"Zu beiderseitigem Vorteil",624,0,0,0,0,0,0,0,0,0,0,0,0,0,0,0,0,0,0,0,0,0,0,0
614,87,50,0,61412,0,"Aspekte einer Beschwörung",625,0,0,0,0,0,0,0,0,0,0,0,0,0,0,0,0,0,0,0,0,0,0,0
615,88,50,0,61412,0,"Roailles Rechtfertigung",626,0,0,0,0,0,0,0,0,0,0,0,0,0,0,0,0,0,0,0,0,0,0,0
616,89,50,0,61412,0,"Zeit der Ernüchterung",627,628,629,0,0,0,0,0,0,0,0,0,0,0,0,0,0,0,0,0,0,0,0,0
617,363,50,0,61412,0,"Drei mächtige Säulen",694,0,0,0,0,0,0,0,0,0,0,0,0,0,0,0,0,0,0,0,0,0,0,0
618,364,50,0,61412,0,"Ein blutiges Geschäft",0,0,0,0,0,0,0,0,0,0,0,0,0,0,0,0,0,0,0,0,0,0,0,0
619,365,50,0,61412,0,"Nicht ganz mit rechten Dingen",0,0,0,0,0,0,0,0,0,0,0,0,0,0,0,0,0,0,0,0,0,0,0,0
620,366,50,0,61412,0,"Der Hüter erwacht",695,696,697,698,699,0,0,0,0,0,0,0,0,0,0,0,0,0,0,0,0,0,0,0
621,3888,50,0,61412,0,"Moenbrydas Plan",700,0,0,0,0,0,0,0,0,0,0,0,0,0,0,0,0,0,0,0,0,0,0,0
622,368,50,0,61412,0,"Überfall auf das Überfallkommando",0,0,0,0,0,0,0,0,0,0,0,0,0,0,0,0,0,0,0,0,0,0,0,0
623,369,50,0,61412,0,"Im Tod liegt Leben",701,702,777,778,703,704,0,0,0,0,0,0,0,0,0,0,0,0,0,0,0,0,0,0
624,429,50,0,61412,0,"In Gedenken an Moenbryda",734,0,0,0,0,0,0,0,0,0,0,0,0,0,0,0,0,0,0,0,0,0,0,0
625,370,50,0,61412,0,"Ydas Trauer",705,0,0,0,0,0,0,0,0,0,0,0,0,0,0,0,0,0,0,0,0,0,0,0
626,371,50,0,61412,0,"Hilfegesuch aus Ishgard",706,0,0,0,0,0,0,0,0,0,0,0,0,0,0,0,0,0,0,0,0,0,0,0
627,372,50,0,61412,0,"Mit dem Rücken zur Wand",707,0,0,0,0,0,0,0,0,0,0,0,0,0,0,0,0,0,0,0,0,0,0,0
628,373,50,0,61412,0,"Wir ziehen in den Krieg!",708,0,0,0,0,0,0,0,0,0,0,0,0,0,0,0,0,0,0,0,0,0,0,0
629,391,50,0,61412,0,"Freiwillige Abenteurer vor!",0,0,0,0,0,0,0,0,0,0,0,0,0,0,0,0,0,0,0,0,0,0,0,0
630,418,50,0,61412,0,"Kriegsrat der Allianz",709,0,0,0,0,0,0,0,0,0,0,0,0,0,0,0,0,0,0,0,0,0,0,0
631,4591,50,0,61412,0,"Die Verteidigung Ishgards",745,746,710,0,0,0,0,0,0,0,0,0,0,0,0,0,0,0,0,0,0,0,0,0
632,420,50,0,61412,0,"Tatarus Entschluss",0,0,0,0,0,0,0,0,0,0,0,0,0,0,0,0,0,0,0,0,0,0,0,0
633,421,50,0,61412,0,"Hermetisch entschlossen",0,0,0,0,0,0,0,0,0,0,0,0,0,0,0,0,0,0,0,0,0,0,0,0
634,422,50,0,61412,0,"Ein Schatz zum Schutz",0,0,0,0,0,0,0,0,0,0,0,0,0,0,0,0,0,0,0,0,0,0,0,0
635,423,50,0,61412,0,"Ätherologie hautnah",0,0,0,0,0,0,0,0,0,0,0,0,0,0,0,0,0,0,0,0,0,0,0,0
636,424,50,0,61412,0,"Außerhalb des Forschungsbereichs",0,0,0,0,0,0,0,0,0,0,0,0,0,0,0,0,0,0,0,0,0,0,0,0
637,425,50,0,61412,0,"Die Stimmung kommt mit dem Fest",711,0,0,0,0,0,0,0,0,0,0,0,0,0,0,0,0,0,0,0,0,0,0,0
638,426,50,0,61412,0,"Ein kurzfristiges Treffen",712,0,0,0,0,0,0,0,0,0,0,0,0,0,0,0,0,0,0,0,0,0,0,0
639,427,50,0,61412,0,"Die Siegesfeier",713,714,715,716,717,718,719,720,784,721,722,723,724,783,725,726,727,728,729,750,751,752,0,0
640,428,50,0,61412,0,"Nach dem Fall",730,781,731,732,753,733,0,0,0,0,0,0,0,0,0,0,0,0,0,0,0,0,0,0
641,1580,50,0,61412,0,"Zu neuem Glanz",785,786,787,788,0,0,0,0,0,0,0,0,0,0,0,0,0,0,0,0,0,0,0,0
642,1581,50,0,61412,0,"Der Stadtrundgang",789,0,0,0,0,0,0,0,0,0,0,0,0,0,0,0,0,0,0,0,0,0,0,0
643,1582,50,0,61412,0,"Einladung in die Schwaden",790,0,0,0,0,0,0,0,0,0,0,0,0,0,0,0,0,0,0,0,0,0,0,0
644,1583,50,0,61412,0,"Falkenhorst",791,0,0,0,0,0,0,0,0,0,0,0,0,0,0,0,0,0,0,0,0,0,0,0
645,1584,50,0,61412,0,"Eisige Störenfriede",0,0,0,0,0,0,0,0,0,0,0,0,0,0,0,0,0,0,0,0,0,0,0,0
646,1585,50,0,61412,0,"Auge um Borste",0,0,0,0,0,0,0,0,0,0,0,0,0,0,0,0,0,0,0,0,0,0,0,0
647,1586,50,0,61412,0,"Verbotene Liebe",0,0,0,0,0,0,0,0,0,0,0,0,0,0,0,0,0,0,0,0,0,0,0,0
648,1587,50,0,61412,0,"Patrouille in Not",0,0,0,0,0,0,0,0,0,0,0,0,0,0,0,0,0,0,0,0,0,0,0,0
649,1588,50,0,61412,0,"Spuren im Schnee",792,0,0,0,0,0,0,0,0,0,0,0,0,0,0,0,0,0,0,0,0,0,0,0
650,1589,50,0,61412,0,"Artoirels Reue",0,0,0,0,0,0,0,0,0,0,0,0,0,0,0,0,0,0,0,0,0,0,0,0
651,1590,50,0,61412,0,"Beistand für Camp Wolkenwipfel",793,0,0,0,0,0,0,0,0,0,0,0,0,0,0,0,0,0,0,0,0,0,0,0
652,1591,50,0,61412,0,"Bezwinger der Nervensägen",0,0,0,0,0,0,0,0,0,0,0,0,0,0,0,0,0,0,0,0,0,0,0,0
653,1592,50,0,61412,0,"Fette Beute",0,0,0,0,0,0,0,0,0,0,0,0,0,0,0,0,0,0,0,0,0,0,0,0
654,1593,50,0,61412,0,"Wachen, wacht!",0,0,0,0,0,0,0,0,0,0,0,0,0,0,0,0,0,0,0,0,0,0,0,0
655,1594,50,0,61412,0,"Ein feucht-fröhliches Vergnügen",0,0,0,0,0,0,0,0,0,0,0,0,0,0,0,0,0,0,0,0,0,0,0,0
656,1595,50,0,61412,0,"In den Fängen der Vanu Vanu",794,0,0,0,0,0,0,0,0,0,0,0,0,0,0,0,0,0,0,0,0,0,0,0
657,1596,50,0,61412,0,"Donnernder Empfang",0,0,0,0,0,0,0,0,0,0,0,0,0,0,0,0,0,0,0,0,0,0,0,0
658,1597,50,0,61412,0,"Das Gottesurteil",795,796,0,0,0,0,0,0,0,0,0,0,0,0,0,0,0,0,0,0,0,0,0,0
659,1598,50,0,61412,0,"Die Audienz",797,798,0,0,0,0,0,0,0,0,0,0,0,0,0,0,0,0,0,0,0,0,0,0
660,1599,51,0,61412,0,"Die Lage in Ul'dah",799,0,0,0,0,0,0,0,0,0,0,0,0,0,0,0,0,0,0,0,0,0,0,0
661,1600,51,0,61412,0,"Auf den Spuren Raubahns",0,0,0,0,0,0,0,0,0,0,0,0,0,0,0,0,0,0,0,0,0,0,0,0
662,1601,51,0,61412,0,"Tödliches Gift",800,801,802,803,0,0,0,0,0,0,0,0,0,0,0,0,0,0,0,0,0,0,0,0
663,1602,51,0,61412,0,"Freunde in Not",0,0,0,0,0,0,0,0,0,0,0,0,0,0,0,0,0,0,0,0,0,0,0,0
664,1603,51,0,61412,0,"Ein Plan nimmt Gestalt an",804,805,806,0,0,0,0,0,0,0,0,0,0,0,0,0,0,0,0,0,0,0,0,0
665,1604,51,0,61412,0,"Die Suche beginnt",0,0,0,0,0,0,0,0,0,0,0,0,0,0,0,0,0,0,0,0,0,0,0,0
666,1605,51,0,61412,0,"Spurensicherung",0,0,0,0,0,0,0,0,0,0,0,0,0,0,0,0,0,0,0,0,0,0,0,0
667,1606,51,0,61412,0,"Der ewige Kreis",0,0,0,0,0,0,0,0,0,0,0,0,0,0,0,0,0,0,0,0,0,0,0,0
668,1607,51,0,61412,0,"Finneas Vollstrecker",0,0,0,0,0,0,0,0,0,0,0,0,0,0,0,0,0,0,0,0,0,0,0,0
669,1608,51,0,61412,0,"Freund<hex:02160103>schaftssignale",807,808,809,810,811,0,0,0,0,0,0,0,0,0,0,0,0,0,0,0,0,0,0,0
670,1609,52,0,61412,0,"Zum Fuße des Sohm Al",812,0,0,0,0,0,0,0,0,0,0,0,0,0,0,0,0,0,0,0,0,0,0,0
671,1610,52,0,61412,0,"Der erste Kontakt",0,0,0,0,0,0,0,0,0,0,0,0,0,0,0,0,0,0,0,0,0,0,0,0
672,1611,52,0,61412,0,"Der Pakt mit Vidofnir",813,0,0,0,0,0,0,0,0,0,0,0,0,0,0,0,0,0,0,0,0,0,0,0
673,1612,52,0,61412,0,"Die Gunst der Vath",0,0,0,0,0,0,0,0,0,0,0,0,0,0,0,0,0,0,0,0,0,0,0,0
674,1613,52,0,61412,0,"Das Dorf der Unverbundenen",0,0,0,0,0,0,0,0,0,0,0,0,0,0,0,0,0,0,0,0,0,0,0,0
675,1614,53,0,61412,0,"Kollektives Bewusstsein",0,0,0,0,0,0,0,0,0,0,0,0,0,0,0,0,0,0,0,0,0,0,0,0
676,1615,53,0,61412,0,"In die Höhle des Löwen",0,0,0,0,0,0,0,0,0,0,0,0,0,0,0,0,0,0,0,0,0,0,0,0
677,1616,53,0,61412,0,"Der Herr des Krieges",814,815,1023,1016,816,0,0,0,0,0,0,0,0,0,0,0,0,0,0,0,0,0,0,0
678,1617,53,0,61412,0,"Der Kreislauf von Tod und Hass",817,916,818,819,820,0,0,0,0,0,0,0,0,0,0,0,0,0,0,0,0,0,0,0
679,1618,53,0,61412,0,"Scheues kleines Kerlchen",0,0,0,0,0,0,0,0,0,0,0,0,0,0,0,0,0,0,0,0,0,0,0,0
680,1619,54,0,61412,0,"Versteckt in den Wolken",821,822,0,0,0,0,0,0,0,0,0,0,0,0,0,0,0,0,0,0,0,0,0,0
681,1620,54,0,61412,0,"Prüfung der Kräuterkunde",0,0,0,0,0,0,0,0,0,0,0,0,0,0,0,0,0,0,0,0,0,0,0,0
682,1621,54,0,61412,0,"Prüfung der Kampfkunst",0,0,0,0,0,0,0,0,0,0,0,0,0,0,0,0,0,0,0,0,0,0,0,0
683,1622,54,0,61412,0,"Prüfung des Kunstverstands",0,0,0,0,0,0,0,0,0,0,0,0,0,0,0,0,0,0,0,0,0,0,0,0
684,1623,54,0,61412,0,"Ende kupo, alles kupo",823,0,0,0,0,0,0,0,0,0,0,0,0,0,0,0,0,0,0,0,0,0,0,0
685,1624,54,0,61412,0,"Abschied aus Moglingen",0,0,0,0,0,0,0,0,0,0,0,0,0,0,0,0,0,0,0,0,0,0,0,0
686,1625,54,0,61412,0,"Unerwünschte Besucher",0,0,0,0,0,0,0,0,0,0,0,0,0,0,0,0,0,0,0,0,0,0,0,0
687,1626,54,0,61412,0,"Ein wärmendes Feuer",824,996,0,0,0,0,0,0,0,0,0,0,0,0,0,0,0,0,0,0,0,0,0,0
688,1627,54,0,61412,0,"Der Verrat des Königs",825,826,827,0,0,0,0,0,0,0,0,0,0,0,0,0,0,0,0,0,0,0,0,0
689,1628,54,0,61412,0,"Und wieder der Wind",828,829,0,0,0,0,0,0,0,0,0,0,0,0,0,0,0,0,0,0,0,0,0,0
690,1629,54,0,61412,0,"Alte Gefährten, ein neues Gefährt",830,0,0,0,0,0,0,0,0,0,0,0,0,0,0,0,0,0,0,0,0,0,0,0
691,1630,54,0,61412,0,"Gesichter der Loyalität",831,832,0,0,0,0,0,0,0,0,0,0,0,0,0,0,0,0,0,0,0,0,0,0
692,1631,54,0,61412,0,"Ein sehr langer Traum",833,834,835,0,0,0,0,0,0,0,0,0,0,0,0,0,0,0,0,0,0,0,0,0
693,1632,54,0,61412,0,"Ende eines Traums",1038,0,0,0,0,0,0,0,0,0,0,0,0,0,0,0,0,0,0,0,0,0,0,0
694,1633,55,0,61412,0,"Schneid und Schnitter",836,0,0,0,0,0,0,0,0,0,0,0,0,0,0,0,0,0,0,0,0,0,0,0
695,1634,55,0,61412,0,"Mit den Augen eines Drachen",945,837,838,839,840,841,842,0,0,0,0,0,0,0,0,0,0,0,0,0,0,0,0,0
696,1635,55,0,61412,0,"Und doch Brüder",843,844,845,0,0,0,0,0,0,0,0,0,0,0,0,0,0,0,0,0,0,0,0,0
697,1636,56,0,61412,0,"Augenblick noch",846,847,849,850,0,0,0,0,0,0,0,0,0,0,0,0,0,0,0,0,0,0,0,0
698,1637,56,0,61412,0,"Wild entschlossen",851,852,0,0,0,0,0,0,0,0,0,0,0,0,0,0,0,0,0,0,0,0,0,0
699,1638,56,0,61412,0,"Hilfe aus dem Volk",0,0,0,0,0,0,0,0,0,0,0,0,0,0,0,0,0,0,0,0,0,0,0,0
700,1993,56,0,61412,0,"Lange Ohren",0,0,0,0,0,0,0,0,0,0,0,0,0,0,0,0,0,0,0,0,0,0,0,0
701,1994,56,0,61412,0,"Verstoßene Liebe",0,0,0,0,0,0,0,0,0,0,0,0,0,0,0,0,0,0,0,0,0,0,0,0
702,1995,56,0,61412,0,"Liebe einer Mutter",0,0,0,0,0,0,0,0,0,0,0,0,0,0,0,0,0,0,0,0,0,0,0,0
703,1996,56,0,61412,0,"Kombiniere messerscharf",0,0,0,0,0,0,0,0,0,0,0,0,0,0,0,0,0,0,0,0,0,0,0,0
704,1639,57,0,61412,0,"Kern des Widerstands",853,854,855,0,0,0,0,0,0,0,0,0,0,0,0,0,0,0,0,0,0,0,0,0
705,1640,57,0,61412,0,"Um Ishgards willen",856,857,0,0,0,0,0,0,0,0,0,0,0,0,0,0,0,0,0,0,0,0,0,0
706,1641,57,0,61412,0,"Der wahre Wandel",858,859,861,862,0,0,0,0,0,0,0,0,0,0,0,0,0,0,0,0,0,0,0,0
707,1642,57,0,61412,0,"Dem Sonnenstrahl nach",863,0,0,0,0,0,0,0,0,0,0,0,0,0,0,0,0,0,0,0,0,0,0,0
708,1643,57,0,61412,0,"Durchs Himmelblaue Fenster",864,0,0,0,0,0,0,0,0,0,0,0,0,0,0,0,0,0,0,0,0,0,0,0
709,1644,57,0,61412,0,"Falsche Feinde",0,0,0,0,0,0,0,0,0,0,0,0,0,0,0,0,0,0,0,0,0,0,0,0
710,1645,57,0,61412,0,"Himmelsgiganten",865,866,0,0,0,0,0,0,0,0,0,0,0,0,0,0,0,0,0,0,0,0,0,0
711,1646,57,0,61412,0,"Weißes Kind, nun Wolkengott",0,0,0,0,0,0,0,0,0,0,0,0,0,0,0,0,0,0,0,0,0,0,0,0
712,1647,57,0,61412,0,"Himmlischer Köder",1014,1015,1022,867,868,869,870,0,0,0,0,0,0,0,0,0,0,0,0,0,0,0,0,0
713,1648,57,0,61412,0,"Mit eigenen Waffen",871,0,0,0,0,0,0,0,0,0,0,0,0,0,0,0,0,0,0,0,0,0,0,0
714,1649,57,0,61412,0,"Imperiale Altlasten",872,873,0,0,0,0,0,0,0,0,0,0,0,0,0,0,0,0,0,0,0,0,0,0
715,1650,57,0,61412,0,"Ein Fachmann muss ran",874,0,0,0,0,0,0,0,0,0,0,0,0,0,0,0,0,0,0,0,0,0,0,0
716,1651,57,0,61412,0,"Spuren einer Flucht nach vorn",875,876,0,0,0,0,0,0,0,0,0,0,0,0,0,0,0,0,0,0,0,0,0,0
717,1652,57,0,61412,0,"Für der Gebieter Augen",877,878,0,0,0,0,0,0,0,0,0,0,0,0,0,0,0,0,0,0,0,0,0,0
718,1653,57,0,61412,0,"Tatarus Überraschung",879,969,0,0,0,0,0,0,0,0,0,0,0,0,0,0,0,0,0,0,0,0,0,0
719,1654,57,0,61412,0,"Aufbruch nach Sharlayan",0,0,0,0,0,0,0,0,0,0,0,0,0,0,0,0,0,0,0,0,0,0,0,0
720,1655,58,0,61412,0,"Vision einer blühenden Stadt",880,881,0,0,0,0,0,0,0,0,0,0,0,0,0,0,0,0,0,0,0,0,0,0
721,1656,58,0,61412,0,"Bauerschwernis",0,0,0,0,0,0,0,0,0,0,0,0,0,0,0,0,0,0,0,0,0,0,0,0
722,1657,58,0,61412,0,"Dickefreund mit Ruhigeseele",0,0,0,0,0,0,0,0,0,0,0,0,0,0,0,0,0,0,0,0,0,0,0,0
723,1658,58,0,61412,0,"Nun nichts wie weg",1021,0,0,0,0,0,0,0,0,0,0,0,0,0,0,0,0,0,0,0,0,0,0,0
724,1659,59,0,61412,0,"Matoyas Höhle",882,911,0,0,0,0,0,0,0,0,0,0,0,0,0,0,0,0,0,0,0,0,0,0
725,1660,59,0,61412,0,"Verbotene Schriften",883,884,885,0,0,0,0,0,0,0,0,0,0,0,0,0,0,0,0,0,0,0,0,0
726,1661,59,0,61412,0,"Äther für die Ramme",886,887,0,0,0,0,0,0,0,0,0,0,0,0,0,0,0,0,0,0,0,0,0,0
727,1662,59,0,61412,0,"Stunde des Abschieds",1039,0,0,0,0,0,0,0,0,0,0,0,0,0,0,0,0,0,0,0,0,0,0,0
728,1663,59,0,61412,0,"Flug ins Ungewisse",888,889,990,890,0,0,0,0,0,0,0,0,0,0,0,0,0,0,0,0,0,0,0,0
729,1664,59,0,61412,0,"Erkundung mit System",891,892,0,0,0,0,0,0,0,0,0,0,0,0,0,0,0,0,0,0,0,0,0,0
730,1665,59,0,61412,0,"Kompetent geführt",1019,1037,0,0,0,0,0,0,0,0,0,0,0,0,0,0,0,0,0,0,0,0,0,0
731,1666,59,0,61412,0,"Schleusenwartung",1020,893,0,0,0,0,0,0,0,0,0,0,0,0,0,0,0,0,0,0,0,0,0,0
732,1667,59,0,61412,0,"Kontakt vermeiden",894,895,896,0,0,0,0,0,0,0,0,0,0,0,0,0,0,0,0,0,0,0,0,0
733,1668,59,0,61412,0,"Fesseln der Reue",897,898,899,0,0,0,0,0,0,0,0,0,0,0,0,0,0,0,0,0,0,0,0,0
734,1669,60,0,61412,0,"Himmelwärts",900,901,902,977,903,978,904,905,906,907,860,910,908,909,0,0,0,0,0,0,0,0,0,0
735,2156,60,0,61412,0,"Wahrheit tut weh",1044,1045,1046,0,0,0,0,0,0,0,0,0,0,0,0,0,0,0,0,0,0,0,0,0
736,2157,60,0,61412,0,"Audienz bei einem Drachen",0,0,0,0,0,0,0,0,0,0,0,0,0,0,0,0,0,0,0,0,0,0,0,0
737,2158,60,0,61412,0,"Die Gelehrte aus Sharlayan",1047,0,0,0,0,0,0,0,0,0,0,0,0,0,0,0,0,0,0,0,0,0,0,0
738,2159,60,0,61412,0,"Blick durchs Kristallauge",1048,0,0,0,0,0,0,0,0,0,0,0,0,0,0,0,0,0,0,0,0,0,0,0
739,2160,60,0,61412,0,"In Fell gekleidet",1049,1050,1051,1098,1052,0,0,0,0,0,0,0,0,0,0,0,0,0,0,0,0,0,0,0
740,2161,60,0,61412,0,"Schatten der Dunkelheit",1053,0,0,0,0,0,0,0,0,0,0,0,0,0,0,0,0,0,0,0,0,0,0,0
741,2162,60,0,61412,0,"Dem Feuereufel auf der Spur",0,0,0,0,0,0,0,0,0,0,0,0,0,0,0,0,0,0,0,0,0,0,0,0
742,2163,60,0,61412,0,"Licht und Dunkel",1054,1055,1056,1057,1058,1059,1060,0,0,0,0,0,0,0,0,0,0,0,0,0,0,0,0,0
743,2231,60,0,61412,0,"Fast wie früher",1140,0,0,0,0,0,0,0,0,0,0,0,0,0,0,0,0,0,0,0,0,0,0,0
744,2232,60,0,61412,0,"Zwiesprache mit dem Planeten",1141,1142,3003,1143,0,0,0,0,0,0,0,0,0,0,0,0,0,0,0,0,0,0,0,0
745,2233,60,0,61412,0,"Einladung zur Friedensfeier",1144,0,0,0,0,0,0,0,0,0,0,0,0,0,0,0,0,0,0,0,0,0,0,0
746,2234,60,0,61412,0,"In freudiger Erwartung",0,0,0,0,0,0,0,0,0,0,0,0,0,0,0,0,0,0,0,0,0,0,0,0
747,2235,60,0,61412,0,"Auf den Wolf gekommen",0,0,0,0,0,0,0,0,0,0,0,0,0,0,0,0,0,0,0,0,0,0,0,0
748,2236,60,0,61412,0,"Ein unvergessliches Ereignis",1145,1146,1147,0,0,0,0,0,0,0,0,0,0,0,0,0,0,0,0,0,0,0,0,0
749,2237,60,0,61412,0,"Die Last der Verantwortung",1148,0,0,0,0,0,0,0,0,0,0,0,0,0,0,0,0,0,0,0,0,0,0,0
750,2238,60,0,61412,0,"Mut zur Entscheidung",1149,0,0,0,0,0,0,0,0,0,0,0,0,0,0,0,0,0,0,0,0,0,0,0
751,2239,60,0,61412,0,"Truppenübung der Eorzäischen Allianz",1150,1157,1151,1169,0,0,0,0,0,0,0,0,0,0,0,0,0,0,0,0,0,0,0,0
752,2240,60,0,61412,0,"Gegen die Unversöhnlichkeit",1152,1170,1153,0,0,0,0,0,0,0,0,0,0,0,0,0,0,0,0,0,0,0,0,0
753,2241,60,0,61412,0,"Der Preis der Veränderung",1154,1155,1156,1198,0,0,0,0,0,0,0,0,0,0,0,0,0,0,0,0,0,0,0,0
754,2242,60,0,61412,0,"Zwei Seelen in einem Körper",1171,1172,0,0,0,0,0,0,0,0,0,0,0,0,0,0,0,0,0,0,0,0,0,0
755,2243,60,0,61412,0,"Aymerics letzte Hoffnung",1173,0,0,0,0,0,0,0,0,0,0,0,0,0,0,0,0,0,0,0,0,0,0,0
756,2244,60,0,61412,0,"Drachendiplomatie",1174,1175,1176,0,0,0,0,0,0,0,0,0,0,0,0,0,0,0,0,0,0,0,0,0
757,2245,60,0,61412,0,"Auge in Auge mit Nidhogg",1199,1177,1178,1200,1201,1225,1226,1179,1180,0,0,0,0,0,0,0,0,0,0,0,0,0,0,0
758,2246,60,0,61412,0,"Estiniens Wohlbefinden",1181,0,0,0,0,0,0,0,0,0,0,0,0,0,0,0,0,0,0,0,0,0,0,0
759,2247,60,0,61412,0,"Das Ende eines langen Weges",1182,1183,1184,1185,1186,1187,1188,0,0,0,0,0,0,0,0,0,0,0,0,0,0,0,0,0
760,2341,60,0,61412,0,"Eine wohlverdiente Mahlzeit",1253,1254,1255,0,0,0,0,0,0,0,0,0,0,0,0,0,0,0,0,0,0,0,0,0
761,2342,60,0,61412,0,"Gefährliche Schluchten",1256,0,0,0,0,0,0,0,0,0,0,0,0,0,0,0,0,0,0,0,0,0,0,0
762,2343,60,0,61412,0,"Die Leveilleur-Zwillinge",1257,0,0,0,0,0,0,0,0,0,0,0,0,0,0,0,0,0,0,0,0,0,0,0
763,2344,60,0,61412,0,"Ein Eindringling",0,0,0,0,0,0,0,0,0,0,0,0,0,0,0,0,0,0,0,0,0,0,0,0
764,2345,60,0,61412,0,"Grausames Geschenk",1258,0,0,0,0,0,0,0,0,0,0,0,0,0,0,0,0,0,0,0,0,0,0,0
765,2346,60,0,61412,0,"Man irrt, solang man strebt",1259,1260,0,0,0,0,0,0,0,0,0,0,0,0,0,0,0,0,0,0,0,0,0,0
766,2347,60,0,61412,0,"Im Schatten des Greifen",1261,0,0,0,0,0,0,0,0,0,0,0,0,0,0,0,0,0,0,0,0,0,0,0
767,2348,60,0,61412,0,"Inkognito",1262,0,0,0,0,0,0,0,0,0,0,0,0,0,0,0,0,0,0,0,0,0,0,0
768,2349,60,0,61412,0,"Weltenübergreifendes Schicksal",1263,1264,1265,1266,1267,1328,0,0,0,0,0,0,0,0,0,0,0,0,0,0,0,0,0,0
769,2350,60,0,61412,0,"Wege in die Zukunft",1268,1269,1270,1271,0,0,0,0,0,0,0,0,0,0,0,0,0,0,0,0,0,0,0,0
770,2351,60,0,61412,0,"Nachricht aus Gyr Abania",1297,0,0,0,0,0,0,0,0,0,0,0,0,0,0,0,0,0,0,0,0,0,0,0
771,2352,60,0,61412,0,"Der Gesandte Ishgards",0,0,0,0,0,0,0,0,0,0,0,0,0,0,0,0,0,0,0,0,0,0,0,0
772,2353,60,0,61412,0,"Zusammenkunft der Allianz",1299,0,0,0,0,0,0,0,0,0,0,0,0,0,0,0,0,0,0,0,0,0,0,0
773,2354,60,0,61412,0,"Angriff auf den Baelsar-Wall",1300,1301,1302,1303,1304,0,0,0,0,0,0,0,0,0,0,0,0,0,0,0,0,0,0,0
774,2355,60,0,61412,0,"Schockstarre",0,0,0,0,0,0,0,0,0,0,0,0,0,0,0,0,0,0,0,0,0,0,0,0
775,2356,60,0,61412,0,"Unerhörter Rat",1305,1306,0,0,0,0,0,0,0,0,0,0,0,0,0,0,0,0,0,0,0,0,0,0
776,2357,60,0,61412,0,"Ein neuer Waffenbruder",1307,0,0,0,0,0,0,0,0,0,0,0,0,0,0,0,0,0,0,0,0,0,0,0
777,2358,60,0,61412,0,"Freiheit durch Technik",1308,1309,1310,1311,1298,0,0,0,0,0,0,0,0,0,0,0,0,0,0,0,0,0,0,0
778,2359,60,0,61412,0,"Anlass zu einem mutigen Schritt",1312,1378,1313,1314,0,0,0,0,0,0,0,0,0,0,0,0,0,0,0,0,0,0,0,0
779,2446,60,0,61412,0,"Über den Wall",1379,1380,1381,0,0,0,0,0,0,0,0,0,0,0,0,0,0,0,0,0,0,0,0,0
780,2447,60,0,61412,0,"Auf sicheren Pfaden",1382,0,0,0,0,0,0,0,0,0,0,0,0,0,0,0,0,0,0,0,0,0,0,0
781,2448,60,0,61412,0,"Das Angebot der Allianz",1383,0,0,0,0,0,0,0,0,0,0,0,0,0,0,0,0,0,0,0,0,0,0,0
782,2449,60,0,61412,0,"Rhalgrs Wacht",0,0,0,0,0,0,0,0,0,0,0,0,0,0,0,0,0,0,0,0,0,0,0,0
783,2450,60,0,61412,0,"Conrads Entscheidung",1384,0,0,0,0,0,0,0,0,0,0,0,0,0,0,0,0,0,0,0,0,0,0,0
784,2451,60,0,61412,0,"Naagos Auftrag",0,0,0,0,0,0,0,0,0,0,0,0,0,0,0,0,0,0,0,0,0,0,0,0
785,2452,60,0,61412,0,"Auf leisen Sohlen",1385,0,0,0,0,0,0,0,0,0,0,0,0,0,0,0,0,0,0,0,0,0,0,0
786,2453,60,0,61412,0,"Wieder<hex:02160103>sehen macht Beule",1386,1387,0,0,0,0,0,0,0,0,0,0,0,0,0,0,0,0,0,0,0,0,0,0
787,2454,60,0,61412,0,"Kein Pakt ohne Siegel",0,0,0,0,0,0,0,0,0,0,0,0,0,0,0,0,0,0,0,0,0,0,0,0
788,2455,60,0,61412,0,"Meffrids Mission",1388,0,0,0,0,0,0,0,0,0,0,0,0,0,0,0,0,0,0,0,0,0,0,0
789,2456,60,0,61412,0,"Ein Kind des Dorfes",0,0,0,0,0,0,0,0,0,0,0,0,0,0,0,0,0,0,0,0,0,0,0,0
790,2954,60,0,61412,0,"Beinprobleme",0,0,0,0,0,0,0,0,0,0,0,0,0,0,0,0,0,0,0,0,0,0,0,0
791,2955,60,0,61412,0,"Explosive Fundsache",0,0,0,0,0,0,0,0,0,0,0,0,0,0,0,0,0,0,0,0,0,0,0,0
792,2457,60,0,61412,0,"Mein Dorf, dein Dorf",0,0,0,0,0,0,0,0,0,0,0,0,0,0,0,0,0,0,0,0,0,0,0,0
793,2458,60,0,61412,0,"Die rote Zikkurat",0,0,0,0,0,0,0,0,0,0,0,0,0,0,0,0,0,0,0,0,0,0,0,0
794,2459,60,0,61412,0,"Die Wolfsschädel",1389,0,0,0,0,0,0,0,0,0,0,0,0,0,0,0,0,0,0,0,0,0,0,0
795,2460,60,0,61412,0,"Späte Einsichten",0,0,0,0,0,0,0,0,0,0,0,0,0,0,0,0,0,0,0,0,0,0,0,0
796,2461,60,0,61412,0,"Conrads Initiative",1610,1390,0,0,0,0,0,0,0,0,0,0,0,0,0,0,0,0,0,0,0,0,0,0
797,2635,60,0,61412,0,"Zeugen bewegter Zeiten",0,0,0,0,0,0,0,0,0,0,0,0,0,0,0,0,0,0,0,0,0,0,0,0
798,2636,60,0,61412,0,"Frisch gewürzt ist gut bekommen",0,0,0,0,0,0,0,0,0,0,0,0,0,0,0,0,0,0,0,0,0,0,0,0
799,2637,60,0,61412,0,"Ausssbildungsssbeginn",0,0,0,0,0,0,0,0,0,0,0,0,0,0,0,0,0,0,0,0,0,0,0,0
800,2638,60,0,61412,0,"Volksfrömmigkeit",0,0,0,0,0,0,0,0,0,0,0,0,0,0,0,0,0,0,0,0,0,0,0,0
801,2462,61,0,61412,0,"Der nächste Schlag",0,0,0,0,0,0,0,0,0,0,0,0,0,0,0,0,0,0,0,0,0,0,0,0
802,2463,61,0,61412,0,"In den blutroten Flammen des Kriegs",1391,1392,1393,1394,1395,1396,0,0,0,0,0,0,0,0,0,0,0,0,0,0,0,0,0,0
803,2464,61,0,61412,0,"Die einen sind Helden, die anderen überleben",0,0,0,0,0,0,0,0,0,0,0,0,0,0,0,0,0,0,0,0,0,0,0,0
804,2465,61,0,61412,0,"Der Verletztentransport",0,0,0,0,0,0,0,0,0,0,0,0,0,0,0,0,0,0,0,0,0,0,0,0
805,2466,61,0,61412,0,"Zurück in Castrum Oriens",1397,0,0,0,0,0,0,0,0,0,0,0,0,0,0,0,0,0,0,0,0,0,0,0
806,2467,61,0,61412,0,"Geschickt verhandelt, Tataru",0,0,0,0,0,0,0,0,0,0,0,0,0,0,0,0,0,0,0,0,0,0,0,0
807,2468,61,0,61412,0,"Was weißt du über Doma?",0,0,0,0,0,0,0,0,0,0,0,0,0,0,0,0,0,0,0,0,0,0,0,0
808,2469,61,0,61412,0,"Misere auf der <hex:021A020203>Misery<hex:021A020103>",1398,1399,1400,1401,0,0,0,0,0,0,0,0,0,0,0,0,0,0,0,0,0,0,0,0
809,2470,61,0,61412,0,"Ankunft in Kugane",1402,0,0,0,0,0,0,0,0,0,0,0,0,0,0,0,0,0,0,0,0,0,0,0
810,2471,61,0,61412,0,"Die goldene Handelsstadt",0,0,0,0,0,0,0,0,0,0,0,0,0,0,0,0,0,0,0,0,0,0,0,0
811,2472,61,0,61412,0,"Die Ostaldenard-Handelsgesellschaft",1403,0,0,0,0,0,0,0,0,0,0,0,0,0,0,0,0,0,0,0,0,0,0,0
812,2473,61,0,61412,0,"Gesucht: eine Au Ra und ein Roegadyn",0,0,0,0,0,0,0,0,0,0,0,0,0,0,0,0,0,0,0,0,0,0,0,0
813,2474,61,0,61412,0,"Ein zweifelhaftes Angebot",1404,1608,1405,1406,0,0,0,0,0,0,0,0,0,0,0,0,0,0,0,0,0,0,0,0
814,2475,61,0,61412,0,"Gyodo packt aus",1407,0,0,0,0,0,0,0,0,0,0,0,0,0,0,0,0,0,0,0,0,0,0,0
815,2476,62,0,61412,0,"Aufbruch nach Othard",1408,0,0,0,0,0,0,0,0,0,0,0,0,0,0,0,0,0,0,0,0,0,0,0
816,2477,62,0,61412,0,"Die Piraten der Konföderation",0,0,0,0,0,0,0,0,0,0,0,0,0,0,0,0,0,0,0,0,0,0,0,0
817,2478,62,0,61412,0,"Wer zahlt gerne Zollgebühren?",1409,0,0,0,0,0,0,0,0,0,0,0,0,0,0,0,0,0,0,0,0,0,0,0
818,2479,62,0,61412,0,"An der Küste von Othard",1611,1410,0,0,0,0,0,0,0,0,0,0,0,0,0,0,0,0,0,0,0,0,0,0
819,2480,62,0,61412,0,"Verhandlung mit Rasho",0,0,0,0,0,0,0,0,0,0,0,0,0,0,0,0,0,0,0,0,0,0,0,0
820,2681,62,0,61412,0,"Der seekranke Pirat",0,0,0,0,0,0,0,0,0,0,0,0,0,0,0,0,0,0,0,0,0,0,0,0
821,2953,62,0,61412,0,"Gebrauchte Pfeile und ranziges Fleisch",0,0,0,0,0,0,0,0,0,0,0,0,0,0,0,0,0,0,0,0,0,0,0,0
822,2679,62,0,61412,0,"Stille Wasser sind tief",0,0,0,0,0,0,0,0,0,0,0,0,0,0,0,0,0,0,0,0,0,0,0,0
823,2481,62,0,61412,0,"Piraten in Not",1411,0,0,0,0,0,0,0,0,0,0,0,0,0,0,0,0,0,0,0,0,0,0,0
824,2482,62,0,61412,0,"Reise zum Meeresgrund",1412,0,0,0,0,0,0,0,0,0,0,0,0,0,0,0,0,0,0,0,0,0,0,0
825,2483,62,0,61412,0,"Opfergaben für die Kami des Meeres",1413,0,0,0,0,0,0,0,0,0,0,0,0,0,0,0,0,0,0,0,0,0,0,0
826,2484,63,0,61412,0,"Eintauchen in die Unterwasserwelt",1414,0,0,0,0,0,0,0,0,0,0,0,0,0,0,0,0,0,0,0,0,0,0,0
827,2485,63,0,61412,0,"Leben in Abgeschiedenheit",1416,0,0,0,0,0,0,0,0,0,0,0,0,0,0,0,0,0,0,0,0,0,0,0
828,2486,63,0,61412,0,"Tauchen nach dem Edelstein",0,0,0,0,0,0,0,0,0,0,0,0,0,0,0,0,0,0,0,0,0,0,0,0
829,2487,63,0,61412,0,"Mit den Kojin verbunden",0,0,0,0,0,0,0,0,0,0,0,0,0,0,0,0,0,0,0,0,0,0,0,0
830,2488,63,0,61412,0,"Die Schätze der Kojin",1417,0,0,0,0,0,0,0,0,0,0,0,0,0,0,0,0,0,0,0,0,0,0,0
831,2489,63,0,61412,0,"Der Kami Susano",1569,1570,1418,1419,1420,0,0,0,0,0,0,0,0,0,0,0,0,0,0,0,0,0,0,0
832,2490,63,0,61412,0,"Die Befreier von Isari",1421,0,0,0,0,0,0,0,0,0,0,0,0,0,0,0,0,0,0,0,0,0,0,0
833,2491,63,0,61412,0,"Die Reise nach Yanxia",1422,1423,0,0,0,0,0,0,0,0,0,0,0,0,0,0,0,0,0,0,0,0,0,0
834,2492,64,0,61412,0,"Der Geist des Widerstands",1424,0,0,0,0,0,0,0,0,0,0,0,0,0,0,0,0,0,0,0,0,0,0,0
835,2934,64,0,61412,0,"Die Klause der Grimmigen",1425,0,0,0,0,0,0,0,0,0,0,0,0,0,0,0,0,0,0,0,0,0,0,0
836,2493,64,0,61412,0,"Inkognito in Namai",0,0,0,0,0,0,0,0,0,0,0,0,0,0,0,0,0,0,0,0,0,0,0,0
837,2494,64,0,61412,0,"Leid, Trauer, Ver<hex:02160103>zweif<hex:02160103>lung",0,0,0,0,0,0,0,0,0,0,0,0,0,0,0,0,0,0,0,0,0,0,0,0
838,2495,64,0,61412,0,"Geleit ins Reich der Träume",1426,0,0,0,0,0,0,0,0,0,0,0,0,0,0,0,0,0,0,0,0,0,0,0
839,2496,64,0,61412,0,"Befreiung aus Castrum Fluminis",1427,0,0,0,0,0,0,0,0,0,0,0,0,0,0,0,0,0,0,0,0,0,0,0
840,2497,64,0,61412,0,"Yugiris Überzeugung",1428,1429,0,0,0,0,0,0,0,0,0,0,0,0,0,0,0,0,0,0,0,0,0,0
841,2935,64,0,61412,0,"Getrennte Wege",0,0,0,0,0,0,0,0,0,0,0,0,0,0,0,0,0,0,0,0,0,0,0,0
842,2498,64,0,61412,0,"Das Attentat auf Prinz Zenos",1430,1431,0,0,0,0,0,0,0,0,0,0,0,0,0,0,0,0,0,0,0,0,0,0
843,2499,64,0,61412,0,"Der Traum von Domas Freiheit",1432,1433,1434,0,0,0,0,0,0,0,0,0,0,0,0,0,0,0,0,0,0,0,0,0
844,2630,65,0,61412,0,"Die Reise in die Azim-Steppe",1435,0,0,0,0,0,0,0,0,0,0,0,0,0,0,0,0,0,0,0,0,0,0,0
845,2500,65,0,61412,0,"Im Marktgetümmel",0,0,0,0,0,0,0,0,0,0,0,0,0,0,0,0,0,0,0,0,0,0,0,0
846,2501,65,0,61412,0,"Tsagaan Sar",1436,0,0,0,0,0,0,0,0,0,0,0,0,0,0,0,0,0,0,0,0,0,0,0
847,2502,65,0,61412,0,"Ein Kämpfer für die Freiheit",1437,0,0,0,0,0,0,0,0,0,0,0,0,0,0,0,0,0,0,0,0,0,0,0
848,2503,65,0,61412,0,"Nach dem Willen der Götter",1438,0,0,0,0,0,0,0,0,0,0,0,0,0,0,0,0,0,0,0,0,0,0,0
849,2504,65,0,61412,0,"Fleisch für starke Krieger",0,0,0,0,0,0,0,0,0,0,0,0,0,0,0,0,0,0,0,0,0,0,0,0
850,2505,65,0,61412,0,"Bei den Mol",1439,0,0,0,0,0,0,0,0,0,0,0,0,0,0,0,0,0,0,0,0,0,0,0
851,2506,65,0,61412,0,"Überquerung der Steppe",0,0,0,0,0,0,0,0,0,0,0,0,0,0,0,0,0,0,0,0,0,0,0,0
852,2507,65,0,61412,0,"Der Weg zum Naadam",0,0,0,0,0,0,0,0,0,0,0,0,0,0,0,0,0,0,0,0,0,0,0,0
853,2508,65,0,61412,0,"Einladung zum Morgenthron",1440,1441,0,0,0,0,0,0,0,0,0,0,0,0,0,0,0,0,0,0,0,0,0,0
854,2509,66,0,61412,0,"Erst die Arbeit ...",0,0,0,0,0,0,0,0,0,0,0,0,0,0,0,0,0,0,0,0,0,0,0,0
855,2510,66,0,61412,0,"Die Geschichte von Sonne und Mond",0,0,0,0,0,0,0,0,0,0,0,0,0,0,0,0,0,0,0,0,0,0,0,0
856,2511,66,0,61412,0,"Von einem Stamm zum andern",0,0,0,0,0,0,0,0,0,0,0,0,0,0,0,0,0,0,0,0,0,0,0,0
857,2512,66,0,61412,0,"Die todesmutigen Dotharl",1442,0,0,0,0,0,0,0,0,0,0,0,0,0,0,0,0,0,0,0,0,0,0,0
858,2513,66,0,61412,0,"Sterben, um zu leben",1443,1444,0,0,0,0,0,0,0,0,0,0,0,0,0,0,0,0,0,0,0,0,0,0
859,2514,66,0,61412,0,"Vor dem Kampf",0,0,0,0,0,0,0,0,0,0,0,0,0,0,0,0,0,0,0,0,0,0,0,0
860,2515,66,0,61412,0,"Naadam",1445,1609,1446,1447,0,0,0,0,0,0,0,0,0,0,0,0,0,0,0,0,0,0,0,0
861,2516,66,0,61412,0,"Laut hallt der Jubel",0,0,0,0,0,0,0,0,0,0,0,0,0,0,0,0,0,0,0,0,0,0,0,0
862,2517,66,0,61412,0,"Hoffnungsvoller Morgenhimmel",0,0,0,0,0,0,0,0,0,0,0,0,0,0,0,0,0,0,0,0,0,0,0,0
863,2518,66,0,61412,0,"Zurück nach Yanxia",1448,0,0,0,0,0,0,0,0,0,0,0,0,0,0,0,0,0,0,0,0,0,0,0
864,2519,67,0,61412,0,"Der Weg zur Befreiung",1449,0,0,0,0,0,0,0,0,0,0,0,0,0,0,0,0,0,0,0,0,0,0,0
865,2946,67,0,61412,0,"In unsicheren Händen",0,0,0,0,0,0,0,0,0,0,0,0,0,0,0,0,0,0,0,0,0,0,0,0
866,2520,67,0,61412,0,"In die Ver<hex:02160103>gangen<hex:02160103>heit gespäht",1493,0,0,0,0,0,0,0,0,0,0,0,0,0,0,0,0,0,0,0,0,0,0,0
867,2521,67,0,61412,0,"Pflugscharen zu Schwertern",0,0,0,0,0,0,0,0,0,0,0,0,0,0,0,0,0,0,0,0,0,0,0,0
868,2947,67,0,61412,0,"Der posttraumatische Plattner",0,0,0,0,0,0,0,0,0,0,0,0,0,0,0,0,0,0,0,0,0,0,0,0
869,2522,67,0,61412,0,"Das Ziel vor Augen",0,0,0,0,0,0,0,0,0,0,0,0,0,0,0,0,0,0,0,0,0,0,0,0
870,2523,67,0,61412,0,"Gedanken vor der Schlacht",1450,1451,0,0,0,0,0,0,0,0,0,0,0,0,0,0,0,0,0,0,0,0,0,0
871,2524,67,0,61412,0,"Schlacht um Burg Doma",1452,1453,1454,1455,1456,1457,0,0,0,0,0,0,0,0,0,0,0,0,0,0,0,0,0,0
872,2525,67,0,61412,0,"Ein neuer Morgen für Doma",1458,0,0,0,0,0,0,0,0,0,0,0,0,0,0,0,0,0,0,0,0,0,0,0
873,2526,67,0,61412,0,"Abschied von Doma",1459,1460,0,0,0,0,0,0,0,0,0,0,0,0,0,0,0,0,0,0,0,0,0,0
874,2527,67,0,61412,0,"Während ihr weg wart",0,0,0,0,0,0,0,0,0,0,0,0,0,0,0,0,0,0,0,0,0,0,0,0
875,2528,67,0,61412,0,"Rhalgrs Komet",1461,1462,1463,0,0,0,0,0,0,0,0,0,0,0,0,0,0,0,0,0,0,0,0,0
876,2529,67,0,61412,0,"Die Vorsicht des Feldherrn",0,0,0,0,0,0,0,0,0,0,0,0,0,0,0,0,0,0,0,0,0,0,0,0
877,2530,67,0,61412,0,"Die Spähenden Steine",1464,0,0,0,0,0,0,0,0,0,0,0,0,0,0,0,0,0,0,0,0,0,0,0
878,2531,67,0,61412,0,"Theologie der Ananta",0,0,0,0,0,0,0,0,0,0,0,0,0,0,0,0,0,0,0,0,0,0,0,0
879,2532,67,0,61412,0,"Die Göttin seliger Träume",1465,1565,1566,1466,1467,0,0,0,0,0,0,0,0,0,0,0,0,0,0,0,0,0,0,0
880,2533,67,0,61412,0,"Zeit zu rasten, Zeit zu sinnieren",0,0,0,0,0,0,0,0,0,0,0,0,0,0,0,0,0,0,0,0,0,0,0,0
881,2534,68,0,61412,0,"Erst der Anfang",1468,0,0,0,0,0,0,0,0,0,0,0,0,0,0,0,0,0,0,0,0,0,0,0
882,2535,68,0,61412,0,"Stürmen statt spekulieren",1469,0,0,0,0,0,0,0,0,0,0,0,0,0,0,0,0,0,0,0,0,0,0,0
883,2536,68,0,61412,0,"Abseits der Front",1470,1471,1472,0,0,0,0,0,0,0,0,0,0,0,0,0,0,0,0,0,0,0,0,0
884,2537,68,0,61412,0,"Das Ausmaß des Schreckens",1473,1474,0,0,0,0,0,0,0,0,0,0,0,0,0,0,0,0,0,0,0,0,0,0
885,2538,68,0,61412,0,"Dunkle Stunden",0,0,0,0,0,0,0,0,0,0,0,0,0,0,0,0,0,0,0,0,0,0,0,0
886,2539,68,0,61412,0,"Trauer im Herzen, Schwert in der Hand",0,0,0,0,0,0,0,0,0,0,0,0,0,0,0,0,0,0,0,0,0,0,0,0
887,2540,68,0,61412,0,"Aussicht auf Hoffnung",1612,0,0,0,0,0,0,0,0,0,0,0,0,0,0,0,0,0,0,0,0,0,0,0
888,2541,68,0,61412,0,"Entschlossen voran",0,0,0,0,0,0,0,0,0,0,0,0,0,0,0,0,0,0,0,0,0,0,0,0
889,2542,68,0,61412,0,"Zu den Dienern des Feindes",0,0,0,0,0,0,0,0,0,0,0,0,0,0,0,0,0,0,0,0,0,0,0,0
890,2543,68,0,61412,0,"Der Mut der Geknechteten",0,0,0,0,0,0,0,0,0,0,0,0,0,0,0,0,0,0,0,0,0,0,0,0
891,2544,69,0,61412,0,"Kontrolle über das Castrum",1475,1476,0,0,0,0,0,0,0,0,0,0,0,0,0,0,0,0,0,0,0,0,0,0
892,2545,69,0,61412,0,"Raubahns Führung",0,0,0,0,0,0,0,0,0,0,0,0,0,0,0,0,0,0,0,0,0,0,0,0
893,2546,69,0,61412,0,"Freiheit oder Tod",1477,0,0,0,0,0,0,0,0,0,0,0,0,0,0,0,0,0,0,0,0,0,0,0
894,2547,69,0,61412,0,"Duell in Scharlachrot",1478,1613,0,0,0,0,0,0,0,0,0,0,0,0,0,0,0,0,0,0,0,0,0,0
895,2548,69,0,61412,0,"Ante Portas",1479,0,0,0,0,0,0,0,0,0,0,0,0,0,0,0,0,0,0,0,0,0,0,0
896,2549,69,0,61412,0,"Schlüsselsuche",0,0,0,0,0,0,0,0,0,0,0,0,0,0,0,0,0,0,0,0,0,0,0,0
897,2550,69,0,61412,0,"Wege zur Transzendenz",1415,1480,0,0,0,0,0,0,0,0,0,0,0,0,0,0,0,0,0,0,0,0,0,0
898,2551,69,0,61412,0,"Der Einsatzbefehl",1481,0,0,0,0,0,0,0,0,0,0,0,0,0,0,0,0,0,0,0,0,0,0,0
899,2552,70,0,61412,0,"Die Wölfe von Doma",1614,1482,0,0,0,0,0,0,0,0,0,0,0,0,0,0,0,0,0,0,0,0,0,0
900,2553,70,0,61412,0,"Blutiger Sturm",1483,1484,1605,1606,1485,1486,1488,1489,1490,1491,1492,0,0,0,0,0,0,0,0,0,0,0,0,0
901,2962,70,0,61412,0,"Ein neues Abenteuer",1618,0,0,0,0,0,0,0,0,0,0,0,0,0,0,0,0,0,0,0,0,0,0,0
902,2963,70,0,61412,0,"Dem Tyrannen auf der Spur",0,0,0,0,0,0,0,0,0,0,0,0,0,0,0,0,0,0,0,0,0,0,0,0
903,2964,70,0,61412,0,"Wer suchet, der findet",1619,0,0,0,0,0,0,0,0,0,0,0,0,0,0,0,0,0,0,0,0,0,0,0
904,2965,70,0,61412,0,"Seelische Abgründe",1620,1621,1622,1623,0,0,0,0,0,0,0,0,0,0,0,0,0,0,0,0,0,0,0,0
905,2966,70,0,61412,0,"Verquere Experimente",0,0,0,0,0,0,0,0,0,0,0,0,0,0,0,0,0,0,0,0,0,0,0,0
906,2967,70,0,61412,0,"Im Auftrag Ihrer Majestät",1624,1625,0,0,0,0,0,0,0,0,0,0,0,0,0,0,0,0,0,0,0,0,0,0
907,2968,70,0,61412,0,"Beidseitiger Nutzen",0,0,0,0,0,0,0,0,0,0,0,0,0,0,0,0,0,0,0,0,0,0,0,0
908,2969,70,0,61412,0,"Geschäftsgespräche",1626,0,0,0,0,0,0,0,0,0,0,0,0,0,0,0,0,0,0,0,0,0,0,0
909,2970,70,0,61412,0,"Die Kreaturen des Seldsees",0,0,0,0,0,0,0,0,0,0,0,0,0,0,0,0,0,0,0,0,0,0,0,0
910,2971,70,0,61412,0,"Überraschungsgäste",1627,0,0,0,0,0,0,0,0,0,0,0,0,0,0,0,0,0,0,0,0,0,0,0
911,2972,70,0,61412,0,"Die Versammlung",1628,1629,1630,1631,1632,1633,1634,1635,1636,0,0,0,0,0,0,0,0,0,0,0,0,0,0,0
912,3022,70,0,61412,0,"Eilmeldung aus Kugane",1675,0,0,0,0,0,0,0,0,0,0,0,0,0,0,0,0,0,0,0,0,0,0,0
913,3023,70,0,61412,0,"Im Gewühl der Kogane-dori",0,0,0,0,0,0,0,0,0,0,0,0,0,0,0,0,0,0,0,0,0,0,0,0
914,3024,70,0,61412,0,"Hoffnungs<hex:02160103>schimmer auf der Rubinsee",1676,1677,1678,0,0,0,0,0,0,0,0,0,0,0,0,0,0,0,0,0,0,0,0,0
915,3025,70,0,61412,0,"Der lange Arm der Ver<hex:02160103>gangen<hex:02160103>heit",1679,1680,0,0,0,0,0,0,0,0,0,0,0,0,0,0,0,0,0,0,0,0,0,0
916,3026,70,0,61412,0,"Ein neuer Schatten über Doma",1681,1682,0,0,0,0,0,0,0,0,0,0,0,0,0,0,0,0,0,0,0,0,0,0
917,3027,70,0,61412,0,"Rundgang durch Asahis Heimat",1683,1684,0,0,0,0,0,0,0,0,0,0,0,0,0,0,0,0,0,0,0,0,0,0
918,3028,70,0,61412,0,"Das Wesen der Schuld",1685,0,0,0,0,0,0,0,0,0,0,0,0,0,0,0,0,0,0,0,0,0,0,0
919,3029,70,0,61412,0,"Aufgang einer neuen Sonne",1686,1687,1688,1689,1690,1753,1691,1692,0,0,0,0,0,0,0,0,0,0,0,0,0,0,0,0
920,3070,70,0,61412,0,"Sinneswandel",1693,0,0,0,0,0,0,0,0,0,0,0,0,0,0,0,0,0,0,0,0,0,0,0
921,3071,70,0,61412,0,"Findet Tsuyu!",1694,0,0,0,0,0,0,0,0,0,0,0,0,0,0,0,0,0,0,0,0,0,0,0
922,3072,70,0,61412,0,"Blutige Heimkehr",1695,1696,1697,1698,1699,0,0,0,0,0,0,0,0,0,0,0,0,0,0,0,0,0,0,0
923,3073,70,0,61412,0,"Nasse Füße auf Onokoro",0,0,0,0,0,0,0,0,0,0,0,0,0,0,0,0,0,0,0,0,0,0,0,0
924,3074,70,0,61412,0,"Der Gefangenen<hex:02160103>austausch",1700,1785,1786,1701,1702,1703,1704,0,0,0,0,0,0,0,0,0,0,0,0,0,0,0,0,0
925,3075,70,0,61412,0,"Im fahlen Mondschein",1705,1707,1706,0,0,0,0,0,0,0,0,0,0,0,0,0,0,0,0,0,0,0,0,0
926,3076,70,0,61412,0,"Der Knabe der Morgenröte",1708,1709,1710,0,0,0,0,0,0,0,0,0,0,0,0,0,0,0,0,0,0,0,0,0
927,3143,70,0,61412,0,"Eine erste Spur",1807,0,0,0,0,0,0,0,0,0,0,0,0,0,0,0,0,0,0,0,0,0,0,0
928,3144,70,0,61412,0,"Das Kargland",1808,0,0,0,0,0,0,0,0,0,0,0,0,0,0,0,0,0,0,0,0,0,0,0
929,3145,70,0,61412,0,"Hien weist den Weg",1809,1810,0,0,0,0,0,0,0,0,0,0,0,0,0,0,0,0,0,0,0,0,0,0
930,3146,70,0,61412,0,"Die Kraft der Steppe",1811,0,0,0,0,0,0,0,0,0,0,0,0,0,0,0,0,0,0,0,0,0,0,0
931,3147,70,0,61412,0,"Der Wille der Mondgöttin",1812,1813,1814,1815,0,0,0,0,0,0,0,0,0,0,0,0,0,0,0,0,0,0,0,0
932,3148,70,0,61412,0,"Stimme aus der Ferne",1816,1817,1818,0,0,0,0,0,0,0,0,0,0,0,0,0,0,0,0,0,0,0,0,0
933,3149,70,0,61412,0,"Auftakt in Violett",1819,1820,1821,1822,0,0,0,0,0,0,0,0,0,0,0,0,0,0,0,0,0,0,0,0
934,3179,70,0,61412,0,"Den Seelen auf der Spur",1878,1879,0,0,0,0,0,0,0,0,0,0,0,0,0,0,0,0,0,0,0,0,0,0
935,3180,70,0,61412,0,"Neuigkeiten aus Garlemald",1880,0,0,0,0,0,0,0,0,0,0,0,0,0,0,0,0,0,0,0,0,0,0,0
936,3181,70,0,61412,0,"Begegnung an der Seiryu-Barriere",1881,1882,0,0,0,0,0,0,0,0,0,0,0,0,0,0,0,0,0,0,0,0,0,0
937,3182,70,0,61412,0,"Eine schwierige Verhandlung",1883,1884,1913,0,0,0,0,0,0,0,0,0,0,0,0,0,0,0,0,0,0,0,0,0
938,3183,70,0,61412,0,"Grenzschlacht",1885,1886,2122,0,0,0,0,0,0,0,0,0,0,0,0,0,0,0,0,0,0,0,0,0
939,3184,70,0,61412,0,"Lazarettbesuch",0,0,0,0,0,0,0,0,0,0,0,0,0,0,0,0,0,0,0,0,0,0,0,0
940,3185,70,0,61412,0,"Requiem der Helden",1887,2123,1888,1889,1890,1891,1892,1893,1894,1895,0,0,0,0,0,0,0,0,0,0,0,0,0,0
941,3279,70,0,61412,0,"Von Sendern und Sendungen",1943,1954,1956,1957,0,0,0,0,0,0,0,0,0,0,0,0,0,0,0,0,0,0,0,0
942,3280,70,0,61412,0,"Die immerhelle Welt",0,0,0,0,0,0,0,0,0,0,0,0,0,0,0,0,0,0,0,0,0,0,0,0
943,3281,70,0,61412,0,"Schlaflos in Crystarium",1958,1959,1960,1961,0,0,0,0,0,0,0,0,0,0,0,0,0,0,0,0,0,0,0,0
944,3282,70,0,61412,0,"Auf aschenen Schwingen übers Meer",1962,0,0,0,0,0,0,0,0,0,0,0,0,0,0,0,0,0,0,0,0,0,0,0
945,3283,70,0,61412,0,"Diplomat, Exeget, lang vermisster Freund",1963,0,0,0,0,0,0,0,0,0,0,0,0,0,0,0,0,0,0,0,0,0,0,0
946,3284,70,0,61412,0,"Die Kinder der Lichtflut",1964,0,0,0,0,0,0,0,0,0,0,0,0,0,0,0,0,0,0,0,0,0,0,0
947,3285,70,0,61412,0,"Angst verleiht Flügel",1965,0,0,0,0,0,0,0,0,0,0,0,0,0,0,0,0,0,0,0,0,0,0,0
948,3286,70,0,61412,0,"Das wunderschöne Eulmore",1966,1967,0,0,0,0,0,0,0,0,0,0,0,0,0,0,0,0,0,0,0,0,0,0
949,3287,70,0,61412,0,"Kabale auf Kholusia",0,0,0,0,0,0,0,0,0,0,0,0,0,0,0,0,0,0,0,0,0,0,0,0
950,3288,70,0,61412,0,"Mit Honig und Stachel",0,0,0,0,0,0,0,0,0,0,0,0,0,0,0,0,0,0,0,0,0,0,0,0
951,3289,70,0,61412,0,"Begabung verpflichtet",0,0,0,0,0,0,0,0,0,0,0,0,0,0,0,0,0,0,0,0,0,0,0,0
952,3290,70,0,61412,0,"Die Gnade des Erlauchten Erlösers",1968,0,0,0,0,0,0,0,0,0,0,0,0,0,0,0,0,0,0,0,0,0,0,0
953,3291,70,0,61412,0,"Auf warmen Winden in die Wüste",1969,0,0,0,0,0,0,0,0,0,0,0,0,0,0,0,0,0,0,0,0,0,0,0
954,3292,70,0,61412,0,"Fremde Länder, fremde Sitten",1970,0,0,0,0,0,0,0,0,0,0,0,0,0,0,0,0,0,0,0,0,0,0,0
955,3293,70,0,61412,0,"Münzen machen Freunde",0,0,0,0,0,0,0,0,0,0,0,0,0,0,0,0,0,0,0,0,0,0,0,0
956,3294,70,0,61412,0,"Hunde, die bellen ...",0,0,0,0,0,0,0,0,0,0,0,0,0,0,0,0,0,0,0,0,0,0,0,0
957,3295,70,0,61412,0,"Mit eisernem Arm",1971,0,0,0,0,0,0,0,0,0,0,0,0,0,0,0,0,0,0,0,0,0,0,0
958,3296,70,0,61412,0,"Hungrige Häscher",0,0,0,0,0,0,0,0,0,0,0,0,0,0,0,0,0,0,0,0,0,0,0,0
959,3297,70,0,61412,0,"Süß ist die Lüge, bitter die Wahrheit",1972,0,0,0,0,0,0,0,0,0,0,0,0,0,0,0,0,0,0,0,0,0,0,0
960,3298,70,0,61412,0,"Die gute Seele der Ruhstatt",1973,1974,0,0,0,0,0,0,0,0,0,0,0,0,0,0,0,0,0,0,0,0,0,0
961,3299,70,0,61412,0,"Kein Blick zurück",0,0,0,0,0,0,0,0,0,0,0,0,0,0,0,0,0,0,0,0,0,0,0,0
962,3300,71,0,61412,0,"Grausam das Licht ...",1975,1976,1977,1978,0,0,0,0,0,0,0,0,0,0,0,0,0,0,0,0,0,0,0,0
963,3301,71,0,61412,0,"... tröstend die Nacht",1979,1980,1981,0,0,0,0,0,0,0,0,0,0,0,0,0,0,0,0,0,0,0,0,0
964,3302,72,0,61412,0,"Von Ränken und Orakeln",1982,0,0,0,0,0,0,0,0,0,0,0,0,0,0,0,0,0,0,0,0,0,0,0
965,3303,72,0,61412,0,"Tunika und Tonikum",1983,0,0,0,0,0,0,0,0,0,0,0,0,0,0,0,0,0,0,0,0,0,0,0
966,3304,72,0,61412,0,"Auf nach Ostalls Befehl",0,0,0,0,0,0,0,0,0,0,0,0,0,0,0,0,0,0,0,0,0,0,0,0
967,3305,72,0,61412,0,"Operation Sandmann",1984,1985,1986,0,0,0,0,0,0,0,0,0,0,0,0,0,0,0,0,0,0,0,0,0
968,3306,72,0,61412,0,"Die Nebel von Feenland",1987,0,0,0,0,0,0,0,0,0,0,0,0,0,0,0,0,0,0,0,0,0,0,0
969,3307,72,0,61412,0,"Aussaat der Anerkennung",0,0,0,0,0,0,0,0,0,0,0,0,0,0,0,0,0,0,0,0,0,0,0,0
970,3308,72,0,61412,0,"Die Leichtigkeit des Seins",0,0,0,0,0,0,0,0,0,0,0,0,0,0,0,0,0,0,0,0,0,0,0,0
971,3309,72,0,61412,0,"Stumme Spielgefährten",0,0,0,0,0,0,0,0,0,0,0,0,0,0,0,0,0,0,0,0,0,0,0,0
972,3310,72,0,61412,0,"Ein alter Freund in neuem Gewand",1988,1989,0,0,0,0,0,0,0,0,0,0,0,0,0,0,0,0,0,0,0,0,0,0
973,3311,72,0,61412,0,"Ein besonderes Geschenk",1990,1991,1992,0,0,0,0,0,0,0,0,0,0,0,0,0,0,0,0,0,0,0,0,0
974,3312,73,0,61412,0,"Im Reich der Fuath",1993,1994,0,0,0,0,0,0,0,0,0,0,0,0,0,0,0,0,0,0,0,0,0,0
975,3313,73,0,61412,0,"Im Namen des ehrbahren Handels",0,0,0,0,0,0,0,0,0,0,0,0,0,0,0,0,0,0,0,0,0,0,0,0
976,3314,73,0,61412,0,"Moose, Pilze und Panzerplatten",0,0,0,0,0,0,0,0,0,0,0,0,0,0,0,0,0,0,0,0,0,0,0,0
977,3315,73,0,61412,0,"Den Sporen auf der Spur",0,0,0,0,0,0,0,0,0,0,0,0,0,0,0,0,0,0,0,0,0,0,0,0
978,3316,73,0,61412,0,"Tauglose Taugenichtse",1995,0,0,0,0,0,0,0,0,0,0,0,0,0,0,0,0,0,0,0,0,0,0,0
979,3317,73,0,61412,0,"Königliche Insignien",0,0,0,0,0,0,0,0,0,0,0,0,0,0,0,0,0,0,0,0,0,0,0,0
980,3318,73,0,61412,0,"Stärke zeigen",0,0,0,0,0,0,0,0,0,0,0,0,0,0,0,0,0,0,0,0,0,0,0,0
981,3319,73,0,61412,0,"Band der Freund<hex:02160103>schaft",1996,0,0,0,0,0,0,0,0,0,0,0,0,0,0,0,0,0,0,0,0,0,0,0
982,3320,73,0,61412,0,"Lyhe Ghiah",2150,2151,1997,1998,0,0,0,0,0,0,0,0,0,0,0,0,0,0,0,0,0,0,0,0
983,3321,73,0,61412,0,"Zurück in Crystarium",1999,2000,0,0,0,0,0,0,0,0,0,0,0,0,0,0,0,0,0,0,0,0,0,0
984,3322,74,0,61412,0,"Aufbruch in alle Richtungen",2001,0,0,0,0,0,0,0,0,0,0,0,0,0,0,0,0,0,0,0,0,0,0,0
985,3323,74,0,61412,0,"Das Geheimnis der Gebetshalle",0,0,0,0,0,0,0,0,0,0,0,0,0,0,0,0,0,0,0,0,0,0,0,0
986,3324,74,0,61412,0,"Die Hexe des Großen Waldes",2002,2003,2004,0,0,0,0,0,0,0,0,0,0,0,0,0,0,0,0,0,0,0,0,0
987,3325,74,0,61412,0,"Erste Be<hex:02160103>kannt<hex:02160103>schaften",0,0,0,0,0,0,0,0,0,0,0,0,0,0,0,0,0,0,0,0,0,0,0,0
988,3326,74,0,61412,0,"Lehrreiche Feldarbeit",0,0,0,0,0,0,0,0,0,0,0,0,0,0,0,0,0,0,0,0,0,0,0,0
989,3327,74,0,61412,0,"Der Taufstein",0,0,0,0,0,0,0,0,0,0,0,0,0,0,0,0,0,0,0,0,0,0,0,0
990,3328,74,0,61412,0,"Toddias Rückkehr ins Himmelsmeer",2005,0,0,0,0,0,0,0,0,0,0,0,0,0,0,0,0,0,0,0,0,0,0,0
991,3329,74,0,61412,0,"Was brummt denn da?",0,0,0,0,0,0,0,0,0,0,0,0,0,0,0,0,0,0,0,0,0,0,0,0
992,3330,74,0,61412,0,"In den Höhlen der Ewigen Dunkelheit",2006,0,0,0,0,0,0,0,0,0,0,0,0,0,0,0,0,0,0,0,0,0,0,0
993,3331,74,0,61412,0,"Das Ultimatum",2007,2008,2009,0,0,0,0,0,0,0,0,0,0,0,0,0,0,0,0,0,0,0,0,0
994,3332,74,0,61412,0,"Auf dem Grund des Schlangensees",0,0,0,0,0,0,0,0,0,0,0,0,0,0,0,0,0,0,0,0,0,0,0,0
995,3333,75,0,61412,0,"Keinen Schritt weiter",2010,0,0,0,0,0,0,0,0,0,0,0,0,0,0,0,0,0,0,0,0,0,0,0
996,3334,75,0,61412,0,"Offene Ohren in Fanow",0,0,0,0,0,0,0,0,0,0,0,0,0,0,0,0,0,0,0,0,0,0,0,0
997,3335,75,0,61412,0,"Die Fesseln der Tiergötter",0,0,0,0,0,0,0,0,0,0,0,0,0,0,0,0,0,0,0,0,0,0,0,0
998,3336,75,0,61412,0,"Prüfungen der Pyramide",0,0,0,0,0,0,0,0,0,0,0,0,0,0,0,0,0,0,0,0,0,0,0,0
999,3337,75,0,61412,0,"Der Beichtstuhl von Toupasa dem Älteren",2011,0,0,0,0,0,0,0,0,0,0,0,0,0,0,0,0,0,0,0,0,0,0,0
1000,3338,75,0,61412,0,"Der letzte Wunsch der Hexe",0,0,0,0,0,0,0,0,0,0,0,0,0,0,0,0,0,0,0,0,0,0,0,0
1001,3339,75,0,61412,0,"Dem Dämon sei Dank",2012,2013,0,0,0,0,0,0,0,0,0,0,0,0,0,0,0,0,0,0,0,0,0,0
1002,3340,75,0,61412,0,"Quer durch die Irrungen der Qitari",2014,0,0,0,0,0,0,0,0,0,0,0,0,0,0,0,0,0,0,0,0,0,0,0
1003,3341,75,0,61412,0,"Nacht über Rak'tika",2015,0,0,0,0,0,0,0,0,0,0,0,0,0,0,0,0,0,0,0,0,0,0,0
1004,3342,76,0,61412,0,"Eine dringend benötigte Ruhepause",2016,2017,2018,0,0,0,0,0,0,0,0,0,0,0,0,0,0,0,0,0,0,0,0,0
1005,3606,76,0,61412,0,"Sie kommen",2019,2020,2021,0,0,0,0,0,0,0,0,0,0,0,0,0,0,0,0,0,0,0,0,0
1006,3607,76,0,61412,0,"Die Wunden des Krieges - Teil 1",2022,0,0,0,0,0,0,0,0,0,0,0,0,0,0,0,0,0,0,0,0,0,0,0
1007,3608,76,0,61412,0,"Die Wunden des Krieges - Teil 2",0,0,0,0,0,0,0,0,0,0,0,0,0,0,0,0,0,0,0,0,0,0,0,0
1008,3609,76,0,61412,0,"Minfilias Reise beginnt",2023,2024,0,0,0,0,0,0,0,0,0,0,0,0,0,0,0,0,0,0,0,0,0,0
1009,3610,76,0,61412,0,"Garik",0,0,0,0,0,0,0,0,0,0,0,0,0,0,0,0,0,0,0,0,0,0,0,0
1010,3611,76,0,61412,0,"Gute Mine, böses Spiel",0,0,0,0,0,0,0,0,0,0,0,0,0,0,0,0,0,0,0,0,0,0,0,0
1011,3612,76,0,61412,0,"Der Meister des Selbstmitleids",0,0,0,0,0,0,0,0,0,0,0,0,0,0,0,0,0,0,0,0,0,0,0,0
1012,3613,76,0,61412,0,"Ein tiefer Griff in die Werkzeugkiste",0,0,0,0,0,0,0,0,0,0,0,0,0,0,0,0,0,0,0,0,0,0,0,0
1013,3614,76,0,61412,0,"Studieren geht über reparieren",0,0,0,0,0,0,0,0,0,0,0,0,0,0,0,0,0,0,0,0,0,0,0,0
1014,3615,76,0,61412,0,"Die Einsamkeit des Meisters",2025,0,0,0,0,0,0,0,0,0,0,0,0,0,0,0,0,0,0,0,0,0,0,0
1015,3616,77,0,61412,0,"Bergmannsglück und Eulenblick",0,0,0,0,0,0,0,0,0,0,0,0,0,0,0,0,0,0,0,0,0,0,0,0
1016,3617,77,0,61412,0,"Funkeln aus der Tiefe",2026,0,0,0,0,0,0,0,0,0,0,0,0,0,0,0,0,0,0,0,0,0,0,0
1017,3618,77,0,61412,0,"Agnas Geschenk",2027,2028,0,0,0,0,0,0,0,0,0,0,0,0,0,0,0,0,0,0,0,0,0,0
1018,3619,77,0,61412,0,"Vater und Bruder",2029,2030,0,0,0,0,0,0,0,0,0,0,0,0,0,0,0,0,0,0,0,0,0,0
1019,3620,77,0,61412,0,"Die Entscheidung des Mädchens",2031,2032,2033,0,0,0,0,0,0,0,0,0,0,0,0,0,0,0,0,0,0,0,0,0
1020,3621,77,0,61412,0,"Hinab in den Brunnen",2034,0,0,0,0,0,0,0,0,0,0,0,0,0,0,0,0,0,0,0,0,0,0,0
1021,3622,77,0,61412,0,"Die Last des Lichts",2035,2036,2037,0,0,0,0,0,0,0,0,0,0,0,0,0,0,0,0,0,0,0,0,0
1022,3630,77,0,61412,0,"Ein seltsames Verhalten",2038,0,0,0,0,0,0,0,0,0,0,0,0,0,0,0,0,0,0,0,0,0,0,0
1023,3631,77,0,61412,0,"Lange lebe Lord Vauthry",2039,2040,2041,2042,0,0,0,0,0,0,0,0,0,0,0,0,0,0,0,0,0,0,0,0
1024,3632,77,0,61412,0,"Entzaubertes Eulmore",2043,0,0,0,0,0,0,0,0,0,0,0,0,0,0,0,0,0,0,0,0,0,0,0
1025,3633,78,0,61412,0,"Die Leiter von Kholusia",0,0,0,0,0,0,0,0,0,0,0,0,0,0,0,0,0,0,0,0,0,0,0,0
1026,3634,78,0,61412,0,"Jemand zu Hause?",2044,0,0,0,0,0,0,0,0,0,0,0,0,0,0,0,0,0,0,0,0,0,0,0
1027,3635,78,0,61412,0,"Schotter, Kiesel und fliegender Marmor",2045,0,0,0,0,0,0,0,0,0,0,0,0,0,0,0,0,0,0,0,0,0,0,0
1028,3636,78,0,61412,0,"Überredungskünste",2046,0,0,0,0,0,0,0,0,0,0,0,0,0,0,0,0,0,0,0,0,0,0,0
1029,3637,78,0,61412,0,"Prüfung aus dem Stollen der Geschichte",0,0,0,0,0,0,0,0,0,0,0,0,0,0,0,0,0,0,0,0,0,0,0,0
1030,3638,78,0,61412,0,"Ins Duergar-Gebirge",0,0,0,0,0,0,0,0,0,0,0,0,0,0,0,0,0,0,0,0,0,0,0,0
1031,3639,78,0,61412,0,"Dann mal Gute Nacht!",0,0,0,0,0,0,0,0,0,0,0,0,0,0,0,0,0,0,0,0,0,0,0,0
1032,3640,78,0,61412,0,"Mit Gruß aus Tomra",0,0,0,0,0,0,0,0,0,0,0,0,0,0,0,0,0,0,0,0,0,0,0,0
1033,3641,78,0,61412,0,"Ein Geschenk aus Schlangenzweig",0,0,0,0,0,0,0,0,0,0,0,0,0,0,0,0,0,0,0,0,0,0,0,0
1034,3642,78,0,61412,0,"Unter vier Augen",2047,2048,0,0,0,0,0,0,0,0,0,0,0,0,0,0,0,0,0,0,0,0,0,0
1035,3643,79,0,61412,0,"Sturm auf den Gulg",2049,2050,2154,2155,2051,2052,2053,2054,0,0,0,0,0,0,0,0,0,0,0,0,0,0,0,0
1036,3644,79,0,61412,0,"Wieder auf den Beinen",0,0,0,0,0,0,0,0,0,0,0,0,0,0,0,0,0,0,0,0,0,0,0,0
1037,3645,79,0,61412,0,"Lobgesang auf den Exarchen",2055,0,0,0,0,0,0,0,0,0,0,0,0,0,0,0,0,0,0,0,0,0,0,0
1038,3646,79,0,61412,0,"Der Komplize",2056,2057,0,0,0,0,0,0,0,0,0,0,0,0,0,0,0,0,0,0,0,0,0,0
1039,3647,79,0,61412,0,"Ins Meer der Schwarzen Winde",2058,2059,2060,0,0,0,0,0,0,0,0,0,0,0,0,0,0,0,0,0,0,0,0,0
1040,3648,79,0,61412,0,"Trocken auf dem Meeresgrund",0,0,0,0,0,0,0,0,0,0,0,0,0,0,0,0,0,0,0,0,0,0,0,0
1041,3649,79,0,61412,0,"Die Stadt der Alten",0,0,0,0,0,0,0,0,0,0,0,0,0,0,0,0,0,0,0,0,0,0,0,0
1042,3650,79,0,61412,0,"Schwindender Glanz",0,0,0,0,0,0,0,0,0,0,0,0,0,0,0,0,0,0,0,0,0,0,0,0
1043,3651,80,0,61412,0,"Das Erleuchtete Land",2061,2062,0,0,0,0,0,0,0,0,0,0,0,0,0,0,0,0,0,0,0,0,0,0
1044,3652,80,0,61412,0,"Die Stadt am Ende der Welt",0,0,0,0,0,0,0,0,0,0,0,0,0,0,0,0,0,0,0,0,0,0,0,0
1045,3653,80,0,61412,0,"Der Plan des Konvents",2063,0,0,0,0,0,0,0,0,0,0,0,0,0,0,0,0,0,0,0,0,0,0,0
1046,3654,80,0,61412,0,"Schattenbringer",2064,2065,2148,2149,2066,2067,2068,2069,2070,2071,2072,0,0,0,0,0,0,0,0,0,0,0,0,0
1047,3673,80,0,61412,0,"Ein Flackern in der Seele",2185,2186,0,0,0,0,0,0,0,0,0,0,0,0,0,0,0,0,0,0,0,0,0,0
1048,3674,80,0,61412,0,"Der einsiedlerische Nu Mou",2187,0,0,0,0,0,0,0,0,0,0,0,0,0,0,0,0,0,0,0,0,0,0,0
1049,3675,80,0,61412,0,"Beq Luggs Experiment",2188,0,0,0,0,0,0,0,0,0,0,0,0,0,0,0,0,0,0,0,0,0,0,0
1050,3676,80,0,61412,0,"Die Rezeptur des Nu Mou",2189,0,0,0,0,0,0,0,0,0,0,0,0,0,0,0,0,0,0,0,0,0,0,0
1051,3677,80,0,61412,0,"Für eine Handvoll Tränen",2190,0,0,0,0,0,0,0,0,0,0,0,0,0,0,0,0,0,0,0,0,0,0,0
1052,3678,80,0,61412,0,"Die Suche nach dem Ingenieur ",0,0,0,0,0,0,0,0,0,0,0,0,0,0,0,0,0,0,0,0,0,0,0,0
1053,3679,80,0,61412,0,"Ein gewichtiger Staatsbeamter",2191,0,0,0,0,0,0,0,0,0,0,0,0,0,0,0,0,0,0,0,0,0,0,0
1054,3680,80,0,61412,0,"Wiederverwertete Arbeitskräfte",2192,0,0,0,0,0,0,0,0,0,0,0,0,0,0,0,0,0,0,0,0,0,0,0
1055,3681,80,0,61412,0,"Für eine neue Art zu leben",2193,0,0,0,0,0,0,0,0,0,0,0,0,0,0,0,0,0,0,0,0,0,0,0
1056,3682,80,0,61412,0,"Bedrohliche Wolken am Horizont",2194,2195,2196,2230,2197,2198,2199,0,0,0,0,0,0,0,0,0,0,0,0,0,0,0,0,0
1057,3761,80,0,61412,0,"Eine Warnung für die Allianz",2232,0,0,0,0,0,0,0,0,0,0,0,0,0,0,0,0,0,0,0,0,0,0,0
1058,3762,80,0,61412,0,"Das Wesen des Kristalls",2233,0,0,0,0,0,0,0,0,0,0,0,0,0,0,0,0,0,0,0,0,0,0,0
1059,3763,80,0,61412,0,"Lynas Bitte",2234,2235,0,0,0,0,0,0,0,0,0,0,0,0,0,0,0,0,0,0,0,0,0,0
1060,3764,80,0,61412,0,"Die Wahrheit tritt ans Licht",2236,2237,0,0,0,0,0,0,0,0,0,0,0,0,0,0,0,0,0,0,0,0,0,0
1061,3765,80,0,61412,0,"Von schlafenden Helden",2238,2239,2240,0,0,0,0,0,0,0,0,0,0,0,0,0,0,0,0,0,0,0,0,0
1062,3766,80,0,61412,0,"Wenn Masken fallen",2241,2242,0,0,0,0,0,0,0,0,0,0,0,0,0,0,0,0,0,0,0,0,0,0
1063,3767,80,0,61412,0,"Hass gebiert Hass",0,0,0,0,0,0,0,0,0,0,0,0,0,0,0,0,0,0,0,0,0,0,0,0
1064,3768,80,0,61412,0,"Bismarck und die Erkenntnis",2243,0,0,0,0,0,0,0,0,0,0,0,0,0,0,0,0,0,0,0,0,0,0,0
1065,3769,80,0,61412,0,"Reise in die Tiefe",2244,2245,0,0,0,0,0,0,0,0,0,0,0,0,0,0,0,0,0,0,0,0,0,0
1066,3770,80,0,61412,0,"Echo des Sternenregens",2246,2228,2247,2248,2249,0,0,0,0,0,0,0,0,0,0,0,0,0,0,0,0,0,0,0
1067,3771,80,0,61412,0,"Sage der Krieger des Lichts",2316,0,0,0,0,0,0,0,0,0,0,0,0,0,0,0,0,0,0,0,0,0,0,0
1068,3772,80,0,61412,0,"Heldenträume",2317,0,0,0,0,0,0,0,0,0,0,0,0,0,0,0,0,0,0,0,0,0,0,0
1069,3773,80,0,61412,0,"Zwischen Leben und Tod",2318,0,0,0,0,0,0,0,0,0,0,0,0,0,0,0,0,0,0,0,0,0,0,0
1070,3774,80,0,61412,0,"Der Duft der Heimat",2319,0,0,0,0,0,0,0,0,0,0,0,0,0,0,0,0,0,0,0,0,0,0,0
1071,3775,80,0,61412,0,"Blick in die Seele",2320,2349,2350,2321,0,0,0,0,0,0,0,0,0,0,0,0,0,0,0,0,0,0,0,0
1072,3776,80,0,61412,0,"Echos der Ver<hex:02160103>gangen<hex:02160103>heit",2322,0,0,0,0,0,0,0,0,0,0,0,0,0,0,0,0,0,0,0,0,0,0,0
1073,3777,80,0,61412,0,"Die Kriegserklärung",2323,2324,2325,2326,2385,0,0,0,0,0,0,0,0,0,0,0,0,0,0,0,0,0,0,0
1074,3778,80,0,61412,0,"Am Anfang und am Ende des Lichts",2327,2328,2339,2340,2329,0,0,0,0,0,0,0,0,0,0,0,0,0,0,0,0,0,0,0
1075,3779,80,0,61412,0,"Abschied nehmen",2386,2330,0,0,0,0,0,0,0,0,0,0,0,0,0,0,0,0,0,0,0,0,0,0
1076,3780,80,0,61412,0,"Das Leben geht weiter",2331,0,0,0,0,0,0,0,0,0,0,0,0,0,0,0,0,0,0,0,0,0,0,0
1077,3781,80,0,61412,0,"Tränen lügen nicht",2332,2333,0,0,0,0,0,0,0,0,0,0,0,0,0,0,0,0,0,0,0,0,0,0
1078,3782,80,0,61412,0,"Kristall-Reflexionen",2334,2335,2336,2337,2338,0,0,0,0,0,0,0,0,0,0,0,0,0,0,0,0,0,0,0
1079,4007,80,0,61412,0,"Hohe Ziele",2425,0,0,0,0,0,0,0,0,0,0,0,0,0,0,0,0,0,0,0,0,0,0,0
1080,4008,80,0,61412,0,"Mit dem Allwissen der Allager",2426,0,0,0,0,0,0,0,0,0,0,0,0,0,0,0,0,0,0,0,0,0,0,0
1081,4009,80,0,61412,0,"Das Erbe Noahs",2427,2428,2429,0,0,0,0,0,0,0,0,0,0,0,0,0,0,0,0,0,0,0,0,0
1082,4010,80,0,61412,0,"Titanische Taten",2430,2431,0,0,0,0,0,0,0,0,0,0,0,0,0,0,0,0,0,0,0,0,0,0
1083,4011,80,0,61412,0,"Hexen hexen",2432,2433,0,0,0,0,0,0,0,0,0,0,0,0,0,0,0,0,0,0,0,0,0,0
1084,4012,80,0,61412,0,"Der Argwohn des Admirals",2434,0,0,0,0,0,0,0,0,0,0,0,0,0,0,0,0,0,0,0,0,0,0,0
1085,4013,80,0,61412,0,"Kristallkabale",2435,0,0,0,0,0,0,0,0,0,0,0,0,0,0,0,0,0,0,0,0,0,0,0
1086,4014,80,0,61412,0,"Schuss ins Herz",2436,0,0,0,0,0,0,0,0,0,0,0,0,0,0,0,0,0,0,0,0,0,0,0
1087,4015,80,0,61412,0,"Gute Winde für Vylbrand",2437,2438,0,0,0,0,0,0,0,0,0,0,0,0,0,0,0,0,0,0,0,0,0,0
1088,4016,80,0,61412,0,"Auf Unheilsschwingen",2439,2440,2441,2442,2443,2444,0,0,0,0,0,0,0,0,0,0,0,0,0,0,0,0,0,0
1089,4058,80,0,61412,0,"Silberharnisch",2477,2478,0,0,0,0,0,0,0,0,0,0,0,0,0,0,0,0,0,0,0,0,0,0
1090,4059,80,0,61412,0,"Auf den Spuren eines Drachen",2479,0,0,0,0,0,0,0,0,0,0,0,0,0,0,0,0,0,0,0,0,0,0,0
1091,4060,80,0,61412,0,"Gefängnis der Trauer",2480,0,0,0,0,0,0,0,0,0,0,0,0,0,0,0,0,0,0,0,0,0,0,0
1092,4061,80,0,61412,0,"Flügelschlag in die Freiheit",2481,0,0,0,0,0,0,0,0,0,0,0,0,0,0,0,0,0,0,0,0,0,0,0
1093,4062,80,0,61412,0,"Goldene Flammen",2482,2483,0,0,0,0,0,0,0,0,0,0,0,0,0,0,0,0,0,0,0,0,0,0
1094,4063,80,0,61412,0,"Blutzoll",2484,2485,2486,2487,0,0,0,0,0,0,0,0,0,0,0,0,0,0,0,0,0,0,0,0
1095,4064,80,0,61412,0,"Im Namen Eorzeas",2488,0,0,0,0,0,0,0,0,0,0,0,0,0,0,0,0,0,0,0,0,0,0,0
1096,4065,80,0,61412,0,"Die Lehren des Scheiterns",2489,0,0,0,0,0,0,0,0,0,0,0,0,0,0,0,0,0,0,0,0,0,0,0
1097,4066,80,0,61412,0,"Kampf im Morgengrauen",2490,2491,2529,2492,2545,2552,2493,2494,2495,0,0,0,0,0,0,0,0,0,0,0,0,0,0,0
1098,4357,80,0,61412,0,"Aufbruch zu neuen Horizonten",2593,2594,2595,0,0,0,0,0,0,0,0,0,0,0,0,0,0,0,0,0,0,0,0,0
1099,4358,80,0,61412,0,"Lustwandeln in Alt-Sharlayan",2596,0,0,0,0,0,0,0,0,0,0,0,0,0,0,0,0,0,0,0,0,0,0,0
1100,4359,80,0,61412,0,"Im Land der Bücherwürmer",0,0,0,0,0,0,0,0,0,0,0,0,0,0,0,0,0,0,0,0,0,0,0,0
1101,4360,80,0,61412,0,"Die letzte Bastion guten Geschmacks",2597,0,0,0,0,0,0,0,0,0,0,0,0,0,0,0,0,0,0,0,0,0,0,0
1102,4361,80,0,61412,0,"Hort des Wissens",2598,0,0,0,0,0,0,0,0,0,0,0,0,0,0,0,0,0,0,0,0,0,0,0
1103,4362,80,0,61412,0,"Der Klauber",0,0,0,0,0,0,0,0,0,0,0,0,0,0,0,0,0,0,0,0,0,0,0,0
1104,4363,80,0,61412,0,"Von Sackgassen und Umwegen",2599,0,0,0,0,0,0,0,0,0,0,0,0,0,0,0,0,0,0,0,0,0,0,0
1105,4364,80,0,61412,0,"Trickreich durchs Labyrinthos",2600,0,0,0,0,0,0,0,0,0,0,0,0,0,0,0,0,0,0,0,0,0,0,0
1106,4365,80,0,61412,0,"Sei kein Frosch!",2601,0,0,0,0,0,0,0,0,0,0,0,0,0,0,0,0,0,0,0,0,0,0,0
1107,4366,80,0,61412,0,"Guter Rat ist teuer",2602,2603,0,0,0,0,0,0,0,0,0,0,0,0,0,0,0,0,0,0,0,0,0,0
1108,4367,80,0,61412,0,"Eine Heimkehr",2604,0,0,0,0,0,0,0,0,0,0,0,0,0,0,0,0,0,0,0,0,0,0,0
1109,4368,80,0,61412,0,"Experimentelle Exkursion",2605,2606,0,0,0,0,0,0,0,0,0,0,0,0,0,0,0,0,0,0,0,0,0,0
1110,4369,80,0,61412,0,"Yedlihmad",0,0,0,0,0,0,0,0,0,0,0,0,0,0,0,0,0,0,0,0,0,0,0,0
1111,4370,80,0,61412,0,"Ein Fischkrämer und sein Geselle",0,0,0,0,0,0,0,0,0,0,0,0,0,0,0,0,0,0,0,0,0,0,0,0
1112,4371,80,0,61412,0,"Die Fischer und ihre Legenden",0,0,0,0,0,0,0,0,0,0,0,0,0,0,0,0,0,0,0,0,0,0,0,0
1113,4372,80,0,61412,0,"Alchemistische Kapriolen",2607,0,0,0,0,0,0,0,0,0,0,0,0,0,0,0,0,0,0,0,0,0,0,0
1114,4373,80,0,61412,0,"Kadjayas Bühne",2608,0,0,0,0,0,0,0,0,0,0,0,0,0,0,0,0,0,0,0,0,0,0,0
1115,4374,80,0,61412,0,"Ein Hamsa ist (k)ein Dodo",0,0,0,0,0,0,0,0,0,0,0,0,0,0,0,0,0,0,0,0,0,0,0,0
1116,4375,80,0,61412,0,"Der letzte Test",2609,2610,2611,2612,2613,0,0,0,0,0,0,0,0,0,0,0,0,0,0,0,0,0,0,0
1117,4376,80,0,61412,0,"Der Magistrat von Radz-at-Han",2614,2615,0,0,0,0,0,0,0,0,0,0,0,0,0,0,0,0,0,0,0,0,0,0
1118,4377,81,0,61412,0,"Sturm auf den Turm",2616,2617,2618,0,0,0,0,0,0,0,0,0,0,0,0,0,0,0,0,0,0,0,0,0
1119,4378,81,0,61412,0,"Spaziergang durch das Juwel von Thavnair",2619,0,0,0,0,0,0,0,0,0,0,0,0,0,0,0,0,0,0,0,0,0,0,0
1120,4379,81,0,61412,0,"Hoffnung im Gepäck",2620,2621,2622,0,0,0,0,0,0,0,0,0,0,0,0,0,0,0,0,0,0,0,0,0
1121,4380,82,0,61412,0,"Zurück auf die Schulbank",2623,0,0,0,0,0,0,0,0,0,0,0,0,0,0,0,0,0,0,0,0,0,0,0
1122,4381,82,0,61412,0,"Große Vorhaben",0,0,0,0,0,0,0,0,0,0,0,0,0,0,0,0,0,0,0,0,0,0,0,0
1123,4382,82,0,61412,0,"Die Besten der Besten",2624,0,0,0,0,0,0,0,0,0,0,0,0,0,0,0,0,0,0,0,0,0,0,0
1124,4383,82,0,61412,0,"Ein frostiger Empfang",2625,2794,2804,2626,2627,2628,0,0,0,0,0,0,0,0,0,0,0,0,0,0,0,0,0,0
1125,4384,82,0,61412,0,"Das Mädchen in Grün",0,0,0,0,0,0,0,0,0,0,0,0,0,0,0,0,0,0,0,0,0,0,0,0
1126,4385,82,0,61412,0,"Die Erdseimzapfer",0,0,0,0,0,0,0,0,0,0,0,0,0,0,0,0,0,0,0,0,0,0,0,0
1127,4386,82,0,61412,0,"Wohin die Spur schließlich führt",2629,0,0,0,0,0,0,0,0,0,0,0,0,0,0,0,0,0,0,0,0,0,0,0
1128,4387,82,0,61412,0,"Ein Weg nach vorn",2630,0,0,0,0,0,0,0,0,0,0,0,0,0,0,0,0,0,0,0,0,0,0,0
1129,4388,82,0,61412,0,"Der letzte Widerstand",2631,0,0,0,0,0,0,0,0,0,0,0,0,0,0,0,0,0,0,0,0,0,0,0
1130,4389,82,0,61412,0,"Das Schicksal der Kameraden",0,0,0,0,0,0,0,0,0,0,0,0,0,0,0,0,0,0,0,0,0,0,0,0
1131,4390,83,0,61412,0,"Im Park der Erinnerungen",0,0,0,0,0,0,0,0,0,0,0,0,0,0,0,0,0,0,0,0,0,0,0,0
1132,4391,83,0,61412,0,"Eine Änderung der Pläne",2632,0,0,0,0,0,0,0,0,0,0,0,0,0,0,0,0,0,0,0,0,0,0,0
1133,4392,83,0,61412,0,"Alea iacta est",2633,0,0,0,0,0,0,0,0,0,0,0,0,0,0,0,0,0,0,0,0,0,0,0
1134,4393,83,0,61412,0,"Der Weg zur Versöhnung",0,0,0,0,0,0,0,0,0,0,0,0,0,0,0,0,0,0,0,0,0,0,0,0
1135,4394,83,0,61412,0,"In fremder Haut",2634,2635,2636,2637,0,0,0,0,0,0,0,0,0,0,0,0,0,0,0,0,0,0,0,0
1136,4395,83,0,61412,0,"Der Turm von Babil",2638,0,0,0,0,0,0,0,0,0,0,0,0,0,0,0,0,0,0,0,0,0,0,0
1137,4396,83,0,61412,0,"Der Wächter",2639,2640,0,0,0,0,0,0,0,0,0,0,0,0,0,0,0,0,0,0,0,0,0,0
1138,4397,83,0,61412,0,"Klagen aus der Ver<hex:02160103>gangen<hex:02160103>heit",2641,0,0,0,0,0,0,0,0,0,0,0,0,0,0,0,0,0,0,0,0,0,0,0
1139,4398,83,0,61412,0,"Auf dem Grund des Mondes",2642,2643,2756,2757,2644,2645,0,0,0,0,0,0,0,0,0,0,0,0,0,0,0,0,0,0
1140,4399,84,0,61412,0,"Es war einmal ein blauer Planet ...",2646,0,0,0,0,0,0,0,0,0,0,0,0,0,0,0,0,0,0,0,0,0,0,0
1141,4400,84,0,61412,0,"Hydaelyns bester Freund",2647,0,0,0,0,0,0,0,0,0,0,0,0,0,0,0,0,0,0,0,0,0,0,0
1142,4401,84,0,61412,0,"Begegnung der dritten Art",2648,0,0,0,0,0,0,0,0,0,0,0,0,0,0,0,0,0,0,0,0,0,0,0
1143,4402,84,0,61412,0,"Karotten, Möhren und andere Rüben",0,0,0,0,0,0,0,0,0,0,0,0,0,0,0,0,0,0,0,0,0,0,0,0
1144,4403,84,0,61412,0,"Lunare Mode",2649,0,0,0,0,0,0,0,0,0,0,0,0,0,0,0,0,0,0,0,0,0,0,0
1145,4404,84,0,61412,0,"Der schönste Wald",0,0,0,0,0,0,0,0,0,0,0,0,0,0,0,0,0,0,0,0,0,0,0,0
1146,4405,84,0,61412,0,"Urianger",2650,0,0,0,0,0,0,0,0,0,0,0,0,0,0,0,0,0,0,0,0,0,0,0
1147,4406,84,0,61412,0,"Ein symbolträchtiges Geschenk",0,0,0,0,0,0,0,0,0,0,0,0,0,0,0,0,0,0,0,0,0,0,0,0
1148,4407,84,0,61412,0,"Growingway und die vierzig Loporrit",2651,0,0,0,0,0,0,0,0,0,0,0,0,0,0,0,0,0,0,0,0,0,0,0
1149,4408,84,0,61412,0,"Namen sind mehr als Worte",2652,2653,2654,2655,0,0,0,0,0,0,0,0,0,0,0,0,0,0,0,0,0,0,0,0
1150,4409,85,0,61412,0,"Blut und Asche",2656,2657,0,0,0,0,0,0,0,0,0,0,0,0,0,0,0,0,0,0,0,0,0,0
1151,4410,85,0,61412,0,"Des Schreckens zitternde Zeugen",0,0,0,0,0,0,0,0,0,0,0,0,0,0,0,0,0,0,0,0,0,0,0,0
1152,4411,85,0,61412,0,"Zäh ist der Zwirn",0,0,0,0,0,0,0,0,0,0,0,0,0,0,0,0,0,0,0,0,0,0,0,0
1153,4412,85,0,61412,0,"Wo alles Wort versagt",2658,0,0,0,0,0,0,0,0,0,0,0,0,0,0,0,0,0,0,0,0,0,0,0
1154,4413,85,0,61412,0,"Die Stätten alter Götter",2659,0,0,0,0,0,0,0,0,0,0,0,0,0,0,0,0,0,0,0,0,0,0,0
1155,4414,85,0,61412,0,"Todes schwarzer Schlund",2660,0,0,0,0,0,0,0,0,0,0,0,0,0,0,0,0,0,0,0,0,0,0,0
1156,4415,85,0,61412,0,"Die Tränen alter Götter",2661,2662,0,0,0,0,0,0,0,0,0,0,0,0,0,0,0,0,0,0,0,0,0,0
1157,4416,85,0,61412,0,"Warm ist die Seele Thavnairs",0,0,0,0,0,0,0,0,0,0,0,0,0,0,0,0,0,0,0,0,0,0,0,0
1158,4417,85,0,61412,0,"Unter schützenden Schwingen",2663,0,0,0,0,0,0,0,0,0,0,0,0,0,0,0,0,0,0,0,0,0,0,0
1159,4418,85,0,61412,0,"Blasphemische Bestien",2664,0,0,0,0,0,0,0,0,0,0,0,0,0,0,0,0,0,0,0,0,0,0,0
1160,4419,86,0,61412,0,"Alte Bekannte",0,0,0,0,0,0,0,0,0,0,0,0,0,0,0,0,0,0,0,0,0,0,0,0
1161,4420,86,0,61412,0,"Ankunft in Elpis",2665,2666,2667,2668,0,0,0,0,0,0,0,0,0,0,0,0,0,0,0,0,0,0,0,0
1162,4421,86,0,61412,0,"Ätherisch gekleidet",0,0,0,0,0,0,0,0,0,0,0,0,0,0,0,0,0,0,0,0,0,0,0,0
1163,4422,86,0,61412,0,"Ambystoma ausgebüxt!",2669,0,0,0,0,0,0,0,0,0,0,0,0,0,0,0,0,0,0,0,0,0,0,0
1164,4423,86,0,61412,0,"Fragestunde in Philomythes Notos",2670,0,0,0,0,0,0,0,0,0,0,0,0,0,0,0,0,0,0,0,0,0,0,0
1165,4424,86,0,61412,0,"Die Kraft der Emotionen",2671,0,0,0,0,0,0,0,0,0,0,0,0,0,0,0,0,0,0,0,0,0,0,0
1166,4425,86,0,61412,0,"Bitte, Emet-Selch!",2672,0,0,0,0,0,0,0,0,0,0,0,0,0,0,0,0,0,0,0,0,0,0,0
1167,4426,86,0,61412,0,"Ein Recht auf Leben",0,0,0,0,0,0,0,0,0,0,0,0,0,0,0,0,0,0,0,0,0,0,0,0
1168,4427,86,0,61412,0,"Geschenkte Trauer",2673,0,0,0,0,0,0,0,0,0,0,0,0,0,0,0,0,0,0,0,0,0,0,0
1169,4428,86,0,61412,0,"Zurück in den Äther",2674,0,0,0,0,0,0,0,0,0,0,0,0,0,0,0,0,0,0,0,0,0,0,0
1170,4429,87,0,61412,0,"Durchschaut",2675,0,0,0,0,0,0,0,0,0,0,0,0,0,0,0,0,0,0,0,0,0,0,0
1171,4430,87,0,61412,0,"Ermittlungsarbeit",2676,0,0,0,0,0,0,0,0,0,0,0,0,0,0,0,0,0,0,0,0,0,0,0
1172,4431,87,0,61412,0,"Die Augenzeugin",2677,0,0,0,0,0,0,0,0,0,0,0,0,0,0,0,0,0,0,0,0,0,0,0
1173,4432,87,0,61412,0,"Es reimt sich auf Gebell",2678,0,0,0,0,0,0,0,0,0,0,0,0,0,0,0,0,0,0,0,0,0,0,0
1174,4433,87,0,61412,0,"Erinnerungen im Äther",2679,0,0,0,0,0,0,0,0,0,0,0,0,0,0,0,0,0,0,0,0,0,0,0
1175,4434,87,0,61412,0,"Beileibe kein Ziergarten",0,0,0,0,0,0,0,0,0,0,0,0,0,0,0,0,0,0,0,0,0,0,0,0
1176,4435,87,0,61412,0,"Notsignale aus dem All",2680,0,0,0,0,0,0,0,0,0,0,0,0,0,0,0,0,0,0,0,0,0,0,0
1177,4436,87,0,61412,0,"Der entflogene Vogel",2681,0,0,0,0,0,0,0,0,0,0,0,0,0,0,0,0,0,0,0,0,0,0,0
1178,4437,87,0,61412,0,"Alarm im Hyperboreia",2682,2683,0,0,0,0,0,0,0,0,0,0,0,0,0,0,0,0,0,0,0,0,0,0
1179,4438,87,0,61412,0,"Zurück in die Gegenwart",2684,2685,2686,0,0,0,0,0,0,0,0,0,0,0,0,0,0,0,0,0,0,0,0,0
1180,4439,88,0,61412,0,"Rote Himmel, roter Schnee",2687,2688,2689,2690,0,0,0,0,0,0,0,0,0,0,0,0,0,0,0,0,0,0,0,0
1181,4440,88,0,61412,0,"Ver<hex:02160103>hand<hex:02160103>lungen für die Zukunft",2691,2692,0,0,0,0,0,0,0,0,0,0,0,0,0,0,0,0,0,0,0,0,0,0
1182,4441,88,0,61412,0,"Rettungspläne unter Tage",2693,2694,2695,2696,2697,0,0,0,0,0,0,0,0,0,0,0,0,0,0,0,0,0,0,0
1183,4442,88,0,61412,0,"Die Sorgen der Forscher",0,0,0,0,0,0,0,0,0,0,0,0,0,0,0,0,0,0,0,0,0,0,0,0
1184,4443,88,0,61412,0,"Wundersame Dingsapparate",0,0,0,0,0,0,0,0,0,0,0,0,0,0,0,0,0,0,0,0,0,0,0,0
1185,4444,88,0,61412,0,"Die Früchte der Forschung",0,0,0,0,0,0,0,0,0,0,0,0,0,0,0,0,0,0,0,0,0,0,0,0
1186,4445,88,0,61412,0,"Mit Rat, Tat und langen Löffeln",2698,0,0,0,0,0,0,0,0,0,0,0,0,0,0,0,0,0,0,0,0,0,0,0
1187,4446,88,0,61412,0,"Alte Kamellen",0,0,0,0,0,0,0,0,0,0,0,0,0,0,0,0,0,0,0,0,0,0,0,0
1188,4447,88,0,61412,0,"Brüten, Schmelzen und Sinnieren",0,0,0,0,0,0,0,0,0,0,0,0,0,0,0,0,0,0,0,0,0,0,0,0
1189,4448,88,0,61412,0,"Flotten voller Freunde",2699,2700,0,0,0,0,0,0,0,0,0,0,0,0,0,0,0,0,0,0,0,0,0,0
1190,4449,89,0,61412,0,"Der Wille des Planeten",2701,2702,2758,2759,2703,2704,0,0,0,0,0,0,0,0,0,0,0,0,0,0,0,0,0,0
1191,4450,89,0,61412,0,"Eine mutige Entscheidung",0,0,0,0,0,0,0,0,0,0,0,0,0,0,0,0,0,0,0,0,0,0,0,0
1192,4451,89,0,61412,0,"Unter Freunden",2705,2706,2707,2708,2709,0,0,0,0,0,0,0,0,0,0,0,0,0,0,0,0,0,0,0
1193,4452,89,0,61412,0,"Himmelsstürmer",2710,2711,2712,2713,2714,0,0,0,0,0,0,0,0,0,0,0,0,0,0,0,0,0,0,0
1194,4453,89,0,61412,0,"Ein uπheilvolleя Πorizont",2715,0,0,0,0,0,0,0,0,0,0,0,0,0,0,0,0,0,0,0,0,0,0,0
1195,4454,89,0,61412,0,"Gгαmεs s¢hωere Schwiηgε",0,0,0,0,0,0,0,0,0,0,0,0,0,0,0,0,0,0,0,0,0,0,0,0
1196,4455,89,0,61412,0,"Vom §tøιz der ∂rachen",2716,0,0,0,0,0,0,0,0,0,0,0,0,0,0,0,0,0,0,0,0,0,0,0
1197,4456,89,0,61412,0,"Iм Ðσmizì¦ der Щissendeл",0,0,0,0,0,0,0,0,0,0,0,0,0,0,0,0,0,0,0,0,0,0,0,0
1198,4457,89,0,61412,0,"Dэя Prεis der Uйζ†erblichkΞit",0,0,0,0,0,0,0,0,0,0,0,0,0,0,0,0,0,0,0,0,0,0,0,0
1199,4458,89,0,61412,0,"W∞hin uns die Ψαhгhε|T führt",2717,0,0,0,0,0,0,0,0,0,0,0,0,0,0,0,0,0,0,0,0,0,0,0
1200,4459,90,0,61412,0,"E¿ klicЖt und ?Δｔtert",0,0,0,0,0,0,0,0,0,0,0,0,0,0,0,0,0,0,0,0,0,0,0,0
1201,4460,90,0,61412,0,"∑↑n  Ωmιkя•π au┣ ∀Бwεge几",2718,0,0,0,0,0,0,0,0,0,0,0,0,0,0,0,0,0,0,0,0,0,0,0
1202,4461,90,0,61412,0,"Träumen Omikron von elektrischen Schafen?",2719,0,0,0,0,0,0,0,0,0,0,0,0,0,0,0,0,0,0,0,0,0,0,0
1203,4462,90,0,61412,0,"Voranschreiten",0,0,0,0,0,0,0,0,0,0,0,0,0,0,0,0,0,0,0,0,0,0,0,0
1204,4463,90,0,61412,0,"Du bist nicht allein",2720,2721,2722,2723,0,0,0,0,0,0,0,0,0,0,0,0,0,0,0,0,0,0,0,0
1205,4464,90,0,61412,0,"Endschreiter",2724,2760,2761,2725,2802,2726,2727,2728,2729,2730,2731,0,0,0,0,0,0,0,0,0,0,0,0,0
1206,4526,90,0,61412,0,"Neu entdecktes Abenteuer",2810,2811,2812,0,0,0,0,0,0,0,0,0,0,0,0,0,0,0,0,0,0,0,0,0
1207,4527,90,0,61412,0,"Ruinen, Reichtum und Rederei",2813,0,0,0,0,0,0,0,0,0,0,0,0,0,0,0,0,0,0,0,0,0,0,0
1208,4528,90,0,61412,0,"Die Gefährten",2827,2814,2828,0,0,0,0,0,0,0,0,0,0,0,0,0,0,0,0,0,0,0,0,0
1209,4529,90,0,61412,0,"Alzadaals Vermächtnis",2815,0,0,0,0,0,0,0,0,0,0,0,0,0,0,0,0,0,0,0,0,0,0,0
1210,4530,90,0,61412,0,"Des Bruders Schmerz",2816,2817,0,0,0,0,0,0,0,0,0,0,0,0,0,0,0,0,0,0,0,0,0,0
1211,4531,90,0,61412,0,"Schatz und Scherflein",2818,0,0,0,0,0,0,0,0,0,0,0,0,0,0,0,0,0,0,0,0,0,0,0
1212,4532,90,0,61412,0,"Spalt und Splitterreise",2868,2819,2869,0,0,0,0,0,0,0,0,0,0,0,0,0,0,0,0,0,0,0,0,0
1213,4533,90,0,61412,0,"Verbotene Faszination",2820,2821,0,0,0,0,0,0,0,0,0,0,0,0,0,0,0,0,0,0,0,0,0,0
1214,4534,90,0,61412,0,"Nichtstheorie, Nichtspraxis",2822,2823,0,0,0,0,0,0,0,0,0,0,0,0,0,0,0,0,0,0,0,0,0,0
1215,4535,90,0,61412,0,"Des Herrschers Pflicht",2824,2825,0,0,0,0,0,0,0,0,0,0,0,0,0,0,0,0,0,0,0,0,0,0
1216,4592,90,0,61412,0,"Auf den Spuren von Azdaja",2885,2886,2950,2951,2952,2887,0,0,0,0,0,0,0,0,0,0,0,0,0,0,0,0,0,0
1217,4593,90,0,61412,0,"Schatten über Ruinen",2888,0,0,0,0,0,0,0,0,0,0,0,0,0,0,0,0,0,0,0,0,0,0,0
1218,4594,90,0,61412,0,"Von uralten Künsten",2889,2890,2891,2892,2893,2894,0,0,0,0,0,0,0,0,0,0,0,0,0,0,0,0,0,0
1219,4595,90,0,61412,0,"Im Dunkeln ist gut Munkeln",2895,2958,0,0,0,0,0,0,0,0,0,0,0,0,0,0,0,0,0,0,0,0,0,0
1220,4596,90,0,61412,0,"In die Enge getrieben",2896,2897,0,0,0,0,0,0,0,0,0,0,0,0,0,0,0,0,0,0,0,0,0,0
1221,4597,90,0,61412,0,"Des Sturmes wildes Heulen",2898,2905,2906,2899,0,0,0,0,0,0,0,0,0,0,0,0,0,0,0,0,0,0,0,0
1222,4598,90,0,61412,0,"Rückkehr aus der Finsternis",2900,2901,0,0,0,0,0,0,0,0,0,0,0,0,0,0,0,0,0,0,0,0,0,0
1223,4599,90,0,61412,0,"Die Welt voller Licht und Leben",2902,0,0,0,0,0,0,0,0,0,0,0,0,0,0,0,0,0,0,0,0,0,0,0
1224,4600,90,0,61412,0,"Begrabene Erinnerung",2903,2904,0,0,0,0,0,0,0,0,0,0,0,0,0,0,0,0,0,0,0,0,0,0
1225,4670,90,0,61412,0,"Ruf aus dem Nichts",2967,2968,0,0,0,0,0,0,0,0,0,0,0,0,0,0,0,0,0,0,0,0,0,0
1226,4671,90,0,61412,0,"Hilfe aus der Zapferhöhle",2969,3044,2970,0,0,0,0,0,0,0,0,0,0,0,0,0,0,0,0,0,0,0,0,0
1227,4672,90,0,61412,0,"Ernste Gespräche",2971,2972,0,0,0,0,0,0,0,0,0,0,0,0,0,0,0,0,0,0,0,0,0,0
1228,4673,90,0,61412,0,"Der Wert einer Buuds",2973,2974,2975,2976,2977,0,0,0,0,0,0,0,0,0,0,0,0,0,0,0,0,0,0,0
1229,4674,90,0,61412,0,"Die Höhle von Lapis Manalis",2989,2990,2991,2978,0,0,0,0,0,0,0,0,0,0,0,0,0,0,0,0,0,0,0,0
1230,4675,90,0,61412,0,"Ver<hex:02160103>schnauf<hex:02160103>pause für Vrtra",2979,0,0,0,0,0,0,0,0,0,0,0,0,0,0,0,0,0,0,0,0,0,0,0
1231,4676,90,0,61412,0,"Dem Ungeheuer auf den Fersen",2980,2981,0,0,0,0,0,0,0,0,0,0,0,0,0,0,0,0,0,0,0,0,0,0
1232,4677,90,0,61412,0,"Feuer auf dem Felsen",2982,2992,2993,2983,2984,2985,0,0,0,0,0,0,0,0,0,0,0,0,0,0,0,0,0,0
1233,4678,90,0,61412,0,"Unerreichbares Nichts",2986,3048,0,0,0,0,0,0,0,0,0,0,0,0,0,0,0,0,0,0,0,0,0,0
1234,4735,90,0,61412,0,"Die Würze Radz-at-Hans",3049,3050,0,0,0,0,0,0,0,0,0,0,0,0,0,0,0,0,0,0,0,0,0,0
1235,4736,90,0,61412,0,"Die Pforte zur Finsternis",3051,3052,3053,0,0,0,0,0,0,0,0,0,0,0,0,0,0,0,0,0,0,0,0,0
1236,4737,90,0,61412,0,"Ätherdiplomatie",0,0,0,0,0,0,0,0,0,0,0,0,0,0,0,0,0,0,0,0,0,0,0,0
1237,4738,90,0,61412,0,"Garlemalds Gram",3054,0,0,0,0,0,0,0,0,0,0,0,0,0,0,0,0,0,0,0,0,0,0,0
1238,4739,90,0,61412,0,"Handel mit Hoffnung",3055,3056,3057,3058,0,0,0,0,0,0,0,0,0,0,0,0,0,0,0,0,0,0,0,0
1239,4740,90,0,61412,0,"Des Mondes Schwerter",3059,3060,3061,3062,0,0,0,0,0,0,0,0,0,0,0,0,0,0,0,0,0,0,0,0
1240,4741,90,0,61412,0,"So rot wie Blut",3063,3064,3065,3066,3067,0,0,0,0,0,0,0,0,0,0,0,0,0,0,0,0,0,0,0
1241,4742,90,0,61412,0,"So schwarz wie das Nichts",3068,3069,3070,3137,3138,3071,0,0,0,0,0,0,0,0,0,0,0,0,0,0,0,0,0,0
1242,4743,90,0,61412,0,"Auf dunklem Thron",3072,3073,0,0,0,0,0,0,0,0,0,0,0,0,0,0,0,0,0,0,0,0,0,0
1243,4744,90,0,61412,0,"Das Licht im Dunkel",3158,3159,0,0,0,0,0,0,0,0,0,0,0,0,0,0,0,0,0,0,0,0,0,0
1244,4745,90,0,61412,0,"Strapazen des Heldentums",3160,0,0,0,0,0,0,0,0,0,0,0,0,0,0,0,0,0,0,0,0,0,0,0
1245,4746,90,0,61412,0,"Dem Schicksal entgegen",3161,3162,3163,0,0,0,0,0,0,0,0,0,0,0,0,0,0,0,0,0,0,0,0,0
1246,4747,90,0,61412,0,"Interdimensionale Hoffnung",3164,3165,3166,3167,0,0,0,0,0,0,0,0,0,0,0,0,0,0,0,0,0,0,0,0
1247,4748,90,0,61412,0,"Der Held des Nichts",3219,3220,3221,3168,3169,3170,3195,3196,3171,3172,3173,0,0,0,0,0,0,0,0,0,0,0,0,0
1248,4749,90,0,61412,0,"Rückkehr vom Mond",3174,3175,0,0,0,0,0,0,0,0,0,0,0,0,0,0,0,0,0,0,0,0,0,0
1249,4750,90,0,61412,0,"Ein strahlender Neuanfang",3176,3177,3178,3179,0,0,0,0,0,0,0,0,0,0,0,0,0,0,0,0,0,0,0,0
1250,4751,90,0,61412,0,"Ein unerwartetes Abenteuer",3180,0,0,0,0,0,0,0,0,0,0,0,0,0,0,0,0,0,0,0,0,0,0,0
1251,4752,90,0,61412,0,"Die Jagd ist eröffnet",3181,3182,3183,3184,0,0,0,0,0,0,0,0,0,0,0,0,0,0,0,0,0,0,0,0
1252,4753,90,0,61412,0,"Der Dämmerung entgegen",3185,3186,3187,3188,3189,0,0,0,0,0,0,0,0,0,0,0,0,0,0,0,0,0,0,0
1253,4860,90,0,61412,0,"Unbegrenzte Möglichkeiten",3265,3266,3267,3268,3269,0,0,0,0,0,0,0,0,0,0,0,0,0,0,0,0,0,0,0
1254,4861,90,0,61412,0,"Die Vereinte Nation von Tuliyollal",0,0,0,0,0,0,0,0,0,0,0,0,0,0,0,0,0,0,0,0,0,0,0,0
1255,4862,90,0,61412,0,"Spaziergang durch die Hauptstadt",0,0,0,0,0,0,0,0,0,0,0,0,0,0,0,0,0,0,0,0,0,0,0,0
1256,4863,90,0,61412,0,"Der Pfad des Dämmerkönigs",3270,0,0,0,0,0,0,0,0,0,0,0,0,0,0,0,0,0,0,0,0,0,0,0
1257,4864,90,0,61412,0,"Der Ritus der Thronfolge",3271,3272,3273,0,0,0,0,0,0,0,0,0,0,0,0,0,0,0,0,0,0,0,0,0
1258,4865,90,0,61412,0,"Kozama'uka",3274,0,0,0,0,0,0,0,0,0,0,0,0,0,0,0,0,0,0,0,0,0,0,0
1259,4866,90,0,61412,0,"Willkommen in Ok'hanu!",3275,0,0,0,0,0,0,0,0,0,0,0,0,0,0,0,0,0,0,0,0,0,0,0
1260,4867,90,0,61412,0,"Die Prüfung des Schilfes",0,0,0,0,0,0,0,0,0,0,0,0,0,0,0,0,0,0,0,0,0,0,0,0
1261,4868,90,0,61412,0,"Wuk Evu, der Schiffsbauer",3276,0,0,0,0,0,0,0,0,0,0,0,0,0,0,0,0,0,0,0,0,0,0,0
1262,4869,90,0,61412,0,"Das Ihih'hana-Fest",3277,0,0,0,0,0,0,0,0,0,0,0,0,0,0,0,0,0,0,0,0,0,0,0
1263,4870,90,0,61412,0,"Gefiederte Freunde",3278,3279,0,0,0,0,0,0,0,0,0,0,0,0,0,0,0,0,0,0,0,0,0,0
1264,4871,90,0,61412,0,"Urqopacha",3280,0,0,0,0,0,0,0,0,0,0,0,0,0,0,0,0,0,0,0,0,0,0,0
1265,4872,90,0,61412,0,"Willkommen in Wachunpelo!",3281,0,0,0,0,0,0,0,0,0,0,0,0,0,0,0,0,0,0,0,0,0,0,0
1266,4873,90,0,61412,0,"Die Prüfung des Goldes",0,0,0,0,0,0,0,0,0,0,0,0,0,0,0,0,0,0,0,0,0,0,0,0
1267,4874,90,0,61412,0,"Mablus Traum",0,0,0,0,0,0,0,0,0,0,0,0,0,0,0,0,0,0,0,0,0,0,0,0
1268,4875,90,0,61412,0,"Gut gehandelt ist halb gewonnen",0,0,0,0,0,0,0,0,0,0,0,0,0,0,0,0,0,0,0,0,0,0,0,0
1269,4876,90,0,61412,0,"Auf Alpakajagd",3282,3283,0,0,0,0,0,0,0,0,0,0,0,0,0,0,0,0,0,0,0,0,0,0
1270,4877,90,0,61412,0,"Maskierte Freunde",3284,0,0,0,0,0,0,0,0,0,0,0,0,0,0,0,0,0,0,0,0,0,0,0
1271,4878,91,0,61412,0,"Das wahre Selbst",0,0,0,0,0,0,0,0,0,0,0,0,0,0,0,0,0,0,0,0,0,0,0,0
1272,4879,91,0,61412,0,"Mit neuer Ent<hex:02160103>schlos<hex:02160103>sen<hex:02160103>heit",3285,3286,3287,3288,3289,0,0,0,0,0,0,0,0,0,0,0,0,0,0,0,0,0,0,0
1273,4880,92,0,61412,0,"Gut getopft ist halb gewonnen",0,0,0,0,0,0,0,0,0,0,0,0,0,0,0,0,0,0,0,0,0,0,0,0
1274,4881,92,0,61412,0,"Vertopft und zugenäht",3290,0,0,0,0,0,0,0,0,0,0,0,0,0,0,0,0,0,0,0,0,0,0,0
1275,4882,92,0,61412,0,"Ein Deckel für jeden Topf",3291,0,0,0,0,0,0,0,0,0,0,0,0,0,0,0,0,0,0,0,0,0,0,0
1276,4883,92,0,61412,0,"Des Vaters viele Sorgen",3292,3293,0,0,0,0,0,0,0,0,0,0,0,0,0,0,0,0,0,0,0,0,0,0
1277,4884,92,0,61412,0,"Mit Herzlachen",3294,3295,0,0,0,0,0,0,0,0,0,0,0,0,0,0,0,0,0,0,0,0,0,0
1278,4885,92,0,61412,0,"Plötzlich keine Prinzessin",0,0,0,0,0,0,0,0,0,0,0,0,0,0,0,0,0,0,0,0,0,0,0,0
1279,4886,92,0,61412,0,"Bruderpflichten",3296,0,0,0,0,0,0,0,0,0,0,0,0,0,0,0,0,0,0,0,0,0,0,0
1280,4887,92,0,61412,0,"Aufs Punutiy gekommen",0,0,0,0,0,0,0,0,0,0,0,0,0,0,0,0,0,0,0,0,0,0,0,0
1281,4888,92,0,61412,0,"Royale Rettungsaktion",3297,3298,0,0,0,0,0,0,0,0,0,0,0,0,0,0,0,0,0,0,0,0,0,0
1282,4889,93,0,61412,0,"So alt wie die Berge",3299,0,0,0,0,0,0,0,0,0,0,0,0,0,0,0,0,0,0,0,0,0,0,0
1283,4890,93,0,61412,0,"In Stein gemeißelt",0,0,0,0,0,0,0,0,0,0,0,0,0,0,0,0,0,0,0,0,0,0,0,0
1284,4891,93,0,61412,0,"Des Berges steile Pfade",3300,3449,3450,3451,3301,0,0,0,0,0,0,0,0,0,0,0,0,0,0,0,0,0,0,0
1285,4892,93,0,61412,0,"Echo des Schreckens",3302,0,0,0,0,0,0,0,0,0,0,0,0,0,0,0,0,0,0,0,0,0,0,0
1286,4893,93,0,61412,0,"Das Helferlein zur Hand",0,0,0,0,0,0,0,0,0,0,0,0,0,0,0,0,0,0,0,0,0,0,0,0
1287,4894,93,0,61412,0,"Feder um Feder, Zahn um Zahn",3303,3470,3471,3304,0,0,0,0,0,0,0,0,0,0,0,0,0,0,0,0,0,0,0,0
1288,4895,93,0,61412,0,"Die Prüfung des Siegels",3305,0,0,0,0,0,0,0,0,0,0,0,0,0,0,0,0,0,0,0,0,0,0,0
1289,4896,93,0,61412,0,"Die vielen Gesichter des Friedens",3306,3307,3518,0,0,0,0,0,0,0,0,0,0,0,0,0,0,0,0,0,0,0,0,0
1290,4897,94,0,61412,0,"Die Ballonfahrt, die ist luftig",3308,0,0,0,0,0,0,0,0,0,0,0,0,0,0,0,0,0,0,0,0,0,0,0
1291,4898,94,0,61412,0,"Im Licht der Bäume",3309,0,0,0,0,0,0,0,0,0,0,0,0,0,0,0,0,0,0,0,0,0,0,0
1292,4899,94,0,61412,0,"Von Zank und Zwist",3310,0,0,0,0,0,0,0,0,0,0,0,0,0,0,0,0,0,0,0,0,0,0,0
1293,4900,94,0,61412,0,"Verständnis geht durch den Magen",3311,0,0,0,0,0,0,0,0,0,0,0,0,0,0,0,0,0,0,0,0,0,0,0
1294,4901,94,0,61412,0,"Vaterliebe",0,0,0,0,0,0,0,0,0,0,0,0,0,0,0,0,0,0,0,0,0,0,0,0
1295,4902,94,0,61412,0,"Mit scharfer Axt und leichtem Lächeln",3312,3313,3314,0,0,0,0,0,0,0,0,0,0,0,0,0,0,0,0,0,0,0,0,0
1296,4903,94,0,61412,0,"Blau blüht der Wald",0,0,0,0,0,0,0,0,0,0,0,0,0,0,0,0,0,0,0,0,0,0,0,0
1297,4904,94,0,61412,0,"Im Schatten der Bäume",3315,0,0,0,0,0,0,0,0,0,0,0,0,0,0,0,0,0,0,0,0,0,0,0
1298,4905,94,0,61412,0,"Die Lehren des Zwillingsblutes",3316,0,0,0,0,0,0,0,0,0,0,0,0,0,0,0,0,0,0,0,0,0,0,0
1299,4906,94,0,61412,0,"Die zarten Bande des Vertrauens",3317,0,0,0,0,0,0,0,0,0,0,0,0,0,0,0,0,0,0,0,0,0,0,0
1300,4907,95,0,61412,0,"Die schwere Last der Sorge",0,0,0,0,0,0,0,0,0,0,0,0,0,0,0,0,0,0,0,0,0,0,0,0
1301,4908,95,0,61412,0,"Von Schuld und Sühne",3318,3319,3320,0,0,0,0,0,0,0,0,0,0,0,0,0,0,0,0,0,0,0,0,0
1302,4909,95,0,61412,0,"Der Stadt aus Gold entgegen",3321,0,0,0,0,0,0,0,0,0,0,0,0,0,0,0,0,0,0,0,0,0,0,0
1303,4910,95,0,61412,0,"Die Erben der Dämmerung",3322,3323,3324,0,0,0,0,0,0,0,0,0,0,0,0,0,0,0,0,0,0,0,0,0
1304,4911,95,0,61412,0,"Im Licht eines neuen Morgens",3325,3326,0,0,0,0,0,0,0,0,0,0,0,0,0,0,0,0,0,0,0,0,0,0
1305,4912,95,0,61412,0,"Aufbruch nach Xak Tural",3327,3328,3329,0,0,0,0,0,0,0,0,0,0,0,0,0,0,0,0,0,0,0,0,0
1306,4913,95,0,61412,0,"Auf dem Rrücken der Rroneek",3330,0,0,0,0,0,0,0,0,0,0,0,0,0,0,0,0,0,0,0,0,0,0,0
1307,4914,95,0,61412,0,"Gerüchte und Gerüche",0,0,0,0,0,0,0,0,0,0,0,0,0,0,0,0,0,0,0,0,0,0,0,0
1308,4915,95,0,61412,0,"Jetzt, Yeheheceyaa!",3331,0,0,0,0,0,0,0,0,0,0,0,0,0,0,0,0,0,0,0,0,0,0,0
1309,4916,95,0,61412,0,"Der Weg der Wildnis",3332,0,0,0,0,0,0,0,0,0,0,0,0,0,0,0,0,0,0,0,0,0,0,0
1310,4917,95,0,61412,0,"Sonderzug nach Yyasulani",3333,0,0,0,0,0,0,0,0,0,0,0,0,0,0,0,0,0,0,0,0,0,0,0
1311,4918,96,0,61412,0,"Von den Hhetso geleitet",0,0,0,0,0,0,0,0,0,0,0,0,0,0,0,0,0,0,0,0,0,0,0,0
1312,4919,96,0,61412,0,"Es geschah an jenem Tag ...",3334,3335,3336,0,0,0,0,0,0,0,0,0,0,0,0,0,0,0,0,0,0,0,0,0
1313,4920,96,0,61412,0,"Blutige Tränen",3337,3338,0,0,0,0,0,0,0,0,0,0,0,0,0,0,0,0,0,0,0,0,0,0
1314,4921,96,0,61412,0,"Freunde fürs Leben",3339,3340,3341,0,0,0,0,0,0,0,0,0,0,0,0,0,0,0,0,0,0,0,0,0
1315,4922,96,0,61412,0,"Mut braucht das Land",3342,0,0,0,0,0,0,0,0,0,0,0,0,0,0,0,0,0,0,0,0,0,0,0
1316,4923,96,0,61412,0,"Von Bomben und Bahnen",3343,0,0,0,0,0,0,0,0,0,0,0,0,0,0,0,0,0,0,0,0,0,0,0
1317,4924,96,0,61412,0,"Aller Gleise Anfang ist schwer",0,0,0,0,0,0,0,0,0,0,0,0,0,0,0,0,0,0,0,0,0,0,0,0
1318,4925,96,0,61412,0,"Tüfteln für Tuliyollal",3344,0,0,0,0,0,0,0,0,0,0,0,0,0,0,0,0,0,0,0,0,0,0,0
1319,4926,97,0,61412,0,"Dämmerbruch",3345,3346,3347,0,0,0,0,0,0,0,0,0,0,0,0,0,0,0,0,0,0,0,0,0
1320,4927,97,0,61412,0,"Gewitter ohne Himmel",3348,0,0,0,0,0,0,0,0,0,0,0,0,0,0,0,0,0,0,0,0,0,0,0
1321,4928,97,0,61412,0,"Krone der Weisheit, Sphene",3349,0,0,0,0,0,0,0,0,0,0,0,0,0,0,0,0,0,0,0,0,0,0,0
1322,4929,97,0,61412,0,"Königin des Volkes, Königin des Reiches",0,0,0,0,0,0,0,0,0,0,0,0,0,0,0,0,0,0,0,0,0,0,0,0
1323,4930,97,0,61412,0,"Vertraue (dich) den Wolken (an)",3350,3351,0,0,0,0,0,0,0,0,0,0,0,0,0,0,0,0,0,0,0,0,0,0
1324,4931,97,0,61412,0,"Die Kraft der Seelen",3352,3353,0,0,0,0,0,0,0,0,0,0,0,0,0,0,0,0,0,0,0,0,0,0
1325,4932,97,0,61412,0,"Die Freiheit des Vergessens",3354,3355,0,0,0,0,0,0,0,0,0,0,0,0,0,0,0,0,0,0,0,0,0,0
1326,4933,97,0,61412,0,"Lösung Neun",3356,3357,0,0,0,0,0,0,0,0,0,0,0,0,0,0,0,0,0,0,0,0,0,0
1327,4934,97,0,61412,0,"Von Weisheit geführt",0,0,0,0,0,0,0,0,0,0,0,0,0,0,0,0,0,0,0,0,0,0,0,0
1328,4935,98,0,61412,0,"Mein Land, meine Familie",3358,0,0,0,0,0,0,0,0,0,0,0,0,0,0,0,0,0,0,0,0,0,0,0
1329,4936,98,0,61412,0,"Blau, blau, blau sind alle meine Schuppen ...",3359,0,0,0,0,0,0,0,0,0,0,0,0,0,0,0,0,0,0,0,0,0,0,0
1330,4937,98,0,61412,0,"Energie aus der Dose",3360,3361,0,0,0,0,0,0,0,0,0,0,0,0,0,0,0,0,0,0,0,0,0,0
1331,4938,98,0,61412,0,"Auf kleinen Spuren in die große Weite",0,0,0,0,0,0,0,0,0,0,0,0,0,0,0,0,0,0,0,0,0,0,0,0
1332,4939,98,0,61412,0,"Dort, wo der Horizont ertrank",3362,0,0,0,0,0,0,0,0,0,0,0,0,0,0,0,0,0,0,0,0,0,0,0
1333,4940,98,0,61412,0,"Ritter mit Ver<hex:02160103>gangen<hex:02160103>heit",3363,3364,0,0,0,0,0,0,0,0,0,0,0,0,0,0,0,0,0,0,0,0,0,0
1334,4941,98,0,61412,0,"Ein Entschluss für die Ewigkeit",3365,0,0,0,0,0,0,0,0,0,0,0,0,0,0,0,0,0,0,0,0,0,0,0
1335,4942,98,0,61412,0,"Schützer des Volkes, Schlächter des Volkes",3366,3367,3368,3369,3370,3505,3371,3372,0,0,0,0,0,0,0,0,0,0,0,0,0,0,0,0
1336,4943,99,0,61412,0,"Im Schmerz vereint",3373,0,0,0,0,0,0,0,0,0,0,0,0,0,0,0,0,0,0,0,0,0,0,0
1337,4944,99,0,61412,0,"Immerspitze",3374,0,0,0,0,0,0,0,0,0,0,0,0,0,0,0,0,0,0,0,0,0,0,0
1338,4945,99,0,61412,0,"Wunderkind",3375,3376,3377,3472,3473,3378,0,0,0,0,0,0,0,0,0,0,0,0,0,0,0,0,0,0
1339,4946,99,0,61412,0,"Familie vereint",3379,3380,0,0,0,0,0,0,0,0,0,0,0,0,0,0,0,0,0,0,0,0,0,0
1340,4947,99,0,61412,0,"Auf Weisheits Spuren",3381,0,0,0,0,0,0,0,0,0,0,0,0,0,0,0,0,0,0,0,0,0,0,0
1341,4948,99,0,61412,0,"Jenseits der güldenen Pforte",3382,3383,3384,3385,0,0,0,0,0,0,0,0,0,0,0,0,0,0,0,0,0,0,0,0
1342,4949,99,0,61412,0,"Erinnerungen für die Ewigkeit",3386,0,0,0,0,0,0,0,0,0,0,0,0,0,0,0,0,0,0,0,0,0,0,0
1343,4950,99,0,61412,0,"Ewige Freude und unendlicher Schmerz",3387,3388,3389,0,0,0,0,0,0,0,0,0,0,0,0,0,0,0,0,0,0,0,0,0
1344,4951,99,0,61412,0,"Geschichte zum Anfassen",3390,3391,0,0,0,0,0,0,0,0,0,0,0,0,0,0,0,0,0,0,0,0,0,0
1345,4952,99,0,61412,0,"Otis Velona von Alexandria",3392,3393,0,0,0,0,0,0,0,0,0,0,0,0,0,0,0,0,0,0,0,0,0,0
1346,4953,100,0,61412,0,"Hitziges Wieder<hex:02160103>sehen",3394,3395,0,0,0,0,0,0,0,0,0,0,0,0,0,0,0,0,0,0,0,0,0,0
1347,4954,100,0,61412,0,"Eisbrecher im Becher",3396,0,0,0,0,0,0,0,0,0,0,0,0,0,0,0,0,0,0,0,0,0,0,0
1348,4955,100,0,61412,0,"Ein Ohrring, sie zu einen",3397,3398,0,0,0,0,0,0,0,0,0,0,0,0,0,0,0,0,0,0,0,0,0,0
1349,4956,100,0,61412,0,"Neugier ist des Wissens Samen",3399,0,0,0,0,0,0,0,0,0,0,0,0,0,0,0,0,0,0,0,0,0,0,0
1350,4957,100,0,61412,0,"Um Unentdecktes zu entdecken",0,0,0,0,0,0,0,0,0,0,0,0,0,0,0,0,0,0,0,0,0,0,0,0
1351,4958,100,0,61412,0,"Erfüllung in der Endlichkeit",3400,3401,0,0,0,0,0,0,0,0,0,0,0,0,0,0,0,0,0,0,0,0,0,0
1352,4959,100,0,61412,0,"Pfad der Morgensonne",3517,3402,3474,3475,3403,3404,3408,3506,0,0,0,0,0,0,0,0,0,0,0,0,0,0,0,0
1353,5244,100,0,61412,0,"Auf Geheiß Alexandrias",3521,0,0,0,0,0,0,0,0,0,0,0,0,0,0,0,0,0,0,0,0,0,0,0
1354,5245,100,0,61412,0,"Das Leben mit dem Tod",3522,0,0,0,0,0,0,0,0,0,0,0,0,0,0,0,0,0,0,0,0,0,0,0
1355,5246,100,0,61412,0,"Die Reise des kleinen Königs",3523,3524,0,0,0,0,0,0,0,0,0,0,0,0,0,0,0,0,0,0,0,0,0,0
1356,5247,100,0,61412,0,"Unseelig",3525,0,0,0,0,0,0,0,0,0,0,0,0,0,0,0,0,0,0,0,0,0,0,0
1357,5248,100,0,61412,0,"Die Weisheit, die uns leitet",0,0,0,0,0,0,0,0,0,0,0,0,0,0,0,0,0,0,0,0,0,0,0,0
1358,5249,100,0,61412,0,"Ein Land, eine Familie",3526,3527,3528,3529,3530,0,0,0,0,0,0,0,0,0,0,0,0,0,0,0,0,0,0,0
1359,5250,100,0,61412,0,"An der Kreuzung des Schicksals",3531,3532,3533,0,0,0,0,0,0,0,0,0,0,0,0,0,0,0,0,0,0,0,0,0
1360,5299,100,0,61412,0,"Glanz der Ver<hex:02160103>gangen<hex:02160103>heit",3574,3575,0,0,0,0,0,0,0,0,0,0,0,0,0,0,0,0,0,0,0,0,0,0
1361,5300,100,0,61412,0,"Erinnerungen aus längst vergangenen Zeiten",3576,3577,0,0,0,0,0,0,0,0,0,0,0,0,0,0,0,0,0,0,0,0,0,0
1362,5301,100,0,61412,0,"Symbol der Verbindung",0,0,0,0,0,0,0,0,0,0,0,0,0,0,0,0,0,0,0,0,0,0,0,0
1363,5302,100,0,61412,0,"Ein gebrochenes Juwel",3578,0,0,0,0,0,0,0,0,0,0,0,0,0,0,0,0,0,0,0,0,0,0,0
1364,5303,100,0,61412,0,"Die Zusammenkunft",3579,0,0,0,0,0,0,0,0,0,0,0,0,0,0,0,0,0,0,0,0,0,0,0
1365,5304,100,0,61412,0,"Aufbruch zum Sockel",3580,3581,3628,3629,3582,0,0,0,0,0,0,0,0,0,0,0,0,0,0,0,0,0,0,0
1366,5305,100,0,61412,0,"Alte Pfade, neue Wege",3583,3584,0,0,0,0,0,0,0,0,0,0,0,0,0,0,0,0,0,0,0,0,0,0
1367,5306,100,0,61412,0,"Auf der Suche nach Endlosigkeit",3585,3586,3587,3588,3672,3589,0,0,0,0,0,0,0,0,0,0,0,0,0,0,0,0,0,0
1368,5364,100,0,61412,0,"Endlose Dunkelheit",3673,0,0,0,0,0,0,0,0,0,0,0,0,0,0,0,0,0,0,0,0,0,0,0
1369,5365,100,0,61412,0,"Der endlose Entschluss",3674,0,0,0,0,0,0,0,0,0,0,0,0,0,0,0,0,0,0,0,0,0,0,0
1370,5366,100,0,61412,0,"Unvergessene Erinnerungen",3675,3676,0,0,0,0,0,0,0,0,0,0,0,0,0,0,0,0,0,0,0,0,0,0
1371,5367,100,0,61412,0,"Wo wir uns treffen",3677,0,0,0,0,0,0,0,0,0,0,0,0,0,0,0,0,0,0,0,0,0,0,0
1372,5368,100,0,61412,0,"Bewahrte Ewigkeit",3678,0,0,0,0,0,0,0,0,0,0,0,0,0,0,0,0,0,0,0,0,0,0,0
1373,5369,100,0,61412,0,"Evolution der Wenigen",3679,3680,3772,0,0,0,0,0,0,0,0,0,0,0,0,0,0,0,0,0,0,0,0,0
1374,5370,100,0,61412,0,"Alexandrias Vermächtnis",3681,3682,0,0,0,0,0,0,0,0,0,0,0,0,0,0,0,0,0,0,0,0,0,0
1375,5371,100,0,61412,0,"Der Tag des Versprechens",3726,3727,3728,3683,3684,3685,3720,3721,3686,3687,3688,0,0,0,0,0,0,0,0,0,0,0,0,0
1376,5372,100,0,61412,0,"Klingen der Dämmerung",3689,0,0,0,0,0,0,0,0,0,0,0,0,0,0,0,0,0,0,0,0,0,0,0
1377,5373,100,0,61412,0,"Versprechen einer neuen Zukunft",3690,3691,3692,3693,3694,3695,3696,0,0,0,0,0,0,0,0,0,0,0,0,0,0,0,0,0
1378,5426,100,0,61412,0,"Der Kompassnadel nach",3777,3778,0,0,0,0,0,0,0,0,0,0,0,0,0,0,0,0,0,0,0,0,0,0
1379,5427,100,0,61412,0,"Mit blindem Blick",3779,3780,3781,0,0,0,0,0,0,0,0,0,0,0,0,0,0,0,0,0,0,0,0,0
1380,5428,100,0,61412,0,"Der Kontinent des Nebels",3782,3783,0,0,0,0,0,0,0,0,0,0,0,0,0,0,0,0,0,0,0,0,0,0
1381,5429,100,0,61412,0,"Ein Tag in Treno",3784,0,0,0,0,0,0,0,0,0,0,0,0,0,0,0,0,0,0,0,0,0,0,0
1382,5430,100,0,61412,0,"Geschwisterliebe",3785,0,0,0,0,0,0,0,0,0,0,0,0,0,0,0,0,0,0,0,0,0,0,0
1383,5431,100,0,61412,0,"Möge der Himmel unser werden",3786,3787,0,0,0,0,0,0,0,0,0,0,0,0,0,0,0,0,0,0,0,0,0,0
1384,5432,100,0,61412,0,"Blut auf Gleisen",3788,0,0,0,0,0,0,0,0,0,0,0,0,0,0,0,0,0,0,0,0,0,0,0
1385,5433,100,0,61412,0,"Seite an Seite",3789,3800,3801,3790,3791,3792,3793,0,0,0,0,0,0,0,0,0,0,0,0,0,0,0,0,0
1386,5434,100,0,61412,0,"Nebelland hab ich gesehen",3794,3795,3796,0,0,0,0,0,0,0,0,0,0,0,0,0,0,0,0,0,0,0,0,0
1387,5470,100,0,61412,0,"Auf den Spuren des Schicksals",3909,3910,3911,3912,0,0,0,0,0,0,0,0,0,0,0,0,0,0,0,0,0,0,0,0
1388,5471,100,0,61412,0,"Benachbarte Welten",3913,3914,0,0,0,0,0,0,0,0,0,0,0,0,0,0,0,0,0,0,0,0,0,0
1389,5472,100,0,61412,0,"Ungebetener Besuch",3915,3916,3917,3918,3955,3956,3919,0,0,0,0,0,0,0,0,0,0,0,0,0,0,0,0,0
1390,5473,100,0,61412,0,"Leuchtfeuer der Hoffnung",3920,3921,3922,0,0,0,0,0,0,0,0,0,0,0,0,0,0,0,0,0,0,0,0,0
1391,5474,100,0,61412,0,"Der Weg in die Ferne",3923,3924,0,0,0,0,0,0,0,0,0,0,0,0,0,0,0,0,0,0,0,0,0,0
1392,0,0,0,0,0,"",0,0,0,0,0,0,0,0,0,0,0,0,0,0,0,0,0,0,0,0,0,0,0,0
1393,0,0,0,0,0,"",0,0,0,0,0,0,0,0,0,0,0,0,0,0,0,0,0,0,0,0,0,0,0,0
1394,0,0,0,0,0,"",0,0,0,0,0,0,0,0,0,0,0,0,0,0,0,0,0,0,0,0,0,0,0,0
1395,0,0,0,0,0,"",0,0,0,0,0,0,0,0,0,0,0,0,0,0,0,0,0,0,0,0,0,0,0,0
1396,0,0,0,0,0,"",0,0,0,0,0,0,0,0,0,0,0,0,0,0,0,0,0,0,0,0,0,0,0,0
1397,1047,50,0,61419,0,"Die Wie<hex:02160103>der<hex:02160103>auf<hex:02160103>er<hex:02160103>steh<hex:02160103>ung der Primae",0,0,0,0,0,0,0,0,0,0,0,0,0,0,0,0,0,0,0,0,0,0,0,0
1398,1048,50,0,61419,0,"Götterdämmerung - Ifrit",363,364,0,0,0,0,0,0,0,0,0,0,0,0,0,0,0,0,0,0,0,0,0,0
1399,1157,50,0,61419,0,"Götterdämmerung - Garuda",365,366,0,0,0,0,0,0,0,0,0,0,0,0,0,0,0,0,0,0,0,0,0,0
1400,1158,50,0,61419,0,"Götterdämmerung - Titan",367,368,0,0,0,0,0,0,0,0,0,0,0,0,0,0,0,0,0,0,0,0,0,0
1401,1194,50,0,61419,0,"Ein neuer Sturm zieht auf",0,0,0,0,0,0,0,0,0,0,0,0,0,0,0,0,0,0,0,0,0,0,0,0
1402,1195,50,0,61419,0,"Eine neue Bedrohung: Garuda",397,398,458,0,0,0,0,0,0,0,0,0,0,0,0,0,0,0,0,0,0,0,0,0
1403,1196,50,0,61419,0,"Eine neue Bedrohung: Titan",399,400,0,0,0,0,0,0,0,0,0,0,0,0,0,0,0,0,0,0,0,0,0,0
1404,1197,50,0,61419,0,"Eine neue Bedrohung: Ifrit",395,396,447,0,0,0,0,0,0,0,0,0,0,0,0,0,0,0,0,0,0,0,0,0
1405,1198,50,0,61419,0,"Zum Gegenschlag gerüstet",0,0,0,0,0,0,0,0,0,0,0,0,0,0,0,0,0,0,0,0,0,0,0,0
1406,1309,50,0,61921,0,"Jagd auf die Primae",0,0,0,0,0,0,0,0,0,0,0,0,0,0,0,0,0,0,0,0,0,0,0,0
1407,1412,50,0,61419,0,"Es lebe der König",514,515,0,0,0,0,0,0,0,0,0,0,0,0,0,0,0,0,0,0,0,0,0,0
1408,1413,50,0,61419,0,"Grenzen der Gottheit",526,527,0,0,0,0,0,0,0,0,0,0,0,0,0,0,0,0,0,0,0,0,0,0
1409,1530,50,0,61419,0,"Eine neue Bedrohung: Ramuh",563,564,0,0,0,0,0,0,0,0,0,0,0,0,0,0,0,0,0,0,0,0,0,0
1410,90,50,0,61419,0,"Eine neue Bedrohung: Shiva",643,644,0,0,0,0,0,0,0,0,0,0,0,0,0,0,0,0,0,0,0,0,0,0
1411,433,50,0,61419,0,"Das Geheimnis des Dunklen Reiters",735,672,0,0,0,0,0,0,0,0,0,0,0,0,0,0,0,0,0,0,0,0,0,0
1412,1159,50,0,61419,0,"Ein neuer Primae",0,0,0,0,0,0,0,0,0,0,0,0,0,0,0,0,0,0,0,0,0,0,0,0
1413,1160,50,0,61419,0,"Alisaies Suche nach Wahrheit",0,0,0,0,0,0,0,0,0,0,0,0,0,0,0,0,0,0,0,0,0,0,0,0
1414,1313,50,0,61419,0,"Der zweite Abstieg",0,0,0,0,0,0,0,0,0,0,0,0,0,0,0,0,0,0,0,0,0,0,0,0
1415,1314,50,0,61419,0,"Mut zur Wahrheit",0,0,0,0,0,0,0,0,0,0,0,0,0,0,0,0,0,0,0,0,0,0,0,0
1416,43,50,0,61419,0,"Antworten",0,0,0,0,0,0,0,0,0,0,0,0,0,0,0,0,0,0,0,0,0,0,0,0
1417,44,50,0,61419,0,"Für immer begraben",640,641,0,0,0,0,0,0,0,0,0,0,0,0,0,0,0,0,0,0,0,0,0,0
1418,1709,50,0,61419,0,"Das Erbe der Allager",459,0,0,0,0,0,0,0,0,0,0,0,0,0,0,0,0,0,0,0,0,0,0,0
1419,1200,50,0,61419,0,"Die Seele des Sandes",0,0,0,0,0,0,0,0,0,0,0,0,0,0,0,0,0,0,0,0,0,0,0,0
1420,1201,50,0,61419,0,"Legenden schreiben",444,0,0,0,0,0,0,0,0,0,0,0,0,0,0,0,0,0,0,0,0,0,0,0
1421,1202,50,0,61419,0,"Das Labyrinth der Alten",408,445,0,0,0,0,0,0,0,0,0,0,0,0,0,0,0,0,0,0,0,0,0,0
1422,1203,50,0,61419,0,"Die Erben sammeln sich",446,454,0,0,0,0,0,0,0,0,0,0,0,0,0,0,0,0,0,0,0,0,0,0
1423,1474,50,0,61419,0,"Der Syrcus-Turm",546,547,548,549,574,575,576,0,0,0,0,0,0,0,0,0,0,0,0,0,0,0,0,0
1424,494,50,0,61419,0,"Licht ins Dunkel",760,761,762,763,0,0,0,0,0,0,0,0,0,0,0,0,0,0,0,0,0,0,0,0
1425,495,50,0,61419,0,"G'raha Tias Bestimmung",764,765,0,0,0,0,0,0,0,0,0,0,0,0,0,0,0,0,0,0,0,0,0,0
1426,497,50,0,61419,0,"Besuch aus der Ver<hex:02160103>gangen<hex:02160103>heit",0,0,0,0,0,0,0,0,0,0,0,0,0,0,0,0,0,0,0,0,0,0,0,0
1427,498,50,0,61921,0,"Edelstein-Erinnerungen",0,0,0,0,0,0,0,0,0,0,0,0,0,0,0,0,0,0,0,0,0,0,0,0
1428,2090,60,0,61419,0,"Ein kolossales Rätsel",1036,1009,0,0,0,0,0,0,0,0,0,0,0,0,0,0,0,0,0,0,0,0,0,0
1429,2091,60,0,61419,0,"Das Werk eines Visionärs",1010,0,0,0,0,0,0,0,0,0,0,0,0,0,0,0,0,0,0,0,0,0,0,0
1430,2092,60,0,61419,0,"Dystopie für Dummies",1011,0,0,0,0,0,0,0,0,0,0,0,0,0,0,0,0,0,0,0,0,0,0,0
1431,2093,60,0,61419,0,"Stich ins Herz",1012,0,0,0,0,0,0,0,0,0,0,0,0,0,0,0,0,0,0,0,0,0,0,0
1432,2094,60,0,61419,0,"Ein hübsches Luftbild",1013,0,0,0,0,0,0,0,0,0,0,0,0,0,0,0,0,0,0,0,0,0,0,0
1433,2249,60,0,61419,0,"Kleine Geschenke erhalten die Freund<hex:02160103>schaft",1111,1189,0,0,0,0,0,0,0,0,0,0,0,0,0,0,0,0,0,0,0,0,0,0
1434,2250,60,0,61419,0,"Täter und Opfer",1160,0,0,0,0,0,0,0,0,0,0,0,0,0,0,0,0,0,0,0,0,0,0,0
1435,2251,60,0,61419,0,"Aggressive Ablenkung",0,0,0,0,0,0,0,0,0,0,0,0,0,0,0,0,0,0,0,0,0,0,0,0
1436,2252,60,0,61419,0,"Ganz nach Plan",1161,0,0,0,0,0,0,0,0,0,0,0,0,0,0,0,0,0,0,0,0,0,0,0
1437,2253,60,0,61419,0,"Alles zu meiner Zeit",1162,1163,0,0,0,0,0,0,0,0,0,0,0,0,0,0,0,0,0,0,0,0,0,0
1438,2335,60,0,61419,0,"Geschichte in Gefahr",1273,0,0,0,0,0,0,0,0,0,0,0,0,0,0,0,0,0,0,0,0,0,0,0
1439,2336,60,0,61419,0,"Auf den Schwingen der Zeit",1274,1275,1276,0,0,0,0,0,0,0,0,0,0,0,0,0,0,0,0,0,0,0,0,0
1440,2337,60,0,61419,0,"Eine Chronik der Zukunft",1277,1278,0,0,0,0,0,0,0,0,0,0,0,0,0,0,0,0,0,0,0,0,0,0
1441,2338,60,0,61419,0,"Hazza la vizza, Gobbie",1291,1279,1280,1281,0,0,0,0,0,0,0,0,0,0,0,0,0,0,0,0,0,0,0,0
1442,2339,60,0,61419,0,"Des Schöpfers Schöpfung",0,0,0,0,0,0,0,0,0,0,0,0,0,0,0,0,0,0,0,0,0,0,0,0
1443,2114,60,0,61419,0,"Uralte Götter",0,0,0,0,0,0,0,0,0,0,0,0,0,0,0,0,0,0,0,0,0,0,0,0
1444,2230,60,0,61419,0,"Eine Ikone erwacht",1118,1119,1164,0,0,0,0,0,0,0,0,0,0,0,0,0,0,0,0,0,0,0,0,0
1445,2288,60,0,61419,0,"Siegelbrecher",1213,1214,0,0,0,0,0,0,0,0,0,0,0,0,0,0,0,0,0,0,0,0,0,0
1446,2332,60,0,61419,0,"Ein verzweifelter Plan",1272,1293,1294,0,0,0,0,0,0,0,0,0,0,0,0,0,0,0,0,0,0,0,0,0
1447,2394,60,0,61419,0,"Irrwege der Entwicklung",1350,1336,1337,1351,0,0,0,0,0,0,0,0,0,0,0,0,0,0,0,0,0,0,0,0
1448,2115,60,0,61419,0,"Eine neue Bedrohung: Bismarck",1024,1025,1026,0,0,0,0,0,0,0,0,0,0,0,0,0,0,0,0,0,0,0,0,0
1449,2116,60,0,61419,0,"Eine neue Bedrohung: Ravana",1017,1018,0,0,0,0,0,0,0,0,0,0,0,0,0,0,0,0,0,0,0,0,0,0
1450,2281,60,0,61419,0,"Kampfsimulation: Sephirot",0,0,0,0,0,0,0,0,0,0,0,0,0,0,0,0,0,0,0,0,0,0,0,0
1451,2333,60,0,61419,0,"Kampfsimulation: Sophia",0,0,0,0,0,0,0,0,0,0,0,0,0,0,0,0,0,0,0,0,0,0,0,0
1452,2395,60,0,61419,0,"Kampfsimulation: Zurvan",0,0,0,0,0,0,0,0,0,0,0,0,0,0,0,0,0,0,0,0,0,0,0,0
1453,2204,60,0,61419,0,"Luftpiraten",1082,1097,1083,0,0,0,0,0,0,0,0,0,0,0,0,0,0,0,0,0,0,0,0,0
1454,2205,60,0,61419,0,"Gebieter der Lüfte",1074,1075,1084,1089,0,0,0,0,0,0,0,0,0,0,0,0,0,0,0,0,0,0,0,0
1455,2285,60,0,61419,0,"Die Ruinen von Mhach",1202,1203,1204,0,0,0,0,0,0,0,0,0,0,0,0,0,0,0,0,0,0,0,0,0
1456,2286,60,0,61419,0,"Die Freiheit der Lüfte",1205,1206,0,0,0,0,0,0,0,0,0,0,0,0,0,0,0,0,0,0,0,0,0,0
1457,2373,60,0,61419,0,"Die Insel der Schatten",1357,1358,1359,0,0,0,0,0,0,0,0,0,0,0,0,0,0,0,0,0,0,0,0,0
1458,2374,60,0,61419,0,"Abschied von den Rotschnäbeln",1360,0,0,0,0,0,0,0,0,0,0,0,0,0,0,0,0,0,0,0,0,0,0,0
1459,1480,60,0,61921,0,"Unbekanntes Flugobjekt",0,0,0,0,0,0,0,0,0,0,0,0,0,0,0,0,0,0,0,0,0,0,0,0
1460,2928,70,0,61419,22,"Omegas Einladung",1573,1574,1575,0,0,0,0,0,0,0,0,0,0,0,0,0,0,0,0,0,0,0,0,0
1461,2929,70,0,61419,22,"Test 1.0",0,0,0,0,0,0,0,0,0,0,0,0,0,0,0,0,0,0,0,0,0,0,0,0
1462,2930,70,0,61419,22,"Katastrophal schwer",0,0,0,0,0,0,0,0,0,0,0,0,0,0,0,0,0,0,0,0,0,0,0,0
1463,2931,70,0,61419,22,"Froschkönigin",0,0,0,0,0,0,0,0,0,0,0,0,0,0,0,0,0,0,0,0,0,0,0,0
1464,2932,70,0,61419,22,"Nach dem Test ist vor dem Test",1576,0,0,0,0,0,0,0,0,0,0,0,0,0,0,0,0,0,0,0,0,0,0,0
1465,2933,70,0,61419,22,"Anomalie der Helden",1577,1578,0,0,0,0,0,0,0,0,0,0,0,0,0,0,0,0,0,0,0,0,0,0
1466,3031,70,0,61419,22,"Omega ruft",1740,1741,1742,0,0,0,0,0,0,0,0,0,0,0,0,0,0,0,0,0,0,0,0,0
1467,3032,70,0,61419,22,"Nächster Halt: Sigmametrie",1743,0,0,0,0,0,0,0,0,0,0,0,0,0,0,0,0,0,0,0,0,0,0,0
1468,3033,70,0,61419,22,"Kämpferisches Meisterwerk",1744,0,0,0,0,0,0,0,0,0,0,0,0,0,0,0,0,0,0,0,0,0,0,0
1469,3034,70,0,61419,22,"Niemand darf vorbei",0,0,0,0,0,0,0,0,0,0,0,0,0,0,0,0,0,0,0,0,0,0,0,0
1470,3035,70,0,61419,22,"Vernichtung des Vergänglichen",1745,1746,0,0,0,0,0,0,0,0,0,0,0,0,0,0,0,0,0,0,0,0,0,0
1471,3154,70,0,61419,22,"Der Anfang vom Ende",1859,1860,1861,0,0,0,0,0,0,0,0,0,0,0,0,0,0,0,0,0,0,0,0,0
1472,3155,70,0,61419,22,"Der Urvater aller Drachen",0,0,0,0,0,0,0,0,0,0,0,0,0,0,0,0,0,0,0,0,0,0,0,0
1473,3156,70,0,61419,22,"Alpha und Omega",1862,1863,1864,1865,1866,1858,0,0,0,0,0,0,0,0,0,0,0,0,0,0,0,0,0,0
1474,3157,70,0,61419,22,"Träume verleihen Flügel",1867,1868,0,0,0,0,0,0,0,0,0,0,0,0,0,0,0,0,0,0,0,0,0,0
1475,4586,90,0,61411,23,"Eine herzlose Hypothese",0,0,0,0,0,0,0,0,0,0,0,0,0,0,0,0,0,0,0,0,0,0,0,0
1476,4587,90,0,61411,23,"Auf Wieder<hex:02160103>sehen, ***",2865,0,0,0,0,0,0,0,0,0,0,0,0,0,0,0,0,0,0,0,0,0,0,0
1477,3003,70,0,61419,0,"Notleidende Künstler",1637,1638,0,0,0,0,0,0,0,0,0,0,0,0,0,0,0,0,0,0,0,0,0,0
1478,3004,70,0,61419,0,"Die königliche Stadt Rabanastre",1662,1639,1640,1641,0,0,0,0,0,0,0,0,0,0,0,0,0,0,0,0,0,0,0,0
1479,3089,70,0,61419,0,"Ein ungebetener Gast",1764,1765,0,0,0,0,0,0,0,0,0,0,0,0,0,0,0,0,0,0,0,0,0,0
1480,3091,70,0,61419,0,"Insel der Geheimnisse",1767,1797,1768,1769,0,0,0,0,0,0,0,0,0,0,0,0,0,0,0,0,0,0,0,0
1481,3092,70,0,61419,0,"Licht am Ende der Welt",1770,1771,0,0,0,0,0,0,0,0,0,0,0,0,0,0,0,0,0,0,0,0,0,0
1482,3187,70,0,61419,0,"Der dalmascanische Widerstand",1896,1897,1898,0,0,0,0,0,0,0,0,0,0,0,0,0,0,0,0,0,0,0,0,0
1483,3188,70,0,61419,0,"Verborgen im Golmore-Dschungel",1900,1901,1902,1904,0,0,0,0,0,0,0,0,0,0,0,0,0,0,0,0,0,0,0,0
1484,3189,70,0,61419,0,"Das Kloster von Orbonne",1905,1906,1907,1935,1937,1939,1940,0,0,0,0,0,0,0,0,0,0,0,0,0,0,0,0,0
1485,3090,70,0,61411,0,"In vino veritas",1766,0,0,0,0,0,0,0,0,0,0,0,0,0,0,0,0,0,0,0,0,0,0,0
1486,3190,70,0,61411,0,"Reiner Wein aus schlechtem Gewissen",1899,0,0,0,0,0,0,0,0,0,0,0,0,0,0,0,0,0,0,0,0,0,0,0
1487,3093,1,0,61411,0,"Ein Häppchen zum Wein",0,0,0,0,0,0,0,0,0,0,0,0,0,0,0,0,0,0,0,0,0,0,0,0
1488,3191,1,0,61411,0,"Neue Häppchen zum Wein",0,0,0,0,0,0,0,0,0,0,0,0,0,0,0,0,0,0,0,0,0,0,0,0
1489,3015,70,0,61419,0,"Der innere Dämon",1737,1733,1734,1738,0,0,0,0,0,0,0,0,0,0,0,0,0,0,0,0,0,0,0,0
1490,3016,70,0,61419,0,"Alter schützt vor Torheit nicht",1762,1763,0,0,0,0,0,0,0,0,0,0,0,0,0,0,0,0,0,0,0,0,0,0
1491,3152,70,0,61419,0,"Eine Liebe über den Tod hinaus",1831,1832,1823,1824,0,0,0,0,0,0,0,0,0,0,0,0,0,0,0,0,0,0,0,0
1492,3165,70,0,61419,0,"Dem Schwur treu ergeben",1924,1925,1908,0,0,0,0,0,0,0,0,0,0,0,0,0,0,0,0,0,0,0,0,0
1493,3166,70,0,61419,0,"Ein tapferes Opfer",1909,0,0,0,0,0,0,0,0,0,0,0,0,0,0,0,0,0,0,0,0,0,0,0
1494,3255,80,0,61419,0,"Mitten im Nirgendwo",2174,0,0,0,0,0,0,0,0,0,0,0,0,0,0,0,0,0,0,0,0,0,0,0
1495,3256,80,0,61419,0,"Reise in das Herz",2175,2176,0,0,0,0,0,0,0,0,0,0,0,0,0,0,0,0,0,0,0,0,0,0
1496,3257,80,0,61419,0,"Gefahr von oben",2177,0,0,0,0,0,0,0,0,0,0,0,0,0,0,0,0,0,0,0,0,0,0,0
1497,3258,80,0,61419,0,"Bewässerung der Wüste",2178,0,0,0,0,0,0,0,0,0,0,0,0,0,0,0,0,0,0,0,0,0,0,0
1498,3259,80,0,61419,0,"Seismische Aktivitäten",2179,0,0,0,0,0,0,0,0,0,0,0,0,0,0,0,0,0,0,0,0,0,0,0
1499,3260,80,0,61419,0,"Das Orakel der Dunkelheit",2180,0,0,0,0,0,0,0,0,0,0,0,0,0,0,0,0,0,0,0,0,0,0,0
1500,3787,80,0,61419,0,"Eine Stimme im Kopf",2306,2250,2251,0,0,0,0,0,0,0,0,0,0,0,0,0,0,0,0,0,0,0,0,0
1501,3788,80,0,61419,0,"Der Himmel reißt auf",2252,0,0,0,0,0,0,0,0,0,0,0,0,0,0,0,0,0,0,0,0,0,0,0
1502,3789,80,0,61419,0,"In den Feuersturm",2253,0,0,0,0,0,0,0,0,0,0,0,0,0,0,0,0,0,0,0,0,0,0,0
1503,3790,80,0,61419,0,"Herz der Dunkelheit",2254,2255,0,0,0,0,0,0,0,0,0,0,0,0,0,0,0,0,0,0,0,0,0,0
1504,3791,80,0,61419,0,"Auf dünnem Eis",2256,2257,0,0,0,0,0,0,0,0,0,0,0,0,0,0,0,0,0,0,0,0,0,0
1505,3792,80,0,61419,0,"Das Leben findet einen Weg",0,0,0,0,0,0,0,0,0,0,0,0,0,0,0,0,0,0,0,0,0,0,0,0
1506,3793,80,0,61419,0,"Welten entfernt",0,0,0,0,0,0,0,0,0,0,0,0,0,0,0,0,0,0,0,0,0,0,0,0
1507,3975,80,0,61419,0,"Leeres Versprechen",2398,0,0,0,0,0,0,0,0,0,0,0,0,0,0,0,0,0,0,0,0,0,0,0
1508,3976,80,0,61419,0,"Angst vor der Dunkelheit",2399,0,0,0,0,0,0,0,0,0,0,0,0,0,0,0,0,0,0,0,0,0,0,0
1509,3977,80,0,61419,0,"Flüchtige Ver<hex:02160103>gangen<hex:02160103>heit",2400,2401,2402,2403,2404,2405,0,0,0,0,0,0,0,0,0,0,0,0,0,0,0,0,0,0
1510,3978,80,0,61419,0,"Ein Versprechen für die Ewigkeit",2406,2407,0,0,0,0,0,0,0,0,0,0,0,0,0,0,0,0,0,0,0,0,0,0
1511,3979,80,0,61419,0,"Mein Platz in dieser Welt",2408,0,0,0,0,0,0,0,0,0,0,0,0,0,0,0,0,0,0,0,0,0,0,0
1512,3671,70,0,61419,0," Zwergengeflüster",0,0,0,0,0,0,0,0,0,0,0,0,0,0,0,0,0,0,0,0,0,0,0,0
1513,3717,80,0,61419,0,"Kabale in Komra",0,0,0,0,0,0,0,0,0,0,0,0,0,0,0,0,0,0,0,0,0,0,0,0
1514,3718,80,0,61419,0,"Hinter verschlossenen Türen",2200,2201,2202,2203,0,0,0,0,0,0,0,0,0,0,0,0,0,0,0,0,0,0,0,0
1515,3719,80,0,61419,0,"Zwischen Wracks, Ruinen und Geheimnissen",0,0,0,0,0,0,0,0,0,0,0,0,0,0,0,0,0,0,0,0,0,0,0,0
1516,3720,80,0,61419,0,"Anoggs Abenteuerlust",2204,0,0,0,0,0,0,0,0,0,0,0,0,0,0,0,0,0,0,0,0,0,0,0
1517,3721,80,0,61419,0,"Konoggs kühler Kopf",2204,0,0,0,0,0,0,0,0,0,0,0,0,0,0,0,0,0,0,0,0,0,0,0
1518,3784,80,0,61419,0,"Zwillingszwist",0,0,0,0,0,0,0,0,0,0,0,0,0,0,0,0,0,0,0,0,0,0,0,0
1519,3785,80,0,61419,0,"Die brillanten Pläne der brillanten Anogg",0,0,0,0,0,0,0,0,0,0,0,0,0,0,0,0,0,0,0,0,0,0,0,0
1520,3952,80,0,61419,0,"Zwergische Genüsse",2367,2368,0,0,0,0,0,0,0,0,0,0,0,0,0,0,0,0,0,0,0,0,0,0
1521,3953,80,0,61419,0,"Auferstanden von den Toten",2369,2370,0,0,0,0,0,0,0,0,0,0,0,0,0,0,0,0,0,0,0,0,0,0
1522,3954,80,0,61419,0,"Schuld und Sühne",2371,0,0,0,0,0,0,0,0,0,0,0,0,0,0,0,0,0,0,0,0,0,0,0
1523,3998,80,0,61419,0,"Kummer in Kugelform",2396,2397,0,0,0,0,0,0,0,0,0,0,0,0,0,0,0,0,0,0,0,0,0,0
1524,4034,80,0,61419,0,"Kummerkrank",0,0,0,0,0,0,0,0,0,0,0,0,0,0,0,0,0,0,0,0,0,0,0,0
1525,4035,80,0,61419,0,"Des Schicksals grausam Ränke",2508,2509,0,0,0,0,0,0,0,0,0,0,0,0,0,0,0,0,0,0,0,0,0,0
1526,4036,80,0,61419,0,"Komras kaltes Herz",0,0,0,0,0,0,0,0,0,0,0,0,0,0,0,0,0,0,0,0,0,0,0,0
1527,4043,80,0,61419,0,"Zart blüht die Hoffnung",0,0,0,0,0,0,0,0,0,0,0,0,0,0,0,0,0,0,0,0,0,0,0,0
1528,4050,80,0,61921,0,"Des einen Tand ...",0,0,0,0,0,0,0,0,0,0,0,0,0,0,0,0,0,0,0,0,0,0,0,0
1529,4051,80,0,61921,0,"Meisterhafter Merkantilismus",0,0,0,0,0,0,0,0,0,0,0,0,0,0,0,0,0,0,0,0,0,0,0,0
1530,4052,80,0,61921,0,"Tapfere Taten und kühne Kämpfe",0,0,0,0,0,0,0,0,0,0,0,0,0,0,0,0,0,0,0,0,0,0,0,0
1531,4053,80,0,61419,0,"So bittersüß wie Honigwein",2511,2512,0,0,0,0,0,0,0,0,0,0,0,0,0,0,0,0,0,0,0,0,0,0
1532,3783,80,0,61419,0,"Rubinrote Konfrontation",2258,2272,2273,2259,2260,2261,2262,0,0,0,0,0,0,0,0,0,0,0,0,0,0,0,0,0
1533,3895,80,0,61419,0,"Luftangriff auf Werlyt",2344,2345,2346,2347,2348,0,0,0,0,0,0,0,0,0,0,0,0,0,0,0,0,0,0,0
1534,3980,80,0,61419,0,"Blutsmaragd",2448,2449,2390,2391,2392,0,0,0,0,0,0,0,0,0,0,0,0,0,0,0,0,0,0,0
1535,3981,80,0,61419,0,"Mahnmal der Sühne",0,0,0,0,0,0,0,0,0,0,0,0,0,0,0,0,0,0,0,0,0,0,0,0
1536,4031,80,0,61419,0,"Gleißendes Leben",2515,2516,2517,2521,2522,2518,0,0,0,0,0,0,0,0,0,0,0,0,0,0,0,0,0,0
1537,4032,80,0,61419,0,"Leben für die Freiheit",2519,2520,0,0,0,0,0,0,0,0,0,0,0,0,0,0,0,0,0,0,0,0,0,0
1538,4475,90,0,61419,29,"Hinab ins Pandæmonium",2766,2767,2768,2769,0,0,0,0,0,0,0,0,0,0,0,0,0,0,0,0,0,0,0,0
1539,4476,90,0,61419,29,"Die Tiefen der Tausend Teufel",0,0,0,0,0,0,0,0,0,0,0,0,0,0,0,0,0,0,0,0,0,0,0,0
1540,4477,90,0,61419,29,"Ketten, Käfig und Kanäle",0,0,0,0,0,0,0,0,0,0,0,0,0,0,0,0,0,0,0,0,0,0,0,0
1541,4478,90,0,61419,29,"Die Feuer von Asphodelos",2807,2770,0,0,0,0,0,0,0,0,0,0,0,0,0,0,0,0,0,0,0,0,0,0
1542,4479,90,0,61419,29,"Im Herzen des Hohen Wächters",2771,0,0,0,0,0,0,0,0,0,0,0,0,0,0,0,0,0,0,0,0,0,0,0
1543,4635,90,0,61419,29,"Keine besonderen Vorkommnisse",2909,0,0,0,0,0,0,0,0,0,0,0,0,0,0,0,0,0,0,0,0,0,0,0
1544,4636,90,0,61419,29,"Blick hinter die Maske",2910,0,0,0,0,0,0,0,0,0,0,0,0,0,0,0,0,0,0,0,0,0,0,0
1545,4637,90,0,61419,29,"Ein Käfig für die Wächterin",0,0,0,0,0,0,0,0,0,0,0,0,0,0,0,0,0,0,0,0,0,0,0,0
1546,4638,90,0,61419,29,"Die letzte Wächterin",2911,2912,0,0,0,0,0,0,0,0,0,0,0,0,0,0,0,0,0,0,0,0,0,0
1547,4639,90,0,61419,29,"Erichthonios' Wunsch",2913,0,0,0,0,0,0,0,0,0,0,0,0,0,0,0,0,0,0,0,0,0,0,0
1548,4640,90,0,61419,29,"Späte Wahrheit",2914,2915,0,0,0,0,0,0,0,0,0,0,0,0,0,0,0,0,0,0,0,0,0,0
1549,4756,90,0,61419,29,"Der Seelenfresser",3079,0,0,0,0,0,0,0,0,0,0,0,0,0,0,0,0,0,0,0,0,0,0,0
1550,4757,90,0,61419,29,"Pandæmonium erwacht",3080,3081,3082,0,0,0,0,0,0,0,0,0,0,0,0,0,0,0,0,0,0,0,0,0
1551,4758,90,0,61419,29,"Die Rückkehr des Fürsprechers",3083,0,0,0,0,0,0,0,0,0,0,0,0,0,0,0,0,0,0,0,0,0,0,0
1552,4759,90,0,61419,29,"Ende der Göttlichkeit",3084,3085,0,0,0,0,0,0,0,0,0,0,0,0,0,0,0,0,0,0,0,0,0,0
1553,4760,90,0,61419,29,"Heute, gestern, morgen",3086,3087,3088,3089,3090,0,0,0,0,0,0,0,0,0,0,0,0,0,0,0,0,0,0,0
1554,5252,90,0,61411,30,"Das Paradies der Erinnerung",0,0,0,0,0,0,0,0,0,0,0,0,0,0,0,0,0,0,0,0,0,0,0,0
1555,4536,90,0,61419,0,"Ein Fall für die Gelehrten",2832,2833,0,0,0,0,0,0,0,0,0,0,0,0,0,0,0,0,0,0,0,0,0,0
1556,4537,90,0,61419,0,"Im Reich der Götter",2834,2835,0,0,0,0,0,0,0,0,0,0,0,0,0,0,0,0,0,0,0,0,0,0
1557,4538,90,0,61419,0,"Glaube und Wirklichkeit",2836,0,0,0,0,0,0,0,0,0,0,0,0,0,0,0,0,0,0,0,0,0,0,0
1558,4539,90,0,61419,0,"Verstärkung für die Gelehrten",2837,0,0,0,0,0,0,0,0,0,0,0,0,0,0,0,0,0,0,0,0,0,0,0
1559,4666,90,0,61419,0,"Rückkehr ins Schemenreich",2994,2995,2996,0,0,0,0,0,0,0,0,0,0,0,0,0,0,0,0,0,0,0,0,0
1560,4667,90,0,61419,0,"In himmlischer Ge<hex:02160103>sell<hex:02160103>schaft",2997,0,0,0,0,0,0,0,0,0,0,0,0,0,0,0,0,0,0,0,0,0,0,0
1561,4668,90,0,61419,0,"Göttliche Nichteinmischung",2998,0,0,0,0,0,0,0,0,0,0,0,0,0,0,0,0,0,0,0,0,0,0,0
1562,4669,90,0,61419,0,"Das Geheimnis der Zwölf",2999,3043,0,0,0,0,0,0,0,0,0,0,0,0,0,0,0,0,0,0,0,0,0,0
1563,4791,90,0,61419,0,"Das Herz des Mythos",3203,3204,3205,0,0,0,0,0,0,0,0,0,0,0,0,0,0,0,0,0,0,0,0,0
1564,4792,90,0,61419,0,"Von den Göttern umarmt",3206,3207,3208,0,0,0,0,0,0,0,0,0,0,0,0,0,0,0,0,0,0,0,0,0
1565,4960,100,0,61419,0,"Das Arkadion ruft!",3480,0,0,0,0,0,0,0,0,0,0,0,0,0,0,0,0,0,0,0,0,0,0,0
1566,4961,100,0,61419,0,"Die Klaue der Dunkelheit",3486,3481,0,0,0,0,0,0,0,0,0,0,0,0,0,0,0,0,0,0,0,0,0,0
1567,4962,100,0,61419,0,"Toxische Liebe",3487,0,0,0,0,0,0,0,0,0,0,0,0,0,0,0,0,0,0,0,0,0,0,0
1568,4963,100,0,61419,0,"Die Tatzentrio-Schwestern",3482,3483,0,0,0,0,0,0,0,0,0,0,0,0,0,0,0,0,0,0,0,0,0,0
1569,4964,100,0,61419,0,"Bombastische Boshaftigkeit",3488,3484,0,0,0,0,0,0,0,0,0,0,0,0,0,0,0,0,0,0,0,0,0,0
1570,4965,100,0,61419,0,"Die Hybrid-Hexe",3485,0,0,0,0,0,0,0,0,0,0,0,0,0,0,0,0,0,0,0,0,0,0,0
1571,5289,100,0,61419,0,"Zerfressene Seelen",3652,3590,3591,0,0,0,0,0,0,0,0,0,0,0,0,0,0,0,0,0,0,0,0,0
1572,5290,100,0,61419,0,"Das professionelle Partytier",3597,0,0,0,0,0,0,0,0,0,0,0,0,0,0,0,0,0,0,0,0,0,0,0
1573,5291,100,0,61419,0,"Künstlerin des Rings",3598,0,0,0,0,0,0,0,0,0,0,0,0,0,0,0,0,0,0,0,0,0,0,0
1574,5292,100,0,61419,0,"Die Rache des Regelbrechers",3592,3593,3594,0,0,0,0,0,0,0,0,0,0,0,0,0,0,0,0,0,0,0,0,0
1575,5293,100,0,61419,0,"Kein Weg zurück",3595,3596,0,0,0,0,0,0,0,0,0,0,0,0,0,0,0,0,0,0,0,0,0,0
1576,5294,100,0,61419,0,"Stolzer Wolf",3599,3653,3627,0,0,0,0,0,0,0,0,0,0,0,0,0,0,0,0,0,0,0,0,0
1577,5435,100,0,61419,0,"Das Arkadion von Morgen",3809,3810,3811,0,0,0,0,0,0,0,0,0,0,0,0,0,0,0,0,0,0,0,0,0
1578,5436,100,0,61419,0,"Die diabolische Henkerin",3820,0,0,0,0,0,0,0,0,0,0,0,0,0,0,0,0,0,0,0,0,0,0,0
1579,5437,100,0,61419,0,"Extrem, extremer, Team Extrem",3812,3821,0,0,0,0,0,0,0,0,0,0,0,0,0,0,0,0,0,0,0,0,0,0
1580,5438,100,0,61419,0,"Die Ent<hex:02160103>schlos<hex:02160103>sen<hex:02160103>heit eines Großmeisters",3813,0,0,0,0,0,0,0,0,0,0,0,0,0,0,0,0,0,0,0,0,0,0,0
1581,5439,100,0,61419,0,"Der Herrscher des Arkadions",3822,3814,3815,3816,0,0,0,0,0,0,0,0,0,0,0,0,0,0,0,0,0,0,0,0
1582,5440,100,0,61419,0,"Die Legende des Lindwurms",3817,3818,3819,0,0,0,0,0,0,0,0,0,0,0,0,0,0,0,0,0,0,0,0,0
1583,5233,100,0,61419,0,"Am Kreuzweg der Welten",3538,3539,0,0,0,0,0,0,0,0,0,0,0,0,0,0,0,0,0,0,0,0,0,0
1584,5234,100,0,61419,0,"Am Anfang steht ein Stein",3540,0,0,0,0,0,0,0,0,0,0,0,0,0,0,0,0,0,0,0,0,0,0,0
1585,5235,100,0,61419,0,"Eine Welt namens Vana'diel",3541,0,0,0,0,0,0,0,0,0,0,0,0,0,0,0,0,0,0,0,0,0,0,0
1586,5236,100,0,61419,0,"Jeuno",3542,3543,0,0,0,0,0,0,0,0,0,0,0,0,0,0,0,0,0,0,0,0,0,0
1587,5326,100,0,61419,0,"Ein zehntausend Jahre alter Traum",3698,3699,0,0,0,0,0,0,0,0,0,0,0,0,0,0,0,0,0,0,0,0,0,0
1588,5327,100,0,61419,0,"Richtung Norden",0,0,0,0,0,0,0,0,0,0,0,0,0,0,0,0,0,0,0,0,0,0,0,0
1589,5328,100,0,61419,0,"Wem der Vers erklingt",3700,0,0,0,0,0,0,0,0,0,0,0,0,0,0,0,0,0,0,0,0,0,0,0
1590,5329,100,0,61419,0,"Das Ende ist nah",3701,3702,0,0,0,0,0,0,0,0,0,0,0,0,0,0,0,0,0,0,0,0,0,0
1591,5479,100,0,61419,0,"Der Herrscher des Nichts",3972,3973,3974,0,0,0,0,0,0,0,0,0,0,0,0,0,0,0,0,0,0,0,0,0
1592,5480,100,0,61419,0,"Ferne Versprechen",3975,3976,3977,3978,0,0,0,0,0,0,0,0,0,0,0,0,0,0,0,0,0,0,0,0
1593,5330,90,0,61419,34," Alle guten Geister",3712,3716,0,0,0,0,0,0,0,0,0,0,0,0,0,0,0,0,0,0,0,0,0,0
1594,5331,90,0,61419,34," Das Scheiden der Geister",3717,0,0,0,0,0,0,0,0,0,0,0,0,0,0,0,0,0,0,0,0,0,0,0
1595,5332,90,0,61419,34," Maisgeist",3718,0,0,0,0,0,0,0,0,0,0,0,0,0,0,0,0,0,0,0,0,0,0,0
1596,5333,90,0,61419,34," Der Geist wäre willig ...",3713,3719,0,0,0,0,0,0,0,0,0,0,0,0,0,0,0,0,0,0,0,0,0,0
1597,5334,90,0,61419,34," Die Geister, die wir riefen",3714,3715,0,0,0,0,0,0,0,0,0,0,0,0,0,0,0,0,0,0,0,0,0,0
1598,5335,90,0,61419,34," Schnee von morgen",0,0,0,0,0,0,0,0,0,0,0,0,0,0,0,0,0,0,0,0,0,0,0,0
1599,5336,90,0,61413,35," Schneebedeckter Berg",0,0,0,0,0,0,0,0,0,0,0,0,0,0,0,0,0,0,0,0,0,0,0,0
1600,5337,90,0,61413,35," Robuste Karren",0,0,0,0,0,0,0,0,0,0,0,0,0,0,0,0,0,0,0,0,0,0,0,0
1601,5338,90,0,61413,35," Arbeit gegen Vorräte",0,0,0,0,0,0,0,0,0,0,0,0,0,0,0,0,0,0,0,0,0,0,0,0
1602,5339,90,0,61413,35," Es werde Licht",0,0,0,0,0,0,0,0,0,0,0,0,0,0,0,0,0,0,0,0,0,0,0,0
1603,5340,90,0,61413,35," Warme Hände leisten mehr",0,0,0,0,0,0,0,0,0,0,0,0,0,0,0,0,0,0,0,0,0,0,0,0
1604,5341,90,0,61413,35," Lebenswichtige Vorräte",0,0,0,0,0,0,0,0,0,0,0,0,0,0,0,0,0,0,0,0,0,0,0,0
1605,5342,90,0,61413,35," Warme Ponchos",0,0,0,0,0,0,0,0,0,0,0,0,0,0,0,0,0,0,0,0,0,0,0,0
1606,5343,90,0,61413,35," Winterdienst",0,0,0,0,0,0,0,0,0,0,0,0,0,0,0,0,0,0,0,0,0,0,0,0
1607,5344,90,0,61413,35," Handwerk der Yok Huy",0,0,0,0,0,0,0,0,0,0,0,0,0,0,0,0,0,0,0,0,0,0,0,0
1608,5345,90,0,61413,35," Werkzeugmangel",0,0,0,0,0,0,0,0,0,0,0,0,0,0,0,0,0,0,0,0,0,0,0,0
1609,5346,90,0,61413,35," Tagträumerei",0,0,0,0,0,0,0,0,0,0,0,0,0,0,0,0,0,0,0,0,0,0,0,0
1610,5347,90,0,61413,35," Schuttverwertung",0,0,0,0,0,0,0,0,0,0,0,0,0,0,0,0,0,0,0,0,0,0,0,0
1611,5348,90,0,61413,35," Sicherheit am Berg",0,0,0,0,0,0,0,0,0,0,0,0,0,0,0,0,0,0,0,0,0,0,0,0
1612,5349,90,0,61413,35," Ein warmes Päuschen",0,0,0,0,0,0,0,0,0,0,0,0,0,0,0,0,0,0,0,0,0,0,0,0
1613,5350,90,0,61413,35," Leckere Lebensmittel leicht gemacht",0,0,0,0,0,0,0,0,0,0,0,0,0,0,0,0,0,0,0,0,0,0,0,0
1614,5351,90,0,61413,35," Ein salziger Handel",0,0,0,0,0,0,0,0,0,0,0,0,0,0,0,0,0,0,0,0,0,0,0,0
1615,5352,90,0,61413,35," Auf die Lagerung kommt es an",0,0,0,0,0,0,0,0,0,0,0,0,0,0,0,0,0,0,0,0,0,0,0,0
1616,5353,90,0,61413,35," Gutes Geschirr gesucht",0,0,0,0,0,0,0,0,0,0,0,0,0,0,0,0,0,0,0,0,0,0,0,0
1617,5354,90,0,61413,35," Eis über alles!",0,0,0,0,0,0,0,0,0,0,0,0,0,0,0,0,0,0,0,0,0,0,0,0
1618,5355,90,0,61413,35," Große Träume, größeres Lager",0,0,0,0,0,0,0,0,0,0,0,0,0,0,0,0,0,0,0,0,0,0,0,0
1619,5356,90,0,61413,35," Achtung Schwertransport!",0,0,0,0,0,0,0,0,0,0,0,0,0,0,0,0,0,0,0,0,0,0,0,0
1620,5357,90,0,61413,35," Arbeit macht hungrig",0,0,0,0,0,0,0,0,0,0,0,0,0,0,0,0,0,0,0,0,0,0,0,0
1621,5358,90,0,61413,35," Ein Altar wie aus funkelndem Eis",0,0,0,0,0,0,0,0,0,0,0,0,0,0,0,0,0,0,0,0,0,0,0,0
1622,5359,90,0,61413,35," Kleine Gipfelstürmer vor großen Hürden",0,0,0,0,0,0,0,0,0,0,0,0,0,0,0,0,0,0,0,0,0,0,0,0
1623,5360,90,0,61413,35," Stärkende Wunderblumen",0,0,0,0,0,0,0,0,0,0,0,0,0,0,0,0,0,0,0,0,0,0,0,0
1624,5361,90,0,61413,35," Wohlbehütete Steinwächter",0,0,0,0,0,0,0,0,0,0,0,0,0,0,0,0,0,0,0,0,0,0,0,0
1625,5362,90,0,61413,35," Nur das Beste für die edlen Tropfen",0,0,0,0,0,0,0,0,0,0,0,0,0,0,0,0,0,0,0,0,0,0,0,0
1626,5363,90,0,61413,35," Ein Fest der Unentschlossenheit",0,0,0,0,0,0,0,0,0,0,0,0,0,0,0,0,0,0,0,0,0,0,0,0
1627,5255,90,0,61419,36," Glimmende Hoffnung",3621,3623,0,0,0,0,0,0,0,0,0,0,0,0,0,0,0,0,0,0,0,0,0,0
1628,5256,90,0,61419,36," Traditionelles Mittel der Doppro",3624,0,0,0,0,0,0,0,0,0,0,0,0,0,0,0,0,0,0,0,0,0,0,0
1629,5257,90,0,61419,36," Rückkehr eines Hoobigo",3625,0,0,0,0,0,0,0,0,0,0,0,0,0,0,0,0,0,0,0,0,0,0,0
1630,5258,90,0,61419,36," Die Magie der Boonewa",3626,0,0,0,0,0,0,0,0,0,0,0,0,0,0,0,0,0,0,0,0,0,0,0
1631,5259,90,0,61419,36," Ein neues Yak T'el",3622,0,0,0,0,0,0,0,0,0,0,0,0,0,0,0,0,0,0,0,0,0,0,0
1632,5260,90,0,61419,36," Der Stolz von Mamook",0,0,0,0,0,0,0,0,0,0,0,0,0,0,0,0,0,0,0,0,0,0,0,0
1633,5261,90,0,61413,37," Unkraut vergeht doch",0,0,0,0,0,0,0,0,0,0,0,0,0,0,0,0,0,0,0,0,0,0,0,0
1634,5262,90,0,61413,37," Dung und Dünger",0,0,0,0,0,0,0,0,0,0,0,0,0,0,0,0,0,0,0,0,0,0,0,0
1635,5263,90,0,61413,37," Der Äthertest",0,0,0,0,0,0,0,0,0,0,0,0,0,0,0,0,0,0,0,0,0,0,0,0
1636,5264,90,0,61413,37," Frierende Felder",0,0,0,0,0,0,0,0,0,0,0,0,0,0,0,0,0,0,0,0,0,0,0,0
1637,5265,90,0,61413,37," Weiterverwertete Stängel",0,0,0,0,0,0,0,0,0,0,0,0,0,0,0,0,0,0,0,0,0,0,0,0
1638,5266,90,0,61413,37," Erschöpfte Werkzeuge",0,0,0,0,0,0,0,0,0,0,0,0,0,0,0,0,0,0,0,0,0,0,0,0
1639,5267,90,0,61413,37," Edel sei die Anbaufläche",0,0,0,0,0,0,0,0,0,0,0,0,0,0,0,0,0,0,0,0,0,0,0,0
1640,5268,90,0,61413,37," Eine Freude für die Zweigträger",0,0,0,0,0,0,0,0,0,0,0,0,0,0,0,0,0,0,0,0,0,0,0,0
1641,5269,90,0,61413,37," Ein trauriger Tag für Ungeziefer",0,0,0,0,0,0,0,0,0,0,0,0,0,0,0,0,0,0,0,0,0,0,0,0
1642,5270,90,0,61413,37," Gut gewickelt",0,0,0,0,0,0,0,0,0,0,0,0,0,0,0,0,0,0,0,0,0,0,0,0
1643,5271,90,0,61413,37," Wachstumsorientiert",0,0,0,0,0,0,0,0,0,0,0,0,0,0,0,0,0,0,0,0,0,0,0,0
1644,5272,90,0,61413,37," Gebäudereinigung",0,0,0,0,0,0,0,0,0,0,0,0,0,0,0,0,0,0,0,0,0,0,0,0
1645,5273,90,0,61413,37," Phantasmalicht, leuchte!",0,0,0,0,0,0,0,0,0,0,0,0,0,0,0,0,0,0,0,0,0,0,0,0
1646,5274,90,0,61413,37," Ätherische Einflüsse",0,0,0,0,0,0,0,0,0,0,0,0,0,0,0,0,0,0,0,0,0,0,0,0
1647,5275,90,0,61413,37," Frisches Gemüse gefällig?",0,0,0,0,0,0,0,0,0,0,0,0,0,0,0,0,0,0,0,0,0,0,0,0
1648,5276,90,0,61413,37," Gut gepflegt ist halb gewonnen",0,0,0,0,0,0,0,0,0,0,0,0,0,0,0,0,0,0,0,0,0,0,0,0
1649,5277,90,0,61413,37," Neuer, besser, Rauchbomben",0,0,0,0,0,0,0,0,0,0,0,0,0,0,0,0,0,0,0,0,0,0,0,0
1650,5278,90,0,61413,37," Vertrauen ist gut, Medizin ist besser",0,0,0,0,0,0,0,0,0,0,0,0,0,0,0,0,0,0,0,0,0,0,0,0
1651,5279,90,0,61413,37," Aromatisierte Entspannung",0,0,0,0,0,0,0,0,0,0,0,0,0,0,0,0,0,0,0,0,0,0,0,0
1652,5280,90,0,61413,37," Der süße Geschmack der Freund<hex:02160103>schaft",0,0,0,0,0,0,0,0,0,0,0,0,0,0,0,0,0,0,0,0,0,0,0,0
1653,5281,90,0,61413,37," Auch Pflanzen haben schlechte Tage",0,0,0,0,0,0,0,0,0,0,0,0,0,0,0,0,0,0,0,0,0,0,0,0
1654,5282,90,0,61413,37," Kompost aus luftigen Höhen",0,0,0,0,0,0,0,0,0,0,0,0,0,0,0,0,0,0,0,0,0,0,0,0
1655,5283,90,0,61413,37," In trockenen Lagern",0,0,0,0,0,0,0,0,0,0,0,0,0,0,0,0,0,0,0,0,0,0,0,0
1656,5284,90,0,61413,37," Licht für die Felder",0,0,0,0,0,0,0,0,0,0,0,0,0,0,0,0,0,0,0,0,0,0,0,0
1657,5285,90,0,61413,37," Ein kulinarischer Austausch",0,0,0,0,0,0,0,0,0,0,0,0,0,0,0,0,0,0,0,0,0,0,0,0
1658,5286,90,0,61413,37," Neue Würze braucht die Suppe",0,0,0,0,0,0,0,0,0,0,0,0,0,0,0,0,0,0,0,0,0,0,0,0
1659,5287,90,0,61413,37," Vom Feld bis vor die Haustür",0,0,0,0,0,0,0,0,0,0,0,0,0,0,0,0,0,0,0,0,0,0,0,0
1660,5288,90,0,61413,37," Neues Kultgetränk gesucht!",0,0,0,0,0,0,0,0,0,0,0,0,0,0,0,0,0,0,0,0,0,0,0,0
1661,5193,90,0,61419,38," Die Reiseagentur Tural",3553,3548,0,0,0,0,0,0,0,0,0,0,0,0,0,0,0,0,0,0,0,0,0,0
1662,5194,90,0,61419,38," Führen will gelernt sein",3549,0,0,0,0,0,0,0,0,0,0,0,0,0,0,0,0,0,0,0,0,0,0,0
1663,5195,90,0,61419,38," Einen Punutiyflug entfernt",3550,0,0,0,0,0,0,0,0,0,0,0,0,0,0,0,0,0,0,0,0,0,0,0
1664,5196,90,0,61419,38," Gestern Feind, heute Freund",3551,0,0,0,0,0,0,0,0,0,0,0,0,0,0,0,0,0,0,0,0,0,0,0
1665,5197,90,0,61419,38," Besuch von jenseits der See",3554,3552,0,0,0,0,0,0,0,0,0,0,0,0,0,0,0,0,0,0,0,0,0,0
1666,5198,90,0,61419,38," Geteilte Träume",0,0,0,0,0,0,0,0,0,0,0,0,0,0,0,0,0,0,0,0,0,0,0,0
1667,5199,90,0,61413,39," Flugblätter für Ok'bek'be",0,0,0,0,0,0,0,0,0,0,0,0,0,0,0,0,0,0,0,0,0,0,0,0
1668,5200,90,0,61413,39," Andenken an die Hanuhanu",0,0,0,0,0,0,0,0,0,0,0,0,0,0,0,0,0,0,0,0,0,0,0,0
1669,5201,90,0,61413,39," Auf U'out-Jagd",0,0,0,0,0,0,0,0,0,0,0,0,0,0,0,0,0,0,0,0,0,0,0,0
1670,5202,90,0,61413,39," Ansichten eines Priesters",0,0,0,0,0,0,0,0,0,0,0,0,0,0,0,0,0,0,0,0,0,0,0,0
1671,5203,90,0,61413,39," Für Alpakas, gegen Flöhe",0,0,0,0,0,0,0,0,0,0,0,0,0,0,0,0,0,0,0,0,0,0,0,0
1672,5204,90,0,61413,39," Fresschen für die Alpakas",0,0,0,0,0,0,0,0,0,0,0,0,0,0,0,0,0,0,0,0,0,0,0,0
1673,5205,90,0,61413,39," Wissenswertes über Ok'hanu",0,0,0,0,0,0,0,0,0,0,0,0,0,0,0,0,0,0,0,0,0,0,0,0
1674,5206,90,0,61413,39," Fundsache in Kozama'uka",0,0,0,0,0,0,0,0,0,0,0,0,0,0,0,0,0,0,0,0,0,0,0,0
1675,5207,90,0,61413,39," Ein begeisterter Gefahrensucher",0,0,0,0,0,0,0,0,0,0,0,0,0,0,0,0,0,0,0,0,0,0,0,0
1676,5208,90,0,61413,39," Hilfreiche Kundenbefragung",0,0,0,0,0,0,0,0,0,0,0,0,0,0,0,0,0,0,0,0,0,0,0,0
1677,5209,90,0,61413,39," Klar Schilf machen",0,0,0,0,0,0,0,0,0,0,0,0,0,0,0,0,0,0,0,0,0,0,0,0
1678,5210,90,0,61413,39," Kostprobe des Könnens",0,0,0,0,0,0,0,0,0,0,0,0,0,0,0,0,0,0,0,0,0,0,0,0
1679,5211,90,0,61413,39," Ich, das fleißige Bienlein",0,0,0,0,0,0,0,0,0,0,0,0,0,0,0,0,0,0,0,0,0,0,0,0
1680,5212,90,0,61413,39," Wiederverwertet",0,0,0,0,0,0,0,0,0,0,0,0,0,0,0,0,0,0,0,0,0,0,0,0
1681,5213,90,0,61413,39," Angriff der Apollyon",0,0,0,0,0,0,0,0,0,0,0,0,0,0,0,0,0,0,0,0,0,0,0,0
1682,5214,90,0,61413,39," Ortezeigen am Oberlauf",0,0,0,0,0,0,0,0,0,0,0,0,0,0,0,0,0,0,0,0,0,0,0,0
1683,5215,90,0,61413,39," Feuchte Zuneigung",0,0,0,0,0,0,0,0,0,0,0,0,0,0,0,0,0,0,0,0,0,0,0,0
1684,5216,90,0,61413,39," Dicke Luft in Urqopacha",0,0,0,0,0,0,0,0,0,0,0,0,0,0,0,0,0,0,0,0,0,0,0,0
1685,5217,90,0,61413,39," Sattbauch und Glücklichfühl",0,0,0,0,0,0,0,0,0,0,0,0,0,0,0,0,0,0,0,0,0,0,0,0
1686,5218,90,0,61413,39," Punutiy-Fütterung",0,0,0,0,0,0,0,0,0,0,0,0,0,0,0,0,0,0,0,0,0,0,0,0
1687,5219,90,0,61413,39," Nicht zu fassen",0,0,0,0,0,0,0,0,0,0,0,0,0,0,0,0,0,0,0,0,0,0,0,0
1688,5220,90,0,61413,39," Saftige Keulen",0,0,0,0,0,0,0,0,0,0,0,0,0,0,0,0,0,0,0,0,0,0,0,0
1689,5221,90,0,61413,39," Mitarbeiterbefragung",0,0,0,0,0,0,0,0,0,0,0,0,0,0,0,0,0,0,0,0,0,0,0,0
1690,5222,90,0,61413,39," Dünnearme und Klapperbeine",0,0,0,0,0,0,0,0,0,0,0,0,0,0,0,0,0,0,0,0,0,0,0,0
1691,5223,90,0,61413,39," Der Hungerleidende im Likaga-Moor",0,0,0,0,0,0,0,0,0,0,0,0,0,0,0,0,0,0,0,0,0,0,0,0
1692,5224,90,0,61413,39," Eine brummende Gefahr",0,0,0,0,0,0,0,0,0,0,0,0,0,0,0,0,0,0,0,0,0,0,0,0
1693,5225,90,0,61413,39," Auftrag mit Würze",0,0,0,0,0,0,0,0,0,0,0,0,0,0,0,0,0,0,0,0,0,0,0,0
1694,5226,90,0,61413,39," Tierische Zuneigung",0,0,0,0,0,0,0,0,0,0,0,0,0,0,0,0,0,0,0,0,0,0,0,0
1695,0,0,0,0,0,"",0,0,0,0,0,0,0,0,0,0,0,0,0,0,0,0,0,0,0,0,0,0,0,0
1696,0,0,0,0,0,"",0,0,0,0,0,0,0,0,0,0,0,0,0,0,0,0,0,0,0,0,0,0,0,0
1697,1217,43,0,61419,40,"Die Bruderschaft der Asche",425,0,0,0,0,0,0,0,0,0,0,0,0,0,0,0,0,0,0,0,0,0,0,0
1698,1218,43,0,61419,40,"Im Ring der Asche",0,0,0,0,0,0,0,0,0,0,0,0,0,0,0,0,0,0,0,0,0,0,0,0
1699,1219,46,0,61419,40,"Loonh Gahs Ver<hex:02160103>gangen<hex:02160103>heit",0,0,0,0,0,0,0,0,0,0,0,0,0,0,0,0,0,0,0,0,0,0,0,0
1700,1220,48,0,61419,40,"Funken des Zorns",426,0,0,0,0,0,0,0,0,0,0,0,0,0,0,0,0,0,0,0,0,0,0,0
1701,1221,48,0,61419,40,"Flammende Rache",427,428,0,0,0,0,0,0,0,0,0,0,0,0,0,0,0,0,0,0,0,0,0,0
1702,1222,43,0,61413,41,"Gepanzertes Orakel",0,0,0,0,0,0,0,0,0,0,0,0,0,0,0,0,0,0,0,0,0,0,0,0
1703,1223,43,0,61413,41,"Abwehr der Schatten",0,0,0,0,0,0,0,0,0,0,0,0,0,0,0,0,0,0,0,0,0,0,0,0
1704,1224,43,0,61413,41,"Echsenmedizin",0,0,0,0,0,0,0,0,0,0,0,0,0,0,0,0,0,0,0,0,0,0,0,0
1705,1225,43,0,61413,41,"Das natürliche Gleichgewicht",0,0,0,0,0,0,0,0,0,0,0,0,0,0,0,0,0,0,0,0,0,0,0,0
1706,1226,43,0,61413,41,"Berittene Feuerwehr",0,0,0,0,0,0,0,0,0,0,0,0,0,0,0,0,0,0,0,0,0,0,0,0
1707,1227,43,0,61413,41,"Leuchtfeuer der Amalj'aa",0,0,0,0,0,0,0,0,0,0,0,0,0,0,0,0,0,0,0,0,0,0,0,0
1708,1228,43,0,61413,41,"Heilung der Verblendeten",0,0,0,0,0,0,0,0,0,0,0,0,0,0,0,0,0,0,0,0,0,0,0,0
1709,1229,43,0,61413,41,"Aus den Klauen der Amalj'aa",0,0,0,0,0,0,0,0,0,0,0,0,0,0,0,0,0,0,0,0,0,0,0,0
1710,1230,43,0,61413,41,"Die Ehre der Gefangenen",0,0,0,0,0,0,0,0,0,0,0,0,0,0,0,0,0,0,0,0,0,0,0,0
1711,1231,43,0,61413,41,"Heilige Flammen",0,0,0,0,0,0,0,0,0,0,0,0,0,0,0,0,0,0,0,0,0,0,0,0
1712,1232,46,0,61413,41,"Kultige Gegenstände",0,0,0,0,0,0,0,0,0,0,0,0,0,0,0,0,0,0,0,0,0,0,0,0
1713,1233,46,0,61413,41,"Geschwister im Geiste",0,0,0,0,0,0,0,0,0,0,0,0,0,0,0,0,0,0,0,0,0,0,0,0
1714,1234,46,0,61413,41,"In infernalischer Flamme gehärtet",0,0,0,0,0,0,0,0,0,0,0,0,0,0,0,0,0,0,0,0,0,0,0,0
1715,1235,46,0,61413,41,"Ifrits heiliges Feuer",0,0,0,0,0,0,0,0,0,0,0,0,0,0,0,0,0,0,0,0,0,0,0,0
1716,1236,46,0,61413,41,"Gebrannte Katze scheut das Feuer",0,0,0,0,0,0,0,0,0,0,0,0,0,0,0,0,0,0,0,0,0,0,0,0
1717,1237,46,0,61413,41,"Feuriges Futter",0,0,0,0,0,0,0,0,0,0,0,0,0,0,0,0,0,0,0,0,0,0,0,0
1718,1238,46,0,61413,41,"Wasserscheu",0,0,0,0,0,0,0,0,0,0,0,0,0,0,0,0,0,0,0,0,0,0,0,0
1719,1239,46,0,61413,41,"Aus flammenden Fängen befreit",0,0,0,0,0,0,0,0,0,0,0,0,0,0,0,0,0,0,0,0,0,0,0,0
1720,1240,46,0,61413,41,"Kristallraub in Ifrits Namen",0,0,0,0,0,0,0,0,0,0,0,0,0,0,0,0,0,0,0,0,0,0,0,0
1721,1241,46,0,61413,41,"Zerstörung der heiligen Flammen",0,0,0,0,0,0,0,0,0,0,0,0,0,0,0,0,0,0,0,0,0,0,0,0
1722,1242,48,0,61413,41,"Die Elite der Flammenfänge",0,0,0,0,0,0,0,0,0,0,0,0,0,0,0,0,0,0,0,0,0,0,0,0
1723,1243,48,0,61413,41,"Die Schamanen der Flammenfänge",0,0,0,0,0,0,0,0,0,0,0,0,0,0,0,0,0,0,0,0,0,0,0,0
1724,1244,48,0,61413,41,"Infernalische Macht in kaltem Stahl",0,0,0,0,0,0,0,0,0,0,0,0,0,0,0,0,0,0,0,0,0,0,0,0
1725,1245,48,0,61413,41,"Demonstrierte Überlegenheit",0,0,0,0,0,0,0,0,0,0,0,0,0,0,0,0,0,0,0,0,0,0,0,0
1726,1246,48,0,61413,41,"Vorräte in Flammen",0,0,0,0,0,0,0,0,0,0,0,0,0,0,0,0,0,0,0,0,0,0,0,0
1727,1247,48,0,61413,41,"Feuer mit Feuer bekämpfen",0,0,0,0,0,0,0,0,0,0,0,0,0,0,0,0,0,0,0,0,0,0,0,0
1728,1248,48,0,61413,41,"Gezielte Demütigung",0,0,0,0,0,0,0,0,0,0,0,0,0,0,0,0,0,0,0,0,0,0,0,0
1729,1249,48,0,61413,41,"Befreiung aus Zahar'ak",0,0,0,0,0,0,0,0,0,0,0,0,0,0,0,0,0,0,0,0,0,0,0,0
1730,1250,48,0,61413,41,"Flammende Fähnchen im Wind",0,0,0,0,0,0,0,0,0,0,0,0,0,0,0,0,0,0,0,0,0,0,0,0
1731,1251,48,0,61413,41,"Der letzte Funken erlischt",0,0,0,0,0,0,0,0,0,0,0,0,0,0,0,0,0,0,0,0,0,0,0,0
1732,1252,42,0,61419,42,"Der verschwundene Wissenschaftler",0,0,0,0,0,0,0,0,0,0,0,0,0,0,0,0,0,0,0,0,0,0,0,0
1733,1253,42,0,61419,42,"Die Legende des heiligen Kindes",429,0,0,0,0,0,0,0,0,0,0,0,0,0,0,0,0,0,0,0,0,0,0,0
1734,1254,45,0,61419,42,"Wiegenraub",0,0,0,0,0,0,0,0,0,0,0,0,0,0,0,0,0,0,0,0,0,0,0,0
1735,1255,48,0,61419,42,"Wiegenraub 2 - Wie gewonnen, so zerronnen",430,0,0,0,0,0,0,0,0,0,0,0,0,0,0,0,0,0,0,0,0,0,0,0
1736,1256,48,0,61419,42,"Die Geburt des heiligen Kindes",431,432,0,0,0,0,0,0,0,0,0,0,0,0,0,0,0,0,0,0,0,0,0,0
1737,1257,42,0,61413,43,"Geschenkt ist geschenkt",0,0,0,0,0,0,0,0,0,0,0,0,0,0,0,0,0,0,0,0,0,0,0,0
1738,1258,42,0,61413,43,"Zum Himmel stinkend",0,0,0,0,0,0,0,0,0,0,0,0,0,0,0,0,0,0,0,0,0,0,0,0
1739,1259,42,0,61413,43,"Die gestohlenen Kürbisse",0,0,0,0,0,0,0,0,0,0,0,0,0,0,0,0,0,0,0,0,0,0,0,0
1740,1260,42,0,61413,43,"In den Fängen der Großmäuler",0,0,0,0,0,0,0,0,0,0,0,0,0,0,0,0,0,0,0,0,0,0,0,0
1741,1261,42,0,61413,43,"Ritt auf der Goobbue",0,0,0,0,0,0,0,0,0,0,0,0,0,0,0,0,0,0,0,0,0,0,0,0
1742,1262,42,0,61413,43,"Keine Zeremonie ohne Kultobjekt",0,0,0,0,0,0,0,0,0,0,0,0,0,0,0,0,0,0,0,0,0,0,0,0
1743,1263,42,0,61413,43,"Ihr stinkenden Garlear!",0,0,0,0,0,0,0,0,0,0,0,0,0,0,0,0,0,0,0,0,0,0,0,0
1744,1264,42,0,61413,43,"Kampf der Kampfmaschine",0,0,0,0,0,0,0,0,0,0,0,0,0,0,0,0,0,0,0,0,0,0,0,0
1745,1265,42,0,61413,43,"Durchschaut!",0,0,0,0,0,0,0,0,0,0,0,0,0,0,0,0,0,0,0,0,0,0,0,0
1746,1266,42,0,61413,43,"Mir stinkt's",0,0,0,0,0,0,0,0,0,0,0,0,0,0,0,0,0,0,0,0,0,0,0,0
1747,1267,45,0,61413,43,"Geburtenkontrolle",0,0,0,0,0,0,0,0,0,0,0,0,0,0,0,0,0,0,0,0,0,0,0,0
1748,1268,45,0,61413,43,"Glasieren geht über Studieren",0,0,0,0,0,0,0,0,0,0,0,0,0,0,0,0,0,0,0,0,0,0,0,0
1749,1269,45,0,61413,43,"Mir stinkt's auch",0,0,0,0,0,0,0,0,0,0,0,0,0,0,0,0,0,0,0,0,0,0,0,0
1750,1270,45,0,61413,43,"Aufs Fahrrad geschwungen",0,0,0,0,0,0,0,0,0,0,0,0,0,0,0,0,0,0,0,0,0,0,0,0
1751,1271,45,0,61413,43,"Bombiges Niesen",0,0,0,0,0,0,0,0,0,0,0,0,0,0,0,0,0,0,0,0,0,0,0,0
1752,1272,45,0,61413,43,"Das gibt 'nen Riesenstunk",0,0,0,0,0,0,0,0,0,0,0,0,0,0,0,0,0,0,0,0,0,0,0,0
1753,1273,45,0,61413,43,"Wasserdieb und Pilzbefeuchter",0,0,0,0,0,0,0,0,0,0,0,0,0,0,0,0,0,0,0,0,0,0,0,0
1754,1274,45,0,61413,43,"Verkleidung des Jahres",0,0,0,0,0,0,0,0,0,0,0,0,0,0,0,0,0,0,0,0,0,0,0,0
1755,1275,45,0,61413,43,"Kürbisbombenüberraschung",0,0,0,0,0,0,0,0,0,0,0,0,0,0,0,0,0,0,0,0,0,0,0,0
1756,1276,45,0,61413,43,"Luftverschmutzung - Nein, danke",0,0,0,0,0,0,0,0,0,0,0,0,0,0,0,0,0,0,0,0,0,0,0,0
1757,1277,48,0,61413,43,"Frisch geerntet - Beste Qualiät",0,0,0,0,0,0,0,0,0,0,0,0,0,0,0,0,0,0,0,0,0,0,0,0
1758,1278,48,0,61413,43,"Kauen ist Zeit<hex:02160103>verschwen<hex:02160103>dung",0,0,0,0,0,0,0,0,0,0,0,0,0,0,0,0,0,0,0,0,0,0,0,0
1759,1279,48,0,61413,43,"Die Leiden der alten Wächter",0,0,0,0,0,0,0,0,0,0,0,0,0,0,0,0,0,0,0,0,0,0,0,0
1760,1280,48,0,61413,43,"Rufmord",0,0,0,0,0,0,0,0,0,0,0,0,0,0,0,0,0,0,0,0,0,0,0,0
1761,1281,48,0,61413,43,"Nebel des Grauens",0,0,0,0,0,0,0,0,0,0,0,0,0,0,0,0,0,0,0,0,0,0,0,0
1762,1282,48,0,61413,43,"Mondschleier gegen Dunstschleier",0,0,0,0,0,0,0,0,0,0,0,0,0,0,0,0,0,0,0,0,0,0,0,0
1763,1283,48,0,61413,43,"Wiegenrettung",0,0,0,0,0,0,0,0,0,0,0,0,0,0,0,0,0,0,0,0,0,0,0,0
1764,1284,48,0,61413,43,"Jetzt gibt's Keiler",0,0,0,0,0,0,0,0,0,0,0,0,0,0,0,0,0,0,0,0,0,0,0,0
1765,1285,48,0,61413,43,"Ein Bombenerfolg",0,0,0,0,0,0,0,0,0,0,0,0,0,0,0,0,0,0,0,0,0,0,0,0
1766,1286,48,0,61413,43,"Den Fluchhut ziehen",0,0,0,0,0,0,0,0,0,0,0,0,0,0,0,0,0,0,0,0,0,0,0,0
1767,1320,41,0,61419,44,"Der mysteriöse Salpeterraub",516,0,0,0,0,0,0,0,0,0,0,0,0,0,0,0,0,0,0,0,0,0,0,0
1768,1321,41,0,61419,44,"Ein Herz für Kobolde",517,0,0,0,0,0,0,0,0,0,0,0,0,0,0,0,0,0,0,0,0,0,0,0
1769,1322,44,0,61419,44,"Die Kobolde rüsten auf",0,0,0,0,0,0,0,0,0,0,0,0,0,0,0,0,0,0,0,0,0,0,0,0
1770,1323,48,0,61419,44,"Die Schöne und der Kobold",0,0,0,0,0,0,0,0,0,0,0,0,0,0,0,0,0,0,0,0,0,0,0,0
1771,1324,48,0,61419,44,"Sternstunde des 789. Ordens",518,519,0,0,0,0,0,0,0,0,0,0,0,0,0,0,0,0,0,0,0,0,0,0
1772,1325,41,0,61413,45,"Eisen gegen Essen",0,0,0,0,0,0,0,0,0,0,0,0,0,0,0,0,0,0,0,0,0,0,0,0
1773,1326,41,0,61413,45,"Delikate Würmer",0,0,0,0,0,0,0,0,0,0,0,0,0,0,0,0,0,0,0,0,0,0,0,0
1774,1327,41,0,61413,45,"Explosive Vorräte",0,0,0,0,0,0,0,0,0,0,0,0,0,0,0,0,0,0,0,0,0,0,0,0
1775,1328,41,0,61413,45,"Immer auf die Schwachen",0,0,0,0,0,0,0,0,0,0,0,0,0,0,0,0,0,0,0,0,0,0,0,0
1776,1329,41,0,61413,45,"Missratene Bomber",0,0,0,0,0,0,0,0,0,0,0,0,0,0,0,0,0,0,0,0,0,0,0,0
1777,1332,41,0,61413,45,"Unlauterer Wettbewerb",0,0,0,0,0,0,0,0,0,0,0,0,0,0,0,0,0,0,0,0,0,0,0,0
1778,1333,41,0,61413,45,"Aufgedrehte Bomber",0,0,0,0,0,0,0,0,0,0,0,0,0,0,0,0,0,0,0,0,0,0,0,0
1779,1330,41,0,61413,45,"Dreiste Gebietserweiterung",0,0,0,0,0,0,0,0,0,0,0,0,0,0,0,0,0,0,0,0,0,0,0,0
1780,1331,41,0,61413,45,"Aus dem Rennen gesprengt",0,0,0,0,0,0,0,0,0,0,0,0,0,0,0,0,0,0,0,0,0,0,0,0
1781,1334,41,0,61413,45,"Bombiger Betrug",0,0,0,0,0,0,0,0,0,0,0,0,0,0,0,0,0,0,0,0,0,0,0,0
1782,1335,44,0,61413,45,"Auf die Finger geschaut",0,0,0,0,0,0,0,0,0,0,0,0,0,0,0,0,0,0,0,0,0,0,0,0
1783,1337,44,0,61413,45,"Auf der faulen Kobold-Haut",0,0,0,0,0,0,0,0,0,0,0,0,0,0,0,0,0,0,0,0,0,0,0,0
1784,1338,44,0,61413,45,"Ebenso faul wie zornig",0,0,0,0,0,0,0,0,0,0,0,0,0,0,0,0,0,0,0,0,0,0,0,0
1785,1340,44,0,61413,45,"Golem-Sprengkommando",0,0,0,0,0,0,0,0,0,0,0,0,0,0,0,0,0,0,0,0,0,0,0,0
1786,1341,44,0,61413,45,"Sprengen aus Leidenschaft",0,0,0,0,0,0,0,0,0,0,0,0,0,0,0,0,0,0,0,0,0,0,0,0
1787,1342,44,0,61413,45,"Schatz<hex:02160103>suche im Labor",0,0,0,0,0,0,0,0,0,0,0,0,0,0,0,0,0,0,0,0,0,0,0,0
1788,1343,44,0,61413,45,"Aufmotzen für den Obermotz",0,0,0,0,0,0,0,0,0,0,0,0,0,0,0,0,0,0,0,0,0,0,0,0
1789,1336,44,0,61413,45,"Ein goldener Zinken",0,0,0,0,0,0,0,0,0,0,0,0,0,0,0,0,0,0,0,0,0,0,0,0
1790,1339,44,0,61413,45,"Bomber grün wie Grünspan",0,0,0,0,0,0,0,0,0,0,0,0,0,0,0,0,0,0,0,0,0,0,0,0
1791,1344,44,0,61413,45,"Express-Bomber",0,0,0,0,0,0,0,0,0,0,0,0,0,0,0,0,0,0,0,0,0,0,0,0
1792,1365,48,0,61413,45,"Elitäre Stinker",0,0,0,0,0,0,0,0,0,0,0,0,0,0,0,0,0,0,0,0,0,0,0,0
1793,1367,48,0,61413,45,"Verwöhnte Bomber",0,0,0,0,0,0,0,0,0,0,0,0,0,0,0,0,0,0,0,0,0,0,0,0
1794,1371,48,0,61413,45,"Material für Bomber",0,0,0,0,0,0,0,0,0,0,0,0,0,0,0,0,0,0,0,0,0,0,0,0
1795,1366,48,0,61413,45,"Ohne Teller keinen Brei",0,0,0,0,0,0,0,0,0,0,0,0,0,0,0,0,0,0,0,0,0,0,0,0
1796,1368,48,0,61413,45,"Bomber-Produktionsstätte",0,0,0,0,0,0,0,0,0,0,0,0,0,0,0,0,0,0,0,0,0,0,0,0
1797,1369,48,0,61413,45,"Schmackofatz",0,0,0,0,0,0,0,0,0,0,0,0,0,0,0,0,0,0,0,0,0,0,0,0
1798,1370,48,0,61413,45,"Tunnelbohrer ade!",0,0,0,0,0,0,0,0,0,0,0,0,0,0,0,0,0,0,0,0,0,0,0,0
1799,1364,48,0,61413,45,"Das Dobalos-Experiment",0,0,0,0,0,0,0,0,0,0,0,0,0,0,0,0,0,0,0,0,0,0,0,0
1800,1372,48,0,61413,45,"Demütigung des 59. Ordens",0,0,0,0,0,0,0,0,0,0,0,0,0,0,0,0,0,0,0,0,0,0,0,0
1801,1373,48,0,61413,45,"Haftung ausgeschlossen",0,0,0,0,0,0,0,0,0,0,0,0,0,0,0,0,0,0,0,0,0,0,0,0
1802,1374,44,0,61419,46,"Sie kamen aus der Tiefe",520,0,0,0,0,0,0,0,0,0,0,0,0,0,0,0,0,0,0,0,0,0,0,0
1803,1375,44,0,61419,46,"Klein, aber oho!",0,0,0,0,0,0,0,0,0,0,0,0,0,0,0,0,0,0,0,0,0,0,0,0
1804,1376,46,0,61419,46,"Der Scharlachrote Teufel",0,0,0,0,0,0,0,0,0,0,0,0,0,0,0,0,0,0,0,0,0,0,0,0
1805,1377,48,0,61419,46,"Geleitet von Zorn",521,0,0,0,0,0,0,0,0,0,0,0,0,0,0,0,0,0,0,0,0,0,0,0
1806,1378,48,0,61419,46,"Der letzte Ausweg",522,523,0,0,0,0,0,0,0,0,0,0,0,0,0,0,0,0,0,0,0,0,0,0
1807,1380,44,0,61413,47,"Flaggen müssen brennen",0,0,0,0,0,0,0,0,0,0,0,0,0,0,0,0,0,0,0,0,0,0,0,0
1808,1382,44,0,61413,47,"Teuflischer Grieß",0,0,0,0,0,0,0,0,0,0,0,0,0,0,0,0,0,0,0,0,0,0,0,0
1809,1385,44,0,61413,47,"Hungrige Mäuler",0,0,0,0,0,0,0,0,0,0,0,0,0,0,0,0,0,0,0,0,0,0,0,0
1810,1381,44,0,61413,47,"Dämme einreißen verboten",0,0,0,0,0,0,0,0,0,0,0,0,0,0,0,0,0,0,0,0,0,0,0,0
1811,1384,44,0,61413,47,"Harte Schale, weicher Kern",0,0,0,0,0,0,0,0,0,0,0,0,0,0,0,0,0,0,0,0,0,0,0,0
1812,1387,44,0,61413,47,"Wiederbeschaffungsdienst",0,0,0,0,0,0,0,0,0,0,0,0,0,0,0,0,0,0,0,0,0,0,0,0
1813,1388,44,0,61413,47,"Und bist du nicht willig",0,0,0,0,0,0,0,0,0,0,0,0,0,0,0,0,0,0,0,0,0,0,0,0
1814,1379,44,0,61413,47,"Voll der Stratege",0,0,0,0,0,0,0,0,0,0,0,0,0,0,0,0,0,0,0,0,0,0,0,0
1815,1383,44,0,61413,47,"Gehirnwäsche? Ohne mich!",0,0,0,0,0,0,0,0,0,0,0,0,0,0,0,0,0,0,0,0,0,0,0,0
1816,1386,44,0,61413,47,"Dominanz zeigen",0,0,0,0,0,0,0,0,0,0,0,0,0,0,0,0,0,0,0,0,0,0,0,0
1817,1390,46,0,61413,47,"Zaubert euch nach Hause!",0,0,0,0,0,0,0,0,0,0,0,0,0,0,0,0,0,0,0,0,0,0,0,0
1818,1391,46,0,61413,47,"Verwaltungsjagd",0,0,0,0,0,0,0,0,0,0,0,0,0,0,0,0,0,0,0,0,0,0,0,0
1819,1395,46,0,61413,47,"Von Pocken und Quallen",0,0,0,0,0,0,0,0,0,0,0,0,0,0,0,0,0,0,0,0,0,0,0,0
1820,1392,46,0,61413,47,"Falsch navigiert",0,0,0,0,0,0,0,0,0,0,0,0,0,0,0,0,0,0,0,0,0,0,0,0
1821,1393,46,0,61413,47,"Waffen aus der Tiefe",0,0,0,0,0,0,0,0,0,0,0,0,0,0,0,0,0,0,0,0,0,0,0,0
1822,1394,46,0,61413,47,"Waffen müssen brennen",0,0,0,0,0,0,0,0,0,0,0,0,0,0,0,0,0,0,0,0,0,0,0,0
1823,1398,46,0,61413,47,"Unreif für die Insel",0,0,0,0,0,0,0,0,0,0,0,0,0,0,0,0,0,0,0,0,0,0,0,0
1824,1396,46,0,61413,47,"Der General des Krieges",0,0,0,0,0,0,0,0,0,0,0,0,0,0,0,0,0,0,0,0,0,0,0,0
1825,1397,46,0,61413,47,"Vernebelt und entführt",0,0,0,0,0,0,0,0,0,0,0,0,0,0,0,0,0,0,0,0,0,0,0,0
1826,1399,46,0,61413,47,"Lehrstunde im Verdreschen",0,0,0,0,0,0,0,0,0,0,0,0,0,0,0,0,0,0,0,0,0,0,0,0
1827,1400,48,0,61413,47,"Anführer der Wasserflöhe",0,0,0,0,0,0,0,0,0,0,0,0,0,0,0,0,0,0,0,0,0,0,0,0
1828,1402,48,0,61413,47,"Besessen wider Willen",0,0,0,0,0,0,0,0,0,0,0,0,0,0,0,0,0,0,0,0,0,0,0,0
1829,1404,48,0,61413,47,"Begriffsstutzige Schlangen",0,0,0,0,0,0,0,0,0,0,0,0,0,0,0,0,0,0,0,0,0,0,0,0
1830,1401,48,0,61413,47,"Muschelwettrüsten",0,0,0,0,0,0,0,0,0,0,0,0,0,0,0,0,0,0,0,0,0,0,0,0
1831,1403,48,0,61413,47,"Flammen der Rache",0,0,0,0,0,0,0,0,0,0,0,0,0,0,0,0,0,0,0,0,0,0,0,0
1832,1405,48,0,61413,47,"Nahrung für die Brut",0,0,0,0,0,0,0,0,0,0,0,0,0,0,0,0,0,0,0,0,0,0,0,0
1833,1406,48,0,61413,47,"Flossen von den Schiffen!",0,0,0,0,0,0,0,0,0,0,0,0,0,0,0,0,0,0,0,0,0,0,0,0
1834,1407,48,0,61413,47,"Gekaperte Soldaten",0,0,0,0,0,0,0,0,0,0,0,0,0,0,0,0,0,0,0,0,0,0,0,0
1835,1408,48,0,61413,47,"Flammen an Bord",0,0,0,0,0,0,0,0,0,0,0,0,0,0,0,0,0,0,0,0,0,0,0,0
1836,1409,48,0,61413,47,"Schwer gezeichnet",0,0,0,0,0,0,0,0,0,0,0,0,0,0,0,0,0,0,0,0,0,0,0,0
1837,1486,1,0,61419,48,"Frei wie der Wind",0,0,0,0,0,0,0,0,0,0,0,0,0,0,0,0,0,0,0,0,0,0,0,0
1838,1487,1,0,61419,48," Griff nach den Sternen",673,0,0,0,0,0,0,0,0,0,0,0,0,0,0,0,0,0,0,0,0,0,0,0
1839,1488,1,2,61419,48," Pechvogel",674,0,0,0,0,0,0,0,0,0,0,0,0,0,0,0,0,0,0,0,0,0,0,0
1840,1489,1,5,61419,48," Der Traum vom Fliegen",675,0,0,0,0,0,0,0,0,0,0,0,0,0,0,0,0,0,0,0,0,0,0,0
1841,1490,1,9,61419,48," Gutes Rad ist teuer",676,0,0,0,0,0,0,0,0,0,0,0,0,0,0,0,0,0,0,0,0,0,0,0
1842,1491,1,14,61419,48," Im Schatten des Vaters",553,677,0,0,0,0,0,0,0,0,0,0,0,0,0,0,0,0,0,0,0,0,0,0
1843,1492,1,15,61419,48," Hinter schimmernden Gipfeln",678,0,0,0,0,0,0,0,0,0,0,0,0,0,0,0,0,0,0,0,0,0,0,0
1844,1493,1,17,61419,48," So hoch wie nie jemand zuvor",554,555,556,0,0,0,0,0,0,0,0,0,0,0,0,0,0,0,0,0,0,0,0,0
1845,1569,1,0,61413,49," Lieferauftrag",0,0,0,0,0,0,0,0,0,0,0,0,0,0,0,0,0,0,0,0,0,0,0,0
1846,1494,1,0,61413,49," Mit Bohnen fängt man Affen",0,0,0,0,0,0,0,0,0,0,0,0,0,0,0,0,0,0,0,0,0,0,0,0
1847,1495,1,0,61413,49," Schwanzfedern in Gefahr",0,0,0,0,0,0,0,0,0,0,0,0,0,0,0,0,0,0,0,0,0,0,0,0
1848,1496,1,0,61413,49," Raubvögel",0,0,0,0,0,0,0,0,0,0,0,0,0,0,0,0,0,0,0,0,0,0,0,0
1849,1497,1,0,61413,49," Sei eins mit dem Wind!",0,0,0,0,0,0,0,0,0,0,0,0,0,0,0,0,0,0,0,0,0,0,0,0
1850,1504,1,2,61413,49," Noch mehr Raubvögel",0,0,0,0,0,0,0,0,0,0,0,0,0,0,0,0,0,0,0,0,0,0,0,0
1851,1505,1,2,61413,49," Raubnager",0,0,0,0,0,0,0,0,0,0,0,0,0,0,0,0,0,0,0,0,0,0,0,0
1852,1506,1,2,61413,49," Steinhartes Material",0,0,0,0,0,0,0,0,0,0,0,0,0,0,0,0,0,0,0,0,0,0,0,0
1853,1507,1,2,61413,49," Hoch hinaus!",0,0,0,0,0,0,0,0,0,0,0,0,0,0,0,0,0,0,0,0,0,0,0,0
1854,1508,1,2,61413,49," Handwerker unter sich",0,0,0,0,0,0,0,0,0,0,0,0,0,0,0,0,0,0,0,0,0,0,0,0
1855,1514,1,5,61413,49," Und danke für den Fisch",0,0,0,0,0,0,0,0,0,0,0,0,0,0,0,0,0,0,0,0,0,0,0,0
1856,1515,1,5,61413,49," Ab durch die Wolken!",0,0,0,0,0,0,0,0,0,0,0,0,0,0,0,0,0,0,0,0,0,0,0,0
1857,1516,1,5,61413,49," Der geschorene Domigator",0,0,0,0,0,0,0,0,0,0,0,0,0,0,0,0,0,0,0,0,0,0,0,0
1858,1517,1,5,61413,49," Eine Hand wäscht die andere",0,0,0,0,0,0,0,0,0,0,0,0,0,0,0,0,0,0,0,0,0,0,0,0
1859,1518,1,5,61413,49," Treppauf, treppab",0,0,0,0,0,0,0,0,0,0,0,0,0,0,0,0,0,0,0,0,0,0,0,0
1860,1498,1,9,61413,49," Holz vor der Hütte",0,0,0,0,0,0,0,0,0,0,0,0,0,0,0,0,0,0,0,0,0,0,0,0
1861,1499,1,9,61413,49," Der Steinschweiger",0,0,0,0,0,0,0,0,0,0,0,0,0,0,0,0,0,0,0,0,0,0,0,0
1862,1500,1,9,61413,49," Krallen aus meiner Urne, kah!",0,0,0,0,0,0,0,0,0,0,0,0,0,0,0,0,0,0,0,0,0,0,0,0
1863,1501,1,9,61413,49," Hals- und Schwingenbruch",0,0,0,0,0,0,0,0,0,0,0,0,0,0,0,0,0,0,0,0,0,0,0,0
1864,1502,1,9,61413,49," Ehrliche Diebe",0,0,0,0,0,0,0,0,0,0,0,0,0,0,0,0,0,0,0,0,0,0,0,0
1865,1503,1,9,61413,49," Dullahan-Stahl",0,0,0,0,0,0,0,0,0,0,0,0,0,0,0,0,0,0,0,0,0,0,0,0
1866,1509,1,14,61413,49," Fischgalle gegen Pocken",0,0,0,0,0,0,0,0,0,0,0,0,0,0,0,0,0,0,0,0,0,0,0,0
1867,1510,1,14,61413,49," Luftschiffscheinwerfer",0,0,0,0,0,0,0,0,0,0,0,0,0,0,0,0,0,0,0,0,0,0,0,0
1868,1511,1,14,61413,49," Abgasinstallation",0,0,0,0,0,0,0,0,0,0,0,0,0,0,0,0,0,0,0,0,0,0,0,0
1869,1512,1,14,61413,49," Stinkeluft an Bord",0,0,0,0,0,0,0,0,0,0,0,0,0,0,0,0,0,0,0,0,0,0,0,0
1870,1513,1,14,61413,49," Innovationsschub",0,0,0,0,0,0,0,0,0,0,0,0,0,0,0,0,0,0,0,0,0,0,0,0
1871,1519,1,14,61413,49," Uneinsichtige Häretiker",0,0,0,0,0,0,0,0,0,0,0,0,0,0,0,0,0,0,0,0,0,0,0,0
1872,1520,1,15,61413,49," Fischt fette Fische",0,0,0,0,0,0,0,0,0,0,0,0,0,0,0,0,0,0,0,0,0,0,0,0
1873,1521,1,15,61413,49," Auf Reserve",0,0,0,0,0,0,0,0,0,0,0,0,0,0,0,0,0,0,0,0,0,0,0,0
1874,1522,1,15,61413,49," Nur die Suppe zählt",0,0,0,0,0,0,0,0,0,0,0,0,0,0,0,0,0,0,0,0,0,0,0,0
1875,1523,1,15,61413,49," Vom Lastschlitten gefallen",0,0,0,0,0,0,0,0,0,0,0,0,0,0,0,0,0,0,0,0,0,0,0,0
1876,1566,1,15,61413,49," Räumt den Ogerbauch auf",0,0,0,0,0,0,0,0,0,0,0,0,0,0,0,0,0,0,0,0,0,0,0,0
1877,1567,1,15,61413,49," Mit einem Bein im Nest",0,0,0,0,0,0,0,0,0,0,0,0,0,0,0,0,0,0,0,0,0,0,0,0
1878,1568,1,15,61413,49," Die Parolen der Urväter",0,0,0,0,0,0,0,0,0,0,0,0,0,0,0,0,0,0,0,0,0,0,0,0
1879,2164,50,0,61419,50," Neue Heimatinsel",1086,1081,0,0,0,0,0,0,0,0,0,0,0,0,0,0,0,0,0,0,0,0,0,0
1880,2165,50,0,61419,50," Gundo gegen Gundo",1109,0,0,0,0,0,0,0,0,0,0,0,0,0,0,0,0,0,0,0,0,0,0,0
1881,2166,50,0,61419,50," Freund<hex:02160103>schaftsknochen",1085,0,0,0,0,0,0,0,0,0,0,0,0,0,0,0,0,0,0,0,0,0,0,0
1882,2167,50,0,61419,50," Tanz der Geschwister",1087,1094,0,0,0,0,0,0,0,0,0,0,0,0,0,0,0,0,0,0,0,0,0,0
1883,2168,50,0,61419,50," Essen unter Freunden",1110,0,0,0,0,0,0,0,0,0,0,0,0,0,0,0,0,0,0,0,0,0,0,0
1884,2169,50,0,61419,50," Aufgeflogen",1095,0,0,0,0,0,0,0,0,0,0,0,0,0,0,0,0,0,0,0,0,0,0,0
1885,2170,50,0,61419,50," Lodernder Sonnentanz",1088,1096,0,0,0,0,0,0,0,0,0,0,0,0,0,0,0,0,0,0,0,0,0,0
1886,2225,50,0,61419,50,"Mehr als Worte sagen können",0,0,0,0,0,0,0,0,0,0,0,0,0,0,0,0,0,0,0,0,0,0,0,0
1887,2171,50,0,61413,51," Na-Vanu-eeh auf Patrouille",0,0,0,0,0,0,0,0,0,0,0,0,0,0,0,0,0,0,0,0,0,0,0,0
1888,2172,50,0,61413,51," Wertvolles Holz",0,0,0,0,0,0,0,0,0,0,0,0,0,0,0,0,0,0,0,0,0,0,0,0
1889,2173,50,0,61413,51," Von Böen verweht",0,0,0,0,0,0,0,0,0,0,0,0,0,0,0,0,0,0,0,0,0,0,0,0
1890,2174,50,0,61413,51," Ausgleichende Gerechtigkeit",0,0,0,0,0,0,0,0,0,0,0,0,0,0,0,0,0,0,0,0,0,0,0,0
1891,2175,50,0,61413,51," Windspecht",0,0,0,0,0,0,0,0,0,0,0,0,0,0,0,0,0,0,0,0,0,0,0,0
1892,2176,50,0,61413,51," Insel ohne Wasser",0,0,0,0,0,0,0,0,0,0,0,0,0,0,0,0,0,0,0,0,0,0,0,0
1893,2177,50,0,61413,51," Eierschmaus",0,0,0,0,0,0,0,0,0,0,0,0,0,0,0,0,0,0,0,0,0,0,0,0
1894,2178,50,0,61413,51," Halbstarke Vundo",0,0,0,0,0,0,0,0,0,0,0,0,0,0,0,0,0,0,0,0,0,0,0,0
1895,2179,50,0,61413,51," Späher ausspähen",0,0,0,0,0,0,0,0,0,0,0,0,0,0,0,0,0,0,0,0,0,0,0,0
1896,2180,50,0,61413,51," In der Mauser",0,0,0,0,0,0,0,0,0,0,0,0,0,0,0,0,0,0,0,0,0,0,0,0
1897,2181,50,0,61413,51," Erben der Erde",0,0,0,0,0,0,0,0,0,0,0,0,0,0,0,0,0,0,0,0,0,0,0,0
1898,2182,50,0,61413,51," Kalter Willkommensgruß",0,0,0,0,0,0,0,0,0,0,0,0,0,0,0,0,0,0,0,0,0,0,0,0
1899,2183,50,0,61413,51," Gefährliche Fanggründe",0,0,0,0,0,0,0,0,0,0,0,0,0,0,0,0,0,0,0,0,0,0,0,0
1900,2184,50,0,61413,51," Kalter Wind",0,0,0,0,0,0,0,0,0,0,0,0,0,0,0,0,0,0,0,0,0,0,0,0
1901,2185,50,0,61413,51," Nägel mit Vögeln",0,0,0,0,0,0,0,0,0,0,0,0,0,0,0,0,0,0,0,0,0,0,0,0
1902,2186,50,0,61413,51," Solide Arbeit",0,0,0,0,0,0,0,0,0,0,0,0,0,0,0,0,0,0,0,0,0,0,0,0
1903,2187,50,0,61413,51," Knochenarbeit",0,0,0,0,0,0,0,0,0,0,0,0,0,0,0,0,0,0,0,0,0,0,0,0
1904,2188,50,0,61413,51," Blau wie der Himmel",0,0,0,0,0,0,0,0,0,0,0,0,0,0,0,0,0,0,0,0,0,0,0,0
1905,2189,50,0,61413,51," Schwarzes Unheil",0,0,0,0,0,0,0,0,0,0,0,0,0,0,0,0,0,0,0,0,0,0,0,0
1906,2190,50,0,61413,51," Die Ehre der Ahnen",0,0,0,0,0,0,0,0,0,0,0,0,0,0,0,0,0,0,0,0,0,0,0,0
1907,2191,50,0,61413,51," Kleider machen Vanu",0,0,0,0,0,0,0,0,0,0,0,0,0,0,0,0,0,0,0,0,0,0,0,0
1908,2192,50,0,61413,51," Das Katzenorakel",0,0,0,0,0,0,0,0,0,0,0,0,0,0,0,0,0,0,0,0,0,0,0,0
1909,2193,50,0,61413,51," Liebe geht durch den Magen",0,0,0,0,0,0,0,0,0,0,0,0,0,0,0,0,0,0,0,0,0,0,0,0
1910,2194,50,0,61413,51," Ein federweiches Geschenk",0,0,0,0,0,0,0,0,0,0,0,0,0,0,0,0,0,0,0,0,0,0,0,0
1911,2195,50,0,61413,51," Brücke der Freund<hex:02160103>schaft",0,0,0,0,0,0,0,0,0,0,0,0,0,0,0,0,0,0,0,0,0,0,0,0
1912,2196,50,0,61413,51," Wettkampffieber",0,0,0,0,0,0,0,0,0,0,0,0,0,0,0,0,0,0,0,0,0,0,0,0
1913,2197,50,0,61413,51," Tanzfeuer",0,0,0,0,0,0,0,0,0,0,0,0,0,0,0,0,0,0,0,0,0,0,0,0
1914,2198,50,0,61413,51," Gefährlicher Tanzeifer",0,0,0,0,0,0,0,0,0,0,0,0,0,0,0,0,0,0,0,0,0,0,0,0
1915,2199,50,0,61413,51," Der tiefe Zorn der Ahnen",0,0,0,0,0,0,0,0,0,0,0,0,0,0,0,0,0,0,0,0,0,0,0,0
1916,2200,50,0,61413,51," Ein Schwall kalte Luft",0,0,0,0,0,0,0,0,0,0,0,0,0,0,0,0,0,0,0,0,0,0,0,0
1917,2255,50,0,61419,52," Ein namenloser Vath",1193,0,0,0,0,0,0,0,0,0,0,0,0,0,0,0,0,0,0,0,0,0,0,0
1918,2256,50,0,61419,52," Der Macher macht's",1190,1194,0,0,0,0,0,0,0,0,0,0,0,0,0,0,0,0,0,0,0,0,0,0
1919,2257,50,0,61419,52," Komische Begegnung",1195,0,0,0,0,0,0,0,0,0,0,0,0,0,0,0,0,0,0,0,0,0,0,0
1920,2258,50,0,61419,52," Der Unverbundenheitsbeweis",1191,1196,0,0,0,0,0,0,0,0,0,0,0,0,0,0,0,0,0,0,0,0,0,0
1921,2259,50,0,61419,52," Die Angst des Bindenden",1192,0,0,0,0,0,0,0,0,0,0,0,0,0,0,0,0,0,0,0,0,0,0,0
1922,2260,50,0,61419,52,"Symbiotische Freund<hex:02160103>schaft",0,0,0,0,0,0,0,0,0,0,0,0,0,0,0,0,0,0,0,0,0,0,0,0
1923,2261,50,0,61413,53," Seltsames Jägervolk",0,0,0,0,0,0,0,0,0,0,0,0,0,0,0,0,0,0,0,0,0,0,0,0
1924,2262,50,0,61413,53," Starker Tobak",0,0,0,0,0,0,0,0,0,0,0,0,0,0,0,0,0,0,0,0,0,0,0,0
1925,2263,50,0,61413,53," Insektenplage",0,0,0,0,0,0,0,0,0,0,0,0,0,0,0,0,0,0,0,0,0,0,0,0
1926,2264,50,0,61413,53," Ein gefährlicher Auftrag",0,0,0,0,0,0,0,0,0,0,0,0,0,0,0,0,0,0,0,0,0,0,0,0
1927,2265,50,0,61413,53," Ein riskanter Auftrag",0,0,0,0,0,0,0,0,0,0,0,0,0,0,0,0,0,0,0,0,0,0,0,0
1928,2266,50,0,61413,53," Unterschätze niemals einen Vath",0,0,0,0,0,0,0,0,0,0,0,0,0,0,0,0,0,0,0,0,0,0,0,0
1929,2267,50,0,61413,53," Tauziehen um Silbertaukraut",0,0,0,0,0,0,0,0,0,0,0,0,0,0,0,0,0,0,0,0,0,0,0,0
1930,2268,50,0,61413,53," Köstlicher Gammelwein",0,0,0,0,0,0,0,0,0,0,0,0,0,0,0,0,0,0,0,0,0,0,0,0
1931,2269,50,0,61413,53," Der Warentest",0,0,0,0,0,0,0,0,0,0,0,0,0,0,0,0,0,0,0,0,0,0,0,0
1932,2270,50,0,61413,53," Die richtige Entscheidung",0,0,0,0,0,0,0,0,0,0,0,0,0,0,0,0,0,0,0,0,0,0,0,0
1933,2271,50,0,61413,53," Urnen für Frohehalde",0,0,0,0,0,0,0,0,0,0,0,0,0,0,0,0,0,0,0,0,0,0,0,0
1934,2272,50,0,61413,53," Rauchsprüh gegen Juckenhaut",0,0,0,0,0,0,0,0,0,0,0,0,0,0,0,0,0,0,0,0,0,0,0,0
1935,2273,50,0,61413,53," Glibber-Genuss vom Fluss",0,0,0,0,0,0,0,0,0,0,0,0,0,0,0,0,0,0,0,0,0,0,0,0
1936,2274,50,0,61413,53," Die Kraft der zehn Kräuter",0,0,0,0,0,0,0,0,0,0,0,0,0,0,0,0,0,0,0,0,0,0,0,0
1937,2275,50,0,61413,53," Schatz<hex:02160103>suche am Trinär-Annex",0,0,0,0,0,0,0,0,0,0,0,0,0,0,0,0,0,0,0,0,0,0,0,0
1938,2276,50,0,61413,53," Der Haldrath-Floh",0,0,0,0,0,0,0,0,0,0,0,0,0,0,0,0,0,0,0,0,0,0,0,0
1939,2277,50,0,61413,53," Hoch hinaus",0,0,0,0,0,0,0,0,0,0,0,0,0,0,0,0,0,0,0,0,0,0,0,0
1940,2278,50,0,61413,53," Ausgebüxt",0,0,0,0,0,0,0,0,0,0,0,0,0,0,0,0,0,0,0,0,0,0,0,0
1941,2279,50,0,61413,53," Rauchende Schlote",0,0,0,0,0,0,0,0,0,0,0,0,0,0,0,0,0,0,0,0,0,0,0,0
1942,2280,50,0,61413,53," Vor Angst gelähmt",0,0,0,0,0,0,0,0,0,0,0,0,0,0,0,0,0,0,0,0,0,0,0,0
1943,2320,50,0,61419,54," Die falsche Nuss",1215,1219,0,0,0,0,0,0,0,0,0,0,0,0,0,0,0,0,0,0,0,0,0,0
1944,2321,50,0,61419,54," Stetes Hämmern höhlt den Stein",1218,1220,0,0,0,0,0,0,0,0,0,0,0,0,0,0,0,0,0,0,0,0,0,0
1945,2322,50,0,61419,54," Starke Freunde",1221,0,0,0,0,0,0,0,0,0,0,0,0,0,0,0,0,0,0,0,0,0,0,0
1946,2323,50,0,61419,54," Kein Brunnen ohne Wasser",1222,0,0,0,0,0,0,0,0,0,0,0,0,0,0,0,0,0,0,0,0,0,0,0
1947,2324,50,0,61419,54," Voll der Hammer, kupo!",1223,0,0,0,0,0,0,0,0,0,0,0,0,0,0,0,0,0,0,0,0,0,0,0
1948,2325,50,0,61419,54," Häretische Freund<hex:02160103>schaft",1216,1224,0,0,0,0,0,0,0,0,0,0,0,0,0,0,0,0,0,0,0,0,0,0
1949,2326,50,0,61419,54," In Gedenken an wahre Freund<hex:02160103>schaft",1217,0,0,0,0,0,0,0,0,0,0,0,0,0,0,0,0,0,0,0,0,0,0,0
1950,2327,50,0,61419,54,"Mach's gut, kupo! ",0,0,0,0,0,0,0,0,0,0,0,0,0,0,0,0,0,0,0,0,0,0,0,0
1951,2290,50,0,61413,55," Übung macht den Mogry-Meister",0,0,0,0,0,0,0,0,0,0,0,0,0,0,0,0,0,0,0,0,0,0,0,0
1952,2291,50,0,61413,55," Mogeks Fehleinschätzung",0,0,0,0,0,0,0,0,0,0,0,0,0,0,0,0,0,0,0,0,0,0,0,0
1953,2292,50,0,61413,55," Eine fundamental wichtige Aufgabe",0,0,0,0,0,0,0,0,0,0,0,0,0,0,0,0,0,0,0,0,0,0,0,0
1954,2293,50,0,61413,55," Mogeks Fehlkalkulation",0,0,0,0,0,0,0,0,0,0,0,0,0,0,0,0,0,0,0,0,0,0,0,0
1955,2294,50,0,61413,55," Glatt verputzt",0,0,0,0,0,0,0,0,0,0,0,0,0,0,0,0,0,0,0,0,0,0,0,0
1956,2295,50,0,61413,55," Nussige Belohnung",0,0,0,0,0,0,0,0,0,0,0,0,0,0,0,0,0,0,0,0,0,0,0,0
1957,2296,50,0,61413,55," Helle Ernte",0,0,0,0,0,0,0,0,0,0,0,0,0,0,0,0,0,0,0,0,0,0,0,0
1958,2297,50,0,61413,55," Fleißauffrischung",0,0,0,0,0,0,0,0,0,0,0,0,0,0,0,0,0,0,0,0,0,0,0,0
1959,2298,50,0,61413,55," Prächtig wie ein Klosterboden",0,0,0,0,0,0,0,0,0,0,0,0,0,0,0,0,0,0,0,0,0,0,0,0
1960,2299,50,0,61413,55," Sensible Sammler",0,0,0,0,0,0,0,0,0,0,0,0,0,0,0,0,0,0,0,0,0,0,0,0
1961,2300,50,0,61413,55," Quadratur der Kugel",0,0,0,0,0,0,0,0,0,0,0,0,0,0,0,0,0,0,0,0,0,0,0,0
1962,2301,50,0,61413,55," Fremde Gebräuche",0,0,0,0,0,0,0,0,0,0,0,0,0,0,0,0,0,0,0,0,0,0,0,0
1963,2302,50,0,61413,55," Angstmachern Angst machen",0,0,0,0,0,0,0,0,0,0,0,0,0,0,0,0,0,0,0,0,0,0,0,0
1964,2303,50,0,61413,55," Bommel-Diplomatie",0,0,0,0,0,0,0,0,0,0,0,0,0,0,0,0,0,0,0,0,0,0,0,0
1965,2304,50,0,61413,55," Erst die Arbeit, dann die Kupo-Nüsse",0,0,0,0,0,0,0,0,0,0,0,0,0,0,0,0,0,0,0,0,0,0,0,0
1966,2305,50,0,61413,55," Ein Brunnen für die Ewigkeit",0,0,0,0,0,0,0,0,0,0,0,0,0,0,0,0,0,0,0,0,0,0,0,0
1967,2306,50,0,61413,55," Ätherweckruf",0,0,0,0,0,0,0,0,0,0,0,0,0,0,0,0,0,0,0,0,0,0,0,0
1968,2307,50,0,61413,55," Freund<hex:02160103>schaft geht durch den Magen",0,0,0,0,0,0,0,0,0,0,0,0,0,0,0,0,0,0,0,0,0,0,0,0
1969,2308,50,0,61413,55," Hochgradige Sammlerexpertise",0,0,0,0,0,0,0,0,0,0,0,0,0,0,0,0,0,0,0,0,0,0,0,0
1970,2309,50,0,61413,55," Bleibende Werte",0,0,0,0,0,0,0,0,0,0,0,0,0,0,0,0,0,0,0,0,0,0,0,0
1971,2310,50,0,61413,55," Mogrys für Eorzea",0,0,0,0,0,0,0,0,0,0,0,0,0,0,0,0,0,0,0,0,0,0,0,0
1972,2311,50,0,61413,55," Spielkinder",0,0,0,0,0,0,0,0,0,0,0,0,0,0,0,0,0,0,0,0,0,0,0,0
1973,2312,50,0,61413,55," Rabiate Methoden",0,0,0,0,0,0,0,0,0,0,0,0,0,0,0,0,0,0,0,0,0,0,0,0
1974,2313,50,0,61413,55," Die Kneif-Kur",0,0,0,0,0,0,0,0,0,0,0,0,0,0,0,0,0,0,0,0,0,0,0,0
1975,2314,50,0,61413,55," Auf die Schnelle noch ne Fischfrikadelle",0,0,0,0,0,0,0,0,0,0,0,0,0,0,0,0,0,0,0,0,0,0,0,0
1976,2315,50,0,61413,55," Ende gut, Sammelwut",0,0,0,0,0,0,0,0,0,0,0,0,0,0,0,0,0,0,0,0,0,0,0,0
1977,2316,50,0,61413,55," Dankeschön Ishgarder Art",0,0,0,0,0,0,0,0,0,0,0,0,0,0,0,0,0,0,0,0,0,0,0,0
1978,2317,50,0,61413,55," Löchrige Planung",0,0,0,0,0,0,0,0,0,0,0,0,0,0,0,0,0,0,0,0,0,0,0,0
1979,2318,50,0,61413,55," Mit Zuckerbrot und Peitsche",0,0,0,0,0,0,0,0,0,0,0,0,0,0,0,0,0,0,0,0,0,0,0,0
1980,2319,50,0,61413,55," Weckruf des Drachen",0,0,0,0,0,0,0,0,0,0,0,0,0,0,0,0,0,0,0,0,0,0,0,0
1981,0,0,0,0,0,"",0,0,0,0,0,0,0,0,0,0,0,0,0,0,0,0,0,0,0,0,0,0,0,0
1982,2973,60,0,61419,56," Die blaue Schatzkammer",1653,1665,0,0,0,0,0,0,0,0,0,0,0,0,0,0,0,0,0,0,0,0,0,0
1983,2974,60,0,61419,56," Ein Wellengeneral schlägt Wellen",1656,0,0,0,0,0,0,0,0,0,0,0,0,0,0,0,0,0,0,0,0,0,0,0
1984,2975,60,0,61419,56," Der Wert der Freund<hex:02160103>schaft",1657,0,0,0,0,0,0,0,0,0,0,0,0,0,0,0,0,0,0,0,0,0,0,0
1985,2976,60,0,61419,56," Rotpanzer auf dem Vormarsch",1658,0,0,0,0,0,0,0,0,0,0,0,0,0,0,0,0,0,0,0,0,0,0,0
1986,2977,60,0,61419,56," Zoff auf Zekki",1654,1655,1659,0,0,0,0,0,0,0,0,0,0,0,0,0,0,0,0,0,0,0,0,0
1987,2978,60,0,61419,56," Tsuku-wer?",0,0,0,0,0,0,0,0,0,0,0,0,0,0,0,0,0,0,0,0,0,0,0,0
1988,2979,60,0,61413,57," Der Gestank der Niederlage",0,0,0,0,0,0,0,0,0,0,0,0,0,0,0,0,0,0,0,0,0,0,0,0
1989,2980,60,0,61413,57," Perlenhandel",0,0,0,0,0,0,0,0,0,0,0,0,0,0,0,0,0,0,0,0,0,0,0,0
1990,2981,60,0,61413,57," Das Reini<hex:02160103>gungs<hex:02160103>ritual",0,0,0,0,0,0,0,0,0,0,0,0,0,0,0,0,0,0,0,0,0,0,0,0
1991,2982,60,0,61413,57," Rochenfütterung",0,0,0,0,0,0,0,0,0,0,0,0,0,0,0,0,0,0,0,0,0,0,0,0
1992,2983,60,0,61413,57," Panzertöpfe",0,0,0,0,0,0,0,0,0,0,0,0,0,0,0,0,0,0,0,0,0,0,0,0
1993,2984,60,0,61413,57," Verköstigung der Konföderation",0,0,0,0,0,0,0,0,0,0,0,0,0,0,0,0,0,0,0,0,0,0,0,0
1994,2985,60,0,61413,57," Schatz<hex:02160103>sucherin mit Orientierungsproblemen",0,0,0,0,0,0,0,0,0,0,0,0,0,0,0,0,0,0,0,0,0,0,0,0
1995,2986,60,0,61413,57," Geschmacksache",0,0,0,0,0,0,0,0,0,0,0,0,0,0,0,0,0,0,0,0,0,0,0,0
1996,2987,60,0,61413,57," Vergesslicher Händler",0,0,0,0,0,0,0,0,0,0,0,0,0,0,0,0,0,0,0,0,0,0,0,0
1997,2988,60,0,61413,57," Duftspuren",0,0,0,0,0,0,0,0,0,0,0,0,0,0,0,0,0,0,0,0,0,0,0,0
1998,2989,60,0,61413,57," Sicherung des Höllenspunds",0,0,0,0,0,0,0,0,0,0,0,0,0,0,0,0,0,0,0,0,0,0,0,0
1999,2990,60,0,61413,57," Schatzsauger",0,0,0,0,0,0,0,0,0,0,0,0,0,0,0,0,0,0,0,0,0,0,0,0
2000,2991,60,0,61413,57," Nicht so schüchtern, Rochen",0,0,0,0,0,0,0,0,0,0,0,0,0,0,0,0,0,0,0,0,0,0,0,0
2001,2992,60,0,61413,57," Eigenwillige Truhen",0,0,0,0,0,0,0,0,0,0,0,0,0,0,0,0,0,0,0,0,0,0,0,0
2002,2993,60,0,61413,57," Handarbeit aus Isari",0,0,0,0,0,0,0,0,0,0,0,0,0,0,0,0,0,0,0,0,0,0,0,0
2003,2994,60,0,61413,57," Mondperlen",0,0,0,0,0,0,0,0,0,0,0,0,0,0,0,0,0,0,0,0,0,0,0,0
2004,2995,60,0,61413,57," Muschelsprengung",0,0,0,0,0,0,0,0,0,0,0,0,0,0,0,0,0,0,0,0,0,0,0,0
2005,2996,60,0,61413,57," Ein gutes Auge für Schätze",0,0,0,0,0,0,0,0,0,0,0,0,0,0,0,0,0,0,0,0,0,0,0,0
2006,2997,60,0,61413,57," Schatzmuscheln",0,0,0,0,0,0,0,0,0,0,0,0,0,0,0,0,0,0,0,0,0,0,0,0
2007,2998,60,0,61413,57," Kaviar macht Freunde",0,0,0,0,0,0,0,0,0,0,0,0,0,0,0,0,0,0,0,0,0,0,0,0
2008,2999,60,0,61413,57," Bombastische Abrüstung",0,0,0,0,0,0,0,0,0,0,0,0,0,0,0,0,0,0,0,0,0,0,0,0
2009,3000,60,0,61413,57," Oktopus-Fallen",0,0,0,0,0,0,0,0,0,0,0,0,0,0,0,0,0,0,0,0,0,0,0,0
2010,3001,60,0,61413,57," Heißblütiger Blaupanzer",0,0,0,0,0,0,0,0,0,0,0,0,0,0,0,0,0,0,0,0,0,0,0,0
2011,3002,60,0,61413,57," Bittere Lektion",0,0,0,0,0,0,0,0,0,0,0,0,0,0,0,0,0,0,0,0,0,0,0,0
2012,3036,60,0,61419,58," Grenzwache Velodyna",1670,0,0,0,0,0,0,0,0,0,0,0,0,0,0,0,0,0,0,0,0,0,0,0
2013,3037,60,0,61419,58," Von der Wildheit mhigischer Greifen ",1667,1671,0,0,0,0,0,0,0,0,0,0,0,0,0,0,0,0,0,0,0,0,0,0
2014,3038,60,0,61419,58," Wie man sich bettet",1672,0,0,0,0,0,0,0,0,0,0,0,0,0,0,0,0,0,0,0,0,0,0,0
2015,3039,60,0,61419,58," Liebe und andere Irrwege",1673,0,0,0,0,0,0,0,0,0,0,0,0,0,0,0,0,0,0,0,0,0,0,0
2016,3040,60,0,61419,58," Schwesternliebe, Schwesternhiebe",1668,1674,0,0,0,0,0,0,0,0,0,0,0,0,0,0,0,0,0,0,0,0,0,0
2017,3041,60,0,61419,58," Festessen über dem Velodyna",1669,0,0,0,0,0,0,0,0,0,0,0,0,0,0,0,0,0,0,0,0,0,0,0
2018,3043,60,0,61413,59," Robuste Konstruktion",0,0,0,0,0,0,0,0,0,0,0,0,0,0,0,0,0,0,0,0,0,0,0,0
2019,3044,60,0,61413,59," Schleimige Erzfeinde",0,0,0,0,0,0,0,0,0,0,0,0,0,0,0,0,0,0,0,0,0,0,0,0
2020,3045,60,0,61413,59," Vitale Bäume",0,0,0,0,0,0,0,0,0,0,0,0,0,0,0,0,0,0,0,0,0,0,0,0
2021,3046,60,0,61413,59," Kühlendes Moos",0,0,0,0,0,0,0,0,0,0,0,0,0,0,0,0,0,0,0,0,0,0,0,0
2022,3047,60,0,61413,59," Die Lebensader der Grenzwache",0,0,0,0,0,0,0,0,0,0,0,0,0,0,0,0,0,0,0,0,0,0,0,0
2023,3048,60,0,61413,59," Aromatische Ananta-Speise",0,0,0,0,0,0,0,0,0,0,0,0,0,0,0,0,0,0,0,0,0,0,0,0
2024,3049,60,0,61413,59," Das Geheimnis schöner Schuppen",0,0,0,0,0,0,0,0,0,0,0,0,0,0,0,0,0,0,0,0,0,0,0,0
2025,3050,60,0,61413,59," Olfaktorische Rauchzeichen",0,0,0,0,0,0,0,0,0,0,0,0,0,0,0,0,0,0,0,0,0,0,0,0
2026,3051,60,0,61413,59," Verbrecherjagd im Grenzland",0,0,0,0,0,0,0,0,0,0,0,0,0,0,0,0,0,0,0,0,0,0,0,0
2027,3052,60,0,61413,59," Streit unter Greifen",0,0,0,0,0,0,0,0,0,0,0,0,0,0,0,0,0,0,0,0,0,0,0,0
2028,3053,60,0,61413,59," Lektion in Demut",0,0,0,0,0,0,0,0,0,0,0,0,0,0,0,0,0,0,0,0,0,0,0,0
2029,3054,60,0,61413,59," Vom Jäger zum Gejagten",0,0,0,0,0,0,0,0,0,0,0,0,0,0,0,0,0,0,0,0,0,0,0,0
2030,3055,60,0,61413,59," Bissige Insekten",0,0,0,0,0,0,0,0,0,0,0,0,0,0,0,0,0,0,0,0,0,0,0,0
2031,3056,60,0,61413,59," Fetter Foper",0,0,0,0,0,0,0,0,0,0,0,0,0,0,0,0,0,0,0,0,0,0,0,0
2032,3042,60,0,61413,59," Steinige Zukunft",0,0,0,0,0,0,0,0,0,0,0,0,0,0,0,0,0,0,0,0,0,0,0,0
2033,3058,60,0,61413,59," Hungriger Maride",0,0,0,0,0,0,0,0,0,0,0,0,0,0,0,0,0,0,0,0,0,0,0,0
2034,3059,60,0,61413,59," Gefahr im Sand",0,0,0,0,0,0,0,0,0,0,0,0,0,0,0,0,0,0,0,0,0,0,0,0
2035,3060,60,0,61413,59," Herzen aus Stein",0,0,0,0,0,0,0,0,0,0,0,0,0,0,0,0,0,0,0,0,0,0,0,0
2036,3061,60,0,61413,59," Trampeltier",0,0,0,0,0,0,0,0,0,0,0,0,0,0,0,0,0,0,0,0,0,0,0,0
2037,3062,60,0,61413,59," Hartnäckige Flecken",0,0,0,0,0,0,0,0,0,0,0,0,0,0,0,0,0,0,0,0,0,0,0,0
2038,3063,60,0,61413,59," Die große Leuchte",0,0,0,0,0,0,0,0,0,0,0,0,0,0,0,0,0,0,0,0,0,0,0,0
2039,3057,60,0,61413,59," Geisterstunde",0,0,0,0,0,0,0,0,0,0,0,0,0,0,0,0,0,0,0,0,0,0,0,0
2040,3064,60,0,61413,59," Schwanzpflege",0,0,0,0,0,0,0,0,0,0,0,0,0,0,0,0,0,0,0,0,0,0,0,0
2041,3065,60,0,61413,59," Empfindliche Blumen",0,0,0,0,0,0,0,0,0,0,0,0,0,0,0,0,0,0,0,0,0,0,0,0
2042,3066,60,0,61413,59," Handels<hex:02160103>be<hex:02160103>ziehungen",0,0,0,0,0,0,0,0,0,0,0,0,0,0,0,0,0,0,0,0,0,0,0,0
2043,3067,60,0,61413,59," Sanitätsdienst",0,0,0,0,0,0,0,0,0,0,0,0,0,0,0,0,0,0,0,0,0,0,0,0
2044,3068,60,0,61413,59," Balsam für geschundene Soldaten",0,0,0,0,0,0,0,0,0,0,0,0,0,0,0,0,0,0,0,0,0,0,0,0
2045,3069,60,0,61413,59," Befiederung der Pfeile",0,0,0,0,0,0,0,0,0,0,0,0,0,0,0,0,0,0,0,0,0,0,0,0
2046,3096,60,0,61419,60,"Eine Schicksalsfffrage",1754,0,0,0,0,0,0,0,0,0,0,0,0,0,0,0,0,0,0,0,0,0,0,0
2047,3097,60,0,61419,60," Fffeierlicher Fffummel",1757,0,0,0,0,0,0,0,0,0,0,0,0,0,0,0,0,0,0,0,0,0,0,0
2048,3098,60,0,61419,60," Fffirlefanz fürs Opffferfest",1758,0,0,0,0,0,0,0,0,0,0,0,0,0,0,0,0,0,0,0,0,0,0,0
2049,3099,60,0,61419,60," Ein fffestlicher Umzug",1759,0,0,0,0,0,0,0,0,0,0,0,0,0,0,0,0,0,0,0,0,0,0,0
2050,3100,60,0,61419,60," Die Bräuche der Nomaden",1760,0,0,0,0,0,0,0,0,0,0,0,0,0,0,0,0,0,0,0,0,0,0,0
2051,3101,60,0,61419,60," Spiel mit dem Fffeuer",1755,1761,0,0,0,0,0,0,0,0,0,0,0,0,0,0,0,0,0,0,0,0,0,0
2052,3102,60,0,61419,60," Die Fffrüchte der Fffreundschaft",1756,0,0,0,0,0,0,0,0,0,0,0,0,0,0,0,0,0,0,0,0,0,0,0
2053,3103,60,0,61413,61," Tauschrausch",0,0,0,0,0,0,0,0,0,0,0,0,0,0,0,0,0,0,0,0,0,0,0,0
2054,3104,60,0,61413,61," Fffromme Fffische",0,0,0,0,0,0,0,0,0,0,0,0,0,0,0,0,0,0,0,0,0,0,0,0
2055,3105,60,0,61413,61," Reinlichkeitsfffimmel",0,0,0,0,0,0,0,0,0,0,0,0,0,0,0,0,0,0,0,0,0,0,0,0
2056,3106,60,0,61413,61," Höchst kultiviert",0,0,0,0,0,0,0,0,0,0,0,0,0,0,0,0,0,0,0,0,0,0,0,0
2057,3107,60,0,61413,61," Motivationshilfffe",0,0,0,0,0,0,0,0,0,0,0,0,0,0,0,0,0,0,0,0,0,0,0,0
2058,3108,60,0,61413,61," Auf gute Nachbarschaffft",0,0,0,0,0,0,0,0,0,0,0,0,0,0,0,0,0,0,0,0,0,0,0,0
2059,3109,60,0,61413,61," Wels ein Fffang!",0,0,0,0,0,0,0,0,0,0,0,0,0,0,0,0,0,0,0,0,0,0,0,0
2060,3110,60,0,61413,61," Eine Ffflosse wäscht die andere",0,0,0,0,0,0,0,0,0,0,0,0,0,0,0,0,0,0,0,0,0,0,0,0
2061,3111,60,0,61413,61," Ahnen, bringt uns Glück und Wohlstand",0,0,0,0,0,0,0,0,0,0,0,0,0,0,0,0,0,0,0,0,0,0,0,0
2062,3113,60,0,61413,61," Buuds geben Kraffft",0,0,0,0,0,0,0,0,0,0,0,0,0,0,0,0,0,0,0,0,0,0,0,0
2063,3114,60,0,61413,61," Heiliger Tee",0,0,0,0,0,0,0,0,0,0,0,0,0,0,0,0,0,0,0,0,0,0,0,0
2064,3120,60,0,61413,61," Operation „Amboss“",0,0,0,0,0,0,0,0,0,0,0,0,0,0,0,0,0,0,0,0,0,0,0,0
2065,3112,60,0,61413,61," Massenhaffft Mikoshi",0,0,0,0,0,0,0,0,0,0,0,0,0,0,0,0,0,0,0,0,0,0,0,0
2066,3115,60,0,61413,61," Wasshoi macht die Götter froh",0,0,0,0,0,0,0,0,0,0,0,0,0,0,0,0,0,0,0,0,0,0,0,0
2067,3117,60,0,61413,61," Es blubbert der Beat",0,0,0,0,0,0,0,0,0,0,0,0,0,0,0,0,0,0,0,0,0,0,0,0
2068,3119,60,0,61413,61," Konfffettifieber",0,0,0,0,0,0,0,0,0,0,0,0,0,0,0,0,0,0,0,0,0,0,0,0
2069,3121,60,0,61413,61," Kaum zu ertragen",0,0,0,0,0,0,0,0,0,0,0,0,0,0,0,0,0,0,0,0,0,0,0,0
2070,3122,60,0,61413,61," Geschmacksfffrage",0,0,0,0,0,0,0,0,0,0,0,0,0,0,0,0,0,0,0,0,0,0,0,0
2071,3127,60,0,61413,61," Heilsame Knallerei",0,0,0,0,0,0,0,0,0,0,0,0,0,0,0,0,0,0,0,0,0,0,0,0
2072,3116,60,0,61413,61," Da steht kein Pffferd aufm Flur",0,0,0,0,0,0,0,0,0,0,0,0,0,0,0,0,0,0,0,0,0,0,0,0
2073,3118,60,0,61413,61," Wenn er fffällt, dann schreit er",0,0,0,0,0,0,0,0,0,0,0,0,0,0,0,0,0,0,0,0,0,0,0,0
2074,3124,60,0,61413,61," Namazuo-Schießbude",0,0,0,0,0,0,0,0,0,0,0,0,0,0,0,0,0,0,0,0,0,0,0,0
2075,3126,60,0,61413,61," Fffestmahl für die Dotharl",0,0,0,0,0,0,0,0,0,0,0,0,0,0,0,0,0,0,0,0,0,0,0,0
2076,3128,60,0,61413,61," Kampfff der Kulturen",0,0,0,0,0,0,0,0,0,0,0,0,0,0,0,0,0,0,0,0,0,0,0,0
2077,3130,60,0,61413,61," Die Tanzffflosse schwingen",0,0,0,0,0,0,0,0,0,0,0,0,0,0,0,0,0,0,0,0,0,0,0,0
2078,3123,60,0,61413,61," Fffestliche Wurfffgeschosse",0,0,0,0,0,0,0,0,0,0,0,0,0,0,0,0,0,0,0,0,0,0,0,0
2079,3125,60,0,61413,61," Ohne Netz und doppelten Boden",0,0,0,0,0,0,0,0,0,0,0,0,0,0,0,0,0,0,0,0,0,0,0,0
2080,3129,60,0,61413,61," Paissa-Kämpfffe",0,0,0,0,0,0,0,0,0,0,0,0,0,0,0,0,0,0,0,0,0,0,0,0
2081,3683,70,0,61419,62," Zwischen Traum und Wachen",2205,2207,0,0,0,0,0,0,0,0,0,0,0,0,0,0,0,0,0,0,0,0,0,0
2082,3684,70,0,61419,62," Der Träume Pforten",2208,0,0,0,0,0,0,0,0,0,0,0,0,0,0,0,0,0,0,0,0,0,0,0
2083,3685,70,0,61419,62," Wehklagen, das durch Träume hallt",2209,0,0,0,0,0,0,0,0,0,0,0,0,0,0,0,0,0,0,0,0,0,0,0
2084,3686,70,0,61419,62," Das fünfte Portal",2210,0,0,0,0,0,0,0,0,0,0,0,0,0,0,0,0,0,0,0,0,0,0,0
2085,3687,70,0,61419,62," Trubel im Traumland",2229,2231,2206,2211,0,0,0,0,0,0,0,0,0,0,0,0,0,0,0,0,0,0,0,0
2086,3688,70,0,61419,62," Ein neuer Traum ist geboren",0,0,0,0,0,0,0,0,0,0,0,0,0,0,0,0,0,0,0,0,0,0,0,0
2087,3689,70,0,61413,63," Wie auf Wolle wandeln",0,0,0,0,0,0,0,0,0,0,0,0,0,0,0,0,0,0,0,0,0,0,0,0
2088,3690,70,0,61413,63," Blütenminiatur",0,0,0,0,0,0,0,0,0,0,0,0,0,0,0,0,0,0,0,0,0,0,0,0
2089,3691,70,0,61413,63," Pixie-Schätzchen",0,0,0,0,0,0,0,0,0,0,0,0,0,0,0,0,0,0,0,0,0,0,0,0
2090,3692,70,0,61413,63," Der Baum-Barbier",0,0,0,0,0,0,0,0,0,0,0,0,0,0,0,0,0,0,0,0,0,0,0,0
2091,3693,70,0,61413,63," Honigsüße Verführung",0,0,0,0,0,0,0,0,0,0,0,0,0,0,0,0,0,0,0,0,0,0,0,0
2092,3694,70,0,61413,63," Traumhafte Schatz<hex:02160103>suche",0,0,0,0,0,0,0,0,0,0,0,0,0,0,0,0,0,0,0,0,0,0,0,0
2093,3695,70,0,61413,63," Ver<hex:02160103>wand<hex:02160103>lungsfähiges Kraut",0,0,0,0,0,0,0,0,0,0,0,0,0,0,0,0,0,0,0,0,0,0,0,0
2094,3696,70,0,61413,63," Mehr Bommel braucht der Traum",0,0,0,0,0,0,0,0,0,0,0,0,0,0,0,0,0,0,0,0,0,0,0,0
2095,3697,70,0,61413,63," Fungizid",0,0,0,0,0,0,0,0,0,0,0,0,0,0,0,0,0,0,0,0,0,0,0,0
2096,3698,70,0,61413,63," Ein Rüssel für Süßes",0,0,0,0,0,0,0,0,0,0,0,0,0,0,0,0,0,0,0,0,0,0,0,0
2097,3699,70,0,61413,63," Sanft entschlummert",0,0,0,0,0,0,0,0,0,0,0,0,0,0,0,0,0,0,0,0,0,0,0,0
2098,3700,70,0,61413,63," Der Traum vom Segeln",0,0,0,0,0,0,0,0,0,0,0,0,0,0,0,0,0,0,0,0,0,0,0,0
2099,3701,70,0,61413,63," Ein Leben für die Schafe",0,0,0,0,0,0,0,0,0,0,0,0,0,0,0,0,0,0,0,0,0,0,0,0
2100,3702,70,0,61413,63," Welch unerwartete Überraschung",0,0,0,0,0,0,0,0,0,0,0,0,0,0,0,0,0,0,0,0,0,0,0,0
2101,3703,70,0,61413,63," Befremdlicher Fremder",0,0,0,0,0,0,0,0,0,0,0,0,0,0,0,0,0,0,0,0,0,0,0,0
2102,3704,70,0,61413,63," Feengold",0,0,0,0,0,0,0,0,0,0,0,0,0,0,0,0,0,0,0,0,0,0,0,0
2103,3705,70,0,61413,63," Buntes Schauspiel",0,0,0,0,0,0,0,0,0,0,0,0,0,0,0,0,0,0,0,0,0,0,0,0
2104,3706,70,0,61413,63," Kühles Nass im Überfluss",0,0,0,0,0,0,0,0,0,0,0,0,0,0,0,0,0,0,0,0,0,0,0,0
2105,3707,70,0,61413,63," Unaussprechliche Gefahr",0,0,0,0,0,0,0,0,0,0,0,0,0,0,0,0,0,0,0,0,0,0,0,0
2106,3708,70,0,61413,63," Ein prachtvolles Gefolge",0,0,0,0,0,0,0,0,0,0,0,0,0,0,0,0,0,0,0,0,0,0,0,0
2107,3709,70,0,61413,63," Im Traum ist der Wurm drin",0,0,0,0,0,0,0,0,0,0,0,0,0,0,0,0,0,0,0,0,0,0,0,0
2108,3710,70,0,61413,63," Ein nicht ganz ungefährlicher Spaß",0,0,0,0,0,0,0,0,0,0,0,0,0,0,0,0,0,0,0,0,0,0,0,0
2109,3711,70,0,61413,63," Das Pilzversteck",0,0,0,0,0,0,0,0,0,0,0,0,0,0,0,0,0,0,0,0,0,0,0,0
2110,3712,70,0,61413,63," Verstecken will gelernt sein",0,0,0,0,0,0,0,0,0,0,0,0,0,0,0,0,0,0,0,0,0,0,0,0
2111,3713,70,0,61413,63," Helfer in Not",0,0,0,0,0,0,0,0,0,0,0,0,0,0,0,0,0,0,0,0,0,0,0,0
2112,3714,70,0,61413,63," Die Nase voll",0,0,0,0,0,0,0,0,0,0,0,0,0,0,0,0,0,0,0,0,0,0,0,0
2113,3715,70,0,61413,63," Traumschaukel",0,0,0,0,0,0,0,0,0,0,0,0,0,0,0,0,0,0,0,0,0,0,0,0
2114,3716,70,0,61413,63," Liebestrankexperiment",0,0,0,0,0,0,0,0,0,0,0,0,0,0,0,0,0,0,0,0,0,0,0,0
2115,3794,70,0,61419,64," Ein Tapsen im Walde",2269,2264,0,0,0,0,0,0,0,0,0,0,0,0,0,0,0,0,0,0,0,0,0,0
2116,3795,70,0,61419,64," Das Gebet der Nacht",2270,0,0,0,0,0,0,0,0,0,0,0,0,0,0,0,0,0,0,0,0,0,0,0
2117,3800,70,0,61419,64," Erster Gedenkstein: Eroberung",2265,0,0,0,0,0,0,0,0,0,0,0,0,0,0,0,0,0,0,0,0,0,0,0
2118,3801,70,0,61419,64," Erster Gedenkstein: Rettung",2265,0,0,0,0,0,0,0,0,0,0,0,0,0,0,0,0,0,0,0,0,0,0,0
2119,3796,70,0,61419,64," Für den Gott der Unterwelt",2307,0,0,0,0,0,0,0,0,0,0,0,0,0,0,0,0,0,0,0,0,0,0,0
2120,3802,70,0,61419,64," Zweiter Gedenkstein: Jagd",2266,0,0,0,0,0,0,0,0,0,0,0,0,0,0,0,0,0,0,0,0,0,0,0
2121,3803,70,0,61419,64," Zweiter Gedenkstein: Freund<hex:02160103>schaft",2266,0,0,0,0,0,0,0,0,0,0,0,0,0,0,0,0,0,0,0,0,0,0,0
2122,3797,70,0,61419,64," Grabende Pfoten, fiebrige Nasen",2308,0,0,0,0,0,0,0,0,0,0,0,0,0,0,0,0,0,0,0,0,0,0,0
2123,3804,70,0,61419,64," Dritter Gedenkstein: Untergang",2267,0,0,0,0,0,0,0,0,0,0,0,0,0,0,0,0,0,0,0,0,0,0,0
2124,3805,70,0,61419,64," Dritter Gedenkstein: Welsleute",2267,0,0,0,0,0,0,0,0,0,0,0,0,0,0,0,0,0,0,0,0,0,0,0
2125,3798,70,0,61419,64," Ein „famooser“ Einfall",2309,2268,0,0,0,0,0,0,0,0,0,0,0,0,0,0,0,0,0,0,0,0,0,0
2126,3799,70,0,61419,64," Worte der Dankbarkeit",2271,0,0,0,0,0,0,0,0,0,0,0,0,0,0,0,0,0,0,0,0,0,0,0
2127,3806,70,0,61413,65," Werkzeug für Grabende Pfoten",0,0,0,0,0,0,0,0,0,0,0,0,0,0,0,0,0,0,0,0,0,0,0,0
2128,3807,70,0,61413,65," Licht in Dunkelwelt",0,0,0,0,0,0,0,0,0,0,0,0,0,0,0,0,0,0,0,0,0,0,0,0
2129,3808,70,0,61413,65," Wenn Grabende Pfoten ruhen",0,0,0,0,0,0,0,0,0,0,0,0,0,0,0,0,0,0,0,0,0,0,0,0
2130,3809,70,0,61413,65," Futter für kauende Mäuler",0,0,0,0,0,0,0,0,0,0,0,0,0,0,0,0,0,0,0,0,0,0,0,0
2131,3810,70,0,61413,65," Eine Pfote wäscht die andere",0,0,0,0,0,0,0,0,0,0,0,0,0,0,0,0,0,0,0,0,0,0,0,0
2132,3811,70,0,61413,65," Nur satte Pfoten graben",0,0,0,0,0,0,0,0,0,0,0,0,0,0,0,0,0,0,0,0,0,0,0,0
2133,3812,70,0,61413,65," Olfaktorische Orientierung",0,0,0,0,0,0,0,0,0,0,0,0,0,0,0,0,0,0,0,0,0,0,0,0
2134,3813,70,0,61413,65," Steinerne Freund<hex:02160103>schaft",0,0,0,0,0,0,0,0,0,0,0,0,0,0,0,0,0,0,0,0,0,0,0,0
2135,3814,70,0,61413,65," Gebete und Gift",0,0,0,0,0,0,0,0,0,0,0,0,0,0,0,0,0,0,0,0,0,0,0,0
2136,3815,70,0,61413,65," Wunde Pfoten",0,0,0,0,0,0,0,0,0,0,0,0,0,0,0,0,0,0,0,0,0,0,0,0
2137,3816,70,0,61413,65," Färbende Pfoten",0,0,0,0,0,0,0,0,0,0,0,0,0,0,0,0,0,0,0,0,0,0,0,0
2138,3817,70,0,61413,65," Der Staub eines harten Tages",0,0,0,0,0,0,0,0,0,0,0,0,0,0,0,0,0,0,0,0,0,0,0,0
2139,3818,70,0,61413,65," Erhaltenswertes Erbe",0,0,0,0,0,0,0,0,0,0,0,0,0,0,0,0,0,0,0,0,0,0,0,0
2140,3819,70,0,61413,65," La-hee",0,0,0,0,0,0,0,0,0,0,0,0,0,0,0,0,0,0,0,0,0,0,0,0
2141,3820,70,0,61413,65," Lichtecht und wasserfest",0,0,0,0,0,0,0,0,0,0,0,0,0,0,0,0,0,0,0,0,0,0,0,0
2142,3821,70,0,61413,65," Haltbare Nachbarschaft",0,0,0,0,0,0,0,0,0,0,0,0,0,0,0,0,0,0,0,0,0,0,0,0
2143,3822,70,0,61413,65," Ein explosives Rezept",0,0,0,0,0,0,0,0,0,0,0,0,0,0,0,0,0,0,0,0,0,0,0,0
2144,3823,70,0,61413,65," Das Wasserschlangenwunder",0,0,0,0,0,0,0,0,0,0,0,0,0,0,0,0,0,0,0,0,0,0,0,0
2145,3824,70,0,61413,65," Himmlisch hymnisch",0,0,0,0,0,0,0,0,0,0,0,0,0,0,0,0,0,0,0,0,0,0,0,0
2146,3825,70,0,61413,65," Steinkosmetik",0,0,0,0,0,0,0,0,0,0,0,0,0,0,0,0,0,0,0,0,0,0,0,0
2147,3826,70,0,61413,65," Ein sehr wertvoller Schatz",0,0,0,0,0,0,0,0,0,0,0,0,0,0,0,0,0,0,0,0,0,0,0,0
2148,3827,70,0,61413,65," Schni-schna-schnappi",0,0,0,0,0,0,0,0,0,0,0,0,0,0,0,0,0,0,0,0,0,0,0,0
2149,3828,70,0,61413,65," Qitari-Kraftnahrung",0,0,0,0,0,0,0,0,0,0,0,0,0,0,0,0,0,0,0,0,0,0,0,0
2150,3829,70,0,61413,65," Eine feine Leckerei oder zwei",0,0,0,0,0,0,0,0,0,0,0,0,0,0,0,0,0,0,0,0,0,0,0,0
2151,3830,70,0,61413,65," Gut gerüstet in den Tag",0,0,0,0,0,0,0,0,0,0,0,0,0,0,0,0,0,0,0,0,0,0,0,0
2152,3831,70,0,61413,65," Kavernenkantine",0,0,0,0,0,0,0,0,0,0,0,0,0,0,0,0,0,0,0,0,0,0,0,0
2153,3832,70,0,61413,65," Der unergründliche Wille der Schlange",0,0,0,0,0,0,0,0,0,0,0,0,0,0,0,0,0,0,0,0,0,0,0,0
2154,3833,70,0,61413,65," Wer schreibt, der bleibt",0,0,0,0,0,0,0,0,0,0,0,0,0,0,0,0,0,0,0,0,0,0,0,0
2155,3896,70,0,61419,66," Zwei Bärte können mehr als einer",2353,2356,0,0,0,0,0,0,0,0,0,0,0,0,0,0,0,0,0,0,0,0,0,0
2156,3897,70,0,61419,66," Eine Gogg sorgt für frischen Wind",2357,0,0,0,0,0,0,0,0,0,0,0,0,0,0,0,0,0,0,0,0,0,0,0
2157,3898,70,0,61419,66," Tee, Zwillinge und Zwergenpanzer",2358,0,0,0,0,0,0,0,0,0,0,0,0,0,0,0,0,0,0,0,0,0,0,0
2158,3899,70,0,61419,66," Watts' Weg",2359,0,0,0,0,0,0,0,0,0,0,0,0,0,0,0,0,0,0,0,0,0,0,0
2159,3900,70,0,61419,66," Die Produktion rollt",2360,2354,0,0,0,0,0,0,0,0,0,0,0,0,0,0,0,0,0,0,0,0,0,0
2160,3901,70,0,61419,66," Zwergenpanzer für Norvrandts Frieden",2355,0,0,0,0,0,0,0,0,0,0,0,0,0,0,0,0,0,0,0,0,0,0,0
2161,3902,70,0,61413,67," Hilfe für die Nachbarschaftshilfe",0,0,0,0,0,0,0,0,0,0,0,0,0,0,0,0,0,0,0,0,0,0,0,0
2162,3903,70,0,61413,67," Wer sein Bärtchen hegt, der pflegt",0,0,0,0,0,0,0,0,0,0,0,0,0,0,0,0,0,0,0,0,0,0,0,0
2163,3904,70,0,61413,67," Stück für Stück zum Zwergenpanzerglück",0,0,0,0,0,0,0,0,0,0,0,0,0,0,0,0,0,0,0,0,0,0,0,0
2164,3905,70,0,61413,67," Süße Gremlinscheuche",0,0,0,0,0,0,0,0,0,0,0,0,0,0,0,0,0,0,0,0,0,0,0,0
2165,3906,70,0,61413,67," Ein Eisenbart auf Achse",0,0,0,0,0,0,0,0,0,0,0,0,0,0,0,0,0,0,0,0,0,0,0,0
2166,3907,70,0,61413,67," Qualitätsschreibwaren für den Werkstattsbedarf",0,0,0,0,0,0,0,0,0,0,0,0,0,0,0,0,0,0,0,0,0,0,0,0
2167,3908,70,0,61413,67," Immer die gleiche Platte",0,0,0,0,0,0,0,0,0,0,0,0,0,0,0,0,0,0,0,0,0,0,0,0
2168,3909,70,0,61413,67," Ein ansprechendes Wesen",0,0,0,0,0,0,0,0,0,0,0,0,0,0,0,0,0,0,0,0,0,0,0,0
2169,3910,70,0,61413,67," Die Fassproduktion kommt ins Rollen",0,0,0,0,0,0,0,0,0,0,0,0,0,0,0,0,0,0,0,0,0,0,0,0
2170,3911,70,0,61413,67," Und er läuft und läuft und läuft",0,0,0,0,0,0,0,0,0,0,0,0,0,0,0,0,0,0,0,0,0,0,0,0
2171,3912,70,0,61413,67," Lass es krachen!",0,0,0,0,0,0,0,0,0,0,0,0,0,0,0,0,0,0,0,0,0,0,0,0
2172,3913,70,0,61413,67," Spritziger Sprit",0,0,0,0,0,0,0,0,0,0,0,0,0,0,0,0,0,0,0,0,0,0,0,0
2173,3914,70,0,61413,67," Heißgelaufen",0,0,0,0,0,0,0,0,0,0,0,0,0,0,0,0,0,0,0,0,0,0,0,0
2174,3915,70,0,61413,67," Alles klar an der Bar?",0,0,0,0,0,0,0,0,0,0,0,0,0,0,0,0,0,0,0,0,0,0,0,0
2175,3916,70,0,61413,67," Eisenbart entlaufen",0,0,0,0,0,0,0,0,0,0,0,0,0,0,0,0,0,0,0,0,0,0,0,0
2176,3917,70,0,61413,67," Heiße Ware",0,0,0,0,0,0,0,0,0,0,0,0,0,0,0,0,0,0,0,0,0,0,0,0
2177,3918,70,0,61413,67," Alles Verhandlungssache",0,0,0,0,0,0,0,0,0,0,0,0,0,0,0,0,0,0,0,0,0,0,0,0
2178,3919,70,0,61413,67," Tanzt du noch oder verkaufst du schon?",0,0,0,0,0,0,0,0,0,0,0,0,0,0,0,0,0,0,0,0,0,0,0,0
2179,3920,70,0,61413,67," Ziele setzen",0,0,0,0,0,0,0,0,0,0,0,0,0,0,0,0,0,0,0,0,0,0,0,0
2180,3921,70,0,61413,67," Unkaputtbar",0,0,0,0,0,0,0,0,0,0,0,0,0,0,0,0,0,0,0,0,0,0,0,0
2181,3922,70,0,61413,67," Die Drei von der Badestelle",0,0,0,0,0,0,0,0,0,0,0,0,0,0,0,0,0,0,0,0,0,0,0,0
2182,3923,70,0,61413,67," Zielsicher zum Abschluss",0,0,0,0,0,0,0,0,0,0,0,0,0,0,0,0,0,0,0,0,0,0,0,0
2183,3924,70,0,61413,67," Kunterbunte Muntermacher",0,0,0,0,0,0,0,0,0,0,0,0,0,0,0,0,0,0,0,0,0,0,0,0
2184,3925,70,0,61413,67," Hoppla, jetzt komm ich!",0,0,0,0,0,0,0,0,0,0,0,0,0,0,0,0,0,0,0,0,0,0,0,0
2185,3926,70,0,61413,67," Kein Trink-Wässerchen",0,0,0,0,0,0,0,0,0,0,0,0,0,0,0,0,0,0,0,0,0,0,0,0
2186,3927,70,0,61413,67," Fernreparaturen",0,0,0,0,0,0,0,0,0,0,0,0,0,0,0,0,0,0,0,0,0,0,0,0
2187,3928,70,0,61413,67," Hoppla, kommt da wer?",0,0,0,0,0,0,0,0,0,0,0,0,0,0,0,0,0,0,0,0,0,0,0,0
2188,3929,70,0,61413,67," Getestet und für gut befunden",0,0,0,0,0,0,0,0,0,0,0,0,0,0,0,0,0,0,0,0,0,0,0,0
2189,4545,80,0,61419,68," Die rasenden Flusspferde von Thavnair",2843,2838,0,0,0,0,0,0,0,0,0,0,0,0,0,0,0,0,0,0,0,0,0,0
2190,4546,80,0,61419,68," Schneller ist besser",2839,0,0,0,0,0,0,0,0,0,0,0,0,0,0,0,0,0,0,0,0,0,0,0
2191,4547,80,0,61419,68," Sauryamäßig schlecht gelaunt",2840,0,0,0,0,0,0,0,0,0,0,0,0,0,0,0,0,0,0,0,0,0,0,0
2192,4548,80,0,61419,68," Der große Acala",2841,0,0,0,0,0,0,0,0,0,0,0,0,0,0,0,0,0,0,0,0,0,0,0
2193,4549,80,0,61419,68," Hippohott!",2844,2842,0,0,0,0,0,0,0,0,0,0,0,0,0,0,0,0,0,0,0,0,0,0
2194,4550,80,0,61419,68," Eine geschenkte Gelegenheit",0,0,0,0,0,0,0,0,0,0,0,0,0,0,0,0,0,0,0,0,0,0,0,0
2195,4551,80,0,61413,69," Handzettel der Hipporaser",0,0,0,0,0,0,0,0,0,0,0,0,0,0,0,0,0,0,0,0,0,0,0,0
2196,4552,80,0,61413,69," Lieferung aus Übersee",0,0,0,0,0,0,0,0,0,0,0,0,0,0,0,0,0,0,0,0,0,0,0,0
2197,4553,80,0,61413,69," Ranken für die Hippowagen",0,0,0,0,0,0,0,0,0,0,0,0,0,0,0,0,0,0,0,0,0,0,0,0
2198,4554,80,0,61413,69," Auf der Spur des vermissten Hipporasers",0,0,0,0,0,0,0,0,0,0,0,0,0,0,0,0,0,0,0,0,0,0,0,0
2199,4555,80,0,61413,69," Göttlicher Beistand für die Hipporaser",0,0,0,0,0,0,0,0,0,0,0,0,0,0,0,0,0,0,0,0,0,0,0,0
2200,4556,80,0,61413,69," Reden will gelernt sein",0,0,0,0,0,0,0,0,0,0,0,0,0,0,0,0,0,0,0,0,0,0,0,0
2201,4557,80,0,61413,69," Farbenfroher Segen",0,0,0,0,0,0,0,0,0,0,0,0,0,0,0,0,0,0,0,0,0,0,0,0
2202,4558,80,0,61413,69," Hipporaser lieben Hamsa-Eier",0,0,0,0,0,0,0,0,0,0,0,0,0,0,0,0,0,0,0,0,0,0,0,0
2203,4559,80,0,61413,69," Aus gutem Grund",0,0,0,0,0,0,0,0,0,0,0,0,0,0,0,0,0,0,0,0,0,0,0,0
2204,4560,80,0,61413,69," Kostbare Meeresblumen",0,0,0,0,0,0,0,0,0,0,0,0,0,0,0,0,0,0,0,0,0,0,0,0
2205,4561,80,0,61413,69," Köstliche Geschenke",0,0,0,0,0,0,0,0,0,0,0,0,0,0,0,0,0,0,0,0,0,0,0,0
2206,4562,80,0,61413,69," Verwertung von Essensresten",0,0,0,0,0,0,0,0,0,0,0,0,0,0,0,0,0,0,0,0,0,0,0,0
2207,4563,80,0,61413,69," Stinkende Asvattha-Knospen",0,0,0,0,0,0,0,0,0,0,0,0,0,0,0,0,0,0,0,0,0,0,0,0
2208,4564,80,0,61413,69," Glücksverheißende Düfte",0,0,0,0,0,0,0,0,0,0,0,0,0,0,0,0,0,0,0,0,0,0,0,0
2209,4565,80,0,61413,69," Schreckhafte Flusspferde",0,0,0,0,0,0,0,0,0,0,0,0,0,0,0,0,0,0,0,0,0,0,0,0
2210,4566,80,0,61413,69," Flusspferdseife",0,0,0,0,0,0,0,0,0,0,0,0,0,0,0,0,0,0,0,0,0,0,0,0
2211,4567,80,0,61413,69," Nur das beste Futter",0,0,0,0,0,0,0,0,0,0,0,0,0,0,0,0,0,0,0,0,0,0,0,0
2212,4568,80,0,61413,69," Es will doch nur fressen",0,0,0,0,0,0,0,0,0,0,0,0,0,0,0,0,0,0,0,0,0,0,0,0
2213,4569,80,0,61413,69," Gefährliche Eckzähne",0,0,0,0,0,0,0,0,0,0,0,0,0,0,0,0,0,0,0,0,0,0,0,0
2214,4570,80,0,61413,69," Natürliche Imprägnierung",0,0,0,0,0,0,0,0,0,0,0,0,0,0,0,0,0,0,0,0,0,0,0,0
2215,4571,80,0,61413,69," Dick, aber empfindlich",0,0,0,0,0,0,0,0,0,0,0,0,0,0,0,0,0,0,0,0,0,0,0,0
2216,4572,80,0,61413,69," Anregendes Nebenprodukt",0,0,0,0,0,0,0,0,0,0,0,0,0,0,0,0,0,0,0,0,0,0,0,0
2217,4573,80,0,61413,69," Schmackhaftes Moos",0,0,0,0,0,0,0,0,0,0,0,0,0,0,0,0,0,0,0,0,0,0,0,0
2218,4574,80,0,61413,69," Bezahlt eure Rechnung!",0,0,0,0,0,0,0,0,0,0,0,0,0,0,0,0,0,0,0,0,0,0,0,0
2219,4575,80,0,61413,69," Lieferung an das Himmelsheer",0,0,0,0,0,0,0,0,0,0,0,0,0,0,0,0,0,0,0,0,0,0,0,0
2220,4576,80,0,61413,69," Gepäck unter Wasser",0,0,0,0,0,0,0,0,0,0,0,0,0,0,0,0,0,0,0,0,0,0,0,0
2221,4577,80,0,61413,69," Manusya sei Dank",0,0,0,0,0,0,0,0,0,0,0,0,0,0,0,0,0,0,0,0,0,0,0,0
2222,4578,80,0,61413,69," Köstliche Akyaali-Krabbe",0,0,0,0,0,0,0,0,0,0,0,0,0,0,0,0,0,0,0,0,0,0,0,0
2223,4601,80,0,61419,70," Die Saat des Friedens",2932,2934,0,0,0,0,0,0,0,0,0,0,0,0,0,0,0,0,0,0,0,0,0,0
2224,4602,80,0,61419,70," Wohlschmeckende Wellen",2935,0,0,0,0,0,0,0,0,0,0,0,0,0,0,0,0,0,0,0,0,0,0,0
2225,4603,80,0,61419,70," Von Qualen, Quallen und Qualia",2936,0,0,0,0,0,0,0,0,0,0,0,0,0,0,0,0,0,0,0,0,0,0,0
2226,4604,80,0,61419,70," Ein Ruch von Heimat",2937,0,0,0,0,0,0,0,0,0,0,0,0,0,0,0,0,0,0,0,0,0,0,0
2227,4605,80,0,61419,70," Die Zutaten der Zukunft",2938,0,0,0,0,0,0,0,0,0,0,0,0,0,0,0,0,0,0,0,0,0,0,0
2228,4606,80,0,61419,70," Auf dem Stern der Träume",2933,0,0,0,0,0,0,0,0,0,0,0,0,0,0,0,0,0,0,0,0,0,0,0
2229,4607,80,0,61413,71," Das Symbol",0,0,0,0,0,0,0,0,0,0,0,0,0,0,0,0,0,0,0,0,0,0,0,0
2230,4608,80,0,61413,71," Kaffeepause",0,0,0,0,0,0,0,0,0,0,0,0,0,0,0,0,0,0,0,0,0,0,0,0
2231,4609,80,0,61413,71," Gefahrenquelle",0,0,0,0,0,0,0,0,0,0,0,0,0,0,0,0,0,0,0,0,0,0,0,0
2232,4610,80,0,61413,71," Mundpropaganda",0,0,0,0,0,0,0,0,0,0,0,0,0,0,0,0,0,0,0,0,0,0,0,0
2233,4611,80,0,61413,71," Geschmacksaufwertung",0,0,0,0,0,0,0,0,0,0,0,0,0,0,0,0,0,0,0,0,0,0,0,0
2234,4612,80,0,61413,71," Aufwändiger Dünger",0,0,0,0,0,0,0,0,0,0,0,0,0,0,0,0,0,0,0,0,0,0,0,0
2235,4613,80,0,61413,71," Hunger und Zorn",0,0,0,0,0,0,0,0,0,0,0,0,0,0,0,0,0,0,0,0,0,0,0,0
2236,4614,80,0,61413,71," Im Meeressektor",0,0,0,0,0,0,0,0,0,0,0,0,0,0,0,0,0,0,0,0,0,0,0,0
2237,4615,80,0,61413,71," Glockenhelme",0,0,0,0,0,0,0,0,0,0,0,0,0,0,0,0,0,0,0,0,0,0,0,0
2238,4616,80,0,61413,71," Gefährliche Neugier",0,0,0,0,0,0,0,0,0,0,0,0,0,0,0,0,0,0,0,0,0,0,0,0
2239,4617,80,0,61413,71," Wiege der Fische",0,0,0,0,0,0,0,0,0,0,0,0,0,0,0,0,0,0,0,0,0,0,0,0
2240,4618,80,0,61413,71," Die Unberechenbarkeit des Konsumenten",0,0,0,0,0,0,0,0,0,0,0,0,0,0,0,0,0,0,0,0,0,0,0,0
2241,4619,80,0,61413,71," Vom Durst gebeutelt",0,0,0,0,0,0,0,0,0,0,0,0,0,0,0,0,0,0,0,0,0,0,0,0
2242,4620,80,0,61413,71," Diversifizierung der Speisekarte",0,0,0,0,0,0,0,0,0,0,0,0,0,0,0,0,0,0,0,0,0,0,0,0
2243,4621,80,0,61413,71," Neue Impulse",0,0,0,0,0,0,0,0,0,0,0,0,0,0,0,0,0,0,0,0,0,0,0,0
2244,4622,80,0,61413,71," Grenzen des guten Geschmacks",0,0,0,0,0,0,0,0,0,0,0,0,0,0,0,0,0,0,0,0,0,0,0,0
2245,4623,80,0,61413,71," Stimulierende Stimulanzien",0,0,0,0,0,0,0,0,0,0,0,0,0,0,0,0,0,0,0,0,0,0,0,0
2246,4624,80,0,61413,71," Kein Saft im Wiegenstern",0,0,0,0,0,0,0,0,0,0,0,0,0,0,0,0,0,0,0,0,0,0,0,0
2247,4625,80,0,61413,71," Aquatische Akquise",0,0,0,0,0,0,0,0,0,0,0,0,0,0,0,0,0,0,0,0,0,0,0,0
2248,4626,80,0,61413,71," Ein Herz für Miw Miisv",0,0,0,0,0,0,0,0,0,0,0,0,0,0,0,0,0,0,0,0,0,0,0,0
2249,4627,80,0,61413,71," Stallungen im Sternenmeer",0,0,0,0,0,0,0,0,0,0,0,0,0,0,0,0,0,0,0,0,0,0,0,0
2250,4628,80,0,61413,71," Schock für Schädlinge",0,0,0,0,0,0,0,0,0,0,0,0,0,0,0,0,0,0,0,0,0,0,0,0
2251,4629,80,0,61413,71," Optische Optimierungen",0,0,0,0,0,0,0,0,0,0,0,0,0,0,0,0,0,0,0,0,0,0,0,0
2252,4630,80,0,61413,71," Drachenrachen kostet Drachenkost",0,0,0,0,0,0,0,0,0,0,0,0,0,0,0,0,0,0,0,0,0,0,0,0
2253,4631,80,0,61413,71," Drakonische Pflege",0,0,0,0,0,0,0,0,0,0,0,0,0,0,0,0,0,0,0,0,0,0,0,0
2254,4632,80,0,61413,71," Gefährliche Wartungsarbeiten",0,0,0,0,0,0,0,0,0,0,0,0,0,0,0,0,0,0,0,0,0,0,0,0
2255,4633,80,0,61413,71," Masse-Energie-Konverter",0,0,0,0,0,0,0,0,0,0,0,0,0,0,0,0,0,0,0,0,0,0,0,0
2256,4634,80,0,61413,71," Nestsäuberung",0,0,0,0,0,0,0,0,0,0,0,0,0,0,0,0,0,0,0,0,0,0,0,0
2257,4681,80,0,61419,72," Leb deinen Traum",3005,0,0,0,0,0,0,0,0,0,0,0,0,0,0,0,0,0,0,0,0,0,0,0
2258,4682,80,0,61419,72," Die Wunschmaschinerie",3006,0,0,0,0,0,0,0,0,0,0,0,0,0,0,0,0,0,0,0,0,0,0,0
2259,4683,80,0,61419,72," Gekochtes Glück",3007,0,0,0,0,0,0,0,0,0,0,0,0,0,0,0,0,0,0,0,0,0,0,0
2260,4684,80,0,61419,72," Leinwand der Gefühle",3008,0,0,0,0,0,0,0,0,0,0,0,0,0,0,0,0,0,0,0,0,0,0,0
2261,4685,80,0,61419,72," Radiowellen mit Herz",2946,3009,0,0,0,0,0,0,0,0,0,0,0,0,0,0,0,0,0,0,0,0,0,0
2262,4686,80,0,61419,72," Hör niemals auf zu träumen",3041,0,0,0,0,0,0,0,0,0,0,0,0,0,0,0,0,0,0,0,0,0,0,0
2263,4687,80,0,61413,73," Die Musik muss weitergehen",0,0,0,0,0,0,0,0,0,0,0,0,0,0,0,0,0,0,0,0,0,0,0,0
2264,4688,80,0,61413,73," Vom Tuten und Blasen",0,0,0,0,0,0,0,0,0,0,0,0,0,0,0,0,0,0,0,0,0,0,0,0
2265,4689,80,0,61413,73," Numismatischer Sammeleifer",0,0,0,0,0,0,0,0,0,0,0,0,0,0,0,0,0,0,0,0,0,0,0,0
2266,4690,80,0,61413,73," Mondtänzer",0,0,0,0,0,0,0,0,0,0,0,0,0,0,0,0,0,0,0,0,0,0,0,0
2267,4691,80,0,61413,73," Ein memorables Handwerksstück",0,0,0,0,0,0,0,0,0,0,0,0,0,0,0,0,0,0,0,0,0,0,0,0
2268,4692,80,0,61413,73," Wie funkelnagelneu",0,0,0,0,0,0,0,0,0,0,0,0,0,0,0,0,0,0,0,0,0,0,0,0
2269,4693,80,0,61413,73," Schwenkende Arme, leuchtende Augen",0,0,0,0,0,0,0,0,0,0,0,0,0,0,0,0,0,0,0,0,0,0,0,0
2270,4694,80,0,61413,73," Musikalische Werbung",0,0,0,0,0,0,0,0,0,0,0,0,0,0,0,0,0,0,0,0,0,0,0,0
2271,4695,80,0,61413,73," Sauberere Arbeit",0,0,0,0,0,0,0,0,0,0,0,0,0,0,0,0,0,0,0,0,0,0,0,0
2272,4696,80,0,61413,73," Stimmen für die Ewigkeit",0,0,0,0,0,0,0,0,0,0,0,0,0,0,0,0,0,0,0,0,0,0,0,0
2273,4697,80,0,61413,73," Ein Roboter nimmt Reißaus",0,0,0,0,0,0,0,0,0,0,0,0,0,0,0,0,0,0,0,0,0,0,0,0
2274,4698,80,0,61413,73," Bio-Abwehr für Loporrit",0,0,0,0,0,0,0,0,0,0,0,0,0,0,0,0,0,0,0,0,0,0,0,0
2275,4699,80,0,61413,73," Sport ist ...",0,0,0,0,0,0,0,0,0,0,0,0,0,0,0,0,0,0,0,0,0,0,0,0
2276,4700,80,0,61413,73," Die Schmiede der Träume",0,0,0,0,0,0,0,0,0,0,0,0,0,0,0,0,0,0,0,0,0,0,0,0
2277,4701,80,0,61413,73," Ein Kochbuch für Anfänger",0,0,0,0,0,0,0,0,0,0,0,0,0,0,0,0,0,0,0,0,0,0,0,0
2278,4702,80,0,61413,73," Karotten im Getriebe",0,0,0,0,0,0,0,0,0,0,0,0,0,0,0,0,0,0,0,0,0,0,0,0
2279,4703,80,0,61413,73," Ein Pilzmesser für den Pilzesser",0,0,0,0,0,0,0,0,0,0,0,0,0,0,0,0,0,0,0,0,0,0,0,0
2280,4704,80,0,61413,73," Wilde Karottarier",0,0,0,0,0,0,0,0,0,0,0,0,0,0,0,0,0,0,0,0,0,0,0,0
2281,4705,80,0,61413,73," Neue Werkzeuge für den Küchenchef",0,0,0,0,0,0,0,0,0,0,0,0,0,0,0,0,0,0,0,0,0,0,0,0
2282,4706,80,0,61413,73," Muskuläre Malträtierung",0,0,0,0,0,0,0,0,0,0,0,0,0,0,0,0,0,0,0,0,0,0,0,0
2283,4707,80,0,61413,73," Hop-hop, hoppe-di-hop",0,0,0,0,0,0,0,0,0,0,0,0,0,0,0,0,0,0,0,0,0,0,0,0
2284,4708,80,0,61413,73," Etwas Farbe fürs Leben",0,0,0,0,0,0,0,0,0,0,0,0,0,0,0,0,0,0,0,0,0,0,0,0
2285,4709,80,0,61413,73," Loporrit in the Hood",0,0,0,0,0,0,0,0,0,0,0,0,0,0,0,0,0,0,0,0,0,0,0,0
2286,4710,80,0,61413,73," Bunte Kreativität",0,0,0,0,0,0,0,0,0,0,0,0,0,0,0,0,0,0,0,0,0,0,0,0
2287,4711,80,0,61413,73," Kreative Katerstimmung",0,0,0,0,0,0,0,0,0,0,0,0,0,0,0,0,0,0,0,0,0,0,0,0
2288,4712,80,0,61413,73," Eine Bombenstimmung",0,0,0,0,0,0,0,0,0,0,0,0,0,0,0,0,0,0,0,0,0,0,0,0
2289,4713,80,0,61413,73," Mode ist eine Lebensart",0,0,0,0,0,0,0,0,0,0,0,0,0,0,0,0,0,0,0,0,0,0,0,0
2290,4714,80,0,61413,73," Explosive Kreativität",0,0,0,0,0,0,0,0,0,0,0,0,0,0,0,0,0,0,0,0,0,0,0,0
2291,1465,50,0,61411,74,"Zurück in die Wildnis (Gridania)",0,0,0,0,0,0,0,0,0,0,0,0,0,0,0,0,0,0,0,0,0,0,0,0
2292,1466,50,0,61411,74,"Zurück in die Wildnis (Limsa Lominsa)",0,0,0,0,0,0,0,0,0,0,0,0,0,0,0,0,0,0,0,0,0,0,0,0
2293,1467,50,0,61411,74,"Zurück in die Wildnis (Ul'dah)",0,0,0,0,0,0,0,0,0,0,0,0,0,0,0,0,0,0,0,0,0,0,0,0
2294,1468,50,0,61411,74,"Verlust der Sylphen",0,0,0,0,0,0,0,0,0,0,0,0,0,0,0,0,0,0,0,0,0,0,0,0
2295,1469,50,0,61411,74,"Niederlage des Laichvaters",557,0,0,0,0,0,0,0,0,0,0,0,0,0,0,0,0,0,0,0,0,0,0,0
2296,1470,50,0,61411,74,"Ohnmacht in der Koboldgrube",0,0,0,0,0,0,0,0,0,0,0,0,0,0,0,0,0,0,0,0,0,0,0,0
2297,1471,50,0,61411,74,"Verletzung des Ehcatler Luftraums",0,0,0,0,0,0,0,0,0,0,0,0,0,0,0,0,0,0,0,0,0,0,0,0
2298,1472,50,0,61411,74,"Aschekrieger in Bedrängnis",0,0,0,0,0,0,0,0,0,0,0,0,0,0,0,0,0,0,0,0,0,0,0,0
2299,1473,50,0,61411,74,"Der Pakt der Freundesvölker",558,559,560,604,0,0,0,0,0,0,0,0,0,0,0,0,0,0,0,0,0,0,0,0
2300,2382,60,0,61411,75,"Ein Drache sieht rot",1353,0,0,0,0,0,0,0,0,0,0,0,0,0,0,0,0,0,0,0,0,0,0,0
2301,2383,60,0,61411,75,"Der maskierte Abenteurer",0,0,0,0,0,0,0,0,0,0,0,0,0,0,0,0,0,0,0,0,0,0,0,0
2302,2384,60,0,61411,75,"Ein neuer Tanz",1354,0,0,0,0,0,0,0,0,0,0,0,0,0,0,0,0,0,0,0,0,0,0,0
2303,2385,60,0,61411,75,"Sieg der Freund<hex:02160103>schaft",1355,1356,0,0,0,0,0,0,0,0,0,0,0,0,0,0,0,0,0,0,0,0,0,0
2304,3161,70,0,61411,76,"Eine Meerjungfrau in Kugane",1869,0,0,0,0,0,0,0,0,0,0,0,0,0,0,0,0,0,0,0,0,0,0,0
2305,3162,70,0,61411,76,"Die Legende der Drei Unsterblichen Schätze",0,0,0,0,0,0,0,0,0,0,0,0,0,0,0,0,0,0,0,0,0,0,0,0
2306,3163,70,0,61411,76,"Die Flosse des Philosophen",1870,0,0,0,0,0,0,0,0,0,0,0,0,0,0,0,0,0,0,0,0,0,0,0
2307,3164,70,0,61411,76,"Der wahre Schatz",1871,1872,0,0,0,0,0,0,0,0,0,0,0,0,0,0,0,0,0,0,0,0,0,0
2308,4787,90,0,61411,77,"Hippowagen für die Sterne",0,0,0,0,0,0,0,0,0,0,0,0,0,0,0,0,0,0,0,0,0,0,0,0
2309,4788,90,0,61411,77,"Ein Rennen zwischen den Sternen",3156,3157,0,0,0,0,0,0,0,0,0,0,0,0,0,0,0,0,0,0,0,0,0,0
2310,1475,60,0,61411,79,"Die Erinnerungsreise",0,0,0,0,0,0,0,0,0,0,0,0,0,0,0,0,0,0,0,0,0,0,0,0
2311,1476,60,0,61411,79,"Wunden der Ver<hex:02160103>gangen<hex:02160103>heit",0,0,0,0,0,0,0,0,0,0,0,0,0,0,0,0,0,0,0,0,0,0,0,0
2312,1477,60,0,61411,79,"Lebendige Erinnerungen",1236,0,0,0,0,0,0,0,0,0,0,0,0,0,0,0,0,0,0,0,0,0,0,0
2313,1478,60,0,61411,79,"Wieder<hex:02160103>sehen mit alten Freunden",0,0,0,0,0,0,0,0,0,0,0,0,0,0,0,0,0,0,0,0,0,0,0,0
2314,1479,60,0,61411,79,"Im Gedenken an einen Freund",1237,0,0,0,0,0,0,0,0,0,0,0,0,0,0,0,0,0,0,0,0,0,0,0
2315,3750,80,0,61411,80,"Ein Schwur auf den Frieden",0,0,0,0,0,0,0,0,0,0,0,0,0,0,0,0,0,0,0,0,0,0,0,0
2316,4660,90,0,61411,81,"Einblicke ins Nichts",2962,2963,2964,2965,0,0,0,0,0,0,0,0,0,0,0,0,0,0,0,0,0,0,0,0
2317,4661,90,0,61411,81,"Tiefere Einblicke ins Nichts",3017,3018,3019,3020,3021,0,0,0,0,0,0,0,0,0,0,0,0,0,0,0,0,0,0,0
2318,1204,50,0,61419,82,"Totgesagte leben länger",455,441,442,443,0,0,0,0,0,0,0,0,0,0,0,0,0,0,0,0,0,0,0,0
2319,1205,50,0,61419,82,"Wo 'ne Wüste ist, ist die Wüstheit nicht fern",0,0,0,0,0,0,0,0,0,0,0,0,0,0,0,0,0,0,0,0,0,0,0,0
2320,1206,50,0,61419,82,"Im Schwitzkasten der Gerechtigkeit",0,0,0,0,0,0,0,0,0,0,0,0,0,0,0,0,0,0,0,0,0,0,0,0
2321,1207,50,0,61419,82,"Chevalier des Lichts",452,453,418,0,0,0,0,0,0,0,0,0,0,0,0,0,0,0,0,0,0,0,0,0
2322,1315,50,0,61419,82,"Fehltritt mit Folgen",506,0,0,0,0,0,0,0,0,0,0,0,0,0,0,0,0,0,0,0,0,0,0,0
2323,1316,50,0,61419,82,"Der Teufel mit dem weißen Haar",0,0,0,0,0,0,0,0,0,0,0,0,0,0,0,0,0,0,0,0,0,0,0,0
2324,1317,50,0,61419,82,"Ein Schmied bei dem's leicht piept",507,0,0,0,0,0,0,0,0,0,0,0,0,0,0,0,0,0,0,0,0,0,0,0
2325,1318,50,0,61419,82,"Duell der Eitelkeiten",508,509,512,513,510,511,0,0,0,0,0,0,0,0,0,0,0,0,0,0,0,0,0,0
2326,1438,50,0,61419,82,"Geld oder Liebe",581,0,0,0,0,0,0,0,0,0,0,0,0,0,0,0,0,0,0,0,0,0,0,0
2327,1439,50,0,61419,82,"Wer hat die Kokosnuss verstaut",582,0,0,0,0,0,0,0,0,0,0,0,0,0,0,0,0,0,0,0,0,0,0,0
2328,1440,50,0,61419,82,"Der Hase im Pfeffer",583,0,0,0,0,0,0,0,0,0,0,0,0,0,0,0,0,0,0,0,0,0,0,0
2329,1441,50,0,61419,82,"Die Braut, die sich was traut",584,585,586,573,0,0,0,0,0,0,0,0,0,0,0,0,0,0,0,0,0,0,0,0
2330,166,50,0,61419,82,"Der Fäller von Ul'dah",679,0,0,0,0,0,0,0,0,0,0,0,0,0,0,0,0,0,0,0,0,0,0,0
2331,202,50,0,61419,82,"Wer Hildi eine Grube gräbt",680,0,0,0,0,0,0,0,0,0,0,0,0,0,0,0,0,0,0,0,0,0,0,0
2332,203,50,0,61419,82,"Das stinkt doch zum Himmel",0,0,0,0,0,0,0,0,0,0,0,0,0,0,0,0,0,0,0,0,0,0,0,0
2333,204,50,0,61419,82,"Der Kolosseums-Coup",681,645,646,682,662,683,684,685,0,0,0,0,0,0,0,0,0,0,0,0,0,0,0,0
2334,490,50,0,61419,82,"Mord im Wüstensand",0,0,0,0,0,0,0,0,0,0,0,0,0,0,0,0,0,0,0,0,0,0,0,0
2335,491,50,0,61419,82,"Ein geistreicher Einfall",755,0,0,0,0,0,0,0,0,0,0,0,0,0,0,0,0,0,0,0,0,0,0,0
2336,492,50,0,61419,82,"Doppeltes Spiel",779,0,0,0,0,0,0,0,0,0,0,0,0,0,0,0,0,0,0,0,0,0,0,0
2337,493,50,0,61419,82,"Bratpfanne der Gerechtigkeit",756,0,0,0,0,0,0,0,0,0,0,0,0,0,0,0,0,0,0,0,0,0,0,0
2338,502,50,0,61419,82,"Ruinöse Revanche",757,780,766,767,768,782,758,759,0,0,0,0,0,0,0,0,0,0,0,0,0,0,0,0
2339,2226,60,0,61419,83,"Eiskalte Spuren",0,0,0,0,0,0,0,0,0,0,0,0,0,0,0,0,0,0,0,0,0,0,0,0
2340,2227,60,0,61419,83,"Kommt ein Hildi geflogen",1158,1159,0,0,0,0,0,0,0,0,0,0,0,0,0,0,0,0,0,0,0,0,0,0
2341,2228,60,0,61419,83,"Drachendiener in Marionettengestalt",1210,0,0,0,0,0,0,0,0,0,0,0,0,0,0,0,0,0,0,0,0,0,0,0
2342,2229,60,0,61419,83,"Eine etwas besondere Familie",1211,1212,0,0,0,0,0,0,0,0,0,0,0,0,0,0,0,0,0,0,0,0,0,0
2343,2369,60,0,61419,83,"Der Traum vom Eigenheim",1324,0,0,0,0,0,0,0,0,0,0,0,0,0,0,0,0,0,0,0,0,0,0,0
2344,2370,60,0,61419,83,"Sechzigern ist nicht zu trauen",1325,1326,1327,0,0,0,0,0,0,0,0,0,0,0,0,0,0,0,0,0,0,0,0,0
2345,2371,60,0,61419,83,"Hals über Kopf in Schwie<hex:02160103>rig<hex:02160103>keiten",0,0,0,0,0,0,0,0,0,0,0,0,0,0,0,0,0,0,0,0,0,0,0,0
2346,2372,60,0,61419,83,"Nobody is perfect - außer Hildi",1361,1368,1362,1363,0,0,0,0,0,0,0,0,0,0,0,0,0,0,0,0,0,0,0,0
2347,3008,70,0,61419,84,"Ferner Osten, fürchte dich",1660,0,0,0,0,0,0,0,0,0,0,0,0,0,0,0,0,0,0,0,0,0,0,0
2348,3020,70,0,61419,84,"Unbezahlbare Noblesse",1661,0,0,0,0,0,0,0,0,0,0,0,0,0,0,0,0,0,0,0,0,0,0,0
2349,3021,70,0,61419,84,"Bomben am Stiel",1663,1666,0,0,0,0,0,0,0,0,0,0,0,0,0,0,0,0,0,0,0,0,0,0
2350,3094,70,0,61419,84,"Eine Geisha zum Verlieben",1791,0,0,0,0,0,0,0,0,0,0,0,0,0,0,0,0,0,0,0,0,0,0,0
2351,3095,70,0,61419,84,"Wilde Wolfsjagd",1792,1793,0,0,0,0,0,0,0,0,0,0,0,0,0,0,0,0,0,0,0,0,0,0
2352,3150,70,0,61419,84,"Kuganes Schatten",1855,0,0,0,0,0,0,0,0,0,0,0,0,0,0,0,0,0,0,0,0,0,0,0
2353,3151,70,0,61419,84,"Der treueste Freund des Goldes",1856,1857,0,0,0,0,0,0,0,0,0,0,0,0,0,0,0,0,0,0,0,0,0,0
2354,3167,70,0,61419,84,"Dunkle Machenschaften",1851,1852,1910,0,0,0,0,0,0,0,0,0,0,0,0,0,0,0,0,0,0,0,0,0
2355,3168,70,0,61419,84,"Ein Goldschmied räumt auf",1911,1912,0,0,0,0,0,0,0,0,0,0,0,0,0,0,0,0,0,0,0,0,0,0
2356,4542,90,0,61419,85,"Was leuchtet und hat Manieren?",2845,0,0,0,0,0,0,0,0,0,0,0,0,0,0,0,0,0,0,0,0,0,0,0
2357,4543,90,0,61419,85,"Ein Mann der Ehren weckt Begehren",2846,2847,2872,0,0,0,0,0,0,0,0,0,0,0,0,0,0,0,0,0,0,0,0,0
2358,4641,90,0,61419,85,"Angriff der Außerætherischen",2881,0,0,0,0,0,0,0,0,0,0,0,0,0,0,0,0,0,0,0,0,0,0,0
2359,4642,90,0,61419,85,"Kopie eines Unnachahmlichen",2882,2883,2884,0,0,0,0,0,0,0,0,0,0,0,0,0,0,0,0,0,0,0,0,0
2360,4718,90,0,61419,85,"Spektakel der Kriminologie",3010,0,0,0,0,0,0,0,0,0,0,0,0,0,0,0,0,0,0,0,0,0,0,0
2361,4719,90,0,61419,85,"Väterliche Liebe",3011,3042,3012,3013,3014,3015,0,0,0,0,0,0,0,0,0,0,0,0,0,0,0,0,0,0
2362,4754,90,0,61419,85,"Seltenes Reagenz",3147,3074,3075,0,0,0,0,0,0,0,0,0,0,0,0,0,0,0,0,0,0,0,0,0
2363,4755,90,0,61419,85,"Nicht von dieser Welt",3076,3077,3078,0,0,0,0,0,0,0,0,0,0,0,0,0,0,0,0,0,0,0,0,0
2364,4799,90,0,61419,85,"Verdoppelt und verdreifacht",3199,0,0,0,0,0,0,0,0,0,0,0,0,0,0,0,0,0,0,0,0,0,0,0
2365,4800,90,0,61419,85,"Mandervillsches Mysterium",3200,3141,3142,3201,3202,3246,0,0,0,0,0,0,0,0,0,0,0,0,0,0,0,0,0,0
2366,4652,90,0,61419,86," Mach ein Manderville-Stück draus",2961,0,0,0,0,0,0,0,0,0,0,0,0,0,0,0,0,0,0,0,0,0,0,0
2367,4653,90,0,61921,86," Mach noch ein Manderville-Stück draus",0,0,0,0,0,0,0,0,0,0,0,0,0,0,0,0,0,0,0,0,0,0,0,0
2368,4725,90,0,61419,86," Kampfinstinkt, erwache!",3016,0,0,0,0,0,0,0,0,0,0,0,0,0,0,0,0,0,0,0,0,0,0,0
2369,4726,90,0,61921,86," Das Meisterwerk der Mandervilles",0,0,0,0,0,0,0,0,0,0,0,0,0,0,0,0,0,0,0,0,0,0,0,0
2370,4771,90,0,61419,86," Schnaps lockert die Zunge",3126,0,0,0,0,0,0,0,0,0,0,0,0,0,0,0,0,0,0,0,0,0,0,0
2371,4772,90,0,61921,86," Die Macht der Manderville-Waffen",0,0,0,0,0,0,0,0,0,0,0,0,0,0,0,0,0,0,0,0,0,0,0,0
2372,4806,90,0,61419,86," Perfekt im Einklang",3233,3249,0,0,0,0,0,0,0,0,0,0,0,0,0,0,0,0,0,0,0,0,0,0
2373,4807,90,0,61921,86," Mandervillöse Meisterkunst",0,0,0,0,0,0,0,0,0,0,0,0,0,0,0,0,0,0,0,0,0,0,0,0
2374,5192,100,0,61411,87,"Hartgekocht",3519,3520,0,0,0,0,0,0,0,0,0,0,0,0,0,0,0,0,0,0,0,0,0,0
2375,5295,100,0,61411,87,"Wie ein Ei dem anderen",3600,0,0,0,0,0,0,0,0,0,0,0,0,0,0,0,0,0,0,0,0,0,0,0
2376,5296,100,0,61411,87,"Die schillernde Eleganz eines Hildibrands",3601,3602,3603,3604,0,0,0,0,0,0,0,0,0,0,0,0,0,0,0,0,0,0,0,0
2377,5378,100,0,61411,87,"Vandalismus in der Wildnis",3707,3708,0,0,0,0,0,0,0,0,0,0,0,0,0,0,0,0,0,0,0,0,0,0
2378,5379,100,0,61411,87,"Eiertanz ums Erdseim",3709,3710,3711,0,0,0,0,0,0,0,0,0,0,0,0,0,0,0,0,0,0,0,0,0
2379,5446,100,0,61411,87,"Action in Schwarzweiß",3804,0,0,0,0,0,0,0,0,0,0,0,0,0,0,0,0,0,0,0,0,0,0,0
2380,5447,100,0,61411,87,"Schale mit Riss",3805,3806,3807,0,0,0,0,0,0,0,0,0,0,0,0,0,0,0,0,0,0,0,0,0
2381,0,0,0,0,0,"",0,0,0,0,0,0,0,0,0,0,0,0,0,0,0,0,0,0,0,0,0,0,0,0
2382,0,0,0,0,0,"",0,0,0,0,0,0,0,0,0,0,0,0,0,0,0,0,0,0,0,0,0,0,0,0
2383,1435,50,0,61419,88,"Die Waffen legendärer Streiter",0,0,0,0,0,0,0,0,0,0,0,0,0,0,0,0,0,0,0,0,0,0,0,0
2384,1436,50,0,61419,88,"Die Ephemeriden",0,0,0,0,0,0,0,0,0,0,0,0,0,0,0,0,0,0,0,0,0,0,0,0
2385,1462,50,0,61419,88,"Höhere Sphären",0,0,0,0,0,0,0,0,0,0,0,0,0,0,0,0,0,0,0,0,0,0,0,0
2386,1464,50,0,61419,88,"Geburt eines Sterns",0,0,0,0,0,0,0,0,0,0,0,0,0,0,0,0,0,0,0,0,0,0,0,0
2387,206,50,0,61419,88,"Eine Lasur, sie zu binden",0,0,0,0,0,0,0,0,0,0,0,0,0,0,0,0,0,0,0,0,0,0,0,0
2388,356,50,0,61419,88,"Gerolts Geistesblitz",0,0,0,0,0,0,0,0,0,0,0,0,0,0,0,0,0,0,0,0,0,0,0,0
2389,357,50,0,61921,88,"Die barmherzige Papana",0,0,0,0,0,0,0,0,0,0,0,0,0,0,0,0,0,0,0,0,0,0,0,0
2390,358,50,0,61921,88,"Des Handwerkers Glück",0,0,0,0,0,0,0,0,0,0,0,0,0,0,0,0,0,0,0,0,0,0,0,0
2391,359,50,0,61921,88,"Träume und Leidenschaft",0,0,0,0,0,0,0,0,0,0,0,0,0,0,0,0,0,0,0,0,0,0,0,0
2392,360,50,0,61921,88,"Wie der Vater, so der Sohn",0,0,0,0,0,0,0,0,0,0,0,0,0,0,0,0,0,0,0,0,0,0,0,0
2393,361,50,0,61419,88,"Am Ende einer langen Reise",0,0,0,0,0,0,0,0,0,0,0,0,0,0,0,0,0,0,0,0,0,0,0,0
2394,560,50,0,61419,88,"Lass die Sonne rein",0,0,0,0,0,0,0,0,0,0,0,0,0,0,0,0,0,0,0,0,0,0,0,0
2395,561,50,0,61419,88,"Wenn zwei sich streiten",0,0,0,0,0,0,0,0,0,0,0,0,0,0,0,0,0,0,0,0,0,0,0,0
2396,2287,50,0,61419,88,"Wenn zwei sich streiten",0,0,0,0,0,0,0,0,0,0,0,0,0,0,0,0,0,0,0,0,0,0,0,0
2397,2211,60,0,61419,89,"Eine ausgezeichnete Geschäftsidee",0,0,0,0,0,0,0,0,0,0,0,0,0,0,0,0,0,0,0,0,0,0,0,0
2398,2212,60,0,61921,89," Mit ganzer Seele",0,0,0,0,0,0,0,0,0,0,0,0,0,0,0,0,0,0,0,0,0,0,0,0
2399,2213,60,0,61921,89," Stationen einer Reise",0,0,0,0,0,0,0,0,0,0,0,0,0,0,0,0,0,0,0,0,0,0,0,0
2400,2214,60,0,61921,89," Es lebe die neue Anima!",0,0,0,0,0,0,0,0,0,0,0,0,0,0,0,0,0,0,0,0,0,0,0,0
2401,2284,60,0,61921,89," Die Stimme der Seele",0,0,0,0,0,0,0,0,0,0,0,0,0,0,0,0,0,0,0,0,0,0,0,0
2402,2328,60,0,61921,89," Futter für die Seele",0,0,0,0,0,0,0,0,0,0,0,0,0,0,0,0,0,0,0,0,0,0,0,0
2403,2379,60,0,61921,89," Die Zukunft der Seele",0,0,0,0,0,0,0,0,0,0,0,0,0,0,0,0,0,0,0,0,0,0,0,0
2404,2380,60,0,61921,89,"Im Dienste Amphelices",0,0,0,0,0,0,0,0,0,0,0,0,0,0,0,0,0,0,0,0,0,0,0,0
2405,2381,60,0,61921,89,"Im Dienste Angelets",0,0,0,0,0,0,0,0,0,0,0,0,0,0,0,0,0,0,0,0,0,0,0,0
2406,2396,60,0,61921,89," Die Entscheidung der Seele",0,0,0,0,0,0,0,0,0,0,0,0,0,0,0,0,0,0,0,0,0,0,0,0
2407,2397,60,0,61921,89,"Ein neuer Seelenstein",0,0,0,0,0,0,0,0,0,0,0,0,0,0,0,0,0,0,0,0,0,0,0,0
2408,2398,60,0,61419,89,"Es lebe der Kommerz",0,0,0,0,0,0,0,0,0,0,0,0,0,0,0,0,0,0,0,0,0,0,0,0
2409,2403,60,0,61419,89,"Der letzte Schritt",0,0,0,0,0,0,0,0,0,0,0,0,0,0,0,0,0,0,0,0,0,0,0,0
2410,2404,60,0,61921,89," Weggefährten",0,0,0,0,0,0,0,0,0,0,0,0,0,0,0,0,0,0,0,0,0,0,0,0
2411,3078,70,0,61419,90,"Eureka, die unbekannte Insel",1748,0,0,0,0,0,0,0,0,0,0,0,0,0,0,0,0,0,0,0,0,0,0,0
2412,3834,80,0,61419,91,"Lang lebe die Königin",0,0,0,0,0,0,0,0,0,0,0,0,0,0,0,0,0,0,0,0,0,0,0,0
2413,3835,80,0,61419,91,"Ein Blick in die Ver<hex:02160103>gangen<hex:02160103>heit",2297,2298,0,0,0,0,0,0,0,0,0,0,0,0,0,0,0,0,0,0,0,0,0,0
2414,3836,80,0,61419,91,"Der Bozja-Vorfall",2299,2300,2301,2302,2303,0,0,0,0,0,0,0,0,0,0,0,0,0,0,0,0,0,0,0
2415,3844,80,0,61419,91," Die Rückkehr der Königinnenwache",0,0,0,0,0,0,0,0,0,0,0,0,0,0,0,0,0,0,0,0,0,0,0,0
2416,3845,80,0,61921,91," Eine neue Waffe für den Widerstand",0,0,0,0,0,0,0,0,0,0,0,0,0,0,0,0,0,0,0,0,0,0,0,0
2417,3941,71,9,61419,91,"Operation Nesträuber",2380,0,0,0,0,0,0,0,0,0,0,0,0,0,0,0,0,0,0,0,0,0,0,0
2418,3943,71,9,61419,91,"Kritische Frontgefechte",0,0,0,0,0,0,0,0,0,0,0,0,0,0,0,0,0,0,0,0,0,0,0,0
2419,3944,71,9,61419,91,"Verschollene Kampfkünste",0,0,0,0,0,0,0,0,0,0,0,0,0,0,0,0,0,0,0,0,0,0,0,0
2420,3945,71,9,61419,91,"Wir rücken vor",0,0,0,0,0,0,0,0,0,0,0,0,0,0,0,0,0,0,0,0,0,0,0,0
2421,3946,71,9,61419,91,"Vermessung der Front",0,0,0,0,0,0,0,0,0,0,0,0,0,0,0,0,0,0,0,0,0,0,0,0
2422,3947,71,9,61419,91,"Der dritte Hauptstrom",2375,0,0,0,0,0,0,0,0,0,0,0,0,0,0,0,0,0,0,0,0,0,0,0
2423,3948,71,9,61419,91,"In den Ruinen",0,0,0,0,0,0,0,0,0,0,0,0,0,0,0,0,0,0,0,0,0,0,0,0
2424,3949,71,9,61419,91,"Die richtige Signatur",2384,2376,0,0,0,0,0,0,0,0,0,0,0,0,0,0,0,0,0,0,0,0,0,0
2425,3950,71,9,61419,91,"Lilja hat eine Idee",2377,0,0,0,0,0,0,0,0,0,0,0,0,0,0,0,0,0,0,0,0,0,0,0
2426,3951,71,9,61419,91,"Die letzte Königin",2381,2382,2383,2378,2379,0,0,0,0,0,0,0,0,0,0,0,0,0,0,0,0,0,0,0
2427,3969,80,0,61419,91,"Ein Trinker gibt nicht auf",0,0,0,0,0,0,0,0,0,0,0,0,0,0,0,0,0,0,0,0,0,0,0,0
2428,3970,80,0,61921,91," Erinnerungen an vergangene Tage",0,0,0,0,0,0,0,0,0,0,0,0,0,0,0,0,0,0,0,0,0,0,0,0
2429,3971,80,0,61921,91," Die Maxime heißt Tapferkeit",0,0,0,0,0,0,0,0,0,0,0,0,0,0,0,0,0,0,0,0,0,0,0,0
2430,4025,80,0,61419,91,"Erinnerungen der Königin",2459,2460,0,0,0,0,0,0,0,0,0,0,0,0,0,0,0,0,0,0,0,0,0,0
2431,4026,80,0,61419,91,"Hinab in die Ruinen",2461,2462,2465,2466,2467,2463,2464,0,0,0,0,0,0,0,0,0,0,0,0,0,0,0,0,0
2432,4028,80,0,61921,91,"Artefakte aus der Tiefe",0,0,0,0,0,0,0,0,0,0,0,0,0,0,0,0,0,0,0,0,0,0,0,0
2433,4029,80,0,61419,91,"Mehr Platz im Register",0,0,0,0,0,0,0,0,0,0,0,0,0,0,0,0,0,0,0,0,0,0,0,0
2434,4037,80,0,61419,91,"Nachgeschusterte Schwerter",0,0,0,0,0,0,0,0,0,0,0,0,0,0,0,0,0,0,0,0,0,0,0,0
2435,4038,80,0,61921,91," Gut gehämmert",0,0,0,0,0,0,0,0,0,0,0,0,0,0,0,0,0,0,0,0,0,0,0,0
2436,4039,80,0,61419,91,"Hilfe aus dem Haus der Wunder",0,0,0,0,0,0,0,0,0,0,0,0,0,0,0,0,0,0,0,0,0,0,0,0
2437,4040,80,0,61921,91," Waffen nach Wunsch",0,0,0,0,0,0,0,0,0,0,0,0,0,0,0,0,0,0,0,0,0,0,0,0
2438,4084,71,9,61419,91,"Dem Feind auf den Fersen",2543,2501,0,0,0,0,0,0,0,0,0,0,0,0,0,0,0,0,0,0,0,0,0,0
2439,4085,71,9,61419,91,"Im Angesicht des Todes",2496,2528,0,0,0,0,0,0,0,0,0,0,0,0,0,0,0,0,0,0,0,0,0,0
2440,4092,71,9,61419,91,"Der Adler fliegt wieder",0,0,0,0,0,0,0,0,0,0,0,0,0,0,0,0,0,0,0,0,0,0,0,0
2441,4086,71,9,61419,91,"Wenn Äther und Emotionen fließen",2497,0,0,0,0,0,0,0,0,0,0,0,0,0,0,0,0,0,0,0,0,0,0,0
2442,4093,71,9,61419,91,"Der Adler zieht seine Kreise",0,0,0,0,0,0,0,0,0,0,0,0,0,0,0,0,0,0,0,0,0,0,0,0
2443,4087,71,9,61419,91,"Cids gefährlicher Plan",2498,0,0,0,0,0,0,0,0,0,0,0,0,0,0,0,0,0,0,0,0,0,0,0
2444,4088,71,9,61419,91,"Pflicht und Sühne",2499,2500,2505,2544,2506,2507,2502,2503,2504,0,0,0,0,0,0,0,0,0,0,0,0,0,0,0
2445,4095,71,9,61921,91,"Platinleuchten",0,0,0,0,0,0,0,0,0,0,0,0,0,0,0,0,0,0,0,0,0,0,0,0
2446,4096,80,0,61419,91,"Ein alter bozianischer Traum",0,0,0,0,0,0,0,0,0,0,0,0,0,0,0,0,0,0,0,0,0,0,0,0
2447,4097,80,0,61419,91,"Von Reagens und Kompetenz",0,0,0,0,0,0,0,0,0,0,0,0,0,0,0,0,0,0,0,0,0,0,0,0
2448,4098,80,0,61419,91,"Legierungserklärung",0,0,0,0,0,0,0,0,0,0,0,0,0,0,0,0,0,0,0,0,0,0,0,0
2449,4099,80,0,61419,91,"Auf die Technik kommt es an",0,0,0,0,0,0,0,0,0,0,0,0,0,0,0,0,0,0,0,0,0,0,0,0
2450,4100,80,0,61419,91,"Auffällig abwesend",0,0,0,0,0,0,0,0,0,0,0,0,0,0,0,0,0,0,0,0,0,0,0,0
2451,4101,80,0,61921,91,"Wahrhaftiger Widerstand",0,0,0,0,0,0,0,0,0,0,0,0,0,0,0,0,0,0,0,0,0,0,0,0
2452,5319,100,0,61419,92,"Ein phantastisches Arsenal",0,0,0,0,0,0,0,0,0,0,0,0,0,0,0,0,0,0,0,0,0,0,0,0
2453,5320,100,0,61419,92," Phantastische Schmiedekunst",0,0,0,0,0,0,0,0,0,0,0,0,0,0,0,0,0,0,0,0,0,0,0,0
2454,5380,100,0,61419,92,"Alte Schmiede rostet nicht",0,0,0,0,0,0,0,0,0,0,0,0,0,0,0,0,0,0,0,0,0,0,0,0
2455,5381,100,0,61419,92,"Keine ruhige Kugel",3767,0,0,0,0,0,0,0,0,0,0,0,0,0,0,0,0,0,0,0,0,0,0,0
2456,5382,100,0,61419,92,"Phantastische Verstärkung",0,0,0,0,0,0,0,0,0,0,0,0,0,0,0,0,0,0,0,0,0,0,0,0
2457,5454,100,0,61419,92,"Bewährte Techniken",0,0,0,0,0,0,0,0,0,0,0,0,0,0,0,0,0,0,0,0,0,0,0,0
2458,5455,100,0,61419,92,"Der Perfektion auf der Spur",3845,0,0,0,0,0,0,0,0,0,0,0,0,0,0,0,0,0,0,0,0,0,0,0
2459,5456,100,0,61419,92," Ein wiedergeborenes Phantom",0,0,0,0,0,0,0,0,0,0,0,0,0,0,0,0,0,0,0,0,0,0,0,0
2460,0,0,0,0,0,"",0,0,0,0,0,0,0,0,0,0,0,0,0,0,0,0,0,0,0,0,0,0,0,0
2461,0,0,0,0,0,"",0,0,0,0,0,0,0,0,0,0,0,0,0,0,0,0,0,0,0,0,0,0,0,0
2462,0,0,0,0,0,"",0,0,0,0,0,0,0,0,0,0,0,0,0,0,0,0,0,0,0,0,0,0,0,0
2463,0,0,0,0,0,"",0,0,0,0,0,0,0,0,0,0,0,0,0,0,0,0,0,0,0,0,0,0,0,0
2464,0,0,0,0,0,"",0,0,0,0,0,0,0,0,0,0,0,0,0,0,0,0,0,0,0,0,0,0,0,0
2465,45,54,0,61411,98,"G.O.U.D.A. auf Schatz<hex:02160103>suche",0,0,0,0,0,0,0,0,0,0,0,0,0,0,0,0,0,0,0,0,0,0,0,0
2466,50,54,0,61411,98,"G.O.U.D.A. unter Verdacht",0,0,0,0,0,0,0,0,0,0,0,0,0,0,0,0,0,0,0,0,0,0,0,0
2467,100,54,0,61411,98,"Kleine Leute, große Träume",0,0,0,0,0,0,0,0,0,0,0,0,0,0,0,0,0,0,0,0,0,0,0,0
2468,3086,70,0,61419,99,"Ruf aus der Heimat",0,0,0,0,0,0,0,0,0,0,0,0,0,0,0,0,0,0,0,0,0,0,0,0
2469,3087,70,0,61419,99,"Aller Abschied fällt schwer",0,0,0,0,0,0,0,0,0,0,0,0,0,0,0,0,0,0,0,0,0,0,0,0
2470,3141,70,0,61419,99,"Dein Müll, unsere Zukunft",0,0,0,0,0,0,0,0,0,0,0,0,0,0,0,0,0,0,0,0,0,0,0,0
2471,3153,70,0,61419,99,"Laternen für die Toten",1874,0,0,0,0,0,0,0,0,0,0,0,0,0,0,0,0,0,0,0,0,0,0,0
2472,3672,60,0,61419,100,"Dem Himmel entgegen",0,0,0,0,0,0,0,0,0,0,0,0,0,0,0,0,0,0,0,0,0,0,0,0
2473,3725,60,0,61419,100,"Himmelsstadt, o fremde Heimat",0,0,0,0,0,0,0,0,0,0,0,0,0,0,0,0,0,0,0,0,0,0,0,0
2474,3726,60,0,61419,100,"Adel verpflichtet",0,0,0,0,0,0,0,0,0,0,0,0,0,0,0,0,0,0,0,0,0,0,0,0
2475,3727,60,0,61419,100,"Die Tragik eines eisigen Herzens",2212,0,0,0,0,0,0,0,0,0,0,0,0,0,0,0,0,0,0,0,0,0,0,0
2476,3728,60,0,61419,100,"Himmelsstadt, o neue Heimat",0,0,0,0,0,0,0,0,0,0,0,0,0,0,0,0,0,0,0,0,0,0,0,0
2477,3955,60,0,61419,100,"Etablierung eines Marktplatzes",0,0,0,0,0,0,0,0,0,0,0,0,0,0,0,0,0,0,0,0,0,0,0,0
2478,3956,60,0,61419,100,"Ver<hex:02160103>hand<hex:02160103>lungen in der Wüste",0,0,0,0,0,0,0,0,0,0,0,0,0,0,0,0,0,0,0,0,0,0,0,0
2479,3957,60,0,61419,100,"Plaudern mit Piraten",0,0,0,0,0,0,0,0,0,0,0,0,0,0,0,0,0,0,0,0,0,0,0,0
2480,3958,60,0,61419,100,"Aufwind für das Federfall-Quartier",2361,0,0,0,0,0,0,0,0,0,0,0,0,0,0,0,0,0,0,0,0,0,0,0
2481,3999,60,0,61419,100,"Der Ishgarder lebt nicht vom Brot allein ",0,0,0,0,0,0,0,0,0,0,0,0,0,0,0,0,0,0,0,0,0,0,0,0
2482,4000,60,0,61419,100,"Ein Herzenswunsch",0,0,0,0,0,0,0,0,0,0,0,0,0,0,0,0,0,0,0,0,0,0,0,0
2483,4001,60,0,61419,100,"Das Ishgarder Musikensemble",0,0,0,0,0,0,0,0,0,0,0,0,0,0,0,0,0,0,0,0,0,0,0,0
2484,4002,60,0,61419,100,"Eine lebenswerte Stadt",0,0,0,0,0,0,0,0,0,0,0,0,0,0,0,0,0,0,0,0,0,0,0,0
2485,3837,60,0,61419,101,"In seinen Adern fließen Lieder",0,0,0,0,0,0,0,0,0,0,0,0,0,0,0,0,0,0,0,0,0,0,0,0
2486,3889,70,0,61419,101,"Ehll Tous Traum",0,0,0,0,0,0,0,0,0,0,0,0,0,0,0,0,0,0,0,0,0,0,0,0
2487,3890,70,0,61419,101,"Von Drachen und Sterblichen",0,0,0,0,0,0,0,0,0,0,0,0,0,0,0,0,0,0,0,0,0,0,0,0
2488,3891,70,0,61419,101,"Geflügelter Begleiter",0,0,0,0,0,0,0,0,0,0,0,0,0,0,0,0,0,0,0,0,0,0,0,0
2489,3838,60,0,61411,101,"Die Bande alter Freund<hex:02160103>schaft",0,0,0,0,0,0,0,0,0,0,0,0,0,0,0,0,0,0,0,0,0,0,0,0
2490,3962,60,0,61411,101,"Ein Ruf an alle Abenteurer",0,0,0,0,0,0,0,0,0,0,0,0,0,0,0,0,0,0,0,0,0,0,0,0
2491,3961,60,0,61411,101,"Versammlung der Geira-Katzen",0,0,0,0,0,0,0,0,0,0,0,0,0,0,0,0,0,0,0,0,0,0,0,0
2492,4004,60,0,61411,101,"Winterwonne",0,0,0,0,0,0,0,0,0,0,0,0,0,0,0,0,0,0,0,0,0,0,0,0
2493,4005,60,0,61411,101,"Schwerter zu Pflugscharen",0,0,0,0,0,0,0,0,0,0,0,0,0,0,0,0,0,0,0,0,0,0,0,0
2494,4006,60,0,61411,101,"Abschied zur letzten Reise",0,0,0,0,0,0,0,0,0,0,0,0,0,0,0,0,0,0,0,0,0,0,0,0
2495,3960,60,0,61419,101,"Neuer Schwung für die Schwaden",2362,0,0,0,0,0,0,0,0,0,0,0,0,0,0,0,0,0,0,0,0,0,0,0
2496,4079,70,0,61419,101,"Ein verlässliches Duo",0,0,0,0,0,0,0,0,0,0,0,0,0,0,0,0,0,0,0,0,0,0,0,0
2497,4080,70,0,61419,101,"Dienst am Volk",0,0,0,0,0,0,0,0,0,0,0,0,0,0,0,0,0,0,0,0,0,0,0,0
2498,3839,60,0,61411,101,"Harte Gesichter, drohende Gefahr",0,0,0,0,0,0,0,0,0,0,0,0,0,0,0,0,0,0,0,0,0,0,0,0
2499,3840,60,0,61411,101,"Eifer kennt kein Alter",0,0,0,0,0,0,0,0,0,0,0,0,0,0,0,0,0,0,0,0,0,0,0,0
2500,3959,60,0,61411,101,"Eine modische Freund<hex:02160103>schaft",0,0,0,0,0,0,0,0,0,0,0,0,0,0,0,0,0,0,0,0,0,0,0,0
2501,4003,60,0,61411,101,"Warme Gedanken",0,0,0,0,0,0,0,0,0,0,0,0,0,0,0,0,0,0,0,0,0,0,0,0
2502,3848,80,0,61419,101,"Altes Wissen aus der Werkstätte",0,0,0,0,0,0,0,0,0,0,0,0,0,0,0,0,0,0,0,0,0,0,0,0
2503,3849,80,0,61419,101,"Himmelsstahlsche Werkzeug-Werkeleien",0,0,0,0,0,0,0,0,0,0,0,0,0,0,0,0,0,0,0,0,0,0,0,0
2504,3892,80,0,61419,101,"Eine nicht ganz uneigennützige Helferin",0,0,0,0,0,0,0,0,0,0,0,0,0,0,0,0,0,0,0,0,0,0,0,0
2505,3893,80,0,61921,101," Neues Werkzeug aus Himmelsstahl",0,0,0,0,0,0,0,0,0,0,0,0,0,0,0,0,0,0,0,0,0,0,0,0
2506,3894,80,0,61921,101," Mit neuem Werkzeug frisch ans Werk",0,0,0,0,0,0,0,0,0,0,0,0,0,0,0,0,0,0,0,0,0,0,0,0
2507,3982,80,0,61419,101,"Vollendung des Himmelsstahl-Werkzeugs",0,0,0,0,0,0,0,0,0,0,0,0,0,0,0,0,0,0,0,0,0,0,0,0
2508,3983,80,0,61921,101," Auf dem Weg zur Perfektion",0,0,0,0,0,0,0,0,0,0,0,0,0,0,0,0,0,0,0,0,0,0,0,0
2509,3984,80,0,61419,101," Vorbild aller Ingenieure",0,0,0,0,0,0,0,0,0,0,0,0,0,0,0,0,0,0,0,0,0,0,0,0
2510,4730,90,0,61419,102,"Daheim schmiedet sich's besser",3046,3047,0,0,0,0,0,0,0,0,0,0,0,0,0,0,0,0,0,0,0,0,0,0
2511,4731,90,0,61921,102," Meisterwerke in neuem Gewand",0,0,0,0,0,0,0,0,0,0,0,0,0,0,0,0,0,0,0,0,0,0,0,0
2512,4732,90,0,61921,102," Werkzeug voller Gefühle",0,0,0,0,0,0,0,0,0,0,0,0,0,0,0,0,0,0,0,0,0,0,0,0
2513,4767,90,0,61419,102,"Werkzeuge der neuen Ära",3127,0,0,0,0,0,0,0,0,0,0,0,0,0,0,0,0,0,0,0,0,0,0,0
2514,4768,90,0,61921,102," Farbenfrohe Verbesserung",0,0,0,0,0,0,0,0,0,0,0,0,0,0,0,0,0,0,0,0,0,0,0,0
2515,4769,90,0,61921,102," Dem Namen gerecht",0,0,0,0,0,0,0,0,0,0,0,0,0,0,0,0,0,0,0,0,0,0,0,0
2516,4770,90,0,61419,102,"Sternenhagelvoll",3124,0,0,0,0,0,0,0,0,0,0,0,0,0,0,0,0,0,0,0,0,0,0,0
2517,4802,90,0,61419,102,"Ein großer Entschluss",3234,0,0,0,0,0,0,0,0,0,0,0,0,0,0,0,0,0,0,0,0,0,0,0
2518,4803,90,0,61921,102," Perfekt ist gerade gut genug",0,0,0,0,0,0,0,0,0,0,0,0,0,0,0,0,0,0,0,0,0,0,0,0
2519,4804,90,0,61921,102," Ende einer langen Reise",0,0,0,0,0,0,0,0,0,0,0,0,0,0,0,0,0,0,0,0,0,0,0,0
2520,4805,90,0,61419,102," Kessel der Liebe",3235,0,0,0,0,0,0,0,0,0,0,0,0,0,0,0,0,0,0,0,0,0,0,0
2521,1556,17,0,61419,103,"Hinab in die Tiefe",0,0,0,0,0,0,0,0,0,0,0,0,0,0,0,0,0,0,0,0,0,0,0,0
2522,1557,50,0,61419,103,"Jenseits der Furt",0,0,0,0,0,0,0,0,0,0,0,0,0,0,0,0,0,0,0,0,0,0,0,0
2523,2388,60,0,61419,103,"Von Liebe und Unsterblichkeit",1346,1347,0,0,0,0,0,0,0,0,0,0,0,0,0,0,0,0,0,0,0,0,0,0
2524,3131,61,0,61419,104,"Tief im Inneren der Himmelssäule",0,0,0,0,0,0,0,0,0,0,0,0,0,0,0,0,0,0,0,0,0,0,0,0
2525,3132,61,0,61419,104,"Handwerker mit Ver<hex:02160103>gangen<hex:02160103>heit",1772,0,0,0,0,0,0,0,0,0,0,0,0,0,0,0,0,0,0,0,0,0,0,0
2526,4663,81,0,61419,105,"Mythos Orthos",3033,0,0,0,0,0,0,0,0,0,0,0,0,0,0,0,0,0,0,0,0,0,0,0
2527,4664,81,0,61419,105,"Und am Ende ward es still",3034,0,0,0,0,0,0,0,0,0,0,0,0,0,0,0,0,0,0,0,0,0,0,0
2528,4665,81,0,61419,105,"Logos Orthos",3035,0,0,0,0,0,0,0,0,0,0,0,0,0,0,0,0,0,0,0,0,0,0,0
2529,5405,91,0,61419,106,"Erwachen des Pfades",3756,0,0,0,0,0,0,0,0,0,0,0,0,0,0,0,0,0,0,0,0,0,0,0
2530,5406,91,0,61419,106,"Vom Wunsch nach Erlösung",3757,0,0,0,0,0,0,0,0,0,0,0,0,0,0,0,0,0,0,0,0,0,0,0
2531,5407,91,0,61419,106,"Ein Zweig und sein Bäumchen",3758,0,0,0,0,0,0,0,0,0,0,0,0,0,0,0,0,0,0,0,0,0,0,0
2532,4643,1,0,61419,107,"Sonne, Sand und Inselstrand",2939,0,0,0,0,0,0,0,0,0,0,0,0,0,0,0,0,0,0,0,0,0,0,0
2533,4645,1,0,61411,107,"Pensionierte Pioniere",0,0,0,0,0,0,0,0,0,0,0,0,0,0,0,0,0,0,0,0,0,0,0,0
2534,4729,1,0,61411,107,"Besuch aus Fernost",0,0,0,0,0,0,0,0,0,0,0,0,0,0,0,0,0,0,0,0,0,0,0,0
2535,4763,1,0,61411,107,"Wie Pech und Schwefel",3153,0,0,0,0,0,0,0,0,0,0,0,0,0,0,0,0,0,0,0,0,0,0,0
2536,4793,1,0,61411,107,"Paradiesische Glücksmomente",3228,3251,0,0,0,0,0,0,0,0,0,0,0,0,0,0,0,0,0,0,0,0,0,0
2537,4794,1,0,61411,107,"Sommerfrische leicht gemacht",3229,0,0,0,0,0,0,0,0,0,0,0,0,0,0,0,0,0,0,0,0,0,0,0
2538,4646,90,0,61419,108,"Ein Schlüssel zur Ver<hex:02160103>gangen<hex:02160103>heit",0,0,0,0,0,0,0,0,0,0,0,0,0,0,0,0,0,0,0,0,0,0,0,0
2539,4649,90,0,61411,108,"Für Münze, Vaterland und Kameraden",2940,0,0,0,0,0,0,0,0,0,0,0,0,0,0,0,0,0,0,0,0,0,0,0
2540,4733,90,0,61419,108,"Besteigung des Rokkon",3115,3146,0,0,0,0,0,0,0,0,0,0,0,0,0,0,0,0,0,0,0,0,0,0
2541,4734,90,0,61411,108,"Fernöstliche Waisen",3116,0,0,0,0,0,0,0,0,0,0,0,0,0,0,0,0,0,0,0,0,0,0,0
2542,4789,90,0,61419,108,"Des Vogels Paradies",3190,0,0,0,0,0,0,0,0,0,0,0,0,0,0,0,0,0,0,0,0,0,0,0
2543,4790,90,0,61411,108,"Wer auf steinig Pfaden wandelt",3191,0,0,0,0,0,0,0,0,0,0,0,0,0,0,0,0,0,0,0,0,0,0,0
2544,5441,90,0,61419,108,"Ein Buch zum Eintauchen",3877,3875,0,0,0,0,0,0,0,0,0,0,0,0,0,0,0,0,0,0,0,0,0,0
2545,5442,90,0,61411,108,"Eine Geschichte ohne Ende",3876,0,0,0,0,0,0,0,0,0,0,0,0,0,0,0,0,0,0,0,0,0,0,0
2546,5253,10,0,61419,109,"Ein Projekt bis in die Unendlichkeit",3647,3648,0,0,0,0,0,0,0,0,0,0,0,0,0,0,0,0,0,0,0,0,0,0
2547,5254,10,0,61419,109,"Benennen und benennen lassen",3649,0,0,0,0,0,0,0,0,0,0,0,0,0,0,0,0,0,0,0,0,0,0,0
2548,5409,10,0,61419,109,"Aufbruch ins Unbekannte",3729,3730,3731,0,0,0,0,0,0,0,0,0,0,0,0,0,0,0,0,0,0,0,0,0
2549,5410,10,0,61419,109,"Der hellste Stern",3732,0,0,0,0,0,0,0,0,0,0,0,0,0,0,0,0,0,0,0,0,0,0,0
2550,5448,10,0,61419,109,"Erkundung Schwerkraft",3853,3854,3855,0,0,0,0,0,0,0,0,0,0,0,0,0,0,0,0,0,0,0,0,0
2551,5449,10,0,61419,109,"Und noch sooo viel weiter",3856,0,0,0,0,0,0,0,0,0,0,0,0,0,0,0,0,0,0,0,0,0,0,0
2552,5483,10,0,61419,109,"Der grüne Planet",3988,3989,3990,0,0,0,0,0,0,0,0,0,0,0,0,0,0,0,0,0,0,0,0,0
2553,5484,10,0,61419,109,"Das Lied der fernen Sterne",3991,3992,0,0,0,0,0,0,0,0,0,0,0,0,0,0,0,0,0,0,0,0,0,0
2554,5485,90,0,61419,109,"Essen, schlafen, benennen, wiederholen",0,0,0,0,0,0,0,0,0,0,0,0,0,0,0,0,0,0,0,0,0,0,0,0
2555,5323,10,0,61411,110,"Mondtrotteljagd",0,0,0,0,0,0,0,0,0,0,0,0,0,0,0,0,0,0,0,0,0,0,0,0
2556,5324,10,0,61411,110,"Mondhasenjagd",0,0,0,0,0,0,0,0,0,0,0,0,0,0,0,0,0,0,0,0,0,0,0,0
2557,5411,10,0,61411,110,"Der Leiterin Leid",0,0,0,0,0,0,0,0,0,0,0,0,0,0,0,0,0,0,0,0,0,0,0,0
2558,5412,10,0,61411,110,"Gespiegelte Zukunft",0,0,0,0,0,0,0,0,0,0,0,0,0,0,0,0,0,0,0,0,0,0,0,0
2559,5413,10,0,61411,110,"Testpilot gesucht!",0,0,0,0,0,0,0,0,0,0,0,0,0,0,0,0,0,0,0,0,0,0,0,0
2560,5414,10,0,61411,110,"Hoher Besuch auf Phaenna",0,0,0,0,0,0,0,0,0,0,0,0,0,0,0,0,0,0,0,0,0,0,0,0
2561,5450,10,0,61411,110,"Wer rackert, muss rasten",0,0,0,0,0,0,0,0,0,0,0,0,0,0,0,0,0,0,0,0,0,0,0,0
2562,5451,10,0,61411,110,"Vom Zappen und Zittern",0,0,0,0,0,0,0,0,0,0,0,0,0,0,0,0,0,0,0,0,0,0,0,0
2563,5452,10,0,61411,110,"Qualität hat ihren Preis",0,0,0,0,0,0,0,0,0,0,0,0,0,0,0,0,0,0,0,0,0,0,0,0
2564,5453,10,0,61411,110,"Feldstudien mit Freunden",0,0,0,0,0,0,0,0,0,0,0,0,0,0,0,0,0,0,0,0,0,0,0,0
2565,5486,10,0,61411,110,"Tierpflege im All",0,0,0,0,0,0,0,0,0,0,0,0,0,0,0,0,0,0,0,0,0,0,0,0
2566,5487,10,0,61411,110,"Hör mal, wer da projektleitert",0,0,0,0,0,0,0,0,0,0,0,0,0,0,0,0,0,0,0,0,0,0,0,0
2567,5488,10,0,61411,110,"Die Möhrigsten aller Müßiggänger",0,0,0,0,0,0,0,0,0,0,0,0,0,0,0,0,0,0,0,0,0,0,0,0
2568,5489,10,0,61411,110,"Feldstudien mit noch mehr Freunden",0,0,0,0,0,0,0,0,0,0,0,0,0,0,0,0,0,0,0,0,0,0,0,0
2569,5309,100,0,61419,111,"Ketenramms Schwanengesang",3654,3637,0,0,0,0,0,0,0,0,0,0,0,0,0,0,0,0,0,0,0,0,0,0
2570,5310,100,0,61419,111,"Die Stadt der leeren Straßen",3638,0,0,0,0,0,0,0,0,0,0,0,0,0,0,0,0,0,0,0,0,0,0,0
2571,5311,100,0,61419,111,"Geflügelte Geheimnisse",0,0,0,0,0,0,0,0,0,0,0,0,0,0,0,0,0,0,0,0,0,0,0,0
2572,5312,100,0,61419,111,"Das Wissen alter Zeit",0,0,0,0,0,0,0,0,0,0,0,0,0,0,0,0,0,0,0,0,0,0,0,0
2573,5313,100,0,61419,111,"Von unsterblichen Künsten",0,0,0,0,0,0,0,0,0,0,0,0,0,0,0,0,0,0,0,0,0,0,0,0
2574,5314,100,0,61419,111,"Die Kreaturen Kreszentias",0,0,0,0,0,0,0,0,0,0,0,0,0,0,0,0,0,0,0,0,0,0,0,0
2575,5315,100,0,61419,111,"Alte Steine und alte Geschichten",0,0,0,0,0,0,0,0,0,0,0,0,0,0,0,0,0,0,0,0,0,0,0,0
2576,5316,100,0,61419,111,"Ein roter Faden",0,0,0,0,0,0,0,0,0,0,0,0,0,0,0,0,0,0,0,0,0,0,0,0
2577,5317,100,0,61419,111,"Echos alter Zeit",0,0,0,0,0,0,0,0,0,0,0,0,0,0,0,0,0,0,0,0,0,0,0,0
2578,5318,100,0,61419,111,"Insistente Illusion",0,0,0,0,0,0,0,0,0,0,0,0,0,0,0,0,0,0,0,0,0,0,0,0
2579,0,0,0,0,0,"",0,0,0,0,0,0,0,0,0,0,0,0,0,0,0,0,0,0,0,0,0,0,0,0
2580,0,0,0,0,0,"",0,0,0,0,0,0,0,0,0,0,0,0,0,0,0,0,0,0,0,0,0,0,0,0
2581,0,0,0,0,0,"",0,0,0,0,0,0,0,0,0,0,0,0,0,0,0,0,0,0,0,0,0,0,0,0
2582,0,0,0,0,0,"",0,0,0,0,0,0,0,0,0,0,0,0,0,0,0,0,0,0,0,0,0,0,0,0
2583,0,0,0,0,0,"",0,0,0,0,0,0,0,0,0,0,0,0,0,0,0,0,0,0,0,0,0,0,0,0
2584,0,0,0,0,0,"",0,0,0,0,0,0,0,0,0,0,0,0,0,0,0,0,0,0,0,0,0,0,0,0
2585,0,0,0,0,0,"",0,0,0,0,0,0,0,0,0,0,0,0,0,0,0,0,0,0,0,0,0,0,0,0
2586,0,0,0,0,0,"",0,0,0,0,0,0,0,0,0,0,0,0,0,0,0,0,0,0,0,0,0,0,0,0
2587,4779,50,0,61411,93," Erinnerungen an die Ver<hex:02160103>gangen<hex:02160103>heit",0,0,0,0,0,0,0,0,0,0,0,0,0,0,0,0,0,0,0,0,0,0,0,0
2588,4780,50,0,61411,93," Der Hoffnung Saat, der Zukunft Wille",3131,0,0,0,0,0,0,0,0,0,0,0,0,0,0,0,0,0,0,0,0,0,0,0
2589,1481,50,0,61411,94,"Eine Verwechslung mit Folgen",0,0,0,0,0,0,0,0,0,0,0,0,0,0,0,0,0,0,0,0,0,0,0,0
2590,1483,50,0,61411,94,"Eine unbeglichene Schuld",0,0,0,0,0,0,0,0,0,0,0,0,0,0,0,0,0,0,0,0,0,0,0,0
2591,1482,50,0,61411,94,"Geschichte eines Wasserrads",0,0,0,0,0,0,0,0,0,0,0,0,0,0,0,0,0,0,0,0,0,0,0,0
2592,1484,50,0,61411,94,"Träum weiter",0,0,0,0,0,0,0,0,0,0,0,0,0,0,0,0,0,0,0,0,0,0,0,0
2593,1531,50,0,61411,94,"Weltliche Dämonen",0,0,0,0,0,0,0,0,0,0,0,0,0,0,0,0,0,0,0,0,0,0,0,0
2594,1532,50,0,61411,94,"Der Badetanz",0,0,0,0,0,0,0,0,0,0,0,0,0,0,0,0,0,0,0,0,0,0,0,0
2595,1533,50,0,61411,94,"Hübscher Hauptmann",0,0,0,0,0,0,0,0,0,0,0,0,0,0,0,0,0,0,0,0,0,0,0,0
2596,1485,50,0,61411,94,"Hau den Mull!",0,0,0,0,0,0,0,0,0,0,0,0,0,0,0,0,0,0,0,0,0,0,0,0
2597,33,50,0,61411,94,"Streit um die Homunkuli",0,0,0,0,0,0,0,0,0,0,0,0,0,0,0,0,0,0,0,0,0,0,0,0
2598,1571,50,0,61411,94,"Das Geheimnis der Wüterin",0,0,0,0,0,0,0,0,0,0,0,0,0,0,0,0,0,0,0,0,0,0,0,0
2599,36,50,0,61411,94,"Schönheit im Fadenkreuz",0,0,0,0,0,0,0,0,0,0,0,0,0,0,0,0,0,0,0,0,0,0,0,0
2600,1573,50,0,61411,94,"Des Kosmetikers Meisterstück",0,0,0,0,0,0,0,0,0,0,0,0,0,0,0,0,0,0,0,0,0,0,0,0
2601,1570,50,0,61411,94,"Postbote in geheimer Mission",0,0,0,0,0,0,0,0,0,0,0,0,0,0,0,0,0,0,0,0,0,0,0,0
2602,1576,50,0,61411,94,"Miss<hex:02160103>ver<hex:02160103>ständ<hex:02160103>nis mit Folgen",0,0,0,0,0,0,0,0,0,0,0,0,0,0,0,0,0,0,0,0,0,0,0,0
2603,1577,50,0,61411,94,"Einmal Pirat, immer Pirat",0,0,0,0,0,0,0,0,0,0,0,0,0,0,0,0,0,0,0,0,0,0,0,0
2604,241,50,0,61411,94,"Flucht vor der Ver<hex:02160103>gangen<hex:02160103>heit",0,0,0,0,0,0,0,0,0,0,0,0,0,0,0,0,0,0,0,0,0,0,0,0
2605,242,50,0,61411,94,"Die verdächtige Prälatin",0,0,0,0,0,0,0,0,0,0,0,0,0,0,0,0,0,0,0,0,0,0,0,0
2606,1574,50,0,61411,94,"Meine Schwester und ich",0,0,0,0,0,0,0,0,0,0,0,0,0,0,0,0,0,0,0,0,0,0,0,0
2607,1572,50,0,61411,94,"Frei wie ein Fisch",0,0,0,0,0,0,0,0,0,0,0,0,0,0,0,0,0,0,0,0,0,0,0,0
2608,1575,50,0,61411,94,"Ein altes Versprechen",0,0,0,0,0,0,0,0,0,0,0,0,0,0,0,0,0,0,0,0,0,0,0,0
2609,243,50,0,61411,94,"Konkurrenz belebt das Geschäft",0,0,0,0,0,0,0,0,0,0,0,0,0,0,0,0,0,0,0,0,0,0,0,0
2610,244,50,0,61411,94,"Theorie geht über Praxis",0,0,0,0,0,0,0,0,0,0,0,0,0,0,0,0,0,0,0,0,0,0,0,0
2611,240,50,0,61411,94,"Nebulöse Ver<hex:02160103>gangen<hex:02160103>heit",0,0,0,0,0,0,0,0,0,0,0,0,0,0,0,0,0,0,0,0,0,0,0,0
2612,496,50,0,61411,94,"Der Ver<hex:02160103>gangen<hex:02160103>heit verhaftet",0,0,0,0,0,0,0,0,0,0,0,0,0,0,0,0,0,0,0,0,0,0,0,0
2613,362,50,0,61411,94,"Fleißige Postboten braucht das Land",0,0,0,0,0,0,0,0,0,0,0,0,0,0,0,0,0,0,0,0,0,0,0,0
2614,1869,56,0,61411,95,"Verdeckte Bücherermittlung",0,0,0,0,0,0,0,0,0,0,0,0,0,0,0,0,0,0,0,0,0,0,0,0
2615,2152,60,0,61411,95,"Die Krise der Kirche",1099,0,0,0,0,0,0,0,0,0,0,0,0,0,0,0,0,0,0,0,0,0,0,0
2616,2153,60,0,61411,95,"Ein heller Kopf",1100,1101,0,0,0,0,0,0,0,0,0,0,0,0,0,0,0,0,0,0,0,0,0,0
2617,2154,60,0,61411,95,"Die Macht der Motivation",1102,0,0,0,0,0,0,0,0,0,0,0,0,0,0,0,0,0,0,0,0,0,0,0
2618,2155,60,0,61411,95,"Nichts Gutes außer: Man tut es",1103,1104,0,0,0,0,0,0,0,0,0,0,0,0,0,0,0,0,0,0,0,0,0,0
2619,2207,60,0,61411,95,"Der Rat des Meisters",0,0,0,0,0,0,0,0,0,0,0,0,0,0,0,0,0,0,0,0,0,0,0,0
2620,2208,60,0,61411,95,"Ein brisantes Gerücht",0,0,0,0,0,0,0,0,0,0,0,0,0,0,0,0,0,0,0,0,0,0,0,0
2621,2209,60,0,61411,95,"Hauptsächlich nebensächlich",0,0,0,0,0,0,0,0,0,0,0,0,0,0,0,0,0,0,0,0,0,0,0,0
2622,2210,60,0,61411,95,"Gekonnt erkannt",1329,0,0,0,0,0,0,0,0,0,0,0,0,0,0,0,0,0,0,0,0,0,0,0
2623,2361,60,0,61411,95,"Das Blatt hat sich gewendet",0,0,0,0,0,0,0,0,0,0,0,0,0,0,0,0,0,0,0,0,0,0,0,0
2624,2362,60,0,61411,95,"Sündenbock",0,0,0,0,0,0,0,0,0,0,0,0,0,0,0,0,0,0,0,0,0,0,0,0
2625,2363,60,0,61411,95,"Schmähung mit Schönheitsfehlern",0,0,0,0,0,0,0,0,0,0,0,0,0,0,0,0,0,0,0,0,0,0,0,0
2626,2364,60,0,61411,95,"Irrwege des Glaubens",1349,0,0,0,0,0,0,0,0,0,0,0,0,0,0,0,0,0,0,0,0,0,0,0
2627,3986,80,0,61411,96,"Wieder<hex:02160103>sehen auf dem ersten Splitter",0,0,0,0,0,0,0,0,0,0,0,0,0,0,0,0,0,0,0,0,0,0,0,0
2628,3987,80,0,61411,96,"Unukalhai und Taynor",0,0,0,0,0,0,0,0,0,0,0,0,0,0,0,0,0,0,0,0,0,0,0,0
2629,3988,80,0,61411,96,"Unter<hex:02160103>such<hex:02160103>ung des dreizehnten Splitters",2473,2474,0,0,0,0,0,0,0,0,0,0,0,0,0,0,0,0,0,0,0,0,0,0
2630,4583,90,0,61411,97,"Wohlstand, der die Welt verbindet!",0,0,0,0,0,0,0,0,0,0,0,0,0,0,0,0,0,0,0,0,0,0,0,0
2631,4650,90,0,61411,97,"Wohlstand über den Wolken",2955,2956,0,0,0,0,0,0,0,0,0,0,0,0,0,0,0,0,0,0,0,0,0,0
2632,4662,90,0,61411,97,"Schwindel in der Rubinsee",3022,3023,3040,0,0,0,0,0,0,0,0,0,0,0,0,0,0,0,0,0,0,0,0,0
2633,4761,90,0,61411,97,"Aggressive Expansion",3110,3112,3113,0,0,0,0,0,0,0,0,0,0,0,0,0,0,0,0,0,0,0,0,0
2634,4762,90,0,61411,97,"Ein Traum von einem Portrait",3114,0,0,0,0,0,0,0,0,0,0,0,0,0,0,0,0,0,0,0,0,0,0,0
2635,4812,90,0,61411,97,"Wertvolle Beziehungen",3231,0,0,0,0,0,0,0,0,0,0,0,0,0,0,0,0,0,0,0,0,0,0,0
2636,4813,90,0,61411,97,"Lang lebe der Wohlstand",3232,0,0,0,0,0,0,0,0,0,0,0,0,0,0,0,0,0,0,0,0,0,0,0
2637,0,0,0,0,0,"",0,0,0,0,0,0,0,0,0,0,0,0,0,0,0,0,0,0,0,0,0,0,0,0
2638,2393,1,0,61411,358,"Duell am Wolfshöhlen-Pier",0,0,0,0,0,0,0,0,0,0,0,0,0,0,0,0,0,0,0,0,0,0,0,0
2639,3007,30,0,61419,358,"Schwingen aus Stahl",1664,0,0,0,0,0,0,0,0,0,0,0,0,0,0,0,0,0,0,0,0,0,0,0
2640,4585,30,0,61419,358,"Quelle des Konflikts",2870,0,0,0,0,0,0,0,0,0,0,0,0,0,0,0,0,0,0,0,0,0,0,0
2641,107,1,0,61411,27,"Willkommen in Limsa Lominsa",2,200,147,132,138,201,202,0,0,0,0,0,0,0,0,0,0,0,0,0,0,0,0,0
2642,111,1,0,61411,27,"Kräuterkunde",0,0,0,0,0,0,0,0,0,0,0,0,0,0,0,0,0,0,0,0,0,0,0,0
2643,112,1,0,61411,27,"Der suspekte Seemann",0,0,0,0,0,0,0,0,0,0,0,0,0,0,0,0,0,0,0,0,0,0,0,0
2644,113,1,0,61411,27,"Ein schüchterner Goblin",0,0,0,0,0,0,0,0,0,0,0,0,0,0,0,0,0,0,0,0,0,0,0,0
2645,114,1,0,61411,27,"Marktforschung",0,0,0,0,0,0,0,0,0,0,0,0,0,0,0,0,0,0,0,0,0,0,0,0
2646,115,1,0,61411,27,"Im Fadenkreuz der Zollfahndung",0,0,0,0,0,0,0,0,0,0,0,0,0,0,0,0,0,0,0,0,0,0,0,0
2647,323,1,0,61411,27,"Dank den Artigen Schwestern",0,0,0,0,0,0,0,0,0,0,0,0,0,0,0,0,0,0,0,0,0,0,0,0
2648,3843,1,0,61419,27,"Auf große Fahrt",0,0,0,0,0,0,0,0,0,0,0,0,0,0,0,0,0,0,0,0,0,0,0,0
2649,117,1,1,61411,27,"Gute Köche zeichnen schlecht",0,0,0,0,0,0,0,0,0,0,0,0,0,0,0,0,0,0,0,0,0,0,0,0
2650,118,1,1,61411,27,"Gewürze aus dem Osten",0,0,0,0,0,0,0,0,0,0,0,0,0,0,0,0,0,0,0,0,0,0,0,0
2651,119,1,1,61411,27,"Vermisste Personen",0,0,0,0,0,0,0,0,0,0,0,0,0,0,0,0,0,0,0,0,0,0,0,0
2652,120,1,1,61411,27,"Es werde Licht",0,0,0,0,0,0,0,0,0,0,0,0,0,0,0,0,0,0,0,0,0,0,0,0
2653,116,1,2,61411,27,"Wilde Schafjagd",0,0,0,0,0,0,0,0,0,0,0,0,0,0,0,0,0,0,0,0,0,0,0,0
2654,121,1,2,61411,27,"Bootskauf",0,0,0,0,0,0,0,0,0,0,0,0,0,0,0,0,0,0,0,0,0,0,0,0
2655,661,1,2,61411,27,"Schuld sind immer die Ratten",0,0,0,0,0,0,0,0,0,0,0,0,0,0,0,0,0,0,0,0,0,0,0,0
2656,122,1,3,61411,27,"Ein glibberiger Genuss",0,0,0,0,0,0,0,0,0,0,0,0,0,0,0,0,0,0,0,0,0,0,0,0
2657,662,1,3,61411,27,"Frustrierte Sirenen",0,0,0,0,0,0,0,0,0,0,0,0,0,0,0,0,0,0,0,0,0,0,0,0
2658,663,4,0,61411,27,"Niniya kann es nicht lassen",0,0,0,0,0,0,0,0,0,0,0,0,0,0,0,0,0,0,0,0,0,0,0,0
2659,471,4,1,61411,30,"Steinige Wege",0,0,0,0,0,0,0,0,0,0,0,0,0,0,0,0,0,0,0,0,0,0,0,0
2660,475,4,1,61411,31,"Her mit den Kröten",0,0,0,0,0,0,0,0,0,0,0,0,0,0,0,0,0,0,0,0,0,0,0,0
2661,481,4,1,61411,31,"Spannkraft fürs Haar",0,0,0,0,0,0,0,0,0,0,0,0,0,0,0,0,0,0,0,0,0,0,0,0
2662,1214,5,0,61419,31,"Schöner Wohnen in Limsa Lominsa",414,0,0,0,0,0,0,0,0,0,0,0,0,0,0,0,0,0,0,0,0,0,0,0
2663,472,4,2,61411,30,"Reife Früchte",0,0,0,0,0,0,0,0,0,0,0,0,0,0,0,0,0,0,0,0,0,0,0,0
2664,476,4,2,61411,31,"Wolle für die Mühlen",0,0,0,0,0,0,0,0,0,0,0,0,0,0,0,0,0,0,0,0,0,0,0,0
2665,480,4,2,61411,31,"Dodos auf der Flucht",0,0,0,0,0,0,0,0,0,0,0,0,0,0,0,0,0,0,0,0,0,0,0,0
2666,470,5,2,61411,30,"Gefahr am Schurkenstrom",0,0,0,0,0,0,0,0,0,0,0,0,0,0,0,0,0,0,0,0,0,0,0,0
2667,473,4,3,61411,30,"Schädliche Puks",0,0,0,0,0,0,0,0,0,0,0,0,0,0,0,0,0,0,0,0,0,0,0,0
2668,482,4,3,61411,31,"Die Ogerkürbisfeldmaulwurfplage",0,0,0,0,0,0,0,0,0,0,0,0,0,0,0,0,0,0,0,0,0,0,0,0
2669,484,4,3,61411,31,"Es klappert die Mühle",0,0,0,0,0,0,0,0,0,0,0,0,0,0,0,0,0,0,0,0,0,0,0,0
2670,474,5,3,61411,30,"Aufruhr an der Feldscheune",0,0,0,0,0,0,0,0,0,0,0,0,0,0,0,0,0,0,0,0,0,0,0,0
2671,477,4,4,61411,31,"Haltet den Mehldieb!",0,0,0,0,0,0,0,0,0,0,0,0,0,0,0,0,0,0,0,0,0,0,0,0
2672,483,4,4,61411,31,"Schädlings<hex:02160103>bekämpfung",0,0,0,0,0,0,0,0,0,0,0,0,0,0,0,0,0,0,0,0,0,0,0,0
2673,485,4,4,61411,31,"Gestank im Stollen",0,0,0,0,0,0,0,0,0,0,0,0,0,0,0,0,0,0,0,0,0,0,0,0
2674,486,4,4,61411,31,"Vorsicht vor dem Kobold!",0,0,0,0,0,0,0,0,0,0,0,0,0,0,0,0,0,0,0,0,0,0,0,0
2675,478,4,5,61411,31,"Ein dreister Überfall",0,0,0,0,0,0,0,0,0,0,0,0,0,0,0,0,0,0,0,0,0,0,0,0
2676,479,4,5,61411,31,"Kampf den Kobolden",0,0,0,0,0,0,0,0,0,0,0,0,0,0,0,0,0,0,0,0,0,0,0,0
2677,487,9,0,61411,27,"Freundlich währt am längsten",0,0,0,0,0,0,0,0,0,0,0,0,0,0,0,0,0,0,0,0,0,0,0,0
2678,59,10,0,61419,33,"Auf Geheiß der Gilde",0,0,0,0,0,0,0,0,0,0,0,0,0,0,0,0,0,0,0,0,0,0,0,0
2679,399,10,0,61411,30,"Scherenschnitt",0,0,0,0,0,0,0,0,0,0,0,0,0,0,0,0,0,0,0,0,0,0,0,0
2680,400,10,0,61411,30,"Frischer Fisch",0,0,0,0,0,0,0,0,0,0,0,0,0,0,0,0,0,0,0,0,0,0,0,0
2681,401,10,0,61411,30,"Den Bussarden an die Gurgel",0,0,0,0,0,0,0,0,0,0,0,0,0,0,0,0,0,0,0,0,0,0,0,0
2682,693,10,0,61419,27,"Freibriefe der Tölpelturm-Siedlung",0,0,0,0,0,0,0,0,0,0,0,0,0,0,0,0,0,0,0,0,0,0,0,0
2683,407,10,1,61411,31,"Stockender Verkehr",0,0,0,0,0,0,0,0,0,0,0,0,0,0,0,0,0,0,0,0,0,0,0,0
2684,405,10,2,61411,33,"Alle meine Dodos",0,0,0,0,0,0,0,0,0,0,0,0,0,0,0,0,0,0,0,0,0,0,0,0
2685,408,10,2,61411,31,"Inventur",0,0,0,0,0,0,0,0,0,0,0,0,0,0,0,0,0,0,0,0,0,0,0,0
2686,409,10,2,61411,31,"Hungrige Hafenarbeiter",0,0,0,0,0,0,0,0,0,0,0,0,0,0,0,0,0,0,0,0,0,0,0,0
2687,410,10,3,61411,31,"Heiße Nieten halten länger",0,0,0,0,0,0,0,0,0,0,0,0,0,0,0,0,0,0,0,0,0,0,0,0
2688,411,10,3,61411,31,"Der einsame Leucht<hex:02160103>turm<hex:02160103>wär<hex:02160103>ter",0,0,0,0,0,0,0,0,0,0,0,0,0,0,0,0,0,0,0,0,0,0,0,0
2689,416,10,3,61411,31,"Monster einführen verboten",0,0,0,0,0,0,0,0,0,0,0,0,0,0,0,0,0,0,0,0,0,0,0,0
2690,417,10,3,61411,31,"Sag es durch die Blume",0,0,0,0,0,0,0,0,0,0,0,0,0,0,0,0,0,0,0,0,0,0,0,0
2691,1426,14,0,61411,27,"Halb getanzt ist ganz verheimlicht",0,0,0,0,0,0,0,0,0,0,0,0,0,0,0,0,0,0,0,0,0,0,0,0
2692,694,15,0,61419,33,"Freibriefe des Bierhafens",0,0,0,0,0,0,0,0,0,0,0,0,0,0,0,0,0,0,0,0,0,0,0,0
2693,1142,15,0,61411,33,"Der eifrige Sturmmariner",0,0,0,0,0,0,0,0,0,0,0,0,0,0,0,0,0,0,0,0,0,0,0,0
2694,1143,15,0,61411,33,"Der übereifrige Sturmmariner",0,0,0,0,0,0,0,0,0,0,0,0,0,0,0,0,0,0,0,0,0,0,0,0
2695,1144,15,0,61411,33,"Der reumütige Sturmmariner",0,0,0,0,0,0,0,0,0,0,0,0,0,0,0,0,0,0,0,0,0,0,0,0
2696,1145,15,0,61411,33,"Meister der Anpassung",0,0,0,0,0,0,0,0,0,0,0,0,0,0,0,0,0,0,0,0,0,0,0,0
2697,1146,15,0,61411,33,"Vergissmeinnicht",0,0,0,0,0,0,0,0,0,0,0,0,0,0,0,0,0,0,0,0,0,0,0,0
2698,1210,15,0,61419,27,"Schön ist nicht schön genug",449,0,0,0,0,0,0,0,0,0,0,0,0,0,0,0,0,0,0,0,0,0,0,0
2699,1289,15,0,61411,33,"Krieg der Raubtiere",0,0,0,0,0,0,0,0,0,0,0,0,0,0,0,0,0,0,0,0,0,0,0,0
2700,1290,15,0,61411,33,"Wolfshundbändiger",0,0,0,0,0,0,0,0,0,0,0,0,0,0,0,0,0,0,0,0,0,0,0,0
2701,1291,15,0,61411,33,"Die Unschuld der Jugend",0,0,0,0,0,0,0,0,0,0,0,0,0,0,0,0,0,0,0,0,0,0,0,0
2702,1431,15,0,61419,27,"Die vergessene Agenda",0,0,0,0,0,0,0,0,0,0,0,0,0,0,0,0,0,0,0,0,0,0,0,0
2703,1147,16,0,61411,33,"Camp Dodo-Dung",0,0,0,0,0,0,0,0,0,0,0,0,0,0,0,0,0,0,0,0,0,0,0,0
2704,1148,16,0,61411,33,"Halbstein ist unser",0,0,0,0,0,0,0,0,0,0,0,0,0,0,0,0,0,0,0,0,0,0,0,0
2705,1149,16,0,61411,33,"Brüderliche Liebe",0,0,0,0,0,0,0,0,0,0,0,0,0,0,0,0,0,0,0,0,0,0,0,0
2706,1150,16,0,61411,33,"Wider dem Vergessen",0,0,0,0,0,0,0,0,0,0,0,0,0,0,0,0,0,0,0,0,0,0,0,0
2707,1151,16,0,61411,33,"Erst töten, dann beten",0,0,0,0,0,0,0,0,0,0,0,0,0,0,0,0,0,0,0,0,0,0,0,0
2708,1152,16,0,61411,33,"Heiß erwartete Ablösung",0,0,0,0,0,0,0,0,0,0,0,0,0,0,0,0,0,0,0,0,0,0,0,0
2709,1433,17,0,61419,27,"Unternehmungslustig (Limsa Lominsa)",0,0,0,0,0,0,0,0,0,0,0,0,0,0,0,0,0,0,0,0,0,0,0,0
2710,695,20,0,61419,31,"Freibriefe der Moraby-Trockendocks",0,0,0,0,0,0,0,0,0,0,0,0,0,0,0,0,0,0,0,0,0,0,0,0
2711,701,20,0,61419,27,"Mein eigener Chocobo (Mahlstrom)",239,0,0,0,0,0,0,0,0,0,0,0,0,0,0,0,0,0,0,0,0,0,0,0
2712,735,23,0,61411,34,"Leerer Bauch studiert nicht gern",0,0,0,0,0,0,0,0,0,0,0,0,0,0,0,0,0,0,0,0,0,0,0,0
2713,736,23,0,61411,34,"Die Riesenseeschlange Thalaos",0,0,0,0,0,0,0,0,0,0,0,0,0,0,0,0,0,0,0,0,0,0,0,0
2714,696,30,0,61419,32,"Freibriefe der Sonnenküste",0,0,0,0,0,0,0,0,0,0,0,0,0,0,0,0,0,0,0,0,0,0,0,0
2715,813,30,0,61411,32,"Landpomeranzen",0,0,0,0,0,0,0,0,0,0,0,0,0,0,0,0,0,0,0,0,0,0,0,0
2716,4764,30,0,61419,27,"Die wandelbare Welt der Feen",0,0,0,0,0,0,0,0,0,0,0,0,0,0,0,0,0,0,0,0,0,0,0,0
2717,833,32,0,61411,32,"Lange Finger, lange Ohren",0,0,0,0,0,0,0,0,0,0,0,0,0,0,0,0,0,0,0,0,0,0,0,0
2718,834,32,0,61411,32,"Erdbeben mit Folgen",0,0,0,0,0,0,0,0,0,0,0,0,0,0,0,0,0,0,0,0,0,0,0,0
2719,835,32,0,61411,32,"Höllenmaschinen",0,0,0,0,0,0,0,0,0,0,0,0,0,0,0,0,0,0,0,0,0,0,0,0
2720,836,32,0,61411,32,"Gefahr erkannt? Gefahr verkannt!",0,0,0,0,0,0,0,0,0,0,0,0,0,0,0,0,0,0,0,0,0,0,0,0
2721,837,32,0,61411,32,"Säulenpest",0,0,0,0,0,0,0,0,0,0,0,0,0,0,0,0,0,0,0,0,0,0,0,0
2722,838,32,0,61411,32,"Verloren, gefunden",0,0,0,0,0,0,0,0,0,0,0,0,0,0,0,0,0,0,0,0,0,0,0,0
2723,841,32,0,61411,32,"Raptorenplage",0,0,0,0,0,0,0,0,0,0,0,0,0,0,0,0,0,0,0,0,0,0,0,0
2724,842,32,0,61411,32,"Verkorkster Weingenuss",0,0,0,0,0,0,0,0,0,0,0,0,0,0,0,0,0,0,0,0,0,0,0,0
2725,844,32,1,61411,32,"Eitler Winzer",0,0,0,0,0,0,0,0,0,0,0,0,0,0,0,0,0,0,0,0,0,0,0,0
2726,849,33,0,61411,32,"Die Schattenseite des Weins",0,0,0,0,0,0,0,0,0,0,0,0,0,0,0,0,0,0,0,0,0,0,0,0
2727,851,33,0,61411,32,"Frische Brise",0,0,0,0,0,0,0,0,0,0,0,0,0,0,0,0,0,0,0,0,0,0,0,0
2728,852,33,0,61411,32,"Undank ist der Welten Lohn",0,0,0,0,0,0,0,0,0,0,0,0,0,0,0,0,0,0,0,0,0,0,0,0
2729,853,33,0,61411,32,"Schuppige Aasfresser",0,0,0,0,0,0,0,0,0,0,0,0,0,0,0,0,0,0,0,0,0,0,0,0
2730,858,34,0,61411,34,"Ist doch kein Beinbruch",0,0,0,0,0,0,0,0,0,0,0,0,0,0,0,0,0,0,0,0,0,0,0,0
2731,859,34,0,61411,350,"Mit leerem Bauch",0,0,0,0,0,0,0,0,0,0,0,0,0,0,0,0,0,0,0,0,0,0,0,0
2732,860,34,0,61411,350,"Gefiederte Luftpiraten",0,0,0,0,0,0,0,0,0,0,0,0,0,0,0,0,0,0,0,0,0,0,0,0
2733,861,34,0,61411,350,"Sabotage",0,0,0,0,0,0,0,0,0,0,0,0,0,0,0,0,0,0,0,0,0,0,0,0
2734,862,34,0,61411,350,"Kein Metall den Kobolden",0,0,0,0,0,0,0,0,0,0,0,0,0,0,0,0,0,0,0,0,0,0,0,0
2735,863,34,0,61411,350,"Ein Kindheitstraum wird wahr",0,0,0,0,0,0,0,0,0,0,0,0,0,0,0,0,0,0,0,0,0,0,0,0
2736,864,34,0,61411,350,"Aussichtsreiche Infiltration",0,0,0,0,0,0,0,0,0,0,0,0,0,0,0,0,0,0,0,0,0,0,0,0
2737,865,34,0,61411,350,"Rache für Blaugybal",0,0,0,0,0,0,0,0,0,0,0,0,0,0,0,0,0,0,0,0,0,0,0,0
2738,866,34,0,61411,34,"Der ul'dhische Patient",0,0,0,0,0,0,0,0,0,0,0,0,0,0,0,0,0,0,0,0,0,0,0,0
2739,867,34,0,61411,34,"Die Warmweintherapie",0,0,0,0,0,0,0,0,0,0,0,0,0,0,0,0,0,0,0,0,0,0,0,0
2740,868,34,0,61411,34,"Zu heiß gebadet",0,0,0,0,0,0,0,0,0,0,0,0,0,0,0,0,0,0,0,0,0,0,0,0
2741,14,35,0,61419,32,"Freibriefe vom Weinhafen",0,0,0,0,0,0,0,0,0,0,0,0,0,0,0,0,0,0,0,0,0,0,0,0
2742,1211,36,0,61419,32,"Jäger aller verlorenen Schätze",0,0,0,0,0,0,0,0,0,0,0,0,0,0,0,0,0,0,0,0,0,0,0,0
2743,964,42,0,61411,33,"Untote Strandbesucher",0,0,0,0,0,0,0,0,0,0,0,0,0,0,0,0,0,0,0,0,0,0,0,0
2744,965,42,0,61411,33,"Auf dem Trock'nen",0,0,0,0,0,0,0,0,0,0,0,0,0,0,0,0,0,0,0,0,0,0,0,0
2745,966,42,0,61411,33,"Würzige Fischsuppe",0,0,0,0,0,0,0,0,0,0,0,0,0,0,0,0,0,0,0,0,0,0,0,0
2746,1017,47,0,61411,350,"Gil regiert die Welt",0,0,0,0,0,0,0,0,0,0,0,0,0,0,0,0,0,0,0,0,0,0,0,0
2747,1018,47,0,61411,350,"Trauer um die Kameraden",0,0,0,0,0,0,0,0,0,0,0,0,0,0,0,0,0,0,0,0,0,0,0,0
2748,1019,47,0,61411,350,"Ablenkungsmanöver",0,0,0,0,0,0,0,0,0,0,0,0,0,0,0,0,0,0,0,0,0,0,0,0
2749,1020,47,0,61411,350,"Alte Kameraden",0,0,0,0,0,0,0,0,0,0,0,0,0,0,0,0,0,0,0,0,0,0,0,0
2750,1026,48,0,61411,33,"Wertvolle Fracht",0,0,0,0,0,0,0,0,0,0,0,0,0,0,0,0,0,0,0,0,0,0,0,0
2751,1027,48,0,61411,33,"Die falsche Schlange",0,0,0,0,0,0,0,0,0,0,0,0,0,0,0,0,0,0,0,0,0,0,0,0
2752,1028,48,0,61411,33,"Ins Schlangennest",0,0,0,0,0,0,0,0,0,0,0,0,0,0,0,0,0,0,0,0,0,0,0,0
2753,1029,48,0,61411,33,"Schlangenjagd",0,0,0,0,0,0,0,0,0,0,0,0,0,0,0,0,0,0,0,0,0,0,0,0
2754,1030,48,0,61411,33,"Sahagin-Schikane",0,0,0,0,0,0,0,0,0,0,0,0,0,0,0,0,0,0,0,0,0,0,0,0
2755,1031,48,0,61411,33,"Bruderliebe",0,0,0,0,0,0,0,0,0,0,0,0,0,0,0,0,0,0,0,0,0,0,0,0
2756,1032,48,0,61411,33,"Das Ablenkungsmanöver",0,0,0,0,0,0,0,0,0,0,0,0,0,0,0,0,0,0,0,0,0,0,0,0
2757,1033,48,0,61411,33,"Quallenklößchen? Her damit!",0,0,0,0,0,0,0,0,0,0,0,0,0,0,0,0,0,0,0,0,0,0,0,0
2758,1034,48,0,61411,33,"Quallenklößchen? Ohne mich!",0,0,0,0,0,0,0,0,0,0,0,0,0,0,0,0,0,0,0,0,0,0,0,0
2759,1035,48,0,61411,33,"Kristallsplitter",0,0,0,0,0,0,0,0,0,0,0,0,0,0,0,0,0,0,0,0,0,0,0,0
2760,1208,50,0,61419,33,"Betörende Gesänge",0,0,0,0,0,0,0,0,0,0,0,0,0,0,0,0,0,0,0,0,0,0,0,0
2761,1209,50,0,61419,33,"Erschreckende Erkenntnis",0,0,0,0,0,0,0,0,0,0,0,0,0,0,0,0,0,0,0,0,0,0,0,0
2762,1430,50,0,61411,27,"Ein kapitaler Fang",0,0,0,0,0,0,0,0,0,0,0,0,0,0,0,0,0,0,0,0,0,0,0,0
2763,246,50,0,61411,27,"Ohne Fische geht es nicht",0,0,0,0,0,0,0,0,0,0,0,0,0,0,0,0,0,0,0,0,0,0,0,0
2764,2360,50,0,61419,27,"Die wandelbare Welt der Egi",0,0,0,0,0,0,0,0,0,0,0,0,0,0,0,0,0,0,0,0,0,0,0,0
2765,2201,60,0,61419,27,"Sanieren oder demolieren",0,0,0,0,0,0,0,0,0,0,0,0,0,0,0,0,0,0,0,0,0,0,0,0
2766,2248,60,0,61419,27,"Sturm auf die Insel",0,0,0,0,0,0,0,0,0,0,0,0,0,0,0,0,0,0,0,0,0,0,0,0
2767,39,1,0,61411,39,"Willkommen in Gridania",2,3,147,53,146,226,29,0,0,0,0,0,0,0,0,0,0,0,0,0,0,0,0,0
2768,1,1,0,61411,39,"Gute Abenteurer sind schwer zu finden",0,0,0,0,0,0,0,0,0,0,0,0,0,0,0,0,0,0,0,0,0,0,0,0
2769,20,1,0,61411,39,"Mellaines Schülerin",0,0,0,0,0,0,0,0,0,0,0,0,0,0,0,0,0,0,0,0,0,0,0,0
2770,24,1,0,61411,39,"F'mibhas' Brief",0,0,0,0,0,0,0,0,0,0,0,0,0,0,0,0,0,0,0,0,0,0,0,0
2771,27,1,0,61411,39,"Zimmerer am Amphitheater",0,0,0,0,0,0,0,0,0,0,0,0,0,0,0,0,0,0,0,0,0,0,0,0
2772,49,1,0,61411,39,"Die Wache wacht",0,0,0,0,0,0,0,0,0,0,0,0,0,0,0,0,0,0,0,0,0,0,0,0
2773,38,1,1,61411,39,"Zwei Fliegen mit einer Klappe",0,0,0,0,0,0,0,0,0,0,0,0,0,0,0,0,0,0,0,0,0,0,0,0
2774,40,1,1,61411,39,"Großer Bruder",0,0,0,0,0,0,0,0,0,0,0,0,0,0,0,0,0,0,0,0,0,0,0,0
2775,41,1,1,61411,39,"Die Roseninvasion",0,0,0,0,0,0,0,0,0,0,0,0,0,0,0,0,0,0,0,0,0,0,0,0
2776,42,1,1,61411,39,"Spuren einer Nacht",0,0,0,0,0,0,0,0,0,0,0,0,0,0,0,0,0,0,0,0,0,0,0,0
2777,25,1,2,61411,39,"Freche Nager",0,0,0,0,0,0,0,0,0,0,0,0,0,0,0,0,0,0,0,0,0,0,0,0
2778,26,1,2,61411,39,"Knospe des Vertrauens",0,0,0,0,0,0,0,0,0,0,0,0,0,0,0,0,0,0,0,0,0,0,0,0
2779,31,1,2,61411,39,"Öl für das Orakel",0,0,0,0,0,0,0,0,0,0,0,0,0,0,0,0,0,0,0,0,0,0,0,0
2780,32,3,1,61411,39,"Eine harte Nuss",0,0,0,0,0,0,0,0,0,0,0,0,0,0,0,0,0,0,0,0,0,0,0,0
2781,34,4,0,61411,39,"Proviantlieferung",0,0,0,0,0,0,0,0,0,0,0,0,0,0,0,0,0,0,0,0,0,0,0,0
2782,37,1,3,61411,39,"Pilzbefall",0,0,0,0,0,0,0,0,0,0,0,0,0,0,0,0,0,0,0,0,0,0,0,0
2783,170,3,2,61411,57,"Schreckhafte Chocobos",0,0,0,0,0,0,0,0,0,0,0,0,0,0,0,0,0,0,0,0,0,0,0,0
2784,173,3,2,61411,57,"Stinkbombe",0,0,0,0,0,0,0,0,0,0,0,0,0,0,0,0,0,0,0,0,0,0,0,0
2785,195,4,1,61411,57,"Leuchtende Pilze",0,0,0,0,0,0,0,0,0,0,0,0,0,0,0,0,0,0,0,0,0,0,0,0
2786,210,4,1,61411,54,"Gestresste Rekruten",0,0,0,0,0,0,0,0,0,0,0,0,0,0,0,0,0,0,0,0,0,0,0,0
2787,103,4,2,61411,57,"Nicht die Bohne",0,0,0,0,0,0,0,0,0,0,0,0,0,0,0,0,0,0,0,0,0,0,0,0
2788,171,3,3,61411,57,"Kriechende Ölquelle",0,0,0,0,0,0,0,0,0,0,0,0,0,0,0,0,0,0,0,0,0,0,0,0
2789,199,4,2,61411,57,"Schmutzige Wegweiser",0,0,0,0,0,0,0,0,0,0,0,0,0,0,0,0,0,0,0,0,0,0,0,0
2790,95,4,3,61411,57,"Mückenplage",0,0,0,0,0,0,0,0,0,0,0,0,0,0,0,0,0,0,0,0,0,0,0,0
2791,172,4,3,61411,54,"Bissige Nager",0,0,0,0,0,0,0,0,0,0,0,0,0,0,0,0,0,0,0,0,0,0,0,0
2792,174,4,3,61411,57,"Federn rupfen",0,0,0,0,0,0,0,0,0,0,0,0,0,0,0,0,0,0,0,0,0,0,0,0
2793,197,4,3,61411,54,"Panzerknacker",0,0,0,0,0,0,0,0,0,0,0,0,0,0,0,0,0,0,0,0,0,0,0,0
2794,97,4,4,61411,57,"Ixal am Hagebaum",0,0,0,0,0,0,0,0,0,0,0,0,0,0,0,0,0,0,0,0,0,0,0,0
2795,98,4,4,61411,57,"Im Einklang mit der Natur",0,0,0,0,0,0,0,0,0,0,0,0,0,0,0,0,0,0,0,0,0,0,0,0
2796,127,4,4,61411,54,"Baumbefall",0,0,0,0,0,0,0,0,0,0,0,0,0,0,0,0,0,0,0,0,0,0,0,0
2797,130,4,4,61411,54,"Wegvergifter",0,0,0,0,0,0,0,0,0,0,0,0,0,0,0,0,0,0,0,0,0,0,0,0
2798,99,4,5,61411,57,"Ein diebischer Verehrer",0,0,0,0,0,0,0,0,0,0,0,0,0,0,0,0,0,0,0,0,0,0,0,0
2799,1428,9,0,61411,39,"Ein neues Leben",0,0,0,0,0,0,0,0,0,0,0,0,0,0,0,0,0,0,0,0,0,0,0,0
2800,60,10,0,61419,54,"Auf Geheiß der Gilde",0,0,0,0,0,0,0,0,0,0,0,0,0,0,0,0,0,0,0,0,0,0,0,0
2801,220,10,0,61419,39,"Freibriefe von Zwieselgrund",0,0,0,0,0,0,0,0,0,0,0,0,0,0,0,0,0,0,0,0,0,0,0,0
2802,375,10,0,61411,54,"Ein aufdringlicher Händler",0,0,0,0,0,0,0,0,0,0,0,0,0,0,0,0,0,0,0,0,0,0,0,0
2803,378,10,0,61411,54,"Eiablage",0,0,0,0,0,0,0,0,0,0,0,0,0,0,0,0,0,0,0,0,0,0,0,0
2804,1212,10,0,61419,54,"Schöner Wohnen in Gridania",413,0,0,0,0,0,0,0,0,0,0,0,0,0,0,0,0,0,0,0,0,0,0,0
2805,157,10,1,61411,54,"Natürlicher Kleber",0,0,0,0,0,0,0,0,0,0,0,0,0,0,0,0,0,0,0,0,0,0,0,0
2806,386,10,1,61411,54,"Lastesel am Spiegelsee",0,0,0,0,0,0,0,0,0,0,0,0,0,0,0,0,0,0,0,0,0,0,0,0
2807,158,10,2,61411,54,"Eingelegte Hornissen",0,0,0,0,0,0,0,0,0,0,0,0,0,0,0,0,0,0,0,0,0,0,0,0
2808,383,10,2,61411,54,"Blumen für die Toten",0,0,0,0,0,0,0,0,0,0,0,0,0,0,0,0,0,0,0,0,0,0,0,0
2809,385,10,2,61411,54,"Anglerin ohne Angel",0,0,0,0,0,0,0,0,0,0,0,0,0,0,0,0,0,0,0,0,0,0,0,0
2810,160,10,3,61411,54,"Schleimige Grabräuber",0,0,0,0,0,0,0,0,0,0,0,0,0,0,0,0,0,0,0,0,0,0,0,0
2811,1425,14,0,61411,39,"Steif wie ein Brett",0,0,0,0,0,0,0,0,0,0,0,0,0,0,0,0,0,0,0,0,0,0,0,0
2812,221,15,0,61419,55,"Freibriefe der Hawthorne-Hütte",0,0,0,0,0,0,0,0,0,0,0,0,0,0,0,0,0,0,0,0,0,0,0,0
2813,565,15,0,61419,54,"Rennformalitäten",0,0,0,0,0,0,0,0,0,0,0,0,0,0,0,0,0,0,0,0,0,0,0,0
2814,1432,17,0,61419,39,"Unternehmungslustig (Gridania)",0,0,0,0,0,0,0,0,0,0,0,0,0,0,0,0,0,0,0,0,0,0,0,0
2815,162,20,0,61419,39,"Unbekanntes Eorzea",0,0,0,0,0,0,0,0,0,0,0,0,0,0,0,0,0,0,0,0,0,0,0,0
2816,443,20,0,61419,56,"Freibriefe von Mühlenbruch",0,0,0,0,0,0,0,0,0,0,0,0,0,0,0,0,0,0,0,0,0,0,0,0
2817,700,20,0,61419,39,"Mein eigener Chocobo (Bruderschaft der Morgenviper)",237,0,0,0,0,0,0,0,0,0,0,0,0,0,0,0,0,0,0,0,0,0,0,0
2818,711,20,0,61411,55,"Ersatzdienst für einen Verwundeten",0,0,0,0,0,0,0,0,0,0,0,0,0,0,0,0,0,0,0,0,0,0,0,0
2819,712,20,0,61411,55,"Fleischlieferung",0,0,0,0,0,0,0,0,0,0,0,0,0,0,0,0,0,0,0,0,0,0,0,0
2820,713,20,0,61411,55,"Wachpatrouille",0,0,0,0,0,0,0,0,0,0,0,0,0,0,0,0,0,0,0,0,0,0,0,0
2821,714,20,0,61411,55,"Wilde Keilerei",0,0,0,0,0,0,0,0,0,0,0,0,0,0,0,0,0,0,0,0,0,0,0,0
2822,716,21,0,61411,55,"Eine kindliche Gestalt",0,0,0,0,0,0,0,0,0,0,0,0,0,0,0,0,0,0,0,0,0,0,0,0
2823,720,21,0,61411,55,"Zarte Mooshaut",0,0,0,0,0,0,0,0,0,0,0,0,0,0,0,0,0,0,0,0,0,0,0,0
2824,721,21,0,61411,55,"Haarmücken-Plage",0,0,0,0,0,0,0,0,0,0,0,0,0,0,0,0,0,0,0,0,0,0,0,0
2825,722,21,0,61411,55,"Gemeinige Stoßende",0,0,0,0,0,0,0,0,0,0,0,0,0,0,0,0,0,0,0,0,0,0,0,0
2826,723,21,0,61411,55,"Den Faden verloren",0,0,0,0,0,0,0,0,0,0,0,0,0,0,0,0,0,0,0,0,0,0,0,0
2827,727,22,0,61411,56,"Ein zweites Zuhause",0,0,0,0,0,0,0,0,0,0,0,0,0,0,0,0,0,0,0,0,0,0,0,0
2828,728,22,0,61411,56,"Ehre dem Hüter des Waldes",0,0,0,0,0,0,0,0,0,0,0,0,0,0,0,0,0,0,0,0,0,0,0,0
2829,729,22,0,61411,56,"Flussfischer",0,0,0,0,0,0,0,0,0,0,0,0,0,0,0,0,0,0,0,0,0,0,0,0
2830,730,22,0,61411,56,"Ruinöse Plagegeister",0,0,0,0,0,0,0,0,0,0,0,0,0,0,0,0,0,0,0,0,0,0,0,0
2831,731,22,0,61411,56,"Heimstatt der Dunkelalben",0,0,0,0,0,0,0,0,0,0,0,0,0,0,0,0,0,0,0,0,0,0,0,0
2832,732,22,0,61411,56,"Prävention statt Vergeltung",0,0,0,0,0,0,0,0,0,0,0,0,0,0,0,0,0,0,0,0,0,0,0,0
2833,739,23,0,61411,56,"Buscarrons Augen und Ohren",0,0,0,0,0,0,0,0,0,0,0,0,0,0,0,0,0,0,0,0,0,0,0,0
2834,742,24,0,61411,56,"Die Ruhe des Waldes",0,0,0,0,0,0,0,0,0,0,0,0,0,0,0,0,0,0,0,0,0,0,0,0
2835,745,24,0,61411,55,"Der Segen des Waldes",0,0,0,0,0,0,0,0,0,0,0,0,0,0,0,0,0,0,0,0,0,0,0,0
2836,766,26,0,61411,56,"Der König der Wilderer",0,0,0,0,0,0,0,0,0,0,0,0,0,0,0,0,0,0,0,0,0,0,0,0
2837,767,26,0,61411,56,"Not macht verbrecherisch",0,0,0,0,0,0,0,0,0,0,0,0,0,0,0,0,0,0,0,0,0,0,0,0
2838,768,26,0,61411,56,"Der Apfel fällt nicht weit vom Stamm",0,0,0,0,0,0,0,0,0,0,0,0,0,0,0,0,0,0,0,0,0,0,0,0
2839,769,26,0,61411,56,"Süße Erinnerungen",0,0,0,0,0,0,0,0,0,0,0,0,0,0,0,0,0,0,0,0,0,0,0,0
2840,770,26,0,61411,56,"Verlorene Heimat",0,0,0,0,0,0,0,0,0,0,0,0,0,0,0,0,0,0,0,0,0,0,0,0
2841,771,26,0,61411,56,"Großvaters Axt",0,0,0,0,0,0,0,0,0,0,0,0,0,0,0,0,0,0,0,0,0,0,0,0
2842,772,26,0,61411,56,"Die über Hunger klagen",0,0,0,0,0,0,0,0,0,0,0,0,0,0,0,0,0,0,0,0,0,0,0,0
2843,773,26,0,61411,56,"Geschmacksfrage",0,0,0,0,0,0,0,0,0,0,0,0,0,0,0,0,0,0,0,0,0,0,0,0
2844,788,28,0,61411,57,"Ein Schlüssel und ein Schussel",0,0,0,0,0,0,0,0,0,0,0,0,0,0,0,0,0,0,0,0,0,0,0,0
2845,789,28,0,61411,57,"Sichtung des Maskierten",0,0,0,0,0,0,0,0,0,0,0,0,0,0,0,0,0,0,0,0,0,0,0,0
2846,790,28,0,61411,57,"Trink doch einen mit",0,0,0,0,0,0,0,0,0,0,0,0,0,0,0,0,0,0,0,0,0,0,0,0
2847,791,28,0,61411,57,"Mit Leib und Seelenstein",0,0,0,0,0,0,0,0,0,0,0,0,0,0,0,0,0,0,0,0,0,0,0,0
2848,792,28,0,61411,57,"Die Kunst des Staubwedelns",0,0,0,0,0,0,0,0,0,0,0,0,0,0,0,0,0,0,0,0,0,0,0,0
2849,793,28,0,61411,57,"Wenn Chocobos schlafen",0,0,0,0,0,0,0,0,0,0,0,0,0,0,0,0,0,0,0,0,0,0,0,0
2850,794,28,0,61411,57,"Ein Nudelholz nimmt mir den Stolz",0,0,0,0,0,0,0,0,0,0,0,0,0,0,0,0,0,0,0,0,0,0,0,0
2851,795,28,0,61411,57,"Mit besten Absichten",0,0,0,0,0,0,0,0,0,0,0,0,0,0,0,0,0,0,0,0,0,0,0,0
2852,796,28,0,61411,57,"Hungrige Bergleute",0,0,0,0,0,0,0,0,0,0,0,0,0,0,0,0,0,0,0,0,0,0,0,0
2853,797,28,0,61411,57,"Ein Licht für die Nacht",0,0,0,0,0,0,0,0,0,0,0,0,0,0,0,0,0,0,0,0,0,0,0,0
2854,798,28,0,61411,57,"Hoch hinaus",0,0,0,0,0,0,0,0,0,0,0,0,0,0,0,0,0,0,0,0,0,0,0,0
2855,802,29,0,61419,39,"Auf den Spuren des weißen Wolfes",0,0,0,0,0,0,0,0,0,0,0,0,0,0,0,0,0,0,0,0,0,0,0,0
2856,803,29,0,61411,39,"Vorsicht, Rutschgefahr!",0,0,0,0,0,0,0,0,0,0,0,0,0,0,0,0,0,0,0,0,0,0,0,0
2857,804,29,0,61411,54,"Natürlich ungebührlich",0,0,0,0,0,0,0,0,0,0,0,0,0,0,0,0,0,0,0,0,0,0,0,0
2858,805,29,0,61411,54,"Marcette bittet ... nett?",0,0,0,0,0,0,0,0,0,0,0,0,0,0,0,0,0,0,0,0,0,0,0,0
2859,806,29,0,61411,54,"Hoffnungs<hex:02160103>schimmer und Gewimmer",0,0,0,0,0,0,0,0,0,0,0,0,0,0,0,0,0,0,0,0,0,0,0,0
2860,807,29,0,61411,54,"Schau mir in den Magen, Kleines!",0,0,0,0,0,0,0,0,0,0,0,0,0,0,0,0,0,0,0,0,0,0,0,0
2861,194,30,0,61411,39,"Ein einzigartiges Pferd",0,0,0,0,0,0,0,0,0,0,0,0,0,0,0,0,0,0,0,0,0,0,0,0
2862,444,30,0,61419,56,"Freibriefe von Camp Seelenruhe",0,0,0,0,0,0,0,0,0,0,0,0,0,0,0,0,0,0,0,0,0,0,0,0
2863,817,30,0,61411,56,"Fernweh",0,0,0,0,0,0,0,0,0,0,0,0,0,0,0,0,0,0,0,0,0,0,0,0
2864,818,30,0,61411,56,"Hölzernes Missgeschick",0,0,0,0,0,0,0,0,0,0,0,0,0,0,0,0,0,0,0,0,0,0,0,0
2865,1162,30,0,61419,56,"Mein kleiner Chocobo",0,0,0,0,0,0,0,0,0,0,0,0,0,0,0,0,0,0,0,0,0,0,0,0
2866,1560,30,0,61419,54,"Geheimnisse der Chocobo-Zucht",0,0,0,0,0,0,0,0,0,0,0,0,0,0,0,0,0,0,0,0,0,0,0,0
2867,885,36,0,61411,57,"Vom Hunger getrieben",0,0,0,0,0,0,0,0,0,0,0,0,0,0,0,0,0,0,0,0,0,0,0,0
2868,906,37,0,61411,57,"Rache für Isaudorel",0,0,0,0,0,0,0,0,0,0,0,0,0,0,0,0,0,0,0,0,0,0,0,0
2869,907,37,0,61411,57,"Schwarze Katze, Weiße Widder",0,0,0,0,0,0,0,0,0,0,0,0,0,0,0,0,0,0,0,0,0,0,0,0
2870,908,37,0,61411,57,"Barrikadenräumkommando",0,0,0,0,0,0,0,0,0,0,0,0,0,0,0,0,0,0,0,0,0,0,0,0
2871,909,37,0,61411,57,"Gemeinsam gegen den Sturm",0,0,0,0,0,0,0,0,0,0,0,0,0,0,0,0,0,0,0,0,0,0,0,0
2872,969,43,0,61411,39,"Bestellung im Doppelpack",0,0,0,0,0,0,0,0,0,0,0,0,0,0,0,0,0,0,0,0,0,0,0,0
2873,970,43,0,61411,55,"Der schüchterne Gärtner",0,0,0,0,0,0,0,0,0,0,0,0,0,0,0,0,0,0,0,0,0,0,0,0
2874,972,43,0,61411,55,"Erblühende Liebe",0,0,0,0,0,0,0,0,0,0,0,0,0,0,0,0,0,0,0,0,0,0,0,0
2875,973,43,0,61411,55,"Blumenregen",0,0,0,0,0,0,0,0,0,0,0,0,0,0,0,0,0,0,0,0,0,0,0,0
2876,1008,46,0,61419,39,"Der schwarze Geisterritter",0,0,0,0,0,0,0,0,0,0,0,0,0,0,0,0,0,0,0,0,0,0,0,0
2877,1009,46,0,61419,39,"Der Dunkle Reiter erwacht",0,0,0,0,0,0,0,0,0,0,0,0,0,0,0,0,0,0,0,0,0,0,0,0
2878,1010,46,0,61411,56,"Abendmahl mit der Familie",0,0,0,0,0,0,0,0,0,0,0,0,0,0,0,0,0,0,0,0,0,0,0,0
2879,1011,46,0,61411,56,"Der Ritter der Furcht",0,0,0,0,0,0,0,0,0,0,0,0,0,0,0,0,0,0,0,0,0,0,0,0
2880,1012,46,0,61419,56,"Die Wahrheit der heiligen Schrift",0,0,0,0,0,0,0,0,0,0,0,0,0,0,0,0,0,0,0,0,0,0,0,0
2881,1140,50,0,61419,57,"Die Leiden des jungen Ealdwine",0,0,0,0,0,0,0,0,0,0,0,0,0,0,0,0,0,0,0,0,0,0,0,0
2882,1389,50,0,61419,39,"Eine Nacht in Amdapor",0,0,0,0,0,0,0,0,0,0,0,0,0,0,0,0,0,0,0,0,0,0,0,0
2883,1670,50,0,61419,57,"Die Kessel-Legende",0,0,0,0,0,0,0,0,0,0,0,0,0,0,0,0,0,0,0,0,0,0,0,0
2884,2282,60,0,61419,39,"Zurück in die Ruinen",0,0,0,0,0,0,0,0,0,0,0,0,0,0,0,0,0,0,0,0,0,0,0,0
2885,594,1,0,61411,51,"Willkommen in Ul'dah",2,186,147,139,145,187,188,0,0,0,0,0,0,0,0,0,0,0,0,0,0,0,0,0
2886,149,1,0,61411,51,"Bonitätsprüfung",0,0,0,0,0,0,0,0,0,0,0,0,0,0,0,0,0,0,0,0,0,0,0,0
2887,150,1,0,61411,51,"Geldeintreiber",0,0,0,0,0,0,0,0,0,0,0,0,0,0,0,0,0,0,0,0,0,0,0,0
2888,151,1,0,61411,51,"Gil für Gold",0,0,0,0,0,0,0,0,0,0,0,0,0,0,0,0,0,0,0,0,0,0,0,0
2889,153,1,0,61411,51,"Franz verfallen",0,0,0,0,0,0,0,0,0,0,0,0,0,0,0,0,0,0,0,0,0,0,0,0
2890,165,1,0,61411,51,"Der Granat-Gladiator",0,0,0,0,0,0,0,0,0,0,0,0,0,0,0,0,0,0,0,0,0,0,0,0
2891,167,1,0,61411,51,"Neue Nadeln braucht das Land",0,0,0,0,0,0,0,0,0,0,0,0,0,0,0,0,0,0,0,0,0,0,0,0
2892,396,1,0,61411,51,"Geld verdirbt den Charakter",0,0,0,0,0,0,0,0,0,0,0,0,0,0,0,0,0,0,0,0,0,0,0,0
2893,1437,1,0,61411,42,"Ein rätselhaftes Vermächtnis",0,0,0,0,0,0,0,0,0,0,0,0,0,0,0,0,0,0,0,0,0,0,0,0
2894,392,1,1,61411,51,"Lauter Eitelkeiten",0,0,0,0,0,0,0,0,0,0,0,0,0,0,0,0,0,0,0,0,0,0,0,0
2895,393,1,1,61411,51,"Trendscout",0,0,0,0,0,0,0,0,0,0,0,0,0,0,0,0,0,0,0,0,0,0,0,0
2896,394,1,1,61411,51,"Ver<hex:02160103>suchs<hex:02160103>ka<hex:02160103>nin<hex:02160103>chen",0,0,0,0,0,0,0,0,0,0,0,0,0,0,0,0,0,0,0,0,0,0,0,0
2897,395,1,1,61411,51,"Der sentimentale Wert",0,0,0,0,0,0,0,0,0,0,0,0,0,0,0,0,0,0,0,0,0,0,0,0
2898,163,1,2,61411,51,"Vom Leder gezogen",0,0,0,0,0,0,0,0,0,0,0,0,0,0,0,0,0,0,0,0,0,0,0,0
2899,571,1,2,61411,51,"Wer braucht schon Glück?",0,0,0,0,0,0,0,0,0,0,0,0,0,0,0,0,0,0,0,0,0,0,0,0
2900,572,1,2,61411,51,"Erasmus' Projekt",0,0,0,0,0,0,0,0,0,0,0,0,0,0,0,0,0,0,0,0,0,0,0,0
2901,5187,1,0,61419,51,"Das Wundermittel",0,0,0,0,0,0,0,0,0,0,0,0,0,0,0,0,0,0,0,0,0,0,0,0
2902,222,4,0,61411,42,"Vermisste Kiste",0,0,0,0,0,0,0,0,0,0,0,0,0,0,0,0,0,0,0,0,0,0,0,0
2903,389,4,0,61411,51,"Schienen-Casanova",0,0,0,0,0,0,0,0,0,0,0,0,0,0,0,0,0,0,0,0,0,0,0,0
2904,390,4,0,61411,51,"Lieferschwierigkeiten",0,0,0,0,0,0,0,0,0,0,0,0,0,0,0,0,0,0,0,0,0,0,0,0
2905,223,4,1,61411,42,"Mit allen Wassern gewaschen",0,0,0,0,0,0,0,0,0,0,0,0,0,0,0,0,0,0,0,0,0,0,0,0
2906,231,4,1,61411,42,"Armer Racker",0,0,0,0,0,0,0,0,0,0,0,0,0,0,0,0,0,0,0,0,0,0,0,0
2907,1213,5,0,61419,42,"Schöner Wohnen in Ul'dah",412,0,0,0,0,0,0,0,0,0,0,0,0,0,0,0,0,0,0,0,0,0,0,0
2908,224,4,2,61411,42,"Geflügelte Worte",0,0,0,0,0,0,0,0,0,0,0,0,0,0,0,0,0,0,0,0,0,0,0,0
2909,226,4,2,61411,42,"Randalebrüder",0,0,0,0,0,0,0,0,0,0,0,0,0,0,0,0,0,0,0,0,0,0,0,0
2910,321,4,2,61411,43,"Rettet die Regenwürmer!",0,0,0,0,0,0,0,0,0,0,0,0,0,0,0,0,0,0,0,0,0,0,0,0
2911,227,4,3,61411,42,"Der Ruf des Geldes",0,0,0,0,0,0,0,0,0,0,0,0,0,0,0,0,0,0,0,0,0,0,0,0
2912,228,4,3,61411,42,"Orientierungslos",0,0,0,0,0,0,0,0,0,0,0,0,0,0,0,0,0,0,0,0,0,0,0,0
2913,304,4,3,61411,43,"Mäuseschmaus",0,0,0,0,0,0,0,0,0,0,0,0,0,0,0,0,0,0,0,0,0,0,0,0
2914,322,4,3,61411,43,"Fischgericht",0,0,0,0,0,0,0,0,0,0,0,0,0,0,0,0,0,0,0,0,0,0,0,0
2915,225,4,4,61411,42,"Markenfetisch",0,0,0,0,0,0,0,0,0,0,0,0,0,0,0,0,0,0,0,0,0,0,0,0
2916,229,4,4,61411,42,"Vom Regen in die Traufe",0,0,0,0,0,0,0,0,0,0,0,0,0,0,0,0,0,0,0,0,0,0,0,0
2917,388,4,4,61411,43,"Heldenhafte Narben",0,0,0,0,0,0,0,0,0,0,0,0,0,0,0,0,0,0,0,0,0,0,0,0
2918,230,4,5,61411,42,"Silberstreif am Horizont",0,0,0,0,0,0,0,0,0,0,0,0,0,0,0,0,0,0,0,0,0,0,0,0
2919,308,4,5,61411,43,"Raffgierige Ratten",0,0,0,0,0,0,0,0,0,0,0,0,0,0,0,0,0,0,0,0,0,0,0,0
2920,326,4,5,61411,43,"Antike Methoden",0,0,0,0,0,0,0,0,0,0,0,0,0,0,0,0,0,0,0,0,0,0,0,0
2921,1429,9,0,61411,51,"Trinkschulden sind Ehrenschulden",0,0,0,0,0,0,0,0,0,0,0,0,0,0,0,0,0,0,0,0,0,0,0,0
2922,58,10,0,61419,42,"Auf Geheiß der Gilde",0,0,0,0,0,0,0,0,0,0,0,0,0,0,0,0,0,0,0,0,0,0,0,0
2923,337,10,0,61411,42,"Fufulupa der Fallenmeister",0,0,0,0,0,0,0,0,0,0,0,0,0,0,0,0,0,0,0,0,0,0,0,0
2924,339,10,0,61411,42,"Auge um Auge",0,0,0,0,0,0,0,0,0,0,0,0,0,0,0,0,0,0,0,0,0,0,0,0
2925,687,10,0,61419,51,"Freibriefe von Ul'dah",0,0,0,0,0,0,0,0,0,0,0,0,0,0,0,0,0,0,0,0,0,0,0,0
2926,341,10,1,61411,42,"Mischlingsschutzfaktor 50",0,0,0,0,0,0,0,0,0,0,0,0,0,0,0,0,0,0,0,0,0,0,0,0
2927,504,10,1,61411,42,"Nicht ohne meinen Meißel",0,0,0,0,0,0,0,0,0,0,0,0,0,0,0,0,0,0,0,0,0,0,0,0
2928,531,10,1,61411,43,"Arme Hunde",0,0,0,0,0,0,0,0,0,0,0,0,0,0,0,0,0,0,0,0,0,0,0,0
2929,506,10,2,61411,42,"Ins Netz gegangen",0,0,0,0,0,0,0,0,0,0,0,0,0,0,0,0,0,0,0,0,0,0,0,0
2930,530,10,2,61411,43,"Sekret her, du Kröte!",0,0,0,0,0,0,0,0,0,0,0,0,0,0,0,0,0,0,0,0,0,0,0,0
2931,573,10,2,61411,43,"Kampf dem Schwarzmarkt",0,0,0,0,0,0,0,0,0,0,0,0,0,0,0,0,0,0,0,0,0,0,0,0
2932,342,10,3,61411,42,"Leicht reizbar",0,0,0,0,0,0,0,0,0,0,0,0,0,0,0,0,0,0,0,0,0,0,0,0
2933,505,10,3,61411,42,"Angriff der Killerfische",0,0,0,0,0,0,0,0,0,0,0,0,0,0,0,0,0,0,0,0,0,0,0,0
2934,1427,14,0,61411,51,"Die Supertänzer-Abenteurerin",0,0,0,0,0,0,0,0,0,0,0,0,0,0,0,0,0,0,0,0,0,0,0,0
2935,434,15,0,61419,51,"Auf ins Vergnügen",769,770,0,0,0,0,0,0,0,0,0,0,0,0,0,0,0,0,0,0,0,0,0,0
2936,435,15,0,61419,1484,"Willkommen im Gold Saucer!",0,0,0,0,0,0,0,0,0,0,0,0,0,0,0,0,0,0,0,0,0,0,0,0
2937,436,15,0,61419,1500,"Rivalen der Chocobo-Rennbahn",0,0,0,0,0,0,0,0,0,0,0,0,0,0,0,0,0,0,0,0,0,0,0,0
2938,576,15,0,61419,1500,"Woher kommen die kleinen Chocobos?",0,0,0,0,0,0,0,0,0,0,0,0,0,0,0,0,0,0,0,0,0,0,0,0
2939,688,15,0,61419,44,"Freibriefe von Knochenbleich",0,0,0,0,0,0,0,0,0,0,0,0,0,0,0,0,0,0,0,0,0,0,0,0
2940,699,15,0,61419,42,"Farbenlehre",0,0,0,0,0,0,0,0,0,0,0,0,0,0,0,0,0,0,0,0,0,0,0,0
2941,3017,15,0,61419,42,"Schöner Schein",0,0,0,0,0,0,0,0,0,0,0,0,0,0,0,0,0,0,0,0,0,0,0,0
2942,3018,15,0,61419,42,"Prisma dir einen",0,0,0,0,0,0,0,0,0,0,0,0,0,0,0,0,0,0,0,0,0,0,0,0
2943,624,17,0,61411,44,"Der letzte Wunsch",0,0,0,0,0,0,0,0,0,0,0,0,0,0,0,0,0,0,0,0,0,0,0,0
2944,630,17,0,61411,44,"Praktisch denken, Särge schenken!",0,0,0,0,0,0,0,0,0,0,0,0,0,0,0,0,0,0,0,0,0,0,0,0
2945,637,17,0,61411,44,"Grüner Daumen",0,0,0,0,0,0,0,0,0,0,0,0,0,0,0,0,0,0,0,0,0,0,0,0
2946,1424,17,0,61411,42,"Ein zweites Standbein",0,0,0,0,0,0,0,0,0,0,0,0,0,0,0,0,0,0,0,0,0,0,0,0
2947,1434,17,0,61419,51,"Unternehmungslustig (Ul'dah)",0,0,0,0,0,0,0,0,0,0,0,0,0,0,0,0,0,0,0,0,0,0,0,0
2948,625,18,0,61411,44,"Verbittertes Herz",0,0,0,0,0,0,0,0,0,0,0,0,0,0,0,0,0,0,0,0,0,0,0,0
2949,626,18,0,61411,44,"Ruht in Frieden",0,0,0,0,0,0,0,0,0,0,0,0,0,0,0,0,0,0,0,0,0,0,0,0
2950,627,18,0,61411,44,"Lilienexpress",0,0,0,0,0,0,0,0,0,0,0,0,0,0,0,0,0,0,0,0,0,0,0,0
2951,629,18,0,61411,44,"Selbst ist der Mann",0,0,0,0,0,0,0,0,0,0,0,0,0,0,0,0,0,0,0,0,0,0,0,0
2952,642,18,0,61411,44,"Grabpflege",0,0,0,0,0,0,0,0,0,0,0,0,0,0,0,0,0,0,0,0,0,0,0,0
2953,631,19,0,61411,44,"Der Gulaschköder",0,0,0,0,0,0,0,0,0,0,0,0,0,0,0,0,0,0,0,0,0,0,0,0
2954,632,19,0,61411,44,"Bitte keine Werbung",0,0,0,0,0,0,0,0,0,0,0,0,0,0,0,0,0,0,0,0,0,0,0,0
2955,633,19,0,61411,44,"Schutzimpfung",0,0,0,0,0,0,0,0,0,0,0,0,0,0,0,0,0,0,0,0,0,0,0,0
2956,634,19,0,61411,44,"Mein Schatz",0,0,0,0,0,0,0,0,0,0,0,0,0,0,0,0,0,0,0,0,0,0,0,0
2957,635,19,0,61411,44,"Ab zum Steineklopfen",0,0,0,0,0,0,0,0,0,0,0,0,0,0,0,0,0,0,0,0,0,0,0,0
2958,638,19,0,61419,43,"Das Bergen der Seele",0,0,0,0,0,0,0,0,0,0,0,0,0,0,0,0,0,0,0,0,0,0,0,0
2959,639,19,0,61419,43,"Das Vereinen der Seele",0,0,0,0,0,0,0,0,0,0,0,0,0,0,0,0,0,0,0,0,0,0,0,0
2960,1463,19,0,61419,43,"Wechselmischen",0,0,0,0,0,0,0,0,0,0,0,0,0,0,0,0,0,0,0,0,0,0,0,0
2961,697,19,1,61419,42,"Die Stätte der Totgeweihten",0,0,0,0,0,0,0,0,0,0,0,0,0,0,0,0,0,0,0,0,0,0,0,0
2962,702,20,0,61419,51,"Mein eigener Chocobo (Legion der Unsterblichen)",238,0,0,0,0,0,0,0,0,0,0,0,0,0,0,0,0,0,0,0,0,0,0,0
2963,749,24,0,61411,44,"Zweifach panisch",0,0,0,0,0,0,0,0,0,0,0,0,0,0,0,0,0,0,0,0,0,0,0,0
2964,750,24,0,61411,44,"Euch mach ich Flügel",0,0,0,0,0,0,0,0,0,0,0,0,0,0,0,0,0,0,0,0,0,0,0,0
2965,751,24,0,61411,44,"Eine haarige Angelegenheit",0,0,0,0,0,0,0,0,0,0,0,0,0,0,0,0,0,0,0,0,0,0,0,0
2966,640,25,0,61419,43,"Die Verbotene Kunst",0,0,0,0,0,0,0,0,0,0,0,0,0,0,0,0,0,0,0,0,0,0,0,0
2967,692,25,0,61419,45,"Freibriefe von Klein-Ala Mhigo",0,0,0,0,0,0,0,0,0,0,0,0,0,0,0,0,0,0,0,0,0,0,0,0
2968,753,24,1,61411,44,"Ein geschichtsträchtiger Fund",0,0,0,0,0,0,0,0,0,0,0,0,0,0,0,0,0,0,0,0,0,0,0,0
2969,754,24,1,61411,44,"Thals Unrast",0,0,0,0,0,0,0,0,0,0,0,0,0,0,0,0,0,0,0,0,0,0,0,0
2970,755,24,1,61411,44,"Rückenwind für Hohenbrück",0,0,0,0,0,0,0,0,0,0,0,0,0,0,0,0,0,0,0,0,0,0,0,0
2971,758,25,0,61411,45,"Vergebliche Liebesmüh",0,0,0,0,0,0,0,0,0,0,0,0,0,0,0,0,0,0,0,0,0,0,0,0
2972,759,25,0,61411,45,"Fast wie daheim",0,0,0,0,0,0,0,0,0,0,0,0,0,0,0,0,0,0,0,0,0,0,0,0
2973,760,25,0,61411,45,"Die Besessenen",0,0,0,0,0,0,0,0,0,0,0,0,0,0,0,0,0,0,0,0,0,0,0,0
2974,779,27,0,61411,45,"Nestbeschmutzer",0,0,0,0,0,0,0,0,0,0,0,0,0,0,0,0,0,0,0,0,0,0,0,0
2975,780,27,0,61411,45,"Peisteknacker",0,0,0,0,0,0,0,0,0,0,0,0,0,0,0,0,0,0,0,0,0,0,0,0
2976,781,27,0,61411,45,"Seuchenprävention",0,0,0,0,0,0,0,0,0,0,0,0,0,0,0,0,0,0,0,0,0,0,0,0
2977,152,30,0,61419,51,"Recycling",0,0,0,0,0,0,0,0,0,0,0,0,0,0,0,0,0,0,0,0,0,0,0,0
2978,823,31,0,61411,45,"Unwürdig",0,0,0,0,0,0,0,0,0,0,0,0,0,0,0,0,0,0,0,0,0,0,0,0
2979,824,31,0,61411,45,"Für das Wohl des Stammes",0,0,0,0,0,0,0,0,0,0,0,0,0,0,0,0,0,0,0,0,0,0,0,0
2980,825,31,0,61411,45,"Wahlkampf mit Pfeil und Bogen",0,0,0,0,0,0,0,0,0,0,0,0,0,0,0,0,0,0,0,0,0,0,0,0
2981,826,31,0,61411,45,"Lieferung frei Haus",0,0,0,0,0,0,0,0,0,0,0,0,0,0,0,0,0,0,0,0,0,0,0,0
2982,827,31,0,61411,45,"Fachkräftemangel",0,0,0,0,0,0,0,0,0,0,0,0,0,0,0,0,0,0,0,0,0,0,0,0
2983,828,31,0,61411,45,"Spannende Aussichten",0,0,0,0,0,0,0,0,0,0,0,0,0,0,0,0,0,0,0,0,0,0,0,0
2984,829,31,0,61411,45,"Auf eigene Pfote",0,0,0,0,0,0,0,0,0,0,0,0,0,0,0,0,0,0,0,0,0,0,0,0
2985,830,31,0,61411,45,"Zielübungen",0,0,0,0,0,0,0,0,0,0,0,0,0,0,0,0,0,0,0,0,0,0,0,0
2986,764,32,3,61419,42,"Jäger des Versunkenen Tempels",0,0,0,0,0,0,0,0,0,0,0,0,0,0,0,0,0,0,0,0,0,0,0,0
2987,873,35,0,61411,44,"Kreislauf von Tod und Seuche",0,0,0,0,0,0,0,0,0,0,0,0,0,0,0,0,0,0,0,0,0,0,0,0
2988,874,35,0,61411,44,"Ungestörte Trauer",0,0,0,0,0,0,0,0,0,0,0,0,0,0,0,0,0,0,0,0,0,0,0,0
2989,875,35,0,61411,44,"Ein Geschenk für Vater Iliud",0,0,0,0,0,0,0,0,0,0,0,0,0,0,0,0,0,0,0,0,0,0,0,0
2990,879,35,0,61411,44,"Bruderherz in Not",0,0,0,0,0,0,0,0,0,0,0,0,0,0,0,0,0,0,0,0,0,0,0,0
2991,880,35,0,61411,44,"Ramponierte Roben",0,0,0,0,0,0,0,0,0,0,0,0,0,0,0,0,0,0,0,0,0,0,0,0
2992,919,38,0,61411,51,"Immer Ärger mit dem Erdseim",0,0,0,0,0,0,0,0,0,0,0,0,0,0,0,0,0,0,0,0,0,0,0,0
2993,920,38,0,61411,46,"Erdseim-Unterschlagung",0,0,0,0,0,0,0,0,0,0,0,0,0,0,0,0,0,0,0,0,0,0,0,0
2994,921,35,3,61419,51,"Die Tragödie von Sägerschrei",0,0,0,0,0,0,0,0,0,0,0,0,0,0,0,0,0,0,0,0,0,0,0,0
2995,922,38,0,61411,46,"Erdseim-Monopol",0,0,0,0,0,0,0,0,0,0,0,0,0,0,0,0,0,0,0,0,0,0,0,0
2996,923,38,0,61411,51,"Eine kleine Wieder<hex:02160103>gut<hex:02160103>machung",0,0,0,0,0,0,0,0,0,0,0,0,0,0,0,0,0,0,0,0,0,0,0,0
2997,15,40,0,61419,46,"Freibriefe von Camp Blauer Dunst",0,0,0,0,0,0,0,0,0,0,0,0,0,0,0,0,0,0,0,0,0,0,0,0
2998,957,41,0,61411,44,"Eine noch haarigere Angelegenheit",0,0,0,0,0,0,0,0,0,0,0,0,0,0,0,0,0,0,0,0,0,0,0,0
2999,958,41,0,61411,44,"Schatzgrube für Minenarbeiter",0,0,0,0,0,0,0,0,0,0,0,0,0,0,0,0,0,0,0,0,0,0,0,0
3000,1007,46,0,61419,356,"Die Legende vom Finsterwald",0,0,0,0,0,0,0,0,0,0,0,0,0,0,0,0,0,0,0,0,0,0,0,0
3001,1014,44,3,61419,42,"Gold aus der Goldklamm",0,0,0,0,0,0,0,0,0,0,0,0,0,0,0,0,0,0,0,0,0,0,0,0
3002,1015,47,0,61411,356,"Präventivschlag",0,0,0,0,0,0,0,0,0,0,0,0,0,0,0,0,0,0,0,0,0,0,0,0
3003,1021,47,0,61411,45,"Der Wille des Volkes",0,0,0,0,0,0,0,0,0,0,0,0,0,0,0,0,0,0,0,0,0,0,0,0
3004,1022,47,0,61411,45,"Love me Sabotender",0,0,0,0,0,0,0,0,0,0,0,0,0,0,0,0,0,0,0,0,0,0,0,0
3005,1023,47,0,61411,45,"Jäger in der Falle",0,0,0,0,0,0,0,0,0,0,0,0,0,0,0,0,0,0,0,0,0,0,0,0
3006,1024,47,0,61411,45,"Freund des Stammes",0,0,0,0,0,0,0,0,0,0,0,0,0,0,0,0,0,0,0,0,0,0,0,0
3007,1553,47,0,61411,356,"Suche nach Verbündeten",0,0,0,0,0,0,0,0,0,0,0,0,0,0,0,0,0,0,0,0,0,0,0,0
3008,1025,48,0,61411,356,"Nach Camp Schädeltal",0,0,0,0,0,0,0,0,0,0,0,0,0,0,0,0,0,0,0,0,0,0,0,0
3009,1038,49,0,61411,46,"Wehende Fahnen",0,0,0,0,0,0,0,0,0,0,0,0,0,0,0,0,0,0,0,0,0,0,0,0
3010,1040,49,0,61411,46,"Fronttransport",0,0,0,0,0,0,0,0,0,0,0,0,0,0,0,0,0,0,0,0,0,0,0,0
3011,1041,49,0,61411,46,"Die Alchemie des Memezofu",0,0,0,0,0,0,0,0,0,0,0,0,0,0,0,0,0,0,0,0,0,0,0,0
3012,1044,49,0,61411,46,"Der Lebensretter",0,0,0,0,0,0,0,0,0,0,0,0,0,0,0,0,0,0,0,0,0,0,0,0
3013,1045,49,0,61411,46,"Kein Tropfen Blut",0,0,0,0,0,0,0,0,0,0,0,0,0,0,0,0,0,0,0,0,0,0,0,0
3014,705,50,0,61419,42,"Der legendäre Waffenschmied",0,0,0,0,0,0,0,0,0,0,0,0,0,0,0,0,0,0,0,0,0,0,0,0
3015,870,47,3,61419,42,"Die Todesbotin",0,0,0,0,0,0,0,0,0,0,0,0,0,0,0,0,0,0,0,0,0,0,0,0
3016,1135,50,0,61419,42,"Die Ruinen von Amdapor",0,0,0,0,0,0,0,0,0,0,0,0,0,0,0,0,0,0,0,0,0,0,0,0
3017,1524,50,0,61419,51,"Hochzeit mit Hindernissen",577,0,0,0,0,0,0,0,0,0,0,0,0,0,0,0,0,0,0,0,0,0,0,0
3018,2886,70,0,61411,45,"Mit bangem Herzen",0,0,0,0,0,0,0,0,0,0,0,0,0,0,0,0,0,0,0,0,0,0,0,0
3019,2887,70,0,61411,45,"Kein beschaulicher Spaziergang",0,0,0,0,0,0,0,0,0,0,0,0,0,0,0,0,0,0,0,0,0,0,0,0
3020,3081,15,0,61419,1484,"Zeigt her eure Kleider",0,0,0,0,0,0,0,0,0,0,0,0,0,0,0,0,0,0,0,0,0,0,0,0
3021,3201,15,0,61419,1484,"Spielerisches Vergnügen domanischer Art",0,0,0,0,0,0,0,0,0,0,0,0,0,0,0,0,0,0,0,0,0,0,0,0
3022,4081,1,0,61411,1484,"Alle Karten in der Hand",0,0,0,0,0,0,0,0,0,0,0,0,0,0,0,0,0,0,0,0,0,0,0,0
3023,16,35,0,61419,63,"Freibriefe des Observatoriums",0,0,0,0,0,0,0,0,0,0,0,0,0,0,0,0,0,0,0,0,0,0,0,0
3024,888,36,0,61411,63,"Gevatter Schnee",0,0,0,0,0,0,0,0,0,0,0,0,0,0,0,0,0,0,0,0,0,0,0,0
3025,891,36,0,61411,63,"Die Killerbestie",0,0,0,0,0,0,0,0,0,0,0,0,0,0,0,0,0,0,0,0,0,0,0,0
3026,892,36,0,61411,63,"Feuer ist Leben",0,0,0,0,0,0,0,0,0,0,0,0,0,0,0,0,0,0,0,0,0,0,0,0
3027,893,36,0,61411,63,"Vorräte für harte Zeiten",0,0,0,0,0,0,0,0,0,0,0,0,0,0,0,0,0,0,0,0,0,0,0,0
3028,894,36,0,61411,63,"Ein unrühmliches Ende",0,0,0,0,0,0,0,0,0,0,0,0,0,0,0,0,0,0,0,0,0,0,0,0
3029,895,36,0,61411,63,"Heldentod",0,0,0,0,0,0,0,0,0,0,0,0,0,0,0,0,0,0,0,0,0,0,0,0
3030,1310,36,0,61411,63,"Der Weg des Schneeballwerfers",0,0,0,0,0,0,0,0,0,0,0,0,0,0,0,0,0,0,0,0,0,0,0,0
3031,1311,36,0,61411,63,"Den Schneeball aufnehmen",0,0,0,0,0,0,0,0,0,0,0,0,0,0,0,0,0,0,0,0,0,0,0,0
3032,898,37,0,61411,63,"Junge Dame, gib Acht!",0,0,0,0,0,0,0,0,0,0,0,0,0,0,0,0,0,0,0,0,0,0,0,0
3033,899,37,0,61411,63,"Kopfgeldjagd auf Schneewölfe",0,0,0,0,0,0,0,0,0,0,0,0,0,0,0,0,0,0,0,0,0,0,0,0
3034,900,37,0,61411,63,"In die Irre geleitet",0,0,0,0,0,0,0,0,0,0,0,0,0,0,0,0,0,0,0,0,0,0,0,0
3035,902,37,0,61411,63,"Feuerwache",0,0,0,0,0,0,0,0,0,0,0,0,0,0,0,0,0,0,0,0,0,0,0,0
3036,903,37,0,61411,63,"Nicht nur Drachen sind gefährlich",0,0,0,0,0,0,0,0,0,0,0,0,0,0,0,0,0,0,0,0,0,0,0,0
3037,904,37,0,61411,63,"Die Ixal in Coerthas",0,0,0,0,0,0,0,0,0,0,0,0,0,0,0,0,0,0,0,0,0,0,0,0
3038,905,37,0,61411,63,"Warnung an die Weißen Widder",0,0,0,0,0,0,0,0,0,0,0,0,0,0,0,0,0,0,0,0,0,0,0,0
3039,915,37,0,61411,63,"Groll im Ogerbauch",0,0,0,0,0,0,0,0,0,0,0,0,0,0,0,0,0,0,0,0,0,0,0,0
3040,901,38,0,61411,63,"Mit Karakul fängt man Oger",0,0,0,0,0,0,0,0,0,0,0,0,0,0,0,0,0,0,0,0,0,0,0,0
3041,913,38,0,61411,63,"Ein Tröpfchen in Ehren",0,0,0,0,0,0,0,0,0,0,0,0,0,0,0,0,0,0,0,0,0,0,0,0
3042,914,38,0,61411,63,"Liebe am Abgrund",0,0,0,0,0,0,0,0,0,0,0,0,0,0,0,0,0,0,0,0,0,0,0,0
3043,916,38,0,61411,63,"Die Ketzerschrift",0,0,0,0,0,0,0,0,0,0,0,0,0,0,0,0,0,0,0,0,0,0,0,0
3044,918,38,0,61411,63,"Drachenabwehrgeschosse",0,0,0,0,0,0,0,0,0,0,0,0,0,0,0,0,0,0,0,0,0,0,0,0
3045,928,39,0,61411,63,"Tote Häretiker reden nicht",0,0,0,0,0,0,0,0,0,0,0,0,0,0,0,0,0,0,0,0,0,0,0,0
3046,929,39,0,61411,63,"Hilfegesuch eines Ritters",0,0,0,0,0,0,0,0,0,0,0,0,0,0,0,0,0,0,0,0,0,0,0,0
3047,930,39,0,61411,63,"Vogeljagd im Schneegestöber",0,0,0,0,0,0,0,0,0,0,0,0,0,0,0,0,0,0,0,0,0,0,0,0
3048,931,39,0,61411,63,"Tor in Trümmern",0,0,0,0,0,0,0,0,0,0,0,0,0,0,0,0,0,0,0,0,0,0,0,0
3049,932,39,0,61411,63,"Für den Heiligen Krieg",0,0,0,0,0,0,0,0,0,0,0,0,0,0,0,0,0,0,0,0,0,0,0,0
3050,933,39,0,61411,63,"Sucher suchen",0,0,0,0,0,0,0,0,0,0,0,0,0,0,0,0,0,0,0,0,0,0,0,0
3051,934,39,0,61411,63,"Häretiker im Kerker",0,0,0,0,0,0,0,0,0,0,0,0,0,0,0,0,0,0,0,0,0,0,0,0
3052,935,39,0,61411,63,"Die Liebenden",0,0,0,0,0,0,0,0,0,0,0,0,0,0,0,0,0,0,0,0,0,0,0,0
3053,936,39,0,61411,63,"Kleine und große Nager",0,0,0,0,0,0,0,0,0,0,0,0,0,0,0,0,0,0,0,0,0,0,0,0
3054,17,40,0,61419,63,"Freibriefe der Weißenfels-Front",0,0,0,0,0,0,0,0,0,0,0,0,0,0,0,0,0,0,0,0,0,0,0,0
3055,942,40,0,61411,63,"Stille Glocke",0,0,0,0,0,0,0,0,0,0,0,0,0,0,0,0,0,0,0,0,0,0,0,0
3056,943,40,0,61411,63,"Bitte keine Frostbeulen!",0,0,0,0,0,0,0,0,0,0,0,0,0,0,0,0,0,0,0,0,0,0,0,0
3057,944,40,0,61411,63,"Gefängnisausbruch",0,0,0,0,0,0,0,0,0,0,0,0,0,0,0,0,0,0,0,0,0,0,0,0
3058,945,40,0,61411,63,"Ausufernder Ehrgeiz",0,0,0,0,0,0,0,0,0,0,0,0,0,0,0,0,0,0,0,0,0,0,0,0
3059,946,40,0,61411,63,"Leibwache gefällig?",0,0,0,0,0,0,0,0,0,0,0,0,0,0,0,0,0,0,0,0,0,0,0,0
3060,947,40,0,61411,63,"Die drei Störenfriede",0,0,0,0,0,0,0,0,0,0,0,0,0,0,0,0,0,0,0,0,0,0,0,0
3061,948,40,0,61411,63,"Fünf Jahre Ungewissheit",0,0,0,0,0,0,0,0,0,0,0,0,0,0,0,0,0,0,0,0,0,0,0,0
3062,949,40,0,61411,63,"Eisiger Störenfried",0,0,0,0,0,0,0,0,0,0,0,0,0,0,0,0,0,0,0,0,0,0,0,0
3063,950,40,0,61411,63,"Verirrt",0,0,0,0,0,0,0,0,0,0,0,0,0,0,0,0,0,0,0,0,0,0,0,0
3064,951,40,0,61411,63,"Am Abgrund",0,0,0,0,0,0,0,0,0,0,0,0,0,0,0,0,0,0,0,0,0,0,0,0
3065,979,41,3,61419,63,"Die Feste Dzemael",0,0,0,0,0,0,0,0,0,0,0,0,0,0,0,0,0,0,0,0,0,0,0,0
3066,985,44,0,61411,63,"Im Schatten des Mals",0,0,0,0,0,0,0,0,0,0,0,0,0,0,0,0,0,0,0,0,0,0,0,0
3067,1732,50,0,61411,2200,"Fleisch für alle Fälle",0,0,0,0,0,0,0,0,0,0,0,0,0,0,0,0,0,0,0,0,0,0,0,0
3068,1735,50,0,61411,2200,"Tanz mit den Wölfen",0,0,0,0,0,0,0,0,0,0,0,0,0,0,0,0,0,0,0,0,0,0,0,0
3069,1736,50,0,61411,2200,"Großvater erinnert sich",0,0,0,0,0,0,0,0,0,0,0,0,0,0,0,0,0,0,0,0,0,0,0,0
3070,1737,50,0,61411,2200,"Ein eiskaltes Kleinod",0,0,0,0,0,0,0,0,0,0,0,0,0,0,0,0,0,0,0,0,0,0,0,0
3071,1744,50,0,61419,2200,"Die kaputte Brücke",0,0,0,0,0,0,0,0,0,0,0,0,0,0,0,0,0,0,0,0,0,0,0,0
3072,1733,50,0,61411,2200,"Frostige Zeiten",0,0,0,0,0,0,0,0,0,0,0,0,0,0,0,0,0,0,0,0,0,0,0,0
3073,1734,50,0,61411,2200,"Begraben unter Schnee",0,0,0,0,0,0,0,0,0,0,0,0,0,0,0,0,0,0,0,0,0,0,0,0
3074,1745,50,0,61411,2200,"Ein Koch unter Verdacht",0,0,0,0,0,0,0,0,0,0,0,0,0,0,0,0,0,0,0,0,0,0,0,0
3075,1746,50,0,61411,2200,"Der vergiftete Wein",0,0,0,0,0,0,0,0,0,0,0,0,0,0,0,0,0,0,0,0,0,0,0,0
3076,1747,50,0,61411,2200,"Ein Teller dünne Suppe",0,0,0,0,0,0,0,0,0,0,0,0,0,0,0,0,0,0,0,0,0,0,0,0
3077,1752,51,0,61411,2200,"Alte Geschichten",0,0,0,0,0,0,0,0,0,0,0,0,0,0,0,0,0,0,0,0,0,0,0,0
3078,1753,51,0,61411,2200,"Gefallene Waffenbrüder",0,0,0,0,0,0,0,0,0,0,0,0,0,0,0,0,0,0,0,0,0,0,0,0
3079,1759,51,0,61419,2200,"Camp-Vorräte in Gefahr",0,0,0,0,0,0,0,0,0,0,0,0,0,0,0,0,0,0,0,0,0,0,0,0
3080,1760,51,0,61419,2200,"Drachenjagd für Anfänger",0,0,0,0,0,0,0,0,0,0,0,0,0,0,0,0,0,0,0,0,0,0,0,0
3081,1763,51,0,61411,2200,"Decken braucht das Camp",0,0,0,0,0,0,0,0,0,0,0,0,0,0,0,0,0,0,0,0,0,0,0,0
3082,1761,51,0,61411,2200,"Drachen jagen leicht gemacht",0,0,0,0,0,0,0,0,0,0,0,0,0,0,0,0,0,0,0,0,0,0,0,0
3083,1768,51,0,61411,2200,"Ein treuer Gefährte",0,0,0,0,0,0,0,0,0,0,0,0,0,0,0,0,0,0,0,0,0,0,0,0
3084,1767,51,0,61411,2200,"Heilsames Quellwasser",0,0,0,0,0,0,0,0,0,0,0,0,0,0,0,0,0,0,0,0,0,0,0,0
3085,1754,51,0,61411,2200,"Die Katze auf dem eisigen Dach",0,0,0,0,0,0,0,0,0,0,0,0,0,0,0,0,0,0,0,0,0,0,0,0
3086,1762,51,0,61411,2200,"Erkenntnisse in Sachen Drachenjagd",0,0,0,0,0,0,0,0,0,0,0,0,0,0,0,0,0,0,0,0,0,0,0,0
3087,1764,51,0,61411,2200,"Drachen mit Drachen ködern",0,0,0,0,0,0,0,0,0,0,0,0,0,0,0,0,0,0,0,0,0,0,0,0
3088,1765,51,0,61411,2200,"Dominiacs Plan nimmt Fahrt auf",0,0,0,0,0,0,0,0,0,0,0,0,0,0,0,0,0,0,0,0,0,0,0,0
3089,1766,51,0,61411,2200,"Drachenhafte Ungetüme",0,0,0,0,0,0,0,0,0,0,0,0,0,0,0,0,0,0,0,0,0,0,0,0
3090,1769,51,0,61411,2200,"Neuer Lebenswille",0,0,0,0,0,0,0,0,0,0,0,0,0,0,0,0,0,0,0,0,0,0,0,0
3091,1885,56,0,61411,2200,"Drachentatar",0,0,0,0,0,0,0,0,0,0,0,0,0,0,0,0,0,0,0,0,0,0,0,0
3092,1886,56,0,61411,2200,"Das Häretikernest",0,0,0,0,0,0,0,0,0,0,0,0,0,0,0,0,0,0,0,0,0,0,0,0
3093,1887,56,0,61411,2200,"Taten statt Worte",0,0,0,0,0,0,0,0,0,0,0,0,0,0,0,0,0,0,0,0,0,0,0,0
3094,1888,56,0,61411,2200,"Wenn das Eis geschmolzen ist",0,0,0,0,0,0,0,0,0,0,0,0,0,0,0,0,0,0,0,0,0,0,0,0
3095,1895,56,0,61411,2200,"Ein hanebüchener Plan",0,0,0,0,0,0,0,0,0,0,0,0,0,0,0,0,0,0,0,0,0,0,0,0
3096,1894,56,0,61411,2200,"Ein echter Kamerad",0,0,0,0,0,0,0,0,0,0,0,0,0,0,0,0,0,0,0,0,0,0,0,0
3097,1896,56,0,61411,2200,"Nachschublinien",0,0,0,0,0,0,0,0,0,0,0,0,0,0,0,0,0,0,0,0,0,0,0,0
3098,1897,56,0,61411,2200,"Not macht erfinderisch",0,0,0,0,0,0,0,0,0,0,0,0,0,0,0,0,0,0,0,0,0,0,0,0
3099,1889,56,0,61411,2200,"Der Fangzahn des Drachen",0,0,0,0,0,0,0,0,0,0,0,0,0,0,0,0,0,0,0,0,0,0,0,0
3100,1890,56,0,61411,2200,"Frustration am Falkenhorst",0,0,0,0,0,0,0,0,0,0,0,0,0,0,0,0,0,0,0,0,0,0,0,0
3101,1891,56,0,61411,2200,"Ayleths Ambitionen",0,0,0,0,0,0,0,0,0,0,0,0,0,0,0,0,0,0,0,0,0,0,0,0
3102,1892,56,0,61411,2200,"Ayleth auf Abwegen",0,0,0,0,0,0,0,0,0,0,0,0,0,0,0,0,0,0,0,0,0,0,0,0
3103,1893,56,0,61411,2200,"Gemeinsam sind wir stark",0,0,0,0,0,0,0,0,0,0,0,0,0,0,0,0,0,0,0,0,0,0,0,0
3104,1898,56,0,61411,2200,"Der Kampf hat erst begonnen",0,0,0,0,0,0,0,0,0,0,0,0,0,0,0,0,0,0,0,0,0,0,0,0
3105,2111,51,0,61419,2200,"Im Blutrot des Abends",0,0,0,0,0,0,0,0,0,0,0,0,0,0,0,0,0,0,0,0,0,0,0,0
3106,432,1,0,61411,67,"Eine Legende für eine Legende",0,0,0,0,0,0,0,0,0,0,0,0,0,0,0,0,0,0,0,0,0,0,0,0
3107,1558,1,0,61419,67,"Farbe ins Spiel",0,0,0,0,0,0,0,0,0,0,0,0,0,0,0,0,0,0,0,0,0,0,0,0
3108,1421,15,0,61419,67,"Prismatische Illusionen",0,0,0,0,0,0,0,0,0,0,0,0,0,0,0,0,0,0,0,0,0,0,0,0
3109,1422,15,0,61419,67,"Prismatische Meisterrezepte",0,0,0,0,0,0,0,0,0,0,0,0,0,0,0,0,0,0,0,0,0,0,0,0
3110,988,44,0,61411,67,"Ene, mene, Nöck!",0,0,0,0,0,0,0,0,0,0,0,0,0,0,0,0,0,0,0,0,0,0,0,0
3111,997,44,0,61411,67,"Ein ausgefallenes Haustier",0,0,0,0,0,0,0,0,0,0,0,0,0,0,0,0,0,0,0,0,0,0,0,0
3112,18,45,0,61419,67,"Freibriefe des Sankt Coinach-Forschungslagers",0,0,0,0,0,0,0,0,0,0,0,0,0,0,0,0,0,0,0,0,0,0,0,0
3113,987,45,0,61411,67,"Ich steh nicht auf Schläge",0,0,0,0,0,0,0,0,0,0,0,0,0,0,0,0,0,0,0,0,0,0,0,0
3114,989,45,0,61411,67,"Nomen est Omen",0,0,0,0,0,0,0,0,0,0,0,0,0,0,0,0,0,0,0,0,0,0,0,0
3115,990,45,0,61411,67,"Die Sankt Coinach-Stiftung",0,0,0,0,0,0,0,0,0,0,0,0,0,0,0,0,0,0,0,0,0,0,0,0
3116,991,45,0,61411,67,"Grüße aus der Heimat",0,0,0,0,0,0,0,0,0,0,0,0,0,0,0,0,0,0,0,0,0,0,0,0
3117,992,45,0,61411,67,"Happy Hippogryphen",0,0,0,0,0,0,0,0,0,0,0,0,0,0,0,0,0,0,0,0,0,0,0,0
3118,993,45,0,61411,67,"Ziemlich große Schwie<hex:02160103>rig<hex:02160103>keiten",0,0,0,0,0,0,0,0,0,0,0,0,0,0,0,0,0,0,0,0,0,0,0,0
3119,994,45,0,61411,67,"Dalamud und die Hatschi-Liten",0,0,0,0,0,0,0,0,0,0,0,0,0,0,0,0,0,0,0,0,0,0,0,0
3120,995,45,0,61411,67,"Das heilige Land der Gigas",0,0,0,0,0,0,0,0,0,0,0,0,0,0,0,0,0,0,0,0,0,0,0,0
3121,996,45,0,61411,67,"Fallen will gelernt sein",0,0,0,0,0,0,0,0,0,0,0,0,0,0,0,0,0,0,0,0,0,0,0,0
3122,998,45,0,61411,67,"Im Auftrag der Männlichkeit",0,0,0,0,0,0,0,0,0,0,0,0,0,0,0,0,0,0,0,0,0,0,0,0
3123,999,45,0,61411,67,"Die Mär vom Wurz",0,0,0,0,0,0,0,0,0,0,0,0,0,0,0,0,0,0,0,0,0,0,0,0
3124,1000,45,0,61411,67,"Zufällig wohltätig",0,0,0,0,0,0,0,0,0,0,0,0,0,0,0,0,0,0,0,0,0,0,0,0
3125,164,50,0,61411,67,"Kampfmaschine in altem Glanz",0,0,0,0,0,0,0,0,0,0,0,0,0,0,0,0,0,0,0,0,0,0,0,0
3126,1141,50,0,61921,67,"Geheimnisvolle Karten",0,0,0,0,0,0,0,0,0,0,0,0,0,0,0,0,0,0,0,0,0,0,0,0
3127,1215,50,0,61419,67,"Verschollen im Haukke-Herrenhaus",0,0,0,0,0,0,0,0,0,0,0,0,0,0,0,0,0,0,0,0,0,0,0,0
3128,1216,50,0,61419,67,"Tod und Chaos in der Kupferglocken-Mine",0,0,0,0,0,0,0,0,0,0,0,0,0,0,0,0,0,0,0,0,0,0,0,0
3129,1410,50,0,61419,67,"Morituri te salutant",0,0,0,0,0,0,0,0,0,0,0,0,0,0,0,0,0,0,0,0,0,0,0,0
3130,1411,50,0,61419,67,"Dem Käse die Freiheit",0,0,0,0,0,0,0,0,0,0,0,0,0,0,0,0,0,0,0,0,0,0,0,0
3131,1423,50,0,61419,67,"Das Beste vom Besten",0,0,0,0,0,0,0,0,0,0,0,0,0,0,0,0,0,0,0,0,0,0,0,0
3132,1525,50,0,61419,67,"Steinerne Wacht ist unser",0,0,0,0,0,0,0,0,0,0,0,0,0,0,0,0,0,0,0,0,0,0,0,0
3133,1526,50,0,61419,67,"Rauschebarts Geheimnis",0,0,0,0,0,0,0,0,0,0,0,0,0,0,0,0,0,0,0,0,0,0,0,0
3134,1308,50,0,61419,67,"Das Heldenlied",403,404,0,0,0,0,0,0,0,0,0,0,0,0,0,0,0,0,0,0,0,0,0,0
3135,1559,50,0,61419,67,"Sing mir das Lied von Bahamut",0,0,0,0,0,0,0,0,0,0,0,0,0,0,0,0,0,0,0,0,0,0,0,0
3136,94,50,0,61419,67,"Glibberiges Scheusal",0,0,0,0,0,0,0,0,0,0,0,0,0,0,0,0,0,0,0,0,0,0,0,0
3137,96,50,0,61419,67,"Besorgte Brüder",0,0,0,0,0,0,0,0,0,0,0,0,0,0,0,0,0,0,0,0,0,0,0,0
3138,430,50,0,61419,67,"Nichts<hex:02160103>gesand<hex:02160103>te aus dem Nichts?",0,0,0,0,0,0,0,0,0,0,0,0,0,0,0,0,0,0,0,0,0,0,0,0
3139,431,50,0,61419,67,"Es ist nicht leicht, grün zu sein",0,0,0,0,0,0,0,0,0,0,0,0,0,0,0,0,0,0,0,0,0,0,0,0
3140,2096,55,0,61419,67,"Spezialist statt Durchschnittsmist",0,0,0,0,0,0,0,0,0,0,0,0,0,0,0,0,0,0,0,0,0,0,0,0
3141,2097,56,0,61419,67,"Raffiniert kristallisiert",0,0,0,0,0,0,0,0,0,0,0,0,0,0,0,0,0,0,0,0,0,0,0,0
3142,2283,30,0,61419,67,"Das Fressen der Wölfe",0,0,0,0,0,0,0,0,0,0,0,0,0,0,0,0,0,0,0,0,0,0,0,0
3143,2098,60,0,61419,67,"Frohes Sammlerstückesammeln",0,0,0,0,0,0,0,0,0,0,0,0,0,0,0,0,0,0,0,0,0,0,0,0
3144,2203,60,0,61419,67,"Jenseits von Gut und Böse",0,0,0,0,0,0,0,0,0,0,0,0,0,0,0,0,0,0,0,0,0,0,0,0
3145,2289,60,0,61419,67,"Des Drachen letzter Ruf",0,0,0,0,0,0,0,0,0,0,0,0,0,0,0,0,0,0,0,0,0,0,0,0
3146,2108,60,0,61419,67,"Ein Lied vom Eisenungeheuer",0,0,0,0,0,0,0,0,0,0,0,0,0,0,0,0,0,0,0,0,0,0,0,0
3147,2254,60,0,61419,67,"Gesang der Gigantomanie",0,0,0,0,0,0,0,0,0,0,0,0,0,0,0,0,0,0,0,0,0,0,0,0
3148,2340,60,0,61419,67,"Abgesang der Achronie",0,0,0,0,0,0,0,0,0,0,0,0,0,0,0,0,0,0,0,0,0,0,0,0
3149,3186,70,0,61411,67,"Das Salz in der Suppe",0,0,0,0,0,0,0,0,0,0,0,0,0,0,0,0,0,0,0,0,0,0,0,0
3150,1726,50,0,61411,62,"Die Heiligen von Ishgard",0,0,0,0,0,0,0,0,0,0,0,0,0,0,0,0,0,0,0,0,0,0,0,0
3151,1727,50,0,61411,62,"Bereit zum Abflug",0,0,0,0,0,0,0,0,0,0,0,0,0,0,0,0,0,0,0,0,0,0,0,0
3152,1728,50,0,61411,62,"Alkohol ist auch keine Lösung",0,0,0,0,0,0,0,0,0,0,0,0,0,0,0,0,0,0,0,0,0,0,0,0
3153,1729,50,0,61411,62,"Futterlieferung",0,0,0,0,0,0,0,0,0,0,0,0,0,0,0,0,0,0,0,0,0,0,0,0
3154,1730,50,0,61411,62,"Gelegenheit macht Diebe",0,0,0,0,0,0,0,0,0,0,0,0,0,0,0,0,0,0,0,0,0,0,0,0
3155,1731,50,0,61411,62,"Die Fortemps haben geladen",0,0,0,0,0,0,0,0,0,0,0,0,0,0,0,0,0,0,0,0,0,0,0,0
3156,1742,50,0,61411,62,"Gemäldeschmuggel",0,0,0,0,0,0,0,0,0,0,0,0,0,0,0,0,0,0,0,0,0,0,0,0
3157,1743,50,0,61411,62,"Im Namen der Liebe",0,0,0,0,0,0,0,0,0,0,0,0,0,0,0,0,0,0,0,0,0,0,0,0
3158,1750,51,0,61411,62,"Zwist der Generationen",0,0,0,0,0,0,0,0,0,0,0,0,0,0,0,0,0,0,0,0,0,0,0,0
3159,1751,51,0,61411,62,"Versprechen und halten ist zweierlei",0,0,0,0,0,0,0,0,0,0,0,0,0,0,0,0,0,0,0,0,0,0,0,0
3160,1873,56,0,61411,62,"Sturköpfe sind dicker als Blut",0,0,0,0,0,0,0,0,0,0,0,0,0,0,0,0,0,0,0,0,0,0,0,0
3161,1874,56,0,61419,62,"Zum Gedenken",0,0,0,0,0,0,0,0,0,0,0,0,0,0,0,0,0,0,0,0,0,0,0,0
3162,1870,56,0,61411,62,"Die Spur der Meisterdiebin",0,0,0,0,0,0,0,0,0,0,0,0,0,0,0,0,0,0,0,0,0,0,0,0
3163,1872,56,0,61411,62,"Forschung im Drachen<hex:02160103>korridor",0,0,0,0,0,0,0,0,0,0,0,0,0,0,0,0,0,0,0,0,0,0,0,0
3164,1905,57,0,61411,62,"Suppenküche",0,0,0,0,0,0,0,0,0,0,0,0,0,0,0,0,0,0,0,0,0,0,0,0
3165,1906,57,0,61411,62,"Kleine Diebin, großer Traum",0,0,0,0,0,0,0,0,0,0,0,0,0,0,0,0,0,0,0,0,0,0,0,0
3166,1972,59,0,61411,62,"Ungeduld ist keine Tugend",0,0,0,0,0,0,0,0,0,0,0,0,0,0,0,0,0,0,0,0,0,0,0,0
3167,2095,50,0,61419,62,"Mit Sammlerwert heißt heiß begehrt",0,0,0,0,0,0,0,0,0,0,0,0,0,0,0,0,0,0,0,0,0,0,0,0
3168,2119,53,0,61419,62,"Hohe Jagd im Hohen Land 1",0,0,0,0,0,0,0,0,0,0,0,0,0,0,0,0,0,0,0,0,0,0,0,0
3169,2120,56,0,61419,62,"Hohe Jagd im Hohen Land 2",0,0,0,0,0,0,0,0,0,0,0,0,0,0,0,0,0,0,0,0,0,0,0,0
3170,2122,60,0,61419,62,"Hochwild im Hochland",0,0,0,0,0,0,0,0,0,0,0,0,0,0,0,0,0,0,0,0,0,0,0,0
3171,2113,60,0,61419,62,"Zurück auf den rechten Weg",0,0,0,0,0,0,0,0,0,0,0,0,0,0,0,0,0,0,0,0,0,0,0,0
3172,4172,60,0,61419,62,"Willkommen im Empyreum",2801,0,0,0,0,0,0,0,0,0,0,0,0,0,0,0,0,0,0,0,0,0,0,0
3173,1738,50,0,61411,2100,"Frisch vom Feld auf die Teller",0,0,0,0,0,0,0,0,0,0,0,0,0,0,0,0,0,0,0,0,0,0,0,0
3174,1739,50,0,61411,2100,"Der Köchin kleiner Lieferservice",0,0,0,0,0,0,0,0,0,0,0,0,0,0,0,0,0,0,0,0,0,0,0,0
3175,1748,50,0,61419,2100,"Filigranmembran",0,0,0,0,0,0,0,0,0,0,0,0,0,0,0,0,0,0,0,0,0,0,0,0
3176,1740,50,0,61411,2100,"Ernährungsberatung",0,0,0,0,0,0,0,0,0,0,0,0,0,0,0,0,0,0,0,0,0,0,0,0
3177,1741,50,0,61411,2100,"Sag mir, wo die Drachen sind",0,0,0,0,0,0,0,0,0,0,0,0,0,0,0,0,0,0,0,0,0,0,0,0
3178,1749,50,0,61411,2100,"Neugierige Vögel",0,0,0,0,0,0,0,0,0,0,0,0,0,0,0,0,0,0,0,0,0,0,0,0
3179,1756,51,0,61411,2100,"Knochenrätsel",0,0,0,0,0,0,0,0,0,0,0,0,0,0,0,0,0,0,0,0,0,0,0,0
3180,1755,51,0,61411,2100,"Hinter feindlichen Linien",0,0,0,0,0,0,0,0,0,0,0,0,0,0,0,0,0,0,0,0,0,0,0,0
3181,1757,51,0,61411,2100,"Sicherheit geht vor",0,0,0,0,0,0,0,0,0,0,0,0,0,0,0,0,0,0,0,0,0,0,0,0
3182,1758,51,0,61411,2100,"Die gestohlenen Aus<hex:02160103>rüstungs<hex:02160103>gegen<hex:02160103>stände",0,0,0,0,0,0,0,0,0,0,0,0,0,0,0,0,0,0,0,0,0,0,0,0
3183,1899,56,0,61411,2100,"Mundraub",0,0,0,0,0,0,0,0,0,0,0,0,0,0,0,0,0,0,0,0,0,0,0,0
3184,1904,56,0,61411,2100,"Jagd auf Dhalmele",0,0,0,0,0,0,0,0,0,0,0,0,0,0,0,0,0,0,0,0,0,0,0,0
3185,1900,56,0,61411,2100,"In der Not frisst der Eufel Wisents",0,0,0,0,0,0,0,0,0,0,0,0,0,0,0,0,0,0,0,0,0,0,0,0
3186,1903,56,0,61411,2100,"Gastornis-Züchter",0,0,0,0,0,0,0,0,0,0,0,0,0,0,0,0,0,0,0,0,0,0,0,0
3187,1901,56,0,61411,2100,"Vermisste Ritter",0,0,0,0,0,0,0,0,0,0,0,0,0,0,0,0,0,0,0,0,0,0,0,0
3188,1902,56,0,61411,2100,"Fruchtbare Erde",0,0,0,0,0,0,0,0,0,0,0,0,0,0,0,0,0,0,0,0,0,0,0,0
3189,1907,57,0,61411,2100,"Der Geschmack der Kindheit",0,0,0,0,0,0,0,0,0,0,0,0,0,0,0,0,0,0,0,0,0,0,0,0
3190,1908,57,0,61411,2100,"Messerscharfe Krallen",0,0,0,0,0,0,0,0,0,0,0,0,0,0,0,0,0,0,0,0,0,0,0,0
3191,1909,57,0,61419,2100,"Lästige Fliegen",0,0,0,0,0,0,0,0,0,0,0,0,0,0,0,0,0,0,0,0,0,0,0,0
3192,1912,57,0,61411,2100,"Genug ist genug",0,0,0,0,0,0,0,0,0,0,0,0,0,0,0,0,0,0,0,0,0,0,0,0
3193,1913,57,0,61411,2100,"Sitte und Anstand",0,0,0,0,0,0,0,0,0,0,0,0,0,0,0,0,0,0,0,0,0,0,0,0
3194,1917,57,0,61411,2100,"Ehret die Ahnen",0,0,0,0,0,0,0,0,0,0,0,0,0,0,0,0,0,0,0,0,0,0,0,0
3195,1920,57,0,61411,2100,"Achtung, Spione!",0,0,0,0,0,0,0,0,0,0,0,0,0,0,0,0,0,0,0,0,0,0,0,0
3196,1919,57,0,61411,2100,"Der Schlüssel zur Freiheit",0,0,0,0,0,0,0,0,0,0,0,0,0,0,0,0,0,0,0,0,0,0,0,0
3197,1918,57,0,61411,2100,"Gefangen von den Wilden",0,0,0,0,0,0,0,0,0,0,0,0,0,0,0,0,0,0,0,0,0,0,0,0
3198,1921,57,0,61411,2100,"Starr vor Schreck",0,0,0,0,0,0,0,0,0,0,0,0,0,0,0,0,0,0,0,0,0,0,0,0
3199,1910,57,0,61419,2100,"Die Reifeprüfung",0,0,0,0,0,0,0,0,0,0,0,0,0,0,0,0,0,0,0,0,0,0,0,0
3200,1911,57,0,61411,2100,"Erwachsensein ist schwer",0,0,0,0,0,0,0,0,0,0,0,0,0,0,0,0,0,0,0,0,0,0,0,0
3201,1914,57,0,61411,2100,"Nicht alle Flüsse münden ins Meer",0,0,0,0,0,0,0,0,0,0,0,0,0,0,0,0,0,0,0,0,0,0,0,0
3202,1915,57,0,61411,2100,"Plan B",0,0,0,0,0,0,0,0,0,0,0,0,0,0,0,0,0,0,0,0,0,0,0,0
3203,1916,57,0,61411,2100,"Eine reife Leistung",0,0,0,0,0,0,0,0,0,0,0,0,0,0,0,0,0,0,0,0,0,0,0,0
3204,1974,59,0,61411,2100,"Auf den Spuren der Mogrys",0,0,0,0,0,0,0,0,0,0,0,0,0,0,0,0,0,0,0,0,0,0,0,0
3205,1975,59,0,61411,2100,"Erst die Nüsse, dann der Mogry",0,0,0,0,0,0,0,0,0,0,0,0,0,0,0,0,0,0,0,0,0,0,0,0
3206,1976,59,0,61411,2100,"Dreistes Mogrynapping",0,0,0,0,0,0,0,0,0,0,0,0,0,0,0,0,0,0,0,0,0,0,0,0
3207,1977,59,0,61411,2100,"Die Legende der Mogrys",0,0,0,0,0,0,0,0,0,0,0,0,0,0,0,0,0,0,0,0,0,0,0,0
3208,2112,60,0,61419,2100,"Vertreibung aus Nimmerreich",0,0,0,0,0,0,0,0,0,0,0,0,0,0,0,0,0,0,0,0,0,0,0,0
3209,1771,52,0,61419,2000,"Keine Nachrichten sind schlechte Nachrichten",0,0,0,0,0,0,0,0,0,0,0,0,0,0,0,0,0,0,0,0,0,0,0,0
3210,1772,52,0,61411,2000,"Hässliche Blutsauger",0,0,0,0,0,0,0,0,0,0,0,0,0,0,0,0,0,0,0,0,0,0,0,0
3211,1773,52,0,61411,2000,"Kweh! Kweh!",0,0,0,0,0,0,0,0,0,0,0,0,0,0,0,0,0,0,0,0,0,0,0,0
3212,1774,52,0,61411,2000,"Leichte Beute",0,0,0,0,0,0,0,0,0,0,0,0,0,0,0,0,0,0,0,0,0,0,0,0
3213,1770,52,0,61411,2000,"Ein großer Reinfall",0,0,0,0,0,0,0,0,0,0,0,0,0,0,0,0,0,0,0,0,0,0,0,0
3214,1778,52,0,61411,2000,"Auf die sanfte Tour",0,0,0,0,0,0,0,0,0,0,0,0,0,0,0,0,0,0,0,0,0,0,0,0
3215,1779,52,0,61411,2000,"Schleimige Gefahr",0,0,0,0,0,0,0,0,0,0,0,0,0,0,0,0,0,0,0,0,0,0,0,0
3216,1784,52,0,61411,2000,"Ein Bogen ist geflogen",0,0,0,0,0,0,0,0,0,0,0,0,0,0,0,0,0,0,0,0,0,0,0,0
3217,1780,52,0,61411,2000,"Die Bären sind los",0,0,0,0,0,0,0,0,0,0,0,0,0,0,0,0,0,0,0,0,0,0,0,0
3218,1785,52,0,61411,2000,"Drache oder nicht Drache",0,0,0,0,0,0,0,0,0,0,0,0,0,0,0,0,0,0,0,0,0,0,0,0
3219,1775,52,0,61411,2000,"Dufte Pilze",0,0,0,0,0,0,0,0,0,0,0,0,0,0,0,0,0,0,0,0,0,0,0,0
3220,1776,52,0,61411,2000,"Das Jagddebüt",0,0,0,0,0,0,0,0,0,0,0,0,0,0,0,0,0,0,0,0,0,0,0,0
3221,1777,52,0,61411,2000,"Nichts für Zartbesaitete",0,0,0,0,0,0,0,0,0,0,0,0,0,0,0,0,0,0,0,0,0,0,0,0
3222,1781,52,0,61411,2000,"Das Sakrileg",0,0,0,0,0,0,0,0,0,0,0,0,0,0,0,0,0,0,0,0,0,0,0,0
3223,1782,52,0,61411,2000,"Lass Blumen sprechen",0,0,0,0,0,0,0,0,0,0,0,0,0,0,0,0,0,0,0,0,0,0,0,0
3224,1783,52,0,61411,2000,"Steter Tropfen höhlt den Stein",0,0,0,0,0,0,0,0,0,0,0,0,0,0,0,0,0,0,0,0,0,0,0,0
3225,1786,52,0,61411,2000,"Eier mit Schleim",0,0,0,0,0,0,0,0,0,0,0,0,0,0,0,0,0,0,0,0,0,0,0,0
3226,1787,52,0,61411,2000,"Frisch und fruchtig",0,0,0,0,0,0,0,0,0,0,0,0,0,0,0,0,0,0,0,0,0,0,0,0
3227,1788,52,0,61411,2000,"Fleisch ist unser Gemüse",0,0,0,0,0,0,0,0,0,0,0,0,0,0,0,0,0,0,0,0,0,0,0,0
3228,1789,52,0,61411,2000,"Knorrige Kreaturen",0,0,0,0,0,0,0,0,0,0,0,0,0,0,0,0,0,0,0,0,0,0,0,0
3229,1790,52,0,61419,2000,"Aufrüstung",0,0,0,0,0,0,0,0,0,0,0,0,0,0,0,0,0,0,0,0,0,0,0,0
3230,1791,52,0,61411,2000,"Nestbau",0,0,0,0,0,0,0,0,0,0,0,0,0,0,0,0,0,0,0,0,0,0,0,0
3231,1792,52,0,61411,2000,"Stinkekraut",0,0,0,0,0,0,0,0,0,0,0,0,0,0,0,0,0,0,0,0,0,0,0,0
3232,1797,53,0,61419,2000,"Der Retter der Chocobos",0,0,0,0,0,0,0,0,0,0,0,0,0,0,0,0,0,0,0,0,0,0,0,0
3233,1798,53,0,61411,2000,"Marcechamps Plan",0,0,0,0,0,0,0,0,0,0,0,0,0,0,0,0,0,0,0,0,0,0,0,0
3234,1795,53,0,61411,2000,"Munitionsdiebstahl",0,0,0,0,0,0,0,0,0,0,0,0,0,0,0,0,0,0,0,0,0,0,0,0
3235,1793,53,0,61411,2000,"Feurige Steine",0,0,0,0,0,0,0,0,0,0,0,0,0,0,0,0,0,0,0,0,0,0,0,0
3236,1796,53,0,61411,2000,"Kollektive Strafe",0,0,0,0,0,0,0,0,0,0,0,0,0,0,0,0,0,0,0,0,0,0,0,0
3237,1794,53,0,61411,2000,"Liebesalgen",0,0,0,0,0,0,0,0,0,0,0,0,0,0,0,0,0,0,0,0,0,0,0,0
3238,1804,53,0,61411,2000,"Nachwuchs für die Unverbundenen",0,0,0,0,0,0,0,0,0,0,0,0,0,0,0,0,0,0,0,0,0,0,0,0
3239,1805,53,0,61411,2000,"Ein Geschenk für die Retter",0,0,0,0,0,0,0,0,0,0,0,0,0,0,0,0,0,0,0,0,0,0,0,0
3240,1806,53,0,61411,2000,"Die Stimme des Bindenden",0,0,0,0,0,0,0,0,0,0,0,0,0,0,0,0,0,0,0,0,0,0,0,0
3241,1807,53,0,61411,2000,"Sicherung der Grenze",0,0,0,0,0,0,0,0,0,0,0,0,0,0,0,0,0,0,0,0,0,0,0,0
3242,1808,53,0,61411,2000,"Vereitelter Übergriff",0,0,0,0,0,0,0,0,0,0,0,0,0,0,0,0,0,0,0,0,0,0,0,0
3243,1799,53,0,61411,2000,"Hungriger Drache",0,0,0,0,0,0,0,0,0,0,0,0,0,0,0,0,0,0,0,0,0,0,0,0
3244,1800,53,0,61411,2000,"Eierklau",0,0,0,0,0,0,0,0,0,0,0,0,0,0,0,0,0,0,0,0,0,0,0,0
3245,1801,53,0,61411,2000,"Das Essen der Sterblichen",0,0,0,0,0,0,0,0,0,0,0,0,0,0,0,0,0,0,0,0,0,0,0,0
3246,1802,53,0,61419,2000,"Lektion für Drachenjunge",0,0,0,0,0,0,0,0,0,0,0,0,0,0,0,0,0,0,0,0,0,0,0,0
3247,1812,53,0,61411,2000,"Drachenduell",0,0,0,0,0,0,0,0,0,0,0,0,0,0,0,0,0,0,0,0,0,0,0,0
3248,1813,53,0,61411,2000,"Ungeziefer in der Ruhestätte",0,0,0,0,0,0,0,0,0,0,0,0,0,0,0,0,0,0,0,0,0,0,0,0
3249,1803,53,0,61411,2000,"Ausgeräuchert",0,0,0,0,0,0,0,0,0,0,0,0,0,0,0,0,0,0,0,0,0,0,0,0
3250,1809,53,0,61411,2000,"Drachenkinder in Gefahr",0,0,0,0,0,0,0,0,0,0,0,0,0,0,0,0,0,0,0,0,0,0,0,0
3251,1810,53,0,61411,2000,"Beruhigungsblume",0,0,0,0,0,0,0,0,0,0,0,0,0,0,0,0,0,0,0,0,0,0,0,0
3252,1811,53,0,61411,2000,"Verschollener Bruder",0,0,0,0,0,0,0,0,0,0,0,0,0,0,0,0,0,0,0,0,0,0,0,0
3253,1814,53,0,61411,2000,"Versteckspiel",0,0,0,0,0,0,0,0,0,0,0,0,0,0,0,0,0,0,0,0,0,0,0,0
3254,1815,53,0,61411,2000,"Jagdhelfer",0,0,0,0,0,0,0,0,0,0,0,0,0,0,0,0,0,0,0,0,0,0,0,0
3255,1816,53,0,61411,2000,"Die bösen Sterblichen",0,0,0,0,0,0,0,0,0,0,0,0,0,0,0,0,0,0,0,0,0,0,0,0
3256,1817,53,0,61411,2000,"Drachenheiler",0,0,0,0,0,0,0,0,0,0,0,0,0,0,0,0,0,0,0,0,0,0,0,0
3257,1818,53,0,61411,2000,"Umdenken",0,0,0,0,0,0,0,0,0,0,0,0,0,0,0,0,0,0,0,0,0,0,0,0
3258,1819,54,0,61419,2002,"Weder Fisch noch Drachen",0,0,0,0,0,0,0,0,0,0,0,0,0,0,0,0,0,0,0,0,0,0,0,0
3259,1820,54,0,61411,2002,"Ganz schön eitel",0,0,0,0,0,0,0,0,0,0,0,0,0,0,0,0,0,0,0,0,0,0,0,0
3260,1822,54,0,61411,2002,"Die kleinen Freuden des Lebens",0,0,0,0,0,0,0,0,0,0,0,0,0,0,0,0,0,0,0,0,0,0,0,0
3261,1823,54,0,61419,2002,"Nur keinen Bommel",0,0,0,0,0,0,0,0,0,0,0,0,0,0,0,0,0,0,0,0,0,0,0,0
3262,1830,54,0,61411,2002,"Über den eigenen Tellerrand hinaus",0,0,0,0,0,0,0,0,0,0,0,0,0,0,0,0,0,0,0,0,0,0,0,0
3263,1825,54,0,61411,2002,"Ein Bodenbewohner zu sein",0,0,0,0,0,0,0,0,0,0,0,0,0,0,0,0,0,0,0,0,0,0,0,0
3264,1826,54,0,61411,2002,"Harte Maßnahmen",0,0,0,0,0,0,0,0,0,0,0,0,0,0,0,0,0,0,0,0,0,0,0,0
3265,1827,54,0,61411,2002,"Ein hitziges Gefecht",0,0,0,0,0,0,0,0,0,0,0,0,0,0,0,0,0,0,0,0,0,0,0,0
3266,1833,54,0,61411,2002,"Geteiltes ist doppeltes Glück",0,0,0,0,0,0,0,0,0,0,0,0,0,0,0,0,0,0,0,0,0,0,0,0
3267,1834,54,0,61411,2002,"Wachposten einnehmen!",0,0,0,0,0,0,0,0,0,0,0,0,0,0,0,0,0,0,0,0,0,0,0,0
3268,1828,54,0,61419,2002,"Eckstein, Eckstein",0,0,0,0,0,0,0,0,0,0,0,0,0,0,0,0,0,0,0,0,0,0,0,0
3269,1829,54,0,61411,2002,"Für die Blumen nur das Beste",0,0,0,0,0,0,0,0,0,0,0,0,0,0,0,0,0,0,0,0,0,0,0,0
3270,1835,54,0,61419,2002,"Ein Sündenbock muss her",0,0,0,0,0,0,0,0,0,0,0,0,0,0,0,0,0,0,0,0,0,0,0,0
3271,1821,54,0,61411,2002,"Ein Mogry in Not",0,0,0,0,0,0,0,0,0,0,0,0,0,0,0,0,0,0,0,0,0,0,0,0
3272,1824,54,0,61411,2002,"Der mutigste Mogry im ganzen Mogryversum",0,0,0,0,0,0,0,0,0,0,0,0,0,0,0,0,0,0,0,0,0,0,0,0
3273,1831,54,0,61411,2002,"Immer auf die Kleinen",0,0,0,0,0,0,0,0,0,0,0,0,0,0,0,0,0,0,0,0,0,0,0,0
3274,1832,54,0,61411,2002,"Mutige Mogrys braucht das Wachkorps",0,0,0,0,0,0,0,0,0,0,0,0,0,0,0,0,0,0,0,0,0,0,0,0
3275,1836,55,0,61411,2002,"Heile, heile Mogry",0,0,0,0,0,0,0,0,0,0,0,0,0,0,0,0,0,0,0,0,0,0,0,0
3276,1837,55,0,61411,2002,"Unsichere Gewässer",0,0,0,0,0,0,0,0,0,0,0,0,0,0,0,0,0,0,0,0,0,0,0,0
3277,1838,55,0,61411,2002,"Eine Tasse Tee gegen Fieber",0,0,0,0,0,0,0,0,0,0,0,0,0,0,0,0,0,0,0,0,0,0,0,0
3278,1839,55,0,61411,2002,"Krank vor Sorge",0,0,0,0,0,0,0,0,0,0,0,0,0,0,0,0,0,0,0,0,0,0,0,0
3279,1840,55,0,61411,2002,"Kupssst, geheim!",0,0,0,0,0,0,0,0,0,0,0,0,0,0,0,0,0,0,0,0,0,0,0,0
3280,1860,55,0,61411,2002,"Vom Winde verweht",0,0,0,0,0,0,0,0,0,0,0,0,0,0,0,0,0,0,0,0,0,0,0,0
3281,1841,55,0,61411,2002,"Affront vor dem Kreidetempel",0,0,0,0,0,0,0,0,0,0,0,0,0,0,0,0,0,0,0,0,0,0,0,0
3282,1842,55,0,61411,2002,"Eingeschleppte Spezies",0,0,0,0,0,0,0,0,0,0,0,0,0,0,0,0,0,0,0,0,0,0,0,0
3283,1843,55,0,61411,2002,"Wütende Wyvern",0,0,0,0,0,0,0,0,0,0,0,0,0,0,0,0,0,0,0,0,0,0,0,0
3284,1844,55,0,61411,2002,"Schutz für zarte Setzlinge",0,0,0,0,0,0,0,0,0,0,0,0,0,0,0,0,0,0,0,0,0,0,0,0
3285,1847,55,0,61411,2002,"Körbe für Mogson",0,0,0,0,0,0,0,0,0,0,0,0,0,0,0,0,0,0,0,0,0,0,0,0
3286,1848,55,0,61411,2002,"Kupo-Nüsse gesucht",0,0,0,0,0,0,0,0,0,0,0,0,0,0,0,0,0,0,0,0,0,0,0,0
3287,1849,55,0,61411,2002,"Leckere Zugvogelnester",0,0,0,0,0,0,0,0,0,0,0,0,0,0,0,0,0,0,0,0,0,0,0,0
3288,1846,55,0,61411,2002,"Zum Fressen gern",0,0,0,0,0,0,0,0,0,0,0,0,0,0,0,0,0,0,0,0,0,0,0,0
3289,1845,55,0,61411,2002,"Die Abenteurer von Ohl Tahn",0,0,0,0,0,0,0,0,0,0,0,0,0,0,0,0,0,0,0,0,0,0,0,0
3290,1850,55,0,61411,2002,"Echte Kuporadschaft",0,0,0,0,0,0,0,0,0,0,0,0,0,0,0,0,0,0,0,0,0,0,0,0
3291,1851,55,0,61411,2002,"Bis die Äste zittern",0,0,0,0,0,0,0,0,0,0,0,0,0,0,0,0,0,0,0,0,0,0,0,0
3292,1852,55,0,61411,2002,"Feldforschung",0,0,0,0,0,0,0,0,0,0,0,0,0,0,0,0,0,0,0,0,0,0,0,0
3293,1853,55,0,61411,2002,"Herzen aus Stein",0,0,0,0,0,0,0,0,0,0,0,0,0,0,0,0,0,0,0,0,0,0,0,0
3294,1854,55,0,61411,2002,"Einer für alle",0,0,0,0,0,0,0,0,0,0,0,0,0,0,0,0,0,0,0,0,0,0,0,0
3295,1859,55,0,61411,2002,"Ein Platz an der Sonne",0,0,0,0,0,0,0,0,0,0,0,0,0,0,0,0,0,0,0,0,0,0,0,0
3296,1861,55,0,61411,2002,"Objekte der Forschung",0,0,0,0,0,0,0,0,0,0,0,0,0,0,0,0,0,0,0,0,0,0,0,0
3297,1855,55,0,61411,2002,"Privatsphäre muss sein",0,0,0,0,0,0,0,0,0,0,0,0,0,0,0,0,0,0,0,0,0,0,0,0
3298,1856,55,0,61411,2002,"Ungeheuerliche Ruinen",0,0,0,0,0,0,0,0,0,0,0,0,0,0,0,0,0,0,0,0,0,0,0,0
3299,1857,55,0,61411,2002,"Eklige Erkundungen",0,0,0,0,0,0,0,0,0,0,0,0,0,0,0,0,0,0,0,0,0,0,0,0
3300,1858,55,0,61411,2002,"Bis zum letzten Mogry",0,0,0,0,0,0,0,0,0,0,0,0,0,0,0,0,0,0,0,0,0,0,0,0
3301,1862,55,0,61411,2002,"Unersetzlich",0,0,0,0,0,0,0,0,0,0,0,0,0,0,0,0,0,0,0,0,0,0,0,0
3302,1863,55,0,61411,2002,"Klein, aber kupo!",0,0,0,0,0,0,0,0,0,0,0,0,0,0,0,0,0,0,0,0,0,0,0,0
3303,1864,55,0,61411,2002,"Krieg den Drachen",0,0,0,0,0,0,0,0,0,0,0,0,0,0,0,0,0,0,0,0,0,0,0,0
3304,1865,55,0,61411,2002,"Habt Acht, Mogry-Wachkorps!",0,0,0,0,0,0,0,0,0,0,0,0,0,0,0,0,0,0,0,0,0,0,0,0
3305,1866,55,0,61411,2002,"Mogga vor der Brücke",0,0,0,0,0,0,0,0,0,0,0,0,0,0,0,0,0,0,0,0,0,0,0,0
3306,1867,55,0,61411,2002,"Schatten über Mogok",0,0,0,0,0,0,0,0,0,0,0,0,0,0,0,0,0,0,0,0,0,0,0,0
3307,1868,55,0,61411,2002,"Das verhasste Symbol",0,0,0,0,0,0,0,0,0,0,0,0,0,0,0,0,0,0,0,0,0,0,0,0
3308,1875,56,0,61411,2002,"Ruhe für Mutter Schiefer",0,0,0,0,0,0,0,0,0,0,0,0,0,0,0,0,0,0,0,0,0,0,0,0
3309,1876,56,0,61411,2002,"Anzu müssen draußen bleiben",0,0,0,0,0,0,0,0,0,0,0,0,0,0,0,0,0,0,0,0,0,0,0,0
3310,1877,56,0,61411,2002,"Denkmalschmutz",0,0,0,0,0,0,0,0,0,0,0,0,0,0,0,0,0,0,0,0,0,0,0,0
3311,1878,56,0,61411,2002,"Eine unheilvolle Vorahnung",0,0,0,0,0,0,0,0,0,0,0,0,0,0,0,0,0,0,0,0,0,0,0,0
3312,1881,56,0,61411,2002,"Drachenjagd für die Forscher",0,0,0,0,0,0,0,0,0,0,0,0,0,0,0,0,0,0,0,0,0,0,0,0
3313,1882,56,0,61411,2002,"Die Früchte unserer Forschung",0,0,0,0,0,0,0,0,0,0,0,0,0,0,0,0,0,0,0,0,0,0,0,0
3314,1879,56,0,61411,2002,"Eine geschickte Ablenkung",0,0,0,0,0,0,0,0,0,0,0,0,0,0,0,0,0,0,0,0,0,0,0,0
3315,1883,56,0,61411,2002,"Im Namen der Forschung",0,0,0,0,0,0,0,0,0,0,0,0,0,0,0,0,0,0,0,0,0,0,0,0
3316,1884,56,0,61411,2002,"Handlanger der Expedition",0,0,0,0,0,0,0,0,0,0,0,0,0,0,0,0,0,0,0,0,0,0,0,0
3317,1880,56,0,61411,2002,"Die Wahrheit hinter der Bestie",0,0,0,0,0,0,0,0,0,0,0,0,0,0,0,0,0,0,0,0,0,0,0,0
3318,1871,56,0,61411,2002,"Eine historische Zusammenarbeit",0,0,0,0,0,0,0,0,0,0,0,0,0,0,0,0,0,0,0,0,0,0,0,0
3319,1550,1,0,61411,2082,"Der König der Lüfte",0,0,0,0,0,0,0,0,0,0,0,0,0,0,0,0,0,0,0,0,0,0,0,0
3320,1928,57,0,61411,2000,"Die letzte Mahlzeit",0,0,0,0,0,0,0,0,0,0,0,0,0,0,0,0,0,0,0,0,0,0,0,0
3321,1551,60,0,61419,2082,"Menphinas Zuflucht",0,0,0,0,0,0,0,0,0,0,0,0,0,0,0,0,0,0,0,0,0,0,0,0
3322,1922,57,0,61411,2000,"Gut delegiert ist auch erledigt!",0,0,0,0,0,0,0,0,0,0,0,0,0,0,0,0,0,0,0,0,0,0,0,0
3323,3177,66,0,61419,2082,"Wunschlieferungen für den Klippenhänger",0,0,0,0,0,0,0,0,0,0,0,0,0,0,0,0,0,0,0,0,0,0,0,0
3324,1923,57,0,61411,2000,"Reine Schikane",0,0,0,0,0,0,0,0,0,0,0,0,0,0,0,0,0,0,0,0,0,0,0,0
3325,3178,66,0,61419,2082,"Bruderzwist in Frohehalde",0,0,0,0,0,0,0,0,0,0,0,0,0,0,0,0,0,0,0,0,0,0,0,0
3326,1924,57,0,61411,2000,"Gefährliche Eisen",0,0,0,0,0,0,0,0,0,0,0,0,0,0,0,0,0,0,0,0,0,0,0,0
3327,1925,57,0,61411,2000,"Saubere Arbeit",0,0,0,0,0,0,0,0,0,0,0,0,0,0,0,0,0,0,0,0,0,0,0,0
3328,1926,57,0,61411,2000,"Das Wesen der Chocobo-Jagd",0,0,0,0,0,0,0,0,0,0,0,0,0,0,0,0,0,0,0,0,0,0,0,0
3329,1927,57,0,61411,2000,"Bauricoins Rache",0,0,0,0,0,0,0,0,0,0,0,0,0,0,0,0,0,0,0,0,0,0,0,0
3330,1930,57,0,61411,2000,"Angriff ist die beste Verteidigung",0,0,0,0,0,0,0,0,0,0,0,0,0,0,0,0,0,0,0,0,0,0,0,0
3331,1929,57,0,61411,2000,"Eine Stärkung für Gullinkambi",0,0,0,0,0,0,0,0,0,0,0,0,0,0,0,0,0,0,0,0,0,0,0,0
3332,1931,58,0,61411,2082,"Wachbeihilfe",0,0,0,0,0,0,0,0,0,0,0,0,0,0,0,0,0,0,0,0,0,0,0,0
3333,1936,58,0,61419,2001,"Lange Indigofinger",0,0,0,0,0,0,0,0,0,0,0,0,0,0,0,0,0,0,0,0,0,0,0,0
3334,1932,58,0,61411,2082,"Freiwillig freundlich",0,0,0,0,0,0,0,0,0,0,0,0,0,0,0,0,0,0,0,0,0,0,0,0
3335,1947,58,0,61411,2001,"Hinterteil noch heil?",0,0,0,0,0,0,0,0,0,0,0,0,0,0,0,0,0,0,0,0,0,0,0,0
3336,1933,58,0,61411,2001,"Fangnix fängt nichts",0,0,0,0,0,0,0,0,0,0,0,0,0,0,0,0,0,0,0,0,0,0,0,0
3337,1938,58,0,61411,2082,"Fass ist überlaufen",0,0,0,0,0,0,0,0,0,0,0,0,0,0,0,0,0,0,0,0,0,0,0,0
3338,1934,58,0,61411,2001,"Fangnix und die feigen Fische",0,0,0,0,0,0,0,0,0,0,0,0,0,0,0,0,0,0,0,0,0,0,0,0
3339,1939,58,0,61411,2082,"Nützlicher Schrott",0,0,0,0,0,0,0,0,0,0,0,0,0,0,0,0,0,0,0,0,0,0,0,0
3340,1940,58,0,61411,2082,"Spaß mit Wellen",0,0,0,0,0,0,0,0,0,0,0,0,0,0,0,0,0,0,0,0,0,0,0,0
3341,1960,58,0,61411,2001,"Ein neuer Angel-Ansatz",0,0,0,0,0,0,0,0,0,0,0,0,0,0,0,0,0,0,0,0,0,0,0,0
3342,1941,58,0,61411,2082,"Luft mit Duft",0,0,0,0,0,0,0,0,0,0,0,0,0,0,0,0,0,0,0,0,0,0,0,0
3343,1961,58,0,61411,2001,"Große Stinkenpflanze",0,0,0,0,0,0,0,0,0,0,0,0,0,0,0,0,0,0,0,0,0,0,0,0
3344,1943,58,0,61411,2082,"Frisch geködert, halb gefangen",0,0,0,0,0,0,0,0,0,0,0,0,0,0,0,0,0,0,0,0,0,0,0,0
3345,1958,58,0,61411,2001,"Schattiges Gärtchen",0,0,0,0,0,0,0,0,0,0,0,0,0,0,0,0,0,0,0,0,0,0,0,0
3346,1945,58,0,61419,2082,"Alte Technik gut gewartet",0,0,0,0,0,0,0,0,0,0,0,0,0,0,0,0,0,0,0,0,0,0,0,0
3347,1959,58,0,61411,2001,"Aufschlussreiche Federn",0,0,0,0,0,0,0,0,0,0,0,0,0,0,0,0,0,0,0,0,0,0,0,0
3348,1946,58,0,61411,2082,"Brecher brechen",0,0,0,0,0,0,0,0,0,0,0,0,0,0,0,0,0,0,0,0,0,0,0,0
3349,1964,58,0,61411,2001,"In die Schlucht",0,0,0,0,0,0,0,0,0,0,0,0,0,0,0,0,0,0,0,0,0,0,0,0
3350,1957,58,0,61411,2082,"Lauschiges Plätzchen",0,0,0,0,0,0,0,0,0,0,0,0,0,0,0,0,0,0,0,0,0,0,0,0
3351,1965,58,0,61411,2001,"Gewalt ist eine Lösung",0,0,0,0,0,0,0,0,0,0,0,0,0,0,0,0,0,0,0,0,0,0,0,0
3352,1937,58,0,61411,2001,"Chaotische Truppe",0,0,0,0,0,0,0,0,0,0,0,0,0,0,0,0,0,0,0,0,0,0,0,0
3353,1963,58,0,61419,2082,"Nasse Füße",0,0,0,0,0,0,0,0,0,0,0,0,0,0,0,0,0,0,0,0,0,0,0,0
3354,1944,58,0,61411,2001,"Erst Tat, dann Rat",0,0,0,0,0,0,0,0,0,0,0,0,0,0,0,0,0,0,0,0,0,0,0,0
3355,1962,58,0,61411,2082,"Wenn er auch die Wahrheit spricht",0,0,0,0,0,0,0,0,0,0,0,0,0,0,0,0,0,0,0,0,0,0,0,0
3356,1935,58,0,61411,2082,"Säumige Leiher",0,0,0,0,0,0,0,0,0,0,0,0,0,0,0,0,0,0,0,0,0,0,0,0
3357,1942,58,0,61411,2082,"Hell in der Denkschale",0,0,0,0,0,0,0,0,0,0,0,0,0,0,0,0,0,0,0,0,0,0,0,0
3358,1948,58,0,61411,2082,"Regelrecht eingeschränkt",0,0,0,0,0,0,0,0,0,0,0,0,0,0,0,0,0,0,0,0,0,0,0,0
3359,1949,58,0,61411,2082,"Das Volk hat gesprochen",0,0,0,0,0,0,0,0,0,0,0,0,0,0,0,0,0,0,0,0,0,0,0,0
3360,1950,58,0,61411,2082,"Willkommen im Paradies",0,0,0,0,0,0,0,0,0,0,0,0,0,0,0,0,0,0,0,0,0,0,0,0
3361,1951,58,0,61411,2082,"Entrüstung über eine Rüstung",0,0,0,0,0,0,0,0,0,0,0,0,0,0,0,0,0,0,0,0,0,0,0,0
3362,1952,58,0,61411,2082,"Die Goblin-Gehirnwäsche",0,0,0,0,0,0,0,0,0,0,0,0,0,0,0,0,0,0,0,0,0,0,0,0
3363,1953,58,0,61411,2082,"Bauchgefühl",0,0,0,0,0,0,0,0,0,0,0,0,0,0,0,0,0,0,0,0,0,0,0,0
3364,1954,58,0,61411,2082,"Erste Opfer",0,0,0,0,0,0,0,0,0,0,0,0,0,0,0,0,0,0,0,0,0,0,0,0
3365,1955,58,0,61411,2082,"Schone deinen Nächsten nicht",0,0,0,0,0,0,0,0,0,0,0,0,0,0,0,0,0,0,0,0,0,0,0,0
3366,1956,58,0,61411,2082,"Volle Bürgerrechte",0,0,0,0,0,0,0,0,0,0,0,0,0,0,0,0,0,0,0,0,0,0,0,0
3367,1966,59,0,61419,2036,"Abwarten und Tee eingießen",0,0,0,0,0,0,0,0,0,0,0,0,0,0,0,0,0,0,0,0,0,0,0,0
3368,1973,59,0,61411,2002,"Verschollen im Wolkenmeer",0,0,0,0,0,0,0,0,0,0,0,0,0,0,0,0,0,0,0,0,0,0,0,0
3369,2121,59,0,61419,2082,"Hohe Jagd im Hohen Land 3",0,0,0,0,0,0,0,0,0,0,0,0,0,0,0,0,0,0,0,0,0,0,0,0
3370,1967,59,0,61411,2036,"Viel Glück und viel Fegen",0,0,0,0,0,0,0,0,0,0,0,0,0,0,0,0,0,0,0,0,0,0,0,0
3371,1978,59,0,61411,2002,"Ahnenforschung",0,0,0,0,0,0,0,0,0,0,0,0,0,0,0,0,0,0,0,0,0,0,0,0
3372,1968,59,0,61411,2036,"Reiner als rein",0,0,0,0,0,0,0,0,0,0,0,0,0,0,0,0,0,0,0,0,0,0,0,0
3373,1969,59,0,61411,2036,"Holzbrücke sei wachsam",0,0,0,0,0,0,0,0,0,0,0,0,0,0,0,0,0,0,0,0,0,0,0,0
3374,1970,59,0,61411,2036,"Das verkehrte Zauberwort",0,0,0,0,0,0,0,0,0,0,0,0,0,0,0,0,0,0,0,0,0,0,0,0
3375,1971,59,0,61411,2036,"Außer Besen nichts gewesen",0,0,0,0,0,0,0,0,0,0,0,0,0,0,0,0,0,0,0,0,0,0,0,0
3376,2118,60,0,61419,2082,"Steinharte Trainingspartner",1197,0,0,0,0,0,0,0,0,0,0,0,0,0,0,0,0,0,0,0,0,0,0,0
3377,2202,60,0,61419,2001,"Was uns da wohl blüht",0,0,0,0,0,0,0,0,0,0,0,0,0,0,0,0,0,0,0,0,0,0,0,0
3378,2386,60,0,61419,2082,"Bücherjagd im Geisterschloss",0,0,0,0,0,0,0,0,0,0,0,0,0,0,0,0,0,0,0,0,0,0,0,0
3379,2392,60,0,61419,2082,"Khloes Abenteuer",0,0,0,0,0,0,0,0,0,0,0,0,0,0,0,0,0,0,0,0,0,0,0,0
3380,2402,60,0,61419,2082,"Die Ruhe des heiligen Berges",0,0,0,0,0,0,0,0,0,0,0,0,0,0,0,0,0,0,0,0,0,0,0,0
3381,3965,80,0,61419,2082,"Auf den Fuchs gekommen",0,0,0,0,0,0,0,0,0,0,0,0,0,0,0,0,0,0,0,0,0,0,0,0
3382,1979,59,0,61411,2101,"Allagisches Kampftraining",0,0,0,0,0,0,0,0,0,0,0,0,0,0,0,0,0,0,0,0,0,0,0,0
3383,1980,59,0,61411,2101,"Putzkolonne außer Kontrolle",0,0,0,0,0,0,0,0,0,0,0,0,0,0,0,0,0,0,0,0,0,0,0,0
3384,1981,59,0,61411,2101,"Gefahr in Vollzug",0,0,0,0,0,0,0,0,0,0,0,0,0,0,0,0,0,0,0,0,0,0,0,0
3385,1982,59,0,61411,2101,"Aufstandsbekämpfungskapazität",0,0,0,0,0,0,0,0,0,0,0,0,0,0,0,0,0,0,0,0,0,0,0,0
3386,1983,59,0,61411,2101,"Hybridzüchtung",0,0,0,0,0,0,0,0,0,0,0,0,0,0,0,0,0,0,0,0,0,0,0,0
3387,1984,59,0,61411,2101,"Sporenbelastung",0,0,0,0,0,0,0,0,0,0,0,0,0,0,0,0,0,0,0,0,0,0,0,0
3388,1985,59,0,61411,2101,"Gejagter Jäger",0,0,0,0,0,0,0,0,0,0,0,0,0,0,0,0,0,0,0,0,0,0,0,0
3389,1986,59,0,61411,2101,"Revolutionäre Legionäre",0,0,0,0,0,0,0,0,0,0,0,0,0,0,0,0,0,0,0,0,0,0,0,0
3390,1987,59,0,61411,2101,"Sachbeschädigung",0,0,0,0,0,0,0,0,0,0,0,0,0,0,0,0,0,0,0,0,0,0,0,0
3391,1988,59,0,61411,2101,"Technologiediebstahl",0,0,0,0,0,0,0,0,0,0,0,0,0,0,0,0,0,0,0,0,0,0,0,0
3392,1989,59,0,61411,2101,"Altmetallriesen",0,0,0,0,0,0,0,0,0,0,0,0,0,0,0,0,0,0,0,0,0,0,0,0
3393,1990,59,0,61411,2101,"Hohe Standards",0,0,0,0,0,0,0,0,0,0,0,0,0,0,0,0,0,0,0,0,0,0,0,0
3394,1991,59,0,61411,2101,"Hocheffizient",0,0,0,0,0,0,0,0,0,0,0,0,0,0,0,0,0,0,0,0,0,0,0,0
3395,1992,59,0,61411,2101,"Erhöhte Aggressivität",0,0,0,0,0,0,0,0,0,0,0,0,0,0,0,0,0,0,0,0,0,0,0,0
3396,2639,60,0,61419,2406,"Hoch zu Ross, mit Geschoss",0,0,0,0,0,0,0,0,0,0,0,0,0,0,0,0,0,0,0,0,0,0,0,0
3397,2645,60,0,61411,2407,"Staub von gestern",0,0,0,0,0,0,0,0,0,0,0,0,0,0,0,0,0,0,0,0,0,0,0,0
3398,0,0,0,0,0,"",0,0,0,0,0,0,0,0,0,0,0,0,0,0,0,0,0,0,0,0,0,0,0,0
3399,2640,60,0,61411,2406,"Taktischer Kontakt",0,0,0,0,0,0,0,0,0,0,0,0,0,0,0,0,0,0,0,0,0,0,0,0
3400,2647,60,0,61411,2407,"Längst kein altes Haus",0,0,0,0,0,0,0,0,0,0,0,0,0,0,0,0,0,0,0,0,0,0,0,0
3401,2641,60,0,61411,2406,"Zurück in die Zelle",0,0,0,0,0,0,0,0,0,0,0,0,0,0,0,0,0,0,0,0,0,0,0,0
3402,2646,60,0,61411,2407,"Stützender Stein",0,0,0,0,0,0,0,0,0,0,0,0,0,0,0,0,0,0,0,0,0,0,0,0
3403,2642,60,0,61411,2406,"Knall und Fall",0,0,0,0,0,0,0,0,0,0,0,0,0,0,0,0,0,0,0,0,0,0,0,0
3404,2648,60,0,61411,2407,"Von Beeren zum Bären",0,0,0,0,0,0,0,0,0,0,0,0,0,0,0,0,0,0,0,0,0,0,0,0
3405,2644,60,0,61411,2406,"Geschmack der Heimat",0,0,0,0,0,0,0,0,0,0,0,0,0,0,0,0,0,0,0,0,0,0,0,0
3406,2649,60,0,61411,2407,"Hungrige Räuber",0,0,0,0,0,0,0,0,0,0,0,0,0,0,0,0,0,0,0,0,0,0,0,0
3407,2643,60,0,61411,2406,"Kriegsopfer Natur",0,0,0,0,0,0,0,0,0,0,0,0,0,0,0,0,0,0,0,0,0,0,0,0
3408,2650,60,0,61411,2407,"Ausgestochen",0,0,0,0,0,0,0,0,0,0,0,0,0,0,0,0,0,0,0,0,0,0,0,0
3409,3005,60,0,61419,2403,"Sammeln für einen guten Zweck",0,0,0,0,0,0,0,0,0,0,0,0,0,0,0,0,0,0,0,0,0,0,0,0
3410,3006,60,0,61419,2403,"Die Familien der Helden",0,0,0,0,0,0,0,0,0,0,0,0,0,0,0,0,0,0,0,0,0,0,0,0
3411,2651,61,0,61411,2403,"Blasrohrvorführung",0,0,0,0,0,0,0,0,0,0,0,0,0,0,0,0,0,0,0,0,0,0,0,0
3412,2653,61,0,61411,2407,"Nagerplage am Grab",0,0,0,0,0,0,0,0,0,0,0,0,0,0,0,0,0,0,0,0,0,0,0,0
3413,2660,61,0,61411,2406,"Proben vom Schweif des Kometen",0,0,0,0,0,0,0,0,0,0,0,0,0,0,0,0,0,0,0,0,0,0,0,0
3414,2652,61,0,61411,2403,"Vor den Kopf gestoßen",0,0,0,0,0,0,0,0,0,0,0,0,0,0,0,0,0,0,0,0,0,0,0,0
3415,2655,61,0,61419,2407,"Früher war alles besser",0,0,0,0,0,0,0,0,0,0,0,0,0,0,0,0,0,0,0,0,0,0,0,0
3416,2659,61,0,61411,2406,"So besiegt man Ameisenlöwen",0,0,0,0,0,0,0,0,0,0,0,0,0,0,0,0,0,0,0,0,0,0,0,0
3417,2656,61,0,61411,2407,"Altkluges Geschwätz",0,0,0,0,0,0,0,0,0,0,0,0,0,0,0,0,0,0,0,0,0,0,0,0
3418,2661,61,0,61419,2406,"Die Militärhistorikerin",0,0,0,0,0,0,0,0,0,0,0,0,0,0,0,0,0,0,0,0,0,0,0,0
3419,2657,61,0,61411,2407,"Schicht an Schicht",0,0,0,0,0,0,0,0,0,0,0,0,0,0,0,0,0,0,0,0,0,0,0,0
3420,2662,61,0,61419,2406,"Nur dem Anschein nach verlassen",0,0,0,0,0,0,0,0,0,0,0,0,0,0,0,0,0,0,0,0,0,0,0,0
3421,2658,61,0,61411,2407,"Die Seele im Jenseits zu erfreu'n",0,0,0,0,0,0,0,0,0,0,0,0,0,0,0,0,0,0,0,0,0,0,0,0
3422,2663,61,0,61419,2406,"Zeuge ohne Erinnerung",0,0,0,0,0,0,0,0,0,0,0,0,0,0,0,0,0,0,0,0,0,0,0,0
3423,2654,61,0,61411,2407,"Räuber berauben",0,0,0,0,0,0,0,0,0,0,0,0,0,0,0,0,0,0,0,0,0,0,0,0
3424,2664,61,0,61419,2406,"Die Schwarze Rose",0,0,0,0,0,0,0,0,0,0,0,0,0,0,0,0,0,0,0,0,0,0,0,0
3425,2816,67,0,61419,2406,"Sicherung der Jagdgründe",0,0,0,0,0,0,0,0,0,0,0,0,0,0,0,0,0,0,0,0,0,0,0,0
3426,2817,67,0,61411,2406,"Schuppenpflege",0,0,0,0,0,0,0,0,0,0,0,0,0,0,0,0,0,0,0,0,0,0,0,0
3427,2818,67,0,61411,2406,"Schneckenplage",0,0,0,0,0,0,0,0,0,0,0,0,0,0,0,0,0,0,0,0,0,0,0,0
3428,2819,67,0,61411,2406,"Schmuckstück mit Seele",0,0,0,0,0,0,0,0,0,0,0,0,0,0,0,0,0,0,0,0,0,0,0,0
3429,2820,67,0,61411,2406,"Ein goldenes Problem",0,0,0,0,0,0,0,0,0,0,0,0,0,0,0,0,0,0,0,0,0,0,0,0
3430,2821,67,0,61419,2406,"Geschenk der Garlear",0,0,0,0,0,0,0,0,0,0,0,0,0,0,0,0,0,0,0,0,0,0,0,0
3431,2822,67,0,61411,2406,"Beziehungspflege",0,0,0,0,0,0,0,0,0,0,0,0,0,0,0,0,0,0,0,0,0,0,0,0
3432,2823,67,0,61411,2406,"Klippenstürmer",0,0,0,0,0,0,0,0,0,0,0,0,0,0,0,0,0,0,0,0,0,0,0,0
3433,2824,67,0,61419,2406,"Der Herausforderer",0,0,0,0,0,0,0,0,0,0,0,0,0,0,0,0,0,0,0,0,0,0,0,0
3434,2825,67,0,61419,2406,"Rebell mit Grund",0,0,0,0,0,0,0,0,0,0,0,0,0,0,0,0,0,0,0,0,0,0,0,0
3435,2826,67,0,61419,2406,"Was mich nicht umbringt",0,0,0,0,0,0,0,0,0,0,0,0,0,0,0,0,0,0,0,0,0,0,0,0
3436,2827,67,0,61419,2406,"O tapferer Vater",0,0,0,0,0,0,0,0,0,0,0,0,0,0,0,0,0,0,0,0,0,0,0,0
3437,2828,67,0,61419,2406,"Ans Tageslicht",0,0,0,0,0,0,0,0,0,0,0,0,0,0,0,0,0,0,0,0,0,0,0,0
3438,2829,68,0,61411,2407,"Zurück zu altem Glanz",0,0,0,0,0,0,0,0,0,0,0,0,0,0,0,0,0,0,0,0,0,0,0,0
3439,2831,68,0,61411,2407,"Der Held von Rhalgrs Wacht",0,0,0,0,0,0,0,0,0,0,0,0,0,0,0,0,0,0,0,0,0,0,0,0
3440,2832,68,0,61411,2407,"Von denen, die gehen und bleiben",0,0,0,0,0,0,0,0,0,0,0,0,0,0,0,0,0,0,0,0,0,0,0,0
3441,2833,68,0,61411,2407,"Eine Lanze für Ala Ghiri",0,0,0,0,0,0,0,0,0,0,0,0,0,0,0,0,0,0,0,0,0,0,0,0
3442,2830,68,0,61411,2407,"Man gönnt sich ja sonst nichts",0,0,0,0,0,0,0,0,0,0,0,0,0,0,0,0,0,0,0,0,0,0,0,0
3443,2838,68,0,61411,2407,"Knackige Beine",0,0,0,0,0,0,0,0,0,0,0,0,0,0,0,0,0,0,0,0,0,0,0,0
3444,2834,68,0,61411,2407,"Einsame Wacht",0,0,0,0,0,0,0,0,0,0,0,0,0,0,0,0,0,0,0,0,0,0,0,0
3445,2846,68,0,61411,2407,"Das Bergleben stinkt",0,0,0,0,0,0,0,0,0,0,0,0,0,0,0,0,0,0,0,0,0,0,0,0
3446,2847,68,0,61411,2407,"Dieser Sud tut richtig gut",0,0,0,0,0,0,0,0,0,0,0,0,0,0,0,0,0,0,0,0,0,0,0,0
3447,2848,68,0,61411,2407,"Eine Tasse voll Dankbarkeit",0,0,0,0,0,0,0,0,0,0,0,0,0,0,0,0,0,0,0,0,0,0,0,0
3448,2835,68,0,61411,2407,"Der Grund zu kämpfen",0,0,0,0,0,0,0,0,0,0,0,0,0,0,0,0,0,0,0,0,0,0,0,0
3449,2836,68,0,61411,2407,"Verstehen lernen",0,0,0,0,0,0,0,0,0,0,0,0,0,0,0,0,0,0,0,0,0,0,0,0
3450,2837,68,0,61411,2407,"Freundliche Fassade",0,0,0,0,0,0,0,0,0,0,0,0,0,0,0,0,0,0,0,0,0,0,0,0
3451,2839,68,0,61411,2407,"Aus Liebe zum Geld",0,0,0,0,0,0,0,0,0,0,0,0,0,0,0,0,0,0,0,0,0,0,0,0
3452,2840,68,0,61411,2407,"Starke Schwesterliebe",0,0,0,0,0,0,0,0,0,0,0,0,0,0,0,0,0,0,0,0,0,0,0,0
3453,2841,68,0,61411,2407,"Starke Mutterliebe",0,0,0,0,0,0,0,0,0,0,0,0,0,0,0,0,0,0,0,0,0,0,0,0
3454,2842,68,0,61419,2407,"Ein guter Garlear",0,0,0,0,0,0,0,0,0,0,0,0,0,0,0,0,0,0,0,0,0,0,0,0
3455,2843,68,0,61411,2407,"Der Grund der Verehrung",0,0,0,0,0,0,0,0,0,0,0,0,0,0,0,0,0,0,0,0,0,0,0,0
3456,2844,68,0,61411,2407,"Halb so wild?",0,0,0,0,0,0,0,0,0,0,0,0,0,0,0,0,0,0,0,0,0,0,0,0
3457,2845,68,0,61411,2407,"Sinn eines Lebens",0,0,0,0,0,0,0,0,0,0,0,0,0,0,0,0,0,0,0,0,0,0,0,0
3458,2849,68,0,61411,2407,"Abgestaubter Flügelstaub",0,0,0,0,0,0,0,0,0,0,0,0,0,0,0,0,0,0,0,0,0,0,0,0
3459,2850,68,0,61411,2407,"Radiatas regionale Spezialität",0,0,0,0,0,0,0,0,0,0,0,0,0,0,0,0,0,0,0,0,0,0,0,0
3460,2854,68,0,61411,2407,"Neue Kundschaft",0,0,0,0,0,0,0,0,0,0,0,0,0,0,0,0,0,0,0,0,0,0,0,0
3461,2851,68,0,61419,2407,"Immer nach vorne schauen",0,0,0,0,0,0,0,0,0,0,0,0,0,0,0,0,0,0,0,0,0,0,0,0
3462,2852,68,0,61411,2407,"Abgrundtiefer Hass",0,0,0,0,0,0,0,0,0,0,0,0,0,0,0,0,0,0,0,0,0,0,0,0
3463,2853,68,0,61411,2407,"Granatenstark",0,0,0,0,0,0,0,0,0,0,0,0,0,0,0,0,0,0,0,0,0,0,0,0
3464,2855,68,0,61411,2407,"Ohne Moos nix los",0,0,0,0,0,0,0,0,0,0,0,0,0,0,0,0,0,0,0,0,0,0,0,0
3465,2856,68,0,61411,2407,"Das todsichere Ding",0,0,0,0,0,0,0,0,0,0,0,0,0,0,0,0,0,0,0,0,0,0,0,0
3466,4057,1,0,61411,2408,"Drache aus Feuer und Eisen",0,0,0,0,0,0,0,0,0,0,0,0,0,0,0,0,0,0,0,0,0,0,0,0
3467,2857,69,0,61411,2407,"Anzeichen des Verfalls",0,0,0,0,0,0,0,0,0,0,0,0,0,0,0,0,0,0,0,0,0,0,0,0
3468,2868,69,0,61411,2403,"Wider den Wundbrand",0,0,0,0,0,0,0,0,0,0,0,0,0,0,0,0,0,0,0,0,0,0,0,0
3469,2871,69,0,61411,2406,"Held aus Versehen",0,0,0,0,0,0,0,0,0,0,0,0,0,0,0,0,0,0,0,0,0,0,0,0
3470,2877,69,0,61419,2408,"In luftigen Höhen",0,0,0,0,0,0,0,0,0,0,0,0,0,0,0,0,0,0,0,0,0,0,0,0
3471,2858,69,0,61411,2407,"Damit Papin groß und stark wird",0,0,0,0,0,0,0,0,0,0,0,0,0,0,0,0,0,0,0,0,0,0,0,0
3472,2869,69,0,61411,2403,"Verschlossene Augen",0,0,0,0,0,0,0,0,0,0,0,0,0,0,0,0,0,0,0,0,0,0,0,0
3473,2872,69,0,61411,2406,"Rekrut, bitte melde dich!",0,0,0,0,0,0,0,0,0,0,0,0,0,0,0,0,0,0,0,0,0,0,0,0
3474,2878,69,0,61411,2408,"Außer Kontrolle",0,0,0,0,0,0,0,0,0,0,0,0,0,0,0,0,0,0,0,0,0,0,0,0
3475,2859,69,0,61411,2407,"Unwegsame Abkürzung",0,0,0,0,0,0,0,0,0,0,0,0,0,0,0,0,0,0,0,0,0,0,0,0
3476,2870,69,0,61411,2403,"Felsenfeste Freund<hex:02160103>schaft",0,0,0,0,0,0,0,0,0,0,0,0,0,0,0,0,0,0,0,0,0,0,0,0
3477,2873,69,0,61411,2406,"Wo das Herz zuhause ist",0,0,0,0,0,0,0,0,0,0,0,0,0,0,0,0,0,0,0,0,0,0,0,0
3478,2879,69,0,61411,2408,"Wo Zweibeiner einst jagten",0,0,0,0,0,0,0,0,0,0,0,0,0,0,0,0,0,0,0,0,0,0,0,0
3479,2860,69,0,61419,2407,"Ein gutherziger Händler",0,0,0,0,0,0,0,0,0,0,0,0,0,0,0,0,0,0,0,0,0,0,0,0
3480,2880,69,0,61419,2408,"Schemenhafte Erlösung",0,0,0,0,0,0,0,0,0,0,0,0,0,0,0,0,0,0,0,0,0,0,0,0
3481,2861,69,0,61411,2407,"Der verlorene Sohn",0,0,0,0,0,0,0,0,0,0,0,0,0,0,0,0,0,0,0,0,0,0,0,0
3482,2881,69,0,61419,2408,"Der Schatz vom Seldsee",0,0,0,0,0,0,0,0,0,0,0,0,0,0,0,0,0,0,0,0,0,0,0,0
3483,2862,69,0,61411,2407,"Erarts Spur",0,0,0,0,0,0,0,0,0,0,0,0,0,0,0,0,0,0,0,0,0,0,0,0
3484,2882,69,0,61411,2408,"Aus der Not geboren",0,0,0,0,0,0,0,0,0,0,0,0,0,0,0,0,0,0,0,0,0,0,0,0
3485,2863,69,0,61411,2407,"Ein Leben für die Freiheit",0,0,0,0,0,0,0,0,0,0,0,0,0,0,0,0,0,0,0,0,0,0,0,0
3486,2883,69,0,61419,2408,"Yabby-Dabby-Duu!",0,0,0,0,0,0,0,0,0,0,0,0,0,0,0,0,0,0,0,0,0,0,0,0
3487,2864,69,0,61411,2407,"Erarts Abschied",0,0,0,0,0,0,0,0,0,0,0,0,0,0,0,0,0,0,0,0,0,0,0,0
3488,2884,69,0,61411,2408,"Notruf von der Sudwacht",0,0,0,0,0,0,0,0,0,0,0,0,0,0,0,0,0,0,0,0,0,0,0,0
3489,2865,69,0,61411,2407,"Saat, die verbindet",0,0,0,0,0,0,0,0,0,0,0,0,0,0,0,0,0,0,0,0,0,0,0,0
3490,2866,69,0,61411,2407,"Blumen zum Geleit",0,0,0,0,0,0,0,0,0,0,0,0,0,0,0,0,0,0,0,0,0,0,0,0
3491,2867,69,0,61411,2407,"Erlösung von den Sünden",0,0,0,0,0,0,0,0,0,0,0,0,0,0,0,0,0,0,0,0,0,0,0,0
3492,2874,69,0,61411,2407,"Religiöse Unterdrückung",0,0,0,0,0,0,0,0,0,0,0,0,0,0,0,0,0,0,0,0,0,0,0,0
3493,2875,69,0,61411,2407,"Die Glitzerrückbeschaffung",0,0,0,0,0,0,0,0,0,0,0,0,0,0,0,0,0,0,0,0,0,0,0,0
3494,2876,69,0,61411,2407,"Zeit heilt alle Wunden",0,0,0,0,0,0,0,0,0,0,0,0,0,0,0,0,0,0,0,0,0,0,0,0
3495,2885,70,0,61411,2403,"Zwei Vorschläge",0,0,0,0,0,0,0,0,0,0,0,0,0,0,0,0,0,0,0,0,0,0,0,0
3496,2633,70,0,61419,2403,"Mit geschlossenen Fäusten",0,0,0,0,0,0,0,0,0,0,0,0,0,0,0,0,0,0,0,0,0,0,0,0
3497,3077,70,0,61419,2403,"Ätherische Anomalien",0,0,0,0,0,0,0,0,0,0,0,0,0,0,0,0,0,0,0,0,0,0,0,0
3498,3142,70,0,61419,2403,"Matsch, Modder und Malaisen",0,0,0,0,0,0,0,0,0,0,0,0,0,0,0,0,0,0,0,0,0,0,0,0
3499,2888,70,0,61411,2407,"Ankunft in der neuen Heimat",0,0,0,0,0,0,0,0,0,0,0,0,0,0,0,0,0,0,0,0,0,0,0,0
3500,2940,70,0,61419,2403,"Die Kreise der Klarheit",0,0,0,0,0,0,0,0,0,0,0,0,0,0,0,0,0,0,0,0,0,0,0,0
3501,2889,70,0,61411,2408,"Letzte Ehre für Wilred",0,0,0,0,0,0,0,0,0,0,0,0,0,0,0,0,0,0,0,0,0,0,0,0
3502,3030,70,0,61411,2403,"Aufblühender Salzgarten",0,0,0,0,0,0,0,0,0,0,0,0,0,0,0,0,0,0,0,0,0,0,0,0
3503,2922,61,0,61419,2409,"Wie ein Fischer im Wasser",0,0,0,0,0,0,0,0,0,0,0,0,0,0,0,0,0,0,0,0,0,0,0,0
3504,3140,62,0,61419,2409,"Wohlstand durch Handel",0,0,0,0,0,0,0,0,0,0,0,0,0,0,0,0,0,0,0,0,0,0,0,0
3505,2675,62,0,61411,2409,"Vorsicht, heiß und brockig!",0,0,0,0,0,0,0,0,0,0,0,0,0,0,0,0,0,0,0,0,0,0,0,0
3506,2674,62,0,61411,2409,"Rentnerauge, sei wachsam",0,0,0,0,0,0,0,0,0,0,0,0,0,0,0,0,0,0,0,0,0,0,0,0
3507,2673,62,0,61419,2409,"Ein Schmuggler im Netz",0,0,0,0,0,0,0,0,0,0,0,0,0,0,0,0,0,0,0,0,0,0,0,0
3508,2676,62,0,61411,2409,"Läuft fast wie geschmiert",0,0,0,0,0,0,0,0,0,0,0,0,0,0,0,0,0,0,0,0,0,0,0,0
3509,2677,62,0,61411,2409,"Wer hat Angst vorm hellen Licht?",0,0,0,0,0,0,0,0,0,0,0,0,0,0,0,0,0,0,0,0,0,0,0,0
3510,2678,62,0,61411,2409,"Halbe Portion, voller Einsatz",0,0,0,0,0,0,0,0,0,0,0,0,0,0,0,0,0,0,0,0,0,0,0,0
3511,2680,62,0,61411,2409,"Ein Beutel voller Beute",0,0,0,0,0,0,0,0,0,0,0,0,0,0,0,0,0,0,0,0,0,0,0,0
3512,2682,62,0,61411,2409,"Reglos am Strand",0,0,0,0,0,0,0,0,0,0,0,0,0,0,0,0,0,0,0,0,0,0,0,0
3513,2683,62,0,61411,2409,"Der Piratenmörder",0,0,0,0,0,0,0,0,0,0,0,0,0,0,0,0,0,0,0,0,0,0,0,0
3514,2684,62,0,61411,2409,"Schwerer Pirateneintopf",0,0,0,0,0,0,0,0,0,0,0,0,0,0,0,0,0,0,0,0,0,0,0,0
3515,2685,62,0,61411,2409,"Wild gewordene Piraten",0,0,0,0,0,0,0,0,0,0,0,0,0,0,0,0,0,0,0,0,0,0,0,0
3516,2686,62,0,61411,2409,"Falscher Alarm",0,0,0,0,0,0,0,0,0,0,0,0,0,0,0,0,0,0,0,0,0,0,0,0
3517,2687,62,0,61419,2409,"Ebbe in der Konföderationskasse",0,0,0,0,0,0,0,0,0,0,0,0,0,0,0,0,0,0,0,0,0,0,0,0
3518,2688,62,0,61411,2409,"Die Unterhandlung",0,0,0,0,0,0,0,0,0,0,0,0,0,0,0,0,0,0,0,0,0,0,0,0
3519,2689,62,0,61411,2409,"Der Beginn einer fruchtbaren Beziehung",0,0,0,0,0,0,0,0,0,0,0,0,0,0,0,0,0,0,0,0,0,0,0,0
3520,2690,62,0,61411,2409,"Gefangen in der Ver<hex:02160103>gangen<hex:02160103>heit",0,0,0,0,0,0,0,0,0,0,0,0,0,0,0,0,0,0,0,0,0,0,0,0
3521,2691,62,0,61411,2409,"Ein ehrwürdiger Panzer",0,0,0,0,0,0,0,0,0,0,0,0,0,0,0,0,0,0,0,0,0,0,0,0
3522,2692,62,0,61411,2409,"Der Star der Suppe",0,0,0,0,0,0,0,0,0,0,0,0,0,0,0,0,0,0,0,0,0,0,0,0
3523,2693,62,0,61419,2409,"Springendes Vorbild",0,0,0,0,0,0,0,0,0,0,0,0,0,0,0,0,0,0,0,0,0,0,0,0
3524,2694,62,0,61411,2409,"Stärkung mit Grenzen",0,0,0,0,0,0,0,0,0,0,0,0,0,0,0,0,0,0,0,0,0,0,0,0
3525,2695,62,0,61411,2409,"Stimmen im Wind",0,0,0,0,0,0,0,0,0,0,0,0,0,0,0,0,0,0,0,0,0,0,0,0
3526,2696,62,0,61411,2409,"Attacke auf einen Angler",0,0,0,0,0,0,0,0,0,0,0,0,0,0,0,0,0,0,0,0,0,0,0,0
3527,2697,63,0,61411,2409,"Schlemmerfilet mal anders",0,0,0,0,0,0,0,0,0,0,0,0,0,0,0,0,0,0,0,0,0,0,0,0
3528,2698,63,0,61411,2409,"Zwei kleine Streithähne",0,0,0,0,0,0,0,0,0,0,0,0,0,0,0,0,0,0,0,0,0,0,0,0
3529,2699,63,0,61411,2409,"Trinkwasseraufbereitung",0,0,0,0,0,0,0,0,0,0,0,0,0,0,0,0,0,0,0,0,0,0,0,0
3530,2700,63,0,61411,2409,"Freie Fahrt für freie Fische",0,0,0,0,0,0,0,0,0,0,0,0,0,0,0,0,0,0,0,0,0,0,0,0
3531,2701,63,0,61411,2409,"Algen für Sui no Sato",0,0,0,0,0,0,0,0,0,0,0,0,0,0,0,0,0,0,0,0,0,0,0,0
3532,2702,63,0,61411,2409,"Störenfriede in den Gärten",0,0,0,0,0,0,0,0,0,0,0,0,0,0,0,0,0,0,0,0,0,0,0,0
3533,2703,63,0,61411,2409,"Die fürsorgliche Tochter",0,0,0,0,0,0,0,0,0,0,0,0,0,0,0,0,0,0,0,0,0,0,0,0
3534,2632,63,0,61419,2409,"Eine Prinzessin in Not",0,0,0,0,0,0,0,0,0,0,0,0,0,0,0,0,0,0,0,0,0,0,0,0
3535,2704,63,0,61419,2409,"Das Geheimnis der Rubin<hex:02160103>prin<hex:02160103>zessin",0,0,0,0,0,0,0,0,0,0,0,0,0,0,0,0,0,0,0,0,0,0,0,0
3536,2705,63,0,61419,2409,"Der Fischer und die Prinzessin",0,0,0,0,0,0,0,0,0,0,0,0,0,0,0,0,0,0,0,0,0,0,0,0
3537,2706,63,0,61419,2409,"Die Jagd nach alten Schnecken",0,0,0,0,0,0,0,0,0,0,0,0,0,0,0,0,0,0,0,0,0,0,0,0
3538,2707,63,0,61419,2409,"Hisui und Kurenai",0,0,0,0,0,0,0,0,0,0,0,0,0,0,0,0,0,0,0,0,0,0,0,0
3539,2708,63,0,61411,2409,"Schätze des Meeres",0,0,0,0,0,0,0,0,0,0,0,0,0,0,0,0,0,0,0,0,0,0,0,0
3540,2711,63,0,61411,2409,"Schwert der Begierde",0,0,0,0,0,0,0,0,0,0,0,0,0,0,0,0,0,0,0,0,0,0,0,0
3541,2709,63,0,61411,2409,"Gassi schwimmen",0,0,0,0,0,0,0,0,0,0,0,0,0,0,0,0,0,0,0,0,0,0,0,0
3542,2710,63,0,61411,2409,"Gärtnerrochen",0,0,0,0,0,0,0,0,0,0,0,0,0,0,0,0,0,0,0,0,0,0,0,0
3543,2712,63,0,61411,2409,"Rochen gegen Schlangen",0,0,0,0,0,0,0,0,0,0,0,0,0,0,0,0,0,0,0,0,0,0,0,0
3544,2713,63,0,61411,2409,"Schwerter zu Angelruten",0,0,0,0,0,0,0,0,0,0,0,0,0,0,0,0,0,0,0,0,0,0,0,0
3545,2714,63,0,61411,2409,"Ein Sommernachtstraum",0,0,0,0,0,0,0,0,0,0,0,0,0,0,0,0,0,0,0,0,0,0,0,0
3546,2715,63,0,61411,2409,"Gesegnete Steine",0,0,0,0,0,0,0,0,0,0,0,0,0,0,0,0,0,0,0,0,0,0,0,0
3547,2716,63,0,61411,2409,"Ein herzhafter Eintopf",0,0,0,0,0,0,0,0,0,0,0,0,0,0,0,0,0,0,0,0,0,0,0,0
3548,2717,63,0,61411,2409,"Des einen Plunder ist des anderen Schatz",0,0,0,0,0,0,0,0,0,0,0,0,0,0,0,0,0,0,0,0,0,0,0,0
3549,2718,63,0,61411,2409,"Schwimmunterricht",0,0,0,0,0,0,0,0,0,0,0,0,0,0,0,0,0,0,0,0,0,0,0,0
3550,2719,63,0,61411,2409,"Gefährliches Fangglück",0,0,0,0,0,0,0,0,0,0,0,0,0,0,0,0,0,0,0,0,0,0,0,0
3551,2720,63,0,61411,2409,"Nayoshi lässt nicht los",0,0,0,0,0,0,0,0,0,0,0,0,0,0,0,0,0,0,0,0,0,0,0,0
3552,2721,63,0,61411,2409,"Schall und Rauch",0,0,0,0,0,0,0,0,0,0,0,0,0,0,0,0,0,0,0,0,0,0,0,0
3553,2722,63,0,61411,2409,"Eine Aufgabe für Nayoshi",0,0,0,0,0,0,0,0,0,0,0,0,0,0,0,0,0,0,0,0,0,0,0,0
3554,2723,63,0,61411,2409,"Die rote Gefahr",0,0,0,0,0,0,0,0,0,0,0,0,0,0,0,0,0,0,0,0,0,0,0,0
3555,2724,64,0,61419,2410,"Das etwas andere Parfüm",0,0,0,0,0,0,0,0,0,0,0,0,0,0,0,0,0,0,0,0,0,0,0,0
3556,2725,64,0,61411,2410,"Für eine Handvoll Steine",0,0,0,0,0,0,0,0,0,0,0,0,0,0,0,0,0,0,0,0,0,0,0,0
3557,2728,64,0,61419,2410,"Reisfeldpflege",0,0,0,0,0,0,0,0,0,0,0,0,0,0,0,0,0,0,0,0,0,0,0,0
3558,2729,64,0,61411,2410,"Großwieseljagd",0,0,0,0,0,0,0,0,0,0,0,0,0,0,0,0,0,0,0,0,0,0,0,0
3559,2731,64,0,61411,2410,"Schweinefraß",0,0,0,0,0,0,0,0,0,0,0,0,0,0,0,0,0,0,0,0,0,0,0,0
3560,2732,64,0,61411,2410,"Knurrender Wolfsmagen",0,0,0,0,0,0,0,0,0,0,0,0,0,0,0,0,0,0,0,0,0,0,0,0
3561,2733,64,0,61419,2410,"Pharmazeutennachwuchs",0,0,0,0,0,0,0,0,0,0,0,0,0,0,0,0,0,0,0,0,0,0,0,0
3562,2730,64,0,61419,2410,"Wandernde Wasserschlangen",0,0,0,0,0,0,0,0,0,0,0,0,0,0,0,0,0,0,0,0,0,0,0,0
3563,2726,64,0,61411,2410,"Fallensteller",0,0,0,0,0,0,0,0,0,0,0,0,0,0,0,0,0,0,0,0,0,0,0,0
3564,2727,64,0,61411,2410,"Namai-Postbote",0,0,0,0,0,0,0,0,0,0,0,0,0,0,0,0,0,0,0,0,0,0,0,0
3565,2735,64,0,61411,2410,"Eine Liebe in schweren Zeiten",0,0,0,0,0,0,0,0,0,0,0,0,0,0,0,0,0,0,0,0,0,0,0,0
3566,2736,64,0,61419,2410,"Ein Schaf im Wolfspelz",0,0,0,0,0,0,0,0,0,0,0,0,0,0,0,0,0,0,0,0,0,0,0,0
3567,2737,64,0,61419,2410,"Vom Kämpfer zum Träger",0,0,0,0,0,0,0,0,0,0,0,0,0,0,0,0,0,0,0,0,0,0,0,0
3568,2738,64,0,61419,2410,"Vom Träger zum Reisbauern",0,0,0,0,0,0,0,0,0,0,0,0,0,0,0,0,0,0,0,0,0,0,0,0
3569,2739,64,0,61419,2410,"Und auf den Feldern stinkt es doch",0,0,0,0,0,0,0,0,0,0,0,0,0,0,0,0,0,0,0,0,0,0,0,0
3570,2734,64,0,61419,2410,"Die Schönheit der Blüten",0,0,0,0,0,0,0,0,0,0,0,0,0,0,0,0,0,0,0,0,0,0,0,0
3571,2741,64,0,61411,2410,"Gefährlicher Tee",0,0,0,0,0,0,0,0,0,0,0,0,0,0,0,0,0,0,0,0,0,0,0,0
3572,2742,64,0,61411,2410,"Ein Glöckchen für Zivilcourage",0,0,0,0,0,0,0,0,0,0,0,0,0,0,0,0,0,0,0,0,0,0,0,0
3573,2743,64,0,61411,2410,"Fffimmbimmbimm!",0,0,0,0,0,0,0,0,0,0,0,0,0,0,0,0,0,0,0,0,0,0,0,0
3574,2744,64,0,61411,2410,"Die gestohlene Urne",0,0,0,0,0,0,0,0,0,0,0,0,0,0,0,0,0,0,0,0,0,0,0,0
3575,2745,64,0,61411,2410,"Kein lustiger Streich",0,0,0,0,0,0,0,0,0,0,0,0,0,0,0,0,0,0,0,0,0,0,0,0
3576,2746,64,0,61411,2410,"Feinfühlige Barteln",0,0,0,0,0,0,0,0,0,0,0,0,0,0,0,0,0,0,0,0,0,0,0,0
3577,2748,64,0,61419,2410,"Kleiner Händler ganz groß",0,0,0,0,0,0,0,0,0,0,0,0,0,0,0,0,0,0,0,0,0,0,0,0
3578,2749,64,0,61419,2410,"Blindgänger-Barteln",0,0,0,0,0,0,0,0,0,0,0,0,0,0,0,0,0,0,0,0,0,0,0,0
3579,2750,64,0,61419,2410,"Wer anderen eine Falle stellt ...",0,0,0,0,0,0,0,0,0,0,0,0,0,0,0,0,0,0,0,0,0,0,0,0
3580,2751,64,0,61419,2410,"Beharrlichkeit zahlt sich aus",0,0,0,0,0,0,0,0,0,0,0,0,0,0,0,0,0,0,0,0,0,0,0,0
3581,2747,64,0,61419,2410,"Ein fatales Miss<hex:02160103>ver<hex:02160103>ständ<hex:02160103>nis",0,0,0,0,0,0,0,0,0,0,0,0,0,0,0,0,0,0,0,0,0,0,0,0
3582,2740,64,0,61419,2410,"Waffen für Namai",0,0,0,0,0,0,0,0,0,0,0,0,0,0,0,0,0,0,0,0,0,0,0,0
3583,2752,65,0,61411,2411,"Freier Handel für alle",0,0,0,0,0,0,0,0,0,0,0,0,0,0,0,0,0,0,0,0,0,0,0,0
3584,2753,65,0,61411,2411,"Berechtigte Sorgen",0,0,0,0,0,0,0,0,0,0,0,0,0,0,0,0,0,0,0,0,0,0,0,0
3585,2754,65,0,61411,2411,"Alles hat seinen Preis",0,0,0,0,0,0,0,0,0,0,0,0,0,0,0,0,0,0,0,0,0,0,0,0
3586,2755,65,0,61411,2411,"Händler für einen Tag",0,0,0,0,0,0,0,0,0,0,0,0,0,0,0,0,0,0,0,0,0,0,0,0
3587,2756,65,0,61411,2411,"Fleischversorgung",0,0,0,0,0,0,0,0,0,0,0,0,0,0,0,0,0,0,0,0,0,0,0,0
3588,2757,65,0,61411,2411,"Trockenfische aus Isari",0,0,0,0,0,0,0,0,0,0,0,0,0,0,0,0,0,0,0,0,0,0,0,0
3589,2758,65,0,61419,2411,"Blühende Fantasie",0,0,0,0,0,0,0,0,0,0,0,0,0,0,0,0,0,0,0,0,0,0,0,0
3590,2759,65,0,61411,2411,"Kinder sind die besseren Erwachsenen",0,0,0,0,0,0,0,0,0,0,0,0,0,0,0,0,0,0,0,0,0,0,0,0
3591,2760,65,0,61419,2411,"Schweigen ist Gold",0,0,0,0,0,0,0,0,0,0,0,0,0,0,0,0,0,0,0,0,0,0,0,0
3592,2761,65,0,61411,2411,"Sprechende Taten",0,0,0,0,0,0,0,0,0,0,0,0,0,0,0,0,0,0,0,0,0,0,0,0
3593,2762,65,0,61411,2411,"Der Vorschlag der Gesi",0,0,0,0,0,0,0,0,0,0,0,0,0,0,0,0,0,0,0,0,0,0,0,0
3594,2763,65,0,61411,2411,"Stilles Vertrauen",0,0,0,0,0,0,0,0,0,0,0,0,0,0,0,0,0,0,0,0,0,0,0,0
3595,2764,65,0,61411,2411,"Zerbrochene Mitgift",0,0,0,0,0,0,0,0,0,0,0,0,0,0,0,0,0,0,0,0,0,0,0,0
3596,2765,65,0,61411,2411,"Der Knochenjob",0,0,0,0,0,0,0,0,0,0,0,0,0,0,0,0,0,0,0,0,0,0,0,0
3597,2766,65,0,61411,2411,"Gefährliches Orakel",0,0,0,0,0,0,0,0,0,0,0,0,0,0,0,0,0,0,0,0,0,0,0,0
3598,2767,65,0,61411,2411,"Göttlicher Käse",0,0,0,0,0,0,0,0,0,0,0,0,0,0,0,0,0,0,0,0,0,0,0,0
3599,2768,65,0,61411,2411,"Und es orakelt wieder",0,0,0,0,0,0,0,0,0,0,0,0,0,0,0,0,0,0,0,0,0,0,0,0
3600,2769,65,0,61411,2411,"Gute Wiederverwendung",0,0,0,0,0,0,0,0,0,0,0,0,0,0,0,0,0,0,0,0,0,0,0,0
3601,2770,65,0,61411,2411,"Erwartete Hilfe",0,0,0,0,0,0,0,0,0,0,0,0,0,0,0,0,0,0,0,0,0,0,0,0
3602,2771,65,0,61419,2411,"Schlaf schön, kleiner Ausreißer",0,0,0,0,0,0,0,0,0,0,0,0,0,0,0,0,0,0,0,0,0,0,0,0
3603,2772,65,0,61411,2411,"Stark, aber störrisch",0,0,0,0,0,0,0,0,0,0,0,0,0,0,0,0,0,0,0,0,0,0,0,0
3604,2773,65,0,61411,2411,"Im Kaufrausch",0,0,0,0,0,0,0,0,0,0,0,0,0,0,0,0,0,0,0,0,0,0,0,0
3605,2774,65,0,61411,2411,"Abakas Probe",0,0,0,0,0,0,0,0,0,0,0,0,0,0,0,0,0,0,0,0,0,0,0,0
3606,2775,65,0,61411,2411,"Ein warmes Willkommensgeschenk",0,0,0,0,0,0,0,0,0,0,0,0,0,0,0,0,0,0,0,0,0,0,0,0
3607,2776,65,0,61411,2411,"Azims Finger",0,0,0,0,0,0,0,0,0,0,0,0,0,0,0,0,0,0,0,0,0,0,0,0
3608,2777,65,0,61411,2411,"Starke Konkurrenz",0,0,0,0,0,0,0,0,0,0,0,0,0,0,0,0,0,0,0,0,0,0,0,0
3609,2778,65,0,61411,2411,"Im Schutz des Lichts",0,0,0,0,0,0,0,0,0,0,0,0,0,0,0,0,0,0,0,0,0,0,0,0
3610,2779,66,0,61411,2411,"Harte Männer und harte Panzer",0,0,0,0,0,0,0,0,0,0,0,0,0,0,0,0,0,0,0,0,0,0,0,0
3611,2780,66,0,61411,2411,"Das schönste Geschenk überhaupt",0,0,0,0,0,0,0,0,0,0,0,0,0,0,0,0,0,0,0,0,0,0,0,0
3612,2781,66,0,61411,2411,"Geschmeidige Kampfkunst",0,0,0,0,0,0,0,0,0,0,0,0,0,0,0,0,0,0,0,0,0,0,0,0
3613,2782,66,0,61419,2411,"Das schwarze Schaf",0,0,0,0,0,0,0,0,0,0,0,0,0,0,0,0,0,0,0,0,0,0,0,0
3614,2783,66,0,61411,2411,"Der mit dem Kochlöffel kämpft",0,0,0,0,0,0,0,0,0,0,0,0,0,0,0,0,0,0,0,0,0,0,0,0
3615,2784,66,0,61411,2411,"Der Junge mit dem guten Herz",0,0,0,0,0,0,0,0,0,0,0,0,0,0,0,0,0,0,0,0,0,0,0,0
3616,2785,66,0,61411,2411,"Selbstlos ist der wahrlich Starke",0,0,0,0,0,0,0,0,0,0,0,0,0,0,0,0,0,0,0,0,0,0,0,0
3617,2786,66,0,61411,2411,"Die wiedergeborene Güte",0,0,0,0,0,0,0,0,0,0,0,0,0,0,0,0,0,0,0,0,0,0,0,0
3618,2787,66,0,61411,2411,"Verschlagene Biester",0,0,0,0,0,0,0,0,0,0,0,0,0,0,0,0,0,0,0,0,0,0,0,0
3619,2788,66,0,61411,2411,"Die Prüfung der Dotharl",0,0,0,0,0,0,0,0,0,0,0,0,0,0,0,0,0,0,0,0,0,0,0,0
3620,2789,66,0,61411,2411,"Was unter dem Sand lauert",0,0,0,0,0,0,0,0,0,0,0,0,0,0,0,0,0,0,0,0,0,0,0,0
3621,2790,66,0,61411,2411,"Nhaamas ewige Umarmung",0,0,0,0,0,0,0,0,0,0,0,0,0,0,0,0,0,0,0,0,0,0,0,0
3622,2791,66,0,61419,2411,"Zweifelhafte Reinkarnation",0,0,0,0,0,0,0,0,0,0,0,0,0,0,0,0,0,0,0,0,0,0,0,0
3623,2792,66,0,61411,2411,"Nichts hinzugelernt",0,0,0,0,0,0,0,0,0,0,0,0,0,0,0,0,0,0,0,0,0,0,0,0
3624,2793,66,0,61411,2411,"Das Leid des jungen Mauci",0,0,0,0,0,0,0,0,0,0,0,0,0,0,0,0,0,0,0,0,0,0,0,0
3625,2794,66,0,61411,2411,"Die Wahrheit über Mauci",0,0,0,0,0,0,0,0,0,0,0,0,0,0,0,0,0,0,0,0,0,0,0,0
3626,2795,66,0,61411,2411,"Essen macht Freunde",0,0,0,0,0,0,0,0,0,0,0,0,0,0,0,0,0,0,0,0,0,0,0,0
3627,2796,66,0,61411,2411,"Die Verheißung",0,0,0,0,0,0,0,0,0,0,0,0,0,0,0,0,0,0,0,0,0,0,0,0
3628,2797,66,0,61411,2411,"Die Weisen der Ahnen",0,0,0,0,0,0,0,0,0,0,0,0,0,0,0,0,0,0,0,0,0,0,0,0
3629,2798,66,0,61411,2411,"Bescheidenheit ist eine Tugend",0,0,0,0,0,0,0,0,0,0,0,0,0,0,0,0,0,0,0,0,0,0,0,0
3630,2799,66,0,61411,2411,"Vor dem Sündenfall",0,0,0,0,0,0,0,0,0,0,0,0,0,0,0,0,0,0,0,0,0,0,0,0
3631,2800,66,0,61411,2411,"Die Götter wissen's",0,0,0,0,0,0,0,0,0,0,0,0,0,0,0,0,0,0,0,0,0,0,0,0
3632,2801,66,0,61411,2411,"Am Ende des Naadam",0,0,0,0,0,0,0,0,0,0,0,0,0,0,0,0,0,0,0,0,0,0,0,0
3633,2802,66,0,61411,2411,"Nestplünderung",0,0,0,0,0,0,0,0,0,0,0,0,0,0,0,0,0,0,0,0,0,0,0,0
3634,2803,66,0,61411,2411,"Verborgene Kräfte",0,0,0,0,0,0,0,0,0,0,0,0,0,0,0,0,0,0,0,0,0,0,0,0
3635,2804,67,0,61411,2410,"Unverzichtbare Informanten",0,0,0,0,0,0,0,0,0,0,0,0,0,0,0,0,0,0,0,0,0,0,0,0
3636,2805,67,0,61411,2410,"Die Regenbogen-Legende",0,0,0,0,0,0,0,0,0,0,0,0,0,0,0,0,0,0,0,0,0,0,0,0
3637,2806,67,0,61411,2410,"Ein goldener Talisman",0,0,0,0,0,0,0,0,0,0,0,0,0,0,0,0,0,0,0,0,0,0,0,0
3638,2807,67,0,61411,2410,"Wiedererweckter Kampfgeist",0,0,0,0,0,0,0,0,0,0,0,0,0,0,0,0,0,0,0,0,0,0,0,0
3639,2808,67,0,61411,2410,"Spaziergang mit Wein",0,0,0,0,0,0,0,0,0,0,0,0,0,0,0,0,0,0,0,0,0,0,0,0
3640,2809,67,0,61411,2410,"Bewahrung des Wissens",0,0,0,0,0,0,0,0,0,0,0,0,0,0,0,0,0,0,0,0,0,0,0,0
3641,2810,67,0,61411,2410,"Die Leiden eines Vaters",0,0,0,0,0,0,0,0,0,0,0,0,0,0,0,0,0,0,0,0,0,0,0,0
3642,2811,67,0,61411,2410,"Spion der Lüfte",0,0,0,0,0,0,0,0,0,0,0,0,0,0,0,0,0,0,0,0,0,0,0,0
3643,3200,1,0,61411,2404,"Am Ende der Einsamkeit",0,0,0,0,0,0,0,0,0,0,0,0,0,0,0,0,0,0,0,0,0,0,0,0
3644,3139,62,0,61419,2404,"Sui no Sato im Wandel",0,0,0,0,0,0,0,0,0,0,0,0,0,0,0,0,0,0,0,0,0,0,0,0
3645,2631,61,0,61419,2404,"Sehnsucht Shirogane",1595,0,0,0,0,0,0,0,0,0,0,0,0,0,0,0,0,0,0,0,0,0,0,0
3646,2665,61,0,61411,2404,"Handwerkskunst in Kugane",0,0,0,0,0,0,0,0,0,0,0,0,0,0,0,0,0,0,0,0,0,0,0,0
3647,2666,61,0,61411,2404,"In Reiswein baden",0,0,0,0,0,0,0,0,0,0,0,0,0,0,0,0,0,0,0,0,0,0,0,0
3648,2667,61,0,61411,2404,"Zu schüchtern für die Arbeitswelt",0,0,0,0,0,0,0,0,0,0,0,0,0,0,0,0,0,0,0,0,0,0,0,0
3649,2668,61,0,61411,2404,"Blick auf die Familiengeschichte",0,0,0,0,0,0,0,0,0,0,0,0,0,0,0,0,0,0,0,0,0,0,0,0
3650,2669,61,0,61411,2404,"Ärger am Umineko-Teehaus",0,0,0,0,0,0,0,0,0,0,0,0,0,0,0,0,0,0,0,0,0,0,0,0
3651,2670,61,0,61411,2404,"Entlaufene kleine Pandas",0,0,0,0,0,0,0,0,0,0,0,0,0,0,0,0,0,0,0,0,0,0,0,0
3652,2671,61,0,61411,2404,"Eine unheilbare Krankheit",0,0,0,0,0,0,0,0,0,0,0,0,0,0,0,0,0,0,0,0,0,0,0,0
3653,2672,61,0,61411,2404,"Heißes Quellwasser für die Garlear",0,0,0,0,0,0,0,0,0,0,0,0,0,0,0,0,0,0,0,0,0,0,0,0
3654,2812,67,0,61411,2404,"Die Frau seiner Träume",0,0,0,0,0,0,0,0,0,0,0,0,0,0,0,0,0,0,0,0,0,0,0,0
3655,2813,67,0,61411,2404,"Früh übt sich",0,0,0,0,0,0,0,0,0,0,0,0,0,0,0,0,0,0,0,0,0,0,0,0
3656,2814,67,0,61411,2404,"In letzter Sekunde",0,0,0,0,0,0,0,0,0,0,0,0,0,0,0,0,0,0,0,0,0,0,0,0
3657,2815,67,0,61411,2404,"Das Arbeitstier",0,0,0,0,0,0,0,0,0,0,0,0,0,0,0,0,0,0,0,0,0,0,0,0
3658,2936,61,0,61419,2404,"Hohe Jagd im Osten 1",0,0,0,0,0,0,0,0,0,0,0,0,0,0,0,0,0,0,0,0,0,0,0,0
3659,2937,63,0,61419,2404,"Hohe Jagd im Osten 2",0,0,0,0,0,0,0,0,0,0,0,0,0,0,0,0,0,0,0,0,0,0,0,0
3660,2938,66,0,61419,2404,"Hohe Jagd im Osten 3",0,0,0,0,0,0,0,0,0,0,0,0,0,0,0,0,0,0,0,0,0,0,0,0
3661,2939,70,0,61419,2404,"Hochwild im Osten",0,0,0,0,0,0,0,0,0,0,0,0,0,0,0,0,0,0,0,0,0,0,0,0
3662,2634,70,0,61419,2404,"Weltoffenes Kugane",0,0,0,0,0,0,0,0,0,0,0,0,0,0,0,0,0,0,0,0,0,0,0,0
3663,3343,70,0,61411,2951," Hilfe für die Helfenden",0,0,0,0,0,0,0,0,0,0,0,0,0,0,0,0,0,0,0,0,0,0,0,0
3664,3344,70,0,61411,2951," Eine Stadt namens Crystarium",0,0,0,0,0,0,0,0,0,0,0,0,0,0,0,0,0,0,0,0,0,0,0,0
3665,3345,70,0,61411,2951," Eine Flasche voll Mut",0,0,0,0,0,0,0,0,0,0,0,0,0,0,0,0,0,0,0,0,0,0,0,0
3666,3346,70,0,61411,2951," Die Leiden des jungen Falknergesellen",0,0,0,0,0,0,0,0,0,0,0,0,0,0,0,0,0,0,0,0,0,0,0,0
3667,3347,70,0,61411,2951," Die Wissbegier der Jugend",0,0,0,0,0,0,0,0,0,0,0,0,0,0,0,0,0,0,0,0,0,0,0,0
3668,3348,70,0,61411,2951," Rüstungsmoden",0,0,0,0,0,0,0,0,0,0,0,0,0,0,0,0,0,0,0,0,0,0,0,0
3669,3379,70,0,61411,2951," Das verlorene Andenken",0,0,0,0,0,0,0,0,0,0,0,0,0,0,0,0,0,0,0,0,0,0,0,0
3670,3380,70,0,61419,2951," Kleine Geste, große Freude",0,0,0,0,0,0,0,0,0,0,0,0,0,0,0,0,0,0,0,0,0,0,0,0
3671,3381,70,0,61411,2953," Hoffnung für Holminster",0,0,0,0,0,0,0,0,0,0,0,0,0,0,0,0,0,0,0,0,0,0,0,0
3672,3382,70,0,61411,2953," Amaro auf Abwegen",0,0,0,0,0,0,0,0,0,0,0,0,0,0,0,0,0,0,0,0,0,0,0,0
3673,3383,70,0,61411,2953," Ein Treffen mit Triffiden",0,0,0,0,0,0,0,0,0,0,0,0,0,0,0,0,0,0,0,0,0,0,0,0
3674,3384,70,0,61419,2953," Mit Mörtel verputzen auf Ostalls Befehl",0,0,0,0,0,0,0,0,0,0,0,0,0,0,0,0,0,0,0,0,0,0,0,0
3675,3385,70,0,61419,2953," Ein Amaro rettet den Tag",0,0,0,0,0,0,0,0,0,0,0,0,0,0,0,0,0,0,0,0,0,0,0,0
3676,3386,70,0,61419,2953," Wie bestellt",0,0,0,0,0,0,0,0,0,0,0,0,0,0,0,0,0,0,0,0,0,0,0,0
3677,3387,70,0,61411,2953," So geliefert",0,0,0,0,0,0,0,0,0,0,0,0,0,0,0,0,0,0,0,0,0,0,0,0
3678,3388,70,0,61411,2953," Samenhafte Anemonen",0,0,0,0,0,0,0,0,0,0,0,0,0,0,0,0,0,0,0,0,0,0,0,0
3679,3389,70,0,61411,2953," Nachtgedanken",0,0,0,0,0,0,0,0,0,0,0,0,0,0,0,0,0,0,0,0,0,0,0,0
3680,3390,70,0,61411,2953," Schlage die Räuber mit den eigenen Waffen",0,0,0,0,0,0,0,0,0,0,0,0,0,0,0,0,0,0,0,0,0,0,0,0
3681,3391,70,0,61411,2953," Baden gehen in Klarschmelze",0,0,0,0,0,0,0,0,0,0,0,0,0,0,0,0,0,0,0,0,0,0,0,0
3682,3435,70,0,61411,2953," Eine monumentale Burg",0,0,0,0,0,0,0,0,0,0,0,0,0,0,0,0,0,0,0,0,0,0,0,0
3683,4715,80,0,61419,2951,"Etwas grummelt im Gras",0,0,0,0,0,0,0,0,0,0,0,0,0,0,0,0,0,0,0,0,0,0,0,0
3684,3436,70,0,61411,2953," Nicht verdaut - nicht verloren",0,0,0,0,0,0,0,0,0,0,0,0,0,0,0,0,0,0,0,0,0,0,0,0
3685,3437,70,0,61411,2953," Schandmäuler auf dem Friedhof",0,0,0,0,0,0,0,0,0,0,0,0,0,0,0,0,0,0,0,0,0,0,0,0
3686,3456,70,0,61411,2953," Ein tragischer Verlust",0,0,0,0,0,0,0,0,0,0,0,0,0,0,0,0,0,0,0,0,0,0,0,0
3687,3457,70,0,61411,2953," Das neue Heim der Entwurzelten",0,0,0,0,0,0,0,0,0,0,0,0,0,0,0,0,0,0,0,0,0,0,0,0
3688,3458,70,0,61411,2953," Das rettende Rezept",0,0,0,0,0,0,0,0,0,0,0,0,0,0,0,0,0,0,0,0,0,0,0,0
3689,3459,70,0,61411,2953," Vererbte Fürsorge",0,0,0,0,0,0,0,0,0,0,0,0,0,0,0,0,0,0,0,0,0,0,0,0
3690,3533,70,0,61411,2951," Narben des Krieges",0,0,0,0,0,0,0,0,0,0,0,0,0,0,0,0,0,0,0,0,0,0,0,0
3691,3534,70,0,61411,2953," Selbstvorwürfe lasten schwer",0,0,0,0,0,0,0,0,0,0,0,0,0,0,0,0,0,0,0,0,0,0,0,0
3692,3535,70,0,61411,2953," Wie weggewaschen",0,0,0,0,0,0,0,0,0,0,0,0,0,0,0,0,0,0,0,0,0,0,0,0
3693,3536,70,0,61411,2953," Freund<hex:02160103>schaft als Therapie",0,0,0,0,0,0,0,0,0,0,0,0,0,0,0,0,0,0,0,0,0,0,0,0
3694,3515,70,0,61411,2953," Auf Patrouille",0,0,0,0,0,0,0,0,0,0,0,0,0,0,0,0,0,0,0,0,0,0,0,0
3695,3564,70,0,61411,2951," Geschenke, die von Herzen kommen",0,0,0,0,0,0,0,0,0,0,0,0,0,0,0,0,0,0,0,0,0,0,0,0
3696,3565,70,0,61411,2951," Ein Tonikum zum Speien",0,0,0,0,0,0,0,0,0,0,0,0,0,0,0,0,0,0,0,0,0,0,0,0
3697,3566,70,0,61411,2951," Der Segen für ein neues Leben",0,0,0,0,0,0,0,0,0,0,0,0,0,0,0,0,0,0,0,0,0,0,0,0
3698,3567,70,0,61411,2951," Eine Scheibe Mut für den Rekrut",0,0,0,0,0,0,0,0,0,0,0,0,0,0,0,0,0,0,0,0,0,0,0,0
3699,3568,70,0,61411,2951," Von der Schönheit der Nacht",0,0,0,0,0,0,0,0,0,0,0,0,0,0,0,0,0,0,0,0,0,0,0,0
3700,3569,70,0,61411,2953," Auf gefährlicher Forschungsmission",0,0,0,0,0,0,0,0,0,0,0,0,0,0,0,0,0,0,0,0,0,0,0,0
3701,3570,70,0,61411,2953," Knastbruder",0,0,0,0,0,0,0,0,0,0,0,0,0,0,0,0,0,0,0,0,0,0,0,0
3702,3571,70,0,61411,2953," Dörrfisch zum Dank",0,0,0,0,0,0,0,0,0,0,0,0,0,0,0,0,0,0,0,0,0,0,0,0
3703,3572,70,0,61411,2953," Jäger des vergessenen Schatzes",0,0,0,0,0,0,0,0,0,0,0,0,0,0,0,0,0,0,0,0,0,0,0,0
3704,3573,70,0,61411,2953," Ein aufgegebener Traum",0,0,0,0,0,0,0,0,0,0,0,0,0,0,0,0,0,0,0,0,0,0,0,0
3705,3574,70,0,61411,2953," Glibberige Geschäfte",0,0,0,0,0,0,0,0,0,0,0,0,0,0,0,0,0,0,0,0,0,0,0,0
3706,3575,70,0,61411,2953," Der kleine Mann und die Harpune",0,0,0,0,0,0,0,0,0,0,0,0,0,0,0,0,0,0,0,0,0,0,0,0
3707,3597,70,0,61419,2951,"Clan Kupo bläst zur Jagd 1",0,0,0,0,0,0,0,0,0,0,0,0,0,0,0,0,0,0,0,0,0,0,0,0
3708,3598,73,0,61419,2951,"Clan Kupo bläst zur Jagd 2",0,0,0,0,0,0,0,0,0,0,0,0,0,0,0,0,0,0,0,0,0,0,0,0
3709,3599,76,0,61419,2951,"Clan Kupo bläst zur Jagd 3",0,0,0,0,0,0,0,0,0,0,0,0,0,0,0,0,0,0,0,0,0,0,0,0
3710,3600,80,0,61419,2951,"Clan Kupo bläst zur Hochwildjagd",0,0,0,0,0,0,0,0,0,0,0,0,0,0,0,0,0,0,0,0,0,0,0,0
3711,3595,80,0,61419,2951,"Eine Nachricht aus der Zukunft",0,0,0,0,0,0,0,0,0,0,0,0,0,0,0,0,0,0,0,0,0,0,0,0
3712,3349,70,0,61411,2954," Habseligkeiten eines Schiffbrüchigen",0,0,0,0,0,0,0,0,0,0,0,0,0,0,0,0,0,0,0,0,0,0,0,0
3713,3350,70,0,61411,2954," Hungerleider",0,0,0,0,0,0,0,0,0,0,0,0,0,0,0,0,0,0,0,0,0,0,0,0
3714,3351,70,0,61411,2954," Das muss Liebe sein",0,0,0,0,0,0,0,0,0,0,0,0,0,0,0,0,0,0,0,0,0,0,0,0
3715,3352,70,0,61411,2954," Gier nach Fleisch",0,0,0,0,0,0,0,0,0,0,0,0,0,0,0,0,0,0,0,0,0,0,0,0
3716,3353,70,0,61411,2954," Duft gegen Gestank",0,0,0,0,0,0,0,0,0,0,0,0,0,0,0,0,0,0,0,0,0,0,0,0
3717,3354,70,0,61411,2954," Heilmittel gegen das Elend",0,0,0,0,0,0,0,0,0,0,0,0,0,0,0,0,0,0,0,0,0,0,0,0
3718,3355,70,0,61411,2954," Ich will doch nur singen",0,0,0,0,0,0,0,0,0,0,0,0,0,0,0,0,0,0,0,0,0,0,0,0
3719,3356,70,0,61411,2954," Der Ruf der Meerhexe",0,0,0,0,0,0,0,0,0,0,0,0,0,0,0,0,0,0,0,0,0,0,0,0
3720,3357,70,0,61411,2954," Bestrafung der Verbannten",0,0,0,0,0,0,0,0,0,0,0,0,0,0,0,0,0,0,0,0,0,0,0,0
3721,3358,70,0,61411,2954," Brückenspuk",0,0,0,0,0,0,0,0,0,0,0,0,0,0,0,0,0,0,0,0,0,0,0,0
3722,3359,70,0,61411,2954," Werfting-Bräu",0,0,0,0,0,0,0,0,0,0,0,0,0,0,0,0,0,0,0,0,0,0,0,0
3723,3371,70,0,61419,2954," Ein Dorf in Not",0,0,0,0,0,0,0,0,0,0,0,0,0,0,0,0,0,0,0,0,0,0,0,0
3724,3372,70,0,61419,2954," Vermisster Talos",0,0,0,0,0,0,0,0,0,0,0,0,0,0,0,0,0,0,0,0,0,0,0,0
3725,3373,70,0,61419,2954," Das Kap der Blumen",0,0,0,0,0,0,0,0,0,0,0,0,0,0,0,0,0,0,0,0,0,0,0,0
3726,3374,70,0,61419,2954," Das Feld der Hoffnung",0,0,0,0,0,0,0,0,0,0,0,0,0,0,0,0,0,0,0,0,0,0,0,0
3727,3360,70,0,61419,2954," Der Schiffsbauer, der das Schiff zerlegt",0,0,0,0,0,0,0,0,0,0,0,0,0,0,0,0,0,0,0,0,0,0,0,0
3728,3516,70,0,61411,2952," Herzschmerz im Bienenstock",0,0,0,0,0,0,0,0,0,0,0,0,0,0,0,0,0,0,0,0,0,0,0,0
3729,3517,70,0,61411,2952," Nicht ohne meine Biene",0,0,0,0,0,0,0,0,0,0,0,0,0,0,0,0,0,0,0,0,0,0,0,0
3730,3518,70,0,61411,2952," Der Bedarf von Wrackstadt",0,0,0,0,0,0,0,0,0,0,0,0,0,0,0,0,0,0,0,0,0,0,0,0
3731,3519,70,0,61411,2952," Vom Winde verwehte Reue",0,0,0,0,0,0,0,0,0,0,0,0,0,0,0,0,0,0,0,0,0,0,0,0
3732,3520,70,0,61411,2952," Was möchtet ihr gerne essen?",0,0,0,0,0,0,0,0,0,0,0,0,0,0,0,0,0,0,0,0,0,0,0,0
3733,3521,70,0,61411,2952," Undank ist der Treue Lohn",0,0,0,0,0,0,0,0,0,0,0,0,0,0,0,0,0,0,0,0,0,0,0,0
3734,3522,70,0,61411,2952," Die Kinder von Wrackstadt",0,0,0,0,0,0,0,0,0,0,0,0,0,0,0,0,0,0,0,0,0,0,0,0
3735,3523,70,0,61411,2952," Überreste der Seefahrt",0,0,0,0,0,0,0,0,0,0,0,0,0,0,0,0,0,0,0,0,0,0,0,0
3736,3524,70,0,61411,2952," Gebet den Armen",0,0,0,0,0,0,0,0,0,0,0,0,0,0,0,0,0,0,0,0,0,0,0,0
3737,3544,70,0,61411,2954," Saat der Hoffnung auf kargem Boden",0,0,0,0,0,0,0,0,0,0,0,0,0,0,0,0,0,0,0,0,0,0,0,0
3738,3729,70,0,61419,2952,"Bangen um den Bienenstock",0,0,0,0,0,0,0,0,0,0,0,0,0,0,0,0,0,0,0,0,0,0,0,0
3739,3730,70,0,61419,2952,"Luftschiffutopien",0,0,0,0,0,0,0,0,0,0,0,0,0,0,0,0,0,0,0,0,0,0,0,0
3740,3731,70,0,61419,2952,"Jungfernflug gefällig?",0,0,0,0,0,0,0,0,0,0,0,0,0,0,0,0,0,0,0,0,0,0,0,0
3741,3545,70,0,61411,2954," Die vermisste Elfe",0,0,0,0,0,0,0,0,0,0,0,0,0,0,0,0,0,0,0,0,0,0,0,0
3742,3543,70,0,61411,2954," Handel auf Vorrat",0,0,0,0,0,0,0,0,0,0,0,0,0,0,0,0,0,0,0,0,0,0,0,0
3743,3538,70,0,61411,2954," Klein und frech",0,0,0,0,0,0,0,0,0,0,0,0,0,0,0,0,0,0,0,0,0,0,0,0
3744,3540,70,0,61411,2954," Bauen im Hochland",0,0,0,0,0,0,0,0,0,0,0,0,0,0,0,0,0,0,0,0,0,0,0,0
3745,3542,70,0,61411,2954," Geflügelte Lanzen",0,0,0,0,0,0,0,0,0,0,0,0,0,0,0,0,0,0,0,0,0,0,0,0
3746,3537,70,0,61419,2954," Die Geflüchteten",0,0,0,0,0,0,0,0,0,0,0,0,0,0,0,0,0,0,0,0,0,0,0,0
3747,3541,70,0,61411,2954," Die Geläuterte",0,0,0,0,0,0,0,0,0,0,0,0,0,0,0,0,0,0,0,0,0,0,0,0
3748,3539,70,0,61411,2954," Kühl, aber weg ",0,0,0,0,0,0,0,0,0,0,0,0,0,0,0,0,0,0,0,0,0,0,0,0
3749,3546,70,0,61411,2954," Rocky & Schlitzohr - Eine steinige Freund<hex:02160103>schaft",0,0,0,0,0,0,0,0,0,0,0,0,0,0,0,0,0,0,0,0,0,0,0,0
3750,3547,70,0,61411,2954," Drollige Delikatessen",0,0,0,0,0,0,0,0,0,0,0,0,0,0,0,0,0,0,0,0,0,0,0,0
3751,3548,70,0,61411,2954," Ein Experiment mit Deppen",0,0,0,0,0,0,0,0,0,0,0,0,0,0,0,0,0,0,0,0,0,0,0,0
3752,3549,70,0,61411,2954," Explosive Eskapaden",0,0,0,0,0,0,0,0,0,0,0,0,0,0,0,0,0,0,0,0,0,0,0,0
3753,3550,70,0,61411,2954," Marionettenliebe rostet nicht",0,0,0,0,0,0,0,0,0,0,0,0,0,0,0,0,0,0,0,0,0,0,0,0
3754,3551,70,0,61411,2954," Wenn es mal wieder juckt",0,0,0,0,0,0,0,0,0,0,0,0,0,0,0,0,0,0,0,0,0,0,0,0
3755,3552,70,0,61411,2954," Ein kleines Herz und die große Liebe",0,0,0,0,0,0,0,0,0,0,0,0,0,0,0,0,0,0,0,0,0,0,0,0
3756,3553,70,0,61411,2954," Plagegeister",0,0,0,0,0,0,0,0,0,0,0,0,0,0,0,0,0,0,0,0,0,0,0,0
3757,3554,70,0,61411,2954," Skandal im Zwergendorf",0,0,0,0,0,0,0,0,0,0,0,0,0,0,0,0,0,0,0,0,0,0,0,0
3758,3555,70,0,61411,2954," Opfergabe nach Zwergenart",0,0,0,0,0,0,0,0,0,0,0,0,0,0,0,0,0,0,0,0,0,0,0,0
3759,3561,70,0,61411,2954," Zwergenbräu I",0,0,0,0,0,0,0,0,0,0,0,0,0,0,0,0,0,0,0,0,0,0,0,0
3760,3562,70,0,61411,2954," Zwergenbräu II",0,0,0,0,0,0,0,0,0,0,0,0,0,0,0,0,0,0,0,0,0,0,0,0
3761,3563,70,0,61411,2954," Zwergenbräu III",0,0,0,0,0,0,0,0,0,0,0,0,0,0,0,0,0,0,0,0,0,0,0,0
3762,3556,70,0,61419,2954," Ein hammerharter Zwerg",0,0,0,0,0,0,0,0,0,0,0,0,0,0,0,0,0,0,0,0,0,0,0,0
3763,3557,70,0,61419,2954," Freund<hex:02160103>schaftsbande",0,0,0,0,0,0,0,0,0,0,0,0,0,0,0,0,0,0,0,0,0,0,0,0
3764,3558,70,0,61419,2954," Grüßen will gelernt sein",0,0,0,0,0,0,0,0,0,0,0,0,0,0,0,0,0,0,0,0,0,0,0,0
3765,3559,70,0,61419,2954," Holladrio!!!",0,0,0,0,0,0,0,0,0,0,0,0,0,0,0,0,0,0,0,0,0,0,0,0
3766,3560,70,0,61419,2954," Ronitts Meisterleistung",0,0,0,0,0,0,0,0,0,0,0,0,0,0,0,0,0,0,0,0,0,0,0,0
3767,3601,80,0,61419,2952,"Gut trainiert ist halb gewonnen",0,0,0,0,0,0,0,0,0,0,0,0,0,0,0,0,0,0,0,0,0,0,0,0
3768,3596,80,0,61419,2952,"Akadaemia des Schreckens",0,0,0,0,0,0,0,0,0,0,0,0,0,0,0,0,0,0,0,0,0,0,0,0
3769,3361,70,0,61411,2955," Wurmfutter",0,0,0,0,0,0,0,0,0,0,0,0,0,0,0,0,0,0,0,0,0,0,0,0
3770,3362,70,0,61411,2955," Der Saftigste von allen",0,0,0,0,0,0,0,0,0,0,0,0,0,0,0,0,0,0,0,0,0,0,0,0
3771,3363,70,0,61411,2955," Verhätschelter Mordh",0,0,0,0,0,0,0,0,0,0,0,0,0,0,0,0,0,0,0,0,0,0,0,0
3772,3364,70,0,61411,2955," Glitzernde Geschenke",0,0,0,0,0,0,0,0,0,0,0,0,0,0,0,0,0,0,0,0,0,0,0,0
3773,3365,70,0,61411,2955," Mutprobe der Mordh",0,0,0,0,0,0,0,0,0,0,0,0,0,0,0,0,0,0,0,0,0,0,0,0
3774,3366,70,0,61411,2955," Aushilfe gesucht!",0,0,0,0,0,0,0,0,0,0,0,0,0,0,0,0,0,0,0,0,0,0,0,0
3775,3367,70,0,61411,2955," O'zapft is",0,0,0,0,0,0,0,0,0,0,0,0,0,0,0,0,0,0,0,0,0,0,0,0
3776,3368,70,0,61411,2955," Volles Rohr",0,0,0,0,0,0,0,0,0,0,0,0,0,0,0,0,0,0,0,0,0,0,0,0
3777,3369,70,0,61411,2955," Ruhstatt oder Reise",0,0,0,0,0,0,0,0,0,0,0,0,0,0,0,0,0,0,0,0,0,0,0,0
3778,3370,70,0,61411,2955," Schwer verspätet",0,0,0,0,0,0,0,0,0,0,0,0,0,0,0,0,0,0,0,0,0,0,0,0
3779,3375,70,0,61419,2955," Kleiner Mordh, großer Eifer",0,0,0,0,0,0,0,0,0,0,0,0,0,0,0,0,0,0,0,0,0,0,0,0
3780,3376,70,0,61411,2955," Sandige Schätze",0,0,0,0,0,0,0,0,0,0,0,0,0,0,0,0,0,0,0,0,0,0,0,0
3781,3377,70,0,61411,2955," Von Mordh und Münzen",0,0,0,0,0,0,0,0,0,0,0,0,0,0,0,0,0,0,0,0,0,0,0,0
3782,3378,70,0,61411,2955," Bei allen guten Geistern",0,0,0,0,0,0,0,0,0,0,0,0,0,0,0,0,0,0,0,0,0,0,0,0
3783,3486,70,0,61411,2955," Stinkepulver gegen unliebsame Besucher",0,0,0,0,0,0,0,0,0,0,0,0,0,0,0,0,0,0,0,0,0,0,0,0
3784,3487,70,0,61411,2955," Gefährliche Krauternte",0,0,0,0,0,0,0,0,0,0,0,0,0,0,0,0,0,0,0,0,0,0,0,0
3785,3488,70,0,61411,2955," Durstiger Tollpatsch",0,0,0,0,0,0,0,0,0,0,0,0,0,0,0,0,0,0,0,0,0,0,0,0
3786,3489,70,0,61411,2955," Vergrabene Hin<hex:02160103>ter<hex:02160103>lass<hex:02160103>en<hex:02160103>schaf<hex:02160103>ten",0,0,0,0,0,0,0,0,0,0,0,0,0,0,0,0,0,0,0,0,0,0,0,0
3787,3490,70,0,61411,2955," Sternenstein",0,0,0,0,0,0,0,0,0,0,0,0,0,0,0,0,0,0,0,0,0,0,0,0
3788,3491,70,0,61411,2955," Verwilderte Echse",0,0,0,0,0,0,0,0,0,0,0,0,0,0,0,0,0,0,0,0,0,0,0,0
3789,3492,70,0,61411,2955," Zeit für Feierabend",0,0,0,0,0,0,0,0,0,0,0,0,0,0,0,0,0,0,0,0,0,0,0,0
3790,3493,70,0,61411,2955," Eine Lüge wird wahr",0,0,0,0,0,0,0,0,0,0,0,0,0,0,0,0,0,0,0,0,0,0,0,0
3791,3494,70,0,61411,2955," Wirkungsvoller Kaktor",0,0,0,0,0,0,0,0,0,0,0,0,0,0,0,0,0,0,0,0,0,0,0,0
3792,3495,70,0,61411,2955," Halb blind, aber nicht aussichtslos",0,0,0,0,0,0,0,0,0,0,0,0,0,0,0,0,0,0,0,0,0,0,0,0
3793,3496,70,0,61411,2955," Lebenswichtige Bestellung",0,0,0,0,0,0,0,0,0,0,0,0,0,0,0,0,0,0,0,0,0,0,0,0
3794,3497,70,0,61411,2955," Ein Stein für die Zeche",0,0,0,0,0,0,0,0,0,0,0,0,0,0,0,0,0,0,0,0,0,0,0,0
3795,3498,70,0,61411,2955," Mullfett für das Windrad",0,0,0,0,0,0,0,0,0,0,0,0,0,0,0,0,0,0,0,0,0,0,0,0
3796,3499,70,0,61411,2955," Die Brüder an der Biran-Mine",0,0,0,0,0,0,0,0,0,0,0,0,0,0,0,0,0,0,0,0,0,0,0,0
3797,3500,70,0,61411,2955," Bauholz aus der Biran-Mine",0,0,0,0,0,0,0,0,0,0,0,0,0,0,0,0,0,0,0,0,0,0,0,0
3798,3501,70,0,61411,2955," Totenandacht auf der Bahnbrücke",0,0,0,0,0,0,0,0,0,0,0,0,0,0,0,0,0,0,0,0,0,0,0,0
3799,3502,70,0,61411,2955," Ruinen des Lichts",0,0,0,0,0,0,0,0,0,0,0,0,0,0,0,0,0,0,0,0,0,0,0,0
3800,3503,70,0,61419,2955," Rettung der Schatz<hex:02160103>sucher",0,0,0,0,0,0,0,0,0,0,0,0,0,0,0,0,0,0,0,0,0,0,0,0
3801,3504,70,0,61411,2955," Schätze der Schatz<hex:02160103>sucher",0,0,0,0,0,0,0,0,0,0,0,0,0,0,0,0,0,0,0,0,0,0,0,0
3802,3505,70,0,61411,2955," Heilung der Schatz<hex:02160103>sucher",0,0,0,0,0,0,0,0,0,0,0,0,0,0,0,0,0,0,0,0,0,0,0,0
3803,3506,70,0,61411,2955," Besorgst du mir ein Ei?",0,0,0,0,0,0,0,0,0,0,0,0,0,0,0,0,0,0,0,0,0,0,0,0
3804,3507,70,0,61411,2955," Rächst du meinen Bruder?",0,0,0,0,0,0,0,0,0,0,0,0,0,0,0,0,0,0,0,0,0,0,0,0
3805,3508,70,0,61411,2955," Nur die nötigsten Reparaturen",0,0,0,0,0,0,0,0,0,0,0,0,0,0,0,0,0,0,0,0,0,0,0,0
3806,3509,70,0,61411,2955," Der Stein fällt nicht weit vom Gnom",0,0,0,0,0,0,0,0,0,0,0,0,0,0,0,0,0,0,0,0,0,0,0,0
3807,3510,70,0,61411,2955," Das rätselhafte Testament",0,0,0,0,0,0,0,0,0,0,0,0,0,0,0,0,0,0,0,0,0,0,0,0
3808,3511,70,0,61419,2955," Verlorenes Glück",0,0,0,0,0,0,0,0,0,0,0,0,0,0,0,0,0,0,0,0,0,0,0,0
3809,3512,70,0,61411,2955," Öl für die Lampen",0,0,0,0,0,0,0,0,0,0,0,0,0,0,0,0,0,0,0,0,0,0,0,0
3810,3513,70,0,61411,2955," Ein Gnom kommt selten allein",0,0,0,0,0,0,0,0,0,0,0,0,0,0,0,0,0,0,0,0,0,0,0,0
3811,3514,70,0,61411,2955," Ein Horn mit Geschichte",0,0,0,0,0,0,0,0,0,0,0,0,0,0,0,0,0,0,0,0,0,0,0,0
3812,3530,70,0,61411,2955," Für die Wiederinbetriebnahme",0,0,0,0,0,0,0,0,0,0,0,0,0,0,0,0,0,0,0,0,0,0,0,0
3813,3531,70,0,61411,2955," Schwindelfreie Inspektion",0,0,0,0,0,0,0,0,0,0,0,0,0,0,0,0,0,0,0,0,0,0,0,0
3814,3532,70,0,61411,2955," Funkelnde Profitgier",0,0,0,0,0,0,0,0,0,0,0,0,0,0,0,0,0,0,0,0,0,0,0,0
3815,3525,70,0,61419,2955," Ein Mystel-Bergarbeiter",0,0,0,0,0,0,0,0,0,0,0,0,0,0,0,0,0,0,0,0,0,0,0,0
3816,3526,70,0,61411,2955," Die Suche nach dem Lutahvit",0,0,0,0,0,0,0,0,0,0,0,0,0,0,0,0,0,0,0,0,0,0,0,0
3817,3527,70,0,61411,2955," Ronso und Mystel",0,0,0,0,0,0,0,0,0,0,0,0,0,0,0,0,0,0,0,0,0,0,0,0
3818,3528,70,0,61411,2955," Pfote in Pfote",0,0,0,0,0,0,0,0,0,0,0,0,0,0,0,0,0,0,0,0,0,0,0,0
3819,3529,70,0,61411,2955," Mordh mit an Bord",0,0,0,0,0,0,0,0,0,0,0,0,0,0,0,0,0,0,0,0,0,0,0,0
3820,3392,70,0,61411,2956," Nomen est Omen",0,0,0,0,0,0,0,0,0,0,0,0,0,0,0,0,0,0,0,0,0,0,0,0
3821,3393,70,0,61411,2956," Wer ist hier der Leckerbissen?",0,0,0,0,0,0,0,0,0,0,0,0,0,0,0,0,0,0,0,0,0,0,0,0
3822,3394,70,0,61411,2956," Sag es durch die Blume",0,0,0,0,0,0,0,0,0,0,0,0,0,0,0,0,0,0,0,0,0,0,0,0
3823,3395,70,0,61419,2956," Nagende Neugierde",0,0,0,0,0,0,0,0,0,0,0,0,0,0,0,0,0,0,0,0,0,0,0,0
3824,3396,70,0,61411,2956," Das Bibbern vor dem Biber",0,0,0,0,0,0,0,0,0,0,0,0,0,0,0,0,0,0,0,0,0,0,0,0
3825,3397,70,0,61411,2956," Viva la Biber",0,0,0,0,0,0,0,0,0,0,0,0,0,0,0,0,0,0,0,0,0,0,0,0
3826,3398,70,0,61419,2956," Uriangers Haus soll schöner werden",0,0,0,0,0,0,0,0,0,0,0,0,0,0,0,0,0,0,0,0,0,0,0,0
3827,3399,70,0,61411,2956," Die wandelnden Bücher",0,0,0,0,0,0,0,0,0,0,0,0,0,0,0,0,0,0,0,0,0,0,0,0
3828,3400,70,0,61411,2956," Das geschmackvolle Geschenk",0,0,0,0,0,0,0,0,0,0,0,0,0,0,0,0,0,0,0,0,0,0,0,0
3829,3401,70,0,61411,2956," Ganz natürliche Bilder",0,0,0,0,0,0,0,0,0,0,0,0,0,0,0,0,0,0,0,0,0,0,0,0
3830,3402,70,0,61411,2956," Behalte den Durchblick",0,0,0,0,0,0,0,0,0,0,0,0,0,0,0,0,0,0,0,0,0,0,0,0
3831,3403,70,0,61411,2956," Wenig rosige Aussichten",0,0,0,0,0,0,0,0,0,0,0,0,0,0,0,0,0,0,0,0,0,0,0,0
3832,3404,70,0,61419,2956," Die beliebteste Pixie von allen",0,0,0,0,0,0,0,0,0,0,0,0,0,0,0,0,0,0,0,0,0,0,0,0
3833,3405,70,0,61411,2956," Beliebt zu werden, ist eine Kunst",0,0,0,0,0,0,0,0,0,0,0,0,0,0,0,0,0,0,0,0,0,0,0,0
3834,3406,70,0,61411,2956," Blühende Beliebtheit",0,0,0,0,0,0,0,0,0,0,0,0,0,0,0,0,0,0,0,0,0,0,0,0
3835,3407,70,0,61411,2956," Beliebte Helferin",0,0,0,0,0,0,0,0,0,0,0,0,0,0,0,0,0,0,0,0,0,0,0,0
3836,3408,70,0,61411,2956," Gefangen vom Duft",0,0,0,0,0,0,0,0,0,0,0,0,0,0,0,0,0,0,0,0,0,0,0,0
3837,3409,70,0,61411,2956," Lhoh",0,0,0,0,0,0,0,0,0,0,0,0,0,0,0,0,0,0,0,0,0,0,0,0
3838,3410,70,0,61411,2956," Prügel für den Pilzeplünderer",0,0,0,0,0,0,0,0,0,0,0,0,0,0,0,0,0,0,0,0,0,0,0,0
3839,3411,70,0,61411,2956," Das Pilzhaus",0,0,0,0,0,0,0,0,0,0,0,0,0,0,0,0,0,0,0,0,0,0,0,0
3840,3412,70,0,61411,2956," Liebesfragen",0,0,0,0,0,0,0,0,0,0,0,0,0,0,0,0,0,0,0,0,0,0,0,0
3841,3413,70,0,61411,2956," Blumen vor die Säue",0,0,0,0,0,0,0,0,0,0,0,0,0,0,0,0,0,0,0,0,0,0,0,0
3842,3414,70,0,61411,2956," Wer legt hier wen rein?",0,0,0,0,0,0,0,0,0,0,0,0,0,0,0,0,0,0,0,0,0,0,0,0
3843,3415,70,0,61411,2956," Der gräserne Ritter und sein Schwert",0,0,0,0,0,0,0,0,0,0,0,0,0,0,0,0,0,0,0,0,0,0,0,0
3844,3416,70,0,61411,2956," Zaubern will gelernt sein",0,0,0,0,0,0,0,0,0,0,0,0,0,0,0,0,0,0,0,0,0,0,0,0
3845,3417,70,0,61411,2956," Supersaubere Geschäfte",0,0,0,0,0,0,0,0,0,0,0,0,0,0,0,0,0,0,0,0,0,0,0,0
3846,3418,70,0,61411,2956," Genial verrückt",0,0,0,0,0,0,0,0,0,0,0,0,0,0,0,0,0,0,0,0,0,0,0,0
3847,3419,70,0,61411,2956," Sammeln für den guten Zweck",0,0,0,0,0,0,0,0,0,0,0,0,0,0,0,0,0,0,0,0,0,0,0,0
3848,3421,70,0,61411,2956," Eine Falle für die Fuath",0,0,0,0,0,0,0,0,0,0,0,0,0,0,0,0,0,0,0,0,0,0,0,0
3849,3422,70,0,61411,2956," Essen wie damals",0,0,0,0,0,0,0,0,0,0,0,0,0,0,0,0,0,0,0,0,0,0,0,0
3850,3423,70,0,61411,2956," Allerlei Sorgen",0,0,0,0,0,0,0,0,0,0,0,0,0,0,0,0,0,0,0,0,0,0,0,0
3851,3424,70,0,61411,2956," Ein Geschenk zur Geburt",0,0,0,0,0,0,0,0,0,0,0,0,0,0,0,0,0,0,0,0,0,0,0,0
3852,3427,70,0,61419,2956," Ein Neuankömmling",0,0,0,0,0,0,0,0,0,0,0,0,0,0,0,0,0,0,0,0,0,0,0,0
3853,3428,70,0,61411,2956," Sauerei",0,0,0,0,0,0,0,0,0,0,0,0,0,0,0,0,0,0,0,0,0,0,0,0
3854,3429,70,0,61411,2956," In Ton aufgewogen",0,0,0,0,0,0,0,0,0,0,0,0,0,0,0,0,0,0,0,0,0,0,0,0
3855,3430,70,0,61411,2956," Die Feenlaterne",0,0,0,0,0,0,0,0,0,0,0,0,0,0,0,0,0,0,0,0,0,0,0,0
3856,3431,70,0,61411,2956," Amtseinführung auf Pixie-Art",0,0,0,0,0,0,0,0,0,0,0,0,0,0,0,0,0,0,0,0,0,0,0,0
3857,3432,70,0,61411,2956," Ins Wasser gefallen",0,0,0,0,0,0,0,0,0,0,0,0,0,0,0,0,0,0,0,0,0,0,0,0
3858,3433,70,0,61411,2956," Wahrnehmungssache",0,0,0,0,0,0,0,0,0,0,0,0,0,0,0,0,0,0,0,0,0,0,0,0
3859,3434,70,0,61411,2956," Zweierlei Eier",0,0,0,0,0,0,0,0,0,0,0,0,0,0,0,0,0,0,0,0,0,0,0,0
3860,3420,70,0,61411,2956," Eine Blume im Gedenken",0,0,0,0,0,0,0,0,0,0,0,0,0,0,0,0,0,0,0,0,0,0,0,0
3861,3425,70,0,61411,2956," Nimbus' Anhänger",0,0,0,0,0,0,0,0,0,0,0,0,0,0,0,0,0,0,0,0,0,0,0,0
3862,3426,70,0,61411,2956," Versteckte Versprechen",0,0,0,0,0,0,0,0,0,0,0,0,0,0,0,0,0,0,0,0,0,0,0,0
3863,4716,80,0,61419,2956,"Andens letzte Ver<hex:02160103>wand<hex:02160103>lung",3025,0,0,0,0,0,0,0,0,0,0,0,0,0,0,0,0,0,0,0,0,0,0,0
3864,4717,80,0,61419,2956,"Blätter der Dankbarkeit",0,0,0,0,0,0,0,0,0,0,0,0,0,0,0,0,0,0,0,0,0,0,0,0
3865,3440,70,0,61411,2957," Die schützende Farbe",0,0,0,0,0,0,0,0,0,0,0,0,0,0,0,0,0,0,0,0,0,0,0,0
3866,3441,70,0,61411,2957," Wutprobe für die Wache ",0,0,0,0,0,0,0,0,0,0,0,0,0,0,0,0,0,0,0,0,0,0,0,0
3867,3442,70,0,61411,2957," Nachhaltige Wildschweinjagd",0,0,0,0,0,0,0,0,0,0,0,0,0,0,0,0,0,0,0,0,0,0,0,0
3868,3443,70,0,61411,2957," Pilze im Tee",0,0,0,0,0,0,0,0,0,0,0,0,0,0,0,0,0,0,0,0,0,0,0,0
3869,3444,70,0,61419,2957," Gefährliches Heimweh",0,0,0,0,0,0,0,0,0,0,0,0,0,0,0,0,0,0,0,0,0,0,0,0
3870,3445,70,0,61411,2957," Festung der Nostalgie",0,0,0,0,0,0,0,0,0,0,0,0,0,0,0,0,0,0,0,0,0,0,0,0
3871,3446,70,0,61411,2957," Festung der Hoffnung",0,0,0,0,0,0,0,0,0,0,0,0,0,0,0,0,0,0,0,0,0,0,0,0
3872,3447,70,0,61411,2957," Sterne der Nacht",0,0,0,0,0,0,0,0,0,0,0,0,0,0,0,0,0,0,0,0,0,0,0,0
3873,3449,70,0,61411,2957," Der Schatz im Schlangensee",0,0,0,0,0,0,0,0,0,0,0,0,0,0,0,0,0,0,0,0,0,0,0,0
3874,3450,70,0,61411,2957," Bin nicht satt, mag ein Blatt",0,0,0,0,0,0,0,0,0,0,0,0,0,0,0,0,0,0,0,0,0,0,0,0
3875,3451,70,0,61411,2957," Das Rauschen im Walde",0,0,0,0,0,0,0,0,0,0,0,0,0,0,0,0,0,0,0,0,0,0,0,0
3876,3448,70,0,61411,2957," Giftige Geschäfte",0,0,0,0,0,0,0,0,0,0,0,0,0,0,0,0,0,0,0,0,0,0,0,0
3877,3452,70,0,61411,2957," Giftige Gefahr",0,0,0,0,0,0,0,0,0,0,0,0,0,0,0,0,0,0,0,0,0,0,0,0
3878,3453,70,0,61411,2957," Das romantischste Fleckchen",0,0,0,0,0,0,0,0,0,0,0,0,0,0,0,0,0,0,0,0,0,0,0,0
3879,3454,70,0,61411,2957," Das X markiert die Stelle",0,0,0,0,0,0,0,0,0,0,0,0,0,0,0,0,0,0,0,0,0,0,0,0
3880,3455,70,0,61411,2957," Was Wichtiges vergessen",0,0,0,0,0,0,0,0,0,0,0,0,0,0,0,0,0,0,0,0,0,0,0,0
3881,3656,70,0,61419,2957," Die Beschützerin des Waldes",0,0,0,0,0,0,0,0,0,0,0,0,0,0,0,0,0,0,0,0,0,0,0,0
3882,3657,70,0,61419,2957," Die Herabkunft der Schlange",0,0,0,0,0,0,0,0,0,0,0,0,0,0,0,0,0,0,0,0,0,0,0,0
3883,3658,70,0,61419,2957," Streifen der Wahrheit",0,0,0,0,0,0,0,0,0,0,0,0,0,0,0,0,0,0,0,0,0,0,0,0
3884,3659,70,0,61419,2957," Frevelhafte Pläne",0,0,0,0,0,0,0,0,0,0,0,0,0,0,0,0,0,0,0,0,0,0,0,0
3885,3460,70,0,61411,2957," Vergiss mein nicht",0,0,0,0,0,0,0,0,0,0,0,0,0,0,0,0,0,0,0,0,0,0,0,0
3886,3461,70,0,61411,2957," Ein besonderes Rezept",0,0,0,0,0,0,0,0,0,0,0,0,0,0,0,0,0,0,0,0,0,0,0,0
3887,3462,70,0,61411,2957," Inspirierender Glaube",0,0,0,0,0,0,0,0,0,0,0,0,0,0,0,0,0,0,0,0,0,0,0,0
3888,3463,70,0,61411,2957," Bürgernähe",0,0,0,0,0,0,0,0,0,0,0,0,0,0,0,0,0,0,0,0,0,0,0,0
3889,3464,70,0,61411,2957," Seltener Besuch",0,0,0,0,0,0,0,0,0,0,0,0,0,0,0,0,0,0,0,0,0,0,0,0
3890,3465,70,0,61411,2957," Ehrliche Finderin",0,0,0,0,0,0,0,0,0,0,0,0,0,0,0,0,0,0,0,0,0,0,0,0
3891,3466,70,0,61411,2957," In guter Erinnerung",0,0,0,0,0,0,0,0,0,0,0,0,0,0,0,0,0,0,0,0,0,0,0,0
3892,3467,70,0,61419,2957," Besuch in Bogenruh",0,0,0,0,0,0,0,0,0,0,0,0,0,0,0,0,0,0,0,0,0,0,0,0
3893,3468,70,0,61411,2957," Eine neue Waldbewohnerin",0,0,0,0,0,0,0,0,0,0,0,0,0,0,0,0,0,0,0,0,0,0,0,0
3894,3469,70,0,61411,2957," Allein im Wald",0,0,0,0,0,0,0,0,0,0,0,0,0,0,0,0,0,0,0,0,0,0,0,0
3895,3470,70,0,61411,2957," Mjrls Sehnsucht",0,0,0,0,0,0,0,0,0,0,0,0,0,0,0,0,0,0,0,0,0,0,0,0
3896,3471,70,0,61411,2957," Gemeinsam auf Waldrallen-Jagd",0,0,0,0,0,0,0,0,0,0,0,0,0,0,0,0,0,0,0,0,0,0,0,0
3897,3472,70,0,61411,2957," Spinnengift gegen Spinnen",0,0,0,0,0,0,0,0,0,0,0,0,0,0,0,0,0,0,0,0,0,0,0,0
3898,3473,70,0,61411,2957," Schmerzensschrei aus dem Wald",0,0,0,0,0,0,0,0,0,0,0,0,0,0,0,0,0,0,0,0,0,0,0,0
3899,3474,70,0,61411,2957," Unterwassereulen",0,0,0,0,0,0,0,0,0,0,0,0,0,0,0,0,0,0,0,0,0,0,0,0
3900,3475,70,0,61411,2957," Gebet an die alten Götter",0,0,0,0,0,0,0,0,0,0,0,0,0,0,0,0,0,0,0,0,0,0,0,0
3901,3476,70,0,61411,2957," Zeichen des Zerfalls",0,0,0,0,0,0,0,0,0,0,0,0,0,0,0,0,0,0,0,0,0,0,0,0
3902,3477,70,0,61411,2957," Stein des Lebens",0,0,0,0,0,0,0,0,0,0,0,0,0,0,0,0,0,0,0,0,0,0,0,0
3903,3483,70,0,61411,2957," Forschungsdrang",0,0,0,0,0,0,0,0,0,0,0,0,0,0,0,0,0,0,0,0,0,0,0,0
3904,3484,70,0,61411,2957," Wettstreit unter Freunden",0,0,0,0,0,0,0,0,0,0,0,0,0,0,0,0,0,0,0,0,0,0,0,0
3905,3485,70,0,61411,2957," Oase der Ruhe",0,0,0,0,0,0,0,0,0,0,0,0,0,0,0,0,0,0,0,0,0,0,0,0
3906,3478,70,0,61419,2957," Alles doppelt",0,0,0,0,0,0,0,0,0,0,0,0,0,0,0,0,0,0,0,0,0,0,0,0
3907,3479,70,0,61419,2957," Unterschiedliche Absichten",0,0,0,0,0,0,0,0,0,0,0,0,0,0,0,0,0,0,0,0,0,0,0,0
3908,3480,70,0,61419,2957," Der schwere Weg zur Harmonie",0,0,0,0,0,0,0,0,0,0,0,0,0,0,0,0,0,0,0,0,0,0,0,0
3909,3481,70,0,61419,2957," Synchronbeten in Perfektion",0,0,0,0,0,0,0,0,0,0,0,0,0,0,0,0,0,0,0,0,0,0,0,0
3910,3482,70,0,61419,2957," Unter dem Schutz zweier Sippen",0,0,0,0,0,0,0,0,0,0,0,0,0,0,0,0,0,0,0,0,0,0,0,0
3911,3576,70,0,61411,2958," Ein Traum in Orange",0,0,0,0,0,0,0,0,0,0,0,0,0,0,0,0,0,0,0,0,0,0,0,0
3912,3577,70,0,61411,2958," Die Zähne zeigen",0,0,0,0,0,0,0,0,0,0,0,0,0,0,0,0,0,0,0,0,0,0,0,0
3913,3578,70,0,61411,2958," Der vermisste Jäger",0,0,0,0,0,0,0,0,0,0,0,0,0,0,0,0,0,0,0,0,0,0,0,0
3914,3579,70,0,61411,2958," Ein Königreich für eine Leiter",0,0,0,0,0,0,0,0,0,0,0,0,0,0,0,0,0,0,0,0,0,0,0,0
3915,3580,70,0,61411,2958," Reden ohne etwas zu sagen",0,0,0,0,0,0,0,0,0,0,0,0,0,0,0,0,0,0,0,0,0,0,0,0
3916,3581,70,0,61411,2958," Das Geheimnis des Feuers",0,0,0,0,0,0,0,0,0,0,0,0,0,0,0,0,0,0,0,0,0,0,0,0
3917,3582,70,0,61411,2958," Jagdrituale",0,0,0,0,0,0,0,0,0,0,0,0,0,0,0,0,0,0,0,0,0,0,0,0
3918,3583,70,0,61411,2958," Eindringling",0,0,0,0,0,0,0,0,0,0,0,0,0,0,0,0,0,0,0,0,0,0,0,0
3919,3584,70,0,61411,2958," Das Begehr der Flossenlosen",0,0,0,0,0,0,0,0,0,0,0,0,0,0,0,0,0,0,0,0,0,0,0,0
3920,3585,70,0,61411,2958," Aller Handel ist schwer",0,0,0,0,0,0,0,0,0,0,0,0,0,0,0,0,0,0,0,0,0,0,0,0
3921,3586,70,0,61411,2958," Jagd in den Tiefen",0,0,0,0,0,0,0,0,0,0,0,0,0,0,0,0,0,0,0,0,0,0,0,0
3922,3587,70,0,61411,2958," Populationskontrolle",0,0,0,0,0,0,0,0,0,0,0,0,0,0,0,0,0,0,0,0,0,0,0,0
3923,3588,70,0,61419,2958," Wie ein Fisch auf dem Trockenen",0,0,0,0,0,0,0,0,0,0,0,0,0,0,0,0,0,0,0,0,0,0,0,0
3924,3589,70,0,61411,2958," Die Liebe eines Kindes",0,0,0,0,0,0,0,0,0,0,0,0,0,0,0,0,0,0,0,0,0,0,0,0
3925,3590,70,0,61411,2958," Düsteres Meer, düstere Zukunft",0,0,0,0,0,0,0,0,0,0,0,0,0,0,0,0,0,0,0,0,0,0,0,0
3926,3591,70,0,61411,2958," Das Glück der Kinder",0,0,0,0,0,0,0,0,0,0,0,0,0,0,0,0,0,0,0,0,0,0,0,0
3927,3592,70,0,61419,2958," Idee und Umsetzung",0,0,0,0,0,0,0,0,0,0,0,0,0,0,0,0,0,0,0,0,0,0,0,0
3928,3593,70,0,61419,2958," Charakterbildung",0,0,0,0,0,0,0,0,0,0,0,0,0,0,0,0,0,0,0,0,0,0,0,0
3929,3594,70,0,61419,2958," Angemessenes Äußeres",0,0,0,0,0,0,0,0,0,0,0,0,0,0,0,0,0,0,0,0,0,0,0,0
3930,4795,1,0,61411,3706,"Auf ewigen Schwingen gen Diesseits",0,0,0,0,0,0,0,0,0,0,0,0,0,0,0,0,0,0,0,0,0,0,0,0
3931,4180,80,0,61411,3706," Die Liebe wartet nicht gern",0,0,0,0,0,0,0,0,0,0,0,0,0,0,0,0,0,0,0,0,0,0,0,0
3932,4181,80,0,61411,3706," Ein kleiner Geschichtsexkurs",0,0,0,0,0,0,0,0,0,0,0,0,0,0,0,0,0,0,0,0,0,0,0,0
3933,4182,80,0,61411,3706," Bücherexpress",0,0,0,0,0,0,0,0,0,0,0,0,0,0,0,0,0,0,0,0,0,0,0,0
3934,4183,80,0,61411,3706," Karfunkel, Karfunkel, wo bist du nur?",0,0,0,0,0,0,0,0,0,0,0,0,0,0,0,0,0,0,0,0,0,0,0,0
3935,4184,80,0,61411,3708," Gefühl und Verstand",0,0,0,0,0,0,0,0,0,0,0,0,0,0,0,0,0,0,0,0,0,0,0,0
3936,4185,80,0,61411,3708," Wer hat Angst vor Gerüchten?",0,0,0,0,0,0,0,0,0,0,0,0,0,0,0,0,0,0,0,0,0,0,0,0
3937,4186,80,0,61411,3708," Ökologisches Gleichgewicht",0,0,0,0,0,0,0,0,0,0,0,0,0,0,0,0,0,0,0,0,0,0,0,0
3938,4187,80,0,61411,3708," Ein geheimnisvoller Großauftrag",0,0,0,0,0,0,0,0,0,0,0,0,0,0,0,0,0,0,0,0,0,0,0,0
3939,4188,80,0,61411,3708," Unerwartet nährstoffreich",0,0,0,0,0,0,0,0,0,0,0,0,0,0,0,0,0,0,0,0,0,0,0,0
3940,4189,80,0,61411,3708," Kein Dschinni in der Flasche",0,0,0,0,0,0,0,0,0,0,0,0,0,0,0,0,0,0,0,0,0,0,0,0
3941,4190,80,0,61411,3708," Ein Ökosystem im Gleichgewicht",0,0,0,0,0,0,0,0,0,0,0,0,0,0,0,0,0,0,0,0,0,0,0,0
3942,4191,80,0,61411,3708," Steine im Magen",0,0,0,0,0,0,0,0,0,0,0,0,0,0,0,0,0,0,0,0,0,0,0,0
3943,4192,80,0,61411,3708," Einfach besser",0,0,0,0,0,0,0,0,0,0,0,0,0,0,0,0,0,0,0,0,0,0,0,0
3944,4193,80,0,61411,3708," Ein wertvoller Käse",0,0,0,0,0,0,0,0,0,0,0,0,0,0,0,0,0,0,0,0,0,0,0,0
3945,4194,80,0,61411,3708," Revolutionärer Mist",0,0,0,0,0,0,0,0,0,0,0,0,0,0,0,0,0,0,0,0,0,0,0,0
3946,4195,80,0,61411,3708," Fungus 316",0,0,0,0,0,0,0,0,0,0,0,0,0,0,0,0,0,0,0,0,0,0,0,0
3947,4480,80,0,61419,3708," Ein Trollkind auf Abwegen",0,0,0,0,0,0,0,0,0,0,0,0,0,0,0,0,0,0,0,0,0,0,0,0
3948,4481,80,0,61411,3708," Gefräßige Bücherwürmer",0,0,0,0,0,0,0,0,0,0,0,0,0,0,0,0,0,0,0,0,0,0,0,0
3949,4482,80,0,61411,3708," Ein spezielles Ungeziefergift",0,0,0,0,0,0,0,0,0,0,0,0,0,0,0,0,0,0,0,0,0,0,0,0
3950,4483,80,0,61411,3708," Der freie Wille eines Forschungsobjekts",0,0,0,0,0,0,0,0,0,0,0,0,0,0,0,0,0,0,0,0,0,0,0,0
3951,4210,80,0,61411,3706," Ein kinderleichtes Experiment",0,0,0,0,0,0,0,0,0,0,0,0,0,0,0,0,0,0,0,0,0,0,0,0
3952,4211,80,0,61411,3706," Licht für keine Leuchte",0,0,0,0,0,0,0,0,0,0,0,0,0,0,0,0,0,0,0,0,0,0,0,0
3953,4212,80,0,61411,3706," Stolz und voreilige Schlüsse",0,0,0,0,0,0,0,0,0,0,0,0,0,0,0,0,0,0,0,0,0,0,0,0
3954,4213,80,0,61411,3706," Die Traumsuche nach dem unbekannten Lebewesen",0,0,0,0,0,0,0,0,0,0,0,0,0,0,0,0,0,0,0,0,0,0,0,0
3955,4214,80,0,61411,3706," Kluge Kleidung für kluge Köpfe",0,0,0,0,0,0,0,0,0,0,0,0,0,0,0,0,0,0,0,0,0,0,0,0
3956,4215,80,0,61411,3706," Achtung, gefährliche Bücher!",0,0,0,0,0,0,0,0,0,0,0,0,0,0,0,0,0,0,0,0,0,0,0,0
3957,4316,80,0,61411,3706," Ein Pudding für Puddingway",0,0,0,0,0,0,0,0,0,0,0,0,0,0,0,0,0,0,0,0,0,0,0,0
3958,4317,80,0,61411,3706," Ein tief verborgenes Geheimnis",0,0,0,0,0,0,0,0,0,0,0,0,0,0,0,0,0,0,0,0,0,0,0,0
3959,4318,80,0,61411,3706," Ein Projekt zur Verschönerung der Stadt",0,0,0,0,0,0,0,0,0,0,0,0,0,0,0,0,0,0,0,0,0,0,0,0
3960,4319,80,0,61411,3706," Von belegten Broten und Brezeln",0,0,0,0,0,0,0,0,0,0,0,0,0,0,0,0,0,0,0,0,0,0,0,0
3961,4326,80,0,61411,3708," Fieser Tomatensaft",0,0,0,0,0,0,0,0,0,0,0,0,0,0,0,0,0,0,0,0,0,0,0,0
3962,4328,80,0,61411,3708," Unkrautvernichter",0,0,0,0,0,0,0,0,0,0,0,0,0,0,0,0,0,0,0,0,0,0,0,0
3963,4329,80,0,61419,3708," Die Hüter des Waldes",0,0,0,0,0,0,0,0,0,0,0,0,0,0,0,0,0,0,0,0,0,0,0,0
3964,4330,80,0,61411,3708," Suche nach dem Apfeldieb",0,0,0,0,0,0,0,0,0,0,0,0,0,0,0,0,0,0,0,0,0,0,0,0
3965,4333,80,0,61411,3708," Gut geerdet ist halb gewonnen",0,0,0,0,0,0,0,0,0,0,0,0,0,0,0,0,0,0,0,0,0,0,0,0
3966,4167,90,0,61419,3706,"Notfall auf dem Mond",0,0,0,0,0,0,0,0,0,0,0,0,0,0,0,0,0,0,0,0,0,0,0,0
3967,4168,90,0,61419,3706,"Stigma-Holometrie",0,0,0,0,0,0,0,0,0,0,0,0,0,0,0,0,0,0,0,0,0,0,0,0
3968,4320,80,0,61419,3708," Für eine sichere Reise",0,0,0,0,0,0,0,0,0,0,0,0,0,0,0,0,0,0,0,0,0,0,0,0
3969,4321,80,0,61411,3708," Ein Mümmelmann auf Arbeitssuche",0,0,0,0,0,0,0,0,0,0,0,0,0,0,0,0,0,0,0,0,0,0,0,0
3970,4322,80,0,61411,3708," Dem Idol ganz nah",0,0,0,0,0,0,0,0,0,0,0,0,0,0,0,0,0,0,0,0,0,0,0,0
3971,4323,80,0,61411,3708," Ein Karfunkel auf Abwegen",0,0,0,0,0,0,0,0,0,0,0,0,0,0,0,0,0,0,0,0,0,0,0,0
3972,4324,80,0,61411,3708," Gesundheit geht vor!",0,0,0,0,0,0,0,0,0,0,0,0,0,0,0,0,0,0,0,0,0,0,0,0
3973,4325,80,0,61411,3708," Von einem Gelehrten zum anderen",0,0,0,0,0,0,0,0,0,0,0,0,0,0,0,0,0,0,0,0,0,0,0,0
3974,4327,80,0,61411,3708," Familienbande",0,0,0,0,0,0,0,0,0,0,0,0,0,0,0,0,0,0,0,0,0,0,0,0
3975,4331,80,0,61411,3708," Da bleibt kein Auge trocken",0,0,0,0,0,0,0,0,0,0,0,0,0,0,0,0,0,0,0,0,0,0,0,0
3976,4332,80,0,61411,3708," Eine Marionette auf Abwegen",0,0,0,0,0,0,0,0,0,0,0,0,0,0,0,0,0,0,0,0,0,0,0,0
3977,4334,80,0,61411,3708," Notkühlung",0,0,0,0,0,0,0,0,0,0,0,0,0,0,0,0,0,0,0,0,0,0,0,0
3978,4335,80,0,61411,3708," Vom Aitiaskop und der Arche",0,0,0,0,0,0,0,0,0,0,0,0,0,0,0,0,0,0,0,0,0,0,0,0
3979,4336,80,0,61411,3708," Im Zeitalter der Mondfahrten",0,0,0,0,0,0,0,0,0,0,0,0,0,0,0,0,0,0,0,0,0,0,0,0
3980,4523,80,0,61419,3706,"Ameliances Bildungsinitiative",2875,0,0,0,0,0,0,0,0,0,0,0,0,0,0,0,0,0,0,0,0,0,0,0
3981,4524,80,0,61419,3706,"Das Herz einer Mutter",0,0,0,0,0,0,0,0,0,0,0,0,0,0,0,0,0,0,0,0,0,0,0,0
3982,4525,80,0,61419,3706,"Ein Geschenk der Leveilleurs",0,0,0,0,0,0,0,0,0,0,0,0,0,0,0,0,0,0,0,0,0,0,0,0
3983,4484,80,0,61419,3708," Der Junge aus Klein-Sharlayan",0,0,0,0,0,0,0,0,0,0,0,0,0,0,0,0,0,0,0,0,0,0,0,0
3984,4485,80,0,61411,3708," Der Phoibos",0,0,0,0,0,0,0,0,0,0,0,0,0,0,0,0,0,0,0,0,0,0,0,0
3985,4486,80,0,61411,3708," Feuer im Herzen",0,0,0,0,0,0,0,0,0,0,0,0,0,0,0,0,0,0,0,0,0,0,0,0
3986,4487,80,0,61411,3708,"  Der Held aus Klein-Sharlayan ",0,0,0,0,0,0,0,0,0,0,0,0,0,0,0,0,0,0,0,0,0,0,0,0
3987,4488,80,0,61411,3708," Wissenschaft und Freund<hex:02160103>schaft",0,0,0,0,0,0,0,0,0,0,0,0,0,0,0,0,0,0,0,0,0,0,0,0
3988,4815,80,0,61419,3706,"Das neue Labyrinthos",0,0,0,0,0,0,0,0,0,0,0,0,0,0,0,0,0,0,0,0,0,0,0,0
3989,4816,80,0,61419,3708,"Alltäglicher Trubel der Forschung",3230,0,0,0,0,0,0,0,0,0,0,0,0,0,0,0,0,0,0,0,0,0,0,0
3990,4176,80,0,61419,3706,"Hohe Jagd der Klauber 1",0,0,0,0,0,0,0,0,0,0,0,0,0,0,0,0,0,0,0,0,0,0,0,0
3991,4177,83,0,61419,3706,"Hohe Jagd der Klauber 2",0,0,0,0,0,0,0,0,0,0,0,0,0,0,0,0,0,0,0,0,0,0,0,0
3992,4178,89,0,61419,3706,"Hohe Jagd der Klauber 3",0,0,0,0,0,0,0,0,0,0,0,0,0,0,0,0,0,0,0,0,0,0,0,0
3993,4179,90,0,61419,3706,"Hochwildjagd der Klauber",0,0,0,0,0,0,0,0,0,0,0,0,0,0,0,0,0,0,0,0,0,0,0,0
3994,4196,80,0,61411,3709," Kiste mit Hexenschusspotenzial",0,0,0,0,0,0,0,0,0,0,0,0,0,0,0,0,0,0,0,0,0,0,0,0
3995,4197,80,0,61411,3709," Unerwiderte Gefühle",0,0,0,0,0,0,0,0,0,0,0,0,0,0,0,0,0,0,0,0,0,0,0,0
3996,4198,80,0,61411,3709," Im Kreis der Familie",0,0,0,0,0,0,0,0,0,0,0,0,0,0,0,0,0,0,0,0,0,0,0,0
3997,4489,80,0,61419,3709," Die Abenteurerin aus der Azim-Steppe",0,0,0,0,0,0,0,0,0,0,0,0,0,0,0,0,0,0,0,0,0,0,0,0
3998,4490,80,0,61419,3709," Ein Matanga kommt selten allein",0,0,0,0,0,0,0,0,0,0,0,0,0,0,0,0,0,0,0,0,0,0,0,0
3999,4491,80,0,61419,3709," Vertrauen ist der größte Reichtum",0,0,0,0,0,0,0,0,0,0,0,0,0,0,0,0,0,0,0,0,0,0,0,0
4000,4492,80,0,61419,3709," Langfingern auf der Spur",0,0,0,0,0,0,0,0,0,0,0,0,0,0,0,0,0,0,0,0,0,0,0,0
4001,4199,80,0,61411,3709," Ein unkollegialer Dieb",0,0,0,0,0,0,0,0,0,0,0,0,0,0,0,0,0,0,0,0,0,0,0,0
4002,4200,80,0,61411,3709," Ein Geschenk von Herzen",0,0,0,0,0,0,0,0,0,0,0,0,0,0,0,0,0,0,0,0,0,0,0,0
4003,4201,80,0,61411,3709," Unnötige Zurückhaltung",0,0,0,0,0,0,0,0,0,0,0,0,0,0,0,0,0,0,0,0,0,0,0,0
4004,4202,80,0,61411,3709," Jung, gesund und vor Kraft strotzend",0,0,0,0,0,0,0,0,0,0,0,0,0,0,0,0,0,0,0,0,0,0,0,0
4005,4203,80,0,61419,3709," Eine Alchemistin gibt nicht auf",0,0,0,0,0,0,0,0,0,0,0,0,0,0,0,0,0,0,0,0,0,0,0,0
4006,4204,80,0,61411,3709," Ein starker Duft",0,0,0,0,0,0,0,0,0,0,0,0,0,0,0,0,0,0,0,0,0,0,0,0
4007,4205,80,0,61411,3709," Alchemist vermisst",0,0,0,0,0,0,0,0,0,0,0,0,0,0,0,0,0,0,0,0,0,0,0,0
4008,4206,80,0,61411,3709," Hanni auf dem Holzweg",0,0,0,0,0,0,0,0,0,0,0,0,0,0,0,0,0,0,0,0,0,0,0,0
4009,4207,80,0,61411,3709," Hoffnung für die Hamsa",0,0,0,0,0,0,0,0,0,0,0,0,0,0,0,0,0,0,0,0,0,0,0,0
4010,4208,80,0,61411,3709," Steinharte Geschäfte",0,0,0,0,0,0,0,0,0,0,0,0,0,0,0,0,0,0,0,0,0,0,0,0
4011,4209,80,0,61411,3709," Beruhigende Borke",0,0,0,0,0,0,0,0,0,0,0,0,0,0,0,0,0,0,0,0,0,0,0,0
4012,4256,80,0,61411,3709," Das Amulett einer Wächterin",0,0,0,0,0,0,0,0,0,0,0,0,0,0,0,0,0,0,0,0,0,0,0,0
4013,4257,80,0,61419,3709," Agama zu Ehren",0,0,0,0,0,0,0,0,0,0,0,0,0,0,0,0,0,0,0,0,0,0,0,0
4014,4259,80,0,61419,3709," Patrouille für das Himmelsheer",0,0,0,0,0,0,0,0,0,0,0,0,0,0,0,0,0,0,0,0,0,0,0,0
4015,4263,80,0,61411,3709," Blumen für die Götter",0,0,0,0,0,0,0,0,0,0,0,0,0,0,0,0,0,0,0,0,0,0,0,0
4016,4264,80,0,61411,3709," Fische für Palakas Ruh",0,0,0,0,0,0,0,0,0,0,0,0,0,0,0,0,0,0,0,0,0,0,0,0
4017,4268,80,0,61411,3709," Ein seltsamer Führer",0,0,0,0,0,0,0,0,0,0,0,0,0,0,0,0,0,0,0,0,0,0,0,0
4018,4258,80,0,61411,3709," Medizinische Versorgung in Palakas Ruh",0,0,0,0,0,0,0,0,0,0,0,0,0,0,0,0,0,0,0,0,0,0,0,0
4019,4262,80,0,61411,3709," Der Yeti-Flüsterer",0,0,0,0,0,0,0,0,0,0,0,0,0,0,0,0,0,0,0,0,0,0,0,0
4020,4265,80,0,61411,3709," Silbriger Schuppenpanzer",0,0,0,0,0,0,0,0,0,0,0,0,0,0,0,0,0,0,0,0,0,0,0,0
4021,4266,80,0,61411,3709," Das Chai-Orakel",0,0,0,0,0,0,0,0,0,0,0,0,0,0,0,0,0,0,0,0,0,0,0,0
4022,4267,80,0,61411,3709," Bhujamga-Jagd",0,0,0,0,0,0,0,0,0,0,0,0,0,0,0,0,0,0,0,0,0,0,0,0
4023,4260,80,0,61411,3709," Verborgen im Schleier der Sangha",0,0,0,0,0,0,0,0,0,0,0,0,0,0,0,0,0,0,0,0,0,0,0,0
4024,4261,80,0,61411,3709," Essenslieferung in luftiger Höhe",0,0,0,0,0,0,0,0,0,0,0,0,0,0,0,0,0,0,0,0,0,0,0,0
4025,4493,80,0,61419,3709," Der Alchemist und das Kind",0,0,0,0,0,0,0,0,0,0,0,0,0,0,0,0,0,0,0,0,0,0,0,0
4026,4494,80,0,61419,3709," Auf der Suche nach Soma-Blüten",0,0,0,0,0,0,0,0,0,0,0,0,0,0,0,0,0,0,0,0,0,0,0,0
4027,4495,80,0,61419,3709," Sulas Bitte um Vergebung",0,0,0,0,0,0,0,0,0,0,0,0,0,0,0,0,0,0,0,0,0,0,0,0
4028,4496,80,0,61419,3709," Yezahn und Pasareen",0,0,0,0,0,0,0,0,0,0,0,0,0,0,0,0,0,0,0,0,0,0,0,0
4029,4497,80,0,61419,3709," Hoffnung für Palakas Ruh",0,0,0,0,0,0,0,0,0,0,0,0,0,0,0,0,0,0,0,0,0,0,0,0
4030,4269,80,0,61411,3707," Schicksalsknoten",0,0,0,0,0,0,0,0,0,0,0,0,0,0,0,0,0,0,0,0,0,0,0,0
4031,4270,80,0,61411,3707," Die Sprache der Blumen",0,0,0,0,0,0,0,0,0,0,0,0,0,0,0,0,0,0,0,0,0,0,0,0
4032,4271,80,0,61411,3707," Eilbrief aus Eorzea",0,0,0,0,0,0,0,0,0,0,0,0,0,0,0,0,0,0,0,0,0,0,0,0
4033,4272,80,0,61411,3707," Helft den Hungrigen",0,0,0,0,0,0,0,0,0,0,0,0,0,0,0,0,0,0,0,0,0,0,0,0
4034,4273,80,0,61411,3707," Die Farbe neuen Glücks",0,0,0,0,0,0,0,0,0,0,0,0,0,0,0,0,0,0,0,0,0,0,0,0
4035,4274,80,0,61411,3707," Gefiederte Feinschmecker",0,0,0,0,0,0,0,0,0,0,0,0,0,0,0,0,0,0,0,0,0,0,0,0
4036,4275,80,0,61411,3707," Ringen um den Ring",0,0,0,0,0,0,0,0,0,0,0,0,0,0,0,0,0,0,0,0,0,0,0,0
4037,4173,90,0,61419,3707,"Ein Ort zum Trainieren",0,0,0,0,0,0,0,0,0,0,0,0,0,0,0,0,0,0,0,0,0,0,0,0
4038,4219,80,0,61411,3710," Es gibt kein schlechtes Wetter, nur schlechte Ausrüstung",0,0,0,0,0,0,0,0,0,0,0,0,0,0,0,0,0,0,0,0,0,0,0,0
4039,4223,80,0,61411,3710," Mit Speck fängt man Bären",0,0,0,0,0,0,0,0,0,0,0,0,0,0,0,0,0,0,0,0,0,0,0,0
4040,4221,80,0,61411,3710," Das Seelenheil der Heilerseelen",0,0,0,0,0,0,0,0,0,0,0,0,0,0,0,0,0,0,0,0,0,0,0,0
4041,4224,80,0,61411,3710," Unter Verschluss",0,0,0,0,0,0,0,0,0,0,0,0,0,0,0,0,0,0,0,0,0,0,0,0
4042,4220,80,0,61411,3710," Hilf dir selbst, dann wird dir geholfen",0,0,0,0,0,0,0,0,0,0,0,0,0,0,0,0,0,0,0,0,0,0,0,0
4043,4222,80,0,61411,3710," Die verspätete Späherin",0,0,0,0,0,0,0,0,0,0,0,0,0,0,0,0,0,0,0,0,0,0,0,0
4044,4216,80,0,61419,3710," Zusammen laufen",0,0,0,0,0,0,0,0,0,0,0,0,0,0,0,0,0,0,0,0,0,0,0,0
4045,4217,80,0,61411,3710," Zusammen schießen",0,0,0,0,0,0,0,0,0,0,0,0,0,0,0,0,0,0,0,0,0,0,0,0
4046,4218,80,0,61411,3710," Zusammen beten",0,0,0,0,0,0,0,0,0,0,0,0,0,0,0,0,0,0,0,0,0,0,0,0
4047,4498,80,0,61419,3710," Ein überzeugender Ingenieur",0,0,0,0,0,0,0,0,0,0,0,0,0,0,0,0,0,0,0,0,0,0,0,0
4048,4499,80,0,61411,3710," Sehnsucht nach der Heimat",0,0,0,0,0,0,0,0,0,0,0,0,0,0,0,0,0,0,0,0,0,0,0,0
4049,4500,80,0,61411,3710," Vertrauter Grund - neue Heraus<hex:02160103>forde<hex:02160103>rung",0,0,0,0,0,0,0,0,0,0,0,0,0,0,0,0,0,0,0,0,0,0,0,0
4050,4501,80,0,61411,3710," Der erste Schritt in eine neue Zukunft",0,0,0,0,0,0,0,0,0,0,0,0,0,0,0,0,0,0,0,0,0,0,0,0
4051,4225,80,0,61411,3710," Futtern wie bei Vattern",0,0,0,0,0,0,0,0,0,0,0,0,0,0,0,0,0,0,0,0,0,0,0,0
4052,4226,80,0,61411,3710," Fesselnde Fantasien",0,0,0,0,0,0,0,0,0,0,0,0,0,0,0,0,0,0,0,0,0,0,0,0
4053,4227,80,0,61411,3710," Bahnhofslichter",0,0,0,0,0,0,0,0,0,0,0,0,0,0,0,0,0,0,0,0,0,0,0,0
4054,4228,80,0,61411,3710," Liebesbrief an Unbekannt",0,0,0,0,0,0,0,0,0,0,0,0,0,0,0,0,0,0,0,0,0,0,0,0
4055,4229,80,0,61411,3710," Jeder Tropfen zählt",0,0,0,0,0,0,0,0,0,0,0,0,0,0,0,0,0,0,0,0,0,0,0,0
4056,4230,80,0,61411,3710," Gib Frieden eine Chance!",0,0,0,0,0,0,0,0,0,0,0,0,0,0,0,0,0,0,0,0,0,0,0,0
4057,4231,80,0,61411,3710," Suppe, heiß serviert",0,0,0,0,0,0,0,0,0,0,0,0,0,0,0,0,0,0,0,0,0,0,0,0
4058,4232,80,0,61419,3710," Junge, komm bald wieder",0,0,0,0,0,0,0,0,0,0,0,0,0,0,0,0,0,0,0,0,0,0,0,0
4059,4233,80,0,61411,3710," Mama in Not",0,0,0,0,0,0,0,0,0,0,0,0,0,0,0,0,0,0,0,0,0,0,0,0
4060,4234,80,0,61411,3710," Kolossale Plasma-Kanonade",0,0,0,0,0,0,0,0,0,0,0,0,0,0,0,0,0,0,0,0,0,0,0,0
4061,4235,80,0,61411,3710," Explosive Aufräumarbeiten",0,0,0,0,0,0,0,0,0,0,0,0,0,0,0,0,0,0,0,0,0,0,0,0
4062,4236,80,0,61411,3710," Bestien der garleischen Wildnis",0,0,0,0,0,0,0,0,0,0,0,0,0,0,0,0,0,0,0,0,0,0,0,0
4063,4237,80,0,61411,3710," Waffenrecycling",0,0,0,0,0,0,0,0,0,0,0,0,0,0,0,0,0,0,0,0,0,0,0,0
4064,4238,80,0,61411,3710," In sicheren Händen",0,0,0,0,0,0,0,0,0,0,0,0,0,0,0,0,0,0,0,0,0,0,0,0
4065,4239,80,0,61411,3710," In den Lüften über Garlemald",0,0,0,0,0,0,0,0,0,0,0,0,0,0,0,0,0,0,0,0,0,0,0,0
4066,4502,80,0,61419,3710," Gestrandet am Bahnhof",0,0,0,0,0,0,0,0,0,0,0,0,0,0,0,0,0,0,0,0,0,0,0,0
4067,4503,80,0,61411,3710," Sehnsucht nach Zuhause",0,0,0,0,0,0,0,0,0,0,0,0,0,0,0,0,0,0,0,0,0,0,0,0
4068,4504,80,0,61411,3710," Suche im Palatium",0,0,0,0,0,0,0,0,0,0,0,0,0,0,0,0,0,0,0,0,0,0,0,0
4069,4505,80,0,61411,3710," Tränenreiches Wieder<hex:02160103>sehen",0,0,0,0,0,0,0,0,0,0,0,0,0,0,0,0,0,0,0,0,0,0,0,0
4070,4506,80,0,61411,3710," Familienzusammenführung",0,0,0,0,0,0,0,0,0,0,0,0,0,0,0,0,0,0,0,0,0,0,0,0
4071,4240,80,0,61419,3711," Vier Karotten, ein Täter",0,0,0,0,0,0,0,0,0,0,0,0,0,0,0,0,0,0,0,0,0,0,0,0
4072,4241,80,0,61419,3711," Zu Tisch im Hause Loporrit",0,0,0,0,0,0,0,0,0,0,0,0,0,0,0,0,0,0,0,0,0,0,0,0
4073,4242,80,0,61411,3711," Fungi auf freiem Fuß",0,0,0,0,0,0,0,0,0,0,0,0,0,0,0,0,0,0,0,0,0,0,0,0
4074,4243,80,0,61411,3711," Ætheris-Enthusiasten",0,0,0,0,0,0,0,0,0,0,0,0,0,0,0,0,0,0,0,0,0,0,0,0
4075,4244,80,0,61411,3711," Der Allwetterkristall",0,0,0,0,0,0,0,0,0,0,0,0,0,0,0,0,0,0,0,0,0,0,0,0
4076,4245,80,0,61411,3711," Wo läuft das Langohr?",0,0,0,0,0,0,0,0,0,0,0,0,0,0,0,0,0,0,0,0,0,0,0,0
4077,4246,80,0,61411,3711," Der Mond ist dein Laufsteg",0,0,0,0,0,0,0,0,0,0,0,0,0,0,0,0,0,0,0,0,0,0,0,0
4078,4247,80,0,61411,3711," Lopo-Cop",0,0,0,0,0,0,0,0,0,0,0,0,0,0,0,0,0,0,0,0,0,0,0,0
4079,4248,80,0,61411,3711," Das Karotten-Orakel",0,0,0,0,0,0,0,0,0,0,0,0,0,0,0,0,0,0,0,0,0,0,0,0
4080,4249,80,0,61411,3711," Langohren in Gefahr",0,0,0,0,0,0,0,0,0,0,0,0,0,0,0,0,0,0,0,0,0,0,0,0
4081,4250,80,0,61411,3711," Der Daphnia an den Kragen",0,0,0,0,0,0,0,0,0,0,0,0,0,0,0,0,0,0,0,0,0,0,0,0
4082,4251,80,0,61411,3711," Eine Mondoase für die Gäste",0,0,0,0,0,0,0,0,0,0,0,0,0,0,0,0,0,0,0,0,0,0,0,0
4083,4252,80,0,61411,3711," Ein Loporrit wie kein anderer",0,0,0,0,0,0,0,0,0,0,0,0,0,0,0,0,0,0,0,0,0,0,0,0
4084,4253,80,0,61419,3711," Ausgrabungen am allagischen Wrack",0,0,0,0,0,0,0,0,0,0,0,0,0,0,0,0,0,0,0,0,0,0,0,0
4085,4254,80,0,61411,3711," Er hat sich vor Aufregung selbst verletzt",0,0,0,0,0,0,0,0,0,0,0,0,0,0,0,0,0,0,0,0,0,0,0,0
4086,4255,80,0,61411,3711," Geheimnisvolles Glucksen",0,0,0,0,0,0,0,0,0,0,0,0,0,0,0,0,0,0,0,0,0,0,0,0
4087,4516,80,0,61419,3711," Träume fallen nicht vom Mond",0,0,0,0,0,0,0,0,0,0,0,0,0,0,0,0,0,0,0,0,0,0,0,0
4088,4517,80,0,61419,3711," Erst die Arbeit, dann das Träumen",0,0,0,0,0,0,0,0,0,0,0,0,0,0,0,0,0,0,0,0,0,0,0,0
4089,4518,80,0,61419,3711," Loporrit, bleib bei deinen Möhren!",0,0,0,0,0,0,0,0,0,0,0,0,0,0,0,0,0,0,0,0,0,0,0,0
4090,4519,80,0,61419,3711," Der Ton macht den Loporrit",0,0,0,0,0,0,0,0,0,0,0,0,0,0,0,0,0,0,0,0,0,0,0,0
4091,4276,80,0,61411,3713," Erzlichen Glückwunsch",0,0,0,0,0,0,0,0,0,0,0,0,0,0,0,0,0,0,0,0,0,0,0,0
4092,4277,80,0,61411,3713," Warnung vor dem Gift",0,0,0,0,0,0,0,0,0,0,0,0,0,0,0,0,0,0,0,0,0,0,0,0
4093,4278,80,0,61411,3713," Vor Verzehr gründlich waschen",0,0,0,0,0,0,0,0,0,0,0,0,0,0,0,0,0,0,0,0,0,0,0,0
4094,4279,80,0,61411,3713," Geniest und genossen",0,0,0,0,0,0,0,0,0,0,0,0,0,0,0,0,0,0,0,0,0,0,0,0
4095,4280,80,0,61411,3713," Süße Verlockung",0,0,0,0,0,0,0,0,0,0,0,0,0,0,0,0,0,0,0,0,0,0,0,0
4096,4281,80,0,61411,3713," Auf den Geschmack gekommen",0,0,0,0,0,0,0,0,0,0,0,0,0,0,0,0,0,0,0,0,0,0,0,0
4097,4282,80,0,61411,3713," Auf Herz und Nieren getestet",0,0,0,0,0,0,0,0,0,0,0,0,0,0,0,0,0,0,0,0,0,0,0,0
4098,4283,80,0,61411,3713," Unfertige Daidalions",0,0,0,0,0,0,0,0,0,0,0,0,0,0,0,0,0,0,0,0,0,0,0,0
4099,4284,80,0,61411,3713," Hoher Besuch aus Amaurot",0,0,0,0,0,0,0,0,0,0,0,0,0,0,0,0,0,0,0,0,0,0,0,0
4100,4285,80,0,61411,3713," Schöpfung ohne Magie",0,0,0,0,0,0,0,0,0,0,0,0,0,0,0,0,0,0,0,0,0,0,0,0
4101,4286,80,0,61411,3713," Pausen sind wichtig",0,0,0,0,0,0,0,0,0,0,0,0,0,0,0,0,0,0,0,0,0,0,0,0
4102,4287,80,0,61411,3713," Flatternatter und Mogelvogel",0,0,0,0,0,0,0,0,0,0,0,0,0,0,0,0,0,0,0,0,0,0,0,0
4103,4507,80,0,61419,3713," Wer will fleißige Beobachter sehen?",0,0,0,0,0,0,0,0,0,0,0,0,0,0,0,0,0,0,0,0,0,0,0,0
4104,4508,80,0,61411,3713," Ein Rundgang durch die Anagnorisis",0,0,0,0,0,0,0,0,0,0,0,0,0,0,0,0,0,0,0,0,0,0,0,0
4105,4509,80,0,61411,3713," Philosophieren über Nahrung",0,0,0,0,0,0,0,0,0,0,0,0,0,0,0,0,0,0,0,0,0,0,0,0
4106,4510,80,0,61411,3713," Unser Platz in dieser Welt",0,0,0,0,0,0,0,0,0,0,0,0,0,0,0,0,0,0,0,0,0,0,0,0
4107,4288,80,0,61419,3713," Ein Kätzchen mit dem 6. Sinn",0,0,0,0,0,0,0,0,0,0,0,0,0,0,0,0,0,0,0,0,0,0,0,0
4108,4289,80,0,61411,3713," Geira-Katzen bringen Glück",0,0,0,0,0,0,0,0,0,0,0,0,0,0,0,0,0,0,0,0,0,0,0,0
4109,4290,80,0,61411,3713," Eine Pflanze auf der Flucht",0,0,0,0,0,0,0,0,0,0,0,0,0,0,0,0,0,0,0,0,0,0,0,0
4110,4291,80,0,61411,3713," Leben bedeutet Wandel",0,0,0,0,0,0,0,0,0,0,0,0,0,0,0,0,0,0,0,0,0,0,0,0
4111,4292,80,0,61411,3713," Vom süßen Duft angezogen",0,0,0,0,0,0,0,0,0,0,0,0,0,0,0,0,0,0,0,0,0,0,0,0
4112,4293,80,0,61411,3713," Das Geheimnis der Zwölf Gärten",0,0,0,0,0,0,0,0,0,0,0,0,0,0,0,0,0,0,0,0,0,0,0,0
4113,4294,80,0,61411,3713," Eine Insel nur für Giftiges",0,0,0,0,0,0,0,0,0,0,0,0,0,0,0,0,0,0,0,0,0,0,0,0
4114,4295,80,0,61411,3713," Wie im Flug",0,0,0,0,0,0,0,0,0,0,0,0,0,0,0,0,0,0,0,0,0,0,0,0
4115,4296,80,0,61411,3713," Kompakt, praktisch, gut",0,0,0,0,0,0,0,0,0,0,0,0,0,0,0,0,0,0,0,0,0,0,0,0
4116,4297,80,0,61411,3713," Augen auf Abwegen",0,0,0,0,0,0,0,0,0,0,0,0,0,0,0,0,0,0,0,0,0,0,0,0
4117,4298,80,0,61411,3713," Nachwuchsarbeit",0,0,0,0,0,0,0,0,0,0,0,0,0,0,0,0,0,0,0,0,0,0,0,0
4118,4299,80,0,61411,3713," Bommel im Wind",0,0,0,0,0,0,0,0,0,0,0,0,0,0,0,0,0,0,0,0,0,0,0,0
4119,4300,80,0,61411,3713," Wettstreit der Familiare",0,0,0,0,0,0,0,0,0,0,0,0,0,0,0,0,0,0,0,0,0,0,0,0
4120,4301,80,0,61411,3713," Die Krux mit den Namen",0,0,0,0,0,0,0,0,0,0,0,0,0,0,0,0,0,0,0,0,0,0,0,0
4121,4302,80,0,61411,3713," Verführerische Muse",0,0,0,0,0,0,0,0,0,0,0,0,0,0,0,0,0,0,0,0,0,0,0,0
4122,4303,80,0,61411,3713," Ein Trank, der es in sich hat",0,0,0,0,0,0,0,0,0,0,0,0,0,0,0,0,0,0,0,0,0,0,0,0
4123,4304,80,0,61411,3713," Sag's doch mit Blumen",0,0,0,0,0,0,0,0,0,0,0,0,0,0,0,0,0,0,0,0,0,0,0,0
4124,4305,80,0,61411,3713," Eine Wartin will nicht warten",0,0,0,0,0,0,0,0,0,0,0,0,0,0,0,0,0,0,0,0,0,0,0,0
4125,4306,80,0,61411,3713," Eile mit Weile",0,0,0,0,0,0,0,0,0,0,0,0,0,0,0,0,0,0,0,0,0,0,0,0
4126,4307,80,0,61411,3713," Von einem, der auszog das Wecken zu lernen",0,0,0,0,0,0,0,0,0,0,0,0,0,0,0,0,0,0,0,0,0,0,0,0
4127,4308,80,0,61411,3713," Der Vogel Starr",0,0,0,0,0,0,0,0,0,0,0,0,0,0,0,0,0,0,0,0,0,0,0,0
4128,4309,80,0,61411,3713," Etwas über den Durst getrunken",0,0,0,0,0,0,0,0,0,0,0,0,0,0,0,0,0,0,0,0,0,0,0,0
4129,4310,80,0,61411,3713," Möhriger Dank",0,0,0,0,0,0,0,0,0,0,0,0,0,0,0,0,0,0,0,0,0,0,0,0
4130,4311,80,0,61411,3713," Der Flug der Charybdis",0,0,0,0,0,0,0,0,0,0,0,0,0,0,0,0,0,0,0,0,0,0,0,0
4131,4312,80,0,61411,3713," Der Stachel des Anstoßes",0,0,0,0,0,0,0,0,0,0,0,0,0,0,0,0,0,0,0,0,0,0,0,0
4132,4313,80,0,61419,3713," Keine Peilung",0,0,0,0,0,0,0,0,0,0,0,0,0,0,0,0,0,0,0,0,0,0,0,0
4133,4314,80,0,61411,3713," Protokoll einer Wanderung",0,0,0,0,0,0,0,0,0,0,0,0,0,0,0,0,0,0,0,0,0,0,0,0
4134,4315,80,0,61411,3713," Ärger auf zwei Beinen",0,0,0,0,0,0,0,0,0,0,0,0,0,0,0,0,0,0,0,0,0,0,0,0
4135,4511,80,0,61419,3713," Ein erwarteter Gast",0,0,0,0,0,0,0,0,0,0,0,0,0,0,0,0,0,0,0,0,0,0,0,0
4136,4512,80,0,61411,3713," Ein besserer Batrachoi",0,0,0,0,0,0,0,0,0,0,0,0,0,0,0,0,0,0,0,0,0,0,0,0
4137,4513,80,0,61411,3713," Zahme Bestie",0,0,0,0,0,0,0,0,0,0,0,0,0,0,0,0,0,0,0,0,0,0,0,0
4138,4514,80,0,61411,3713," Entfesselung der Bestie",0,0,0,0,0,0,0,0,0,0,0,0,0,0,0,0,0,0,0,0,0,0,0,0
4139,4515,80,0,61411,3713," Trauerarbeit",0,0,0,0,0,0,0,0,0,0,0,0,0,0,0,0,0,0,0,0,0,0,0,0
4140,4339,80,0,61411,3712," Dämonen der Furcht",0,0,0,0,0,0,0,0,0,0,0,0,0,0,0,0,0,0,0,0,0,0,0,0
4141,4337,80,0,61411,3712," Ein gnädiges Ende",0,0,0,0,0,0,0,0,0,0,0,0,0,0,0,0,0,0,0,0,0,0,0,0
4142,4338,80,0,61411,3712," Lieder eines trauernden Drachen",0,0,0,0,0,0,0,0,0,0,0,0,0,0,0,0,0,0,0,0,0,0,0,0
4143,4340,80,0,61411,3712," Erinnerung an eine vergangene Welt",0,0,0,0,0,0,0,0,0,0,0,0,0,0,0,0,0,0,0,0,0,0,0,0
4144,4341,80,0,61411,3712," Die Schmach der Machtlosigkeit",0,0,0,0,0,0,0,0,0,0,0,0,0,0,0,0,0,0,0,0,0,0,0,0
4145,4348,80,0,61411,3712," Die Geschichte der Zurückgelassenen",0,0,0,0,0,0,0,0,0,0,0,0,0,0,0,0,0,0,0,0,0,0,0,0
4146,4349,80,0,61411,3712," Gut gebrüllt, Drache!",0,0,0,0,0,0,0,0,0,0,0,0,0,0,0,0,0,0,0,0,0,0,0,0
4147,4350,80,0,61411,3712," Die Liebe einer Drachenmutter",0,0,0,0,0,0,0,0,0,0,0,0,0,0,0,0,0,0,0,0,0,0,0,0
4148,4342,80,0,61419,3712," Tod durch Verschmelzung",0,0,0,0,0,0,0,0,0,0,0,0,0,0,0,0,0,0,0,0,0,0,0,0
4149,4343,80,0,61411,3712," Die Worte der Sterbenden",0,0,0,0,0,0,0,0,0,0,0,0,0,0,0,0,0,0,0,0,0,0,0,0
4150,4344,80,0,61411,3712," Warten in der Ewigkeit",0,0,0,0,0,0,0,0,0,0,0,0,0,0,0,0,0,0,0,0,0,0,0,0
4151,4345,80,0,61411,3712," Gefährlicher Heißhunger",0,0,0,0,0,0,0,0,0,0,0,0,0,0,0,0,0,0,0,0,0,0,0,0
4152,4346,80,0,61419,3712," Der Sinn des Seins",0,0,0,0,0,0,0,0,0,0,0,0,0,0,0,0,0,0,0,0,0,0,0,0
4153,4347,80,0,61411,3712," Auf der Suche nach Sterblichkeit",0,0,0,0,0,0,0,0,0,0,0,0,0,0,0,0,0,0,0,0,0,0,0,0
4154,4351,80,0,61411,3712," Aus zwei Seelen mach eine",0,0,0,0,0,0,0,0,0,0,0,0,0,0,0,0,0,0,0,0,0,0,0,0
4155,4352,80,0,61411,3712," Nachhilfe in Körpersprache",0,0,0,0,0,0,0,0,0,0,0,0,0,0,0,0,0,0,0,0,0,0,0,0
4156,4353,80,0,61411,3712," Gemeinsames Leben ist geteiltes Leid",0,0,0,0,0,0,0,0,0,0,0,0,0,0,0,0,0,0,0,0,0,0,0,0
4157,4354,80,0,61419,3712," Neue Daten, neue Hoffnung",0,0,0,0,0,0,0,0,0,0,0,0,0,0,0,0,0,0,0,0,0,0,0,0
4158,4355,80,0,61419,3712," Die Kampfkraft der Liebe",0,0,0,0,0,0,0,0,0,0,0,0,0,0,0,0,0,0,0,0,0,0,0,0
4159,4356,80,0,61411,3712," Rhythmische Abwechslung",0,0,0,0,0,0,0,0,0,0,0,0,0,0,0,0,0,0,0,0,0,0,0,0
4160,5469,1,0,61411,4504,"Die Legende vom Geflügelten Geist ",0,0,0,0,0,0,0,0,0,0,0,0,0,0,0,0,0,0,0,0,0,0,0,0
4161,5017,90,0,61411,4504," Die vielen Gesichter der Mamool Ja",0,0,0,0,0,0,0,0,0,0,0,0,0,0,0,0,0,0,0,0,0,0,0,0
4162,5018,90,0,61411,4504," 20.000 Malme über das Meer",0,0,0,0,0,0,0,0,0,0,0,0,0,0,0,0,0,0,0,0,0,0,0,0
4163,5019,90,0,61411,4504," Exotische Tacos",0,0,0,0,0,0,0,0,0,0,0,0,0,0,0,0,0,0,0,0,0,0,0,0
4164,5020,90,0,61411,4504," Der Beginn einer hungrigen Reise",0,0,0,0,0,0,0,0,0,0,0,0,0,0,0,0,0,0,0,0,0,0,0,0
4165,5021,90,0,61411,4504," Der Maler über dem Dächermeer",0,0,0,0,0,0,0,0,0,0,0,0,0,0,0,0,0,0,0,0,0,0,0,0
4166,5022,90,0,61411,4504," Trommelinspektion",0,0,0,0,0,0,0,0,0,0,0,0,0,0,0,0,0,0,0,0,0,0,0,0
4167,5023,90,0,61411,4504," Lieferungen nach Tuliyollal",0,0,0,0,0,0,0,0,0,0,0,0,0,0,0,0,0,0,0,0,0,0,0,0
4168,5024,90,0,61411,4504," Kompost kommt prompt",0,0,0,0,0,0,0,0,0,0,0,0,0,0,0,0,0,0,0,0,0,0,0,0
4169,5025,90,0,61411,4504," Furchterregende Forschungsobjekte",0,0,0,0,0,0,0,0,0,0,0,0,0,0,0,0,0,0,0,0,0,0,0,0
4170,5026,90,0,61411,4504," Nostalgische Schnitzeljagd",0,0,0,0,0,0,0,0,0,0,0,0,0,0,0,0,0,0,0,0,0,0,0,0
4171,5027,90,0,61411,4504," Angespannte Ausreißer",0,0,0,0,0,0,0,0,0,0,0,0,0,0,0,0,0,0,0,0,0,0,0,0
4172,5028,90,0,61411,4504," Ein lang ersehnter Brief",0,0,0,0,0,0,0,0,0,0,0,0,0,0,0,0,0,0,0,0,0,0,0,0
4173,5029,90,0,61411,4504," Eine Gilde auf Tural?",0,0,0,0,0,0,0,0,0,0,0,0,0,0,0,0,0,0,0,0,0,0,0,0
4174,5307,100,0,61411,4504,"Des Hungers scharfe Klinge",0,0,0,0,0,0,0,0,0,0,0,0,0,0,0,0,0,0,0,0,0,0,0,0
4175,5009,90,0,61419,4504,"Hohe Jagd auf Tural 1",0,0,0,0,0,0,0,0,0,0,0,0,0,0,0,0,0,0,0,0,0,0,0,0
4176,5010,94,0,61419,4504,"Hohe Jagd auf Tural 2",0,0,0,0,0,0,0,0,0,0,0,0,0,0,0,0,0,0,0,0,0,0,0,0
4177,5011,99,0,61419,4504,"Hohe Jagd auf Tural 3",0,0,0,0,0,0,0,0,0,0,0,0,0,0,0,0,0,0,0,0,0,0,0,0
4178,5012,100,0,61419,4504,"Hochwildjagd auf Tural",0,0,0,0,0,0,0,0,0,0,0,0,0,0,0,0,0,0,0,0,0,0,0,0
4179,5013,100,0,61419,4504,"Für eine Handvoll Nadeln",0,0,0,0,0,0,0,0,0,0,0,0,0,0,0,0,0,0,0,0,0,0,0,0
4180,5030,90,0,61411,4505," Karreninspektion",0,0,0,0,0,0,0,0,0,0,0,0,0,0,0,0,0,0,0,0,0,0,0,0
4181,5031,90,0,61411,4505," Die Pelupelu in Rot",0,0,0,0,0,0,0,0,0,0,0,0,0,0,0,0,0,0,0,0,0,0,0,0
4182,5032,90,0,61411,4505," Authentisches Baderitual",0,0,0,0,0,0,0,0,0,0,0,0,0,0,0,0,0,0,0,0,0,0,0,0
4183,5033,90,0,61411,4505," Auf der Suche nach dem Glück",0,0,0,0,0,0,0,0,0,0,0,0,0,0,0,0,0,0,0,0,0,0,0,0
4184,5034,90,0,61411,4505," Mate-Tee auch jenseits der See",0,0,0,0,0,0,0,0,0,0,0,0,0,0,0,0,0,0,0,0,0,0,0,0
4185,5035,90,0,61411,4505," Hektik auf der Plantage",0,0,0,0,0,0,0,0,0,0,0,0,0,0,0,0,0,0,0,0,0,0,0,0
4186,5036,90,0,61411,4505," Ein unverkennbarer Gestank",0,0,0,0,0,0,0,0,0,0,0,0,0,0,0,0,0,0,0,0,0,0,0,0
4187,5037,90,0,61411,4505," Ganz besondere Bohnen",0,0,0,0,0,0,0,0,0,0,0,0,0,0,0,0,0,0,0,0,0,0,0,0
4188,5038,90,0,61411,4505," Ein richtiger Rachenputzer",0,0,0,0,0,0,0,0,0,0,0,0,0,0,0,0,0,0,0,0,0,0,0,0
4189,5039,90,0,61419,4505," Söldner in Not",0,0,0,0,0,0,0,0,0,0,0,0,0,0,0,0,0,0,0,0,0,0,0,0
4190,5040,90,0,61411,4505," Nicht zu ertragen, dieser hungrige Magen",0,0,0,0,0,0,0,0,0,0,0,0,0,0,0,0,0,0,0,0,0,0,0,0
4191,5051,90,0,61419,4505," Ein seltenes Stück, jedenfalls auf Tural",0,0,0,0,0,0,0,0,0,0,0,0,0,0,0,0,0,0,0,0,0,0,0,0
4192,5052,90,0,61419,4505," Üble Handelspraktiken sind das, ja ja",0,0,0,0,0,0,0,0,0,0,0,0,0,0,0,0,0,0,0,0,0,0,0,0
4193,5053,90,0,61419,4505," Gesucht wird ... die perfekte Ware",0,0,0,0,0,0,0,0,0,0,0,0,0,0,0,0,0,0,0,0,0,0,0,0
4194,5054,90,0,61419,4505," Zwei Kontinente, verbunden durch den Handel",0,0,0,0,0,0,0,0,0,0,0,0,0,0,0,0,0,0,0,0,0,0,0,0
4195,5041,90,0,61411,4505," Blumen für Großmutter",0,0,0,0,0,0,0,0,0,0,0,0,0,0,0,0,0,0,0,0,0,0,0,0
4196,5042,90,0,61411,4505," Schwer zu beeindrucken",0,0,0,0,0,0,0,0,0,0,0,0,0,0,0,0,0,0,0,0,0,0,0,0
4197,5043,90,0,61411,4505," Weihwasser gegen Feuerteufel",0,0,0,0,0,0,0,0,0,0,0,0,0,0,0,0,0,0,0,0,0,0,0,0
4198,5044,90,0,61411,4505," Farben, die Geschichte schreiben",0,0,0,0,0,0,0,0,0,0,0,0,0,0,0,0,0,0,0,0,0,0,0,0
4199,5045,90,0,61411,4505," Medizin für die Riesenapotheke",0,0,0,0,0,0,0,0,0,0,0,0,0,0,0,0,0,0,0,0,0,0,0,0
4200,5046,90,0,61411,4505," Eine haltbar gemachte Tradition",0,0,0,0,0,0,0,0,0,0,0,0,0,0,0,0,0,0,0,0,0,0,0,0
4201,5047,90,0,61419,4505," Ein erleuchtendes Ritual",0,0,0,0,0,0,0,0,0,0,0,0,0,0,0,0,0,0,0,0,0,0,0,0
4202,5048,90,0,61411,4505," Attisches Salz",0,0,0,0,0,0,0,0,0,0,0,0,0,0,0,0,0,0,0,0,0,0,0,0
4203,5049,90,0,61411,4505," Alles aus den Fingern gesaugt",0,0,0,0,0,0,0,0,0,0,0,0,0,0,0,0,0,0,0,0,0,0,0,0
4204,5050,90,0,61411,4505," Früchte tragen",0,0,0,0,0,0,0,0,0,0,0,0,0,0,0,0,0,0,0,0,0,0,0,0
4205,5055,90,0,61419,4505," Ein großer Bewunderer",0,0,0,0,0,0,0,0,0,0,0,0,0,0,0,0,0,0,0,0,0,0,0,0
4206,5056,90,0,61419,4505," Ein lehrreicher Auftrag",0,0,0,0,0,0,0,0,0,0,0,0,0,0,0,0,0,0,0,0,0,0,0,0
4207,5057,90,0,61419,4505," Ausblick auf die Ver<hex:02160103>gangen<hex:02160103>heit",0,0,0,0,0,0,0,0,0,0,0,0,0,0,0,0,0,0,0,0,0,0,0,0
4208,5058,90,0,61419,4505," Die Taufe des Beschützers",0,0,0,0,0,0,0,0,0,0,0,0,0,0,0,0,0,0,0,0,0,0,0,0
4209,5059,90,0,61419,4505," Der erste Schritt",0,0,0,0,0,0,0,0,0,0,0,0,0,0,0,0,0,0,0,0,0,0,0,0
4210,5060,90,0,61411,4506," Tragende Säulen",0,0,0,0,0,0,0,0,0,0,0,0,0,0,0,0,0,0,0,0,0,0,0,0
4211,5061,90,0,61411,4506," Mauserzeit",0,0,0,0,0,0,0,0,0,0,0,0,0,0,0,0,0,0,0,0,0,0,0,0
4212,5062,90,0,61411,4506," Gefahr am Dock",0,0,0,0,0,0,0,0,0,0,0,0,0,0,0,0,0,0,0,0,0,0,0,0
4213,5063,90,0,61411,4506," Ernährung der Hanuhanu",0,0,0,0,0,0,0,0,0,0,0,0,0,0,0,0,0,0,0,0,0,0,0,0
4214,5064,90,0,61419,4506," Opfergabe für Kixaihih",0,0,0,0,0,0,0,0,0,0,0,0,0,0,0,0,0,0,0,0,0,0,0,0
4215,5065,90,0,61411,4506," Das Flüstern des Windes",0,0,0,0,0,0,0,0,0,0,0,0,0,0,0,0,0,0,0,0,0,0,0,0
4216,5066,90,0,61411,4506," Sprung in eine unbekannte Kultur",0,0,0,0,0,0,0,0,0,0,0,0,0,0,0,0,0,0,0,0,0,0,0,0
4217,5067,90,0,61411,4506," Die Schönheit von Kikitola",0,0,0,0,0,0,0,0,0,0,0,0,0,0,0,0,0,0,0,0,0,0,0,0
4218,5068,90,0,61411,4506," Land des trockenen Schreins",0,0,0,0,0,0,0,0,0,0,0,0,0,0,0,0,0,0,0,0,0,0,0,0
4219,5069,90,0,61411,4506," Eine Delikatesse für Arbeiter",0,0,0,0,0,0,0,0,0,0,0,0,0,0,0,0,0,0,0,0,0,0,0,0
4220,5070,90,0,61411,4506," Die Lieblingsknabberei der Hanuhanu",0,0,0,0,0,0,0,0,0,0,0,0,0,0,0,0,0,0,0,0,0,0,0,0
4221,5081,90,0,61419,4506," Der Ritus des Windes",0,0,0,0,0,0,0,0,0,0,0,0,0,0,0,0,0,0,0,0,0,0,0,0
4222,5082,90,0,61411,4506," Eine Feder nach der anderen",0,0,0,0,0,0,0,0,0,0,0,0,0,0,0,0,0,0,0,0,0,0,0,0
4223,5083,90,0,61411,4506," Der Segen des Windes",0,0,0,0,0,0,0,0,0,0,0,0,0,0,0,0,0,0,0,0,0,0,0,0
4224,5084,90,0,61411,4506," Die Antwort von Nahanshe",0,0,0,0,0,0,0,0,0,0,0,0,0,0,0,0,0,0,0,0,0,0,0,0
4225,5071,90,0,61411,4506," Scherben bringen Helfenhand",0,0,0,0,0,0,0,0,0,0,0,0,0,0,0,0,0,0,0,0,0,0,0,0
4226,5073,90,0,61411,4506," Funkelt, kleine Glitzersteine",0,0,0,0,0,0,0,0,0,0,0,0,0,0,0,0,0,0,0,0,0,0,0,0
4227,5076,90,0,61411,4506," Ein unvergesslicher Notenduft",0,0,0,0,0,0,0,0,0,0,0,0,0,0,0,0,0,0,0,0,0,0,0,0
4228,5072,90,0,61411,4506," Angelding auf Abwegen",0,0,0,0,0,0,0,0,0,0,0,0,0,0,0,0,0,0,0,0,0,0,0,0
4229,5074,90,0,61419,4506," Denkfrüchte für Topfwerker",0,0,0,0,0,0,0,0,0,0,0,0,0,0,0,0,0,0,0,0,0,0,0,0
4230,5075,90,0,61411,4506," Gräser auf Grund",0,0,0,0,0,0,0,0,0,0,0,0,0,0,0,0,0,0,0,0,0,0,0,0
4231,5077,90,0,61411,4506," Geheimstrenge Arbeit",0,0,0,0,0,0,0,0,0,0,0,0,0,0,0,0,0,0,0,0,0,0,0,0
4232,5078,90,0,61411,4506," Letzter Aufruf nach Irdehalde",0,0,0,0,0,0,0,0,0,0,0,0,0,0,0,0,0,0,0,0,0,0,0,0
4233,5079,90,0,61411,4506," Viele Flammen, viele Mägen",0,0,0,0,0,0,0,0,0,0,0,0,0,0,0,0,0,0,0,0,0,0,0,0
4234,5080,90,0,61411,4506," Risikominimierung",0,0,0,0,0,0,0,0,0,0,0,0,0,0,0,0,0,0,0,0,0,0,0,0
4235,5085,90,0,61419,4506," Jeder Töpfepakt hat ein Ende",0,0,0,0,0,0,0,0,0,0,0,0,0,0,0,0,0,0,0,0,0,0,0,0
4236,5086,90,0,61411,4506," Spion in doppelter Mission",0,0,0,0,0,0,0,0,0,0,0,0,0,0,0,0,0,0,0,0,0,0,0,0
4237,5087,90,0,61411,4506," Hilfe für eine Helferin",0,0,0,0,0,0,0,0,0,0,0,0,0,0,0,0,0,0,0,0,0,0,0,0
4238,5088,90,0,61411,4506," Ein Pakt für die Ewigkeit",0,0,0,0,0,0,0,0,0,0,0,0,0,0,0,0,0,0,0,0,0,0,0,0
4239,5089,90,0,61411,4506," Ausrüstung für die Landsgarde",0,0,0,0,0,0,0,0,0,0,0,0,0,0,0,0,0,0,0,0,0,0,0,0
4240,5090,90,0,61411,4507," Das Gesetz des Dschungels",0,0,0,0,0,0,0,0,0,0,0,0,0,0,0,0,0,0,0,0,0,0,0,0
4241,5091,90,0,61411,4507," In den Tiefen der Tsoly",0,0,0,0,0,0,0,0,0,0,0,0,0,0,0,0,0,0,0,0,0,0,0,0
4242,5092,90,0,61411,4507," Der blutrote Cenote",0,0,0,0,0,0,0,0,0,0,0,0,0,0,0,0,0,0,0,0,0,0,0,0
4243,5093,90,0,61411,4507," Mit dem Kopf in den Wolken",0,0,0,0,0,0,0,0,0,0,0,0,0,0,0,0,0,0,0,0,0,0,0,0
4244,5094,90,0,61419,4507," Das Geheimnis der Aschenfront",0,0,0,0,0,0,0,0,0,0,0,0,0,0,0,0,0,0,0,0,0,0,0,0
4245,5095,90,0,61411,4507," Lernbegierige Schützlinge",0,0,0,0,0,0,0,0,0,0,0,0,0,0,0,0,0,0,0,0,0,0,0,0
4246,5096,90,0,61411,4507," Die Narben, die zurückbleiben",0,0,0,0,0,0,0,0,0,0,0,0,0,0,0,0,0,0,0,0,0,0,0,0
4247,5097,90,0,61411,4507," Unverhoffte Botengänge",0,0,0,0,0,0,0,0,0,0,0,0,0,0,0,0,0,0,0,0,0,0,0,0
4248,5098,90,0,61411,4507," Von den Schätzen des Waldes",0,0,0,0,0,0,0,0,0,0,0,0,0,0,0,0,0,0,0,0,0,0,0,0
4249,5099,90,0,61411,4507," Die hungrige Reise geht weiter",0,0,0,0,0,0,0,0,0,0,0,0,0,0,0,0,0,0,0,0,0,0,0,0
4250,5110,90,0,61419,4507," Jagd nach höheren Weihen",0,0,0,0,0,0,0,0,0,0,0,0,0,0,0,0,0,0,0,0,0,0,0,0
4251,5111,90,0,61419,4507," Eine große Familie",0,0,0,0,0,0,0,0,0,0,0,0,0,0,0,0,0,0,0,0,0,0,0,0
4252,5112,90,0,61419,4507," Ty'at Rohs Traum",0,0,0,0,0,0,0,0,0,0,0,0,0,0,0,0,0,0,0,0,0,0,0,0
4253,5113,90,0,61419,4507," Die Auf<hex:02160103>nahme<hex:02160103>prüfung",0,0,0,0,0,0,0,0,0,0,0,0,0,0,0,0,0,0,0,0,0,0,0,0
4254,5100,90,0,61411,4507," Stein auf Stein",0,0,0,0,0,0,0,0,0,0,0,0,0,0,0,0,0,0,0,0,0,0,0,0
4255,5101,90,0,61411,4507," Beflügelt von der Liebe",0,0,0,0,0,0,0,0,0,0,0,0,0,0,0,0,0,0,0,0,0,0,0,0
4256,5102,90,0,61411,4507," Der nötige Respekt",0,0,0,0,0,0,0,0,0,0,0,0,0,0,0,0,0,0,0,0,0,0,0,0
4257,5103,90,0,61419,4507," Schaurige Vorstellung",0,0,0,0,0,0,0,0,0,0,0,0,0,0,0,0,0,0,0,0,0,0,0,0
4258,5104,90,0,61411,4507," Die mysteriöse Erscheinung",0,0,0,0,0,0,0,0,0,0,0,0,0,0,0,0,0,0,0,0,0,0,0,0
4259,5105,90,0,61411,4507," Zur Sonne",0,0,0,0,0,0,0,0,0,0,0,0,0,0,0,0,0,0,0,0,0,0,0,0
4260,5106,90,0,61411,4507," Süßes Geheimnis",0,0,0,0,0,0,0,0,0,0,0,0,0,0,0,0,0,0,0,0,0,0,0,0
4261,5107,90,0,61411,4507," Die Zukunft des Hains",0,0,0,0,0,0,0,0,0,0,0,0,0,0,0,0,0,0,0,0,0,0,0,0
4262,5108,90,0,61411,4507," Man ist nur so alt, wie man sich fühlt",0,0,0,0,0,0,0,0,0,0,0,0,0,0,0,0,0,0,0,0,0,0,0,0
4263,5109,90,0,61411,4507," Der beste Freund des Doppro",0,0,0,0,0,0,0,0,0,0,0,0,0,0,0,0,0,0,0,0,0,0,0,0
4264,5114,90,0,61419,4507," Des Söldners verlorene Kraft",0,0,0,0,0,0,0,0,0,0,0,0,0,0,0,0,0,0,0,0,0,0,0,0
4265,5115,90,0,61419,4507," Beim Choliselvaas",0,0,0,0,0,0,0,0,0,0,0,0,0,0,0,0,0,0,0,0,0,0,0,0
4266,5116,90,0,61419,4507," Nichts stinkt schöner",0,0,0,0,0,0,0,0,0,0,0,0,0,0,0,0,0,0,0,0,0,0,0,0
4267,5117,90,0,61419,4507," Rauchbomben mit durchschlagender Wirkung",0,0,0,0,0,0,0,0,0,0,0,0,0,0,0,0,0,0,0,0,0,0,0,0
4268,5118,90,0,61419,4507," Wir sind ein Wald",0,0,0,0,0,0,0,0,0,0,0,0,0,0,0,0,0,0,0,0,0,0,0,0
4269,5239,90,0,61419,4504,"Neue Schienen braucht das Land",0,0,0,0,0,0,0,0,0,0,0,0,0,0,0,0,0,0,0,0,0,0,0,0
4270,5460,90,0,61419,4504,"Zeit für Tacos",0,0,0,0,0,0,0,0,0,0,0,0,0,0,0,0,0,0,0,0,0,0,0,0
4271,5461,90,0,61419,4504,"Ein erfüllter Traum",3960,0,0,0,0,0,0,0,0,0,0,0,0,0,0,0,0,0,0,0,0,0,0,0
4272,5119,90,0,61411,4508," Das Premium-Paket",0,0,0,0,0,0,0,0,0,0,0,0,0,0,0,0,0,0,0,0,0,0,0,0
4273,5120,90,0,61411,4508," Bitte schön, Ihr Wasser!",0,0,0,0,0,0,0,0,0,0,0,0,0,0,0,0,0,0,0,0,0,0,0,0
4274,5121,90,0,61411,4508," Stachelige Spezialität",0,0,0,0,0,0,0,0,0,0,0,0,0,0,0,0,0,0,0,0,0,0,0,0
4275,5123,90,0,61411,4508," Ein Rroneek zum Knuddeln",0,0,0,0,0,0,0,0,0,0,0,0,0,0,0,0,0,0,0,0,0,0,0,0
4276,5125,90,0,61411,4508," Drohende Explosion",0,0,0,0,0,0,0,0,0,0,0,0,0,0,0,0,0,0,0,0,0,0,0,0
4277,5126,90,0,61411,4508," Routine-Inspektion",0,0,0,0,0,0,0,0,0,0,0,0,0,0,0,0,0,0,0,0,0,0,0,0
4278,5129,90,0,61411,4508," Ein traditionelles Rezept",0,0,0,0,0,0,0,0,0,0,0,0,0,0,0,0,0,0,0,0,0,0,0,0
4279,5130,90,0,61419,4508," Gebet im Kerzenschein",0,0,0,0,0,0,0,0,0,0,0,0,0,0,0,0,0,0,0,0,0,0,0,0
4280,5131,90,0,61411,4508," Bruder in Not",0,0,0,0,0,0,0,0,0,0,0,0,0,0,0,0,0,0,0,0,0,0,0,0
4281,5134,90,0,61411,4508," Hungrig auf Heimat",0,0,0,0,0,0,0,0,0,0,0,0,0,0,0,0,0,0,0,0,0,0,0,0
4282,5140,90,0,61419,4508," Dubiose Geschäfte?",0,0,0,0,0,0,0,0,0,0,0,0,0,0,0,0,0,0,0,0,0,0,0,0
4283,5141,90,0,61411,4508," Verlorene Inspiration",0,0,0,0,0,0,0,0,0,0,0,0,0,0,0,0,0,0,0,0,0,0,0,0
4284,5142,90,0,61411,4508," Die Rückkehr der Tänzerin",0,0,0,0,0,0,0,0,0,0,0,0,0,0,0,0,0,0,0,0,0,0,0,0
4285,5143,90,0,61411,4508," Träume werden wahr",0,0,0,0,0,0,0,0,0,0,0,0,0,0,0,0,0,0,0,0,0,0,0,0
4286,5135,90,0,61411,4508," Ach du heilige Sch...lange!",0,0,0,0,0,0,0,0,0,0,0,0,0,0,0,0,0,0,0,0,0,0,0,0
4287,5137,90,0,61411,4508," Wo Winde die Zeit verwehen",0,0,0,0,0,0,0,0,0,0,0,0,0,0,0,0,0,0,0,0,0,0,0,0
4288,5136,90,0,61411,4508," Die Nacht versank im Morgen",0,0,0,0,0,0,0,0,0,0,0,0,0,0,0,0,0,0,0,0,0,0,0,0
4289,5138,90,0,61419,4508," Das Schicksal der Rroneek",0,0,0,0,0,0,0,0,0,0,0,0,0,0,0,0,0,0,0,0,0,0,0,0
4290,5139,90,0,61411,4508," Verbindende Hörner",0,0,0,0,0,0,0,0,0,0,0,0,0,0,0,0,0,0,0,0,0,0,0,0
4291,5122,90,0,61411,4508," Ein ganz besonderer Geschmack",0,0,0,0,0,0,0,0,0,0,0,0,0,0,0,0,0,0,0,0,0,0,0,0
4292,5132,90,0,61411,4508," Toffelabwehr",0,0,0,0,0,0,0,0,0,0,0,0,0,0,0,0,0,0,0,0,0,0,0,0
4293,5124,90,0,61411,4508," Verzögerte Warenkontrolle",0,0,0,0,0,0,0,0,0,0,0,0,0,0,0,0,0,0,0,0,0,0,0,0
4294,5127,90,0,61411,4508," Modische Faser",0,0,0,0,0,0,0,0,0,0,0,0,0,0,0,0,0,0,0,0,0,0,0,0
4295,5128,90,0,61411,4508," Ein stilles Gebet",0,0,0,0,0,0,0,0,0,0,0,0,0,0,0,0,0,0,0,0,0,0,0,0
4296,5133,90,0,61411,4508," Ein unverzichtbares Werkzeug",0,0,0,0,0,0,0,0,0,0,0,0,0,0,0,0,0,0,0,0,0,0,0,0
4297,5144,90,0,61419,4508," Blaue Gefahr",0,0,0,0,0,0,0,0,0,0,0,0,0,0,0,0,0,0,0,0,0,0,0,0
4298,5145,90,0,61411,4508," Aus den Tiefen des Schlunds",0,0,0,0,0,0,0,0,0,0,0,0,0,0,0,0,0,0,0,0,0,0,0,0
4299,5146,90,0,61411,4508," Den alten Geschichten lauschen",0,0,0,0,0,0,0,0,0,0,0,0,0,0,0,0,0,0,0,0,0,0,0,0
4300,5147,90,0,61411,4508," Weisheit, die sich bis heute bewährt hat",0,0,0,0,0,0,0,0,0,0,0,0,0,0,0,0,0,0,0,0,0,0,0,0
4301,5148,90,0,61411,4508," Graben für den Frieden",0,0,0,0,0,0,0,0,0,0,0,0,0,0,0,0,0,0,0,0,0,0,0,0
4302,5149,90,0,61411,4509," Wo sich die wilden Schaben laben",0,0,0,0,0,0,0,0,0,0,0,0,0,0,0,0,0,0,0,0,0,0,0,0
4303,5150,90,0,61411,4509," Die Qual der Wahl",0,0,0,0,0,0,0,0,0,0,0,0,0,0,0,0,0,0,0,0,0,0,0,0
4304,5151,90,0,61411,4509," Blitzkomfort",0,0,0,0,0,0,0,0,0,0,0,0,0,0,0,0,0,0,0,0,0,0,0,0
4305,5152,90,0,61411,4509," Spießroutenlauf durch die Donnersteppe",0,0,0,0,0,0,0,0,0,0,0,0,0,0,0,0,0,0,0,0,0,0,0,0
4306,5153,90,0,61419,4509," Kurzschluss mit Folgen",0,0,0,0,0,0,0,0,0,0,0,0,0,0,0,0,0,0,0,0,0,0,0,0
4307,5154,90,0,61411,4509," Unwiderstehlich gut",0,0,0,0,0,0,0,0,0,0,0,0,0,0,0,0,0,0,0,0,0,0,0,0
4308,5160,90,0,61419,4509," Unvorsichtige Hofverwalterin",0,0,0,0,0,0,0,0,0,0,0,0,0,0,0,0,0,0,0,0,0,0,0,0
4309,5161,90,0,61411,4509," Yyupyes Hinterlassenschaft",0,0,0,0,0,0,0,0,0,0,0,0,0,0,0,0,0,0,0,0,0,0,0,0
4310,5162,90,0,61411,4509," Exkursion zum Bahnhof",0,0,0,0,0,0,0,0,0,0,0,0,0,0,0,0,0,0,0,0,0,0,0,0
4311,5163,90,0,61411,4509," Mutters Traum",0,0,0,0,0,0,0,0,0,0,0,0,0,0,0,0,0,0,0,0,0,0,0,0
4312,5155,90,0,61411,4509," Gesucht und gefunden",0,0,0,0,0,0,0,0,0,0,0,0,0,0,0,0,0,0,0,0,0,0,0,0
4313,5156,90,0,61419,4509,"  Der unvorsichtige Phytologe",0,0,0,0,0,0,0,0,0,0,0,0,0,0,0,0,0,0,0,0,0,0,0,0
4314,5157,90,0,61411,4509," Der richtige Stupser",0,0,0,0,0,0,0,0,0,0,0,0,0,0,0,0,0,0,0,0,0,0,0,0
4315,5158,90,0,61411,4509," Blitzende Senken",0,0,0,0,0,0,0,0,0,0,0,0,0,0,0,0,0,0,0,0,0,0,0,0
4316,5159,90,0,61419,4509," Zahn der Zeit",0,0,0,0,0,0,0,0,0,0,0,0,0,0,0,0,0,0,0,0,0,0,0,0
4317,5164,90,0,61411,4503," Credits regieren die Welt",0,0,0,0,0,0,0,0,0,0,0,0,0,0,0,0,0,0,0,0,0,0,0,0
4318,5165,90,0,61411,4503," Versuchte Erpressung",0,0,0,0,0,0,0,0,0,0,0,0,0,0,0,0,0,0,0,0,0,0,0,0
4319,5166,90,0,61411,4503," Einsam in Scanpass Neun",0,0,0,0,0,0,0,0,0,0,0,0,0,0,0,0,0,0,0,0,0,0,0,0
4320,5167,90,0,61411,4503," Gruß aus der Ver<hex:02160103>gangen<hex:02160103>heit",0,0,0,0,0,0,0,0,0,0,0,0,0,0,0,0,0,0,0,0,0,0,0,0
4321,5168,90,0,61411,4503," Bürgerumfrage",0,0,0,0,0,0,0,0,0,0,0,0,0,0,0,0,0,0,0,0,0,0,0,0
4322,5169,90,0,61411,4503," Die letzte Ehre",0,0,0,0,0,0,0,0,0,0,0,0,0,0,0,0,0,0,0,0,0,0,0,0
4323,5170,90,0,61411,4503," Ein aufgeweckter Maschinenmann",0,0,0,0,0,0,0,0,0,0,0,0,0,0,0,0,0,0,0,0,0,0,0,0
4324,5171,90,0,61411,4503," Der Familienschatz",0,0,0,0,0,0,0,0,0,0,0,0,0,0,0,0,0,0,0,0,0,0,0,0
4325,5172,90,0,61411,4503," Wilde Katzenjagd",0,0,0,0,0,0,0,0,0,0,0,0,0,0,0,0,0,0,0,0,0,0,0,0
4326,5173,90,0,61411,4503," Eine hungrige Reise geht zu Ende",0,0,0,0,0,0,0,0,0,0,0,0,0,0,0,0,0,0,0,0,0,0,0,0
4327,5005,100,0,61419,4503,"Schwerst bewaffnet",0,0,0,0,0,0,0,0,0,0,0,0,0,0,0,0,0,0,0,0,0,0,0,0
4328,5014,100,0,61419,4503,"Ein Mahr wird wahr",0,0,0,0,0,0,0,0,0,0,0,0,0,0,0,0,0,0,0,0,0,0,0,0
4329,5240,90,0,61419,4508,"Schwer wiegt die Lok",3547,0,0,0,0,0,0,0,0,0,0,0,0,0,0,0,0,0,0,0,0,0,0,0
4330,5241,90,0,61419,4508,"Mit Kohle im Herzen",0,0,0,0,0,0,0,0,0,0,0,0,0,0,0,0,0,0,0,0,0,0,0,0
4331,5174,90,0,61419,4510," Der Wunschbrunnen",3512,0,0,0,0,0,0,0,0,0,0,0,0,0,0,0,0,0,0,0,0,0,0,0
4332,5175,90,0,61411,4510," Der Fluss der Geschichte",0,0,0,0,0,0,0,0,0,0,0,0,0,0,0,0,0,0,0,0,0,0,0,0
4333,5176,90,0,61419,4510," Worauf die Rätsel weisen",0,0,0,0,0,0,0,0,0,0,0,0,0,0,0,0,0,0,0,0,0,0,0,0
4334,5177,90,0,61411,4510," Brüderliche Hoffnung",3514,0,0,0,0,0,0,0,0,0,0,0,0,0,0,0,0,0,0,0,0,0,0,0
4335,5178,90,0,61419,4510," Zoologische Mutprobe",0,0,0,0,0,0,0,0,0,0,0,0,0,0,0,0,0,0,0,0,0,0,0,0
4336,5179,90,0,61419,4510," Beweis meiner Existenz",0,0,0,0,0,0,0,0,0,0,0,0,0,0,0,0,0,0,0,0,0,0,0,0
4337,5180,90,0,61411,4510," Geschichtsstunde",3515,0,0,0,0,0,0,0,0,0,0,0,0,0,0,0,0,0,0,0,0,0,0,0
4338,5181,90,0,61411,4510," Blumige Träume",3516,0,0,0,0,0,0,0,0,0,0,0,0,0,0,0,0,0,0,0,0,0,0,0
4339,285,1,0,62301,156,"Der Weg des Gladiators",0,0,0,0,0,0,0,0,0,0,0,0,0,0,0,0,0,0,0,0,0,0,0,0
4340,253,1,0,62301,156,"Der Weg des Gladiators",0,0,0,0,0,0,0,0,0,0,0,0,0,0,0,0,0,0,0,0,0,0,0,0
4341,286,1,0,62301,156,"Den Gladius aufnehmen",0,0,0,0,0,0,0,0,0,0,0,0,0,0,0,0,0,0,0,0,0,0,0,0
4342,256,5,0,62301,156,"Ausbruch der Feindseligkeit",34,0,0,0,0,0,0,0,0,0,0,0,0,0,0,0,0,0,0,0,0,0,0,0
4343,261,10,0,62301,156,"Gladiatoren in Gefahr",0,0,0,0,0,0,0,0,0,0,0,0,0,0,0,0,0,0,0,0,0,0,0,0
4344,288,10,0,62301,156,"Gladiatoren in Gefahr",0,0,0,0,0,0,0,0,0,0,0,0,0,0,0,0,0,0,0,0,0,0,0,0
4345,262,15,0,62301,156,"Die Rückkehr des Großmauls",35,0,0,0,0,0,0,0,0,0,0,0,0,0,0,0,0,0,0,0,0,0,0,0
4346,263,20,0,62301,156,"Wer sich in Gefahr begibt",36,0,0,0,0,0,0,0,0,0,0,0,0,0,0,0,0,0,0,0,0,0,0,0
4347,264,25,0,62301,156,"Schwert gegen Faust",0,0,0,0,0,0,0,0,0,0,0,0,0,0,0,0,0,0,0,0,0,0,0,0
4348,265,30,0,62301,156,"Nald'thals Zwillingsklinge",43,162,0,0,0,0,0,0,0,0,0,0,0,0,0,0,0,0,0,0,0,0,0,0
4349,532,1,0,62302,157,"Der Weg des Faustkämpfers",0,0,0,0,0,0,0,0,0,0,0,0,0,0,0,0,0,0,0,0,0,0,0,0
4350,533,1,0,62302,157,"Der Weg des Faustkämpfers",0,0,0,0,0,0,0,0,0,0,0,0,0,0,0,0,0,0,0,0,0,0,0,0
4351,553,1,0,62302,157,"Die Horas aufnehmen",0,0,0,0,0,0,0,0,0,0,0,0,0,0,0,0,0,0,0,0,0,0,0,0
4352,554,5,0,62302,157,"Härter als Stein",163,0,0,0,0,0,0,0,0,0,0,0,0,0,0,0,0,0,0,0,0,0,0,0
4353,555,10,0,62302,157,"Wie ein geölter Blitz",0,0,0,0,0,0,0,0,0,0,0,0,0,0,0,0,0,0,0,0,0,0,0,0
4354,698,10,0,62302,157,"Wie ein geölter Blitz",0,0,0,0,0,0,0,0,0,0,0,0,0,0,0,0,0,0,0,0,0,0,0,0
4355,558,15,0,62302,157,"Der Geist ist willig",164,0,0,0,0,0,0,0,0,0,0,0,0,0,0,0,0,0,0,0,0,0,0,0
4356,562,20,0,62302,157,"Den Kampfgeist schüren",165,0,0,0,0,0,0,0,0,0,0,0,0,0,0,0,0,0,0,0,0,0,0,0
4357,566,25,0,62302,157,"Vielversprechende Faustkämpfer",0,0,0,0,0,0,0,0,0,0,0,0,0,0,0,0,0,0,0,0,0,0,0,0
4358,567,30,0,62302,157,"Rückkehr der Götterfaust",166,167,0,0,0,0,0,0,0,0,0,0,0,0,0,0,0,0,0,0,0,0,0,0
4359,310,1,0,62303,158,"Der Weg des Marodeurs",0,0,0,0,0,0,0,0,0,0,0,0,0,0,0,0,0,0,0,0,0,0,0,0
4360,311,1,0,62303,158,"Der Weg des Marodeurs",0,0,0,0,0,0,0,0,0,0,0,0,0,0,0,0,0,0,0,0,0,0,0,0
4361,312,1,0,62303,158,"Die Axt aufnehmen",0,0,0,0,0,0,0,0,0,0,0,0,0,0,0,0,0,0,0,0,0,0,0,0
4362,313,5,0,62303,158,"Angriff der Megalokrabben",37,0,0,0,0,0,0,0,0,0,0,0,0,0,0,0,0,0,0,0,0,0,0,0
4363,314,10,0,62303,158,"Auf den Spuren von Kujata",0,0,0,0,0,0,0,0,0,0,0,0,0,0,0,0,0,0,0,0,0,0,0,0
4364,315,10,0,62303,158,"Auf den Spuren von Kujata",0,0,0,0,0,0,0,0,0,0,0,0,0,0,0,0,0,0,0,0,0,0,0,0
4365,316,15,0,62303,158,"Patripatan, bei Fuß!",0,0,0,0,0,0,0,0,0,0,0,0,0,0,0,0,0,0,0,0,0,0,0,0
4366,317,20,0,62303,158,"Der walzende Berg Kujata",38,39,0,0,0,0,0,0,0,0,0,0,0,0,0,0,0,0,0,0,0,0,0,0
4367,318,25,0,62303,158,"Generalprobe",0,0,0,0,0,0,0,0,0,0,0,0,0,0,0,0,0,0,0,0,0,0,0,0
4368,319,30,0,62303,158,"Der Tag der Entscheidung",41,42,0,0,0,0,0,0,0,0,0,0,0,0,0,0,0,0,0,0,0,0,0,0
4369,132,1,0,62304,159,"Der Weg des Pikeniers",0,0,0,0,0,0,0,0,0,0,0,0,0,0,0,0,0,0,0,0,0,0,0,0
4370,23,1,0,62304,159,"Der Weg des Pikeniers",0,0,0,0,0,0,0,0,0,0,0,0,0,0,0,0,0,0,0,0,0,0,0,0
4371,218,1,0,62304,159,"Den Speer aufnehmen",0,0,0,0,0,0,0,0,0,0,0,0,0,0,0,0,0,0,0,0,0,0,0,0
4372,47,5,0,62304,159,"Frohen Mutes",13,0,0,0,0,0,0,0,0,0,0,0,0,0,0,0,0,0,0,0,0,0,0,0
4373,35,10,0,62304,159,"Der Stein der Resolution",0,0,0,0,0,0,0,0,0,0,0,0,0,0,0,0,0,0,0,0,0,0,0,0
4374,143,10,0,62304,159,"Mutprobe",0,0,0,0,0,0,0,0,0,0,0,0,0,0,0,0,0,0,0,0,0,0,0,0
4375,55,15,0,62304,159,"Im Angesicht der Gefahr",0,0,0,0,0,0,0,0,0,0,0,0,0,0,0,0,0,0,0,0,0,0,0,0
4376,56,20,0,62304,159,"Wettstreit der Pikeniere",21,319,0,0,0,0,0,0,0,0,0,0,0,0,0,0,0,0,0,0,0,0,0,0
4377,438,25,0,62304,159,"Die drei Pikeniere",0,0,0,0,0,0,0,0,0,0,0,0,0,0,0,0,0,0,0,0,0,0,0,0
4378,439,30,0,62304,159,"Mut und Wahnsinn",28,16,0,0,0,0,0,0,0,0,0,0,0,0,0,0,0,0,0,0,0,0,0,0
4379,131,1,0,62305,160,"Der Weg des Waldläufers",0,0,0,0,0,0,0,0,0,0,0,0,0,0,0,0,0,0,0,0,0,0,0,0
4380,21,1,0,62305,160,"Der Weg des Waldläufers",0,0,0,0,0,0,0,0,0,0,0,0,0,0,0,0,0,0,0,0,0,0,0,0
4381,219,1,0,62305,160,"Den Bogen aufnehmen",0,0,0,0,0,0,0,0,0,0,0,0,0,0,0,0,0,0,0,0,0,0,0,0
4382,46,5,0,62305,160,"Der scharfe Blick",10,0,0,0,0,0,0,0,0,0,0,0,0,0,0,0,0,0,0,0,0,0,0,0
4383,67,10,0,62305,160,"Die Weisheit der Jäger",0,0,0,0,0,0,0,0,0,0,0,0,0,0,0,0,0,0,0,0,0,0,0,0
4384,134,10,0,62305,160,"Die Weisheit der Jäger",0,0,0,0,0,0,0,0,0,0,0,0,0,0,0,0,0,0,0,0,0,0,0,0
4385,68,15,0,62305,160,"Die Kunst der Überlistung",0,0,0,0,0,0,0,0,0,0,0,0,0,0,0,0,0,0,0,0,0,0,0,0
4386,70,20,0,62305,160,"Narben im Wald",11,12,0,0,0,0,0,0,0,0,0,0,0,0,0,0,0,0,0,0,0,0,0,0
4387,71,25,0,62305,160,"Leihs Läuterung",0,0,0,0,0,0,0,0,0,0,0,0,0,0,0,0,0,0,0,0,0,0,0,0
4388,76,30,0,62305,160,"Pfeil der Perfektion",14,15,0,0,0,0,0,0,0,0,0,0,0,0,0,0,0,0,0,0,0,0,0,0
4389,102,1,0,62309,161,"Der Weg des Schurken",0,0,0,0,0,0,0,0,0,0,0,0,0,0,0,0,0,0,0,0,0,0,0,0
4390,104,1,0,62309,161,"Die Dolche aufnehmen",0,0,0,0,0,0,0,0,0,0,0,0,0,0,0,0,0,0,0,0,0,0,0,0
4391,110,5,0,62309,161,"Ein holdes Dilemma",686,0,0,0,0,0,0,0,0,0,0,0,0,0,0,0,0,0,0,0,0,0,0,0
4392,126,10,0,62309,161,"Schattenschleicher",0,0,0,0,0,0,0,0,0,0,0,0,0,0,0,0,0,0,0,0,0,0,0,0
4393,144,15,0,62309,161,"Erstickte Schreie",0,0,0,0,0,0,0,0,0,0,0,0,0,0,0,0,0,0,0,0,0,0,0,0
4394,145,15,0,62309,161,"Sklaven des Kodex",687,0,0,0,0,0,0,0,0,0,0,0,0,0,0,0,0,0,0,0,0,0,0,0
4395,146,20,0,62309,161,"Der Blaue Stern",0,0,0,0,0,0,0,0,0,0,0,0,0,0,0,0,0,0,0,0,0,0,0,0
4396,148,25,0,62309,161,"Die Silbertränen",0,0,0,0,0,0,0,0,0,0,0,0,0,0,0,0,0,0,0,0,0,0,0,0
4397,154,30,0,62309,161,"Der Schwarze Sarkophag",0,0,0,0,0,0,0,0,0,0,0,0,0,0,0,0,0,0,0,0,0,0,0,0
4398,155,30,0,62309,161,"Den Kodex im Herzen",688,689,0,0,0,0,0,0,0,0,0,0,0,0,0,0,0,0,0,0,0,0,0,0
4399,133,1,0,62306,162,"Der Weg des Druiden",0,0,0,0,0,0,0,0,0,0,0,0,0,0,0,0,0,0,0,0,0,0,0,0
4400,22,1,0,62306,162,"Der Weg des Druiden",0,0,0,0,0,0,0,0,0,0,0,0,0,0,0,0,0,0,0,0,0,0,0,0
4401,211,1,0,62306,162,"Den Stock aufnehmen",0,0,0,0,0,0,0,0,0,0,0,0,0,0,0,0,0,0,0,0,0,0,0,0
4402,48,5,0,62306,162,"Prüfung der Erde",4,0,0,0,0,0,0,0,0,0,0,0,0,0,0,0,0,0,0,0,0,0,0,0
4403,91,10,0,62306,162,"Prüfung des Winds",0,0,0,0,0,0,0,0,0,0,0,0,0,0,0,0,0,0,0,0,0,0,0,0
4404,147,10,0,62306,162,"Prüfung des Winds",0,0,0,0,0,0,0,0,0,0,0,0,0,0,0,0,0,0,0,0,0,0,0,0
4405,92,15,0,62306,162,"Prüfung des Wassers",8,9,0,0,0,0,0,0,0,0,0,0,0,0,0,0,0,0,0,0,0,0,0,0
4406,93,20,0,62306,162,"Sylphies Prüfungen",0,0,0,0,0,0,0,0,0,0,0,0,0,0,0,0,0,0,0,0,0,0,0,0
4407,440,25,0,62306,162,"Wie die Mutter, so die Tochter",0,0,0,0,0,0,0,0,0,0,0,0,0,0,0,0,0,0,0,0,0,0,0,0
4408,441,30,0,62306,162,"Im Schoß der Natur",19,20,0,0,0,0,0,0,0,0,0,0,0,0,0,0,0,0,0,0,0,0,0,0
4409,344,1,0,62307,163,"Der Weg des Thaumaturgen",0,0,0,0,0,0,0,0,0,0,0,0,0,0,0,0,0,0,0,0,0,0,0,0
4410,345,1,0,62307,163,"Der Weg des Thaumaturgen",0,0,0,0,0,0,0,0,0,0,0,0,0,0,0,0,0,0,0,0,0,0,0,0
4411,346,1,0,62307,163,"Das Zepter aufnehmen",0,0,0,0,0,0,0,0,0,0,0,0,0,0,0,0,0,0,0,0,0,0,0,0
4412,347,5,0,62307,163,"Die Gefahr der Nähe",50,0,0,0,0,0,0,0,0,0,0,0,0,0,0,0,0,0,0,0,0,0,0,0
4413,348,10,0,62307,163,"Die Gefahr des Mangels",0,0,0,0,0,0,0,0,0,0,0,0,0,0,0,0,0,0,0,0,0,0,0,0
4414,349,10,0,62307,163,"Die Gefahr des Mangels",0,0,0,0,0,0,0,0,0,0,0,0,0,0,0,0,0,0,0,0,0,0,0,0
4415,350,15,0,62307,163,"Die Gefahr der Übermacht",51,0,0,0,0,0,0,0,0,0,0,0,0,0,0,0,0,0,0,0,0,0,0,0
4416,351,20,0,62307,163,"Die Gefahr der Umzinglung",52,0,0,0,0,0,0,0,0,0,0,0,0,0,0,0,0,0,0,0,0,0,0,0
4417,352,25,0,62307,163,"Das Licht am Boden des Abgrunds",0,0,0,0,0,0,0,0,0,0,0,0,0,0,0,0,0,0,0,0,0,0,0,0
4418,353,30,0,62307,163,"Ein Äther für alle Fälle",168,169,0,0,0,0,0,0,0,0,0,0,0,0,0,0,0,0,0,0,0,0,0,0
4419,452,1,0,62308,164,"Der Weg des Hermetikers",0,0,0,0,0,0,0,0,0,0,0,0,0,0,0,0,0,0,0,0,0,0,0,0
4420,453,1,0,62308,164,"Der Weg des Hermetikers",0,0,0,0,0,0,0,0,0,0,0,0,0,0,0,0,0,0,0,0,0,0,0,0
4421,454,1,0,62308,164,"Das Grimoire aufnehmen",0,0,0,0,0,0,0,0,0,0,0,0,0,0,0,0,0,0,0,0,0,0,0,0
4422,455,5,0,62308,164,"Eine unerwartete Begegnung",44,0,0,0,0,0,0,0,0,0,0,0,0,0,0,0,0,0,0,0,0,0,0,0
4423,456,10,0,62308,164,"Die Brodelsocken",0,0,0,0,0,0,0,0,0,0,0,0,0,0,0,0,0,0,0,0,0,0,0,0
4424,457,10,0,62308,164,"Die Brodelsocken",0,0,0,0,0,0,0,0,0,0,0,0,0,0,0,0,0,0,0,0,0,0,0,0
4425,1103,15,0,62308,164,"Ein neuer Gefährte",0,0,0,0,0,0,0,0,0,0,0,0,0,0,0,0,0,0,0,0,0,0,0,0
4426,458,15,0,62308,164,"Ankunft der Morgenstern",45,46,0,0,0,0,0,0,0,0,0,0,0,0,0,0,0,0,0,0,0,0,0,0
4427,459,20,0,62308,164,"Auf eigene Faust",0,0,0,0,0,0,0,0,0,0,0,0,0,0,0,0,0,0,0,0,0,0,0,0
4428,460,25,0,62308,164,"Schwing das Tanzbein",47,0,0,0,0,0,0,0,0,0,0,0,0,0,0,0,0,0,0,0,0,0,0,0
4429,461,30,0,62308,164,"Geschickt eingefädelt",48,49,0,0,0,0,0,0,0,0,0,0,0,0,0,0,0,0,0,0,0,0,0,0
4430,138,1,0,62310,165,"Der Weg des Zimmerers",0,0,0,0,0,0,0,0,0,0,0,0,0,0,0,0,0,0,0,0,0,0,0,0
4431,205,1,0,62310,165,"Die Säge aufnehmen",0,0,0,0,0,0,0,0,0,0,0,0,0,0,0,0,0,0,0,0,0,0,0,0
4432,139,5,0,62310,165,"Das Holz sein",0,0,0,0,0,0,0,0,0,0,0,0,0,0,0,0,0,0,0,0,0,0,0,0
4433,140,10,0,62310,165,"Ein Holz für alle Fälle",0,0,0,0,0,0,0,0,0,0,0,0,0,0,0,0,0,0,0,0,0,0,0,0
4434,141,15,0,62310,165,"Eine Zimmerin in Not",0,0,0,0,0,0,0,0,0,0,0,0,0,0,0,0,0,0,0,0,0,0,0,0
4435,142,20,0,62310,165,"Des Meisters liebste Waffe",0,0,0,0,0,0,0,0,0,0,0,0,0,0,0,0,0,0,0,0,0,0,0,0
4436,168,25,0,62310,165,"Schaffenskrise",0,0,0,0,0,0,0,0,0,0,0,0,0,0,0,0,0,0,0,0,0,0,0,0
4437,169,30,0,62310,165,"Trau keinem Fremden",0,0,0,0,0,0,0,0,0,0,0,0,0,0,0,0,0,0,0,0,0,0,0,0
4438,536,35,0,62310,165,"Berufsgeheimnisse",0,0,0,0,0,0,0,0,0,0,0,0,0,0,0,0,0,0,0,0,0,0,0,0
4439,537,40,0,62310,165,"Aus meiner kalten, toten Hand",0,0,0,0,0,0,0,0,0,0,0,0,0,0,0,0,0,0,0,0,0,0,0,0
4440,538,45,0,62310,165,"Kindische Erwachsene",0,0,0,0,0,0,0,0,0,0,0,0,0,0,0,0,0,0,0,0,0,0,0,0
4441,539,50,0,62310,165,"Der Meister und die Hoffnung",148,0,0,0,0,0,0,0,0,0,0,0,0,0,0,0,0,0,0,0,0,0,0,0
4442,1997,50,0,62310,165,"Die zerbrochene Lanze",0,0,0,0,0,0,0,0,0,0,0,0,0,0,0,0,0,0,0,0,0,0,0,0
4443,1998,53,0,62310,165,"Drachenjagdbogen",0,0,0,0,0,0,0,0,0,0,0,0,0,0,0,0,0,0,0,0,0,0,0,0
4444,1999,55,0,62310,165,"Kein glücklicher Zufall",0,0,0,0,0,0,0,0,0,0,0,0,0,0,0,0,0,0,0,0,0,0,0,0
4445,2000,58,0,62310,165,"Ein Holz, den Drachen zu fangen",0,0,0,0,0,0,0,0,0,0,0,0,0,0,0,0,0,0,0,0,0,0,0,0
4446,2001,60,0,62310,165,"Die Drachenlanze",946,0,0,0,0,0,0,0,0,0,0,0,0,0,0,0,0,0,0,0,0,0,0,0
4447,2441,60,0,62310,165,"Exotische Möbel",0,0,0,0,0,0,0,0,0,0,0,0,0,0,0,0,0,0,0,0,0,0,0,0
4448,2442,63,0,62310,165,"Auf Kundenfang in Kugane",0,0,0,0,0,0,0,0,0,0,0,0,0,0,0,0,0,0,0,0,0,0,0,0
4449,2443,65,0,62310,165,"Zuhören will gelernt sein",0,0,0,0,0,0,0,0,0,0,0,0,0,0,0,0,0,0,0,0,0,0,0,0
4450,2444,68,0,62310,165,"Das Geheimnis erfolgreicher Zimmerer",0,0,0,0,0,0,0,0,0,0,0,0,0,0,0,0,0,0,0,0,0,0,0,0
4451,2445,70,0,62310,165,"Interkulturelle Streitschlichtung",1530,0,0,0,0,0,0,0,0,0,0,0,0,0,0,0,0,0,0,0,0,0,0,0
4452,291,1,0,62311,166,"Der Weg des Grobschmieds",0,0,0,0,0,0,0,0,0,0,0,0,0,0,0,0,0,0,0,0,0,0,0,0
4453,292,1,0,62311,166,"Den Hammer aufnehmen",0,0,0,0,0,0,0,0,0,0,0,0,0,0,0,0,0,0,0,0,0,0,0,0
4454,293,5,0,62311,166,"Hämmer für den Nachwuchs",0,0,0,0,0,0,0,0,0,0,0,0,0,0,0,0,0,0,0,0,0,0,0,0
4455,294,10,0,62311,166,"Qualität für die Ewigkeit",0,0,0,0,0,0,0,0,0,0,0,0,0,0,0,0,0,0,0,0,0,0,0,0
4456,295,15,0,62311,166,"Exporte steigern",0,0,0,0,0,0,0,0,0,0,0,0,0,0,0,0,0,0,0,0,0,0,0,0
4457,296,20,0,62311,166,"Materia einsetzen",0,0,0,0,0,0,0,0,0,0,0,0,0,0,0,0,0,0,0,0,0,0,0,0
4458,297,25,0,62311,166,"Ein stahlhartes Geschäft",0,0,0,0,0,0,0,0,0,0,0,0,0,0,0,0,0,0,0,0,0,0,0,0
4459,298,30,0,62311,166,"Ein erlesener Kunde",0,0,0,0,0,0,0,0,0,0,0,0,0,0,0,0,0,0,0,0,0,0,0,0
4460,299,35,0,62311,166,"Der aufmerksame Sponsor",0,0,0,0,0,0,0,0,0,0,0,0,0,0,0,0,0,0,0,0,0,0,0,0
4461,300,40,0,62311,166,"Der perfekte Hammer",0,0,0,0,0,0,0,0,0,0,0,0,0,0,0,0,0,0,0,0,0,0,0,0
4462,301,45,0,62311,166,"Wehrhafte Geschenke",0,0,0,0,0,0,0,0,0,0,0,0,0,0,0,0,0,0,0,0,0,0,0,0
4463,302,50,0,62311,166,"Dem blauen Himmel entgegen",31,0,0,0,0,0,0,0,0,0,0,0,0,0,0,0,0,0,0,0,0,0,0,0
4464,2007,50,0,62311,166,"Schmiedekarriere im Norden",0,0,0,0,0,0,0,0,0,0,0,0,0,0,0,0,0,0,0,0,0,0,0,0
4465,2008,53,0,62311,166,"Edle Nieten",0,0,0,0,0,0,0,0,0,0,0,0,0,0,0,0,0,0,0,0,0,0,0,0
4466,2009,55,0,62311,166,"Gebrochene Klinge",0,0,0,0,0,0,0,0,0,0,0,0,0,0,0,0,0,0,0,0,0,0,0,0
4467,2010,58,0,62311,166,"Das Schwert des Hauses",0,0,0,0,0,0,0,0,0,0,0,0,0,0,0,0,0,0,0,0,0,0,0,0
4468,2011,60,0,62311,166,"Lauterkeit",947,997,0,0,0,0,0,0,0,0,0,0,0,0,0,0,0,0,0,0,0,0,0,0
4469,2593,60,0,62311,166,"Post aus Fernost",0,0,0,0,0,0,0,0,0,0,0,0,0,0,0,0,0,0,0,0,0,0,0,0
4470,2616,63,0,62311,166,"Die Kundin ist König",0,0,0,0,0,0,0,0,0,0,0,0,0,0,0,0,0,0,0,0,0,0,0,0
4471,2617,65,0,62311,166,"Noch ein weiter Weg",0,0,0,0,0,0,0,0,0,0,0,0,0,0,0,0,0,0,0,0,0,0,0,0
4472,2618,68,0,62311,166,"Eine Frage der Einstellung",0,0,0,0,0,0,0,0,0,0,0,0,0,0,0,0,0,0,0,0,0,0,0,0
4473,2619,70,0,62311,166,"Duell der Katana",1531,0,0,0,0,0,0,0,0,0,0,0,0,0,0,0,0,0,0,0,0,0,0,0
4474,273,1,0,62312,167,"Der Weg des Plattners",0,0,0,0,0,0,0,0,0,0,0,0,0,0,0,0,0,0,0,0,0,0,0,0
4475,274,1,0,62312,167,"Den Flachhammer aufnehmen",0,0,0,0,0,0,0,0,0,0,0,0,0,0,0,0,0,0,0,0,0,0,0,0
4476,275,5,0,62312,167,"Mit dem Schild oder darauf",0,0,0,0,0,0,0,0,0,0,0,0,0,0,0,0,0,0,0,0,0,0,0,0
4477,276,10,0,62312,167,"Ein festes Fundament",0,0,0,0,0,0,0,0,0,0,0,0,0,0,0,0,0,0,0,0,0,0,0,0
4478,277,15,0,62312,167,"Vernichtende Kritik",0,0,0,0,0,0,0,0,0,0,0,0,0,0,0,0,0,0,0,0,0,0,0,0
4479,278,20,0,62312,167,"Respekt!",0,0,0,0,0,0,0,0,0,0,0,0,0,0,0,0,0,0,0,0,0,0,0,0
4480,279,25,0,62312,167,"Vergeudetes Talent",0,0,0,0,0,0,0,0,0,0,0,0,0,0,0,0,0,0,0,0,0,0,0,0
4481,280,30,0,62312,167,"Zwischen den Fronten",0,0,0,0,0,0,0,0,0,0,0,0,0,0,0,0,0,0,0,0,0,0,0,0
4482,281,35,0,62312,167,"Konzentration auf das Wesentliche",0,0,0,0,0,0,0,0,0,0,0,0,0,0,0,0,0,0,0,0,0,0,0,0
4483,282,40,0,62312,167,"Wettstreit der Plattner - 1. Runde",0,0,0,0,0,0,0,0,0,0,0,0,0,0,0,0,0,0,0,0,0,0,0,0
4484,283,45,0,62312,167,"Wettstreit der Plattner - 2. Runde",0,0,0,0,0,0,0,0,0,0,0,0,0,0,0,0,0,0,0,0,0,0,0,0
4485,284,50,0,62312,167,"Wettstreit der Plattner - Finale",32,0,0,0,0,0,0,0,0,0,0,0,0,0,0,0,0,0,0,0,0,0,0,0
4486,2038,50,0,62312,167,"Ein gebrochener Mann",0,0,0,0,0,0,0,0,0,0,0,0,0,0,0,0,0,0,0,0,0,0,0,0
4487,2039,53,0,62312,167,"Ein spezieller Auftrag",0,0,0,0,0,0,0,0,0,0,0,0,0,0,0,0,0,0,0,0,0,0,0,0
4488,2040,55,0,62312,167,"Die Rosengold-Rüstung",0,0,0,0,0,0,0,0,0,0,0,0,0,0,0,0,0,0,0,0,0,0,0,0
4489,2041,58,0,62312,167,"Der neue Blanstyr",0,0,0,0,0,0,0,0,0,0,0,0,0,0,0,0,0,0,0,0,0,0,0,0
4490,2042,60,0,62312,167,"Eine Frage der Plattner-Ehre",948,0,0,0,0,0,0,0,0,0,0,0,0,0,0,0,0,0,0,0,0,0,0,0
4491,2594,60,0,62312,167,"Mach mal Urlaub",0,0,0,0,0,0,0,0,0,0,0,0,0,0,0,0,0,0,0,0,0,0,0,0
4492,2595,63,0,62312,167,"Mitgehangen, mitgefangen",0,0,0,0,0,0,0,0,0,0,0,0,0,0,0,0,0,0,0,0,0,0,0,0
4493,2596,65,0,62312,167,"Probier's mal mit Beweglichkeit",0,0,0,0,0,0,0,0,0,0,0,0,0,0,0,0,0,0,0,0,0,0,0,0
4494,2597,68,0,62312,167,"Übers Ziel hinaus",0,0,0,0,0,0,0,0,0,0,0,0,0,0,0,0,0,0,0,0,0,0,0,0
4495,2598,70,0,62312,167,"Die goldene Mitte",1532,0,0,0,0,0,0,0,0,0,0,0,0,0,0,0,0,0,0,0,0,0,0,0
4496,608,1,0,62313,168,"Der Weg des Goldschmieds",0,0,0,0,0,0,0,0,0,0,0,0,0,0,0,0,0,0,0,0,0,0,0,0
4497,610,1,0,62313,168,"Den Ziselierhammer aufnehmen",0,0,0,0,0,0,0,0,0,0,0,0,0,0,0,0,0,0,0,0,0,0,0,0
4498,611,5,0,62313,168,"Kupfer für die Kehle",0,0,0,0,0,0,0,0,0,0,0,0,0,0,0,0,0,0,0,0,0,0,0,0
4499,613,10,0,62313,168,"Ein Dutzend Ringe, sie zu knechten",0,0,0,0,0,0,0,0,0,0,0,0,0,0,0,0,0,0,0,0,0,0,0,0
4500,614,15,0,62313,168,"Form und Festigkeit",0,0,0,0,0,0,0,0,0,0,0,0,0,0,0,0,0,0,0,0,0,0,0,0
4501,615,20,0,62313,168,"Hirnmateria",0,0,0,0,0,0,0,0,0,0,0,0,0,0,0,0,0,0,0,0,0,0,0,0
4502,616,25,0,62313,168,"Silber für die zarte Seele",0,0,0,0,0,0,0,0,0,0,0,0,0,0,0,0,0,0,0,0,0,0,0,0
4503,617,30,0,62313,168,"Eine Marionette sieht rot",0,0,0,0,0,0,0,0,0,0,0,0,0,0,0,0,0,0,0,0,0,0,0,0
4504,655,35,0,62313,168,"Feuerteufel",0,0,0,0,0,0,0,0,0,0,0,0,0,0,0,0,0,0,0,0,0,0,0,0
4505,656,40,0,62313,168,"Der Jadefuchs",0,0,0,0,0,0,0,0,0,0,0,0,0,0,0,0,0,0,0,0,0,0,0,0
4506,657,45,0,62313,168,"Galavorbereitungen",0,0,0,0,0,0,0,0,0,0,0,0,0,0,0,0,0,0,0,0,0,0,0,0
4507,658,50,0,62313,168,"Inspektor Gigi",290,0,0,0,0,0,0,0,0,0,0,0,0,0,0,0,0,0,0,0,0,0,0,0
4508,2070,50,0,62313,168,"Die Musik des Herzens",0,0,0,0,0,0,0,0,0,0,0,0,0,0,0,0,0,0,0,0,0,0,0,0
4509,2071,53,0,62313,168,"Technik und Gefühl",0,0,0,0,0,0,0,0,0,0,0,0,0,0,0,0,0,0,0,0,0,0,0,0
4510,2072,55,0,62313,168,"Gleich und doch anders",0,0,0,0,0,0,0,0,0,0,0,0,0,0,0,0,0,0,0,0,0,0,0,0
4511,2073,58,0,62313,168,"Alles wie am Schnürchen",0,0,0,0,0,0,0,0,0,0,0,0,0,0,0,0,0,0,0,0,0,0,0,0
4512,2074,60,0,62313,168,"Die perfekte Form",949,0,0,0,0,0,0,0,0,0,0,0,0,0,0,0,0,0,0,0,0,0,0,0
4513,2599,60,0,62313,168,"Entwicklungshilfe",0,0,0,0,0,0,0,0,0,0,0,0,0,0,0,0,0,0,0,0,0,0,0,0
4514,2600,63,0,62313,168,"Die Kronjuwelschmiede",0,0,0,0,0,0,0,0,0,0,0,0,0,0,0,0,0,0,0,0,0,0,0,0
4515,2601,65,0,62313,168,"Mangelnder Durchblick",0,0,0,0,0,0,0,0,0,0,0,0,0,0,0,0,0,0,0,0,0,0,0,0
4516,2602,68,0,62313,168,"Das perfekte Geschenk",0,0,0,0,0,0,0,0,0,0,0,0,0,0,0,0,0,0,0,0,0,0,0,0
4517,2603,70,0,62313,168,"Der Traum der Sultana",1533,0,0,0,0,0,0,0,0,0,0,0,0,0,0,0,0,0,0,0,0,0,0,0
4518,105,1,0,62314,169,"Der Weg des Gerbers",0,0,0,0,0,0,0,0,0,0,0,0,0,0,0,0,0,0,0,0,0,0,0,0
4519,209,1,0,62314,169,"Das Messer aufnehmen",0,0,0,0,0,0,0,0,0,0,0,0,0,0,0,0,0,0,0,0,0,0,0,0
4520,106,5,0,62314,169,"Um Kopf und Kragen",0,0,0,0,0,0,0,0,0,0,0,0,0,0,0,0,0,0,0,0,0,0,0,0
4521,135,10,0,62314,169,"Gut ist nicht gut genug",0,0,0,0,0,0,0,0,0,0,0,0,0,0,0,0,0,0,0,0,0,0,0,0
4522,136,15,0,62314,169,"Fen-Yll auf deinen Schultern",0,0,0,0,0,0,0,0,0,0,0,0,0,0,0,0,0,0,0,0,0,0,0,0
4523,137,20,0,62314,169,"Der Wert des Lebens",0,0,0,0,0,0,0,0,0,0,0,0,0,0,0,0,0,0,0,0,0,0,0,0
4524,51,25,0,62314,169,"Billige Konkurrenz",0,0,0,0,0,0,0,0,0,0,0,0,0,0,0,0,0,0,0,0,0,0,0,0
4525,61,30,0,62314,169,"In feinste Kröte gekleidet",0,0,0,0,0,0,0,0,0,0,0,0,0,0,0,0,0,0,0,0,0,0,0,0
4526,63,35,0,62314,169,"Angst um die Zukunft",0,0,0,0,0,0,0,0,0,0,0,0,0,0,0,0,0,0,0,0,0,0,0,0
4527,64,40,0,62314,169,"Hingabe schafft Qualität",0,0,0,0,0,0,0,0,0,0,0,0,0,0,0,0,0,0,0,0,0,0,0,0
4528,65,45,0,62314,169,"Der Kunde ist König",0,0,0,0,0,0,0,0,0,0,0,0,0,0,0,0,0,0,0,0,0,0,0,0
4529,66,50,0,62314,169,"Die Produktschau",291,0,0,0,0,0,0,0,0,0,0,0,0,0,0,0,0,0,0,0,0,0,0,0
4530,2075,50,0,62314,169,"Ramsch fürs Volk",0,0,0,0,0,0,0,0,0,0,0,0,0,0,0,0,0,0,0,0,0,0,0,0
4531,2076,53,0,62314,169,"Auf Erfolgskurs",0,0,0,0,0,0,0,0,0,0,0,0,0,0,0,0,0,0,0,0,0,0,0,0
4532,2077,55,0,62314,169,"Schmucke Werbetrommel",0,0,0,0,0,0,0,0,0,0,0,0,0,0,0,0,0,0,0,0,0,0,0,0
4533,2078,58,0,62314,169,"Freund<hex:02160103>schaftsgedicht",0,0,0,0,0,0,0,0,0,0,0,0,0,0,0,0,0,0,0,0,0,0,0,0
4534,2079,60,0,62314,169,"In guter Tradition",950,0,0,0,0,0,0,0,0,0,0,0,0,0,0,0,0,0,0,0,0,0,0,0
4535,2609,60,0,62314,169,"Ein Herz für tote Tiere",0,0,0,0,0,0,0,0,0,0,0,0,0,0,0,0,0,0,0,0,0,0,0,0
4536,2610,63,0,62314,169,"Auf Dhalmel-Safari im Wolkenmeer",0,0,0,0,0,0,0,0,0,0,0,0,0,0,0,0,0,0,0,0,0,0,0,0
4537,2611,65,0,62314,169,"Ehre dem Bären",0,0,0,0,0,0,0,0,0,0,0,0,0,0,0,0,0,0,0,0,0,0,0,0
4538,2614,68,0,62314,169,"Der Zorn der Gebieter",0,0,0,0,0,0,0,0,0,0,0,0,0,0,0,0,0,0,0,0,0,0,0,0
4539,2615,70,0,62314,169,"Atelloune klärt auf",1534,0,0,0,0,0,0,0,0,0,0,0,0,0,0,0,0,0,0,0,0,0,0,0
4540,534,1,0,62315,170,"Der Weg des Webers",0,0,0,0,0,0,0,0,0,0,0,0,0,0,0,0,0,0,0,0,0,0,0,0
4541,535,1,0,62315,170,"Die Nadel aufnehmen",0,0,0,0,0,0,0,0,0,0,0,0,0,0,0,0,0,0,0,0,0,0,0,0
4542,587,5,0,62315,170,"Kleider machen Leute",0,0,0,0,0,0,0,0,0,0,0,0,0,0,0,0,0,0,0,0,0,0,0,0
4543,589,10,0,62315,170,"Die spinnen, die Weber!",0,0,0,0,0,0,0,0,0,0,0,0,0,0,0,0,0,0,0,0,0,0,0,0
4544,590,15,0,62315,170,"Umgarnte Kundschaft",0,0,0,0,0,0,0,0,0,0,0,0,0,0,0,0,0,0,0,0,0,0,0,0
4545,591,20,0,62315,170,"Webe lieber ungewöhnlich",0,0,0,0,0,0,0,0,0,0,0,0,0,0,0,0,0,0,0,0,0,0,0,0
4546,592,25,0,62315,170,"Manche mögens rau",0,0,0,0,0,0,0,0,0,0,0,0,0,0,0,0,0,0,0,0,0,0,0,0
4547,593,30,0,62315,170,"Gewagte Kombination",0,0,0,0,0,0,0,0,0,0,0,0,0,0,0,0,0,0,0,0,0,0,0,0
4548,651,35,0,62315,170,"Irrungen, Geschmacksverwirrungen",0,0,0,0,0,0,0,0,0,0,0,0,0,0,0,0,0,0,0,0,0,0,0,0
4549,652,40,0,62315,170,"Frauen in Strumpfhosen",0,0,0,0,0,0,0,0,0,0,0,0,0,0,0,0,0,0,0,0,0,0,0,0
4550,653,45,0,62315,170,"Empfehlung des Hauses",0,0,0,0,0,0,0,0,0,0,0,0,0,0,0,0,0,0,0,0,0,0,0,0
4551,654,50,0,62315,170,"Kraftprobe am Platz der Sultana",285,0,0,0,0,0,0,0,0,0,0,0,0,0,0,0,0,0,0,0,0,0,0,0
4552,2002,50,0,62315,170,"Bete und webe",0,0,0,0,0,0,0,0,0,0,0,0,0,0,0,0,0,0,0,0,0,0,0,0
4553,2003,53,0,62315,170,"Das verschwundene Kleid",0,0,0,0,0,0,0,0,0,0,0,0,0,0,0,0,0,0,0,0,0,0,0,0
4554,2004,55,0,62315,170,"Modische Tarnung",0,0,0,0,0,0,0,0,0,0,0,0,0,0,0,0,0,0,0,0,0,0,0,0
4555,2005,58,0,62315,170,"Mutter gegen Tochter",0,0,0,0,0,0,0,0,0,0,0,0,0,0,0,0,0,0,0,0,0,0,0,0
4556,2006,60,0,62315,170,"Der Schwur",951,0,0,0,0,0,0,0,0,0,0,0,0,0,0,0,0,0,0,0,0,0,0,0
4557,2431,60,0,62315,170,"Kulturaustausch",0,0,0,0,0,0,0,0,0,0,0,0,0,0,0,0,0,0,0,0,0,0,0,0
4558,2432,63,0,62315,170,"Der Schmetterlingseffekt",0,0,0,0,0,0,0,0,0,0,0,0,0,0,0,0,0,0,0,0,0,0,0,0
4559,2433,65,0,62315,170,"Ein luftig-leichter Frühlingstraum",0,0,0,0,0,0,0,0,0,0,0,0,0,0,0,0,0,0,0,0,0,0,0,0
4560,2434,68,0,62315,170,"Tradition versus Moderne",0,0,0,0,0,0,0,0,0,0,0,0,0,0,0,0,0,0,0,0,0,0,0,0
4561,2435,70,0,62315,170,"Zwei Engel für Keimei",1535,0,0,0,0,0,0,0,0,0,0,0,0,0,0,0,0,0,0,0,0,0,0,0
4562,575,1,0,62316,171,"Der Weg des Alchemisten",0,0,0,0,0,0,0,0,0,0,0,0,0,0,0,0,0,0,0,0,0,0,0,0
4563,577,1,0,62316,171,"Den De<hex:02160103>stil<hex:02160103>lier<hex:02160103>kol<hex:02160103>ben aufnehmen",0,0,0,0,0,0,0,0,0,0,0,0,0,0,0,0,0,0,0,0,0,0,0,0
4564,578,5,0,62316,171,"Die Summe seiner Teile",0,0,0,0,0,0,0,0,0,0,0,0,0,0,0,0,0,0,0,0,0,0,0,0
4565,580,10,0,62316,171,"Das fleißige Bienchen",0,0,0,0,0,0,0,0,0,0,0,0,0,0,0,0,0,0,0,0,0,0,0,0
4566,581,15,0,62316,171,"Mach den müden Meister munter",0,0,0,0,0,0,0,0,0,0,0,0,0,0,0,0,0,0,0,0,0,0,0,0
4567,582,20,0,62316,171,"Zaubertinte",0,0,0,0,0,0,0,0,0,0,0,0,0,0,0,0,0,0,0,0,0,0,0,0
4568,583,25,0,62316,171,"Im Dienst der Allgemeinheit",0,0,0,0,0,0,0,0,0,0,0,0,0,0,0,0,0,0,0,0,0,0,0,0
4569,584,30,0,62316,171,"Giftmischer",0,0,0,0,0,0,0,0,0,0,0,0,0,0,0,0,0,0,0,0,0,0,0,0
4570,647,35,0,62316,171,"Nie hat man seine Ruhe",0,0,0,0,0,0,0,0,0,0,0,0,0,0,0,0,0,0,0,0,0,0,0,0
4571,648,40,0,62316,171,"Kraftvoller Trunk",0,0,0,0,0,0,0,0,0,0,0,0,0,0,0,0,0,0,0,0,0,0,0,0
4572,649,45,0,62316,171,"Das Geheimnis der Alchemie",0,0,0,0,0,0,0,0,0,0,0,0,0,0,0,0,0,0,0,0,0,0,0,0
4573,650,50,0,62316,171,"Vergebung aus dem Totenreich",289,0,0,0,0,0,0,0,0,0,0,0,0,0,0,0,0,0,0,0,0,0,0,0
4574,2065,50,0,62316,171,"Tiefgründige Trivialität",0,0,0,0,0,0,0,0,0,0,0,0,0,0,0,0,0,0,0,0,0,0,0,0
4575,2066,53,0,62316,171,"In der Tinte liegt die Kraft",0,0,0,0,0,0,0,0,0,0,0,0,0,0,0,0,0,0,0,0,0,0,0,0
4576,2067,55,0,62316,171,"Herz aus Kristall",0,0,0,0,0,0,0,0,0,0,0,0,0,0,0,0,0,0,0,0,0,0,0,0
4577,2068,58,0,62316,171,"Doppelgänger einer Leiche",0,0,0,0,0,0,0,0,0,0,0,0,0,0,0,0,0,0,0,0,0,0,0,0
4578,2069,60,0,62316,171,"Spektralanalyse",952,0,0,0,0,0,0,0,0,0,0,0,0,0,0,0,0,0,0,0,0,0,0,0
4579,2436,60,0,62316,171,"Frisch verstorben",0,0,0,0,0,0,0,0,0,0,0,0,0,0,0,0,0,0,0,0,0,0,0,0
4580,2437,63,0,62316,171,"Süß macht schlau",0,0,0,0,0,0,0,0,0,0,0,0,0,0,0,0,0,0,0,0,0,0,0,0
4581,2438,65,0,62316,171,"Mumuepos Zunge lockern",0,0,0,0,0,0,0,0,0,0,0,0,0,0,0,0,0,0,0,0,0,0,0,0
4582,2439,68,0,62316,171,"Blutspuranalyse",0,0,0,0,0,0,0,0,0,0,0,0,0,0,0,0,0,0,0,0,0,0,0,0
4583,2440,70,0,62316,171,"Mein Herz, für immer dein",1536,0,0,0,0,0,0,0,0,0,0,0,0,0,0,0,0,0,0,0,0,0,0,0
4584,271,1,0,62317,172,"Der Weg des Gourmets",0,0,0,0,0,0,0,0,0,0,0,0,0,0,0,0,0,0,0,0,0,0,0,0
4585,254,1,0,62317,172,"Die Kasserolle aufnehmen",0,0,0,0,0,0,0,0,0,0,0,0,0,0,0,0,0,0,0,0,0,0,0,0
4586,255,5,0,62317,172,"Einfach zu gut",0,0,0,0,0,0,0,0,0,0,0,0,0,0,0,0,0,0,0,0,0,0,0,0
4587,257,10,0,62317,172,"Zwei Dodos vom Grill",0,0,0,0,0,0,0,0,0,0,0,0,0,0,0,0,0,0,0,0,0,0,0,0
4588,258,15,0,62317,172,"Der Kebab-Connaisseur",0,0,0,0,0,0,0,0,0,0,0,0,0,0,0,0,0,0,0,0,0,0,0,0
4589,259,20,0,62317,172,"Pflaume verleiht Flügel",0,0,0,0,0,0,0,0,0,0,0,0,0,0,0,0,0,0,0,0,0,0,0,0
4590,260,25,0,62317,172,"Gegrillten Bock drauf haben",0,0,0,0,0,0,0,0,0,0,0,0,0,0,0,0,0,0,0,0,0,0,0,0
4591,266,30,0,62317,172,"Einen geräucherten Räuber bitte",0,0,0,0,0,0,0,0,0,0,0,0,0,0,0,0,0,0,0,0,0,0,0,0
4592,267,35,0,62317,172,"Beamte sind genau wie wir ",0,0,0,0,0,0,0,0,0,0,0,0,0,0,0,0,0,0,0,0,0,0,0,0
4593,268,40,0,62317,172,"Die diplomatische Trumpfkarte",0,0,0,0,0,0,0,0,0,0,0,0,0,0,0,0,0,0,0,0,0,0,0,0
4594,269,45,0,62317,172,"Hoher Besuch aus Ishgard",0,0,0,0,0,0,0,0,0,0,0,0,0,0,0,0,0,0,0,0,0,0,0,0
4595,270,50,0,62317,172,"Die Krönung deiner Ausbildung",33,0,0,0,0,0,0,0,0,0,0,0,0,0,0,0,0,0,0,0,0,0,0,0
4596,2043,50,0,62317,172,"An die Töpfe, fertig, los!",0,0,0,0,0,0,0,0,0,0,0,0,0,0,0,0,0,0,0,0,0,0,0,0
4597,2044,53,0,62317,172,"Süßer Schreck",0,0,0,0,0,0,0,0,0,0,0,0,0,0,0,0,0,0,0,0,0,0,0,0
4598,2045,55,0,62317,172,"Der heiße Plan",0,0,0,0,0,0,0,0,0,0,0,0,0,0,0,0,0,0,0,0,0,0,0,0
4599,2046,58,0,62317,172,"Die Wette",0,0,0,0,0,0,0,0,0,0,0,0,0,0,0,0,0,0,0,0,0,0,0,0
4600,2047,60,0,62317,172,"Wahre Gastfreundschaft",953,0,0,0,0,0,0,0,0,0,0,0,0,0,0,0,0,0,0,0,0,0,0,0
4601,2604,60,0,62317,172,"Ein Abenteurer und Gourmet",0,0,0,0,0,0,0,0,0,0,0,0,0,0,0,0,0,0,0,0,0,0,0,0
4602,2605,63,0,62317,172,"Das Brot des Fernen Ostens",0,0,0,0,0,0,0,0,0,0,0,0,0,0,0,0,0,0,0,0,0,0,0,0
4603,2606,65,0,62317,172,"Die Brühe macht Mühe",0,0,0,0,0,0,0,0,0,0,0,0,0,0,0,0,0,0,0,0,0,0,0,0
4604,2607,68,0,62317,172,"Die Kunst der Sushi-Zubereitung",0,0,0,0,0,0,0,0,0,0,0,0,0,0,0,0,0,0,0,0,0,0,0,0
4605,2608,70,0,62317,172,"Der Mythos der Reinheit",1537,0,0,0,0,0,0,0,0,0,0,0,0,0,0,0,0,0,0,0,0,0,0,0
4606,597,1,0,62318,173,"Der Weg des Minenarbeiters",0,0,0,0,0,0,0,0,0,0,0,0,0,0,0,0,0,0,0,0,0,0,0,0
4607,599,1,0,62318,173,"Die Spitzhacke aufnehmen",0,0,0,0,0,0,0,0,0,0,0,0,0,0,0,0,0,0,0,0,0,0,0,0
4608,600,5,0,62318,173,"Landeskunde",0,0,0,0,0,0,0,0,0,0,0,0,0,0,0,0,0,0,0,0,0,0,0,0
4609,602,10,0,62318,173,"Nischenmärkte",0,0,0,0,0,0,0,0,0,0,0,0,0,0,0,0,0,0,0,0,0,0,0,0
4610,603,15,0,62318,173,"Die Bergbau AG ruft",0,0,0,0,0,0,0,0,0,0,0,0,0,0,0,0,0,0,0,0,0,0,0,0
4611,604,20,0,62318,173,"Hand in Hand",0,0,0,0,0,0,0,0,0,0,0,0,0,0,0,0,0,0,0,0,0,0,0,0
4612,605,25,0,62318,173,"Sprudel zum Wein",0,0,0,0,0,0,0,0,0,0,0,0,0,0,0,0,0,0,0,0,0,0,0,0
4613,606,30,0,62318,173,"Obsidian-Wettstreit",0,0,0,0,0,0,0,0,0,0,0,0,0,0,0,0,0,0,0,0,0,0,0,0
4614,643,35,0,62318,173,"Gildenrivalen",0,0,0,0,0,0,0,0,0,0,0,0,0,0,0,0,0,0,0,0,0,0,0,0
4615,644,40,0,62318,173,"Berufsrisiko",0,0,0,0,0,0,0,0,0,0,0,0,0,0,0,0,0,0,0,0,0,0,0,0
4616,645,45,0,62318,173,"Geplatzte Träume",0,0,0,0,0,0,0,0,0,0,0,0,0,0,0,0,0,0,0,0,0,0,0,0
4617,646,50,0,62318,173,"Rehabilitierung",292,0,0,0,0,0,0,0,0,0,0,0,0,0,0,0,0,0,0,0,0,0,0,0
4618,2080,50,0,62318,173,"Oschons Räuber",0,0,0,0,0,0,0,0,0,0,0,0,0,0,0,0,0,0,0,0,0,0,0,0
4619,2081,53,0,62318,173,"Ein dreckiges Geschäft",0,0,0,0,0,0,0,0,0,0,0,0,0,0,0,0,0,0,0,0,0,0,0,0
4620,2082,55,0,62318,173,"Wieder<hex:02160103>sehen mit alten Bekannten",0,0,0,0,0,0,0,0,0,0,0,0,0,0,0,0,0,0,0,0,0,0,0,0
4621,2083,58,0,62318,173,"Bodenproben",0,0,0,0,0,0,0,0,0,0,0,0,0,0,0,0,0,0,0,0,0,0,0,0
4622,2084,60,0,62318,173,"Der Held von Frohehalde",954,0,0,0,0,0,0,0,0,0,0,0,0,0,0,0,0,0,0,0,0,0,0,0
4623,2554,60,0,62318,173,"Stickix' Projekt",0,0,0,0,0,0,0,0,0,0,0,0,0,0,0,0,0,0,0,0,0,0,0,0
4624,2555,63,0,62318,173,"Dicke Haut",0,0,0,0,0,0,0,0,0,0,0,0,0,0,0,0,0,0,0,0,0,0,0,0
4625,2556,65,0,62318,173,"Speziell für alle",0,0,0,0,0,0,0,0,0,0,0,0,0,0,0,0,0,0,0,0,0,0,0,0
4626,2557,68,0,62318,173,"Vermittlungsversuche",0,0,0,0,0,0,0,0,0,0,0,0,0,0,0,0,0,0,0,0,0,0,0,0
4627,2558,70,0,62318,173,"Umwälzender Erfolg",1539,0,0,0,0,0,0,0,0,0,0,0,0,0,0,0,0,0,0,0,0,0,0,0
4628,3,1,0,62319,174,"Der Weg des Gärtners",0,0,0,0,0,0,0,0,0,0,0,0,0,0,0,0,0,0,0,0,0,0,0,0
4629,208,1,0,62319,174,"Das Gärtnerbeil aufnehmen",0,0,0,0,0,0,0,0,0,0,0,0,0,0,0,0,0,0,0,0,0,0,0,0
4630,4,5,0,62319,174,"Ein kleiner Trost",0,0,0,0,0,0,0,0,0,0,0,0,0,0,0,0,0,0,0,0,0,0,0,0
4631,5,10,0,62319,174,"Für Krieg und Frieden",0,0,0,0,0,0,0,0,0,0,0,0,0,0,0,0,0,0,0,0,0,0,0,0
4632,6,15,0,62319,174,"Kein guter Gärtner",0,0,0,0,0,0,0,0,0,0,0,0,0,0,0,0,0,0,0,0,0,0,0,0
4633,7,20,0,62319,174,"Angemessen ausgestattet",0,0,0,0,0,0,0,0,0,0,0,0,0,0,0,0,0,0,0,0,0,0,0,0
4634,8,25,0,62319,174,"Kräuter vor die Ul'dahner werfen",0,0,0,0,0,0,0,0,0,0,0,0,0,0,0,0,0,0,0,0,0,0,0,0
4635,9,30,0,62319,174,"Der Lauf der Natur",0,0,0,0,0,0,0,0,0,0,0,0,0,0,0,0,0,0,0,0,0,0,0,0
4636,10,35,0,62319,174,"Ein Festschmaus für die Helden",0,0,0,0,0,0,0,0,0,0,0,0,0,0,0,0,0,0,0,0,0,0,0,0
4637,11,40,0,62319,174,"Kindheitserinnerungen",0,0,0,0,0,0,0,0,0,0,0,0,0,0,0,0,0,0,0,0,0,0,0,0
4638,12,45,0,62319,174,"Eine Frage des Friedens",0,0,0,0,0,0,0,0,0,0,0,0,0,0,0,0,0,0,0,0,0,0,0,0
4639,13,50,0,62319,174,"Aufkeimende Hoffnung",73,0,0,0,0,0,0,0,0,0,0,0,0,0,0,0,0,0,0,0,0,0,0,0
4640,2048,50,0,62319,174,"Mit Schaufel und Hacke gegen Eis und Frost",0,0,0,0,0,0,0,0,0,0,0,0,0,0,0,0,0,0,0,0,0,0,0,0
4641,2049,53,0,62319,174,"Gurken und Tomaten wollen nicht geraten",0,0,0,0,0,0,0,0,0,0,0,0,0,0,0,0,0,0,0,0,0,0,0,0
4642,2050,55,0,62319,174,"Völkerverbindende Botanik",0,0,0,0,0,0,0,0,0,0,0,0,0,0,0,0,0,0,0,0,0,0,0,0
4643,2051,58,0,62319,174,"In Harmonie mit der Natur",0,0,0,0,0,0,0,0,0,0,0,0,0,0,0,0,0,0,0,0,0,0,0,0
4644,2052,60,0,62319,174,"Grenzen sind dem Samen fremd",955,0,0,0,0,0,0,0,0,0,0,0,0,0,0,0,0,0,0,0,0,0,0,0
4645,2620,60,0,62319,174,"Eine Gärtnerin mit Herz, aber ohne Talent",0,0,0,0,0,0,0,0,0,0,0,0,0,0,0,0,0,0,0,0,0,0,0,0
4646,2621,63,0,62319,174,"Die dolle Knolle",0,0,0,0,0,0,0,0,0,0,0,0,0,0,0,0,0,0,0,0,0,0,0,0
4647,2622,65,0,62319,174,"Wo ist der Rote Admiral?",0,0,0,0,0,0,0,0,0,0,0,0,0,0,0,0,0,0,0,0,0,0,0,0
4648,2623,68,0,62319,174,"Der weiße Tod",0,0,0,0,0,0,0,0,0,0,0,0,0,0,0,0,0,0,0,0,0,0,0,0
4649,2624,70,0,62319,174,"Der Weg zur Gärtnerin",1538,0,0,0,0,0,0,0,0,0,0,0,0,0,0,0,0,0,0,0,0,0,0,0
4650,1107,1,0,62320,175,"Der Weg des Fischers",0,0,0,0,0,0,0,0,0,0,0,0,0,0,0,0,0,0,0,0,0,0,0,0
4651,1108,1,0,62320,175,"Die Angelrute aufnehmen",0,0,0,0,0,0,0,0,0,0,0,0,0,0,0,0,0,0,0,0,0,0,0,0
4652,1109,5,0,62320,175,"Übung allein macht keinen Meister",0,0,0,0,0,0,0,0,0,0,0,0,0,0,0,0,0,0,0,0,0,0,0,0
4653,1110,10,0,62320,175,"Fischers Fritz fischt große Fische",0,0,0,0,0,0,0,0,0,0,0,0,0,0,0,0,0,0,0,0,0,0,0,0
4654,1111,15,0,62320,175,"Du Fischer? Wollen Glitzer-Fische!",0,0,0,0,0,0,0,0,0,0,0,0,0,0,0,0,0,0,0,0,0,0,0,0
4655,1112,20,0,62320,175,"Künstliche Effektivität",0,0,0,0,0,0,0,0,0,0,0,0,0,0,0,0,0,0,0,0,0,0,0,0
4656,1113,25,0,62320,175,"Köder für den Köder des Köders",0,0,0,0,0,0,0,0,0,0,0,0,0,0,0,0,0,0,0,0,0,0,0,0
4657,1114,30,0,62320,175,"Goblin-Ruhm",0,0,0,0,0,0,0,0,0,0,0,0,0,0,0,0,0,0,0,0,0,0,0,0
4658,1115,35,0,62320,175,"Wüstenfischer",0,0,0,0,0,0,0,0,0,0,0,0,0,0,0,0,0,0,0,0,0,0,0,0
4659,1116,40,0,62320,175,"Die Würze liegt nicht in der Kürze",0,0,0,0,0,0,0,0,0,0,0,0,0,0,0,0,0,0,0,0,0,0,0,0
4660,1117,45,0,62320,175,"Über den Wolken",0,0,0,0,0,0,0,0,0,0,0,0,0,0,0,0,0,0,0,0,0,0,0,0
4661,1118,50,0,62320,175,"Seeschlangenalarm",149,0,0,0,0,0,0,0,0,0,0,0,0,0,0,0,0,0,0,0,0,0,0,0
4662,2085,50,0,62320,175,"Fischer unter sich",0,0,0,0,0,0,0,0,0,0,0,0,0,0,0,0,0,0,0,0,0,0,0,0
4663,2086,53,0,62320,175,"Das Über-Fischertalent",0,0,0,0,0,0,0,0,0,0,0,0,0,0,0,0,0,0,0,0,0,0,0,0
4664,2087,55,0,62320,175,"Fischbestände in Gefahr",0,0,0,0,0,0,0,0,0,0,0,0,0,0,0,0,0,0,0,0,0,0,0,0
4665,2088,58,0,62320,175,"Eine giftige Lektion",0,0,0,0,0,0,0,0,0,0,0,0,0,0,0,0,0,0,0,0,0,0,0,0
4666,2089,60,0,62320,175,"Freund<hex:02160103>schaft unter Fischern",956,0,0,0,0,0,0,0,0,0,0,0,0,0,0,0,0,0,0,0,0,0,0,0
4667,2895,60,0,62320,175,"Der Feind in meinem Flussbett",0,0,0,0,0,0,0,0,0,0,0,0,0,0,0,0,0,0,0,0,0,0,0,0
4668,2896,63,0,62320,175,"Großmaul gegen große Klappe",0,0,0,0,0,0,0,0,0,0,0,0,0,0,0,0,0,0,0,0,0,0,0,0
4669,2897,65,0,62320,175,"Unter dem Meer",0,0,0,0,0,0,0,0,0,0,0,0,0,0,0,0,0,0,0,0,0,0,0,0
4670,2898,68,0,62320,175,"Vergessene Traditionen",0,0,0,0,0,0,0,0,0,0,0,0,0,0,0,0,0,0,0,0,0,0,0,0
4671,2899,70,0,62320,175,"Feste soll man feiern",1540,0,0,0,0,0,0,0,0,0,0,0,0,0,0,0,0,0,0,0,0,0,0,0
4672,3227,70,0,61419,199,"Ihres Glückes Schmied",0,0,0,0,0,0,0,0,0,0,0,0,0,0,0,0,0,0,0,0,0,0,0,0
4673,3228,75,0,61411,199,"Zukünftige Stammkunden",0,0,0,0,0,0,0,0,0,0,0,0,0,0,0,0,0,0,0,0,0,0,0,0
4674,3229,80,0,61411,199,"Schmiede gut, alles gut",2115,0,0,0,0,0,0,0,0,0,0,0,0,0,0,0,0,0,0,0,0,0,0,0
4675,3230,70,0,61419,200,"Die Erinnerungswerkstatt",0,0,0,0,0,0,0,0,0,0,0,0,0,0,0,0,0,0,0,0,0,0,0,0
4676,3231,75,0,61411,200,"Erinnerung an Meister Harigg",0,0,0,0,0,0,0,0,0,0,0,0,0,0,0,0,0,0,0,0,0,0,0,0
4677,3232,80,0,61411,200,"Restaurierung der Familienbande",2116,0,0,0,0,0,0,0,0,0,0,0,0,0,0,0,0,0,0,0,0,0,0,0
4678,3233,70,0,61419,201,"Bethric, Veterinär aus Leidenschaft",0,0,0,0,0,0,0,0,0,0,0,0,0,0,0,0,0,0,0,0,0,0,0,0
4679,3234,75,0,61411,201,"Heimat ist da, wo man sich Zuhause fühlt",0,0,0,0,0,0,0,0,0,0,0,0,0,0,0,0,0,0,0,0,0,0,0,0
4680,3235,80,0,61411,201,"Alte Wunden heilen",2117,0,0,0,0,0,0,0,0,0,0,0,0,0,0,0,0,0,0,0,0,0,0,0
4681,3236,70,0,61419,202,"Es war einmal ein Pflanzenwesen",0,0,0,0,0,0,0,0,0,0,0,0,0,0,0,0,0,0,0,0,0,0,0,0
4682,3237,75,0,61411,202,"Auf den Spuren der Samiel",0,0,0,0,0,0,0,0,0,0,0,0,0,0,0,0,0,0,0,0,0,0,0,0
4683,3238,80,0,61411,202,"Die große, brüllende Wahrheit",2118,0,0,0,0,0,0,0,0,0,0,0,0,0,0,0,0,0,0,0,0,0,0,0
4684,3239,70,0,61419,203,"Die Leiden des jungen Fischers",0,0,0,0,0,0,0,0,0,0,0,0,0,0,0,0,0,0,0,0,0,0,0,0
4685,3240,75,0,61411,203,"Frischer Fisch für Frithrik",0,0,0,0,0,0,0,0,0,0,0,0,0,0,0,0,0,0,0,0,0,0,0,0
4686,3241,80,0,61411,203,"Von Krabben, Kummer und Krankheit",2119,0,0,0,0,0,0,0,0,0,0,0,0,0,0,0,0,0,0,0,0,0,0,0
4687,3655,70,0,61419,204,"Die Manufaktur der Gemeinschaft",0,0,0,0,0,0,0,0,0,0,0,0,0,0,0,0,0,0,0,0,0,0,0,0
4688,3242,80,0,61411,204,"Ein Leuchten in den Augen",2120,0,0,0,0,0,0,0,0,0,0,0,0,0,0,0,0,0,0,0,0,0,0,0
4689,4132,80,0,62521,205,"Das goldene Artefakt von Professorin Rurusha",0,0,0,0,0,0,0,0,0,0,0,0,0,0,0,0,0,0,0,0,0,0,0,0
4690,4133,80,0,62521,205,"Die Restaurierung des Goldenen Dhyata",0,0,0,0,0,0,0,0,0,0,0,0,0,0,0,0,0,0,0,0,0,0,0,0
4691,4134,83,0,62521,205,"Räder im antiken Getriebe",0,0,0,0,0,0,0,0,0,0,0,0,0,0,0,0,0,0,0,0,0,0,0,0
4692,4135,85,0,62521,205,"Verschwendung von Forschungsgeldern",0,0,0,0,0,0,0,0,0,0,0,0,0,0,0,0,0,0,0,0,0,0,0,0
4693,4136,85,0,62521,205,"Borics Sorgen",0,0,0,0,0,0,0,0,0,0,0,0,0,0,0,0,0,0,0,0,0,0,0,0
4694,4137,88,0,62521,205,"Professorin Rurusha in Bedrängnis",0,0,0,0,0,0,0,0,0,0,0,0,0,0,0,0,0,0,0,0,0,0,0,0
4695,4138,90,0,62521,205,"Schlüssel zum Wissen der Altvorderen",2587,0,0,0,0,0,0,0,0,0,0,0,0,0,0,0,0,0,0,0,0,0,0,0
4696,4139,80,0,62521,206,"Auf der Suche nach dem Blauen Stern",0,0,0,0,0,0,0,0,0,0,0,0,0,0,0,0,0,0,0,0,0,0,0,0
4697,4140,80,0,62521,206,"Eines Freundes Freund zu sein",0,0,0,0,0,0,0,0,0,0,0,0,0,0,0,0,0,0,0,0,0,0,0,0
4698,4141,83,0,62521,206,"Ein wahres Gedicht",0,0,0,0,0,0,0,0,0,0,0,0,0,0,0,0,0,0,0,0,0,0,0,0
4699,4142,85,0,62521,206,"Ein kleiner Schritt nach vorn",0,0,0,0,0,0,0,0,0,0,0,0,0,0,0,0,0,0,0,0,0,0,0,0
4700,4143,85,0,62521,206,"Das zehnjährige Versprechen",0,0,0,0,0,0,0,0,0,0,0,0,0,0,0,0,0,0,0,0,0,0,0,0
4701,4144,88,0,62521,206,"Ein Licht geht auf",0,0,0,0,0,0,0,0,0,0,0,0,0,0,0,0,0,0,0,0,0,0,0,0
4702,4145,90,0,62521,206,"Ein neuer Stern am Himmel",2588,0,0,0,0,0,0,0,0,0,0,0,0,0,0,0,0,0,0,0,0,0,0,0
4703,4146,80,0,62521,207,"Ein Angriff auf die Ge<hex:02160103>schmacks<hex:02160103>nerven",0,0,0,0,0,0,0,0,0,0,0,0,0,0,0,0,0,0,0,0,0,0,0,0
4704,4147,80,0,62521,207,"Wenn ein Löffelchen voll Süßstoff ...",0,0,0,0,0,0,0,0,0,0,0,0,0,0,0,0,0,0,0,0,0,0,0,0
4705,4148,83,0,62521,207,"Ein Brot mit Biss",0,0,0,0,0,0,0,0,0,0,0,0,0,0,0,0,0,0,0,0,0,0,0,0
4706,4149,85,0,62521,207,"Es fehlt der Wohlgeruch",0,0,0,0,0,0,0,0,0,0,0,0,0,0,0,0,0,0,0,0,0,0,0,0
4707,4150,85,0,62521,207,"Das Geheimnis eines langen Lebens",0,0,0,0,0,0,0,0,0,0,0,0,0,0,0,0,0,0,0,0,0,0,0,0
4708,4151,88,0,62521,207,"Möge das bessere Brot gewinnen",0,0,0,0,0,0,0,0,0,0,0,0,0,0,0,0,0,0,0,0,0,0,0,0
4709,4152,90,0,62521,207,"Die Esskultur Sharlayans",2589,0,0,0,0,0,0,0,0,0,0,0,0,0,0,0,0,0,0,0,0,0,0,0
4710,4153,80,0,62521,208,"Die Liebe zur Kultur",0,0,0,0,0,0,0,0,0,0,0,0,0,0,0,0,0,0,0,0,0,0,0,0
4711,4154,80,0,62521,208,"Ist es zu scharf, bist du zu schlapp",0,0,0,0,0,0,0,0,0,0,0,0,0,0,0,0,0,0,0,0,0,0,0,0
4712,4155,83,0,62521,208,"Heizen mit Erdseim",0,0,0,0,0,0,0,0,0,0,0,0,0,0,0,0,0,0,0,0,0,0,0,0
4713,4156,85,0,62521,208,"Möhrchen und Hasenöhrchen",0,0,0,0,0,0,0,0,0,0,0,0,0,0,0,0,0,0,0,0,0,0,0,0
4714,4157,85,0,62521,208,"Wie zerronnen, so gewonnen",0,0,0,0,0,0,0,0,0,0,0,0,0,0,0,0,0,0,0,0,0,0,0,0
4715,4158,88,0,62521,208,"Vor langer, langer Zeit",0,0,0,0,0,0,0,0,0,0,0,0,0,0,0,0,0,0,0,0,0,0,0,0
4716,4159,90,0,62521,208,"Die Kultur der Liebe",2590,0,0,0,0,0,0,0,0,0,0,0,0,0,0,0,0,0,0,0,0,0,0,0
4717,4160,80,0,62521,209,"Ein Ätherologe am Tiefpunkt",0,0,0,0,0,0,0,0,0,0,0,0,0,0,0,0,0,0,0,0,0,0,0,0
4718,4161,80,0,62521,209,"Die Theorie der Äther-Gezeiten",0,0,0,0,0,0,0,0,0,0,0,0,0,0,0,0,0,0,0,0,0,0,0,0
4719,4162,83,0,62521,209,"Kleinfisch macht auch Äther",0,0,0,0,0,0,0,0,0,0,0,0,0,0,0,0,0,0,0,0,0,0,0,0
4720,4163,85,0,62521,209,"Fremde Gewässer des Nordens",0,0,0,0,0,0,0,0,0,0,0,0,0,0,0,0,0,0,0,0,0,0,0,0
4721,4164,85,0,62521,209,"Rätselhafte Anomalien",0,0,0,0,0,0,0,0,0,0,0,0,0,0,0,0,0,0,0,0,0,0,0,0
4722,4165,88,0,62521,209,"Ein Fisch aus fernen Tagen",0,0,0,0,0,0,0,0,0,0,0,0,0,0,0,0,0,0,0,0,0,0,0,0
4723,4166,90,0,62521,209,"Neue Horizonte der Forschung",2591,0,0,0,0,0,0,0,0,0,0,0,0,0,0,0,0,0,0,0,0,0,0,0
4724,4473,80,0,62521,210,"Die Magieakademie von Sharlayan",0,0,0,0,0,0,0,0,0,0,0,0,0,0,0,0,0,0,0,0,0,0,0,0
4725,4474,90,0,62521,210,"Die Expansion des Wissens",2592,0,0,0,0,0,0,0,0,0,0,0,0,0,0,0,0,0,0,0,0,0,0,0
4726,4968,90,0,62523,211,"Die neue Mitarbeiterin",0,0,0,0,0,0,0,0,0,0,0,0,0,0,0,0,0,0,0,0,0,0,0,0
4727,4969,90,0,62523,211,"Sensen für Hanuhanu",0,0,0,0,0,0,0,0,0,0,0,0,0,0,0,0,0,0,0,0,0,0,0,0
4728,4970,93,0,62523,211,"Tante Tiis Tortillapressen",0,0,0,0,0,0,0,0,0,0,0,0,0,0,0,0,0,0,0,0,0,0,0,0
4729,4971,95,0,62523,211,"Leuchtende Laternen",0,0,0,0,0,0,0,0,0,0,0,0,0,0,0,0,0,0,0,0,0,0,0,0
4730,4972,95,0,62523,211,"Gemeinsamswerk im Schnelltempo",0,0,0,0,0,0,0,0,0,0,0,0,0,0,0,0,0,0,0,0,0,0,0,0
4731,4973,98,0,62523,211,"Aufstieg zum Hoflieferanten",0,0,0,0,0,0,0,0,0,0,0,0,0,0,0,0,0,0,0,0,0,0,0,0
4732,4974,100,0,62523,211,"Ein wahrer Wohlplatz",3441,0,0,0,0,0,0,0,0,0,0,0,0,0,0,0,0,0,0,0,0,0,0,0
4733,4975,90,0,62523,212,"Es war einmal ...",0,0,0,0,0,0,0,0,0,0,0,0,0,0,0,0,0,0,0,0,0,0,0,0
4734,4976,90,0,62523,212,"Der Geschmack des süßen Schilfs",0,0,0,0,0,0,0,0,0,0,0,0,0,0,0,0,0,0,0,0,0,0,0,0
4735,4977,93,0,62523,212,"Der tapfere kleine Pelupelu",0,0,0,0,0,0,0,0,0,0,0,0,0,0,0,0,0,0,0,0,0,0,0,0
4736,4978,95,0,62523,212,"Eine Ode an die Tontöpfe",0,0,0,0,0,0,0,0,0,0,0,0,0,0,0,0,0,0,0,0,0,0,0,0
4737,4979,95,0,62523,212,"Wo Worte allein nicht genügen",0,0,0,0,0,0,0,0,0,0,0,0,0,0,0,0,0,0,0,0,0,0,0,0
4738,4980,98,0,62523,212,"Über den Baumwipfeln",0,0,0,0,0,0,0,0,0,0,0,0,0,0,0,0,0,0,0,0,0,0,0,0
4739,4981,100,0,62523,212,"Die, die der Sonne folgen",3442,0,0,0,0,0,0,0,0,0,0,0,0,0,0,0,0,0,0,0,0,0,0,0
4740,4982,90,0,62523,213,"Ohne Saft und Kraft",0,0,0,0,0,0,0,0,0,0,0,0,0,0,0,0,0,0,0,0,0,0,0,0
4741,4983,90,0,62523,213,"Mon Cherimoya",0,0,0,0,0,0,0,0,0,0,0,0,0,0,0,0,0,0,0,0,0,0,0,0
4742,4984,93,0,62523,213,"Die Nase trinkt mit",0,0,0,0,0,0,0,0,0,0,0,0,0,0,0,0,0,0,0,0,0,0,0,0
4743,4985,95,0,62523,213,"Halnaruk die Helfenhand",0,0,0,0,0,0,0,0,0,0,0,0,0,0,0,0,0,0,0,0,0,0,0,0
4744,4986,95,0,62523,213,"Das ideale Getränk",0,0,0,0,0,0,0,0,0,0,0,0,0,0,0,0,0,0,0,0,0,0,0,0
4745,4987,98,0,62523,213,"Feigen vertreiben den Kater",0,0,0,0,0,0,0,0,0,0,0,0,0,0,0,0,0,0,0,0,0,0,0,0
4746,4988,100,0,62523,213,"Ein Prosit dem Erfolg",3443,0,0,0,0,0,0,0,0,0,0,0,0,0,0,0,0,0,0,0,0,0,0,0
4747,4989,90,0,62523,214,"Nur das Beste vom Besten",0,0,0,0,0,0,0,0,0,0,0,0,0,0,0,0,0,0,0,0,0,0,0,0
4748,4990,90,0,62523,214,"Die große Sammelprüfung",0,0,0,0,0,0,0,0,0,0,0,0,0,0,0,0,0,0,0,0,0,0,0,0
4749,4991,93,0,62523,214,"Über Stock und Stein",0,0,0,0,0,0,0,0,0,0,0,0,0,0,0,0,0,0,0,0,0,0,0,0
4750,4992,95,0,62523,214,"Eins mit der Natur",0,0,0,0,0,0,0,0,0,0,0,0,0,0,0,0,0,0,0,0,0,0,0,0
4751,4993,95,0,62523,214,"Ein gleißender Lichtstrahl am Himmel",0,0,0,0,0,0,0,0,0,0,0,0,0,0,0,0,0,0,0,0,0,0,0,0
4752,4994,98,0,62523,214,"Auf der Suche nach der Wahrheit",0,0,0,0,0,0,0,0,0,0,0,0,0,0,0,0,0,0,0,0,0,0,0,0
4753,4995,100,0,62523,214,"Die blauen Himmelsblüten",3444,0,0,0,0,0,0,0,0,0,0,0,0,0,0,0,0,0,0,0,0,0,0,0
4754,4996,90,0,62523,215,"Ein ganz und gar (un)gewöhnlicher Fischladen",0,0,0,0,0,0,0,0,0,0,0,0,0,0,0,0,0,0,0,0,0,0,0,0
4755,4997,90,0,62523,215,"Dieser Fisch ist spitze",0,0,0,0,0,0,0,0,0,0,0,0,0,0,0,0,0,0,0,0,0,0,0,0
4756,4998,93,0,62523,215,"Eine harte Nuss von Fisch",0,0,0,0,0,0,0,0,0,0,0,0,0,0,0,0,0,0,0,0,0,0,0,0
4757,4999,95,0,62523,215,"Auf die Fischgröße kommt es an",0,0,0,0,0,0,0,0,0,0,0,0,0,0,0,0,0,0,0,0,0,0,0,0
4758,5000,95,0,62523,215,"Das Prüfungsergebnis",0,0,0,0,0,0,0,0,0,0,0,0,0,0,0,0,0,0,0,0,0,0,0,0
4759,5001,98,0,62523,215,"Fisch-Hochgenuss",0,0,0,0,0,0,0,0,0,0,0,0,0,0,0,0,0,0,0,0,0,0,0,0
4760,5002,100,0,62523,215,"Vollendete Fischillusionsmagie",3445,0,0,0,0,0,0,0,0,0,0,0,0,0,0,0,0,0,0,0,0,0,0,0
4761,4966,90,0,62523,216,"Der Markt von Wachumeqimeqi",0,0,0,0,0,0,0,0,0,0,0,0,0,0,0,0,0,0,0,0,0,0,0,0
4762,4967,100,0,62523,216,"Das Wachumeqimeqi-Dankesspektakel",3571,0,0,0,0,0,0,0,0,0,0,0,0,0,0,0,0,0,0,0,0,0,0,0
4763,1055,30,0,62401,176,"Freier Paladin",329,0,0,0,0,0,0,0,0,0,0,0,0,0,0,0,0,0,0,0,0,0,0,0
4764,1056,35,0,62401,176,"Leuchtendes Vorbild",0,0,0,0,0,0,0,0,0,0,0,0,0,0,0,0,0,0,0,0,0,0,0,0
4765,1057,40,0,62401,176,"Intrige und Verrat",0,0,0,0,0,0,0,0,0,0,0,0,0,0,0,0,0,0,0,0,0,0,0,0
4766,1058,45,0,62401,176,"Gift im Herzen",0,0,0,0,0,0,0,0,0,0,0,0,0,0,0,0,0,0,0,0,0,0,0,0
4767,1059,45,0,62401,176,"Der rechte Weg",330,331,0,0,0,0,0,0,0,0,0,0,0,0,0,0,0,0,0,0,0,0,0,0
4768,1060,50,0,62401,176,"Das heilige Schwert",332,333,0,0,0,0,0,0,0,0,0,0,0,0,0,0,0,0,0,0,0,0,0,0
4769,1120,50,0,62401,176,"Restaurierung der Reliktwaffen (Curtana)",0,0,0,0,0,0,0,0,0,0,0,0,0,0,0,0,0,0,0,0,0,0,0,0
4770,0,0,0,0,0,"",0,0,0,0,0,0,0,0,0,0,0,0,0,0,0,0,0,0,0,0,0,0,0,0
4771,2032,50,0,62401,176,"Zum Vorbild gereichen",0,0,0,0,0,0,0,0,0,0,0,0,0,0,0,0,0,0,0,0,0,0,0,0
4772,2033,52,0,62401,176,"Auf Solkzagyls Spur",0,0,0,0,0,0,0,0,0,0,0,0,0,0,0,0,0,0,0,0,0,0,0,0
4773,2034,54,0,62401,176,"Blutiger Schnee",0,0,0,0,0,0,0,0,0,0,0,0,0,0,0,0,0,0,0,0,0,0,0,0
4774,2035,56,0,62401,176,"Der Brief eines Toten",957,0,0,0,0,0,0,0,0,0,0,0,0,0,0,0,0,0,0,0,0,0,0,0
4775,2036,58,0,62401,176,"Strafexpedition ins Wolkenmeer",0,0,0,0,0,0,0,0,0,0,0,0,0,0,0,0,0,0,0,0,0,0,0,0
4776,2037,60,0,62401,176,"Das Geheimnis der Eidklinge",958,976,0,0,0,0,0,0,0,0,0,0,0,0,0,0,0,0,0,0,0,0,0,0
4777,2571,60,0,62401,176,"Einladung zum Turnier",0,0,0,0,0,0,0,0,0,0,0,0,0,0,0,0,0,0,0,0,0,0,0,0
4778,2572,63,0,62401,176,"Thal zu Ehren",0,0,0,0,0,0,0,0,0,0,0,0,0,0,0,0,0,0,0,0,0,0,0,0
4779,2573,65,0,62401,176,"Nald zu Ehren",1506,0,0,0,0,0,0,0,0,0,0,0,0,0,0,0,0,0,0,0,0,0,0,0
4780,2574,68,0,62401,176,"Sieg ohne Kampf",0,0,0,0,0,0,0,0,0,0,0,0,0,0,0,0,0,0,0,0,0,0,0,0
4781,2575,70,0,62401,176,"Die hohe Kunst des Schwertkampfs",1507,0,0,0,0,0,0,0,0,0,0,0,0,0,0,0,0,0,0,0,0,0,0,0
4782,3210,80,0,62401,176,"Wofür es sich zu kämpfen lohnt",1945,0,0,0,0,0,0,0,0,0,0,0,0,0,0,0,0,0,0,0,0,0,0,0
4783,1061,30,0,62402,177,"Duo mit vier Fäusten",338,0,0,0,0,0,0,0,0,0,0,0,0,0,0,0,0,0,0,0,0,0,0,0
4784,1062,35,0,62402,177,"Spuren der Geschichte",0,0,0,0,0,0,0,0,0,0,0,0,0,0,0,0,0,0,0,0,0,0,0,0
4785,1063,40,0,62402,177,"Auf der Suche nach Macht",339,0,0,0,0,0,0,0,0,0,0,0,0,0,0,0,0,0,0,0,0,0,0,0
4786,1064,45,0,62402,177,"Ätherische Harmonie",0,0,0,0,0,0,0,0,0,0,0,0,0,0,0,0,0,0,0,0,0,0,0,0
4787,1065,45,0,62402,177,"Das Schicksal der Mönche",0,0,0,0,0,0,0,0,0,0,0,0,0,0,0,0,0,0,0,0,0,0,0,0
4788,1066,50,0,62402,177,"Das siebte Chakra",340,341,0,0,0,0,0,0,0,0,0,0,0,0,0,0,0,0,0,0,0,0,0,0
4789,1121,50,0,62402,177,"Restaurierung der Reliktwaffen (Sphairai)",0,0,0,0,0,0,0,0,0,0,0,0,0,0,0,0,0,0,0,0,0,0,0,0
4790,0,0,0,0,0,"",0,0,0,0,0,0,0,0,0,0,0,0,0,0,0,0,0,0,0,0,0,0,0,0
4791,2026,50,0,62402,177,"Aus heiterem Himmel",0,0,0,0,0,0,0,0,0,0,0,0,0,0,0,0,0,0,0,0,0,0,0,0
4792,2027,52,0,62402,177,"Sonne und Schatten",959,0,0,0,0,0,0,0,0,0,0,0,0,0,0,0,0,0,0,0,0,0,0,0
4793,2028,54,0,62402,177,"Auf Leben und Tod",0,0,0,0,0,0,0,0,0,0,0,0,0,0,0,0,0,0,0,0,0,0,0,0
4794,2029,56,0,62402,177,"Verratene Verräter",0,0,0,0,0,0,0,0,0,0,0,0,0,0,0,0,0,0,0,0,0,0,0,0
4795,2030,58,0,62402,177,"Das Angebot",0,0,0,0,0,0,0,0,0,0,0,0,0,0,0,0,0,0,0,0,0,0,0,0
4796,2031,60,0,62402,177,"Rhalgrs Wille",960,0,0,0,0,0,0,0,0,0,0,0,0,0,0,0,0,0,0,0,0,0,0,0
4797,2426,60,0,62402,177,"Die Rückkehr der Faust",0,0,0,0,0,0,0,0,0,0,0,0,0,0,0,0,0,0,0,0,0,0,0,0
4798,2427,63,0,62402,177,"Mönch der Herzen",0,0,0,0,0,0,0,0,0,0,0,0,0,0,0,0,0,0,0,0,0,0,0,0
4799,2428,65,0,62402,177,"Ungeliebte Verwandtschaft",1518,0,0,0,0,0,0,0,0,0,0,0,0,0,0,0,0,0,0,0,0,0,0,0
4800,2429,68,0,62402,177,"Vorsprung durch ul'dhische Technik",0,0,0,0,0,0,0,0,0,0,0,0,0,0,0,0,0,0,0,0,0,0,0,0
4801,2430,70,0,62402,177,"In der Stärke liegt die Kraft",1519,0,0,0,0,0,0,0,0,0,0,0,0,0,0,0,0,0,0,0,0,0,0,0
4802,3211,80,0,62402,177,"Das Vermächtnis eines Mönchs",1948,0,0,0,0,0,0,0,0,0,0,0,0,0,0,0,0,0,0,0,0,0,0,0
4803,1049,30,0,62403,178,"Der Krieger aus den Bergen",320,321,0,0,0,0,0,0,0,0,0,0,0,0,0,0,0,0,0,0,0,0,0,0
4804,1050,35,0,62403,178,"Man wächst mit seinen Aufgaben",0,0,0,0,0,0,0,0,0,0,0,0,0,0,0,0,0,0,0,0,0,0,0,0
4805,1051,40,0,62403,178,"Ein Zeichen von Schwäche",322,0,0,0,0,0,0,0,0,0,0,0,0,0,0,0,0,0,0,0,0,0,0,0
4806,1052,45,0,62403,178,"Das Kreuz mit alten Bräuchen",0,0,0,0,0,0,0,0,0,0,0,0,0,0,0,0,0,0,0,0,0,0,0,0
4807,1053,45,0,62403,178,"Gefährliche Rüstung",0,0,0,0,0,0,0,0,0,0,0,0,0,0,0,0,0,0,0,0,0,0,0,0
4808,1054,50,0,62403,178,"Wahre Stärke",323,324,0,0,0,0,0,0,0,0,0,0,0,0,0,0,0,0,0,0,0,0,0,0
4809,1119,50,0,62403,178,"Restaurierung der Reliktwaffen (Bravura)",0,0,0,0,0,0,0,0,0,0,0,0,0,0,0,0,0,0,0,0,0,0,0,0
4810,0,0,0,0,0,"",0,0,0,0,0,0,0,0,0,0,0,0,0,0,0,0,0,0,0,0,0,0,0,0
4811,585,50,0,62403,178,"Die Legende des Kriegers",0,0,0,0,0,0,0,0,0,0,0,0,0,0,0,0,0,0,0,0,0,0,0,0
4812,586,52,0,62403,178,"Der Urkraft verfallen",0,0,0,0,0,0,0,0,0,0,0,0,0,0,0,0,0,0,0,0,0,0,0,0
4813,588,54,0,62403,178,"Ein Riese von einem Bären",0,0,0,0,0,0,0,0,0,0,0,0,0,0,0,0,0,0,0,0,0,0,0,0
4814,596,56,0,62403,178,"Schlangen das Plündern austreiben",0,0,0,0,0,0,0,0,0,0,0,0,0,0,0,0,0,0,0,0,0,0,0,0
4815,1677,56,0,62403,178,"Gebändigte Urkraft",0,0,0,0,0,0,0,0,0,0,0,0,0,0,0,0,0,0,0,0,0,0,0,0
4816,598,58,0,62403,178,"Klamm in der Klamm",0,0,0,0,0,0,0,0,0,0,0,0,0,0,0,0,0,0,0,0,0,0,0,0
4817,601,60,0,62403,178,"Wie ein Fels in der Brandung",934,935,0,0,0,0,0,0,0,0,0,0,0,0,0,0,0,0,0,0,0,0,0,0
4818,2900,60,0,62403,178,"Das Kräftemessen",1487,1504,0,0,0,0,0,0,0,0,0,0,0,0,0,0,0,0,0,0,0,0,0,0
4819,2901,63,0,62403,178,"Eine Schwäche für Stärke",0,0,0,0,0,0,0,0,0,0,0,0,0,0,0,0,0,0,0,0,0,0,0,0
4820,2902,65,0,62403,178,"Wo die Liebe hinfällt",0,0,0,0,0,0,0,0,0,0,0,0,0,0,0,0,0,0,0,0,0,0,0,0
4821,2903,68,0,62403,178,"Alle Wege führen nach Azim",0,0,0,0,0,0,0,0,0,0,0,0,0,0,0,0,0,0,0,0,0,0,0,0
4822,2904,70,0,62403,178,"Kriegerische Leidenschaft",1505,0,0,0,0,0,0,0,0,0,0,0,0,0,0,0,0,0,0,0,0,0,0,0
4823,3212,80,0,62403,178,"Verletzte Kriegerherzen",1944,0,0,0,0,0,0,0,0,0,0,0,0,0,0,0,0,0,0,0,0,0,0,0
4824,1067,30,0,62404,179,"Das Auge des Drachen",334,0,0,0,0,0,0,0,0,0,0,0,0,0,0,0,0,0,0,0,0,0,0,0
4825,1068,35,0,62404,179,"Lanzenlegenden",0,0,0,0,0,0,0,0,0,0,0,0,0,0,0,0,0,0,0,0,0,0,0,0
4826,1069,40,0,62404,179,"Narben der Seele",0,0,0,0,0,0,0,0,0,0,0,0,0,0,0,0,0,0,0,0,0,0,0,0
4827,1070,45,0,62404,179,"Doppel-Dragoon",335,0,0,0,0,0,0,0,0,0,0,0,0,0,0,0,0,0,0,0,0,0,0,0
4828,1071,45,0,62404,179,"Fatale Versuchung",0,0,0,0,0,0,0,0,0,0,0,0,0,0,0,0,0,0,0,0,0,0,0,0
4829,1072,50,0,62404,179,"Klüfte der Feindschaft",336,337,0,0,0,0,0,0,0,0,0,0,0,0,0,0,0,0,0,0,0,0,0,0
4830,1122,50,0,62404,179,"Restaurierung der Reliktwaffen (Gae Bolg)",0,0,0,0,0,0,0,0,0,0,0,0,0,0,0,0,0,0,0,0,0,0,0,0
4831,0,0,0,0,0,"",0,0,0,0,0,0,0,0,0,0,0,0,0,0,0,0,0,0,0,0,0,0,0,0
4832,1689,50,0,62404,179,"Vom Schüler zum Meister",0,0,0,0,0,0,0,0,0,0,0,0,0,0,0,0,0,0,0,0,0,0,0,0
4833,1690,52,0,62404,179,"Die erste Lektion",0,0,0,0,0,0,0,0,0,0,0,0,0,0,0,0,0,0,0,0,0,0,0,0
4834,1691,52,0,62404,179,"Schicksalsverwandte",0,0,0,0,0,0,0,0,0,0,0,0,0,0,0,0,0,0,0,0,0,0,0,0
4835,1692,54,0,62404,179,"Schlacht an der Pike",936,0,0,0,0,0,0,0,0,0,0,0,0,0,0,0,0,0,0,0,0,0,0,0
4836,1693,56,0,62404,179,"In den Klauen des Feindes",0,0,0,0,0,0,0,0,0,0,0,0,0,0,0,0,0,0,0,0,0,0,0,0
4837,1694,58,0,62404,179,"Gestrauchelte Reiterin",0,0,0,0,0,0,0,0,0,0,0,0,0,0,0,0,0,0,0,0,0,0,0,0
4838,1695,60,0,62404,179,"Das Blut des Drachen",937,0,0,0,0,0,0,0,0,0,0,0,0,0,0,0,0,0,0,0,0,0,0,0
4839,2910,60,0,62404,179,"Das merkwürdige Paarungsverhalten von Drachen",0,0,0,0,0,0,0,0,0,0,0,0,0,0,0,0,0,0,0,0,0,0,0,0
4840,2911,63,0,62404,179,"Die Legende vom Schlafenden Drachen",0,0,0,0,0,0,0,0,0,0,0,0,0,0,0,0,0,0,0,0,0,0,0,0
4841,2912,65,0,62404,179,"Die Gruselgeschichte vom Drachen der Rubinsee",0,0,0,0,0,0,0,0,0,0,0,0,0,0,0,0,0,0,0,0,0,0,0,0
4842,2913,68,0,62404,179,"Finstergroll",1516,0,0,0,0,0,0,0,0,0,0,0,0,0,0,0,0,0,0,0,0,0,0,0
4843,2914,70,0,62404,179,"Das Brüllen des Großen Drachen",1517,0,0,0,0,0,0,0,0,0,0,0,0,0,0,0,0,0,0,0,0,0,0,0
4844,3213,80,0,62404,179,"Elegie der schwarzen Schwingen",2083,0,0,0,0,0,0,0,0,0,0,0,0,0,0,0,0,0,0,0,0,0,0,0
4845,1085,30,0,62405,180,"Mächtige Melodien",0,0,0,0,0,0,0,0,0,0,0,0,0,0,0,0,0,0,0,0,0,0,0,0
4846,1086,35,0,62405,180,"Die Wiege der Poesie",0,0,0,0,0,0,0,0,0,0,0,0,0,0,0,0,0,0,0,0,0,0,0,0
4847,1087,40,0,62405,180,"Das Erbe der Barden",0,0,0,0,0,0,0,0,0,0,0,0,0,0,0,0,0,0,0,0,0,0,0,0
4848,1088,45,0,62405,180,"Der hochmütige Narr",325,326,0,0,0,0,0,0,0,0,0,0,0,0,0,0,0,0,0,0,0,0,0,0
4849,1089,45,0,62405,180,"Des Barden neue Kleider",0,0,0,0,0,0,0,0,0,0,0,0,0,0,0,0,0,0,0,0,0,0,0,0
4850,1090,50,0,62405,180,"Requiem",327,328,0,0,0,0,0,0,0,0,0,0,0,0,0,0,0,0,0,0,0,0,0,0
4851,1125,50,0,62405,180,"Restaurierung der Reliktwaffen (Artemis-Bogen)",0,0,0,0,0,0,0,0,0,0,0,0,0,0,0,0,0,0,0,0,0,0,0,0
4852,0,0,0,0,0,"",0,0,0,0,0,0,0,0,0,0,0,0,0,0,0,0,0,0,0,0,0,0,0,0
4853,1713,50,0,62405,180,"Neue Barden braucht das Land",963,0,0,0,0,0,0,0,0,0,0,0,0,0,0,0,0,0,0,0,0,0,0,0
4854,1714,52,0,62405,180,"Der musikalische Ritter",0,0,0,0,0,0,0,0,0,0,0,0,0,0,0,0,0,0,0,0,0,0,0,0
4855,1715,54,0,62405,180,"Requiem im Schnee",0,0,0,0,0,0,0,0,0,0,0,0,0,0,0,0,0,0,0,0,0,0,0,0
4856,1716,56,0,62405,180,"In den Fängen der Gnath",0,0,0,0,0,0,0,0,0,0,0,0,0,0,0,0,0,0,0,0,0,0,0,0
4857,1717,58,0,62405,180,"Musikfreunde",0,0,0,0,0,0,0,0,0,0,0,0,0,0,0,0,0,0,0,0,0,0,0,0
4858,1718,60,0,62405,180,"Die Ballade der Erlösung",964,0,0,0,0,0,0,0,0,0,0,0,0,0,0,0,0,0,0,0,0,0,0,0
4859,2890,60,0,62405,180,"Geheimnis des Purpurlaubkriegs",0,0,0,0,0,0,0,0,0,0,0,0,0,0,0,0,0,0,0,0,0,0,0,0
4860,2891,63,0,62405,180,"Maskierte Motive",0,0,0,0,0,0,0,0,0,0,0,0,0,0,0,0,0,0,0,0,0,0,0,0
4861,2892,65,0,62405,180,"Brisantes Tagebuch",1522,0,0,0,0,0,0,0,0,0,0,0,0,0,0,0,0,0,0,0,0,0,0,0
4862,2893,68,0,62405,180,"Kampf um die Wahrheit",0,0,0,0,0,0,0,0,0,0,0,0,0,0,0,0,0,0,0,0,0,0,0,0
4863,2894,70,0,62405,180,"Eilige Rettungsmission",1523,0,0,0,0,0,0,0,0,0,0,0,0,0,0,0,0,0,0,0,0,0,0,0
4864,3214,80,0,62405,180,"Balladen, die das Leben schreibt",2085,0,0,0,0,0,0,0,0,0,0,0,0,0,0,0,0,0,0,0,0,0,0,0
4865,212,30,0,62410,181,"Die geheime Kraft des Ninjutsu",690,0,0,0,0,0,0,0,0,0,0,0,0,0,0,0,0,0,0,0,0,0,0,0
4866,213,30,0,62410,181,"Kirschblüten im Mondschein",0,0,0,0,0,0,0,0,0,0,0,0,0,0,0,0,0,0,0,0,0,0,0,0
4867,214,35,0,62410,181,"Der lautlose Shinobi",0,0,0,0,0,0,0,0,0,0,0,0,0,0,0,0,0,0,0,0,0,0,0,0
4868,215,35,0,62410,181,"Begegnung am Wasserfall",0,0,0,0,0,0,0,0,0,0,0,0,0,0,0,0,0,0,0,0,0,0,0,0
4869,216,40,0,62410,181,"Federleicht",0,0,0,0,0,0,0,0,0,0,0,0,0,0,0,0,0,0,0,0,0,0,0,0
4870,217,40,0,62410,181,"Auf den Fersen des Verräters",0,0,0,0,0,0,0,0,0,0,0,0,0,0,0,0,0,0,0,0,0,0,0,0
4871,232,45,0,62410,181,"Kleidersammlung",0,0,0,0,0,0,0,0,0,0,0,0,0,0,0,0,0,0,0,0,0,0,0,0
4872,233,45,0,62410,181,"Buße",691,0,0,0,0,0,0,0,0,0,0,0,0,0,0,0,0,0,0,0,0,0,0,0
4873,234,50,0,62410,181,"Nacht der Entscheidung",692,693,0,0,0,0,0,0,0,0,0,0,0,0,0,0,0,0,0,0,0,0,0,0
4874,1579,50,0,62410,181,"Restaurierung der Reliktwaffen (Yoshimitsu)",0,0,0,0,0,0,0,0,0,0,0,0,0,0,0,0,0,0,0,0,0,0,0,0
4875,235,50,0,62410,181,"Besuch aus dem Osten",961,0,0,0,0,0,0,0,0,0,0,0,0,0,0,0,0,0,0,0,0,0,0,0
4876,1684,52,0,62410,181,"Prinzessin mit Mumm",0,0,0,0,0,0,0,0,0,0,0,0,0,0,0,0,0,0,0,0,0,0,0,0
4877,1685,54,0,62410,181,"Begegnung am Strand",0,0,0,0,0,0,0,0,0,0,0,0,0,0,0,0,0,0,0,0,0,0,0,0
4878,1686,56,0,62410,181,"Akagis List",0,0,0,0,0,0,0,0,0,0,0,0,0,0,0,0,0,0,0,0,0,0,0,0
4879,1687,58,0,62410,181,"Nickerchen im Wald",0,0,0,0,0,0,0,0,0,0,0,0,0,0,0,0,0,0,0,0,0,0,0,0
4880,1688,60,0,62410,181,"Den Ninja sei Dank",962,0,0,0,0,0,0,0,0,0,0,0,0,0,0,0,0,0,0,0,0,0,0,0
4881,2948,60,0,62410,181,"Flüchtige Flüchtlinge",0,0,0,0,0,0,0,0,0,0,0,0,0,0,0,0,0,0,0,0,0,0,0,0
4882,2949,63,0,62410,181,"Der Laternenseilakt",0,0,0,0,0,0,0,0,0,0,0,0,0,0,0,0,0,0,0,0,0,0,0,0
4883,2950,65,0,62410,181,"Ein Spiel um Leben und Tod",1520,0,0,0,0,0,0,0,0,0,0,0,0,0,0,0,0,0,0,0,0,0,0,0
4884,2951,68,0,62410,181,"Der Eremit",0,0,0,0,0,0,0,0,0,0,0,0,0,0,0,0,0,0,0,0,0,0,0,0
4885,2952,70,0,62410,181,"Schlag aus dem Verborgenen",1521,0,0,0,0,0,0,0,0,0,0,0,0,0,0,0,0,0,0,0,0,0,0,0
4886,3219,80,0,62410,181,"Ein Bad mit der Krähe",2084,0,0,0,0,0,0,0,0,0,0,0,0,0,0,0,0,0,0,0,0,0,0,0
4887,2053,50,0,62412,186,"Leichen sollst du weichen",991,0,0,0,0,0,0,0,0,0,0,0,0,0,0,0,0,0,0,0,0,0,0,0
4888,2054,30,0,62412,186,"Strafe muss nicht sein",0,0,0,0,0,0,0,0,0,0,0,0,0,0,0,0,0,0,0,0,0,0,0,0
4889,2055,35,0,62412,186,"Das Ritual des Ritters",0,0,0,0,0,0,0,0,0,0,0,0,0,0,0,0,0,0,0,0,0,0,0,0
4890,2056,40,0,62412,186,"Rette mich wer kann",0,0,0,0,0,0,0,0,0,0,0,0,0,0,0,0,0,0,0,0,0,0,0,0
4891,2057,45,0,62412,186,"Was gesagt werden musste",0,0,0,0,0,0,0,0,0,0,0,0,0,0,0,0,0,0,0,0,0,0,0,0
4892,2058,50,0,62412,186,"Des Ritters Kern",992,993,0,0,0,0,0,0,0,0,0,0,0,0,0,0,0,0,0,0,0,0,0,0
4893,2059,50,0,62412,186,"Zwei gegen eine",0,0,0,0,0,0,0,0,0,0,0,0,0,0,0,0,0,0,0,0,0,0,0,0
4894,2060,52,0,62412,186,"Ein geistreiches Mädchen",0,0,0,0,0,0,0,0,0,0,0,0,0,0,0,0,0,0,0,0,0,0,0,0
4895,2061,54,0,62412,186,"Schatten der Ver<hex:02160103>gangen<hex:02160103>heit",0,0,0,0,0,0,0,0,0,0,0,0,0,0,0,0,0,0,0,0,0,0,0,0
4896,2062,56,0,62412,186,"Wieder<hex:02160103>sehen",0,0,0,0,0,0,0,0,0,0,0,0,0,0,0,0,0,0,0,0,0,0,0,0
4897,2063,58,0,62412,186,"Des Wahnsinns fette Bommel",994,0,0,0,0,0,0,0,0,0,0,0,0,0,0,0,0,0,0,0,0,0,0,0
4898,2064,60,0,62412,186,"Ende Wut, alles Wut",995,0,0,0,0,0,0,0,0,0,0,0,0,0,0,0,0,0,0,0,0,0,0,0
4899,2915,60,0,62412,186,"Krieger des Lichts, Ritter der Dunkelheit",0,0,0,0,0,0,0,0,0,0,0,0,0,0,0,0,0,0,0,0,0,0,0,0
4900,2916,63,0,62412,186,"Die Büßerin",0,0,0,0,0,0,0,0,0,0,0,0,0,0,0,0,0,0,0,0,0,0,0,0
4901,2917,65,0,62412,186,"Meister und Schüler",0,0,0,0,0,0,0,0,0,0,0,0,0,0,0,0,0,0,0,0,0,0,0,0
4902,2918,68,0,62412,186,"Der besiegte Krieger",0,0,0,0,0,0,0,0,0,0,0,0,0,0,0,0,0,0,0,0,0,0,0,0
4903,2919,70,0,62412,186,"Aus der Dunkelheit deines Herzens",1508,1509,0,0,0,0,0,0,0,0,0,0,0,0,0,0,0,0,0,0,0,0,0,0
4904,3221,80,0,62412,186,"Der einsame Pfad des stolzen Dunkelritters",2080,0,0,0,0,0,0,0,0,0,0,0,0,0,0,0,0,0,0,0,0,0,0,0
4905,1696,50,0,62411,187,"Keine Ausbildung ohne Ausbilder",971,0,0,0,0,0,0,0,0,0,0,0,0,0,0,0,0,0,0,0,0,0,0,0
4906,1697,30,0,62411,187,"Feuerprobe",0,0,0,0,0,0,0,0,0,0,0,0,0,0,0,0,0,0,0,0,0,0,0,0
4907,1698,35,0,62411,187,"Metall zum Frühstück",0,0,0,0,0,0,0,0,0,0,0,0,0,0,0,0,0,0,0,0,0,0,0,0
4908,1699,40,0,62411,187,"Mein erster Gyrocopter",0,0,0,0,0,0,0,0,0,0,0,0,0,0,0,0,0,0,0,0,0,0,0,0
4909,1700,40,0,62411,187,"Verteidigung der Himmelswehr",972,0,0,0,0,0,0,0,0,0,0,0,0,0,0,0,0,0,0,0,0,0,0,0
4910,1701,45,0,62411,187,"Vorteil durch Technik",0,0,0,0,0,0,0,0,0,0,0,0,0,0,0,0,0,0,0,0,0,0,0,0
4911,1702,45,0,62411,187,"Übungsschießen am Strand",0,0,0,0,0,0,0,0,0,0,0,0,0,0,0,0,0,0,0,0,0,0,0,0
4912,1703,50,0,62411,187,"Maschinen in Trümmern",0,0,0,0,0,0,0,0,0,0,0,0,0,0,0,0,0,0,0,0,0,0,0,0
4913,1704,50,0,62411,187,"Ehre, wem Ehre gebührt",973,0,0,0,0,0,0,0,0,0,0,0,0,0,0,0,0,0,0,0,0,0,0,0
4914,1705,50,0,62411,187,"Heirat aus heiterem Himmel",0,0,0,0,0,0,0,0,0,0,0,0,0,0,0,0,0,0,0,0,0,0,0,0
4915,1706,52,0,62411,187,"Von allen guten Freunden verlassen",0,0,0,0,0,0,0,0,0,0,0,0,0,0,0,0,0,0,0,0,0,0,0,0
4916,1707,54,0,62411,187,"Joyes Sinneswandel",974,0,0,0,0,0,0,0,0,0,0,0,0,0,0,0,0,0,0,0,0,0,0,0
4917,1708,56,0,62411,187,"Niederträchtiger Meineid",0,0,0,0,0,0,0,0,0,0,0,0,0,0,0,0,0,0,0,0,0,0,0,0
4918,1710,58,0,62411,187,"Nichts als die Wahrheit",0,0,0,0,0,0,0,0,0,0,0,0,0,0,0,0,0,0,0,0,0,0,0,0
4919,1711,58,0,62411,187,"Die Schuld des Ausbilders",0,0,0,0,0,0,0,0,0,0,0,0,0,0,0,0,0,0,0,0,0,0,0,0
4920,1712,60,0,62411,187,"Ohne Furcht und Adel",975,0,0,0,0,0,0,0,0,0,0,0,0,0,0,0,0,0,0,0,0,0,0,0
4921,0,0,0,0,0,"",0,0,0,0,0,0,0,0,0,0,0,0,0,0,0,0,0,0,0,0,0,0,0,0
4922,2905,60,0,62411,187,"Bewaffnung der Bürgerwehr",0,0,0,0,0,0,0,0,0,0,0,0,0,0,0,0,0,0,0,0,0,0,0,0
4923,2906,63,0,62411,187,"Ein rätselhafter Diebstahl",0,0,0,0,0,0,0,0,0,0,0,0,0,0,0,0,0,0,0,0,0,0,0,0
4924,2907,65,0,62411,187,"Himmelhunde auf der Jagd",0,0,0,0,0,0,0,0,0,0,0,0,0,0,0,0,0,0,0,0,0,0,0,0
4925,2908,68,0,62411,187,"Einem Komplott auf der Spur",0,0,0,0,0,0,0,0,0,0,0,0,0,0,0,0,0,0,0,0,0,0,0,0
4926,2909,70,0,62411,187,"Argwöhnischer Adel",1524,1525,0,0,0,0,0,0,0,0,0,0,0,0,0,0,0,0,0,0,0,0,0,0
4927,3220,80,0,62411,187,"Das Heulen der jungen Himmelhunde",1950,0,0,0,0,0,0,0,0,0,0,0,0,0,0,0,0,0,0,0,0,0,0,0
4928,2559,50,0,62414,189,"Der Weg des Samurai",0,0,0,0,0,0,0,0,0,0,0,0,0,0,0,0,0,0,0,0,0,0,0,0
4929,2560,50,0,62414,189,"Der alte Meister lässt alle alt aussehen",1499,0,0,0,0,0,0,0,0,0,0,0,0,0,0,0,0,0,0,0,0,0,0,0
4930,2561,52,0,62414,189,"Kredithaie im Wüstensand",0,0,0,0,0,0,0,0,0,0,0,0,0,0,0,0,0,0,0,0,0,0,0,0
4931,2562,54,0,62414,189,"Mord ist sein Hobby",1500,0,0,0,0,0,0,0,0,0,0,0,0,0,0,0,0,0,0,0,0,0,0,0
4932,2563,56,0,62414,189,"Betrogen und aufgeschoben",0,0,0,0,0,0,0,0,0,0,0,0,0,0,0,0,0,0,0,0,0,0,0,0
4933,2564,58,0,62414,189,"Wenn die Berge Trauer tragen",0,0,0,0,0,0,0,0,0,0,0,0,0,0,0,0,0,0,0,0,0,0,0,0
4934,2565,60,0,62414,189,"Der Inbegriff des Bösen",1501,1607,0,0,0,0,0,0,0,0,0,0,0,0,0,0,0,0,0,0,0,0,0,0
4935,2566,60,0,62414,189,"Eine würdevolle Samurai-Dame",0,0,0,0,0,0,0,0,0,0,0,0,0,0,0,0,0,0,0,0,0,0,0,0
4936,2567,63,0,62414,189,"Die Sekiseigumi in größter Not",0,0,0,0,0,0,0,0,0,0,0,0,0,0,0,0,0,0,0,0,0,0,0,0
4937,2568,65,0,62414,189,"Vorfall auf dem Matsuba-Platz",0,0,0,0,0,0,0,0,0,0,0,0,0,0,0,0,0,0,0,0,0,0,0,0
4938,2569,68,0,62414,189,"Jagd auf Ugetsu",1502,0,0,0,0,0,0,0,0,0,0,0,0,0,0,0,0,0,0,0,0,0,0,0
4939,2570,70,0,62414,189,"Ent<hex:02160103>schei<hex:02160103>dungs<hex:02160103>schlacht auf Bekko",1503,0,0,0,0,0,0,0,0,0,0,0,0,0,0,0,0,0,0,0,0,0,0,0
4940,3223,80,0,62414,189,"Das Vermächtnis eines Samurai",1949,0,0,0,0,0,0,0,0,0,0,0,0,0,0,0,0,0,0,0,0,0,0,0
4941,3261,60,0,62417,191,"Die verlorene Revolver<hex:02160103>klinge",2073,0,0,0,0,0,0,0,0,0,0,0,0,0,0,0,0,0,0,0,0,0,0,0
4942,3262,60,0,62417,191,"Bewaffnete Beschützer",0,0,0,0,0,0,0,0,0,0,0,0,0,0,0,0,0,0,0,0,0,0,0,0
4943,3263,63,0,62417,191,"In guten wie in schlechten Zeiten",0,0,0,0,0,0,0,0,0,0,0,0,0,0,0,0,0,0,0,0,0,0,0,0
4944,3264,65,0,62417,191,"Ein Schaf unter Wölfen",0,0,0,0,0,0,0,0,0,0,0,0,0,0,0,0,0,0,0,0,0,0,0,0
4945,3265,68,0,62417,191,"Der Dienst des Deserteurs",2074,0,0,0,0,0,0,0,0,0,0,0,0,0,0,0,0,0,0,0,0,0,0,0
4946,3266,70,0,62417,191,"Alte Wunden",2075,0,0,0,0,0,0,0,0,0,0,0,0,0,0,0,0,0,0,0,0,0,0,0
4947,3225,80,0,62417,191,"Mit der Heimat im Herzen",2081,0,0,0,0,0,0,0,0,0,0,0,0,0,0,0,0,0,0,0,0,0,0,0
4948,3249,60,0,62418,192,"Einladung zum Tanz",2076,0,0,0,0,0,0,0,0,0,0,0,0,0,0,0,0,0,0,0,0,0,0,0
4949,3250,60,0,62418,192,"Mätzchen mit dem Mäzen",0,0,0,0,0,0,0,0,0,0,0,0,0,0,0,0,0,0,0,0,0,0,0,0
4950,3251,63,0,62418,192,"Slum-Samba",0,0,0,0,0,0,0,0,0,0,0,0,0,0,0,0,0,0,0,0,0,0,0,0
4951,3252,65,0,62418,192,"Der mit dem Dunkelalben tanzt",2077,0,0,0,0,0,0,0,0,0,0,0,0,0,0,0,0,0,0,0,0,0,0,0
4952,3253,68,0,62418,192,"Tanzfieber in frostigen Höhen",2078,0,0,0,0,0,0,0,0,0,0,0,0,0,0,0,0,0,0,0,0,0,0,0
4953,3254,70,0,62418,192,"Im Sturm der Begeisterung",2079,0,0,0,0,0,0,0,0,0,0,0,0,0,0,0,0,0,0,0,0,0,0,0
4954,3226,80,0,62418,192,"Tanz in die Zukunft",2086,0,0,0,0,0,0,0,0,0,0,0,0,0,0,0,0,0,0,0,0,0,0,0
4955,0,0,0,0,0,"",0,0,0,0,0,0,0,0,0,0,0,0,0,0,0,0,0,0,0,0,0,0,0,0
4956,0,0,0,0,0,"",0,0,0,0,0,0,0,0,0,0,0,0,0,0,0,0,0,0,0,0,0,0,0,0
4957,4073,70,0,62419,194,"Die Sense",2536,0,0,0,0,0,0,0,0,0,0,0,0,0,0,0,0,0,0,0,0,0,0,0
4958,4074,70,0,62419,194,"Vom Gejagten zum Jäger",0,0,0,0,0,0,0,0,0,0,0,0,0,0,0,0,0,0,0,0,0,0,0,0
4959,4075,73,0,62419,194,"Der totenblasse Mann",0,0,0,0,0,0,0,0,0,0,0,0,0,0,0,0,0,0,0,0,0,0,0,0
4960,4076,75,0,62419,194,"Eine unmissverständliche Warnung",2537,0,0,0,0,0,0,0,0,0,0,0,0,0,0,0,0,0,0,0,0,0,0,0
4961,4077,78,0,62419,194,"Alle für eine",2538,2539,0,0,0,0,0,0,0,0,0,0,0,0,0,0,0,0,0,0,0,0,0,0
4962,4078,80,0,62419,194,"Die Kunst des Tötens",2540,2541,2542,0,0,0,0,0,0,0,0,0,0,0,0,0,0,0,0,0,0,0,0,0
4963,4848,80,0,62421,195,"Ein Mann namens Viper",3252,0,0,0,0,0,0,0,0,0,0,0,0,0,0,0,0,0,0,0,0,0,0,0
4964,4849,80,0,62421,195,"Einführung in die Viperologie",0,0,0,0,0,0,0,0,0,0,0,0,0,0,0,0,0,0,0,0,0,0,0,0
4965,4850,83,0,62421,195,"Spuren im Moor",3253,0,0,0,0,0,0,0,0,0,0,0,0,0,0,0,0,0,0,0,0,0,0,0
4966,4851,85,0,62421,195,"Was riecht denn da?",0,0,0,0,0,0,0,0,0,0,0,0,0,0,0,0,0,0,0,0,0,0,0,0
4967,4852,88,0,62421,195,"Aufs Glatteis geführt",3254,0,0,0,0,0,0,0,0,0,0,0,0,0,0,0,0,0,0,0,0,0,0,0
4968,4853,90,0,62421,195,"Der Wille der Natur",3255,3256,3257,0,0,0,0,0,0,0,0,0,0,0,0,0,0,0,0,0,0,0,0,0
4969,0,0,0,0,0,"",0,0,0,0,0,0,0,0,0,0,0,0,0,0,0,0,0,0,0,0,0,0,0,0
4970,0,0,0,0,0,"",0,0,0,0,0,0,0,0,0,0,0,0,0,0,0,0,0,0,0,0,0,0,0,0
4971,0,0,0,0,0,"",0,0,0,0,0,0,0,0,0,0,0,0,0,0,0,0,0,0,0,0,0,0,0,0
4972,0,0,0,0,0,"",0,0,0,0,0,0,0,0,0,0,0,0,0,0,0,0,0,0,0,0,0,0,0,0
4973,0,0,0,0,0,"",0,0,0,0,0,0,0,0,0,0,0,0,0,0,0,0,0,0,0,0,0,0,0,0
4974,0,0,0,0,0,"",0,0,0,0,0,0,0,0,0,0,0,0,0,0,0,0,0,0,0,0,0,0,0,0
4975,0,0,0,0,0,"",0,0,0,0,0,0,0,0,0,0,0,0,0,0,0,0,0,0,0,0,0,0,0,0
4976,0,0,0,0,0,"",0,0,0,0,0,0,0,0,0,0,0,0,0,0,0,0,0,0,0,0,0,0,0,0
4977,0,0,0,0,0,"",0,0,0,0,0,0,0,0,0,0,0,0,0,0,0,0,0,0,0,0,0,0,0,0
4978,0,0,0,0,0,"",0,0,0,0,0,0,0,0,0,0,0,0,0,0,0,0,0,0,0,0,0,0,0,0
4979,1079,30,0,62406,182,"Wächter der Tradition",346,0,0,0,0,0,0,0,0,0,0,0,0,0,0,0,0,0,0,0,0,0,0,0
4980,1080,35,0,62406,182,"Die Stimmen der Gebieter",0,0,0,0,0,0,0,0,0,0,0,0,0,0,0,0,0,0,0,0,0,0,0,0
4981,1081,40,0,62406,182,"Reicht euch die Hände",347,0,0,0,0,0,0,0,0,0,0,0,0,0,0,0,0,0,0,0,0,0,0,0
4982,1082,45,0,62406,182,"Das Vermächtnis eines Padjal",0,0,0,0,0,0,0,0,0,0,0,0,0,0,0,0,0,0,0,0,0,0,0,0
4983,1083,45,0,62406,182,"Die Grabräuber",0,0,0,0,0,0,0,0,0,0,0,0,0,0,0,0,0,0,0,0,0,0,0,0
4984,1084,50,0,62406,182,"Ruhe in Frieden",348,349,0,0,0,0,0,0,0,0,0,0,0,0,0,0,0,0,0,0,0,0,0,0
4985,1124,50,0,62406,182,"Restaurierung der Reliktwaffen (Thyrus)",0,0,0,0,0,0,0,0,0,0,0,0,0,0,0,0,0,0,0,0,0,0,0,0
4986,1719,50,0,62406,182,"In Großvaters Fußstapfen",965,0,0,0,0,0,0,0,0,0,0,0,0,0,0,0,0,0,0,0,0,0,0,0
4987,1720,52,0,62406,182,"Gefahr aus dem Norden",0,0,0,0,0,0,0,0,0,0,0,0,0,0,0,0,0,0,0,0,0,0,0,0
4988,1721,54,0,62406,182,"Die Hexe von den Zwillingsteichen",0,0,0,0,0,0,0,0,0,0,0,0,0,0,0,0,0,0,0,0,0,0,0,0
4989,1722,56,0,62406,182,"Ein Ritter in Not",0,0,0,0,0,0,0,0,0,0,0,0,0,0,0,0,0,0,0,0,0,0,0,0
4990,1723,58,0,62406,182,"Entartete Experimente",0,0,0,0,0,0,0,0,0,0,0,0,0,0,0,0,0,0,0,0,0,0,0,0
4991,1724,58,0,62406,182,"Enttäuschte Hoffnung",0,0,0,0,0,0,0,0,0,0,0,0,0,0,0,0,0,0,0,0,0,0,0,0
4992,1725,60,0,62406,182,"Die Furcht vor dem Anderen",966,0,0,0,0,0,0,0,0,0,0,0,0,0,0,0,0,0,0,0,0,0,0,0
4993,2414,60,0,62406,182,"Aufruhr in Ostend",0,0,0,0,0,0,0,0,0,0,0,0,0,0,0,0,0,0,0,0,0,0,0,0
4994,2415,63,0,62406,182,"Diese Aura schreit nach Ärger",0,0,0,0,0,0,0,0,0,0,0,0,0,0,0,0,0,0,0,0,0,0,0,0
4995,2416,65,0,62406,182,"Äther außer Kontrolle",1510,0,0,0,0,0,0,0,0,0,0,0,0,0,0,0,0,0,0,0,0,0,0,0
4996,2417,68,0,62406,182,"Das Problem mit den Padjal",0,0,0,0,0,0,0,0,0,0,0,0,0,0,0,0,0,0,0,0,0,0,0,0
4997,2418,70,0,62406,182,"Ihr letzter Wunsch",1511,0,0,0,0,0,0,0,0,0,0,0,0,0,0,0,0,0,0,0,0,0,0,0
4998,3215,80,0,62406,182,"Heilung kommt aus dem Herzen",1946,0,0,0,0,0,0,0,0,0,0,0,0,0,0,0,0,0,0,0,0,0,0,0
4999,1073,30,0,62407,183,"Wer die Stimme hört",342,343,0,0,0,0,0,0,0,0,0,0,0,0,0,0,0,0,0,0,0,0,0,0
5000,1074,35,0,62407,183,"Dürstender Sand",0,0,0,0,0,0,0,0,0,0,0,0,0,0,0,0,0,0,0,0,0,0,0,0
5001,1075,40,0,62407,183,"Fremde Freunde",0,0,0,0,0,0,0,0,0,0,0,0,0,0,0,0,0,0,0,0,0,0,0,0
5002,1076,45,0,62407,183,"Das dunkle Atmen",0,0,0,0,0,0,0,0,0,0,0,0,0,0,0,0,0,0,0,0,0,0,0,0
5003,1077,45,0,62407,183,"Finde, was dein ist",0,0,0,0,0,0,0,0,0,0,0,0,0,0,0,0,0,0,0,0,0,0,0,0
5004,1078,50,0,62407,183,"Im Nichts vereint",344,345,0,0,0,0,0,0,0,0,0,0,0,0,0,0,0,0,0,0,0,0,0,0
5005,1123,50,0,62407,183,"Restaurierung der Reliktwaffen (Sternenstaub)",0,0,0,0,0,0,0,0,0,0,0,0,0,0,0,0,0,0,0,0,0,0,0,0
5006,1678,50,0,62407,183,"Schwarze Magie im Sinn",0,0,0,0,0,0,0,0,0,0,0,0,0,0,0,0,0,0,0,0,0,0,0,0
5007,1679,52,0,62407,183,"Gegen die Kräfte der Zerstörung",0,0,0,0,0,0,0,0,0,0,0,0,0,0,0,0,0,0,0,0,0,0,0,0
5008,1680,54,0,62407,183,"Unausweichliche Zerstörung",0,0,0,0,0,0,0,0,0,0,0,0,0,0,0,0,0,0,0,0,0,0,0,0
5009,1681,56,0,62407,183,"Verhängnisvolle Zerstörung",0,0,0,0,0,0,0,0,0,0,0,0,0,0,0,0,0,0,0,0,0,0,0,0
5010,1682,58,0,62407,183,"Destruktiv im Namen der Gerechtigkeit",0,0,0,0,0,0,0,0,0,0,0,0,0,0,0,0,0,0,0,0,0,0,0,0
5011,1683,60,0,62407,183,"Koexistenz von Schwarz und Weiß",938,939,0,0,0,0,0,0,0,0,0,0,0,0,0,0,0,0,0,0,0,0,0,0
5012,2588,60,0,62407,183,"Shatottos Schatten",1526,0,0,0,0,0,0,0,0,0,0,0,0,0,0,0,0,0,0,0,0,0,0,0
5013,2589,63,0,62407,183,"Des Golems Kern",0,0,0,0,0,0,0,0,0,0,0,0,0,0,0,0,0,0,0,0,0,0,0,0
5014,2590,65,0,62407,183,"Zusammen zerstören",0,0,0,0,0,0,0,0,0,0,0,0,0,0,0,0,0,0,0,0,0,0,0,0
5015,2591,68,0,62407,183,"Natürliche Auslese",0,0,0,0,0,0,0,0,0,0,0,0,0,0,0,0,0,0,0,0,0,0,0,0
5016,2592,70,0,62407,183,"Es kann nur einen geben",1527,0,0,0,0,0,0,0,0,0,0,0,0,0,0,0,0,0,0,0,0,0,0,0
5017,3216,80,0,62407,183,"Bewahrung eines Lebenswerkes",2087,0,0,0,0,0,0,0,0,0,0,0,0,0,0,0,0,0,0,0,0,0,0,0
5018,1091,30,0,62408,184,"Das Spiel mit dem Feuer",350,0,0,0,0,0,0,0,0,0,0,0,0,0,0,0,0,0,0,0,0,0,0,0
5019,1092,35,0,62408,184,"Erdverbunden",351,352,353,0,0,0,0,0,0,0,0,0,0,0,0,0,0,0,0,0,0,0,0,0
5020,1093,40,0,62408,184,"Auf Tristans Spuren",0,0,0,0,0,0,0,0,0,0,0,0,0,0,0,0,0,0,0,0,0,0,0,0
5021,1094,45,0,62408,184,"Des Beschwörers neue Kleider",0,0,0,0,0,0,0,0,0,0,0,0,0,0,0,0,0,0,0,0,0,0,0,0
5022,1095,45,0,62408,184,"Das himmlische Kind",354,0,0,0,0,0,0,0,0,0,0,0,0,0,0,0,0,0,0,0,0,0,0,0
5023,1096,50,0,62408,184,"Vergiftetes Herz",355,356,0,0,0,0,0,0,0,0,0,0,0,0,0,0,0,0,0,0,0,0,0,0
5024,1126,50,0,62408,184,"Restaurierung der Reliktwaffen (Oeil Vert)",0,0,0,0,0,0,0,0,0,0,0,0,0,0,0,0,0,0,0,0,0,0,0,0
5025,0,0,0,0,0,"",0,0,0,0,0,0,0,0,0,0,0,0,0,0,0,0,0,0,0,0,0,0,0,0
5026,2100,50,0,62408,184,"Auf zu neuen Egi",0,0,0,0,0,0,0,0,0,0,0,0,0,0,0,0,0,0,0,0,0,0,0,0
5027,2101,52,0,62408,184,"Tot oder lebend",0,0,0,0,0,0,0,0,0,0,0,0,0,0,0,0,0,0,0,0,0,0,0,0
5028,2102,54,0,62408,184,"Wer fragen will, muss tragen",0,0,0,0,0,0,0,0,0,0,0,0,0,0,0,0,0,0,0,0,0,0,0,0
5029,2103,56,0,62408,184,"Fingierter Transport",0,0,0,0,0,0,0,0,0,0,0,0,0,0,0,0,0,0,0,0,0,0,0,0
5030,2104,58,0,62408,184,"Göttlicher Äther",967,0,0,0,0,0,0,0,0,0,0,0,0,0,0,0,0,0,0,0,0,0,0,0
5031,2105,60,0,62408,184,"Die ultimative Technik",968,0,0,0,0,0,0,0,0,0,0,0,0,0,0,0,0,0,0,0,0,0,0,0
5032,2625,60,0,62408,184,"Ein Bote aus der Ver<hex:02160103>gangen<hex:02160103>heit",0,0,0,0,0,0,0,0,0,0,0,0,0,0,0,0,0,0,0,0,0,0,0,0
5033,2626,63,0,62408,184,"Princis Prüfung",0,0,0,0,0,0,0,0,0,0,0,0,0,0,0,0,0,0,0,0,0,0,0,0
5034,2627,65,0,62408,184,"Unermessliche Kraft",1528,0,0,0,0,0,0,0,0,0,0,0,0,0,0,0,0,0,0,0,0,0,0,0
5035,2628,68,0,62408,184,"Allagische Relikte",0,0,0,0,0,0,0,0,0,0,0,0,0,0,0,0,0,0,0,0,0,0,0,0
5036,2629,70,0,62408,184,"Die Bestimmung eines Beschwörers",1529,0,0,0,0,0,0,0,0,0,0,0,0,0,0,0,0,0,0,0,0,0,0,0
5037,4033,80,0,62408,184,"Bedenken eines Beschwörers",2088,0,0,0,0,0,0,0,0,0,0,0,0,0,0,0,0,0,0,0,0,0,0,0
5038,1097,30,0,62409,185,"Reise in die Ver<hex:02160103>gangen<hex:02160103>heit",357,0,0,0,0,0,0,0,0,0,0,0,0,0,0,0,0,0,0,0,0,0,0,0
5039,1098,35,0,62409,185,"Expedition zur Schwebenden Stadt",0,0,0,0,0,0,0,0,0,0,0,0,0,0,0,0,0,0,0,0,0,0,0,0
5040,1099,40,0,62409,185,"Jagd auf den Tomberry",358,359,0,0,0,0,0,0,0,0,0,0,0,0,0,0,0,0,0,0,0,0,0,0
5041,1100,45,0,62409,185,"Das Gewand der Gelehrten",0,0,0,0,0,0,0,0,0,0,0,0,0,0,0,0,0,0,0,0,0,0,0,0
5042,1101,45,0,62409,185,"Wunderheilung",0,0,0,0,0,0,0,0,0,0,0,0,0,0,0,0,0,0,0,0,0,0,0,0
5043,1102,50,0,62409,185,"Die Rückkehr des Gelehrten",360,361,362,0,0,0,0,0,0,0,0,0,0,0,0,0,0,0,0,0,0,0,0,0
5044,1127,50,0,62409,185,"Restaurierung der Reliktwaffen (Omnilex)",0,0,0,0,0,0,0,0,0,0,0,0,0,0,0,0,0,0,0,0,0,0,0,0
5045,0,0,0,0,0,"",0,0,0,0,0,0,0,0,0,0,0,0,0,0,0,0,0,0,0,0,0,0,0,0
5046,1671,50,0,62409,185,"Wieder<hex:02160103>sehen am Bronzesee",0,0,0,0,0,0,0,0,0,0,0,0,0,0,0,0,0,0,0,0,0,0,0,0
5047,1672,52,0,62409,185,"Der große Schlüsselstein",0,0,0,0,0,0,0,0,0,0,0,0,0,0,0,0,0,0,0,0,0,0,0,0
5048,1673,54,0,62409,185,"Das Geheimnis der Tomberry-Krankheit",0,0,0,0,0,0,0,0,0,0,0,0,0,0,0,0,0,0,0,0,0,0,0,0
5049,1674,56,0,62409,185,"Seesoldaten, das sind wir!",0,0,0,0,0,0,0,0,0,0,0,0,0,0,0,0,0,0,0,0,0,0,0,0
5050,1675,58,0,62409,185,"Dem Unsichtbaren auf der Spur",0,0,0,0,0,0,0,0,0,0,0,0,0,0,0,0,0,0,0,0,0,0,0,0
5051,1676,60,0,62409,185,"Die neuen Seesoldaten in Aktion",940,941,0,0,0,0,0,0,0,0,0,0,0,0,0,0,0,0,0,0,0,0,0,0
5052,2923,60,0,62409,185,"Ein Tomberry auf Abwegen",0,0,0,0,0,0,0,0,0,0,0,0,0,0,0,0,0,0,0,0,0,0,0,0
5053,2924,63,0,62409,185,"Flucht in den Finsterwald",0,0,0,0,0,0,0,0,0,0,0,0,0,0,0,0,0,0,0,0,0,0,0,0
5054,2925,65,0,62409,185,"Auf den Spuren des Vaters",1512,0,0,0,0,0,0,0,0,0,0,0,0,0,0,0,0,0,0,0,0,0,0,0
5055,2926,68,0,62409,185,"Verflixte Fee",0,0,0,0,0,0,0,0,0,0,0,0,0,0,0,0,0,0,0,0,0,0,0,0
5056,2927,70,0,62409,185,"Ewige Bande",1513,0,0,0,0,0,0,0,0,0,0,0,0,0,0,0,0,0,0,0,0,0,0,0
5057,3218,80,0,62409,185,"Ein gelehrter Versuch",1947,0,0,0,0,0,0,0,0,0,0,0,0,0,0,0,0,0,0,0,0,0,0,0
5058,0,0,0,0,0,"",0,0,0,0,0,0,0,0,0,0,0,0,0,0,0,0,0,0,0,0,0,0,0,0
5059,2012,50,0,62413,188,"Der Ruf des Schicksals",979,0,0,0,0,0,0,0,0,0,0,0,0,0,0,0,0,0,0,0,0,0,0,0
5060,2013,30,0,62413,188,"Die Arkana",980,0,0,0,0,0,0,0,0,0,0,0,0,0,0,0,0,0,0,0,0,0,0,0
5061,2014,35,0,62413,188,"Erste Elementarhimmel",981,982,0,0,0,0,0,0,0,0,0,0,0,0,0,0,0,0,0,0,0,0,0,0
5062,2015,40,0,62413,188,"Der richtige Zeitpunkt",0,0,0,0,0,0,0,0,0,0,0,0,0,0,0,0,0,0,0,0,0,0,0,0
5063,2016,40,0,62413,188,"Irrwege",983,984,0,0,0,0,0,0,0,0,0,0,0,0,0,0,0,0,0,0,0,0,0,0
5064,2017,45,0,62413,188,"Das Wort eilt voraus",985,0,0,0,0,0,0,0,0,0,0,0,0,0,0,0,0,0,0,0,0,0,0,0
5065,2018,50,0,62413,188,"Synastrie",0,0,0,0,0,0,0,0,0,0,0,0,0,0,0,0,0,0,0,0,0,0,0,0
5066,2019,50,0,62413,188,"Aufs Eis geführt",986,987,0,0,0,0,0,0,0,0,0,0,0,0,0,0,0,0,0,0,0,0,0,0
5067,2020,50,0,62413,188,"Ein neuer Antrag",0,0,0,0,0,0,0,0,0,0,0,0,0,0,0,0,0,0,0,0,0,0,0,0
5068,2021,52,0,62413,188,"Ernüchternde Bilanz",0,0,0,0,0,0,0,0,0,0,0,0,0,0,0,0,0,0,0,0,0,0,0,0
5069,2022,54,0,62413,188,"Um eines Traumes willen",0,0,0,0,0,0,0,0,0,0,0,0,0,0,0,0,0,0,0,0,0,0,0,0
5070,2023,56,0,62413,188,"Fühlbare Wirkung der Sterne",0,0,0,0,0,0,0,0,0,0,0,0,0,0,0,0,0,0,0,0,0,0,0,0
5071,2024,58,0,62413,188,"In treuem Gedenken",988,0,0,0,0,0,0,0,0,0,0,0,0,0,0,0,0,0,0,0,0,0,0,0
5072,2025,60,0,62413,188,"Prädestination",989,0,0,0,0,0,0,0,0,0,0,0,0,0,0,0,0,0,0,0,0,0,0,0
5073,2409,60,0,62413,188,"Ein wissbegieriger Schüler",1597,0,0,0,0,0,0,0,0,0,0,0,0,0,0,0,0,0,0,0,0,0,0,0
5074,2410,63,0,62413,188,"Schatten über dem Himmel des Eises",1598,0,0,0,0,0,0,0,0,0,0,0,0,0,0,0,0,0,0,0,0,0,0,0
5075,2411,65,0,62413,188,"Der Schutzwall um Kugane",0,0,0,0,0,0,0,0,0,0,0,0,0,0,0,0,0,0,0,0,0,0,0,0
5076,2412,68,0,62413,188,"Das Geheimnis der Geomanten",0,0,0,0,0,0,0,0,0,0,0,0,0,0,0,0,0,0,0,0,0,0,0,0
5077,2413,70,0,62413,188,"Mit den Kräften von Himmel und Erde",1514,1515,0,0,0,0,0,0,0,0,0,0,0,0,0,0,0,0,0,0,0,0,0,0
5078,3222,80,0,62413,188,"In Levevas Herz",2082,0,0,0,0,0,0,0,0,0,0,0,0,0,0,0,0,0,0,0,0,0,0,0
5079,2576,50,0,62415,190,"Der reisende Rotmagier",1494,0,0,0,0,0,0,0,0,0,0,0,0,0,0,0,0,0,0,0,0,0,0,0
5080,2577,50,0,62415,190,"Der Rote Sturm",0,0,0,0,0,0,0,0,0,0,0,0,0,0,0,0,0,0,0,0,0,0,0,0
5081,2578,52,0,62415,190,"Gefährliche Geschäfte",0,0,0,0,0,0,0,0,0,0,0,0,0,0,0,0,0,0,0,0,0,0,0,0
5082,2579,54,0,62415,190,"Eine schicksalshafte Begegnung",0,0,0,0,0,0,0,0,0,0,0,0,0,0,0,0,0,0,0,0,0,0,0,0
5083,2580,56,0,62415,190,"Der Anführer der Assassinen",1495,0,0,0,0,0,0,0,0,0,0,0,0,0,0,0,0,0,0,0,0,0,0,0
5084,2581,58,0,62415,190,"Aufklärungsmission",0,0,0,0,0,0,0,0,0,0,0,0,0,0,0,0,0,0,0,0,0,0,0,0
5085,2582,60,0,62415,190,"Das Ende einer Vendetta",1496,0,0,0,0,0,0,0,0,0,0,0,0,0,0,0,0,0,0,0,0,0,0,0
5086,2583,60,0,62415,190,"Ein innerer Drang",0,0,0,0,0,0,0,0,0,0,0,0,0,0,0,0,0,0,0,0,0,0,0,0
5087,2584,63,0,62415,190,"Symptomatische Therapie",0,0,0,0,0,0,0,0,0,0,0,0,0,0,0,0,0,0,0,0,0,0,0,0
5088,2585,65,0,62415,190,"Das Blut der Nacht",0,0,0,0,0,0,0,0,0,0,0,0,0,0,0,0,0,0,0,0,0,0,0,0
5089,2586,68,0,62415,190,"Die Büchse der Lilith",1497,0,0,0,0,0,0,0,0,0,0,0,0,0,0,0,0,0,0,0,0,0,0,0
5090,2587,70,0,62415,190,"Kraft des Widerstands",1498,0,0,0,0,0,0,0,0,0,0,0,0,0,0,0,0,0,0,0,0,0,0,0
5091,3224,80,0,62415,190,"Rapier voran, der Zukunft entgegen",2089,0,0,0,0,0,0,0,0,0,0,0,0,0,0,0,0,0,0,0,0,0,0,0
5092,4067,70,0,62420,193,"Des Weisen wunderliches Wirken",0,0,0,0,0,0,0,0,0,0,0,0,0,0,0,0,0,0,0,0,0,0,0,0
5093,4068,70,0,62420,193,"Des Weisen wundersames Werkzeug",2530,2791,2792,0,0,0,0,0,0,0,0,0,0,0,0,0,0,0,0,0,0,0,0,0
5094,4069,73,0,62420,193,"Kraut des Kummers",2531,0,0,0,0,0,0,0,0,0,0,0,0,0,0,0,0,0,0,0,0,0,0,0
5095,4070,75,0,62420,193,"Fluches bitter Früchte",2532,0,0,0,0,0,0,0,0,0,0,0,0,0,0,0,0,0,0,0,0,0,0,0
5096,4071,78,0,62420,193,"Der Zukunft verpflichtet",0,0,0,0,0,0,0,0,0,0,0,0,0,0,0,0,0,0,0,0,0,0,0,0
5097,4072,80,0,62420,193,"Das Leben ist kurz, die Kunst ist lang",2533,2534,2535,0,0,0,0,0,0,0,0,0,0,0,0,0,0,0,0,0,0,0,0,0
5098,4854,80,0,62422,196,"Die Kunst der Piktomantie",3435,0,0,0,0,0,0,0,0,0,0,0,0,0,0,0,0,0,0,0,0,0,0,0
5099,4855,80,0,62422,196,"Nächtliche Ruhestörung",3436,0,0,0,0,0,0,0,0,0,0,0,0,0,0,0,0,0,0,0,0,0,0,0
5100,4856,83,0,62422,196,"Helfer in der Not",0,0,0,0,0,0,0,0,0,0,0,0,0,0,0,0,0,0,0,0,0,0,0,0
5101,4857,85,0,62422,196,"Ein Schatz aus dem Wasser",0,0,0,0,0,0,0,0,0,0,0,0,0,0,0,0,0,0,0,0,0,0,0,0
5102,4858,88,0,62422,196,"Das Rätsel der Grabkammer",3437,0,0,0,0,0,0,0,0,0,0,0,0,0,0,0,0,0,0,0,0,0,0,0
5103,4859,90,0,62422,196,"Begegnungen und Abschiede",3438,3439,3440,0,0,0,0,0,0,0,0,0,0,0,0,0,0,0,0,0,0,0,0,0
5104,3192,50,0,62416,197,"Blaumagie zum Vorzugspreis",1932,1933,0,0,0,0,0,0,0,0,0,0,0,0,0,0,0,0,0,0,0,0,0,0
5105,3193,1,0,62416,197,"Das nächste große Ding",0,0,0,0,0,0,0,0,0,0,0,0,0,0,0,0,0,0,0,0,0,0,0,0
5106,3194,10,0,62416,197,"Freibriefe sind nicht umsonst",0,0,0,0,0,0,0,0,0,0,0,0,0,0,0,0,0,0,0,0,0,0,0,0
5107,3195,20,0,62416,197,"Ausflug ins Blaue",0,0,0,0,0,0,0,0,0,0,0,0,0,0,0,0,0,0,0,0,0,0,0,0
5108,3196,30,0,62416,197,"Auf Veilchenblaus Fährte",0,0,0,0,0,0,0,0,0,0,0,0,0,0,0,0,0,0,0,0,0,0,0,0
5109,3197,40,0,62416,197,"Blaues Gold",0,0,0,0,0,0,0,0,0,0,0,0,0,0,0,0,0,0,0,0,0,0,0,0
5110,3198,50,0,62416,197,"Ein neues Veilchenblau am Sternenhimmel",1934,0,0,0,0,0,0,0,0,0,0,0,0,0,0,0,0,0,0,0,0,0,0,0
5111,3199,50,0,62416,197,"Ende blau, alles blau",0,0,0,0,0,0,0,0,0,0,0,0,0,0,0,0,0,0,0,0,0,0,0,0
5112,3732,50,0,62416,197,"Mal wieder ins Blaue",2214,0,0,0,0,0,0,0,0,0,0,0,0,0,0,0,0,0,0,0,0,0,0,0
5113,3733,53,0,62416,197,"Etwas Geborgtes, etwas Blaues",0,0,0,0,0,0,0,0,0,0,0,0,0,0,0,0,0,0,0,0,0,0,0,0
5114,3734,55,0,62416,197,"Heraus<hex:02160103>forde<hex:02160103>rung des Blauen",2215,0,0,0,0,0,0,0,0,0,0,0,0,0,0,0,0,0,0,0,0,0,0,0
5115,3735,58,0,62416,197,"Blau im Gesicht",0,0,0,0,0,0,0,0,0,0,0,0,0,0,0,0,0,0,0,0,0,0,0,0
5116,3736,60,0,62416,197,"Blauer Todesschrei",2216,0,0,0,0,0,0,0,0,0,0,0,0,0,0,0,0,0,0,0,0,0,0,0
5117,3737,60,0,62416,197,"Aller guten Dinge sind blau",0,0,0,0,0,0,0,0,0,0,0,0,0,0,0,0,0,0,0,0,0,0,0,0
5118,3989,60,0,62416,197,"Zweitklassige Unterhaltung",0,0,0,0,0,0,0,0,0,0,0,0,0,0,0,0,0,0,0,0,0,0,0,0
5119,3990,63,0,62416,197,"Das Fukumen-Kampffest",2393,0,0,0,0,0,0,0,0,0,0,0,0,0,0,0,0,0,0,0,0,0,0,0
5120,3991,65,0,62416,197,"Veilchenblau und Goliath",2394,0,0,0,0,0,0,0,0,0,0,0,0,0,0,0,0,0,0,0,0,0,0,0
5121,3992,68,0,62416,197,"Auf Goldis Spuren",0,0,0,0,0,0,0,0,0,0,0,0,0,0,0,0,0,0,0,0,0,0,0,0
5122,3993,70,0,62416,197,"Meister der Mimik",2395,0,0,0,0,0,0,0,0,0,0,0,0,0,0,0,0,0,0,0,0,0,0,0
5123,3994,70,0,62416,197,"Eine blaue Zukunft",0,0,0,0,0,0,0,0,0,0,0,0,0,0,0,0,0,0,0,0,0,0,0,0
5124,4773,70,0,62416,197,"Maskerade in Not",0,0,0,0,0,0,0,0,0,0,0,0,0,0,0,0,0,0,0,0,0,0,0,0
5125,4774,73,0,62416,197,"Piraten und Bärte",3134,0,0,0,0,0,0,0,0,0,0,0,0,0,0,0,0,0,0,0,0,0,0,0
5126,4775,75,0,62416,197,"Der Stolz des Meisters",0,0,0,0,0,0,0,0,0,0,0,0,0,0,0,0,0,0,0,0,0,0,0,0
5127,4776,78,0,62416,197,"Duellus Pikenius Magnus",3135,0,0,0,0,0,0,0,0,0,0,0,0,0,0,0,0,0,0,0,0,0,0,0
5128,4777,80,0,62416,197,"Gülden ist die Lösung",3136,0,0,0,0,0,0,0,0,0,0,0,0,0,0,0,0,0,0,0,0,0,0,0
5129,4778,80,0,62416,197,"Blaumagie ist unergründlich",0,0,0,0,0,0,0,0,0,0,0,0,0,0,0,0,0,0,0,0,0,0,0,0
5130,3243,70,0,62522,217,"Jagd auf eine Tugend",0,0,0,0,0,0,0,0,0,0,0,0,0,0,0,0,0,0,0,0,0,0,0,0
5131,3244,72,0,62522,217,"Der Tag, an dem Milinda starb",0,0,0,0,0,0,0,0,0,0,0,0,0,0,0,0,0,0,0,0,0,0,0,0
5132,3245,74,0,62522,217,"Der Schmuck aus Voeburt",2090,0,0,0,0,0,0,0,0,0,0,0,0,0,0,0,0,0,0,0,0,0,0,0
5133,3246,76,0,62522,217,"Branden und Prinzessin Sauldia",2091,0,0,0,0,0,0,0,0,0,0,0,0,0,0,0,0,0,0,0,0,0,0,0
5134,3247,78,0,62522,217,"Ob Mitleid oder Hass",2092,2121,2093,0,0,0,0,0,0,0,0,0,0,0,0,0,0,0,0,0,0,0,0,0
5135,3248,80,0,62522,217,"Brandens Seele",2094,2095,0,0,0,0,0,0,0,0,0,0,0,0,0,0,0,0,0,0,0,0,0,0
5136,3267,70,0,62522,218,"Heilender Helfer gesucht",0,0,0,0,0,0,0,0,0,0,0,0,0,0,0,0,0,0,0,0,0,0,0,0
5137,3268,72,0,62522,218,"Sophrosyne auf der Spur",2096,0,0,0,0,0,0,0,0,0,0,0,0,0,0,0,0,0,0,0,0,0,0,0
5138,3269,74,0,62522,218,"Prinzipien der Heilung",0,0,0,0,0,0,0,0,0,0,0,0,0,0,0,0,0,0,0,0,0,0,0,0
5139,3270,76,0,62522,218,"Alter Zauber",2097,2098,0,0,0,0,0,0,0,0,0,0,0,0,0,0,0,0,0,0,0,0,0,0
5140,3271,78,0,62522,218,"Ans Licht gebracht",2099,0,0,0,0,0,0,0,0,0,0,0,0,0,0,0,0,0,0,0,0,0,0,0
5141,3272,80,0,62522,218,"Stolze Ausgestoßene",2100,2101,0,0,0,0,0,0,0,0,0,0,0,0,0,0,0,0,0,0,0,0,0,0
5142,3273,70,0,62522,219,"Jägerprüfung",0,0,0,0,0,0,0,0,0,0,0,0,0,0,0,0,0,0,0,0,0,0,0,0
5143,3274,72,0,62522,219,"Renda-Raes Niederlage",2102,0,0,0,0,0,0,0,0,0,0,0,0,0,0,0,0,0,0,0,0,0,0,0
5144,3275,74,0,62522,219,"Kopfgeldjäger aus Langeweile",0,0,0,0,0,0,0,0,0,0,0,0,0,0,0,0,0,0,0,0,0,0,0,0
5145,3276,76,0,62522,219,"Der Legende auf der Spur",2103,2104,0,0,0,0,0,0,0,0,0,0,0,0,0,0,0,0,0,0,0,0,0,0
5146,3277,78,0,62522,219,"Jagd auf Andreia",2105,0,0,0,0,0,0,0,0,0,0,0,0,0,0,0,0,0,0,0,0,0,0,0
5147,3278,80,0,62522,219,"Die legendären Kopfgeldjäger",2106,2107,0,0,0,0,0,0,0,0,0,0,0,0,0,0,0,0,0,0,0,0,0,0
5148,3623,70,0,62522,220,"Die Sphären des Sünden<hex:02160103>ver<hex:02160103>tilgers",0,0,0,0,0,0,0,0,0,0,0,0,0,0,0,0,0,0,0,0,0,0,0,0
5149,3624,72,0,62522,220,"Eine Stimme aus dem Nichts",2108,0,0,0,0,0,0,0,0,0,0,0,0,0,0,0,0,0,0,0,0,0,0,0
5150,3625,74,0,62522,220,"Erwachende Erinnerungen",2109,0,0,0,0,0,0,0,0,0,0,0,0,0,0,0,0,0,0,0,0,0,0,0
5151,3626,76,0,62522,220,"Ein großes Opfer",2110,2111,0,0,0,0,0,0,0,0,0,0,0,0,0,0,0,0,0,0,0,0,0,0
5152,3627,78,0,62522,220,"Magie-Lehrstunde",0,0,0,0,0,0,0,0,0,0,0,0,0,0,0,0,0,0,0,0,0,0,0,0
5153,3628,80,0,62522,220,"Tränenreiche Ver<hex:02160103>gangen<hex:02160103>heit",2112,2113,0,0,0,0,0,0,0,0,0,0,0,0,0,0,0,0,0,0,0,0,0,0
5154,3629,80,0,62522,221,"Im Schatten wahrer Helden",2114,0,0,0,0,0,0,0,0,0,0,0,0,0,0,0,0,0,0,0,0,0,0,0
5155,3985,80,0,62522,221,"Die Kristalle der Krieger des Lichts",2472,0,0,0,0,0,0,0,0,0,0,0,0,0,0,0,0,0,0,0,0,0,0,0
5156,4102,85,0,62522,222,"In den Ketten des Todes",0,0,0,0,0,0,0,0,0,0,0,0,0,0,0,0,0,0,0,0,0,0,0,0
5157,4103,86,0,62522,222,"Rufe nach Erlösung",2556,0,0,0,0,0,0,0,0,0,0,0,0,0,0,0,0,0,0,0,0,0,0,0
5158,4104,87,0,62522,222,"Die Hörner des Unglücks",2557,0,0,0,0,0,0,0,0,0,0,0,0,0,0,0,0,0,0,0,0,0,0,0
5159,4105,88,0,62522,222,"Zeugnis des Paktes",0,0,0,0,0,0,0,0,0,0,0,0,0,0,0,0,0,0,0,0,0,0,0,0
5160,4106,89,0,62522,222,"Die geschundene Seele des Biestes",2558,0,0,0,0,0,0,0,0,0,0,0,0,0,0,0,0,0,0,0,0,0,0,0
5161,4107,90,0,62522,222,"Offen für neue Wege",2559,2560,2561,0,0,0,0,0,0,0,0,0,0,0,0,0,0,0,0,0,0,0,0,0
5162,4108,85,0,62522,223,"Keine Freiheit ohne Frieden",2568,0,0,0,0,0,0,0,0,0,0,0,0,0,0,0,0,0,0,0,0,0,0,0
5163,4109,86,0,62522,223,"Die Henkerin von Garlemald",2569,2800,0,0,0,0,0,0,0,0,0,0,0,0,0,0,0,0,0,0,0,0,0,0
5164,4110,87,0,62522,223,"Der Weg des Dialogs",0,0,0,0,0,0,0,0,0,0,0,0,0,0,0,0,0,0,0,0,0,0,0,0
5165,4111,88,0,62522,223,"Anders und doch gleich",2570,0,0,0,0,0,0,0,0,0,0,0,0,0,0,0,0,0,0,0,0,0,0,0
5166,4112,89,0,62522,223,"Schädelspur",0,0,0,0,0,0,0,0,0,0,0,0,0,0,0,0,0,0,0,0,0,0,0,0
5167,4113,90,0,62522,223,"Trauer und Hoffnung",2571,2572,2573,0,0,0,0,0,0,0,0,0,0,0,0,0,0,0,0,0,0,0,0,0
5168,4114,85,0,62522,224,"Stürmische Zeiten",0,0,0,0,0,0,0,0,0,0,0,0,0,0,0,0,0,0,0,0,0,0,0,0
5169,4115,86,0,62522,224,"Die Sturzsee-Sahagin",2574,0,0,0,0,0,0,0,0,0,0,0,0,0,0,0,0,0,0,0,0,0,0,0
5170,4116,87,0,62522,224,"Alte Helden rosten nicht",0,0,0,0,0,0,0,0,0,0,0,0,0,0,0,0,0,0,0,0,0,0,0,0
5171,4117,88,0,62522,224,"Die Indigo-Mutter",2575,2576,2577,0,0,0,0,0,0,0,0,0,0,0,0,0,0,0,0,0,0,0,0,0
5172,4118,89,0,62522,224,"Ein eigenartiger Kerl",0,0,0,0,0,0,0,0,0,0,0,0,0,0,0,0,0,0,0,0,0,0,0,0
5173,4119,90,0,62522,224,"Im Hafen des Friedens",2578,2579,0,0,0,0,0,0,0,0,0,0,0,0,0,0,0,0,0,0,0,0,0,0
5174,4120,85,0,62522,225,"Die Gefühle des Volkes",0,0,0,0,0,0,0,0,0,0,0,0,0,0,0,0,0,0,0,0,0,0,0,0
5175,4121,86,0,62522,225,"Die Ankunft von Izanami",2580,2581,0,0,0,0,0,0,0,0,0,0,0,0,0,0,0,0,0,0,0,0,0,0
5176,4122,87,0,62522,225,"Yugiris Heimkehr",0,0,0,0,0,0,0,0,0,0,0,0,0,0,0,0,0,0,0,0,0,0,0,0
5177,4123,88,0,62522,225,"Ein Mädchen namens Minato",2582,2583,0,0,0,0,0,0,0,0,0,0,0,0,0,0,0,0,0,0,0,0,0,0
5178,4124,89,0,62522,225,"Beseelte Andenken",0,0,0,0,0,0,0,0,0,0,0,0,0,0,0,0,0,0,0,0,0,0,0,0
5179,4125,90,0,62522,225,"Domanisches Begräbnis",2584,2793,2585,0,0,0,0,0,0,0,0,0,0,0,0,0,0,0,0,0,0,0,0,0
5180,4126,85,0,62522,226,"Ishgards verletzte Seelen",2795,0,0,0,0,0,0,0,0,0,0,0,0,0,0,0,0,0,0,0,0,0,0,0
5181,4127,86,0,62522,226,"Kein Vergeben, keine Erlösung",0,0,0,0,0,0,0,0,0,0,0,0,0,0,0,0,0,0,0,0,0,0,0,0
5182,4128,87,0,62522,226,"Nur Gerechtigkeit, nur Vergeltung",2564,0,0,0,0,0,0,0,0,0,0,0,0,0,0,0,0,0,0,0,0,0,0,0
5183,4129,88,0,62522,226,"Fester Entschluss, fest im Glauben",2563,0,0,0,0,0,0,0,0,0,0,0,0,0,0,0,0,0,0,0,0,0,0,0
5184,4130,89,0,62522,226,"O Halone, führe uns zum Sieg",2565,0,0,0,0,0,0,0,0,0,0,0,0,0,0,0,0,0,0,0,0,0,0,0
5185,4131,90,0,62522,226,"Den Blick himmelwärts gerichtet, mutig voran",2566,2567,0,0,0,0,0,0,0,0,0,0,0,0,0,0,0,0,0,0,0,0,0,0
5186,4579,90,0,62522,227,"Das Biest in der Kälte",0,0,0,0,0,0,0,0,0,0,0,0,0,0,0,0,0,0,0,0,0,0,0,0
5187,4580,90,0,62522,227,"Die Heimkehrer",2826,0,0,0,0,0,0,0,0,0,0,0,0,0,0,0,0,0,0,0,0,0,0,0
5188,4581,90,0,62522,227,"Was es heißt, Garlear zu sein",0,0,0,0,0,0,0,0,0,0,0,0,0,0,0,0,0,0,0,0,0,0,0,0
5189,4582,90,0,62522,227,"Patriot bis in den Tod",2829,2830,2831,0,0,0,0,0,0,0,0,0,0,0,0,0,0,0,0,0,0,0,0,0
5190,4818,90,0,62522,228,"Der Name der Diebin",0,0,0,0,0,0,0,0,0,0,0,0,0,0,0,0,0,0,0,0,0,0,0,0
5191,4819,92,0,62522,228,"Der Schlaflose Krieger",3409,0,0,0,0,0,0,0,0,0,0,0,0,0,0,0,0,0,0,0,0,0,0,0
5192,4820,94,0,62522,228,"In den Fesseln des Schlafes",3410,3411,0,0,0,0,0,0,0,0,0,0,0,0,0,0,0,0,0,0,0,0,0,0
5193,4821,96,0,62522,228,"Von Tränen erweckt",3412,0,0,0,0,0,0,0,0,0,0,0,0,0,0,0,0,0,0,0,0,0,0,0
5194,4822,98,0,62522,228,"Schlaflos in Ishgard",0,0,0,0,0,0,0,0,0,0,0,0,0,0,0,0,0,0,0,0,0,0,0,0
5195,4823,100,0,62522,228,"Neue Bande der Freund<hex:02160103>schaft",3413,3511,3414,0,0,0,0,0,0,0,0,0,0,0,0,0,0,0,0,0,0,0,0,0
5196,4824,90,0,62522,229,"Fatale Früchte",3258,0,0,0,0,0,0,0,0,0,0,0,0,0,0,0,0,0,0,0,0,0,0,0
5197,4825,92,0,62522,229,"Karrierestart mit Schluckauf",3259,0,0,0,0,0,0,0,0,0,0,0,0,0,0,0,0,0,0,0,0,0,0,0
5198,4826,94,0,62522,229,"Der tägliche Überlebenskampf",0,0,0,0,0,0,0,0,0,0,0,0,0,0,0,0,0,0,0,0,0,0,0,0
5199,4827,96,0,62522,229,"Impfst du schon oder lachst du noch?",3260,0,0,0,0,0,0,0,0,0,0,0,0,0,0,0,0,0,0,0,0,0,0,0
5200,4828,98,0,62522,229,"Trunken vom Gift",3261,0,0,0,0,0,0,0,0,0,0,0,0,0,0,0,0,0,0,0,0,0,0,0
5201,4829,100,0,62522,229,"Heilkunst gegen Hexerei",3262,3263,0,0,0,0,0,0,0,0,0,0,0,0,0,0,0,0,0,0,0,0,0,0
5202,4830,90,0,62522,230,"Die meisterhafte Jägerin",3427,0,0,0,0,0,0,0,0,0,0,0,0,0,0,0,0,0,0,0,0,0,0,0
5203,4831,92,0,62522,230,"Stürmische See",3428,0,0,0,0,0,0,0,0,0,0,0,0,0,0,0,0,0,0,0,0,0,0,0
5204,4832,94,0,62522,230,"Ein Schwindler kommt selten allein",3429,0,0,0,0,0,0,0,0,0,0,0,0,0,0,0,0,0,0,0,0,0,0,0
5205,4833,96,0,62522,230,"Trau, schau, wem",3430,0,0,0,0,0,0,0,0,0,0,0,0,0,0,0,0,0,0,0,0,0,0,0
5206,4834,98,0,62522,230,"Schuppen von den Augen",3431,0,0,0,0,0,0,0,0,0,0,0,0,0,0,0,0,0,0,0,0,0,0,0
5207,4835,100,0,62522,230,"Krönender Abschuss",3432,3433,0,0,0,0,0,0,0,0,0,0,0,0,0,0,0,0,0,0,0,0,0,0
5208,4836,90,0,62522,231,"Gestohlenes Stahlschwein",3421,0,0,0,0,0,0,0,0,0,0,0,0,0,0,0,0,0,0,0,0,0,0,0
5209,4837,92,0,62522,231,"Banditen allerorts",0,0,0,0,0,0,0,0,0,0,0,0,0,0,0,0,0,0,0,0,0,0,0,0
5210,4838,94,0,62522,231,"Das Versteck aufspüren",3422,0,0,0,0,0,0,0,0,0,0,0,0,0,0,0,0,0,0,0,0,0,0,0
5211,4839,96,0,62522,231,"Heimatgefühle",3423,0,0,0,0,0,0,0,0,0,0,0,0,0,0,0,0,0,0,0,0,0,0,0
5212,4840,98,0,62522,231,"Verbündeter in der Gasse",3424,0,0,0,0,0,0,0,0,0,0,0,0,0,0,0,0,0,0,0,0,0,0,0
5213,4841,100,0,62522,231,"Der mächtigste Schild",3425,3426,0,0,0,0,0,0,0,0,0,0,0,0,0,0,0,0,0,0,0,0,0,0
5214,4842,90,0,62522,232,"Die vergessene Kraft",3415,0,0,0,0,0,0,0,0,0,0,0,0,0,0,0,0,0,0,0,0,0,0,0
5215,4843,92,0,62522,232,"Populär",3416,0,0,0,0,0,0,0,0,0,0,0,0,0,0,0,0,0,0,0,0,0,0,0
5216,4844,94,0,62522,232,"Das Geheimnis seines Erfolgs",0,0,0,0,0,0,0,0,0,0,0,0,0,0,0,0,0,0,0,0,0,0,0,0
5217,4845,96,0,62522,232,"Jeder Stern verglüht",3417,0,0,0,0,0,0,0,0,0,0,0,0,0,0,0,0,0,0,0,0,0,0,0
5218,4846,98,0,62522,232,"Des Helden wahres Gesicht",3418,0,0,0,0,0,0,0,0,0,0,0,0,0,0,0,0,0,0,0,0,0,0,0
5219,4847,100,0,62522,232,"Ein Mythos in Trümmern",3419,3420,0,0,0,0,0,0,0,0,0,0,0,0,0,0,0,0,0,0,0,0,0,0
5220,4817,90,0,62522,233,"Die Kräfte der Vidraal",3434,0,0,0,0,0,0,0,0,0,0,0,0,0,0,0,0,0,0,0,0,0,0,0
5221,5188,100,0,62522,233,"Führungskräfte gesucht",3563,0,0,0,0,0,0,0,0,0,0,0,0,0,0,0,0,0,0,0,0,0,0,0
5222,5189,100,0,62522,233,"Beeindruckende Ansichten",3564,3565,0,0,0,0,0,0,0,0,0,0,0,0,0,0,0,0,0,0,0,0,0,0
5223,5190,100,0,62522,233,"Freiheit um jeden Preis",3566,0,0,0,0,0,0,0,0,0,0,0,0,0,0,0,0,0,0,0,0,0,0,0
5224,5191,100,0,62522,233,"Kampf an Zorgor der Weiten",3567,3568,3569,3570,0,0,0,0,0,0,0,0,0,0,0,0,0,0,0,0,0,0,0,0
5225,1104,30,0,61401,234,"Weg des Leidens (Mahlstrom)",415,1167,0,0,0,0,0,0,0,0,0,0,0,0,0,0,0,0,0,0,0,0,0,0
5226,1528,30,0,61401,234,"Fronteinsatz (Mahlstrom)",541,0,0,0,0,0,0,0,0,0,0,0,0,0,0,0,0,0,0,0,0,0,0,0
5227,1128,44,0,61401,234,"Lange Schatten (Mahlstrom)",0,0,0,0,0,0,0,0,0,0,0,0,0,0,0,0,0,0,0,0,0,0,0,0
5228,1131,47,0,61401,234,"Doppelmoral (Mahlstrom)",0,0,0,0,0,0,0,0,0,0,0,0,0,0,0,0,0,0,0,0,0,0,0,0
5229,1564,50,0,61401,234,"Die Hohe Jagd (Mahlstrom)",0,0,0,0,0,0,0,0,0,0,0,0,0,0,0,0,0,0,0,0,0,0,0,0
5230,1105,30,0,61402,235,"Weg des Leidens (Bruderschaft der Morgenviper)",415,1167,0,0,0,0,0,0,0,0,0,0,0,0,0,0,0,0,0,0,0,0,0,0
5231,1527,30,0,61402,235,"Fronteinsatz (Bruderschaft)",541,0,0,0,0,0,0,0,0,0,0,0,0,0,0,0,0,0,0,0,0,0,0,0
5232,1129,44,0,61402,235,"Lange Schatten (Bruderschaft der Morgenviper)",0,0,0,0,0,0,0,0,0,0,0,0,0,0,0,0,0,0,0,0,0,0,0,0
5233,1132,47,0,61402,235,"Doppelmoral (Bruderschaft der Morgenviper)",0,0,0,0,0,0,0,0,0,0,0,0,0,0,0,0,0,0,0,0,0,0,0,0
5234,1563,50,0,61402,235,"Die Hohe Jagd (Bruderschaft)",0,0,0,0,0,0,0,0,0,0,0,0,0,0,0,0,0,0,0,0,0,0,0,0
5235,1106,30,0,61403,236,"Weg des Leidens (Legion der Unsterblichen)",415,1167,0,0,0,0,0,0,0,0,0,0,0,0,0,0,0,0,0,0,0,0,0,0
5236,1529,30,0,61403,236,"Fronteinsatz (Legion)",541,0,0,0,0,0,0,0,0,0,0,0,0,0,0,0,0,0,0,0,0,0,0,0
5237,1130,44,0,61403,236,"Lange Schatten (Legion der Unsterblichen)",0,0,0,0,0,0,0,0,0,0,0,0,0,0,0,0,0,0,0,0,0,0,0,0
5238,1133,47,0,61403,236,"Doppelmoral (Legion der Unsterblichen)",0,0,0,0,0,0,0,0,0,0,0,0,0,0,0,0,0,0,0,0,0,0,0,0
5239,1565,50,0,61403,236,"Die Hohe Jagd (Legion)",0,0,0,0,0,0,0,0,0,0,0,0,0,0,0,0,0,0,0,0,0,0,0,0
5240,1292,15,0,61411,238,"Von Göttern und Pferden",0,0,0,0,0,0,0,0,0,0,0,0,0,0,0,0,0,0,0,0,0,0,0,0
5241,1293,15,0,61411,238,"Schön wie ein edles Ross",0,0,0,0,0,0,0,0,0,0,0,0,0,0,0,0,0,0,0,0,0,0,0,0
5242,1294,15,0,61411,238,"Schnell wie ein Rennpferd",0,0,0,0,0,0,0,0,0,0,0,0,0,0,0,0,0,0,0,0,0,0,0,0
5243,1295,15,0,61411,238,"Stark wie ein Ackergaul",0,0,0,0,0,0,0,0,0,0,0,0,0,0,0,0,0,0,0,0,0,0,0,0
5244,1296,15,0,61411,238,"Das beste Reittier weit und breit",0,0,0,0,0,0,0,0,0,0,0,0,0,0,0,0,0,0,0,0,0,0,0,0
5245,252,15,0,61411,238,"Von Göttern und Schafen",0,0,0,0,0,0,0,0,0,0,0,0,0,0,0,0,0,0,0,0,0,0,0,0
5246,289,15,0,61411,238,"Der schlaflose Chocobo",0,0,0,0,0,0,0,0,0,0,0,0,0,0,0,0,0,0,0,0,0,0,0,0
5247,290,15,0,61411,238,"Das schlaflose Kind",0,0,0,0,0,0,0,0,0,0,0,0,0,0,0,0,0,0,0,0,0,0,0,0
5248,309,15,0,61411,238,"Der schlaflose Hauptmann",0,0,0,0,0,0,0,0,0,0,0,0,0,0,0,0,0,0,0,0,0,0,0,0
5249,287,15,0,61411,238,"Des Schäfchens Generäle",0,0,0,0,0,0,0,0,0,0,0,0,0,0,0,0,0,0,0,0,0,0,0,0
5250,2217,15,0,61411,238,"Im Zeichen des Affen",0,0,0,0,0,0,0,0,0,0,0,0,0,0,0,0,0,0,0,0,0,0,0,0
5251,1549,15,0,61411,238,"Von Vögeln und Vogelaffen",0,0,0,0,0,0,0,0,0,0,0,0,0,0,0,0,0,0,0,0,0,0,0,0
5252,2425,15,0,61411,238,"Auf den Hund gekommen",0,0,0,0,0,0,0,0,0,0,0,0,0,0,0,0,0,0,0,0,0,0,0,0
5253,3014,15,0,61411,238,"Das Grunzen im Walde",0,0,0,0,0,0,0,0,0,0,0,0,0,0,0,0,0,0,0,0,0,0,0,0
5254,3176,15,0,61411,238,"Ratten im Reis",0,0,0,0,0,0,0,0,0,0,0,0,0,0,0,0,0,0,0,0,0,0,0,0
5255,3738,15,0,61411,238,"Muh und muckendes Mochi",0,0,0,0,0,0,0,0,0,0,0,0,0,0,0,0,0,0,0,0,0,0,0,0
5256,3751,15,0,61411,238,"Muh und Mochi mampfen",0,0,0,0,0,0,0,0,0,0,0,0,0,0,0,0,0,0,0,0,0,0,0,0
5257,4023,15,0,61411,238,"Tatzentanz mit Tiger",0,0,0,0,0,0,0,0,0,0,0,0,0,0,0,0,0,0,0,0,0,0,0,0
5258,4024,15,0,61413,238,"Mochi-Streit zur Himmelswendezeit",0,0,0,0,0,0,0,0,0,0,0,0,0,0,0,0,0,0,0,0,0,0,0,0
5259,4588,15,0,61411,238,"Wahrsagungen aus dem Fernen Osten",0,0,0,0,0,0,0,0,0,0,0,0,0,0,0,0,0,0,0,0,0,0,0,0
5260,4589,15,0,61411,238,"Großes Glück im großen Unglück",0,0,0,0,0,0,0,0,0,0,0,0,0,0,0,0,0,0,0,0,0,0,0,0
5261,4679,15,0,61411,238,"Anhängliches Maskottchen",0,0,0,0,0,0,0,0,0,0,0,0,0,0,0,0,0,0,0,0,0,0,0,0
5262,4680,15,0,61411,238,"Drachen bringen Glück",0,0,0,0,0,0,0,0,0,0,0,0,0,0,0,0,0,0,0,0,0,0,0,0
5263,5186,15,0,61411,238,"Schlüpfrige Himmelswende",0,0,0,0,0,0,0,0,0,0,0,0,0,0,0,0,0,0,0,0,0,0,0,0
5264,5229,15,0,61411,238,"Jahreswechsel im Galopp",0,0,0,0,0,0,0,0,0,0,0,0,0,0,0,0,0,0,0,0,0,0,0,0
5265,5230,15,0,61411,238,"Die Pferdeparade",0,0,0,0,0,0,0,0,0,0,0,0,0,0,0,0,0,0,0,0,0,0,0,0
5266,0,0,0,0,0,"",0,0,0,0,0,0,0,0,0,0,0,0,0,0,0,0,0,0,0,0,0,0,0,0
5267,0,0,0,0,0,"",0,0,0,0,0,0,0,0,0,0,0,0,0,0,0,0,0,0,0,0,0,0,0,0
5268,0,0,0,0,0,"",0,0,0,0,0,0,0,0,0,0,0,0,0,0,0,0,0,0,0,0,0,0,0,0
5269,0,0,0,0,0,"",0,0,0,0,0,0,0,0,0,0,0,0,0,0,0,0,0,0,0,0,0,0,0,0
5270,0,0,0,0,0,"",0,0,0,0,0,0,0,0,0,0,0,0,0,0,0,0,0,0,0,0,0,0,0,0
5271,0,0,0,0,0,"",0,0,0,0,0,0,0,0,0,0,0,0,0,0,0,0,0,0,0,0,0,0,0,0
5272,0,0,0,0,0,"",0,0,0,0,0,0,0,0,0,0,0,0,0,0,0,0,0,0,0,0,0,0,0,0
5273,1297,15,0,61411,240,"Liebesbote/-botin gesucht",0,0,0,0,0,0,0,0,0,0,0,0,0,0,0,0,0,0,0,0,0,0,0,0
5274,1298,15,0,61411,240,"Nur natürliche Aromastoffe",0,0,0,0,0,0,0,0,0,0,0,0,0,0,0,0,0,0,0,0,0,0,0,0
5275,1299,15,0,61411,240,"Liebe macht blind",0,0,0,0,0,0,0,0,0,0,0,0,0,0,0,0,0,0,0,0,0,0,0,0
5276,1300,15,0,61411,240,"Heißblütige Sirenen",0,0,0,0,0,0,0,0,0,0,0,0,0,0,0,0,0,0,0,0,0,0,0,0
5277,1301,15,0,61411,240,"Süß und bitter",0,0,0,0,0,0,0,0,0,0,0,0,0,0,0,0,0,0,0,0,0,0,0,0
5278,512,15,0,61411,240,"Alles Liebe zum Valentiontag",0,0,0,0,0,0,0,0,0,0,0,0,0,0,0,0,0,0,0,0,0,0,0,0
5279,515,15,0,61411,240,"Verlorene Liebe in Gridania",0,0,0,0,0,0,0,0,0,0,0,0,0,0,0,0,0,0,0,0,0,0,0,0
5280,523,15,0,61411,240,"Verlorene Liebe in Ul'dah",0,0,0,0,0,0,0,0,0,0,0,0,0,0,0,0,0,0,0,0,0,0,0,0
5281,527,15,0,61411,240,"Verlorene Liebe in Limsa Lominsa",0,0,0,0,0,0,0,0,0,0,0,0,0,0,0,0,0,0,0,0,0,0,0,0
5282,547,15,0,61411,240,"Elezen sucht Frau",0,0,0,0,0,0,0,0,0,0,0,0,0,0,0,0,0,0,0,0,0,0,0,0
5283,2218,15,0,61411,240,"Botschafter der Liebe",0,0,0,0,0,0,0,0,0,0,0,0,0,0,0,0,0,0,0,0,0,0,0,0
5284,2219,15,0,61413,240,"Schicksalshafte Weissagungen",0,0,0,0,0,0,0,0,0,0,0,0,0,0,0,0,0,0,0,0,0,0,0,0
5285,2220,15,0,61411,240,"Die Stunde der Wahrheit",0,0,0,0,0,0,0,0,0,0,0,0,0,0,0,0,0,0,0,0,0,0,0,0
5286,2419,15,0,61411,240,"Eine liebe Geste",0,0,0,0,0,0,0,0,0,0,0,0,0,0,0,0,0,0,0,0,0,0,0,0
5287,2420,15,0,61413,240,"Liebe ist der Welt Lohn!",0,0,0,0,0,0,0,0,0,0,0,0,0,0,0,0,0,0,0,0,0,0,0,0
5288,3082,15,0,61419,240,"Lektionen der Liebe",0,0,0,0,0,0,0,0,0,0,0,0,0,0,0,0,0,0,0,0,0,0,0,0
5289,3083,15,0,61413,240,"Neue Weissagungen",0,0,0,0,0,0,0,0,0,0,0,0,0,0,0,0,0,0,0,0,0,0,0,0
5290,3205,15,0,61419,240,"Facetten der Liebe",0,0,0,0,0,0,0,0,0,0,0,0,0,0,0,0,0,0,0,0,0,0,0,0
5291,3206,15,0,61413,240,"Weitere Weissagungen",0,0,0,0,0,0,0,0,0,0,0,0,0,0,0,0,0,0,0,0,0,0,0,0
5292,3752,15,0,61419,240,"Leidenschaftlicher Eifer",0,0,0,0,0,0,0,0,0,0,0,0,0,0,0,0,0,0,0,0,0,0,0,0
5293,3753,15,0,61411,240,"Eine Stimme für Astrid",0,0,0,0,0,0,0,0,0,0,0,0,0,0,0,0,0,0,0,0,0,0,0,0
5294,3754,15,0,61411,240,"Eine Stimme für Bert",0,0,0,0,0,0,0,0,0,0,0,0,0,0,0,0,0,0,0,0,0,0,0,0
5295,3755,15,0,61411,240,"Eine Stimme für Rodrigault",0,0,0,0,0,0,0,0,0,0,0,0,0,0,0,0,0,0,0,0,0,0,0,0
5296,3756,15,0,61411,240,"Astrids Plan",0,0,0,0,0,0,0,0,0,0,0,0,0,0,0,0,0,0,0,0,0,0,0,0
5297,3757,15,0,61411,240,"Berts Vorschlag",0,0,0,0,0,0,0,0,0,0,0,0,0,0,0,0,0,0,0,0,0,0,0,0
5298,3758,15,0,61411,240,"Rodrigaults Offenbarung",0,0,0,0,0,0,0,0,0,0,0,0,0,0,0,0,0,0,0,0,0,0,0,0
5299,4465,15,0,61411,240,"Ein Lehrling für den Meister",0,0,0,0,0,0,0,0,0,0,0,0,0,0,0,0,0,0,0,0,0,0,0,0
5300,4466,15,0,61411,240,"Was man über Liebe wissen sollte",0,0,0,0,0,0,0,0,0,0,0,0,0,0,0,0,0,0,0,0,0,0,0,0
5301,4467,15,0,61413,240,"Ein Brief zum Valentiontag",0,0,0,0,0,0,0,0,0,0,0,0,0,0,0,0,0,0,0,0,0,0,0,0
5302,4654,15,0,61419,240,"Liebe und Selbstliebe",0,0,0,0,0,0,0,0,0,0,0,0,0,0,0,0,0,0,0,0,0,0,0,0
5303,4808,15,0,61411,240,"Ein Tag, um Herz zu zeigen",0,0,0,0,0,0,0,0,0,0,0,0,0,0,0,0,0,0,0,0,0,0,0,0
5304,4809,15,0,61411,240,"Fass dir ein Herz",0,0,0,0,0,0,0,0,0,0,0,0,0,0,0,0,0,0,0,0,0,0,0,0
5305,5251,15,0,61411,240,"So wie die Rosen blühen",0,0,0,0,0,0,0,0,0,0,0,0,0,0,0,0,0,0,0,0,0,0,0,0
5306,5325,15,0,61419,240,"Die Süßwarenkrise",0,0,0,0,0,0,0,0,0,0,0,0,0,0,0,0,0,0,0,0,0,0,0,0
5307,3996,15,0,61411,241,"Eine Sendung Liebe am Valentiontag",0,0,0,0,0,0,0,0,0,0,0,0,0,0,0,0,0,0,0,0,0,0,0,0
5308,3997,15,0,61411,241,"Eine kleine Abenteurerin mit großem Herzen",0,0,0,0,0,0,0,0,0,0,0,0,0,0,0,0,0,0,0,0,0,0,0,0
5309,1302,15,0,61411,242,"Feste wollen gefeiert werden (Gridania)",0,0,0,0,0,0,0,0,0,0,0,0,0,0,0,0,0,0,0,0,0,0,0,0
5310,1303,15,0,61411,242,"Feste wollen gefeiert werden (Limsa Lominsa)",0,0,0,0,0,0,0,0,0,0,0,0,0,0,0,0,0,0,0,0,0,0,0,0
5311,1304,15,0,61411,242,"Feste wollen gefeiert werden (Ul'dah)",0,0,0,0,0,0,0,0,0,0,0,0,0,0,0,0,0,0,0,0,0,0,0,0
5312,1305,15,0,61411,242,"Sag's durch die Blüte",0,0,0,0,0,0,0,0,0,0,0,0,0,0,0,0,0,0,0,0,0,0,0,0
5313,1306,15,0,61411,242,"Pfirsichfasching",0,0,0,0,0,0,0,0,0,0,0,0,0,0,0,0,0,0,0,0,0,0,0,0
5314,1307,15,0,61411,242,"Marionette mit Herz",0,0,0,0,0,0,0,0,0,0,0,0,0,0,0,0,0,0,0,0,0,0,0,0
5315,499,15,0,61411,242,"Puppen & Prinzessinnen",0,0,0,0,0,0,0,0,0,0,0,0,0,0,0,0,0,0,0,0,0,0,0,0
5316,500,15,0,61413,242,"Auf Puppensuche",0,0,0,0,0,0,0,0,0,0,0,0,0,0,0,0,0,0,0,0,0,0,0,0
5317,501,15,0,61411,242,"Familiäre Bande",0,0,0,0,0,0,0,0,0,0,0,0,0,0,0,0,0,0,0,0,0,0,0,0
5318,2221,15,0,61411,242,"Drei neue Sterne am Himmel",0,0,0,0,0,0,0,0,0,0,0,0,0,0,0,0,0,0,0,0,0,0,0,0
5319,2222,15,0,61413,242,"Süße Werbung",0,0,0,0,0,0,0,0,0,0,0,0,0,0,0,0,0,0,0,0,0,0,0,0
5320,2223,15,0,61411,242,"Wer ist hier der Boss?",0,0,0,0,0,0,0,0,0,0,0,0,0,0,0,0,0,0,0,0,0,0,0,0
5321,2399,15,0,61411,242,"Ganz besondere Prinzessinnen",0,0,0,0,0,0,0,0,0,0,0,0,0,0,0,0,0,0,0,0,0,0,0,0
5322,2400,15,0,61411,242,"Auf Einkaufstour",0,0,0,0,0,0,0,0,0,0,0,0,0,0,0,0,0,0,0,0,0,0,0,0
5323,2401,15,0,61411,242,"Ulalas großer Auftritt",0,0,0,0,0,0,0,0,0,0,0,0,0,0,0,0,0,0,0,0,0,0,0,0
5324,2406,15,0,61411,242,"Mashas großer Auftritt",0,0,0,0,0,0,0,0,0,0,0,0,0,0,0,0,0,0,0,0,0,0,0,0
5325,2407,15,0,61411,242,"Narumis großer Auftritt",0,0,0,0,0,0,0,0,0,0,0,0,0,0,0,0,0,0,0,0,0,0,0,0
5326,2408,15,0,61411,242,"Was lange währt wird spitze",0,0,0,0,0,0,0,0,0,0,0,0,0,0,0,0,0,0,0,0,0,0,0,0
5327,3084,15,0,61411,242,"Farbe bekennen",0,0,0,0,0,0,0,0,0,0,0,0,0,0,0,0,0,0,0,0,0,0,0,0
5328,3085,15,0,61411,242,"Das namenlose Mädchen",0,0,0,0,0,0,0,0,0,0,0,0,0,0,0,0,0,0,0,0,0,0,0,0
5329,3208,15,0,61411,242,"Ein Prinzessinnenwunsch",0,0,0,0,0,0,0,0,0,0,0,0,0,0,0,0,0,0,0,0,0,0,0,0
5330,3209,15,0,61413,242,"Ein Schmuck für jedes Haupt",0,0,0,0,0,0,0,0,0,0,0,0,0,0,0,0,0,0,0,0,0,0,0,0
5331,3850,15,0,61411,242,"Der Tag des Lächelns",0,0,0,0,0,0,0,0,0,0,0,0,0,0,0,0,0,0,0,0,0,0,0,0
5332,3851,15,0,61413,242,"Ein Lächeln für jede Prinzessin",0,0,0,0,0,0,0,0,0,0,0,0,0,0,0,0,0,0,0,0,0,0,0,0
5333,4471,15,0,61411,242,"Der Prinzessinnenfest-Modewettbewerb",0,0,0,0,0,0,0,0,0,0,0,0,0,0,0,0,0,0,0,0,0,0,0,0
5334,4472,15,0,61413,242,"Modisches Prinzessinnenfest",0,0,0,0,0,0,0,0,0,0,0,0,0,0,0,0,0,0,0,0,0,0,0,0
5335,4720,15,0,61411,242,"Ein rätselhaftes Erbstück",0,0,0,0,0,0,0,0,0,0,0,0,0,0,0,0,0,0,0,0,0,0,0,0
5336,5237,15,0,61411,242,"Ein Prinz für die Prinzessinnen",0,0,0,0,0,0,0,0,0,0,0,0,0,0,0,0,0,0,0,0,0,0,0,0
5337,5238,15,0,61411,242,"Das Lied der Schwalbe",0,0,0,0,0,0,0,0,0,0,0,0,0,0,0,0,0,0,0,0,0,0,0,0
5338,5444,15,0,61411,242,"Die Prinzessinnenfest-Reportage",0,0,0,0,0,0,0,0,0,0,0,0,0,0,0,0,0,0,0,0,0,0,0,0
5339,5445,15,0,61413,242,"Stelldichein mit den Stars",0,0,0,0,0,0,0,0,0,0,0,0,0,0,0,0,0,0,0,0,0,0,0,0
5340,4810,15,0,61411,243,"Ein Überraschungsei zum Prinzessinnenfest",0,0,0,0,0,0,0,0,0,0,0,0,0,0,0,0,0,0,0,0,0,0,0,0
5341,4811,15,0,61411,243,"Aufblühende Gemüter",0,0,0,0,0,0,0,0,0,0,0,0,0,0,0,0,0,0,0,0,0,0,0,0
5342,1414,15,0,61411,244,"Die Wundereiersuche (Gridania)",0,0,0,0,0,0,0,0,0,0,0,0,0,0,0,0,0,0,0,0,0,0,0,0
5343,1415,15,0,61411,244,"Die Wundereiersuche (Limsa)",0,0,0,0,0,0,0,0,0,0,0,0,0,0,0,0,0,0,0,0,0,0,0,0
5344,1416,15,0,61411,244,"Die Wundereiersuche (Ul'dah)",0,0,0,0,0,0,0,0,0,0,0,0,0,0,0,0,0,0,0,0,0,0,0,0
5345,1417,15,0,61411,244,"Eiertanz im Waldstaat",0,0,0,0,0,0,0,0,0,0,0,0,0,0,0,0,0,0,0,0,0,0,0,0
5346,1418,15,0,61411,244,"Eiertanz auf Deck",0,0,0,0,0,0,0,0,0,0,0,0,0,0,0,0,0,0,0,0,0,0,0,0
5347,1419,15,0,61411,244,"Eiertanz im Kreuzgang",0,0,0,0,0,0,0,0,0,0,0,0,0,0,0,0,0,0,0,0,0,0,0,0
5348,1420,15,0,61411,244,"Die Weisen der Eiersuche",0,0,0,0,0,0,0,0,0,0,0,0,0,0,0,0,0,0,0,0,0,0,0,0
5349,556,15,0,61411,244,"Traumhafte Eiersuche",0,0,0,0,0,0,0,0,0,0,0,0,0,0,0,0,0,0,0,0,0,0,0,0
5350,557,15,0,61411,244,"Der Traum vom großen Glück",0,0,0,0,0,0,0,0,0,0,0,0,0,0,0,0,0,0,0,0,0,0,0,0
5351,559,15,0,61411,244,"Zu schön, um wahr zu sein",0,0,0,0,0,0,0,0,0,0,0,0,0,0,0,0,0,0,0,0,0,0,0,0
5352,2128,15,0,61411,244,"Rückkehr der Träume",0,0,0,0,0,0,0,0,0,0,0,0,0,0,0,0,0,0,0,0,0,0,0,0
5353,2129,15,0,61413,244,"Wilde Wilderer",0,0,0,0,0,0,0,0,0,0,0,0,0,0,0,0,0,0,0,0,0,0,0,0
5354,2130,15,0,61413,244,"Schicke Schale",0,0,0,0,0,0,0,0,0,0,0,0,0,0,0,0,0,0,0,0,0,0,0,0
5355,2131,15,0,61413,244,"Springende Spriggans",0,0,0,0,0,0,0,0,0,0,0,0,0,0,0,0,0,0,0,0,0,0,0,0
5356,2132,15,0,61411,244,"Ein goldener Schatz",0,0,0,0,0,0,0,0,0,0,0,0,0,0,0,0,0,0,0,0,0,0,0,0
5357,2421,15,0,61411,244,"Das schwebende Ei",0,0,0,0,0,0,0,0,0,0,0,0,0,0,0,0,0,0,0,0,0,0,0,0
5358,2422,15,0,61411,244,"Schockierende Chocobos",0,0,0,0,0,0,0,0,0,0,0,0,0,0,0,0,0,0,0,0,0,0,0,0
5359,2423,15,0,61411,244,"Ein unbezahlbares Juwel",0,0,0,0,0,0,0,0,0,0,0,0,0,0,0,0,0,0,0,0,0,0,0,0
5360,3079,15,0,61411,244,"Wundersame Eierdiebe",0,0,0,0,0,0,0,0,0,0,0,0,0,0,0,0,0,0,0,0,0,0,0,0
5361,3080,15,0,61413,244,"Wundersame Begegnungen",0,0,0,0,0,0,0,0,0,0,0,0,0,0,0,0,0,0,0,0,0,0,0,0
5362,3202,15,0,61411,244,"Rätselhafter Schabernack",0,0,0,0,0,0,0,0,0,0,0,0,0,0,0,0,0,0,0,0,0,0,0,0
5363,3203,15,0,61411,244,"Rätselei",0,0,0,0,0,0,0,0,0,0,0,0,0,0,0,0,0,0,0,0,0,0,0,0
5364,3204,15,0,61411,244,"Rätselei Nummer Zwei",0,0,0,0,0,0,0,0,0,0,0,0,0,0,0,0,0,0,0,0,0,0,0,0
5365,3846,15,0,61411,244,"Achtung, wilde Hühner!",0,0,0,0,0,0,0,0,0,0,0,0,0,0,0,0,0,0,0,0,0,0,0,0
5366,3847,15,0,61411,244,"Achtung, Hühner, alle in eine Reihe!",0,0,0,0,0,0,0,0,0,0,0,0,0,0,0,0,0,0,0,0,0,0,0,0
5367,4089,15,0,61411,244,"Heldentat im Hühnerstall",0,0,0,0,0,0,0,0,0,0,0,0,0,0,0,0,0,0,0,0,0,0,0,0
5368,4090,15,0,61411,244,"Für die freundlichen Helfer",0,0,0,0,0,0,0,0,0,0,0,0,0,0,0,0,0,0,0,0,0,0,0,0
5369,4590,15,0,61411,244,"Glücksjagd mit Hindernissen",0,0,0,0,0,0,0,0,0,0,0,0,0,0,0,0,0,0,0,0,0,0,0,0
5370,4721,15,0,61411,244,"Schelmischer Schabernack",0,0,0,0,0,0,0,0,0,0,0,0,0,0,0,0,0,0,0,0,0,0,0,0
5371,4722,15,0,61411,244,"Tomberrys eilen zur Eierrettung",0,0,0,0,0,0,0,0,0,0,0,0,0,0,0,0,0,0,0,0,0,0,0,0
5372,5242,15,0,61411,244,"Ei, ei, ei, was seh' ich da ...?",0,0,0,0,0,0,0,0,0,0,0,0,0,0,0,0,0,0,0,0,0,0,0,0
5373,5243,15,0,61411,244,"Einigkeit und Schirm und Eiheit",0,0,0,0,0,0,0,0,0,0,0,0,0,0,0,0,0,0,0,0,0,0,0,0
5374,5425,15,0,61419,244,"Das große Jäten",0,0,0,0,0,0,0,0,0,0,0,0,0,0,0,0,0,0,0,0,0,0,0,0
5375,2133,15,0,61413,245,"Mord in der Manderville-Lounge",0,0,0,0,0,0,0,0,0,0,0,0,0,0,0,0,0,0,0,0,0,0,0,0
5376,2135,15,0,61411,245,"Zeichen des Dankes",0,0,0,0,0,0,0,0,0,0,0,0,0,0,0,0,0,0,0,0,0,0,0,0
5377,2424,15,0,61411,245,"Goldige Gastfreundschaft",0,0,0,0,0,0,0,0,0,0,0,0,0,0,0,0,0,0,0,0,0,0,0,0
5378,3133,15,0,61411,245,"Gespensterjagd im Gold Saucer",0,0,0,0,0,0,0,0,0,0,0,0,0,0,0,0,0,0,0,0,0,0,0,0
5379,3134,15,0,61413,245,"Rendez<hex:02160103>vous im Reich der Spieler",0,0,0,0,0,0,0,0,0,0,0,0,0,0,0,0,0,0,0,0,0,0,0,0
5380,3207,15,0,61411,245,"In den Fußstapfen des Señor Kaktor",0,0,0,0,0,0,0,0,0,0,0,0,0,0,0,0,0,0,0,0,0,0,0,0
5381,3963,15,0,61411,245,"Riesenandrang im Gold Saucer",0,0,0,0,0,0,0,0,0,0,0,0,0,0,0,0,0,0,0,0,0,0,0,0
5382,3964,15,0,61413,245,"Für jeden Gast die richtige Attraktion",0,0,0,0,0,0,0,0,0,0,0,0,0,0,0,0,0,0,0,0,0,0,0,0
5383,4054,15,0,61411,245,"Lügen haben kurze Beine",0,0,0,0,0,0,0,0,0,0,0,0,0,0,0,0,0,0,0,0,0,0,0,0
5384,4055,15,0,61411,245,"Eine Geste der Dankbarkeit",0,0,0,0,0,0,0,0,0,0,0,0,0,0,0,0,0,0,0,0,0,0,0,0
5385,4056,15,0,61413,245,"Neu aufgerollt",0,0,0,0,0,0,0,0,0,0,0,0,0,0,0,0,0,0,0,0,0,0,0,0
5386,4584,15,0,61411,245,"Werbung für den Gold Saucer",0,0,0,0,0,0,0,0,0,0,0,0,0,0,0,0,0,0,0,0,0,0,0,0
5387,4727,15,0,61411,245,"Eine goldene Schlagzeile",0,0,0,0,0,0,0,0,0,0,0,0,0,0,0,0,0,0,0,0,0,0,0,0
5388,4728,15,0,61411,245,"Ein goldenes Interview",0,0,0,0,0,0,0,0,0,0,0,0,0,0,0,0,0,0,0,0,0,0,0,0
5389,4814,15,0,61411,245,"Im Namen der Wahrheit",0,0,0,0,0,0,0,0,0,0,0,0,0,0,0,0,0,0,0,0,0,0,0,0
5390,5322,15,0,61411,245,"Der falsche König",0,0,0,0,0,0,0,0,0,0,0,0,0,0,0,0,0,0,0,0,0,0,0,0
5391,5443,15,0,61411,245,"Ottos Werbegang",0,0,0,0,0,0,0,0,0,0,0,0,0,0,0,0,0,0,0,0,0,0,0,0
5392,1534,15,0,61411,246,"Feurige Abenteurer gesucht (Gridania)",0,0,0,0,0,0,0,0,0,0,0,0,0,0,0,0,0,0,0,0,0,0,0,0
5393,1535,15,0,61411,246,"Feurige Abenteurer gesucht (Limsa Lominsa)",0,0,0,0,0,0,0,0,0,0,0,0,0,0,0,0,0,0,0,0,0,0,0,0
5394,1536,15,0,61411,246,"Feurige Abenteurer gesucht (Ul'dah)",0,0,0,0,0,0,0,0,0,0,0,0,0,0,0,0,0,0,0,0,0,0,0,0
5395,1537,15,0,61411,246,"Kein Auge bleibt trocken",0,0,0,0,0,0,0,0,0,0,0,0,0,0,0,0,0,0,0,0,0,0,0,0
5396,1538,15,0,61411,246,"Kanonenschlussverkauf",0,0,0,0,0,0,0,0,0,0,0,0,0,0,0,0,0,0,0,0,0,0,0,0
5397,1539,15,0,61411,246,"Das Feuerwerkdiplom",0,0,0,0,0,0,0,0,0,0,0,0,0,0,0,0,0,0,0,0,0,0,0,0
5398,1540,15,0,61413,246,"Elbste, die durchs Feuer gehen",0,0,0,0,0,0,0,0,0,0,0,0,0,0,0,0,0,0,0,0,0,0,0,0
5399,1541,15,0,61413,246,"18-Ponzengrüße aus der Stahlkanone",0,0,0,0,0,0,0,0,0,0,0,0,0,0,0,0,0,0,0,0,0,0,0,0
5400,1542,15,0,61413,246,"Knack den Knallo",0,0,0,0,0,0,0,0,0,0,0,0,0,0,0,0,0,0,0,0,0,0,0,0
5401,1543,15,0,61411,246,"Der mit dem Feuer tanzt",0,0,0,0,0,0,0,0,0,0,0,0,0,0,0,0,0,0,0,0,0,0,0,0
5402,2124,30,0,61411,246,"Sommer, Sonne, Sonnenschein",0,0,0,0,0,0,0,0,0,0,0,0,0,0,0,0,0,0,0,0,0,0,0,0
5403,2125,30,0,61413,246,"Zum Anbeißen",0,0,0,0,0,0,0,0,0,0,0,0,0,0,0,0,0,0,0,0,0,0,0,0
5404,2126,5,0,61413,246,"Frisch gewinnt",0,0,0,0,0,0,0,0,0,0,0,0,0,0,0,0,0,0,0,0,0,0,0,0
5405,2127,30,0,61411,246,"Herrliche Aussichten",0,0,0,0,0,0,0,0,0,0,0,0,0,0,0,0,0,0,0,0,0,0,0,0
5406,2136,30,0,61411,246,"Hitzewelle",0,0,0,0,0,0,0,0,0,0,0,0,0,0,0,0,0,0,0,0,0,0,0,0
5407,2137,30,0,61413,246,"Flammenfäuste",0,0,0,0,0,0,0,0,0,0,0,0,0,0,0,0,0,0,0,0,0,0,0,0
5408,2138,30,0,61413,246,"Eisige Erfrischung",0,0,0,0,0,0,0,0,0,0,0,0,0,0,0,0,0,0,0,0,0,0,0,0
5409,2139,30,0,61413,246,"Bombentechnik",0,0,0,0,0,0,0,0,0,0,0,0,0,0,0,0,0,0,0,0,0,0,0,0
5410,2140,30,0,61411,246,"Die Stunde der Bombattanten",0,0,0,0,0,0,0,0,0,0,0,0,0,0,0,0,0,0,0,0,0,0,0,0
5411,2956,30,0,61411,246,"Die Insel des Ewigen Sommers",0,0,0,0,0,0,0,0,0,0,0,0,0,0,0,0,0,0,0,0,0,0,0,0
5412,2957,30,0,61413,246,"Feuerwerk aus Kanonen",0,0,0,0,0,0,0,0,0,0,0,0,0,0,0,0,0,0,0,0,0,0,0,0
5413,2958,30,0,61413,246,"Festverpflegung",0,0,0,0,0,0,0,0,0,0,0,0,0,0,0,0,0,0,0,0,0,0,0,0
5414,2959,5,0,61413,246,"Frische Fische zum Feuermond",0,0,0,0,0,0,0,0,0,0,0,0,0,0,0,0,0,0,0,0,0,0,0,0
5415,2960,30,0,61411,246,"Der Schatz des Ewigen Sommers",0,0,0,0,0,0,0,0,0,0,0,0,0,0,0,0,0,0,0,0,0,0,0,0
5416,3135,30,0,61411,246,"Sommer, Sonne, Abenteuer",0,0,0,0,0,0,0,0,0,0,0,0,0,0,0,0,0,0,0,0,0,0,0,0
5417,3136,30,0,61413,246,"Der Feuermond-Parkour",0,0,0,0,0,0,0,0,0,0,0,0,0,0,0,0,0,0,0,0,0,0,0,0
5418,3137,30,0,61411,246,"Werdegang eines Abenteurers",0,0,0,0,0,0,0,0,0,0,0,0,0,0,0,0,0,0,0,0,0,0,0,0
5419,3663,30,0,61411,246,"Der Grünschnabel beim Reigen",0,0,0,0,0,0,0,0,0,0,0,0,0,0,0,0,0,0,0,0,0,0,0,0
5420,3664,30,0,61411,246,"Dem Grünschnabel auf die Sprünge helfen",0,0,0,0,0,0,0,0,0,0,0,0,0,0,0,0,0,0,0,0,0,0,0,0
5421,3665,30,0,61413,246,"Ein Fest für Springer",0,0,0,0,0,0,0,0,0,0,0,0,0,0,0,0,0,0,0,0,0,0,0,0
5422,3666,30,0,61413,246,"Ein Fest für Gourmets",0,0,0,0,0,0,0,0,0,0,0,0,0,0,0,0,0,0,0,0,0,0,0,0
5423,3667,5,0,61413,246,"Ein Fest für Angler",0,0,0,0,0,0,0,0,0,0,0,0,0,0,0,0,0,0,0,0,0,0,0,0
5424,3966,30,0,61411,246,"Heiße Sohle gegen Haie",0,0,0,0,0,0,0,0,0,0,0,0,0,0,0,0,0,0,0,0,0,0,0,0
5425,3967,30,0,61411,246,"Sommernachtstänze",0,0,0,0,0,0,0,0,0,0,0,0,0,0,0,0,0,0,0,0,0,0,0,0
5426,4082,30,0,61411,246,"Sommer, Sonne, Eis-Knallomaten",0,0,0,0,0,0,0,0,0,0,0,0,0,0,0,0,0,0,0,0,0,0,0,0
5427,4083,30,0,61411,246,"Ein ganz besonderes Eis",0,0,0,0,0,0,0,0,0,0,0,0,0,0,0,0,0,0,0,0,0,0,0,0
5428,4540,30,0,61411,246,"Leicht wie eine Feder",0,0,0,0,0,0,0,0,0,0,0,0,0,0,0,0,0,0,0,0,0,0,0,0
5429,4541,30,0,61411,246,"Wahre Abenteurer",0,0,0,0,0,0,0,0,0,0,0,0,0,0,0,0,0,0,0,0,0,0,0,0
5430,4723,30,0,61411,246,"Suspekt im Sand",0,0,0,0,0,0,0,0,0,0,0,0,0,0,0,0,0,0,0,0,0,0,0,0
5431,4724,30,0,61411,246,"Ein Recke zur rechten Zeit",0,0,0,0,0,0,0,0,0,0,0,0,0,0,0,0,0,0,0,0,0,0,0,0
5432,5182,30,0,61411,246,"Grüne Gefahr auf dem Feuermond-Reigen",0,0,0,0,0,0,0,0,0,0,0,0,0,0,0,0,0,0,0,0,0,0,0,0
5433,5183,30,0,61411,246,"Großer Fächer, große Wirkung",0,0,0,0,0,0,0,0,0,0,0,0,0,0,0,0,0,0,0,0,0,0,0,0
5434,5321,30,0,61411,246,"Auf Wellen laufen",0,0,0,0,0,0,0,0,0,0,0,0,0,0,0,0,0,0,0,0,0,0,0,0
5435,5457,30,0,61411,246,"Kalte Füße im kühlen Nass",0,0,0,0,0,0,0,0,0,0,0,0,0,0,0,0,0,0,0,0,0,0,0,0
5436,5458,30,0,61413,246,"Mogryboote sind für alle da",0,0,0,0,0,0,0,0,0,0,0,0,0,0,0,0,0,0,0,0,0,0,0,0
5437,1546,15,0,61411,247,"Blüten der Nacht",601,602,603,0,0,0,0,0,0,0,0,0,0,0,0,0,0,0,0,0,0,0,0,0
5438,2134,15,0,61411,247,"So nah und doch so fern",1040,1041,1042,1043,0,0,0,0,0,0,0,0,0,0,0,0,0,0,0,0,0,0,0,0
5439,2329,15,0,61411,247,"Eine maßgeschneiderte Rolle",0,0,0,0,0,0,0,0,0,0,0,0,0,0,0,0,0,0,0,0,0,0,0,0
5440,2330,15,0,61413,247,"Die Siebte Katastrophe",0,0,0,0,0,0,0,0,0,0,0,0,0,0,0,0,0,0,0,0,0,0,0,0
5441,2331,15,0,61411,247,"Ein wahrer Held",0,0,0,0,0,0,0,0,0,0,0,0,0,0,0,0,0,0,0,0,0,0,0,0
5442,2961,15,0,61411,247,"Wiedergeburt der Bugs",0,0,0,0,0,0,0,0,0,0,0,0,0,0,0,0,0,0,0,0,0,0,0,0
5443,3138,15,0,61411,247,"Den Abenteurern sei Dank",0,0,0,0,0,0,0,0,0,0,0,0,0,0,0,0,0,0,0,0,0,0,0,0
5444,3660,30,0,61411,247,"Ein rätselhafter Brief zum Fest",0,0,0,0,0,0,0,0,0,0,0,0,0,0,0,0,0,0,0,0,0,0,0,0
5445,3661,30,0,61413,247,"Eine Flaschenpost zum Fest",0,0,0,0,0,0,0,0,0,0,0,0,0,0,0,0,0,0,0,0,0,0,0,0
5446,3973,15,0,61411,247,"Gefühl auf Glas gebannt",0,0,0,0,0,0,0,0,0,0,0,0,0,0,0,0,0,0,0,0,0,0,0,0
5447,3974,15,0,61411,247,"Scherben bringen Glück",0,0,0,0,0,0,0,0,0,0,0,0,0,0,0,0,0,0,0,0,0,0,0,0
5448,4091,15,0,61411,247,"Sag mir, wo die Blumen sind",0,0,0,0,0,0,0,0,0,0,0,0,0,0,0,0,0,0,0,0,0,0,0,0
5449,4544,15,0,61411,247,"Neue Reisen auf alten Wegen",0,0,0,0,0,0,0,0,0,0,0,0,0,0,0,0,0,0,0,0,0,0,0,0
5450,4765,15,0,61411,247,"Wiedervereint zum Jubiläumsfest",0,0,0,0,0,0,0,0,0,0,0,0,0,0,0,0,0,0,0,0,0,0,0,0
5451,4766,15,0,61411,247,"Was uns antreibt",0,0,0,0,0,0,0,0,0,0,0,0,0,0,0,0,0,0,0,0,0,0,0,0
5452,5015,15,0,61411,247,"Hochfliegende Pläne",0,0,0,0,0,0,0,0,0,0,0,0,0,0,0,0,0,0,0,0,0,0,0,0
5453,5016,15,0,61411,247,"Unter ein und demselben Himmel",0,0,0,0,0,0,0,0,0,0,0,0,0,0,0,0,0,0,0,0,0,0,0,0
5454,5297,15,0,61411,247,"Das kleinste, größte Abenteuer",0,0,0,0,0,0,0,0,0,0,0,0,0,0,0,0,0,0,0,0,0,0,0,0
5455,5298,15,0,61411,247,"Und immer brennt der Leuchtturm",0,0,0,0,0,0,0,0,0,0,0,0,0,0,0,0,0,0,0,0,0,0,0,0
5456,0,0,0,0,0,"",0,0,0,0,0,0,0,0,0,0,0,0,0,0,0,0,0,0,0,0,0,0,0,0
5457,0,0,0,0,0,"",0,0,0,0,0,0,0,0,0,0,0,0,0,0,0,0,0,0,0,0,0,0,0,0
5458,1163,1,0,61411,248,"Die Nacht der Monster",0,0,0,0,0,0,0,0,0,0,0,0,0,0,0,0,0,0,0,0,0,0,0,0
5459,1164,15,0,61411,248,"Süßes, sonst gibt's Saures!",0,0,0,0,0,0,0,0,0,0,0,0,0,0,0,0,0,0,0,0,0,0,0,0
5460,1165,15,0,61411,248,"Laterne, Laterne",0,0,0,0,0,0,0,0,0,0,0,0,0,0,0,0,0,0,0,0,0,0,0,0
5461,1166,15,0,61411,248,"Monströser Mummenschanz",0,0,0,0,0,0,0,0,0,0,0,0,0,0,0,0,0,0,0,0,0,0,0,0
5462,1167,1,0,61411,248,"Die Nacht der Monster",0,0,0,0,0,0,0,0,0,0,0,0,0,0,0,0,0,0,0,0,0,0,0,0
5463,1168,15,0,61411,248,"Süßes, sonst gibt's Saures!",0,0,0,0,0,0,0,0,0,0,0,0,0,0,0,0,0,0,0,0,0,0,0,0
5464,1169,15,0,61411,248,"Laterne, Laterne",0,0,0,0,0,0,0,0,0,0,0,0,0,0,0,0,0,0,0,0,0,0,0,0
5465,1170,15,0,61411,248,"Monströser Mummenschanz",0,0,0,0,0,0,0,0,0,0,0,0,0,0,0,0,0,0,0,0,0,0,0,0
5466,1171,1,0,61411,248,"Die Nacht der Monster",0,0,0,0,0,0,0,0,0,0,0,0,0,0,0,0,0,0,0,0,0,0,0,0
5467,1172,15,0,61411,248,"Süßes, sonst gibt's Saures!",0,0,0,0,0,0,0,0,0,0,0,0,0,0,0,0,0,0,0,0,0,0,0,0
5468,1173,15,0,61411,248,"Laterne, Laterne",0,0,0,0,0,0,0,0,0,0,0,0,0,0,0,0,0,0,0,0,0,0,0,0
5469,1174,15,0,61411,248,"Monströser Mummenschanz",0,0,0,0,0,0,0,0,0,0,0,0,0,0,0,0,0,0,0,0,0,0,0,0
5470,236,15,0,61411,248,"Holzauge sei wachsam",0,0,0,0,0,0,0,0,0,0,0,0,0,0,0,0,0,0,0,0,0,0,0,0
5471,237,15,0,61411,248,"Störende Laternen",0,0,0,0,0,0,0,0,0,0,0,0,0,0,0,0,0,0,0,0,0,0,0,0
5472,238,15,0,61411,248,"Die Gaukler-Parade",0,0,0,0,0,0,0,0,0,0,0,0,0,0,0,0,0,0,0,0,0,0,0,0
5473,2149,20,0,61411,248,"Alles nur vorgegaukelt?",0,0,0,0,0,0,0,0,0,0,0,0,0,0,0,0,0,0,0,0,0,0,0,0
5474,2150,20,0,61411,248,"Großer Ver<hex:02160103>wand<hex:02160103>lungszirkus",0,0,0,0,0,0,0,0,0,0,0,0,0,0,0,0,0,0,0,0,0,0,0,0
5475,2151,20,0,61411,248,"Aufgeflogen!",0,0,0,0,0,0,0,0,0,0,0,0,0,0,0,0,0,0,0,0,0,0,0,0
5476,1548,15,0,61419,248,"Gruselige Überraschung",0,0,0,0,0,0,0,0,0,0,0,0,0,0,0,0,0,0,0,0,0,0,0,0
5477,3011,15,0,61411,248,"Ein weltoffener Wolf",0,0,0,0,0,0,0,0,0,0,0,0,0,0,0,0,0,0,0,0,0,0,0,0
5478,3012,15,0,61411,248,"Mit den Wölfen heulen",0,0,0,0,0,0,0,0,0,0,0,0,0,0,0,0,0,0,0,0,0,0,0,0
5479,3013,15,0,61419,248,"Ende ohne Schrecken",0,0,0,0,0,0,0,0,0,0,0,0,0,0,0,0,0,0,0,0,0,0,0,0
5480,3169,15,0,61411,248,"Eine schaurig schöne Party",0,0,0,0,0,0,0,0,0,0,0,0,0,0,0,0,0,0,0,0,0,0,0,0
5481,3170,15,0,61413,248,"Süßes oder Saures",0,0,0,0,0,0,0,0,0,0,0,0,0,0,0,0,0,0,0,0,0,0,0,0
5482,3171,15,0,61411,248,"Der verschlüsselte Code",0,0,0,0,0,0,0,0,0,0,0,0,0,0,0,0,0,0,0,0,0,0,0,0
5483,3172,15,0,61419,248,"Gruselige Gerüchte",0,0,0,0,0,0,0,0,0,0,0,0,0,0,0,0,0,0,0,0,0,0,0,0
5484,3668,15,0,61411,248,"Schau mir in das Auge, Kleine",0,0,0,0,0,0,0,0,0,0,0,0,0,0,0,0,0,0,0,0,0,0,0,0
5485,3669,15,0,61411,248,"Auf verkleideter Mission",0,0,0,0,0,0,0,0,0,0,0,0,0,0,0,0,0,0,0,0,0,0,0,0
5486,3670,15,0,61419,248,"Totentanz",0,0,0,0,0,0,0,0,0,0,0,0,0,0,0,0,0,0,0,0,0,0,0,0
5487,3995,15,0,61411,248,"Der Clown des Todes",0,0,0,0,0,0,0,0,0,0,0,0,0,0,0,0,0,0,0,0,0,0,0,0
5488,4520,15,0,61419,248,"Ein Fest zum Totlachen",0,0,0,0,0,0,0,0,0,0,0,0,0,0,0,0,0,0,0,0,0,0,0,0
5489,4655,15,0,61411,248,"Kostümiertes Ränkespiel",0,0,0,0,0,0,0,0,0,0,0,0,0,0,0,0,0,0,0,0,0,0,0,0
5490,4656,15,0,61411,248,"Eine besondere Einladung",0,0,0,0,0,0,0,0,0,0,0,0,0,0,0,0,0,0,0,0,0,0,0,0
5491,4657,15,0,61413,248,"Kostümparade",0,0,0,0,0,0,0,0,0,0,0,0,0,0,0,0,0,0,0,0,0,0,0,0
5492,4785,15,0,61411,248,"Von der Freude an der Furcht",0,0,0,0,0,0,0,0,0,0,0,0,0,0,0,0,0,0,0,0,0,0,0,0
5493,4786,15,0,61411,248,"Spuk sei Dank",0,0,0,0,0,0,0,0,0,0,0,0,0,0,0,0,0,0,0,0,0,0,0,0
5494,5184,15,0,61411,248,"Ein Kampf um Äther und Anerkennung",0,0,0,0,0,0,0,0,0,0,0,0,0,0,0,0,0,0,0,0,0,0,0,0
5495,5185,15,0,61411,248,"Ein Unhold auf wohltätiger Mission",0,0,0,0,0,0,0,0,0,0,0,0,0,0,0,0,0,0,0,0,0,0,0,0
5496,5375,15,0,61411,248,"Was soll der Zirkus!",0,0,0,0,0,0,0,0,0,0,0,0,0,0,0,0,0,0,0,0,0,0,0,0
5497,5376,15,0,61411,248,"Saures für die Imps",0,0,0,0,0,0,0,0,0,0,0,0,0,0,0,0,0,0,0,0,0,0,0,0
5498,5467,15,0,61411,248,"守護天節と面妖な着ぐるみたち",0,0,0,0,0,0,0,0,0,0,0,0,0,0,0,0,0,0,0,0,0,0,0,0
5499,5468,15,0,61411,248,"守護天節と面妖なかくれんぼ",0,0,0,0,0,0,0,0,0,0,0,0,0,0,0,0,0,0,0,0,0,0,0,0
5500,250,15,0,61411,249,"Ein Sternenlichtwunder",0,0,0,0,0,0,0,0,0,0,0,0,0,0,0,0,0,0,0,0,0,0,0,0
5501,251,15,0,61411,249,"Das Kleine Helferlein",0,0,0,0,0,0,0,0,0,0,0,0,0,0,0,0,0,0,0,0,0,0,0,0
5502,325,15,0,61411,249,"Freiwillige vor (Lavendelbeete)",0,0,0,0,0,0,0,0,0,0,0,0,0,0,0,0,0,0,0,0,0,0,0,0
5503,338,15,0,61411,249,"Freiwillige vor (Dorf des Nebels)",0,0,0,0,0,0,0,0,0,0,0,0,0,0,0,0,0,0,0,0,0,0,0,0
5504,340,15,0,61411,249,"Freiwillige vor (Kelchkuppe)",0,0,0,0,0,0,0,0,0,0,0,0,0,0,0,0,0,0,0,0,0,0,0,0
5505,247,15,0,61413,249,"Sternenlichtgaben (Lavendelbeete)",0,0,0,0,0,0,0,0,0,0,0,0,0,0,0,0,0,0,0,0,0,0,0,0
5506,248,15,0,61413,249,"Sternenlichtgaben (Dorf des Nebels)",0,0,0,0,0,0,0,0,0,0,0,0,0,0,0,0,0,0,0,0,0,0,0,0
5507,249,15,0,61413,249,"Sternenlichtgaben (Kelchkuppe)",0,0,0,0,0,0,0,0,0,0,0,0,0,0,0,0,0,0,0,0,0,0,0,0
5508,354,15,0,61411,249,"Der Heilige von Nymeia",0,0,0,0,0,0,0,0,0,0,0,0,0,0,0,0,0,0,0,0,0,0,0,0
5509,2224,15,0,61411,249,"Kling Glöckchen",0,0,0,0,0,0,0,0,0,0,0,0,0,0,0,0,0,0,0,0,0,0,0,0
5510,2375,15,0,61411,249,"Streich zum Sternenlichtfest",0,0,0,0,0,0,0,0,0,0,0,0,0,0,0,0,0,0,0,0,0,0,0,0
5511,2376,15,0,61411,249,"Jedem Kind ein Geschenk",0,0,0,0,0,0,0,0,0,0,0,0,0,0,0,0,0,0,0,0,0,0,0,0
5512,2377,15,0,61411,249,"Grund zur Traurigkeit",0,0,0,0,0,0,0,0,0,0,0,0,0,0,0,0,0,0,0,0,0,0,0,0
5513,2378,15,0,61413,249,"Frohes Sternenlichtfest!",0,0,0,0,0,0,0,0,0,0,0,0,0,0,0,0,0,0,0,0,0,0,0,0
5514,3009,15,0,61411,249,"Sternenlicht und Bärentanz",0,0,0,0,0,0,0,0,0,0,0,0,0,0,0,0,0,0,0,0,0,0,0,0
5515,3010,15,0,61411,249,"Bären und Diebe im Sternenlicht",0,0,0,0,0,0,0,0,0,0,0,0,0,0,0,0,0,0,0,0,0,0,0,0
5516,3173,15,0,61411,249,"Keine ganz so stille Nacht",0,0,0,0,0,0,0,0,0,0,0,0,0,0,0,0,0,0,0,0,0,0,0,0
5517,3174,15,0,61413,249,"Lampenfieber",0,0,0,0,0,0,0,0,0,0,0,0,0,0,0,0,0,0,0,0,0,0,0,0
5518,3175,15,0,61411,249,"Blumen zum Fest",0,0,0,0,0,0,0,0,0,0,0,0,0,0,0,0,0,0,0,0,0,0,0,0
5519,3722,15,0,61411,249,"Heimliche Sternenlichtsänger",0,0,0,0,0,0,0,0,0,0,0,0,0,0,0,0,0,0,0,0,0,0,0,0
5520,3723,15,0,61411,249,"Der Chocobo-Chor",0,0,0,0,0,0,0,0,0,0,0,0,0,0,0,0,0,0,0,0,0,0,0,0
5521,3724,15,0,61413,249,"Zugabe zum Sternenlichtfest",0,0,0,0,0,0,0,0,0,0,0,0,0,0,0,0,0,0,0,0,0,0,0,0
5522,4017,15,0,61411,249,"Kein Fest ohne Firlefanz",0,0,0,0,0,0,0,0,0,0,0,0,0,0,0,0,0,0,0,0,0,0,0,0
5523,4018,15,0,61411,249,"Schnelligkeit vor Sorgfalt",0,0,0,0,0,0,0,0,0,0,0,0,0,0,0,0,0,0,0,0,0,0,0,0
5524,4019,15,0,61411,249,"Der wahre Wert des Sternenlichtfests",0,0,0,0,0,0,0,0,0,0,0,0,0,0,0,0,0,0,0,0,0,0,0,0
5525,4020,15,0,61411,249,"Drei Schneemänner im Schnee",0,0,0,0,0,0,0,0,0,0,0,0,0,0,0,0,0,0,0,0,0,0,0,0
5526,4021,15,0,61411,249,"Was man für Gil nicht kaufen kann",0,0,0,0,0,0,0,0,0,0,0,0,0,0,0,0,0,0,0,0,0,0,0,0
5527,4022,15,0,61411,249,"Das Sternenlichtwunder",0,0,0,0,0,0,0,0,0,0,0,0,0,0,0,0,0,0,0,0,0,0,0,0
5528,4468,15,0,61411,249,"Sternenlichtfest mit einem Yeti",0,0,0,0,0,0,0,0,0,0,0,0,0,0,0,0,0,0,0,0,0,0,0,0
5529,4469,15,0,61411,249,"Schneebälle zum Sternenlichtfest",0,0,0,0,0,0,0,0,0,0,0,0,0,0,0,0,0,0,0,0,0,0,0,0
5530,4470,15,0,61413,249,"Spaziergang im Sternenlicht",0,0,0,0,0,0,0,0,0,0,0,0,0,0,0,0,0,0,0,0,0,0,0,0
5531,4658,15,0,61411,249,"Rentierruhm",0,0,0,0,0,0,0,0,0,0,0,0,0,0,0,0,0,0,0,0,0,0,0,0
5532,4659,15,0,61411,249,"Der Geist des Sternenlichtfests",0,0,0,0,0,0,0,0,0,0,0,0,0,0,0,0,0,0,0,0,0,0,0,0
5533,4781,15,0,61411,249,"Sternenlichtfest in Einsamkeit",0,0,0,0,0,0,0,0,0,0,0,0,0,0,0,0,0,0,0,0,0,0,0,0
5534,4782,15,0,61411,249,"Das größte Geschenk",0,0,0,0,0,0,0,0,0,0,0,0,0,0,0,0,0,0,0,0,0,0,0,0
5535,4783,15,0,61413,249,"Arbeit als Aushilfshelferlein",0,0,0,0,0,0,0,0,0,0,0,0,0,0,0,0,0,0,0,0,0,0,0,0
5536,5227,15,0,61411,249,"Eine neue Sternenlichtfest-Attraktion",0,0,0,0,0,0,0,0,0,0,0,0,0,0,0,0,0,0,0,0,0,0,0,0
5537,5228,15,0,61411,249,"Wärme und Freude verbreiten",0,0,0,0,0,0,0,0,0,0,0,0,0,0,0,0,0,0,0,0,0,0,0,0
5538,5231,15,0,61411,249,"Ausschank zum Sternenlichtfest",0,0,0,0,0,0,0,0,0,0,0,0,0,0,0,0,0,0,0,0,0,0,0,0
5539,5464,15,0,61411,249,"星芒祭と友だちのためのソリ",0,0,0,0,0,0,0,0,0,0,0,0,0,0,0,0,0,0,0,0,0,0,0,0
5540,5465,15,0,61411,249,"星芒祭と子どものためのベル",0,0,0,0,0,0,0,0,0,0,0,0,0,0,0,0,0,0,0,0,0,0,0,0
5541,1578,1,0,61411,251,"Ein Bund fürs Leben",0,0,0,0,0,0,0,0,0,0,0,0,0,0,0,0,0,0,0,0,0,0,0,0
5542,1153,12,0,61411,252,"Die rätselhafte Kriegerin",0,0,0,0,0,0,0,0,0,0,0,0,0,0,0,0,0,0,0,0,0,0,0,0
5543,1154,26,0,61411,252,"Aus fernen Landen",0,0,0,0,0,0,0,0,0,0,0,0,0,0,0,0,0,0,0,0,0,0,0,0
5544,1155,38,0,61411,252,"Anmutiges Schwert",393,0,0,0,0,0,0,0,0,0,0,0,0,0,0,0,0,0,0,0,0,0,0,0
5545,1156,45,0,61411,252,"Wie der Blitz",394,0,0,0,0,0,0,0,0,0,0,0,0,0,0,0,0,0,0,0,0,0,0,0
5546,1287,10,0,61411,252,"Der schwarze Dämon",416,0,0,0,0,0,0,0,0,0,0,0,0,0,0,0,0,0,0,0,0,0,0,0
5547,1288,7,0,61411,252,"Harte Steine und weiche Birnen",417,0,0,0,0,0,0,0,0,0,0,0,0,0,0,0,0,0,0,0,0,0,0,0
5548,2206,30,0,61411,252,"Rhapsodie Vana'diel",1090,1091,1092,1093,0,0,0,0,0,0,0,0,0,0,0,0,0,0,0,0,0,0,0,0
5549,2141,15,0,61411,252,"Die Yo-kai sind los!",1234,0,0,0,0,0,0,0,0,0,0,0,0,0,0,0,0,0,0,0,0,0,0,0
5550,1554,70,0,61419,252,"Jagd auf den König der Lüfte",1782,1783,1784,0,0,0,0,0,0,0,0,0,0,0,0,0,0,0,0,0,0,0,0,0
5551,1555,70,0,61419,252,"Der König der Lüfte kehrt zurück",0,0,0,0,0,0,0,0,0,0,0,0,0,0,0,0,0,0,0,0,0,0,0,0
5552,3158,50,0,61411,252,"Schicke Schubkarre",1914,0,0,0,0,0,0,0,0,0,0,0,0,0,0,0,0,0,0,0,0,0,0,0
5553,3159,50,0,61411,252,"Der siechende Wald",1915,0,0,0,0,0,0,0,0,0,0,0,0,0,0,0,0,0,0,0,0,0,0,0
5554,3160,50,0,61411,252,"Durch den Sturm und zurück",1916,1917,0,0,0,0,0,0,0,0,0,0,0,0,0,0,0,0,0,0,0,0,0,0
5555,4796,50,0,61411,252,"Auf lodernder Erde",3237,0,0,0,0,0,0,0,0,0,0,0,0,0,0,0,0,0,0,0,0,0,0,0
5556,4797,50,0,61411,252,"Nebel der Erinnerung",3238,0,0,0,0,0,0,0,0,0,0,0,0,0,0,0,0,0,0,0,0,0,0,0
5557,4798,50,0,61411,252,"Der Pfad der Flammen",3239,3240,3241,3242,0,0,0,0,0,0,0,0,0,0,0,0,0,0,0,0,0,0,0,0
5558,5374,100,0,61419,252,"Der Weiße Besucher",3760,3706,3761,3762,3763,0,0,0,0,0,0,0,0,0,0,0,0,0,0,0,0,0,0,0
5559,4801,15,0,61419,252,"Gut gestolpert ist halb gewonnen",3264,0,0,0,0,0,0,0,0,0,0,0,0,0,0,0,0,0,0,0,0,0,0,0
5560,0,0,0,0,0,"",0,0,0,0,0,0,0,0,0,0,0,0,0,0,0,0,0,0,0,0,0,0,0,0
5561,6,1,0,62501,17,"リーヴテスト06",0,0,0,0,0,0,0,0,0,0,0,0,0,0,0,0,0,0,0,0,0,0,0,0
5562,7,1,0,62501,17,"リーヴテスト07",0,0,0,0,0,0,0,0,0,0,0,0,0,0,0,0,0,0,0,0,0,0,0,0
5563,8,1,0,62501,17,"リーヴテスト08",0,0,0,0,0,0,0,0,0,0,0,0,0,0,0,0,0,0,0,0,0,0,0,0
5564,9,1,0,62501,17,"リーヴテスト09",0,0,0,0,0,0,0,0,0,0,0,0,0,0,0,0,0,0,0,0,0,0,0,0
5565,10,1,0,62501,17,"リーヴテスト10",0,0,0,0,0,0,0,0,0,0,0,0,0,0,0,0,0,0,0,0,0,0,0,0
5566,11,1,0,62501,17,"リーヴテスト11",0,0,0,0,0,0,0,0,0,0,0,0,0,0,0,0,0,0,0,0,0,0,0,0
5567,12,1,0,62501,17,"リーヴテスト12",0,0,0,0,0,0,0,0,0,0,0,0,0,0,0,0,0,0,0,0,0,0,0,0
5568,13,1,0,62501,17,"リーヴテスト13",0,0,0,0,0,0,0,0,0,0,0,0,0,0,0,0,0,0,0,0,0,0,0,0
5569,14,1,0,62501,17,"リーヴテスト14",0,0,0,0,0,0,0,0,0,0,0,0,0,0,0,0,0,0,0,0,0,0,0,0
5570,15,1,0,62501,17,"リーヴテスト15",0,0,0,0,0,0,0,0,0,0,0,0,0,0,0,0,0,0,0,0,0,0,0,0
5571,501,1,0,62501,54,"Durstige Bestien",0,0,0,0,0,0,0,0,0,0,0,0,0,0,0,0,0,0,0,0,0,0,0,0
5572,502,1,0,62501,54,"Giftresistenz",0,0,0,0,0,0,0,0,0,0,0,0,0,0,0,0,0,0,0,0,0,0,0,0
5573,503,1,0,62501,54,"Grünzähren soll grüner werden",0,0,0,0,0,0,0,0,0,0,0,0,0,0,0,0,0,0,0,0,0,0,0,0
5574,504,1,0,62501,54,"Glückskäfer",0,0,0,0,0,0,0,0,0,0,0,0,0,0,0,0,0,0,0,0,0,0,0,0
5575,505,1,0,62501,54,"Die Nussknacker-Bande",0,0,0,0,0,0,0,0,0,0,0,0,0,0,0,0,0,0,0,0,0,0,0,0
5576,506,1,0,62501,54,"Spießrutenlauf",0,0,0,0,0,0,0,0,0,0,0,0,0,0,0,0,0,0,0,0,0,0,0,0
5577,507,1,0,62501,31,"Ansteckende Marienkäfer",0,0,0,0,0,0,0,0,0,0,0,0,0,0,0,0,0,0,0,0,0,0,0,0
5578,508,1,0,62501,31,"Salzige Gefahr",0,0,0,0,0,0,0,0,0,0,0,0,0,0,0,0,0,0,0,0,0,0,0,0
5579,509,1,0,62501,31,"Todfeind aller Bauern",0,0,0,0,0,0,0,0,0,0,0,0,0,0,0,0,0,0,0,0,0,0,0,0
5580,510,1,0,62501,31,"Für sichere Wege",0,0,0,0,0,0,0,0,0,0,0,0,0,0,0,0,0,0,0,0,0,0,0,0
5581,511,1,0,62501,31,"Flüchtige Schafe",0,0,0,0,0,0,0,0,0,0,0,0,0,0,0,0,0,0,0,0,0,0,0,0
5582,512,1,0,62501,31,"Gefräßige Puks",0,0,0,0,0,0,0,0,0,0,0,0,0,0,0,0,0,0,0,0,0,0,0,0
5583,513,1,0,62501,42,"Finger weg",0,0,0,0,0,0,0,0,0,0,0,0,0,0,0,0,0,0,0,0,0,0,0,0
5584,514,1,0,62501,42,"Der letzte Schrei",0,0,0,0,0,0,0,0,0,0,0,0,0,0,0,0,0,0,0,0,0,0,0,0
5585,515,1,0,62501,42,"Heimtückische Stolperfallen",0,0,0,0,0,0,0,0,0,0,0,0,0,0,0,0,0,0,0,0,0,0,0,0
5586,516,1,0,62501,42,"Hoher Besuch",0,0,0,0,0,0,0,0,0,0,0,0,0,0,0,0,0,0,0,0,0,0,0,0
5587,517,1,0,62501,42,"Täglich grüßt das Murmelhörnchen",0,0,0,0,0,0,0,0,0,0,0,0,0,0,0,0,0,0,0,0,0,0,0,0
5588,518,1,0,62501,42,"Kistenweise Kisten",0,0,0,0,0,0,0,0,0,0,0,0,0,0,0,0,0,0,0,0,0,0,0,0
5589,877,1,0,62501,54,"リーヴテスト23",0,0,0,0,0,0,0,0,0,0,0,0,0,0,0,0,0,0,0,0,0,0,0,0
5590,519,5,0,62501,54,"Förster in Not",0,0,0,0,0,0,0,0,0,0,0,0,0,0,0,0,0,0,0,0,0,0,0,0
5591,520,5,0,62501,54,"Reißfeste Ranken",0,0,0,0,0,0,0,0,0,0,0,0,0,0,0,0,0,0,0,0,0,0,0,0
5592,521,5,0,62501,54,"Das Flussmonster",0,0,0,0,0,0,0,0,0,0,0,0,0,0,0,0,0,0,0,0,0,0,0,0
5593,522,5,0,62501,54,"Biologische Kettenreaktion",0,0,0,0,0,0,0,0,0,0,0,0,0,0,0,0,0,0,0,0,0,0,0,0
5594,523,5,0,62501,54,"Raptorendressur",0,0,0,0,0,0,0,0,0,0,0,0,0,0,0,0,0,0,0,0,0,0,0,0
5595,524,5,0,62501,54,"Dünger oder Leben",0,0,0,0,0,0,0,0,0,0,0,0,0,0,0,0,0,0,0,0,0,0,0,0
5596,525,5,0,62501,31,"Tierische Mörder",0,0,0,0,0,0,0,0,0,0,0,0,0,0,0,0,0,0,0,0,0,0,0,0
5597,526,5,0,62501,31,"Ein windiger Auftrag",0,0,0,0,0,0,0,0,0,0,0,0,0,0,0,0,0,0,0,0,0,0,0,0
5598,527,5,0,62501,31,"Niedliche Nährstoffdiebe",0,0,0,0,0,0,0,0,0,0,0,0,0,0,0,0,0,0,0,0,0,0,0,0
5599,528,5,0,62501,31,"Lästige Nager",0,0,0,0,0,0,0,0,0,0,0,0,0,0,0,0,0,0,0,0,0,0,0,0
5600,529,5,0,62501,31,"Sprossen gegen alles",0,0,0,0,0,0,0,0,0,0,0,0,0,0,0,0,0,0,0,0,0,0,0,0
5601,530,5,0,62501,31,"Pralle Reben",0,0,0,0,0,0,0,0,0,0,0,0,0,0,0,0,0,0,0,0,0,0,0,0
5602,531,5,0,62501,42,"Mit Geduld und Spucke",0,0,0,0,0,0,0,0,0,0,0,0,0,0,0,0,0,0,0,0,0,0,0,0
5603,532,5,0,62501,42,"Eisenmangel",0,0,0,0,0,0,0,0,0,0,0,0,0,0,0,0,0,0,0,0,0,0,0,0
5604,533,5,0,62501,42,"Kleine Sticheleien",0,0,0,0,0,0,0,0,0,0,0,0,0,0,0,0,0,0,0,0,0,0,0,0
5605,534,5,0,62501,42,"Staatsbesuch",0,0,0,0,0,0,0,0,0,0,0,0,0,0,0,0,0,0,0,0,0,0,0,0
5606,535,5,0,62501,42,"Giftige Forschung",0,0,0,0,0,0,0,0,0,0,0,0,0,0,0,0,0,0,0,0,0,0,0,0
5607,536,5,0,62501,42,"Versteckte Klunker",0,0,0,0,0,0,0,0,0,0,0,0,0,0,0,0,0,0,0,0,0,0,0,0
5608,537,10,0,62501,54,"Futterneid",0,0,0,0,0,0,0,0,0,0,0,0,0,0,0,0,0,0,0,0,0,0,0,0
5609,538,10,0,62501,54,"Mückenplage",0,0,0,0,0,0,0,0,0,0,0,0,0,0,0,0,0,0,0,0,0,0,0,0
5610,539,10,0,62501,54,"Seuchenbekämpfung",0,0,0,0,0,0,0,0,0,0,0,0,0,0,0,0,0,0,0,0,0,0,0,0
5611,540,10,0,62501,54,"Chocobo-Schreck",0,0,0,0,0,0,0,0,0,0,0,0,0,0,0,0,0,0,0,0,0,0,0,0
5612,541,10,0,62501,54,"Leichenbestatter",0,0,0,0,0,0,0,0,0,0,0,0,0,0,0,0,0,0,0,0,0,0,0,0
5613,542,10,0,62501,54,"Wildfleisch",0,0,0,0,0,0,0,0,0,0,0,0,0,0,0,0,0,0,0,0,0,0,0,0
5614,543,10,0,62501,54,"Rösling auf der Heiden",0,0,0,0,0,0,0,0,0,0,0,0,0,0,0,0,0,0,0,0,0,0,0,0
5615,544,10,0,62501,54,"Milbenterror",0,0,0,0,0,0,0,0,0,0,0,0,0,0,0,0,0,0,0,0,0,0,0,0
5616,545,10,0,62501,54,"Pilzbeschau",0,0,0,0,0,0,0,0,0,0,0,0,0,0,0,0,0,0,0,0,0,0,0,0
5617,546,10,0,62501,54,"Geschuppte Gefahr",0,0,0,0,0,0,0,0,0,0,0,0,0,0,0,0,0,0,0,0,0,0,0,0
5618,547,10,0,62501,33,"Ein hartnäckiges Rudel",0,0,0,0,0,0,0,0,0,0,0,0,0,0,0,0,0,0,0,0,0,0,0,0
5619,548,10,0,62501,33,"Geschocktes Fischfilet",0,0,0,0,0,0,0,0,0,0,0,0,0,0,0,0,0,0,0,0,0,0,0,0
5620,549,10,0,62501,33,"Ein tolldreistes Rudel",0,0,0,0,0,0,0,0,0,0,0,0,0,0,0,0,0,0,0,0,0,0,0,0
5621,550,10,0,62501,33,"Schockierende Spaßvögel",0,0,0,0,0,0,0,0,0,0,0,0,0,0,0,0,0,0,0,0,0,0,0,0
5622,551,10,0,62501,33,"Straßenpatrouille",0,0,0,0,0,0,0,0,0,0,0,0,0,0,0,0,0,0,0,0,0,0,0,0
5623,552,10,0,62501,33,"Schakaldressur",0,0,0,0,0,0,0,0,0,0,0,0,0,0,0,0,0,0,0,0,0,0,0,0
5624,553,10,0,62501,33,"Dodos an Bord",0,0,0,0,0,0,0,0,0,0,0,0,0,0,0,0,0,0,0,0,0,0,0,0
5625,554,10,0,62501,33,"Auch ein blindes Huhn",0,0,0,0,0,0,0,0,0,0,0,0,0,0,0,0,0,0,0,0,0,0,0,0
5626,555,10,0,62501,33,"Dodo-Eier aus Bodenhaltung",0,0,0,0,0,0,0,0,0,0,0,0,0,0,0,0,0,0,0,0,0,0,0,0
5627,556,10,0,62501,33,"Gefräßige Riesenkrabben",0,0,0,0,0,0,0,0,0,0,0,0,0,0,0,0,0,0,0,0,0,0,0,0
5628,557,10,0,62501,42,"Reinemachen",0,0,0,0,0,0,0,0,0,0,0,0,0,0,0,0,0,0,0,0,0,0,0,0
5629,558,10,0,62501,42,"Häute Ul'dah, morgen die Welt",0,0,0,0,0,0,0,0,0,0,0,0,0,0,0,0,0,0,0,0,0,0,0,0
5630,559,10,0,62501,42,"Hau den Schnabel!",0,0,0,0,0,0,0,0,0,0,0,0,0,0,0,0,0,0,0,0,0,0,0,0
5631,560,10,0,62501,42,"Mit Besessenheit spielt man nicht",0,0,0,0,0,0,0,0,0,0,0,0,0,0,0,0,0,0,0,0,0,0,0,0
5632,561,10,0,62501,42,"Ein Akt der Gnade",0,0,0,0,0,0,0,0,0,0,0,0,0,0,0,0,0,0,0,0,0,0,0,0
5633,562,10,0,62501,42,"Ein explosiver Vorschlag",0,0,0,0,0,0,0,0,0,0,0,0,0,0,0,0,0,0,0,0,0,0,0,0
5634,563,10,0,62501,42,"Im Namen des Fortschritts",0,0,0,0,0,0,0,0,0,0,0,0,0,0,0,0,0,0,0,0,0,0,0,0
5635,564,10,0,62501,42,"Peiste sind eine Pest",0,0,0,0,0,0,0,0,0,0,0,0,0,0,0,0,0,0,0,0,0,0,0,0
5636,565,10,0,62501,42,"Tonscherben für die Forscher",0,0,0,0,0,0,0,0,0,0,0,0,0,0,0,0,0,0,0,0,0,0,0,0
5637,566,10,0,62501,42,"Lalafell sind keine Zwischenmahlzeit",0,0,0,0,0,0,0,0,0,0,0,0,0,0,0,0,0,0,0,0,0,0,0,0
5638,567,15,0,62501,55,"Affentheater",0,0,0,0,0,0,0,0,0,0,0,0,0,0,0,0,0,0,0,0,0,0,0,0
5639,568,15,0,62501,55,"Süß wie Honig",0,0,0,0,0,0,0,0,0,0,0,0,0,0,0,0,0,0,0,0,0,0,0,0
5640,569,15,0,62501,55,"Wie von der Schnake gestochen",0,0,0,0,0,0,0,0,0,0,0,0,0,0,0,0,0,0,0,0,0,0,0,0
5641,570,15,0,62501,55,"Blutende Pflanzen",0,0,0,0,0,0,0,0,0,0,0,0,0,0,0,0,0,0,0,0,0,0,0,0
5642,571,15,0,62501,55,"Pilzragout",0,0,0,0,0,0,0,0,0,0,0,0,0,0,0,0,0,0,0,0,0,0,0,0
5643,572,15,0,62501,55,"Ein ungewöhnlicher Gast",0,0,0,0,0,0,0,0,0,0,0,0,0,0,0,0,0,0,0,0,0,0,0,0
5644,573,15,0,62501,55,"Geleitschutz",0,0,0,0,0,0,0,0,0,0,0,0,0,0,0,0,0,0,0,0,0,0,0,0
5645,574,15,0,62501,33,"Stampede",0,0,0,0,0,0,0,0,0,0,0,0,0,0,0,0,0,0,0,0,0,0,0,0
5646,575,15,0,62501,33,"Imps ahoi!",0,0,0,0,0,0,0,0,0,0,0,0,0,0,0,0,0,0,0,0,0,0,0,0
5647,576,15,0,62501,33,"Verbrechen lohnt nicht",0,0,0,0,0,0,0,0,0,0,0,0,0,0,0,0,0,0,0,0,0,0,0,0
5648,577,15,0,62501,33,"Billige Hilfskräfte",0,0,0,0,0,0,0,0,0,0,0,0,0,0,0,0,0,0,0,0,0,0,0,0
5649,578,15,0,62501,33,"Ausführliche Kostprobe",0,0,0,0,0,0,0,0,0,0,0,0,0,0,0,0,0,0,0,0,0,0,0,0
5650,579,15,0,62501,33,"Bier ist alle",0,0,0,0,0,0,0,0,0,0,0,0,0,0,0,0,0,0,0,0,0,0,0,0
5651,580,15,0,62501,33,"Böse Piraten!",0,0,0,0,0,0,0,0,0,0,0,0,0,0,0,0,0,0,0,0,0,0,0,0
5652,581,15,0,62501,44,"Doppelt tot hält besser",0,0,0,0,0,0,0,0,0,0,0,0,0,0,0,0,0,0,0,0,0,0,0,0
5653,582,15,0,62501,44,"Es liegt was in der Luft",0,0,0,0,0,0,0,0,0,0,0,0,0,0,0,0,0,0,0,0,0,0,0,0
5654,583,15,0,62501,44,"Neckische Imps",0,0,0,0,0,0,0,0,0,0,0,0,0,0,0,0,0,0,0,0,0,0,0,0
5655,584,15,0,62501,44,"Ruhet in Unfrieden",0,0,0,0,0,0,0,0,0,0,0,0,0,0,0,0,0,0,0,0,0,0,0,0
5656,585,15,0,62501,44,"Bockige Steinböcke",0,0,0,0,0,0,0,0,0,0,0,0,0,0,0,0,0,0,0,0,0,0,0,0
5657,586,15,0,62501,44,"Denaturierte Erde",0,0,0,0,0,0,0,0,0,0,0,0,0,0,0,0,0,0,0,0,0,0,0,0
5658,587,15,0,62501,44,"Zeit ist Geld",0,0,0,0,0,0,0,0,0,0,0,0,0,0,0,0,0,0,0,0,0,0,0,0
5659,588,15,0,62501,44,"Ein höflicher Rausschmiss",0,0,0,0,0,0,0,0,0,0,0,0,0,0,0,0,0,0,0,0,0,0,0,0
5660,589,20,0,62501,56,"Wespenplage",0,0,0,0,0,0,0,0,0,0,0,0,0,0,0,0,0,0,0,0,0,0,0,0
5661,590,20,0,62501,56,"Gute Medizin ist ... klebrig",0,0,0,0,0,0,0,0,0,0,0,0,0,0,0,0,0,0,0,0,0,0,0,0
5662,591,20,0,62501,56,"Wiederbeschaffung",0,0,0,0,0,0,0,0,0,0,0,0,0,0,0,0,0,0,0,0,0,0,0,0
5663,592,20,0,62501,56,"Natürliche Feinde der Natur",0,0,0,0,0,0,0,0,0,0,0,0,0,0,0,0,0,0,0,0,0,0,0,0
5664,593,20,0,62501,56,"Flüchtlingsschutz",0,0,0,0,0,0,0,0,0,0,0,0,0,0,0,0,0,0,0,0,0,0,0,0
5665,594,20,0,62501,56,"In die Falle getappt",0,0,0,0,0,0,0,0,0,0,0,0,0,0,0,0,0,0,0,0,0,0,0,0
5666,595,20,0,62501,56,"Mogry-Leibwache",0,0,0,0,0,0,0,0,0,0,0,0,0,0,0,0,0,0,0,0,0,0,0,0
5667,596,20,0,62501,56,"Die Baumschrat-Taktik",0,0,0,0,0,0,0,0,0,0,0,0,0,0,0,0,0,0,0,0,0,0,0,0
5668,597,20,0,62501,31,"Gefährliche Geflügelzucht",0,0,0,0,0,0,0,0,0,0,0,0,0,0,0,0,0,0,0,0,0,0,0,0
5669,598,20,0,62501,31,"Mörderische Krabben",0,0,0,0,0,0,0,0,0,0,0,0,0,0,0,0,0,0,0,0,0,0,0,0
5670,599,20,0,62501,31,"Vorsicht vor dem Coeurl",0,0,0,0,0,0,0,0,0,0,0,0,0,0,0,0,0,0,0,0,0,0,0,0
5671,600,20,0,62501,31,"Eierdiebe",0,0,0,0,0,0,0,0,0,0,0,0,0,0,0,0,0,0,0,0,0,0,0,0
5672,601,20,0,62501,31,"Salz, Salz, Baby",0,0,0,0,0,0,0,0,0,0,0,0,0,0,0,0,0,0,0,0,0,0,0,0
5673,602,20,0,62501,31,"Hart aber erzlich",0,0,0,0,0,0,0,0,0,0,0,0,0,0,0,0,0,0,0,0,0,0,0,0
5674,603,20,0,62501,31,"Mörderische Mörderkrabben",0,0,0,0,0,0,0,0,0,0,0,0,0,0,0,0,0,0,0,0,0,0,0,0
5675,604,25,0,62501,56,"Flüchtlingshilfe",0,0,0,0,0,0,0,0,0,0,0,0,0,0,0,0,0,0,0,0,0,0,0,0
5676,605,25,0,62501,56,"Wölfe im Wolfspelz",0,0,0,0,0,0,0,0,0,0,0,0,0,0,0,0,0,0,0,0,0,0,0,0
5677,606,25,0,62501,56,"Nekrolog: Das verbotene Buch",0,0,0,0,0,0,0,0,0,0,0,0,0,0,0,0,0,0,0,0,0,0,0,0
5678,607,25,0,62501,56,"Revidierte Schriften",0,0,0,0,0,0,0,0,0,0,0,0,0,0,0,0,0,0,0,0,0,0,0,0
5679,608,25,0,62501,56,"Hausarrest",0,0,0,0,0,0,0,0,0,0,0,0,0,0,0,0,0,0,0,0,0,0,0,0
5680,609,25,0,62501,56,"Ein Herz für Tiere",0,0,0,0,0,0,0,0,0,0,0,0,0,0,0,0,0,0,0,0,0,0,0,0
5681,610,25,0,62501,56,"Nekrolog: Zeuge des Wahnsinns",0,0,0,0,0,0,0,0,0,0,0,0,0,0,0,0,0,0,0,0,0,0,0,0
5682,611,25,0,62501,45,"Die herrenlose Leibwache",0,0,0,0,0,0,0,0,0,0,0,0,0,0,0,0,0,0,0,0,0,0,0,0
5683,612,25,0,62501,45,"Die Imps gehen zu weit",0,0,0,0,0,0,0,0,0,0,0,0,0,0,0,0,0,0,0,0,0,0,0,0
5684,613,25,0,62501,45,"Nekrolog: Seite für Seite",0,0,0,0,0,0,0,0,0,0,0,0,0,0,0,0,0,0,0,0,0,0,0,0
5685,614,25,0,62501,45,"Flower Power",0,0,0,0,0,0,0,0,0,0,0,0,0,0,0,0,0,0,0,0,0,0,0,0
5686,615,25,0,62501,45,"Der Ausreißer",0,0,0,0,0,0,0,0,0,0,0,0,0,0,0,0,0,0,0,0,0,0,0,0
5687,616,25,0,62501,45,"Nekrolog: Vodorigas Ankunft",0,0,0,0,0,0,0,0,0,0,0,0,0,0,0,0,0,0,0,0,0,0,0,0
5688,617,30,0,62501,56,"Soldatenschmaus",0,0,0,0,0,0,0,0,0,0,0,0,0,0,0,0,0,0,0,0,0,0,0,0
5689,618,30,0,62501,56,"Schwarzmarkt-Razzia",0,0,0,0,0,0,0,0,0,0,0,0,0,0,0,0,0,0,0,0,0,0,0,0
5690,619,30,0,62501,56,"Nekrolog: Vom Winde verweht",0,0,0,0,0,0,0,0,0,0,0,0,0,0,0,0,0,0,0,0,0,0,0,0
5691,620,30,0,62501,56,"Rieseneieromelett",0,0,0,0,0,0,0,0,0,0,0,0,0,0,0,0,0,0,0,0,0,0,0,0
5692,621,30,0,62501,56,"Goblin-Geleitschutz",0,0,0,0,0,0,0,0,0,0,0,0,0,0,0,0,0,0,0,0,0,0,0,0
5693,622,30,0,62501,56,"Gewilderte Felle",0,0,0,0,0,0,0,0,0,0,0,0,0,0,0,0,0,0,0,0,0,0,0,0
5694,623,30,0,62501,32,"Ein Platz an der Sonnenküste",0,0,0,0,0,0,0,0,0,0,0,0,0,0,0,0,0,0,0,0,0,0,0,0
5695,624,30,0,62501,32,"Ruhestörung",0,0,0,0,0,0,0,0,0,0,0,0,0,0,0,0,0,0,0,0,0,0,0,0
5696,625,30,0,62501,32,"Nekrolog: Restlose Zerstörung",0,0,0,0,0,0,0,0,0,0,0,0,0,0,0,0,0,0,0,0,0,0,0,0
5697,626,30,0,62501,32,"Vogelfrei",0,0,0,0,0,0,0,0,0,0,0,0,0,0,0,0,0,0,0,0,0,0,0,0
5698,627,30,0,62501,32,"Hochprozentiges Strandgut",0,0,0,0,0,0,0,0,0,0,0,0,0,0,0,0,0,0,0,0,0,0,0,0
5699,628,30,0,62501,32,"Ein Herz für Büffel",0,0,0,0,0,0,0,0,0,0,0,0,0,0,0,0,0,0,0,0,0,0,0,0
5700,629,30,0,62501,32,"Ach du liebe Güte!",0,0,0,0,0,0,0,0,0,0,0,0,0,0,0,0,0,0,0,0,0,0,0,0
5701,630,35,0,62501,32,"Traue niemandem",0,0,0,0,0,0,0,0,0,0,0,0,0,0,0,0,0,0,0,0,0,0,0,0
5702,631,35,0,62501,32,"Durstige Imps",0,0,0,0,0,0,0,0,0,0,0,0,0,0,0,0,0,0,0,0,0,0,0,0
5703,632,35,0,62501,32,"Nekrolog: Kultische Goblins",0,0,0,0,0,0,0,0,0,0,0,0,0,0,0,0,0,0,0,0,0,0,0,0
5704,633,35,0,62501,32,"Ungestüme Büffel",0,0,0,0,0,0,0,0,0,0,0,0,0,0,0,0,0,0,0,0,0,0,0,0
5705,634,35,0,62501,32,"Wundersamer Wunderwein",0,0,0,0,0,0,0,0,0,0,0,0,0,0,0,0,0,0,0,0,0,0,0,0
5706,635,35,0,62501,32,"Den Letzten fressen die Goobbue",0,0,0,0,0,0,0,0,0,0,0,0,0,0,0,0,0,0,0,0,0,0,0,0
5707,636,35,0,62501,63,"Auf Wolfsjagd",0,0,0,0,0,0,0,0,0,0,0,0,0,0,0,0,0,0,0,0,0,0,0,0
5708,637,35,0,62501,63,"Goobbue im Schnee",0,0,0,0,0,0,0,0,0,0,0,0,0,0,0,0,0,0,0,0,0,0,0,0
5709,638,35,0,62501,63,"Der Wind ist schuld",0,0,0,0,0,0,0,0,0,0,0,0,0,0,0,0,0,0,0,0,0,0,0,0
5710,639,35,0,62501,63,"Hirtenfresser",0,0,0,0,0,0,0,0,0,0,0,0,0,0,0,0,0,0,0,0,0,0,0,0
5711,640,35,0,62501,63,"Das verschwundene Schaf",0,0,0,0,0,0,0,0,0,0,0,0,0,0,0,0,0,0,0,0,0,0,0,0
5712,641,35,0,62501,63,"Bodenprobe",0,0,0,0,0,0,0,0,0,0,0,0,0,0,0,0,0,0,0,0,0,0,0,0
5713,642,35,0,62501,63,"Drachenköder",0,0,0,0,0,0,0,0,0,0,0,0,0,0,0,0,0,0,0,0,0,0,0,0
5714,643,40,0,62501,46,"Zu billig geht nicht",0,0,0,0,0,0,0,0,0,0,0,0,0,0,0,0,0,0,0,0,0,0,0,0
5715,644,40,0,62501,46,"Verschwundene Seiten",0,0,0,0,0,0,0,0,0,0,0,0,0,0,0,0,0,0,0,0,0,0,0,0
5716,645,40,0,62501,46,"Streckensicherung",0,0,0,0,0,0,0,0,0,0,0,0,0,0,0,0,0,0,0,0,0,0,0,0
5717,646,40,0,62501,46,"Patrouillengang",0,0,0,0,0,0,0,0,0,0,0,0,0,0,0,0,0,0,0,0,0,0,0,0
5718,647,40,0,62501,46,"Bei Fuß!",0,0,0,0,0,0,0,0,0,0,0,0,0,0,0,0,0,0,0,0,0,0,0,0
5719,648,40,0,62501,46,"Sprengstoffexperte",0,0,0,0,0,0,0,0,0,0,0,0,0,0,0,0,0,0,0,0,0,0,0,0
5720,649,40,0,62501,63,"Keine Manieren",0,0,0,0,0,0,0,0,0,0,0,0,0,0,0,0,0,0,0,0,0,0,0,0
5721,650,40,0,62501,63,"Komisches Gefühl im Bauch",0,0,0,0,0,0,0,0,0,0,0,0,0,0,0,0,0,0,0,0,0,0,0,0
5722,651,40,0,62501,63,"Drachentöter",0,0,0,0,0,0,0,0,0,0,0,0,0,0,0,0,0,0,0,0,0,0,0,0
5723,652,40,0,62501,63,"Spiel auf Leben und Tod",0,0,0,0,0,0,0,0,0,0,0,0,0,0,0,0,0,0,0,0,0,0,0,0
5724,653,40,0,62501,63,"Neue Monster braucht das Land",0,0,0,0,0,0,0,0,0,0,0,0,0,0,0,0,0,0,0,0,0,0,0,0
5725,654,40,0,62501,63,"Haustier entlaufen",0,0,0,0,0,0,0,0,0,0,0,0,0,0,0,0,0,0,0,0,0,0,0,0
5726,655,40,0,62501,63,"Aufräumarbeiten",0,0,0,0,0,0,0,0,0,0,0,0,0,0,0,0,0,0,0,0,0,0,0,0
5727,656,45,0,62501,67,"Enttarnt!",0,0,0,0,0,0,0,0,0,0,0,0,0,0,0,0,0,0,0,0,0,0,0,0
5728,657,45,0,62501,67,"Wer suchet, der findet",0,0,0,0,0,0,0,0,0,0,0,0,0,0,0,0,0,0,0,0,0,0,0,0
5729,658,45,0,62501,67,"Versklavt",0,0,0,0,0,0,0,0,0,0,0,0,0,0,0,0,0,0,0,0,0,0,0,0
5730,659,45,0,62501,67,"Räuberische Begas",0,0,0,0,0,0,0,0,0,0,0,0,0,0,0,0,0,0,0,0,0,0,0,0
5731,660,45,0,62501,67,"Verschwunden oder vergessen",0,0,0,0,0,0,0,0,0,0,0,0,0,0,0,0,0,0,0,0,0,0,0,0
5732,661,45,0,62501,67,"Auf Krötenfang",0,0,0,0,0,0,0,0,0,0,0,0,0,0,0,0,0,0,0,0,0,0,0,0
5733,878,50,0,62501,2200,"Obstakel beim Wieder<hex:02160103>aufbau in Zweistrom",0,0,0,0,0,0,0,0,0,0,0,0,0,0,0,0,0,0,0,0,0,0,0,0
5734,879,50,0,62501,2200,"Geleitschutz für einen Yak",0,0,0,0,0,0,0,0,0,0,0,0,0,0,0,0,0,0,0,0,0,0,0,0
5735,880,50,0,62501,2200,"Nekrolog: Verstreute Schrift",0,0,0,0,0,0,0,0,0,0,0,0,0,0,0,0,0,0,0,0,0,0,0,0
5736,881,50,0,62501,2200,"Großfreibrief: Obstakel beim Wieder<hex:02160103>aufbau in Zweistrom",0,0,0,0,0,0,0,0,0,0,0,0,0,0,0,0,0,0,0,0,0,0,0,0
5737,882,50,0,62501,2200,"Großfreibrief: Geleitschutz für einen Yak",0,0,0,0,0,0,0,0,0,0,0,0,0,0,0,0,0,0,0,0,0,0,0,0
5738,883,50,0,62501,2200,"Großfreibrief Nekrolog: Verstreute Schrift",0,0,0,0,0,0,0,0,0,0,0,0,0,0,0,0,0,0,0,0,0,0,0,0
5739,16,52,0,62501,54,"リーヴテスト16",0,0,0,0,0,0,0,0,0,0,0,0,0,0,0,0,0,0,0,0,0,0,0,0
5740,17,52,0,62501,54,"リーヴテスト17",0,0,0,0,0,0,0,0,0,0,0,0,0,0,0,0,0,0,0,0,0,0,0,0
5741,884,52,0,62501,2000,"Haltet die Imps!",0,0,0,0,0,0,0,0,0,0,0,0,0,0,0,0,0,0,0,0,0,0,0,0
5742,885,52,0,62501,2000,"Kein Ritter ohne Chocobo",0,0,0,0,0,0,0,0,0,0,0,0,0,0,0,0,0,0,0,0,0,0,0,0
5743,886,52,0,62501,2000,"Gefiederte Fahnenflucht",0,0,0,0,0,0,0,0,0,0,0,0,0,0,0,0,0,0,0,0,0,0,0,0
5744,887,52,0,62501,2000,"Großfreibrief: Haltet die Imps!",0,0,0,0,0,0,0,0,0,0,0,0,0,0,0,0,0,0,0,0,0,0,0,0
5745,888,52,0,62501,2000,"Großfreibrief: Kein Ritter ohne Chocobo",0,0,0,0,0,0,0,0,0,0,0,0,0,0,0,0,0,0,0,0,0,0,0,0
5746,889,52,0,62501,2000,"Großfreibrief: Gefiederte Fahnenflucht",0,0,0,0,0,0,0,0,0,0,0,0,0,0,0,0,0,0,0,0,0,0,0,0
5747,18,54,0,62501,17,"リーヴテスト18",0,0,0,0,0,0,0,0,0,0,0,0,0,0,0,0,0,0,0,0,0,0,0,0
5748,19,54,0,62501,17,"リーヴテスト19",0,0,0,0,0,0,0,0,0,0,0,0,0,0,0,0,0,0,0,0,0,0,0,0
5749,890,54,0,62501,2002,"Sturmangriff auf die Drachen",0,0,0,0,0,0,0,0,0,0,0,0,0,0,0,0,0,0,0,0,0,0,0,0
5750,891,54,0,62501,2002,"Nachwuchsförderung",0,0,0,0,0,0,0,0,0,0,0,0,0,0,0,0,0,0,0,0,0,0,0,0
5751,892,54,0,62501,2002,"Puppenspieler",0,0,0,0,0,0,0,0,0,0,0,0,0,0,0,0,0,0,0,0,0,0,0,0
5752,893,54,0,62501,2002,"Großfreibrief: Sturmangriff auf die Drachen",0,0,0,0,0,0,0,0,0,0,0,0,0,0,0,0,0,0,0,0,0,0,0,0
5753,894,54,0,62501,2002,"Großfreibrief: Nachwuchsförderung",0,0,0,0,0,0,0,0,0,0,0,0,0,0,0,0,0,0,0,0,0,0,0,0
5754,895,54,0,62501,2002,"Großfreibrief: Puppenspieler",0,0,0,0,0,0,0,0,0,0,0,0,0,0,0,0,0,0,0,0,0,0,0,0
5755,20,56,0,62501,17,"リーヴテスト20",0,0,0,0,0,0,0,0,0,0,0,0,0,0,0,0,0,0,0,0,0,0,0,0
5756,896,56,0,62501,2100,"Schüchterne Karnivoren",0,0,0,0,0,0,0,0,0,0,0,0,0,0,0,0,0,0,0,0,0,0,0,0
5757,897,56,0,62501,2100,"Patrouillengang um Wolkenwipfel",0,0,0,0,0,0,0,0,0,0,0,0,0,0,0,0,0,0,0,0,0,0,0,0
5758,898,56,0,62501,2100,"Dünger für die Tempelritter",0,0,0,0,0,0,0,0,0,0,0,0,0,0,0,0,0,0,0,0,0,0,0,0
5759,899,56,0,62501,2100,"Großfreibrief: Schüchterne Karnivoren",0,0,0,0,0,0,0,0,0,0,0,0,0,0,0,0,0,0,0,0,0,0,0,0
5760,900,56,0,62501,2100,"Großfreibrief: Patrouillengang um Wolkenwipfel",0,0,0,0,0,0,0,0,0,0,0,0,0,0,0,0,0,0,0,0,0,0,0,0
5761,901,56,0,62501,2100,"Großfreibrief: Dünger für die Tempelritter",0,0,0,0,0,0,0,0,0,0,0,0,0,0,0,0,0,0,0,0,0,0,0,0
5762,902,58,0,62501,2001,"Knigge-Kurs für Goblins",0,0,0,0,0,0,0,0,0,0,0,0,0,0,0,0,0,0,0,0,0,0,0,0
5763,903,58,0,62501,2001,"Nekrolog: In alle Winde",0,0,0,0,0,0,0,0,0,0,0,0,0,0,0,0,0,0,0,0,0,0,0,0
5764,904,58,0,62501,2001,"Morbol-Dompteur",0,0,0,0,0,0,0,0,0,0,0,0,0,0,0,0,0,0,0,0,0,0,0,0
5765,905,58,0,62501,2001,"Großfreibrief: Knigge-Kurs für Goblins",0,0,0,0,0,0,0,0,0,0,0,0,0,0,0,0,0,0,0,0,0,0,0,0
5766,906,58,0,62501,2001,"Großfreibrief Nekrolog: In alle Winde",0,0,0,0,0,0,0,0,0,0,0,0,0,0,0,0,0,0,0,0,0,0,0,0
5767,907,58,0,62501,2001,"Großfreibrief: Morbol-Dompteur",0,0,0,0,0,0,0,0,0,0,0,0,0,0,0,0,0,0,0,0,0,0,0,0
5768,714,1,0,62510,42,"Die Mauer muss weg",0,0,0,0,0,0,0,0,0,0,0,0,0,0,0,0,0,0,0,0,0,0,0,0
5769,715,1,0,62510,42,"Ein ehrrettender Erdrutsch",0,0,0,0,0,0,0,0,0,0,0,0,0,0,0,0,0,0,0,0,0,0,0,0
5770,716,1,0,62510,42,"Weitsichtige Planung",0,0,0,0,0,0,0,0,0,0,0,0,0,0,0,0,0,0,0,0,0,0,0,0
5771,717,1,0,62510,42,"Kupfernotstand",0,0,0,0,0,0,0,0,0,0,0,0,0,0,0,0,0,0,0,0,0,0,0,0
5772,718,5,0,62510,42,"Der Schutt kann weg",0,0,0,0,0,0,0,0,0,0,0,0,0,0,0,0,0,0,0,0,0,0,0,0
5773,719,5,0,62510,42,"Der richtige Riecher",0,0,0,0,0,0,0,0,0,0,0,0,0,0,0,0,0,0,0,0,0,0,0,0
5774,720,5,0,62510,42,"Geheimtipp",0,0,0,0,0,0,0,0,0,0,0,0,0,0,0,0,0,0,0,0,0,0,0,0
5775,721,5,0,62510,42,"Kein Platz für Höhenangst",0,0,0,0,0,0,0,0,0,0,0,0,0,0,0,0,0,0,0,0,0,0,0,0
5776,722,10,0,62510,42,"Alte Steine",0,0,0,0,0,0,0,0,0,0,0,0,0,0,0,0,0,0,0,0,0,0,0,0
5777,723,10,0,62510,42,"Träume sind Schäume?",0,0,0,0,0,0,0,0,0,0,0,0,0,0,0,0,0,0,0,0,0,0,0,0
5778,724,10,0,62510,42,"Dünnhäuter",0,0,0,0,0,0,0,0,0,0,0,0,0,0,0,0,0,0,0,0,0,0,0,0
5779,725,10,0,62510,42,"Das hat sich gewaschen",0,0,0,0,0,0,0,0,0,0,0,0,0,0,0,0,0,0,0,0,0,0,0,0
5780,726,15,0,62510,44,"Ein brandheißer Tipp",0,0,0,0,0,0,0,0,0,0,0,0,0,0,0,0,0,0,0,0,0,0,0,0
5781,727,15,0,62510,44,"Powersteine",0,0,0,0,0,0,0,0,0,0,0,0,0,0,0,0,0,0,0,0,0,0,0,0
5782,728,15,0,62510,44,"Ruh in Frieden",0,0,0,0,0,0,0,0,0,0,0,0,0,0,0,0,0,0,0,0,0,0,0,0
5783,729,15,0,62510,44,"Eine verschüttete Stadt",0,0,0,0,0,0,0,0,0,0,0,0,0,0,0,0,0,0,0,0,0,0,0,0
5784,730,20,0,62510,56,"Goldrausch",0,0,0,0,0,0,0,0,0,0,0,0,0,0,0,0,0,0,0,0,0,0,0,0
5785,731,20,0,62510,56,"Spuk in den Ruinen",0,0,0,0,0,0,0,0,0,0,0,0,0,0,0,0,0,0,0,0,0,0,0,0
5786,732,20,0,62510,56,"Ein Heim für Dunkelalben",0,0,0,0,0,0,0,0,0,0,0,0,0,0,0,0,0,0,0,0,0,0,0,0
5787,733,20,0,62510,56,"Keine halben Sachen",0,0,0,0,0,0,0,0,0,0,0,0,0,0,0,0,0,0,0,0,0,0,0,0
5788,734,25,0,62510,56,"Schatzjagd",0,0,0,0,0,0,0,0,0,0,0,0,0,0,0,0,0,0,0,0,0,0,0,0
5789,735,25,0,62510,56,"Spitze Steine",0,0,0,0,0,0,0,0,0,0,0,0,0,0,0,0,0,0,0,0,0,0,0,0
5790,736,25,0,62510,56,"Kritzeleien",0,0,0,0,0,0,0,0,0,0,0,0,0,0,0,0,0,0,0,0,0,0,0,0
5791,737,25,0,62510,56,"Sichere Wege",0,0,0,0,0,0,0,0,0,0,0,0,0,0,0,0,0,0,0,0,0,0,0,0
5792,738,30,0,62510,32,"Seemannsgarn",0,0,0,0,0,0,0,0,0,0,0,0,0,0,0,0,0,0,0,0,0,0,0,0
5793,739,30,0,62510,32,"Nur das Beste",0,0,0,0,0,0,0,0,0,0,0,0,0,0,0,0,0,0,0,0,0,0,0,0
5794,740,30,0,62510,32,"Schuld haben immer die Kleinen",0,0,0,0,0,0,0,0,0,0,0,0,0,0,0,0,0,0,0,0,0,0,0,0
5795,741,30,0,62510,32,"Auster-Genuss",0,0,0,0,0,0,0,0,0,0,0,0,0,0,0,0,0,0,0,0,0,0,0,0
5796,742,35,0,62510,63,"Steine im Überfluss",0,0,0,0,0,0,0,0,0,0,0,0,0,0,0,0,0,0,0,0,0,0,0,0
5797,743,35,0,62510,63,"Hartgefroren",0,0,0,0,0,0,0,0,0,0,0,0,0,0,0,0,0,0,0,0,0,0,0,0
5798,744,35,0,62510,63,"Weit vorausschauend",0,0,0,0,0,0,0,0,0,0,0,0,0,0,0,0,0,0,0,0,0,0,0,0
5799,745,35,0,62510,63,"Gefährliche Bauteile",0,0,0,0,0,0,0,0,0,0,0,0,0,0,0,0,0,0,0,0,0,0,0,0
5800,746,40,0,62510,63,"Eisiges Unterfangen",0,0,0,0,0,0,0,0,0,0,0,0,0,0,0,0,0,0,0,0,0,0,0,0
5801,747,40,0,62510,63,"Aus vollen Rohren",0,0,0,0,0,0,0,0,0,0,0,0,0,0,0,0,0,0,0,0,0,0,0,0
5802,748,40,0,62510,63,"Vorausschauend gedacht",0,0,0,0,0,0,0,0,0,0,0,0,0,0,0,0,0,0,0,0,0,0,0,0
5803,749,40,0,62510,63,"Bodenproben-Protokollführer",0,0,0,0,0,0,0,0,0,0,0,0,0,0,0,0,0,0,0,0,0,0,0,0
5804,750,45,0,62510,67,"Je leichter, desto besser",0,0,0,0,0,0,0,0,0,0,0,0,0,0,0,0,0,0,0,0,0,0,0,0
5805,751,45,0,62510,67,"Immer dieser Äther",0,0,0,0,0,0,0,0,0,0,0,0,0,0,0,0,0,0,0,0,0,0,0,0
5806,752,45,0,62510,67,"Brandneue Informationen",0,0,0,0,0,0,0,0,0,0,0,0,0,0,0,0,0,0,0,0,0,0,0,0
5807,753,45,0,62510,67,"Immer noch ganz oder gar nicht ",0,0,0,0,0,0,0,0,0,0,0,0,0,0,0,0,0,0,0,0,0,0,0,0
5808,1178,50,0,62510,2200,"Sei nicht so mergelig!",0,0,0,0,0,0,0,0,0,0,0,0,0,0,0,0,0,0,0,0,0,0,0,0
5809,1179,50,0,62510,2200,"Neue Wachtürme",0,0,0,0,0,0,0,0,0,0,0,0,0,0,0,0,0,0,0,0,0,0,0,0
5810,1180,50,0,62510,2200,"Zur Wiederverwendung",0,0,0,0,0,0,0,0,0,0,0,0,0,0,0,0,0,0,0,0,0,0,0,0
5811,1181,50,0,62510,2200,"Großfreibrief: Sei nicht so mergelig!",0,0,0,0,0,0,0,0,0,0,0,0,0,0,0,0,0,0,0,0,0,0,0,0
5812,1182,50,0,62510,2200,"Großfreibrief: Neue Wachtürme",0,0,0,0,0,0,0,0,0,0,0,0,0,0,0,0,0,0,0,0,0,0,0,0
5813,1183,50,0,62510,2200,"Großfreibrief: Zur Wiederverwendung",0,0,0,0,0,0,0,0,0,0,0,0,0,0,0,0,0,0,0,0,0,0,0,0
5814,1184,52,0,62510,2000,"Kein Stein soll auf dem anderen bleiben",0,0,0,0,0,0,0,0,0,0,0,0,0,0,0,0,0,0,0,0,0,0,0,0
5815,1185,52,0,62510,2000,"Neue Drachenabwehr",0,0,0,0,0,0,0,0,0,0,0,0,0,0,0,0,0,0,0,0,0,0,0,0
5816,1186,52,0,62510,2000,"Sternensaphire für den Papst",0,0,0,0,0,0,0,0,0,0,0,0,0,0,0,0,0,0,0,0,0,0,0,0
5817,1187,52,0,62510,2000,"Großfreibrief: Kein Stein soll auf dem anderen bleiben",0,0,0,0,0,0,0,0,0,0,0,0,0,0,0,0,0,0,0,0,0,0,0,0
5818,1188,52,0,62510,2000,"Großfreibrief: Neue Drachenabwehr",0,0,0,0,0,0,0,0,0,0,0,0,0,0,0,0,0,0,0,0,0,0,0,0
5819,1189,52,0,62510,2000,"Großfreibrief: Sternensaphire für den Papst",0,0,0,0,0,0,0,0,0,0,0,0,0,0,0,0,0,0,0,0,0,0,0,0
5820,1190,54,0,62510,2002,"Drachenfreie Zone",0,0,0,0,0,0,0,0,0,0,0,0,0,0,0,0,0,0,0,0,0,0,0,0
5821,1191,54,0,62510,2002,"Das ist die Härte!",0,0,0,0,0,0,0,0,0,0,0,0,0,0,0,0,0,0,0,0,0,0,0,0
5822,1192,54,0,62510,2002,"Archäologische Unter<hex:02160103>such<hex:02160103>ungen",0,0,0,0,0,0,0,0,0,0,0,0,0,0,0,0,0,0,0,0,0,0,0,0
5823,1193,54,0,62510,2002,"Großfreibrief: Drachenfreie Zone",0,0,0,0,0,0,0,0,0,0,0,0,0,0,0,0,0,0,0,0,0,0,0,0
5824,1194,54,0,62510,2002,"Großfreibrief: Das ist die Härte!",0,0,0,0,0,0,0,0,0,0,0,0,0,0,0,0,0,0,0,0,0,0,0,0
5825,1195,54,0,62510,2002,"Großfreibrief: Archäologische Unter<hex:02160103>such<hex:02160103>ungen",0,0,0,0,0,0,0,0,0,0,0,0,0,0,0,0,0,0,0,0,0,0,0,0
5826,1196,56,0,62510,2100,"Ersatzmetall",0,0,0,0,0,0,0,0,0,0,0,0,0,0,0,0,0,0,0,0,0,0,0,0
5827,1197,56,0,62510,2100,"Levitierender Sand",0,0,0,0,0,0,0,0,0,0,0,0,0,0,0,0,0,0,0,0,0,0,0,0
5828,1198,56,0,62510,2100,"Ishgarder Steinbauweise",0,0,0,0,0,0,0,0,0,0,0,0,0,0,0,0,0,0,0,0,0,0,0,0
5829,1199,56,0,62510,2100,"Großfreibrief: Ersatzmetall",0,0,0,0,0,0,0,0,0,0,0,0,0,0,0,0,0,0,0,0,0,0,0,0
5830,1200,56,0,62510,2100,"Großfreibrief: Levitierender Sand",0,0,0,0,0,0,0,0,0,0,0,0,0,0,0,0,0,0,0,0,0,0,0,0
5831,1201,56,0,62510,2100,"Großfreibrief: Ishgarder Steinbauweise",0,0,0,0,0,0,0,0,0,0,0,0,0,0,0,0,0,0,0,0,0,0,0,0
5832,1202,58,0,62510,2001,"Mit Dolchit gegen Drachen",0,0,0,0,0,0,0,0,0,0,0,0,0,0,0,0,0,0,0,0,0,0,0,0
5833,1203,58,0,62510,2001,"Glasklare Kristalle",0,0,0,0,0,0,0,0,0,0,0,0,0,0,0,0,0,0,0,0,0,0,0,0
5834,1204,58,0,62510,2001,"Bauen wie die Sharlayaner",0,0,0,0,0,0,0,0,0,0,0,0,0,0,0,0,0,0,0,0,0,0,0,0
5835,1205,58,0,62510,2001,"Großfreibrief: Mit Dolchit gegen Drachen",0,0,0,0,0,0,0,0,0,0,0,0,0,0,0,0,0,0,0,0,0,0,0,0
5836,1206,58,0,62510,2001,"Großfreibrief: Glasklare Kristalle",0,0,0,0,0,0,0,0,0,0,0,0,0,0,0,0,0,0,0,0,0,0,0,0
5837,1207,58,0,62510,2001,"Großfreibrief: Bauen wie die Sharlayaner",0,0,0,0,0,0,0,0,0,0,0,0,0,0,0,0,0,0,0,0,0,0,0,0
5838,1373,60,0,62510,2406,"Rüstungsbrechende Forschung",0,0,0,0,0,0,0,0,0,0,0,0,0,0,0,0,0,0,0,0,0,0,0,0
5839,1374,60,0,62510,2406,"Fossile Muscheln im Gemäuer",0,0,0,0,0,0,0,0,0,0,0,0,0,0,0,0,0,0,0,0,0,0,0,0
5840,1375,60,0,62510,2406,"Hilfe beim Brückenbau",0,0,0,0,0,0,0,0,0,0,0,0,0,0,0,0,0,0,0,0,0,0,0,0
5841,1376,62,0,62510,2409,"Unter<hex:02160103>such<hex:02160103>ung von Erzadern",0,0,0,0,0,0,0,0,0,0,0,0,0,0,0,0,0,0,0,0,0,0,0,0
5842,1377,62,0,62510,2409,"Es grünt am Grund",0,0,0,0,0,0,0,0,0,0,0,0,0,0,0,0,0,0,0,0,0,0,0,0
5843,1378,62,0,62510,2409,"Korallen im Haar",0,0,0,0,0,0,0,0,0,0,0,0,0,0,0,0,0,0,0,0,0,0,0,0
5844,1379,64,0,62510,2410,"Eine neue Brücke",0,0,0,0,0,0,0,0,0,0,0,0,0,0,0,0,0,0,0,0,0,0,0,0
5845,1380,64,0,62510,2410,"Vom Jäger zum Recycling",0,0,0,0,0,0,0,0,0,0,0,0,0,0,0,0,0,0,0,0,0,0,0,0
5846,1381,64,0,62510,2410,"Schwierige Zeiten überbrücken",0,0,0,0,0,0,0,0,0,0,0,0,0,0,0,0,0,0,0,0,0,0,0,0
5847,1382,66,0,62510,2411,"Gebrüderzwist und Gebetskiesel",0,0,0,0,0,0,0,0,0,0,0,0,0,0,0,0,0,0,0,0,0,0,0,0
5848,1383,66,0,62510,2411,"Das Leuchten der Steppe",0,0,0,0,0,0,0,0,0,0,0,0,0,0,0,0,0,0,0,0,0,0,0,0
5849,1384,66,0,62510,2411,"In geographischer Mission",0,0,0,0,0,0,0,0,0,0,0,0,0,0,0,0,0,0,0,0,0,0,0,0
5850,1385,68,0,62510,2407,"Violette Diamanten?",0,0,0,0,0,0,0,0,0,0,0,0,0,0,0,0,0,0,0,0,0,0,0,0
5851,1386,68,0,62510,2407,"Wieder<hex:02160103>aufbauhilfe",0,0,0,0,0,0,0,0,0,0,0,0,0,0,0,0,0,0,0,0,0,0,0,0
5852,1387,68,0,62510,2407,"Mit Erz aus der Krise",0,0,0,0,0,0,0,0,0,0,0,0,0,0,0,0,0,0,0,0,0,0,0,0
5853,1538,70,0,62510,2954,"Erschwingliche Ringe",0,0,0,0,0,0,0,0,0,0,0,0,0,0,0,0,0,0,0,0,0,0,0,0
5854,1539,70,0,62510,2954,"Ein rätselhaftes Lösungsmittel",0,0,0,0,0,0,0,0,0,0,0,0,0,0,0,0,0,0,0,0,0,0,0,0
5855,1540,70,0,62510,2954,"Ballisten gegen Sünden<hex:02160103>ver<hex:02160103>tilger",0,0,0,0,0,0,0,0,0,0,0,0,0,0,0,0,0,0,0,0,0,0,0,0
5856,1541,72,0,62510,2956,"So uneinnehmbar wie früher",0,0,0,0,0,0,0,0,0,0,0,0,0,0,0,0,0,0,0,0,0,0,0,0
5857,1542,72,0,62510,2956,"Rosarote Verkaufsschlager",0,0,0,0,0,0,0,0,0,0,0,0,0,0,0,0,0,0,0,0,0,0,0,0
5858,1543,72,0,62510,2956,"Mit Äther gegen Feenwesen",0,0,0,0,0,0,0,0,0,0,0,0,0,0,0,0,0,0,0,0,0,0,0,0
5859,1544,74,0,62510,2957,"Giftiger Sand",0,0,0,0,0,0,0,0,0,0,0,0,0,0,0,0,0,0,0,0,0,0,0,0
5860,1545,74,0,62510,2957,"Eine neue Schmuckwerkstatt",0,0,0,0,0,0,0,0,0,0,0,0,0,0,0,0,0,0,0,0,0,0,0,0
5861,1546,74,0,62510,2957,"Magie von gestern",0,0,0,0,0,0,0,0,0,0,0,0,0,0,0,0,0,0,0,0,0,0,0,0
5862,1547,76,0,62510,2955,"Giftunfall",0,0,0,0,0,0,0,0,0,0,0,0,0,0,0,0,0,0,0,0,0,0,0,0
5863,1548,76,0,62510,2955,"Retro-Schmuck läuft super",0,0,0,0,0,0,0,0,0,0,0,0,0,0,0,0,0,0,0,0,0,0,0,0
5864,1549,76,0,62510,2955,"Wiedererweckung der Taloi",0,0,0,0,0,0,0,0,0,0,0,0,0,0,0,0,0,0,0,0,0,0,0,0
5865,1550,78,0,62510,2953,"Die Mauer muss wieder her",0,0,0,0,0,0,0,0,0,0,0,0,0,0,0,0,0,0,0,0,0,0,0,0
5866,1551,78,0,62510,2953,"In die Selbstständigkeit getrieben",0,0,0,0,0,0,0,0,0,0,0,0,0,0,0,0,0,0,0,0,0,0,0,0
5867,1552,78,0,62510,2953,"Wieder<hex:02160103>gut<hex:02160103>machung",0,0,0,0,0,0,0,0,0,0,0,0,0,0,0,0,0,0,0,0,0,0,0,0
5868,1663,80,0,62510,3708,"Die Kunst im Stein",0,0,0,0,0,0,0,0,0,0,0,0,0,0,0,0,0,0,0,0,0,0,0,0
5869,1664,80,0,62510,3708,"Ein explosives Projekt",0,0,0,0,0,0,0,0,0,0,0,0,0,0,0,0,0,0,0,0,0,0,0,0
5870,1665,80,0,62510,3708,"Der Einfluss des Äthers",0,0,0,0,0,0,0,0,0,0,0,0,0,0,0,0,0,0,0,0,0,0,0,0
5871,1666,82,0,62510,3709,"Lieferung für ein Geheimprojekt",0,0,0,0,0,0,0,0,0,0,0,0,0,0,0,0,0,0,0,0,0,0,0,0
5872,1667,82,0,62510,3709,"Bodenanreicherung",0,0,0,0,0,0,0,0,0,0,0,0,0,0,0,0,0,0,0,0,0,0,0,0
5873,1668,82,0,62510,3709,"Der richtige Anreiz",0,0,0,0,0,0,0,0,0,0,0,0,0,0,0,0,0,0,0,0,0,0,0,0
5874,1669,84,0,62510,3710,"Zugrecycling",0,0,0,0,0,0,0,0,0,0,0,0,0,0,0,0,0,0,0,0,0,0,0,0
5875,1670,84,0,62510,3710,"Ein einsames Hobby",0,0,0,0,0,0,0,0,0,0,0,0,0,0,0,0,0,0,0,0,0,0,0,0
5876,1671,84,0,62510,3710,"Ein neue Art der Energieversorgung",0,0,0,0,0,0,0,0,0,0,0,0,0,0,0,0,0,0,0,0,0,0,0,0
5877,1672,86,0,62510,3709,"Steine, die das Herz wärmen",0,0,0,0,0,0,0,0,0,0,0,0,0,0,0,0,0,0,0,0,0,0,0,0
5878,1673,86,0,62510,3709,"Auf Sand bauen",0,0,0,0,0,0,0,0,0,0,0,0,0,0,0,0,0,0,0,0,0,0,0,0
5879,1674,86,0,62510,3709,"Fruchtbarer Boden",0,0,0,0,0,0,0,0,0,0,0,0,0,0,0,0,0,0,0,0,0,0,0,0
5880,1675,88,0,62510,3708,"Das Gute in der Nähe",0,0,0,0,0,0,0,0,0,0,0,0,0,0,0,0,0,0,0,0,0,0,0,0
5881,1676,88,0,62510,3708,"Auf Glanz poliert",0,0,0,0,0,0,0,0,0,0,0,0,0,0,0,0,0,0,0,0,0,0,0,0
5882,1677,88,0,62510,3708,"Ätheranalyse",0,0,0,0,0,0,0,0,0,0,0,0,0,0,0,0,0,0,0,0,0,0,0,0
5883,1783,90,0,62510,4505,"Perfekte Lösung",0,0,0,0,0,0,0,0,0,0,0,0,0,0,0,0,0,0,0,0,0,0,0,0
5884,1784,90,0,62510,4505,"Steine schleppen",0,0,0,0,0,0,0,0,0,0,0,0,0,0,0,0,0,0,0,0,0,0,0,0
5885,1785,90,0,62510,4505,"Hitzefest, nicht hitzefrei",0,0,0,0,0,0,0,0,0,0,0,0,0,0,0,0,0,0,0,0,0,0,0,0
5886,1786,92,0,62510,4505,"Einst prächtige Bauten",0,0,0,0,0,0,0,0,0,0,0,0,0,0,0,0,0,0,0,0,0,0,0,0
5887,1787,92,0,62510,4505,"Bergfossilien",0,0,0,0,0,0,0,0,0,0,0,0,0,0,0,0,0,0,0,0,0,0,0,0
5888,1788,92,0,62510,4505,"Schlafenzeit weil Müdeauge",0,0,0,0,0,0,0,0,0,0,0,0,0,0,0,0,0,0,0,0,0,0,0,0
5889,1789,94,0,62510,4506,"Schimpfeworte über Arbeitsdinge",0,0,0,0,0,0,0,0,0,0,0,0,0,0,0,0,0,0,0,0,0,0,0,0
5890,1790,94,0,62510,4506,"Deichverstärkung",0,0,0,0,0,0,0,0,0,0,0,0,0,0,0,0,0,0,0,0,0,0,0,0
5891,1791,94,0,62510,4506,"Vom Feinsten und Glattesten",0,0,0,0,0,0,0,0,0,0,0,0,0,0,0,0,0,0,0,0,0,0,0,0
5892,1792,96,0,62510,4507,"Waldfossilien",0,0,0,0,0,0,0,0,0,0,0,0,0,0,0,0,0,0,0,0,0,0,0,0
5893,1793,96,0,62510,4507,"Blaustein bleibt Blaustein",0,0,0,0,0,0,0,0,0,0,0,0,0,0,0,0,0,0,0,0,0,0,0,0
5894,1794,96,0,62510,4507,"Für eine friedlichere Zukunft",0,0,0,0,0,0,0,0,0,0,0,0,0,0,0,0,0,0,0,0,0,0,0,0
5895,1795,98,0,62510,4508,"Auffällige Gemeinsamkeiten",0,0,0,0,0,0,0,0,0,0,0,0,0,0,0,0,0,0,0,0,0,0,0,0
5896,1796,98,0,62510,4508,"Vielversprechendes Material",0,0,0,0,0,0,0,0,0,0,0,0,0,0,0,0,0,0,0,0,0,0,0,0
5897,1797,98,0,62510,4508,"Mehr Fleißigarbeit",0,0,0,0,0,0,0,0,0,0,0,0,0,0,0,0,0,0,0,0,0,0,0,0
5898,1,1,0,62511,17,"リーヴテスト01",0,0,0,0,0,0,0,0,0,0,0,0,0,0,0,0,0,0,0,0,0,0,0,0
5899,2,1,0,62511,17,"リーヴテスト02",0,0,0,0,0,0,0,0,0,0,0,0,0,0,0,0,0,0,0,0,0,0,0,0
5900,3,1,0,62511,17,"リーヴテスト03",0,0,0,0,0,0,0,0,0,0,0,0,0,0,0,0,0,0,0,0,0,0,0,0
5901,4,1,0,62511,17,"リーヴテスト04",0,0,0,0,0,0,0,0,0,0,0,0,0,0,0,0,0,0,0,0,0,0,0,0
5902,5,1,0,62511,17,"リーヴテスト05",0,0,0,0,0,0,0,0,0,0,0,0,0,0,0,0,0,0,0,0,0,0,0,0
5903,674,1,0,62511,54,"Der Wald erwacht",0,0,0,0,0,0,0,0,0,0,0,0,0,0,0,0,0,0,0,0,0,0,0,0
5904,675,1,0,62511,54,"Aufforstung Ost",0,0,0,0,0,0,0,0,0,0,0,0,0,0,0,0,0,0,0,0,0,0,0,0
5905,676,1,0,62511,54,"Lagerfeuerromantik",0,0,0,0,0,0,0,0,0,0,0,0,0,0,0,0,0,0,0,0,0,0,0,0
5906,677,1,0,62511,54,"Latex für Ul'dah",0,0,0,0,0,0,0,0,0,0,0,0,0,0,0,0,0,0,0,0,0,0,0,0
5907,678,5,0,62511,54,"Lass die Sonne rein",0,0,0,0,0,0,0,0,0,0,0,0,0,0,0,0,0,0,0,0,0,0,0,0
5908,679,5,0,62511,54,"Die Säulen des Himmels",0,0,0,0,0,0,0,0,0,0,0,0,0,0,0,0,0,0,0,0,0,0,0,0
5909,680,5,0,62511,54,"Böse Samen",0,0,0,0,0,0,0,0,0,0,0,0,0,0,0,0,0,0,0,0,0,0,0,0
5910,681,5,0,62511,54,"Wie die Axt im Walde",0,0,0,0,0,0,0,0,0,0,0,0,0,0,0,0,0,0,0,0,0,0,0,0
5911,682,10,0,62511,54,"Kastanienernte",0,0,0,0,0,0,0,0,0,0,0,0,0,0,0,0,0,0,0,0,0,0,0,0
5912,683,10,0,62511,54,"Aufforstung West",0,0,0,0,0,0,0,0,0,0,0,0,0,0,0,0,0,0,0,0,0,0,0,0
5913,684,10,0,62511,54,"Tiefgräber",0,0,0,0,0,0,0,0,0,0,0,0,0,0,0,0,0,0,0,0,0,0,0,0
5914,685,10,0,62511,54,"Hölzerne Wächter",0,0,0,0,0,0,0,0,0,0,0,0,0,0,0,0,0,0,0,0,0,0,0,0
5915,872,10,0,62511,54,"リーヴテスト22",0,0,0,0,0,0,0,0,0,0,0,0,0,0,0,0,0,0,0,0,0,0,0,0
5916,686,15,0,62511,55,"Aufdringliche Pflanzen",0,0,0,0,0,0,0,0,0,0,0,0,0,0,0,0,0,0,0,0,0,0,0,0
5917,687,15,0,62511,55,"Sorgen eines Winzers",0,0,0,0,0,0,0,0,0,0,0,0,0,0,0,0,0,0,0,0,0,0,0,0
5918,688,15,0,62511,55,"Gebrandmarkt",0,0,0,0,0,0,0,0,0,0,0,0,0,0,0,0,0,0,0,0,0,0,0,0
5919,689,15,0,62511,55,"Manche mögen's dornig",0,0,0,0,0,0,0,0,0,0,0,0,0,0,0,0,0,0,0,0,0,0,0,0
5920,690,20,0,62511,56,"Loses Erdreich",0,0,0,0,0,0,0,0,0,0,0,0,0,0,0,0,0,0,0,0,0,0,0,0
5921,691,20,0,62511,56,"Geschüttelt, nicht gerührt",0,0,0,0,0,0,0,0,0,0,0,0,0,0,0,0,0,0,0,0,0,0,0,0
5922,692,20,0,62511,56,"Relikte Gelmorras",0,0,0,0,0,0,0,0,0,0,0,0,0,0,0,0,0,0,0,0,0,0,0,0
5923,693,20,0,62511,56,"Hitzköpfige Holzfäller",0,0,0,0,0,0,0,0,0,0,0,0,0,0,0,0,0,0,0,0,0,0,0,0
5924,694,25,0,62511,56,"Das Gestrüpp lichten",0,0,0,0,0,0,0,0,0,0,0,0,0,0,0,0,0,0,0,0,0,0,0,0
5925,695,25,0,62511,56,"Mondgesichter",0,0,0,0,0,0,0,0,0,0,0,0,0,0,0,0,0,0,0,0,0,0,0,0
5926,696,25,0,62511,56,"Erntehelfer",0,0,0,0,0,0,0,0,0,0,0,0,0,0,0,0,0,0,0,0,0,0,0,0
5927,697,25,0,62511,56,"Pilzbefall",0,0,0,0,0,0,0,0,0,0,0,0,0,0,0,0,0,0,0,0,0,0,0,0
5928,698,30,0,62511,32,"Für eine Handvoll Holz",0,0,0,0,0,0,0,0,0,0,0,0,0,0,0,0,0,0,0,0,0,0,0,0
5929,699,30,0,62511,32,"Makellos natürlich",0,0,0,0,0,0,0,0,0,0,0,0,0,0,0,0,0,0,0,0,0,0,0,0
5930,700,30,0,62511,32,"Schummeltinktur",0,0,0,0,0,0,0,0,0,0,0,0,0,0,0,0,0,0,0,0,0,0,0,0
5931,701,30,0,62511,32,"Mogelpackung",0,0,0,0,0,0,0,0,0,0,0,0,0,0,0,0,0,0,0,0,0,0,0,0
5932,702,35,0,62511,63,"Herrscher der Lüfte",0,0,0,0,0,0,0,0,0,0,0,0,0,0,0,0,0,0,0,0,0,0,0,0
5933,703,35,0,62511,63,"Achtung, Tiefflieger!",0,0,0,0,0,0,0,0,0,0,0,0,0,0,0,0,0,0,0,0,0,0,0,0
5934,704,35,0,62511,63,"Weg mit dem Unkraut!",0,0,0,0,0,0,0,0,0,0,0,0,0,0,0,0,0,0,0,0,0,0,0,0
5935,705,35,0,62511,63,"Ob Treibholz brennt",0,0,0,0,0,0,0,0,0,0,0,0,0,0,0,0,0,0,0,0,0,0,0,0
5936,706,40,0,62511,63,"Hüter des Waldes",0,0,0,0,0,0,0,0,0,0,0,0,0,0,0,0,0,0,0,0,0,0,0,0
5937,707,40,0,62511,63,"Gerade fliegt am besten",0,0,0,0,0,0,0,0,0,0,0,0,0,0,0,0,0,0,0,0,0,0,0,0
5938,708,40,0,62511,63,"Teakholz schützt ",0,0,0,0,0,0,0,0,0,0,0,0,0,0,0,0,0,0,0,0,0,0,0,0
5939,709,40,0,62511,63,"Verschlüsselungstechnik",0,0,0,0,0,0,0,0,0,0,0,0,0,0,0,0,0,0,0,0,0,0,0,0
5940,710,45,0,62511,67,"Reliktsuche",0,0,0,0,0,0,0,0,0,0,0,0,0,0,0,0,0,0,0,0,0,0,0,0
5941,711,45,0,62511,67,"Gerüstbauer",0,0,0,0,0,0,0,0,0,0,0,0,0,0,0,0,0,0,0,0,0,0,0,0
5942,712,45,0,62511,67,"Ewige Liebe zum Gras",0,0,0,0,0,0,0,0,0,0,0,0,0,0,0,0,0,0,0,0,0,0,0,0
5943,713,45,0,62511,67,"Entweder ganz oder gar nicht",0,0,0,0,0,0,0,0,0,0,0,0,0,0,0,0,0,0,0,0,0,0,0,0
5944,1148,50,0,62511,2200,"An der Wurzel gepackt",0,0,0,0,0,0,0,0,0,0,0,0,0,0,0,0,0,0,0,0,0,0,0,0
5945,1149,50,0,62511,2200,"Blumenkronen",0,0,0,0,0,0,0,0,0,0,0,0,0,0,0,0,0,0,0,0,0,0,0,0
5946,1150,50,0,62511,2200,"Gärtner auf Erkundung",0,0,0,0,0,0,0,0,0,0,0,0,0,0,0,0,0,0,0,0,0,0,0,0
5947,1151,50,0,62511,2200,"Großfreibrief: An der Wurzel gepackt",0,0,0,0,0,0,0,0,0,0,0,0,0,0,0,0,0,0,0,0,0,0,0,0
5948,1152,50,0,62511,2200,"Großfreibrief: Blumenkronen",0,0,0,0,0,0,0,0,0,0,0,0,0,0,0,0,0,0,0,0,0,0,0,0
5949,1153,50,0,62511,2200,"Großfreibrief: Gärtner auf Erkundung",0,0,0,0,0,0,0,0,0,0,0,0,0,0,0,0,0,0,0,0,0,0,0,0
5950,1154,52,0,62511,2000,"Bittere Kräuter",0,0,0,0,0,0,0,0,0,0,0,0,0,0,0,0,0,0,0,0,0,0,0,0
5951,1155,52,0,62511,2000,"Ein Gift gegen Drachen",0,0,0,0,0,0,0,0,0,0,0,0,0,0,0,0,0,0,0,0,0,0,0,0
5952,1156,52,0,62511,2000,"Auf dem Holzweg?",0,0,0,0,0,0,0,0,0,0,0,0,0,0,0,0,0,0,0,0,0,0,0,0
5953,1157,52,0,62511,2000,"Großfreibrief: Bittere Kräuter",0,0,0,0,0,0,0,0,0,0,0,0,0,0,0,0,0,0,0,0,0,0,0,0
5954,1158,52,0,62511,2000,"Großfreibrief: Gift gegen Drachen",0,0,0,0,0,0,0,0,0,0,0,0,0,0,0,0,0,0,0,0,0,0,0,0
5955,1159,52,0,62511,2000,"Großfreibrief: Auf dem Holzweg?",0,0,0,0,0,0,0,0,0,0,0,0,0,0,0,0,0,0,0,0,0,0,0,0
5956,1160,54,0,62511,2002,"Kräutersuche in Dravania",0,0,0,0,0,0,0,0,0,0,0,0,0,0,0,0,0,0,0,0,0,0,0,0
5957,1161,54,0,62511,2002,"Neue Heilkräuter",0,0,0,0,0,0,0,0,0,0,0,0,0,0,0,0,0,0,0,0,0,0,0,0
5958,1162,54,0,62511,2002,"Wo und wie die Drachen leben",0,0,0,0,0,0,0,0,0,0,0,0,0,0,0,0,0,0,0,0,0,0,0,0
5959,1163,54,0,62511,2002,"Großfreibrief: Kräutersuche in Dravania",0,0,0,0,0,0,0,0,0,0,0,0,0,0,0,0,0,0,0,0,0,0,0,0
5960,1164,54,0,62511,2002,"Großfreibrief: Neue Heilkräuter",0,0,0,0,0,0,0,0,0,0,0,0,0,0,0,0,0,0,0,0,0,0,0,0
5961,1165,54,0,62511,2002,"Großfreibrief: Wo und wie die Drachen leben",0,0,0,0,0,0,0,0,0,0,0,0,0,0,0,0,0,0,0,0,0,0,0,0
5962,1166,56,0,62511,2100,"Was gegen das laue Lüftchen",0,0,0,0,0,0,0,0,0,0,0,0,0,0,0,0,0,0,0,0,0,0,0,0
5963,1167,56,0,62511,2100,"Blaumachen",0,0,0,0,0,0,0,0,0,0,0,0,0,0,0,0,0,0,0,0,0,0,0,0
5964,1168,56,0,62511,2100,"Immer der Nase nach",0,0,0,0,0,0,0,0,0,0,0,0,0,0,0,0,0,0,0,0,0,0,0,0
5965,1169,56,0,62511,2100,"Großfreibrief: Was gegen das laue Lüftchen",0,0,0,0,0,0,0,0,0,0,0,0,0,0,0,0,0,0,0,0,0,0,0,0
5966,1170,56,0,62511,2100,"Großfreibrief: Blaumachen",0,0,0,0,0,0,0,0,0,0,0,0,0,0,0,0,0,0,0,0,0,0,0,0
5967,1171,56,0,62511,2100,"Großfreibrief: Immer der Nase nach",0,0,0,0,0,0,0,0,0,0,0,0,0,0,0,0,0,0,0,0,0,0,0,0
5968,1172,58,0,62511,2001,"Holz für den Beobachtungsposten",0,0,0,0,0,0,0,0,0,0,0,0,0,0,0,0,0,0,0,0,0,0,0,0
5969,1173,58,0,62511,2001,"Kräuter für das Hospital",0,0,0,0,0,0,0,0,0,0,0,0,0,0,0,0,0,0,0,0,0,0,0,0
5970,1174,58,0,62511,2001,"Ein Kraut gegen die Drachen",0,0,0,0,0,0,0,0,0,0,0,0,0,0,0,0,0,0,0,0,0,0,0,0
5971,1175,58,0,62511,2001,"Großfreibrief: Holz für den Beobachtungsposten",0,0,0,0,0,0,0,0,0,0,0,0,0,0,0,0,0,0,0,0,0,0,0,0
5972,1176,58,0,62511,2001,"Großfreibrief: Kräuter für das Hospital",0,0,0,0,0,0,0,0,0,0,0,0,0,0,0,0,0,0,0,0,0,0,0,0
5973,1177,58,0,62511,2001,"Großfreibrief: Ein Kraut gegen die Drachen",0,0,0,0,0,0,0,0,0,0,0,0,0,0,0,0,0,0,0,0,0,0,0,0
5974,1358,60,0,62511,2406,"Heilige Hölzer",0,0,0,0,0,0,0,0,0,0,0,0,0,0,0,0,0,0,0,0,0,0,0,0
5975,1359,60,0,62511,2406,"Der Saft gibt Kraft",0,0,0,0,0,0,0,0,0,0,0,0,0,0,0,0,0,0,0,0,0,0,0,0
5976,1360,60,0,62511,2406,"Wasserschäden in Ostend",0,0,0,0,0,0,0,0,0,0,0,0,0,0,0,0,0,0,0,0,0,0,0,0
5977,1361,62,0,62511,2409,"Othard-Kiefern für Luxusmöbel",0,0,0,0,0,0,0,0,0,0,0,0,0,0,0,0,0,0,0,0,0,0,0,0
5978,1362,62,0,62511,2409,"Korallensouvenirs",0,0,0,0,0,0,0,0,0,0,0,0,0,0,0,0,0,0,0,0,0,0,0,0
5979,1363,62,0,62511,2409,"Wissenschaftlicher Tauchgang im Meer",0,0,0,0,0,0,0,0,0,0,0,0,0,0,0,0,0,0,0,0,0,0,0,0
5980,1364,64,0,62511,2410,"Ein Baugerüst für den Wieder<hex:02160103>aufbau",0,0,0,0,0,0,0,0,0,0,0,0,0,0,0,0,0,0,0,0,0,0,0,0
5981,1365,64,0,62511,2410,"Yanxia-Kiefern für Luxusmöbel",0,0,0,0,0,0,0,0,0,0,0,0,0,0,0,0,0,0,0,0,0,0,0,0
5982,1366,64,0,62511,2410,"Wissenschaftlicher Tauchgang im Fluss",0,0,0,0,0,0,0,0,0,0,0,0,0,0,0,0,0,0,0,0,0,0,0,0
5983,1367,66,0,62511,2411,"Stämme für den Stammkunden",0,0,0,0,0,0,0,0,0,0,0,0,0,0,0,0,0,0,0,0,0,0,0,0
5984,1368,66,0,62511,2411,"Giftpflanzen für Heilmittel",0,0,0,0,0,0,0,0,0,0,0,0,0,0,0,0,0,0,0,0,0,0,0,0
5985,1369,66,0,62511,2411,"Die Waren der Natur",0,0,0,0,0,0,0,0,0,0,0,0,0,0,0,0,0,0,0,0,0,0,0,0
5986,1370,68,0,62511,2407,"Nicht alle Teetassen im Schrank",0,0,0,0,0,0,0,0,0,0,0,0,0,0,0,0,0,0,0,0,0,0,0,0
5987,1371,68,0,62511,2407,"Blumen zum Abschied",0,0,0,0,0,0,0,0,0,0,0,0,0,0,0,0,0,0,0,0,0,0,0,0
5988,1372,68,0,62511,2407,"Unverwüstliches Saatgut",0,0,0,0,0,0,0,0,0,0,0,0,0,0,0,0,0,0,0,0,0,0,0,0
5989,1523,70,0,62511,2954,"Der glüht auf der Zunge",0,0,0,0,0,0,0,0,0,0,0,0,0,0,0,0,0,0,0,0,0,0,0,0
5990,1524,70,0,62511,2954,"Ruhe im Topf",0,0,0,0,0,0,0,0,0,0,0,0,0,0,0,0,0,0,0,0,0,0,0,0
5991,1525,70,0,62511,2954,"Hütten als Dankeschön",0,0,0,0,0,0,0,0,0,0,0,0,0,0,0,0,0,0,0,0,0,0,0,0
5992,1526,72,0,62511,2956,"Freude bringende Feenschorle",0,0,0,0,0,0,0,0,0,0,0,0,0,0,0,0,0,0,0,0,0,0,0,0
5993,1527,72,0,62511,2956,"Was lange treibt, schwimmt gut",0,0,0,0,0,0,0,0,0,0,0,0,0,0,0,0,0,0,0,0,0,0,0,0
5994,1528,72,0,62511,2956,"Heilende Feensamen",0,0,0,0,0,0,0,0,0,0,0,0,0,0,0,0,0,0,0,0,0,0,0,0
5995,1529,74,0,62511,2957,"Keine Insekten im Glas",0,0,0,0,0,0,0,0,0,0,0,0,0,0,0,0,0,0,0,0,0,0,0,0
5996,1530,74,0,62511,2957,"Gesalbte Integration",0,0,0,0,0,0,0,0,0,0,0,0,0,0,0,0,0,0,0,0,0,0,0,0
5997,1531,74,0,62511,2957,"Unterwasserträume",0,0,0,0,0,0,0,0,0,0,0,0,0,0,0,0,0,0,0,0,0,0,0,0
5998,1532,76,0,62511,2955,"Im Alter liegt die Würze",0,0,0,0,0,0,0,0,0,0,0,0,0,0,0,0,0,0,0,0,0,0,0,0
5999,1533,76,0,62511,2955,"Es läuft wie geölt",0,0,0,0,0,0,0,0,0,0,0,0,0,0,0,0,0,0,0,0,0,0,0,0
6000,1534,76,0,62511,2955,"Fiebersenkende Kräuter",0,0,0,0,0,0,0,0,0,0,0,0,0,0,0,0,0,0,0,0,0,0,0,0
6001,1535,78,0,62511,2953,"Fässer aus Seenland-Eichenholz",0,0,0,0,0,0,0,0,0,0,0,0,0,0,0,0,0,0,0,0,0,0,0,0
6002,1536,78,0,62511,2953,"Muntermacher",0,0,0,0,0,0,0,0,0,0,0,0,0,0,0,0,0,0,0,0,0,0,0,0
6003,1537,78,0,62511,2953,"Wassergras-Shampoo",0,0,0,0,0,0,0,0,0,0,0,0,0,0,0,0,0,0,0,0,0,0,0,0
6004,1648,80,0,62511,3708,"Papier ist geduldig",0,0,0,0,0,0,0,0,0,0,0,0,0,0,0,0,0,0,0,0,0,0,0,0
6005,1649,80,0,62511,3708,"Auf Eisen beißen",0,0,0,0,0,0,0,0,0,0,0,0,0,0,0,0,0,0,0,0,0,0,0,0
6006,1650,80,0,62511,3708,"Grundlagenforschung",0,0,0,0,0,0,0,0,0,0,0,0,0,0,0,0,0,0,0,0,0,0,0,0
6007,1651,82,0,62511,3709,"Da beißt die Yakuh ins Gras",0,0,0,0,0,0,0,0,0,0,0,0,0,0,0,0,0,0,0,0,0,0,0,0
6008,1652,82,0,62511,3709,"Heraus<hex:02160103>forde<hex:02160103>rung angenommen!",0,0,0,0,0,0,0,0,0,0,0,0,0,0,0,0,0,0,0,0,0,0,0,0
6009,1653,82,0,62511,3709,"Explodierende Palmen",0,0,0,0,0,0,0,0,0,0,0,0,0,0,0,0,0,0,0,0,0,0,0,0
6010,1654,84,0,62511,3710,"Rübenfarben",0,0,0,0,0,0,0,0,0,0,0,0,0,0,0,0,0,0,0,0,0,0,0,0
6011,1655,84,0,62511,3710,"Mit Pinien veredelt",0,0,0,0,0,0,0,0,0,0,0,0,0,0,0,0,0,0,0,0,0,0,0,0
6012,1656,84,0,62511,3710,"Feuer und Flamme",0,0,0,0,0,0,0,0,0,0,0,0,0,0,0,0,0,0,0,0,0,0,0,0
6013,1657,86,0,62511,3709,"Teeparty",0,0,0,0,0,0,0,0,0,0,0,0,0,0,0,0,0,0,0,0,0,0,0,0
6014,1658,86,0,62511,3709,"Zwischen Baum und Kraut",0,0,0,0,0,0,0,0,0,0,0,0,0,0,0,0,0,0,0,0,0,0,0,0
6015,1659,86,0,62511,3709,"Palmenpanik",0,0,0,0,0,0,0,0,0,0,0,0,0,0,0,0,0,0,0,0,0,0,0,0
6016,1660,88,0,62511,3708,"In der Vielfalt liegt die Kraft",0,0,0,0,0,0,0,0,0,0,0,0,0,0,0,0,0,0,0,0,0,0,0,0
6017,1661,88,0,62511,3708,"Die Antwort liegt im Holz",0,0,0,0,0,0,0,0,0,0,0,0,0,0,0,0,0,0,0,0,0,0,0,0
6018,1662,88,0,62511,3708,"Giftige Palmen",0,0,0,0,0,0,0,0,0,0,0,0,0,0,0,0,0,0,0,0,0,0,0,0
6019,1768,90,0,62511,4506,"Schilfproben",0,0,0,0,0,0,0,0,0,0,0,0,0,0,0,0,0,0,0,0,0,0,0,0
6020,1769,90,0,62511,4506,"Pinselblumen",0,0,0,0,0,0,0,0,0,0,0,0,0,0,0,0,0,0,0,0,0,0,0,0
6021,1770,90,0,62511,4506,"Blumenhoroskop",0,0,0,0,0,0,0,0,0,0,0,0,0,0,0,0,0,0,0,0,0,0,0,0
6022,1771,92,0,62511,4506,"Energieströme",0,0,0,0,0,0,0,0,0,0,0,0,0,0,0,0,0,0,0,0,0,0,0,0
6023,1772,92,0,62511,4506,"Säubernde Wasserpflanze",0,0,0,0,0,0,0,0,0,0,0,0,0,0,0,0,0,0,0,0,0,0,0,0
6024,1773,92,0,62511,4506,"Außergewöhnlicher Befall",0,0,0,0,0,0,0,0,0,0,0,0,0,0,0,0,0,0,0,0,0,0,0,0
6025,1774,94,0,62511,4505,"Heilendes Gebräu",0,0,0,0,0,0,0,0,0,0,0,0,0,0,0,0,0,0,0,0,0,0,0,0
6026,1775,94,0,62511,4505,"Maisernte",0,0,0,0,0,0,0,0,0,0,0,0,0,0,0,0,0,0,0,0,0,0,0,0
6027,1776,94,0,62511,4505,"Straßensicherung",0,0,0,0,0,0,0,0,0,0,0,0,0,0,0,0,0,0,0,0,0,0,0,0
6028,1777,96,0,62511,4507,"Die Kraft der zwei Köpfe",0,0,0,0,0,0,0,0,0,0,0,0,0,0,0,0,0,0,0,0,0,0,0,0
6029,1778,96,0,62511,4507,"Himmlisches Räucherwerk",0,0,0,0,0,0,0,0,0,0,0,0,0,0,0,0,0,0,0,0,0,0,0,0
6030,1779,96,0,62511,4507,"Verbrannte Erde",0,0,0,0,0,0,0,0,0,0,0,0,0,0,0,0,0,0,0,0,0,0,0,0
6031,1780,98,0,62511,4508,"Wucherndes Seifenkraut",0,0,0,0,0,0,0,0,0,0,0,0,0,0,0,0,0,0,0,0,0,0,0,0
6032,1781,98,0,62511,4508,"Nopal, medium oder gar?",0,0,0,0,0,0,0,0,0,0,0,0,0,0,0,0,0,0,0,0,0,0,0,0
6033,1782,98,0,62511,4508,"Hörner der Erde",0,0,0,0,0,0,0,0,0,0,0,0,0,0,0,0,0,0,0,0,0,0,0,0
6034,754,1,0,62512,27,"Sardellen-Kick",0,0,0,0,0,0,0,0,0,0,0,0,0,0,0,0,0,0,0,0,0,0,0,0
6035,755,1,0,62512,27,"Vom Köder zum Hauptgericht",0,0,0,0,0,0,0,0,0,0,0,0,0,0,0,0,0,0,0,0,0,0,0,0
6036,756,1,0,62512,27,"Alleskenner",0,0,0,0,0,0,0,0,0,0,0,0,0,0,0,0,0,0,0,0,0,0,0,0
6037,757,1,0,62512,27,"Fingerkrebsfarben",0,0,0,0,0,0,0,0,0,0,0,0,0,0,0,0,0,0,0,0,0,0,0,0
6038,758,5,0,62512,27,"Gesundes Selbst<hex:02160103>ver<hex:02160103>trauen",0,0,0,0,0,0,0,0,0,0,0,0,0,0,0,0,0,0,0,0,0,0,0,0
6039,759,5,0,62512,27,"Kein Fisch ist sicher",0,0,0,0,0,0,0,0,0,0,0,0,0,0,0,0,0,0,0,0,0,0,0,0
6040,760,5,0,62512,27,"Vor nichts Halt machen",0,0,0,0,0,0,0,0,0,0,0,0,0,0,0,0,0,0,0,0,0,0,0,0
6041,761,5,0,62512,27,"Langweilerfisch",0,0,0,0,0,0,0,0,0,0,0,0,0,0,0,0,0,0,0,0,0,0,0,0
6042,762,10,0,62512,33,"Fische Frische frischt Frischers Fitz",0,0,0,0,0,0,0,0,0,0,0,0,0,0,0,0,0,0,0,0,0,0,0,0
6043,763,10,0,62512,33,"Gepökelter Tigerdorsch",0,0,0,0,0,0,0,0,0,0,0,0,0,0,0,0,0,0,0,0,0,0,0,0
6044,764,10,0,62512,33,"Qiqirn-Magen verdaut alles",0,0,0,0,0,0,0,0,0,0,0,0,0,0,0,0,0,0,0,0,0,0,0,0
6045,765,10,0,62512,33,"Auch Düngen will gelernt sein",0,0,0,0,0,0,0,0,0,0,0,0,0,0,0,0,0,0,0,0,0,0,0,0
6046,766,15,0,62512,33,"Auster gesucht",0,0,0,0,0,0,0,0,0,0,0,0,0,0,0,0,0,0,0,0,0,0,0,0
6047,767,15,0,62512,33,"Muscheltopf",0,0,0,0,0,0,0,0,0,0,0,0,0,0,0,0,0,0,0,0,0,0,0,0
6048,768,15,0,62512,33,"Weiße Korallen laufen gut",0,0,0,0,0,0,0,0,0,0,0,0,0,0,0,0,0,0,0,0,0,0,0,0
6049,769,15,0,62512,33,"Helmkrabbentrank",0,0,0,0,0,0,0,0,0,0,0,0,0,0,0,0,0,0,0,0,0,0,0,0
6050,770,20,0,62512,56,"Großhandelspreise",0,0,0,0,0,0,0,0,0,0,0,0,0,0,0,0,0,0,0,0,0,0,0,0
6051,771,20,0,62512,56,"Leckere Aalpastete",0,0,0,0,0,0,0,0,0,0,0,0,0,0,0,0,0,0,0,0,0,0,0,0
6052,772,20,0,62512,56,"Barsches Verhalten",0,0,0,0,0,0,0,0,0,0,0,0,0,0,0,0,0,0,0,0,0,0,0,0
6053,773,20,0,62512,56,"Anglerwettstreit",0,0,0,0,0,0,0,0,0,0,0,0,0,0,0,0,0,0,0,0,0,0,0,0
6054,774,25,0,62512,56,"Gewitterfisch",0,0,0,0,0,0,0,0,0,0,0,0,0,0,0,0,0,0,0,0,0,0,0,0
6055,775,25,0,62512,56,"Müllerlachs",0,0,0,0,0,0,0,0,0,0,0,0,0,0,0,0,0,0,0,0,0,0,0,0
6056,776,25,0,62512,56,"Mehr Köder",0,0,0,0,0,0,0,0,0,0,0,0,0,0,0,0,0,0,0,0,0,0,0,0
6057,777,25,0,62512,56,"Fischloser Fischteich",0,0,0,0,0,0,0,0,0,0,0,0,0,0,0,0,0,0,0,0,0,0,0,0
6058,778,30,0,62512,32,"Für die Katz'",0,0,0,0,0,0,0,0,0,0,0,0,0,0,0,0,0,0,0,0,0,0,0,0
6059,779,30,0,62512,32,"Bankett aka Saufgelage",0,0,0,0,0,0,0,0,0,0,0,0,0,0,0,0,0,0,0,0,0,0,0,0
6060,780,30,0,62512,32,"Saufgelage aka Saufgelage",0,0,0,0,0,0,0,0,0,0,0,0,0,0,0,0,0,0,0,0,0,0,0,0
6061,781,30,0,62512,32,"Queller gesucht",0,0,0,0,0,0,0,0,0,0,0,0,0,0,0,0,0,0,0,0,0,0,0,0
6062,782,35,0,62512,63,"Ritterlicher Lachs",0,0,0,0,0,0,0,0,0,0,0,0,0,0,0,0,0,0,0,0,0,0,0,0
6063,783,35,0,62512,63,"Purpur schmeckt",0,0,0,0,0,0,0,0,0,0,0,0,0,0,0,0,0,0,0,0,0,0,0,0
6064,784,35,0,62512,63,"Vielfraßfutter",0,0,0,0,0,0,0,0,0,0,0,0,0,0,0,0,0,0,0,0,0,0,0,0
6065,785,35,0,62512,63,"Klare Köpfe",0,0,0,0,0,0,0,0,0,0,0,0,0,0,0,0,0,0,0,0,0,0,0,0
6066,786,40,0,62512,63,"Auch Fische frieren",0,0,0,0,0,0,0,0,0,0,0,0,0,0,0,0,0,0,0,0,0,0,0,0
6067,787,40,0,62512,63,"Ein toller Hecht",0,0,0,0,0,0,0,0,0,0,0,0,0,0,0,0,0,0,0,0,0,0,0,0
6068,788,40,0,62512,63,"An die Flinte nur mit Stinte",0,0,0,0,0,0,0,0,0,0,0,0,0,0,0,0,0,0,0,0,0,0,0,0
6069,789,40,0,62512,63,"Köderfische",0,0,0,0,0,0,0,0,0,0,0,0,0,0,0,0,0,0,0,0,0,0,0,0
6070,790,45,0,62512,67,"Geblitzt worden",0,0,0,0,0,0,0,0,0,0,0,0,0,0,0,0,0,0,0,0,0,0,0,0
6071,791,45,0,62512,67,"Ab in die Grube",0,0,0,0,0,0,0,0,0,0,0,0,0,0,0,0,0,0,0,0,0,0,0,0
6072,792,45,0,62512,67,"Schnecken schnäken",0,0,0,0,0,0,0,0,0,0,0,0,0,0,0,0,0,0,0,0,0,0,0,0
6073,793,45,0,62512,67,"Hobbyarchäologen, nein danke!",0,0,0,0,0,0,0,0,0,0,0,0,0,0,0,0,0,0,0,0,0,0,0,0
6074,1208,50,0,62512,62,"Ein Bankett zum Dank",0,0,0,0,0,0,0,0,0,0,0,0,0,0,0,0,0,0,0,0,0,0,0,0
6075,1209,50,0,62512,62,"Läuseplage",0,0,0,0,0,0,0,0,0,0,0,0,0,0,0,0,0,0,0,0,0,0,0,0
6076,1210,50,0,62512,62,"Fischen für anspruchsvolle Gäste",0,0,0,0,0,0,0,0,0,0,0,0,0,0,0,0,0,0,0,0,0,0,0,0
6077,1211,50,0,62512,62,"Großfreibrief: Ein Bankett zum Dank",0,0,0,0,0,0,0,0,0,0,0,0,0,0,0,0,0,0,0,0,0,0,0,0
6078,1212,50,0,62512,62,"Großfreibrief: Läuseplage",0,0,0,0,0,0,0,0,0,0,0,0,0,0,0,0,0,0,0,0,0,0,0,0
6079,1213,50,0,62512,62,"Großfreibrief: Fischen für anspruchsvolle Gäste",0,0,0,0,0,0,0,0,0,0,0,0,0,0,0,0,0,0,0,0,0,0,0,0
6080,1214,52,0,62512,62,"Krankenhauskost",0,0,0,0,0,0,0,0,0,0,0,0,0,0,0,0,0,0,0,0,0,0,0,0
6081,1215,52,0,62512,62,"Ein fischiger Dank",0,0,0,0,0,0,0,0,0,0,0,0,0,0,0,0,0,0,0,0,0,0,0,0
6082,1216,52,0,62512,62,"Angeln über den Wolken",0,0,0,0,0,0,0,0,0,0,0,0,0,0,0,0,0,0,0,0,0,0,0,0
6083,1217,52,0,62512,62,"Großfreibrief: Krankenhauskost",0,0,0,0,0,0,0,0,0,0,0,0,0,0,0,0,0,0,0,0,0,0,0,0
6084,1218,52,0,62512,62,"Großfreibrief: Ein fischiger Dank",0,0,0,0,0,0,0,0,0,0,0,0,0,0,0,0,0,0,0,0,0,0,0,0
6085,1219,52,0,62512,62,"Großfreibrief: Angeln über den Wolken",0,0,0,0,0,0,0,0,0,0,0,0,0,0,0,0,0,0,0,0,0,0,0,0
6086,1220,54,0,62512,62,"Fisch in Medizin?",0,0,0,0,0,0,0,0,0,0,0,0,0,0,0,0,0,0,0,0,0,0,0,0
6087,1221,54,0,62512,62,"Über drei Ecken",0,0,0,0,0,0,0,0,0,0,0,0,0,0,0,0,0,0,0,0,0,0,0,0
6088,1222,54,0,62512,62,"Korallen fischen",0,0,0,0,0,0,0,0,0,0,0,0,0,0,0,0,0,0,0,0,0,0,0,0
6089,1223,54,0,62512,62,"Großfreibrief: Fisch in Medizin?",0,0,0,0,0,0,0,0,0,0,0,0,0,0,0,0,0,0,0,0,0,0,0,0
6090,1224,54,0,62512,62,"Großfreibrief: Über drei Ecken",0,0,0,0,0,0,0,0,0,0,0,0,0,0,0,0,0,0,0,0,0,0,0,0
6091,1225,54,0,62512,62,"Großfreibrief: Korallen fischen",0,0,0,0,0,0,0,0,0,0,0,0,0,0,0,0,0,0,0,0,0,0,0,0
6092,1226,56,0,62512,62,"Was Drachen fressen",0,0,0,0,0,0,0,0,0,0,0,0,0,0,0,0,0,0,0,0,0,0,0,0
6093,1227,56,0,62512,62,"Marionetten der Drachen",0,0,0,0,0,0,0,0,0,0,0,0,0,0,0,0,0,0,0,0,0,0,0,0
6094,1228,56,0,62512,62,"Frische Fische",0,0,0,0,0,0,0,0,0,0,0,0,0,0,0,0,0,0,0,0,0,0,0,0
6095,1229,56,0,62512,62,"Großfreibrief: Was Drachen fressen",0,0,0,0,0,0,0,0,0,0,0,0,0,0,0,0,0,0,0,0,0,0,0,0
6096,1230,56,0,62512,62,"Großfreibrief: Marionetten der Drachen",0,0,0,0,0,0,0,0,0,0,0,0,0,0,0,0,0,0,0,0,0,0,0,0
6097,1231,56,0,62512,62,"Großfreibrief: Frische Fische",0,0,0,0,0,0,0,0,0,0,0,0,0,0,0,0,0,0,0,0,0,0,0,0
6098,1232,58,0,62512,62,"Luftdruckwaffen",0,0,0,0,0,0,0,0,0,0,0,0,0,0,0,0,0,0,0,0,0,0,0,0
6099,1233,58,0,62512,62,"Hummer gegen den Kummer",0,0,0,0,0,0,0,0,0,0,0,0,0,0,0,0,0,0,0,0,0,0,0,0
6100,1234,58,0,62512,62,"Kreativer Fischgebrauch",0,0,0,0,0,0,0,0,0,0,0,0,0,0,0,0,0,0,0,0,0,0,0,0
6101,1235,58,0,62512,62,"Großfreibrief: Luftdruckwaffen",0,0,0,0,0,0,0,0,0,0,0,0,0,0,0,0,0,0,0,0,0,0,0,0
6102,1236,58,0,62512,62,"Großfreibrief: Hummer gegen den Kummer",0,0,0,0,0,0,0,0,0,0,0,0,0,0,0,0,0,0,0,0,0,0,0,0
6103,1237,58,0,62512,62,"Großfreibrief: Kreativer Fischgebrauch",0,0,0,0,0,0,0,0,0,0,0,0,0,0,0,0,0,0,0,0,0,0,0,0
6104,1388,60,0,62512,2404,"Fischiger Vergleich",0,0,0,0,0,0,0,0,0,0,0,0,0,0,0,0,0,0,0,0,0,0,0,0
6105,1389,60,0,62512,2404,"Glitschiges Laub",0,0,0,0,0,0,0,0,0,0,0,0,0,0,0,0,0,0,0,0,0,0,0,0
6106,1390,60,0,62512,2404,"Getrocknete Barsche",0,0,0,0,0,0,0,0,0,0,0,0,0,0,0,0,0,0,0,0,0,0,0,0
6107,1391,62,0,62512,2404,"Tote Mantas sind todschick",0,0,0,0,0,0,0,0,0,0,0,0,0,0,0,0,0,0,0,0,0,0,0,0
6108,1392,62,0,62512,2404,"Saure Meereshäppchen",0,0,0,0,0,0,0,0,0,0,0,0,0,0,0,0,0,0,0,0,0,0,0,0
6109,1393,62,0,62512,2404,"Lieferung im Schneckentempo",0,0,0,0,0,0,0,0,0,0,0,0,0,0,0,0,0,0,0,0,0,0,0,0
6110,1394,64,0,62512,2404,"Lange Barteln bringen Glück",0,0,0,0,0,0,0,0,0,0,0,0,0,0,0,0,0,0,0,0,0,0,0,0
6111,1395,64,0,62512,2404,"Puppen und Schuppen",0,0,0,0,0,0,0,0,0,0,0,0,0,0,0,0,0,0,0,0,0,0,0,0
6112,1396,64,0,62512,2404,"Fischfernhandel",0,0,0,0,0,0,0,0,0,0,0,0,0,0,0,0,0,0,0,0,0,0,0,0
6113,1397,66,0,62512,2404,"Spezialität des Hauses",0,0,0,0,0,0,0,0,0,0,0,0,0,0,0,0,0,0,0,0,0,0,0,0
6114,1398,66,0,62512,2404,"Ein diplomatischer Fischzug",0,0,0,0,0,0,0,0,0,0,0,0,0,0,0,0,0,0,0,0,0,0,0,0
6115,1399,66,0,62512,2404,"Goldige Fische aus Doma",0,0,0,0,0,0,0,0,0,0,0,0,0,0,0,0,0,0,0,0,0,0,0,0
6116,1400,68,0,62512,2404,"Fische ohne Grenzen",0,0,0,0,0,0,0,0,0,0,0,0,0,0,0,0,0,0,0,0,0,0,0,0
6117,1401,68,0,62512,2404,"Theater mit Biss",0,0,0,0,0,0,0,0,0,0,0,0,0,0,0,0,0,0,0,0,0,0,0,0
6118,1402,68,0,62512,2404,"Glückwunsch-Oktopus",0,0,0,0,0,0,0,0,0,0,0,0,0,0,0,0,0,0,0,0,0,0,0,0
6119,1553,70,0,62512,2951,"Barsche der Sonne",0,0,0,0,0,0,0,0,0,0,0,0,0,0,0,0,0,0,0,0,0,0,0,0
6120,1554,70,0,62512,2951,"Gegner des schlechten Geschmacks",0,0,0,0,0,0,0,0,0,0,0,0,0,0,0,0,0,0,0,0,0,0,0,0
6121,1555,70,0,62512,2951,"Elektrisches Angeln",0,0,0,0,0,0,0,0,0,0,0,0,0,0,0,0,0,0,0,0,0,0,0,0
6122,1556,72,0,62512,2951,"Quallen in aller Munde",0,0,0,0,0,0,0,0,0,0,0,0,0,0,0,0,0,0,0,0,0,0,0,0
6123,1557,72,0,62512,2951,"Rettung des Ökosystems",0,0,0,0,0,0,0,0,0,0,0,0,0,0,0,0,0,0,0,0,0,0,0,0
6124,1558,72,0,62512,2951,"Fischiges Äthergespür",0,0,0,0,0,0,0,0,0,0,0,0,0,0,0,0,0,0,0,0,0,0,0,0
6125,1559,74,0,62512,2951,"Magiestudium am Zander",0,0,0,0,0,0,0,0,0,0,0,0,0,0,0,0,0,0,0,0,0,0,0,0
6126,1560,74,0,62512,2951,"Die Liebe angeln",0,0,0,0,0,0,0,0,0,0,0,0,0,0,0,0,0,0,0,0,0,0,0,0
6127,1561,74,0,62512,2951,"Exotisches Heringsgericht",0,0,0,0,0,0,0,0,0,0,0,0,0,0,0,0,0,0,0,0,0,0,0,0
6128,1562,76,0,62512,2951,"Eine Delikatesse für die Wachen",0,0,0,0,0,0,0,0,0,0,0,0,0,0,0,0,0,0,0,0,0,0,0,0
6129,1563,76,0,62512,2951,"Krabbenpilzbehandlung",0,0,0,0,0,0,0,0,0,0,0,0,0,0,0,0,0,0,0,0,0,0,0,0
6130,1564,76,0,62512,2951,"Fischzucht in Grantel",0,0,0,0,0,0,0,0,0,0,0,0,0,0,0,0,0,0,0,0,0,0,0,0
6131,1565,78,0,62512,2951,"Sternstunde der Fischzucht",0,0,0,0,0,0,0,0,0,0,0,0,0,0,0,0,0,0,0,0,0,0,0,0
6132,1566,78,0,62512,2951,"Erforscher der Tiefsee",0,0,0,0,0,0,0,0,0,0,0,0,0,0,0,0,0,0,0,0,0,0,0,0
6133,1567,78,0,62512,2951,"Aale aus dem Abgrund",0,0,0,0,0,0,0,0,0,0,0,0,0,0,0,0,0,0,0,0,0,0,0,0
6134,1678,80,0,62512,3706,"Ein Fischgourmet",0,0,0,0,0,0,0,0,0,0,0,0,0,0,0,0,0,0,0,0,0,0,0,0
6135,1679,80,0,62512,3706,"Ein wirksames Betäubungsmittel",0,0,0,0,0,0,0,0,0,0,0,0,0,0,0,0,0,0,0,0,0,0,0,0
6136,1680,82,0,62512,3706,"Wasserproben",0,0,0,0,0,0,0,0,0,0,0,0,0,0,0,0,0,0,0,0,0,0,0,0
6137,1681,82,0,62512,3706,"Fischstudien",0,0,0,0,0,0,0,0,0,0,0,0,0,0,0,0,0,0,0,0,0,0,0,0
6138,1682,84,0,62512,3706,"Fischvermehrung",0,0,0,0,0,0,0,0,0,0,0,0,0,0,0,0,0,0,0,0,0,0,0,0
6139,1683,84,0,62512,3706,"Sharlayanischer Forschergeist",0,0,0,0,0,0,0,0,0,0,0,0,0,0,0,0,0,0,0,0,0,0,0,0
6140,1684,86,0,62512,3706,"Mondfungi",0,0,0,0,0,0,0,0,0,0,0,0,0,0,0,0,0,0,0,0,0,0,0,0
6141,1685,86,0,62512,3706,"Salzkalmar",0,0,0,0,0,0,0,0,0,0,0,0,0,0,0,0,0,0,0,0,0,0,0,0
6142,1686,88,0,62512,3706,"Zurück in die Vorzeit",0,0,0,0,0,0,0,0,0,0,0,0,0,0,0,0,0,0,0,0,0,0,0,0
6143,1687,88,0,62512,3706,"Spirituelle Fische",0,0,0,0,0,0,0,0,0,0,0,0,0,0,0,0,0,0,0,0,0,0,0,0
6144,1798,90,0,62512,4504,"Legende der Yok Huy",0,0,0,0,0,0,0,0,0,0,0,0,0,0,0,0,0,0,0,0,0,0,0,0
6145,1799,90,0,62512,4504,"Singende Kröten",0,0,0,0,0,0,0,0,0,0,0,0,0,0,0,0,0,0,0,0,0,0,0,0
6146,1800,92,0,62512,4504,"Wahrsagende Schildkröten",0,0,0,0,0,0,0,0,0,0,0,0,0,0,0,0,0,0,0,0,0,0,0,0
6147,1801,92,0,62512,4504,"Eine merkwürdige Bestellung",0,0,0,0,0,0,0,0,0,0,0,0,0,0,0,0,0,0,0,0,0,0,0,0
6148,1802,94,0,62512,4504,"Springende Pelupelu-Fresser",0,0,0,0,0,0,0,0,0,0,0,0,0,0,0,0,0,0,0,0,0,0,0,0
6149,1803,94,0,62512,4504,"Der heilige See",0,0,0,0,0,0,0,0,0,0,0,0,0,0,0,0,0,0,0,0,0,0,0,0
6150,1804,96,0,62512,4504,"Versteckte Sterne",0,0,0,0,0,0,0,0,0,0,0,0,0,0,0,0,0,0,0,0,0,0,0,0
6151,1805,96,0,62512,4504,"Blitzende Aale",0,0,0,0,0,0,0,0,0,0,0,0,0,0,0,0,0,0,0,0,0,0,0,0
6152,1806,98,0,62512,4504,"Exquisite Fischfüllung",0,0,0,0,0,0,0,0,0,0,0,0,0,0,0,0,0,0,0,0,0,0,0,0
6153,1807,98,0,62512,4504,"Verjüngender Fischfang",0,0,0,0,0,0,0,0,0,0,0,0,0,0,0,0,0,0,0,0,0,0,0,0
6154,21,1,0,62502,39,"In guter Ge<hex:02160103>sell<hex:02160103>schaft",0,0,0,0,0,0,0,0,0,0,0,0,0,0,0,0,0,0,0,0,0,0,0,0
6155,22,1,0,62502,39,"Feldscherer",0,0,0,0,0,0,0,0,0,0,0,0,0,0,0,0,0,0,0,0,0,0,0,0
6156,23,1,0,62502,54,"Aufnahmegeschenke",0,0,0,0,0,0,0,0,0,0,0,0,0,0,0,0,0,0,0,0,0,0,0,0
6157,24,1,0,62502,54,"Verbrannte Bögen",0,0,0,0,0,0,0,0,0,0,0,0,0,0,0,0,0,0,0,0,0,0,0,0
6158,25,1,0,62502,54,"Luftabwehr",0,0,0,0,0,0,0,0,0,0,0,0,0,0,0,0,0,0,0,0,0,0,0,0
6159,26,1,0,62502,39,"Harfenspiel",0,0,0,0,0,0,0,0,0,0,0,0,0,0,0,0,0,0,0,0,0,0,0,0
6160,27,5,0,62502,39,"Neue Schützen braucht der Wald",0,0,0,0,0,0,0,0,0,0,0,0,0,0,0,0,0,0,0,0,0,0,0,0
6161,28,5,0,62502,39,"Schildwall",0,0,0,0,0,0,0,0,0,0,0,0,0,0,0,0,0,0,0,0,0,0,0,0
6162,29,5,0,62502,54,"Speere und Magie",0,0,0,0,0,0,0,0,0,0,0,0,0,0,0,0,0,0,0,0,0,0,0,0
6163,30,5,0,62502,54,"Deserteure",0,0,0,0,0,0,0,0,0,0,0,0,0,0,0,0,0,0,0,0,0,0,0,0
6164,31,5,0,62502,54,"Holzschwerter",0,0,0,0,0,0,0,0,0,0,0,0,0,0,0,0,0,0,0,0,0,0,0,0
6165,32,5,0,62502,39,"Druidenpflichten",0,0,0,0,0,0,0,0,0,0,0,0,0,0,0,0,0,0,0,0,0,0,0,0
6166,33,10,0,62502,39,"Druiden-Explosion",0,0,0,0,0,0,0,0,0,0,0,0,0,0,0,0,0,0,0,0,0,0,0,0
6167,34,10,0,62502,39,"Auf der Walz",0,0,0,0,0,0,0,0,0,0,0,0,0,0,0,0,0,0,0,0,0,0,0,0
6168,35,10,0,62502,54,"Morsche Balken",0,0,0,0,0,0,0,0,0,0,0,0,0,0,0,0,0,0,0,0,0,0,0,0
6169,36,10,0,62502,54,"Gefiedert gewappnet",0,0,0,0,0,0,0,0,0,0,0,0,0,0,0,0,0,0,0,0,0,0,0,0
6170,37,10,0,62502,54,"Chocobo-Sattler",0,0,0,0,0,0,0,0,0,0,0,0,0,0,0,0,0,0,0,0,0,0,0,0
6171,38,10,0,62502,39,"Schilde zu zivilen Preisen",0,0,0,0,0,0,0,0,0,0,0,0,0,0,0,0,0,0,0,0,0,0,0,0
6172,871,10,0,62502,39,"リーヴテスト21",0,0,0,0,0,0,0,0,0,0,0,0,0,0,0,0,0,0,0,0,0,0,0,0
6173,39,15,0,62502,39,"Spitzenmäßiger Diebstahl",0,0,0,0,0,0,0,0,0,0,0,0,0,0,0,0,0,0,0,0,0,0,0,0
6174,40,15,0,62502,39,"Albträume",0,0,0,0,0,0,0,0,0,0,0,0,0,0,0,0,0,0,0,0,0,0,0,0
6175,41,15,0,62502,55,"Turmhohe Überlegenheit",0,0,0,0,0,0,0,0,0,0,0,0,0,0,0,0,0,0,0,0,0,0,0,0
6176,42,15,0,62502,55,"Maskerade",0,0,0,0,0,0,0,0,0,0,0,0,0,0,0,0,0,0,0,0,0,0,0,0
6177,43,15,0,62502,55,"Nix für ungut",0,0,0,0,0,0,0,0,0,0,0,0,0,0,0,0,0,0,0,0,0,0,0,0
6178,44,15,0,62502,39,"Den Bogen raus",0,0,0,0,0,0,0,0,0,0,0,0,0,0,0,0,0,0,0,0,0,0,0,0
6179,45,20,0,62502,39,"Da ist der Wurm drin",0,0,0,0,0,0,0,0,0,0,0,0,0,0,0,0,0,0,0,0,0,0,0,0
6180,46,20,0,62502,39,"Totenmasken",0,0,0,0,0,0,0,0,0,0,0,0,0,0,0,0,0,0,0,0,0,0,0,0
6181,47,20,0,62502,56,"Selbstverteidigung",0,0,0,0,0,0,0,0,0,0,0,0,0,0,0,0,0,0,0,0,0,0,0,0
6182,48,20,0,62502,56,"Speerschliff",0,0,0,0,0,0,0,0,0,0,0,0,0,0,0,0,0,0,0,0,0,0,0,0
6183,49,20,0,62502,56,"Speerweitwurf",0,0,0,0,0,0,0,0,0,0,0,0,0,0,0,0,0,0,0,0,0,0,0,0
6184,50,20,0,62502,56,"Walnussbetrug",0,0,0,0,0,0,0,0,0,0,0,0,0,0,0,0,0,0,0,0,0,0,0,0
6185,51,25,0,62502,39,"Weiße Vipern für unser Nesthäkchen",0,0,0,0,0,0,0,0,0,0,0,0,0,0,0,0,0,0,0,0,0,0,0,0
6186,52,25,0,62502,56,"Radaubrüder",0,0,0,0,0,0,0,0,0,0,0,0,0,0,0,0,0,0,0,0,0,0,0,0
6187,53,25,0,62502,39,"Edles Mobiliar",0,0,0,0,0,0,0,0,0,0,0,0,0,0,0,0,0,0,0,0,0,0,0,0
6188,54,25,0,62502,56,"Im Eifer des Gefechts",0,0,0,0,0,0,0,0,0,0,0,0,0,0,0,0,0,0,0,0,0,0,0,0
6189,55,25,0,62502,56,"Ritterschlag",0,0,0,0,0,0,0,0,0,0,0,0,0,0,0,0,0,0,0,0,0,0,0,0
6190,56,25,0,62502,56,"Erste Hilfe",0,0,0,0,0,0,0,0,0,0,0,0,0,0,0,0,0,0,0,0,0,0,0,0
6191,57,30,0,62502,32,"Mehr als ein Holzschwert",0,0,0,0,0,0,0,0,0,0,0,0,0,0,0,0,0,0,0,0,0,0,0,0
6192,58,30,0,62502,39,"Schießwettbewerb",0,0,0,0,0,0,0,0,0,0,0,0,0,0,0,0,0,0,0,0,0,0,0,0
6193,59,30,0,62502,39,"Lanzen in Massen",0,0,0,0,0,0,0,0,0,0,0,0,0,0,0,0,0,0,0,0,0,0,0,0
6194,60,30,0,62502,32,"Ein kurzer Langbogen",0,0,0,0,0,0,0,0,0,0,0,0,0,0,0,0,0,0,0,0,0,0,0,0
6195,61,30,0,62502,32,"Die besten Lanzen",0,0,0,0,0,0,0,0,0,0,0,0,0,0,0,0,0,0,0,0,0,0,0,0
6196,62,30,0,62502,32,"Hellebarden für den Mahlstrom",0,0,0,0,0,0,0,0,0,0,0,0,0,0,0,0,0,0,0,0,0,0,0,0
6197,63,35,0,62502,63,"Harpunen für das Haus Durendaire",0,0,0,0,0,0,0,0,0,0,0,0,0,0,0,0,0,0,0,0,0,0,0,0
6198,64,35,0,62502,39,"Lehrlingsstab für Druiden",0,0,0,0,0,0,0,0,0,0,0,0,0,0,0,0,0,0,0,0,0,0,0,0
6199,65,35,0,62502,39,"Holzschwerter-Spiele",0,0,0,0,0,0,0,0,0,0,0,0,0,0,0,0,0,0,0,0,0,0,0,0
6200,66,35,0,62502,63,"Eine leichte Aufgabe",0,0,0,0,0,0,0,0,0,0,0,0,0,0,0,0,0,0,0,0,0,0,0,0
6201,67,35,0,62502,63,"Nasse Füße",0,0,0,0,0,0,0,0,0,0,0,0,0,0,0,0,0,0,0,0,0,0,0,0
6202,68,35,0,62502,63,"Ritterliche Bögen",0,0,0,0,0,0,0,0,0,0,0,0,0,0,0,0,0,0,0,0,0,0,0,0
6203,69,40,0,62502,63,"Lanzen gegen Drachen",0,0,0,0,0,0,0,0,0,0,0,0,0,0,0,0,0,0,0,0,0,0,0,0
6204,70,40,0,62502,39,"Jade für junge Druiden",0,0,0,0,0,0,0,0,0,0,0,0,0,0,0,0,0,0,0,0,0,0,0,0
6205,71,40,0,62502,39,"Spinnrad gefällig?",0,0,0,0,0,0,0,0,0,0,0,0,0,0,0,0,0,0,0,0,0,0,0,0
6206,72,40,0,62502,63,"Durchschlagende Argumente",0,0,0,0,0,0,0,0,0,0,0,0,0,0,0,0,0,0,0,0,0,0,0,0
6207,73,40,0,62502,63,"Schleifend voran",0,0,0,0,0,0,0,0,0,0,0,0,0,0,0,0,0,0,0,0,0,0,0,0
6208,74,40,0,62502,63,"Mit leeren Händen",0,0,0,0,0,0,0,0,0,0,0,0,0,0,0,0,0,0,0,0,0,0,0,0
6209,75,45,0,62502,67,"Auf Granit gebissen",0,0,0,0,0,0,0,0,0,0,0,0,0,0,0,0,0,0,0,0,0,0,0,0
6210,76,45,0,62502,39,"Mahagoni-Oper",0,0,0,0,0,0,0,0,0,0,0,0,0,0,0,0,0,0,0,0,0,0,0,0
6211,77,45,0,62502,39,"Nur das Beste vom Besten",0,0,0,0,0,0,0,0,0,0,0,0,0,0,0,0,0,0,0,0,0,0,0,0
6212,78,45,0,62502,67,"Im hohen Bogen",0,0,0,0,0,0,0,0,0,0,0,0,0,0,0,0,0,0,0,0,0,0,0,0
6213,79,45,0,62502,67,"Bogenlos",0,0,0,0,0,0,0,0,0,0,0,0,0,0,0,0,0,0,0,0,0,0,0,0
6214,80,45,0,62502,67,"Alte Magie",0,0,0,0,0,0,0,0,0,0,0,0,0,0,0,0,0,0,0,0,0,0,0,0
6215,908,50,0,62502,62,"Zedern für die Pioniere",0,0,0,0,0,0,0,0,0,0,0,0,0,0,0,0,0,0,0,0,0,0,0,0
6216,909,50,0,62502,62,"Zu den Speeren!",0,0,0,0,0,0,0,0,0,0,0,0,0,0,0,0,0,0,0,0,0,0,0,0
6217,910,50,0,62502,62,"Mit Pfeil und Bogen",0,0,0,0,0,0,0,0,0,0,0,0,0,0,0,0,0,0,0,0,0,0,0,0
6218,911,50,0,62502,62,"Großfreibrief: Zedern für die Pioniere",0,0,0,0,0,0,0,0,0,0,0,0,0,0,0,0,0,0,0,0,0,0,0,0
6219,912,50,0,62502,62,"Großfreibrief: Zu den Speeren!",0,0,0,0,0,0,0,0,0,0,0,0,0,0,0,0,0,0,0,0,0,0,0,0
6220,913,50,0,62502,62,"Großfreibrief: Mit Pfeil und Bogen",0,0,0,0,0,0,0,0,0,0,0,0,0,0,0,0,0,0,0,0,0,0,0,0
6221,914,52,0,62502,62,"Ein Bogen gefertigt von Meisterhand",0,0,0,0,0,0,0,0,0,0,0,0,0,0,0,0,0,0,0,0,0,0,0,0
6222,915,52,0,62502,62,"Anglerfamilie",0,0,0,0,0,0,0,0,0,0,0,0,0,0,0,0,0,0,0,0,0,0,0,0
6223,916,52,0,62502,62,"Ein Dank an die Helfer",0,0,0,0,0,0,0,0,0,0,0,0,0,0,0,0,0,0,0,0,0,0,0,0
6224,917,52,0,62502,62,"Großfreibrief: Bögen gefertigt von Meisterhand",0,0,0,0,0,0,0,0,0,0,0,0,0,0,0,0,0,0,0,0,0,0,0,0
6225,918,52,0,62502,62,"Großfreibrief: Anglerfamilie",0,0,0,0,0,0,0,0,0,0,0,0,0,0,0,0,0,0,0,0,0,0,0,0
6226,919,52,0,62502,62,"Großfreibrief: Ein Dank an die Helfer",0,0,0,0,0,0,0,0,0,0,0,0,0,0,0,0,0,0,0,0,0,0,0,0
6227,920,54,0,62502,62,"Maturitätsprüfung",0,0,0,0,0,0,0,0,0,0,0,0,0,0,0,0,0,0,0,0,0,0,0,0
6228,921,54,0,62502,62,"Die spinnen, die Tempelritter",0,0,0,0,0,0,0,0,0,0,0,0,0,0,0,0,0,0,0,0,0,0,0,0
6229,922,54,0,62502,62,"Holz für den Karrenbau",0,0,0,0,0,0,0,0,0,0,0,0,0,0,0,0,0,0,0,0,0,0,0,0
6230,923,54,0,62502,62,"Großfreibrief: Maturitätsprüfung",0,0,0,0,0,0,0,0,0,0,0,0,0,0,0,0,0,0,0,0,0,0,0,0
6231,924,54,0,62502,62,"Großfreibrief: Die spinnen, die Tempelritter",0,0,0,0,0,0,0,0,0,0,0,0,0,0,0,0,0,0,0,0,0,0,0,0
6232,925,54,0,62502,62,"Großfreibrief: Holz für den Karrenbau",0,0,0,0,0,0,0,0,0,0,0,0,0,0,0,0,0,0,0,0,0,0,0,0
6233,926,56,0,62502,62,"Zimmern für die Zimmerer",0,0,0,0,0,0,0,0,0,0,0,0,0,0,0,0,0,0,0,0,0,0,0,0
6234,927,56,0,62502,62,"Versorgungsengpass",0,0,0,0,0,0,0,0,0,0,0,0,0,0,0,0,0,0,0,0,0,0,0,0
6235,928,56,0,62502,62,"Ausrüstung mangelhaft",0,0,0,0,0,0,0,0,0,0,0,0,0,0,0,0,0,0,0,0,0,0,0,0
6236,929,56,0,62502,62,"Großfreibrief: Zimmern für die Zimmerer",0,0,0,0,0,0,0,0,0,0,0,0,0,0,0,0,0,0,0,0,0,0,0,0
6237,930,56,0,62502,62,"Großfreibrief: Versorgungsengpass",0,0,0,0,0,0,0,0,0,0,0,0,0,0,0,0,0,0,0,0,0,0,0,0
6238,931,56,0,62502,62,"Großfreibrief: Ausrüstung mangelhaft",0,0,0,0,0,0,0,0,0,0,0,0,0,0,0,0,0,0,0,0,0,0,0,0
6239,932,58,0,62502,62,"Ein neuer Wachturm für Ishgard",0,0,0,0,0,0,0,0,0,0,0,0,0,0,0,0,0,0,0,0,0,0,0,0
6240,933,58,0,62502,62,"Geschliffen zum Sieg",0,0,0,0,0,0,0,0,0,0,0,0,0,0,0,0,0,0,0,0,0,0,0,0
6241,934,58,0,62502,62,"Lanzen für die Ritter",0,0,0,0,0,0,0,0,0,0,0,0,0,0,0,0,0,0,0,0,0,0,0,0
6242,935,58,0,62502,62,"Großfreibrief: Ein neuer Wachturm für Ishgard",0,0,0,0,0,0,0,0,0,0,0,0,0,0,0,0,0,0,0,0,0,0,0,0
6243,936,58,0,62502,62,"Großfreibrief: Geschliffen zum Sieg",0,0,0,0,0,0,0,0,0,0,0,0,0,0,0,0,0,0,0,0,0,0,0,0
6244,937,58,0,62502,62,"Großfreibrief: Lanzen für die Ritter",0,0,0,0,0,0,0,0,0,0,0,0,0,0,0,0,0,0,0,0,0,0,0,0
6245,1238,60,0,62502,2404,"Über Stock und Stein",0,0,0,0,0,0,0,0,0,0,0,0,0,0,0,0,0,0,0,0,0,0,0,0
6246,1239,60,0,62502,2404,"Fischer angeln",0,0,0,0,0,0,0,0,0,0,0,0,0,0,0,0,0,0,0,0,0,0,0,0
6247,1240,60,0,62502,2404,"Traumhafte Buche",0,0,0,0,0,0,0,0,0,0,0,0,0,0,0,0,0,0,0,0,0,0,0,0
6248,1241,62,0,62502,2404,"Zeremonielle Waffen",0,0,0,0,0,0,0,0,0,0,0,0,0,0,0,0,0,0,0,0,0,0,0,0
6249,1242,62,0,62502,2404,"Komposition",0,0,0,0,0,0,0,0,0,0,0,0,0,0,0,0,0,0,0,0,0,0,0,0
6250,1243,62,0,62502,2404,"Hölzerne Accessoires",0,0,0,0,0,0,0,0,0,0,0,0,0,0,0,0,0,0,0,0,0,0,0,0
6251,1244,64,0,62502,2404,"Werkzeuge des Westens",0,0,0,0,0,0,0,0,0,0,0,0,0,0,0,0,0,0,0,0,0,0,0,0
6252,1245,64,0,62502,2404,"Narben der Natur",0,0,0,0,0,0,0,0,0,0,0,0,0,0,0,0,0,0,0,0,0,0,0,0
6253,1246,64,0,62502,2404,"Nur nicht straucheln",0,0,0,0,0,0,0,0,0,0,0,0,0,0,0,0,0,0,0,0,0,0,0,0
6254,1247,66,0,62502,2404,"Der Preis des Ruhms",0,0,0,0,0,0,0,0,0,0,0,0,0,0,0,0,0,0,0,0,0,0,0,0
6255,1248,66,0,62502,2404,"Liebe geht über die Ohren",0,0,0,0,0,0,0,0,0,0,0,0,0,0,0,0,0,0,0,0,0,0,0,0
6256,1249,66,0,62502,2404,"Fischer am Haken",0,0,0,0,0,0,0,0,0,0,0,0,0,0,0,0,0,0,0,0,0,0,0,0
6257,1250,68,0,62502,2404,"An den Kragen",0,0,0,0,0,0,0,0,0,0,0,0,0,0,0,0,0,0,0,0,0,0,0,0
6258,1251,68,0,62502,2404,"Faszination Zelkove",0,0,0,0,0,0,0,0,0,0,0,0,0,0,0,0,0,0,0,0,0,0,0,0
6259,1252,68,0,62502,2404,"Berittene Bogenschützen",0,0,0,0,0,0,0,0,0,0,0,0,0,0,0,0,0,0,0,0,0,0,0,0
6260,1403,70,0,62502,2951,"Möbelreihe „Robusta“",0,0,0,0,0,0,0,0,0,0,0,0,0,0,0,0,0,0,0,0,0,0,0,0
6261,1404,70,0,62502,2951,"Angeln mit Zukunft",0,0,0,0,0,0,0,0,0,0,0,0,0,0,0,0,0,0,0,0,0,0,0,0
6262,1405,70,0,62502,2951,"Eine Menge Holz",0,0,0,0,0,0,0,0,0,0,0,0,0,0,0,0,0,0,0,0,0,0,0,0
6263,1406,72,0,62502,2951,"Trainingsspeere",0,0,0,0,0,0,0,0,0,0,0,0,0,0,0,0,0,0,0,0,0,0,0,0
6264,1407,72,0,62502,2951,"Den Bogen raushaben",0,0,0,0,0,0,0,0,0,0,0,0,0,0,0,0,0,0,0,0,0,0,0,0
6265,1408,72,0,62502,2951,"Auswahl der Heiler",0,0,0,0,0,0,0,0,0,0,0,0,0,0,0,0,0,0,0,0,0,0,0,0
6266,1409,74,0,62502,2951,"Beständige Behandlungsbetten",0,0,0,0,0,0,0,0,0,0,0,0,0,0,0,0,0,0,0,0,0,0,0,0
6267,1410,74,0,62502,2951,"Streng geheimer Auftrag",0,0,0,0,0,0,0,0,0,0,0,0,0,0,0,0,0,0,0,0,0,0,0,0
6268,1411,74,0,62502,2951,"Mehr Holz - noch mehr Gil",0,0,0,0,0,0,0,0,0,0,0,0,0,0,0,0,0,0,0,0,0,0,0,0
6269,1412,76,0,62502,2951,"Magische Kriegsführung",0,0,0,0,0,0,0,0,0,0,0,0,0,0,0,0,0,0,0,0,0,0,0,0
6270,1413,76,0,62502,2951,"Allerhöchster Schlafkomfort",0,0,0,0,0,0,0,0,0,0,0,0,0,0,0,0,0,0,0,0,0,0,0,0
6271,1414,76,0,62502,2951,"Umsatzsteigerung erwünscht",0,0,0,0,0,0,0,0,0,0,0,0,0,0,0,0,0,0,0,0,0,0,0,0
6272,1415,78,0,62502,2951,"Mit Geschenken an die Front",0,0,0,0,0,0,0,0,0,0,0,0,0,0,0,0,0,0,0,0,0,0,0,0
6273,1416,78,0,62502,2951,"Hölzerne Romantik",0,0,0,0,0,0,0,0,0,0,0,0,0,0,0,0,0,0,0,0,0,0,0,0
6274,1417,78,0,62502,2951,"Schutz im Ohr",0,0,0,0,0,0,0,0,0,0,0,0,0,0,0,0,0,0,0,0,0,0,0,0
6275,1568,80,0,62502,3706,"Holz eines Tenkonto",0,0,0,0,0,0,0,0,0,0,0,0,0,0,0,0,0,0,0,0,0,0,0,0
6276,1569,80,0,62502,3706,"Schleifende Forschung",0,0,0,0,0,0,0,0,0,0,0,0,0,0,0,0,0,0,0,0,0,0,0,0
6277,1570,82,0,62502,3706,"Ohrringe für die Bühne",0,0,0,0,0,0,0,0,0,0,0,0,0,0,0,0,0,0,0,0,0,0,0,0
6278,1571,82,0,62502,3706,"Vergleichende Materialforschung",0,0,0,0,0,0,0,0,0,0,0,0,0,0,0,0,0,0,0,0,0,0,0,0
6279,1572,84,0,62502,3706,"Ein besserer Leiter",0,0,0,0,0,0,0,0,0,0,0,0,0,0,0,0,0,0,0,0,0,0,0,0
6280,1573,84,0,62502,3706,"Den Rat am Haken",0,0,0,0,0,0,0,0,0,0,0,0,0,0,0,0,0,0,0,0,0,0,0,0
6281,1574,86,0,62502,3706,"Überzeugende Requisiten",0,0,0,0,0,0,0,0,0,0,0,0,0,0,0,0,0,0,0,0,0,0,0,0
6282,1575,86,0,62502,3706,"Ein passionierter Spinner",0,0,0,0,0,0,0,0,0,0,0,0,0,0,0,0,0,0,0,0,0,0,0,0
6283,1576,88,0,62502,3706,"Annalen Garlemalds II",0,0,0,0,0,0,0,0,0,0,0,0,0,0,0,0,0,0,0,0,0,0,0,0
6284,1577,88,0,62502,3706,"Eine integrale Ausrüstung",0,0,0,0,0,0,0,0,0,0,0,0,0,0,0,0,0,0,0,0,0,0,0,0
6285,1688,90,0,62502,4504,"Rumpfschäden",0,0,0,0,0,0,0,0,0,0,0,0,0,0,0,0,0,0,0,0,0,0,0,0
6286,1689,90,0,62502,4504,"Rustikale Ohrringe",0,0,0,0,0,0,0,0,0,0,0,0,0,0,0,0,0,0,0,0,0,0,0,0
6287,1690,92,0,62502,4504,"Lärmbeschwerden",0,0,0,0,0,0,0,0,0,0,0,0,0,0,0,0,0,0,0,0,0,0,0,0
6288,1691,92,0,62502,4504,"Kultureller Austausch",0,0,0,0,0,0,0,0,0,0,0,0,0,0,0,0,0,0,0,0,0,0,0,0
6289,1692,94,0,62502,4504,"Schöner Wohnen",0,0,0,0,0,0,0,0,0,0,0,0,0,0,0,0,0,0,0,0,0,0,0,0
6290,1693,94,0,62502,4504,"Müßiggang am Strand",0,0,0,0,0,0,0,0,0,0,0,0,0,0,0,0,0,0,0,0,0,0,0,0
6291,1694,96,0,62502,4504,"Ersatzbögen",0,0,0,0,0,0,0,0,0,0,0,0,0,0,0,0,0,0,0,0,0,0,0,0
6292,1695,96,0,62502,4504,"Große Reisen",0,0,0,0,0,0,0,0,0,0,0,0,0,0,0,0,0,0,0,0,0,0,0,0
6293,1696,98,0,62502,4504,"Der furchtbare Dragoon",0,0,0,0,0,0,0,0,0,0,0,0,0,0,0,0,0,0,0,0,0,0,0,0
6294,1697,98,0,62502,4504,"Andenken an Tural",0,0,0,0,0,0,0,0,0,0,0,0,0,0,0,0,0,0,0,0,0,0,0,0
6295,141,1,0,62503,27,"Beile mit Eile",0,0,0,0,0,0,0,0,0,0,0,0,0,0,0,0,0,0,0,0,0,0,0,0
6296,142,1,0,62503,27,"Bronzeboom (Grobschmiede)",0,0,0,0,0,0,0,0,0,0,0,0,0,0,0,0,0,0,0,0,0,0,0,0
6297,143,1,0,62503,31,"Neue Nieten braucht das Land (Grobschmiede)",0,0,0,0,0,0,0,0,0,0,0,0,0,0,0,0,0,0,0,0,0,0,0,0
6298,144,1,0,62503,31,"Äxte für die Koboldernte",0,0,0,0,0,0,0,0,0,0,0,0,0,0,0,0,0,0,0,0,0,0,0,0
6299,145,1,0,62503,31,"Ein unsäglicher Zustand",0,0,0,0,0,0,0,0,0,0,0,0,0,0,0,0,0,0,0,0,0,0,0,0
6300,146,1,0,62503,27,"La Dolche Vita",0,0,0,0,0,0,0,0,0,0,0,0,0,0,0,0,0,0,0,0,0,0,0,0
6301,147,5,0,62503,27,"Küchentrends",0,0,0,0,0,0,0,0,0,0,0,0,0,0,0,0,0,0,0,0,0,0,0,0
6302,148,5,0,62503,27,"Expansionspläne",0,0,0,0,0,0,0,0,0,0,0,0,0,0,0,0,0,0,0,0,0,0,0,0
6303,149,5,0,62503,31,"Auf Messers Schneide",0,0,0,0,0,0,0,0,0,0,0,0,0,0,0,0,0,0,0,0,0,0,0,0
6304,150,5,0,62503,31,"Laborausrüstung",0,0,0,0,0,0,0,0,0,0,0,0,0,0,0,0,0,0,0,0,0,0,0,0
6305,151,5,0,62503,31,"Hammerzeit",0,0,0,0,0,0,0,0,0,0,0,0,0,0,0,0,0,0,0,0,0,0,0,0
6306,152,5,0,62503,27,"Hackentrick",0,0,0,0,0,0,0,0,0,0,0,0,0,0,0,0,0,0,0,0,0,0,0,0
6307,153,10,0,62503,27,"Glückes Schmied",0,0,0,0,0,0,0,0,0,0,0,0,0,0,0,0,0,0,0,0,0,0,0,0
6308,154,10,0,62503,27,"Das ist Spatha!",0,0,0,0,0,0,0,0,0,0,0,0,0,0,0,0,0,0,0,0,0,0,0,0
6309,155,10,0,62503,33,"Waffen zum Bierhafen",0,0,0,0,0,0,0,0,0,0,0,0,0,0,0,0,0,0,0,0,0,0,0,0
6310,156,10,0,62503,33,"Schmiedezeug ins ferne Lagerhaus",0,0,0,0,0,0,0,0,0,0,0,0,0,0,0,0,0,0,0,0,0,0,0,0
6311,157,10,0,62503,33,"Gerberzeug fürs Verkaufsgenie",0,0,0,0,0,0,0,0,0,0,0,0,0,0,0,0,0,0,0,0,0,0,0,0
6312,158,10,0,62503,27,"Beliebte Äxte",0,0,0,0,0,0,0,0,0,0,0,0,0,0,0,0,0,0,0,0,0,0,0,0
6313,159,15,0,62503,27,"Eisenboom",0,0,0,0,0,0,0,0,0,0,0,0,0,0,0,0,0,0,0,0,0,0,0,0
6314,160,15,0,62503,27,"Made in Limsa Lominsa",0,0,0,0,0,0,0,0,0,0,0,0,0,0,0,0,0,0,0,0,0,0,0,0
6315,161,15,0,62503,33,"Klar Schiff",0,0,0,0,0,0,0,0,0,0,0,0,0,0,0,0,0,0,0,0,0,0,0,0
6316,162,15,0,62503,33,"Eisenfäuste",0,0,0,0,0,0,0,0,0,0,0,0,0,0,0,0,0,0,0,0,0,0,0,0
6317,163,15,0,62503,33,"Marktexpansion",0,0,0,0,0,0,0,0,0,0,0,0,0,0,0,0,0,0,0,0,0,0,0,0
6318,164,15,0,62503,27,"Hamma n Hammer?",0,0,0,0,0,0,0,0,0,0,0,0,0,0,0,0,0,0,0,0,0,0,0,0
6319,165,20,0,62503,27,"Neue Erzvorkommen",0,0,0,0,0,0,0,0,0,0,0,0,0,0,0,0,0,0,0,0,0,0,0,0
6320,166,20,0,62503,27,"Erfolgreiche Ver<hex:02160103>hand<hex:02160103>lungen",0,0,0,0,0,0,0,0,0,0,0,0,0,0,0,0,0,0,0,0,0,0,0,0
6321,167,20,0,62503,56,"Ein Steinwall für Mühlenbruch",0,0,0,0,0,0,0,0,0,0,0,0,0,0,0,0,0,0,0,0,0,0,0,0
6322,168,20,0,62503,56,"Mühlenbruchs neue Palisade",0,0,0,0,0,0,0,0,0,0,0,0,0,0,0,0,0,0,0,0,0,0,0,0
6323,169,20,0,62503,56,"Mühlenbruch braucht Schwerter",0,0,0,0,0,0,0,0,0,0,0,0,0,0,0,0,0,0,0,0,0,0,0,0
6324,170,20,0,62503,56,"Faustkämpferbedarf",0,0,0,0,0,0,0,0,0,0,0,0,0,0,0,0,0,0,0,0,0,0,0,0
6325,171,25,0,62503,27,"Gut und billig",0,0,0,0,0,0,0,0,0,0,0,0,0,0,0,0,0,0,0,0,0,0,0,0
6326,172,25,0,62503,56,"Pflugscharen zu Schwertern",0,0,0,0,0,0,0,0,0,0,0,0,0,0,0,0,0,0,0,0,0,0,0,0
6327,173,25,0,62503,27,"Erfolgreiche Geschäfte",0,0,0,0,0,0,0,0,0,0,0,0,0,0,0,0,0,0,0,0,0,0,0,0
6328,174,25,0,62503,56,"Schärft eure Schwerter",0,0,0,0,0,0,0,0,0,0,0,0,0,0,0,0,0,0,0,0,0,0,0,0
6329,175,25,0,62503,56,"Erfolgreiche Qualitätskontrolle",0,0,0,0,0,0,0,0,0,0,0,0,0,0,0,0,0,0,0,0,0,0,0,0
6330,176,25,0,62503,56,"Notstand im Mühlenbruch-Lazarett",0,0,0,0,0,0,0,0,0,0,0,0,0,0,0,0,0,0,0,0,0,0,0,0
6331,177,30,0,62503,32,"Tanzende Schwerter",0,0,0,0,0,0,0,0,0,0,0,0,0,0,0,0,0,0,0,0,0,0,0,0
6332,178,30,0,62503,27,"Und der Gewinner ist",0,0,0,0,0,0,0,0,0,0,0,0,0,0,0,0,0,0,0,0,0,0,0,0
6333,179,30,0,62503,27,"Eine große Chance",0,0,0,0,0,0,0,0,0,0,0,0,0,0,0,0,0,0,0,0,0,0,0,0
6334,180,30,0,62503,32,"Luftige Kleidung",0,0,0,0,0,0,0,0,0,0,0,0,0,0,0,0,0,0,0,0,0,0,0,0
6335,181,30,0,62503,32,"Kokosnussgenuss",0,0,0,0,0,0,0,0,0,0,0,0,0,0,0,0,0,0,0,0,0,0,0,0
6336,182,30,0,62503,32,"Aber Sichel doch",0,0,0,0,0,0,0,0,0,0,0,0,0,0,0,0,0,0,0,0,0,0,0,0
6337,183,35,0,62503,63,"Für den Fall der Fälle",0,0,0,0,0,0,0,0,0,0,0,0,0,0,0,0,0,0,0,0,0,0,0,0
6338,184,35,0,62503,27,"Ahle gesucht",0,0,0,0,0,0,0,0,0,0,0,0,0,0,0,0,0,0,0,0,0,0,0,0
6339,185,35,0,62503,27,"Feine Gewürze, schwere Mörser",0,0,0,0,0,0,0,0,0,0,0,0,0,0,0,0,0,0,0,0,0,0,0,0
6340,186,35,0,62503,63,"O'zapft is!",0,0,0,0,0,0,0,0,0,0,0,0,0,0,0,0,0,0,0,0,0,0,0,0
6341,187,35,0,62503,63,"Aus Fell mach Haute Couture",0,0,0,0,0,0,0,0,0,0,0,0,0,0,0,0,0,0,0,0,0,0,0,0
6342,188,35,0,62503,63,"Isoliert und vergessen",0,0,0,0,0,0,0,0,0,0,0,0,0,0,0,0,0,0,0,0,0,0,0,0
6343,189,40,0,62503,63,"Vorschlaghammermethode",0,0,0,0,0,0,0,0,0,0,0,0,0,0,0,0,0,0,0,0,0,0,0,0
6344,190,40,0,62503,27,"Qualität hält ein Leben lang",0,0,0,0,0,0,0,0,0,0,0,0,0,0,0,0,0,0,0,0,0,0,0,0
6345,191,40,0,62503,27,"Am Schiff feilen",0,0,0,0,0,0,0,0,0,0,0,0,0,0,0,0,0,0,0,0,0,0,0,0
6346,192,40,0,62503,63,"Des Meisters Utensilien",0,0,0,0,0,0,0,0,0,0,0,0,0,0,0,0,0,0,0,0,0,0,0,0
6347,193,40,0,62503,63,"Verbeulte Rüstungen",0,0,0,0,0,0,0,0,0,0,0,0,0,0,0,0,0,0,0,0,0,0,0,0
6348,194,40,0,62503,63,"Hämmer für Durendaire",0,0,0,0,0,0,0,0,0,0,0,0,0,0,0,0,0,0,0,0,0,0,0,0
6349,195,45,0,62503,67,"Frohes Putzen",0,0,0,0,0,0,0,0,0,0,0,0,0,0,0,0,0,0,0,0,0,0,0,0
6350,196,45,0,62503,27,"Feine Feilen",0,0,0,0,0,0,0,0,0,0,0,0,0,0,0,0,0,0,0,0,0,0,0,0
6351,197,45,0,62503,27,"Zangenbrecher",0,0,0,0,0,0,0,0,0,0,0,0,0,0,0,0,0,0,0,0,0,0,0,0
6352,198,45,0,62503,67,"Kräftige Schläge",0,0,0,0,0,0,0,0,0,0,0,0,0,0,0,0,0,0,0,0,0,0,0,0
6353,199,45,0,62503,67,"Zelte aufbauen",0,0,0,0,0,0,0,0,0,0,0,0,0,0,0,0,0,0,0,0,0,0,0,0
6354,200,45,0,62503,67,"Äther gegen Hammer",0,0,0,0,0,0,0,0,0,0,0,0,0,0,0,0,0,0,0,0,0,0,0,0
6355,968,50,0,62503,62,"Zu den Schwertern!",0,0,0,0,0,0,0,0,0,0,0,0,0,0,0,0,0,0,0,0,0,0,0,0
6356,969,50,0,62503,62,"Hoch die Patas!",0,0,0,0,0,0,0,0,0,0,0,0,0,0,0,0,0,0,0,0,0,0,0,0
6357,970,50,0,62503,62,"Drachen-Abwehr",0,0,0,0,0,0,0,0,0,0,0,0,0,0,0,0,0,0,0,0,0,0,0,0
6358,971,50,0,62503,62,"Großfreibrief: Zu den Schwertern!",0,0,0,0,0,0,0,0,0,0,0,0,0,0,0,0,0,0,0,0,0,0,0,0
6359,972,50,0,62503,62,"Großfreibrief: Hoch die Patas!",0,0,0,0,0,0,0,0,0,0,0,0,0,0,0,0,0,0,0,0,0,0,0,0
6360,973,50,0,62503,62,"Großfreibrief: Drachen-Abwehr",0,0,0,0,0,0,0,0,0,0,0,0,0,0,0,0,0,0,0,0,0,0,0,0
6361,974,52,0,62503,62,"Eine Waffe für den Scharfrichter",0,0,0,0,0,0,0,0,0,0,0,0,0,0,0,0,0,0,0,0,0,0,0,0
6362,975,52,0,62503,62,"Waren<hex:02160103>trans<hex:02160103>porte",0,0,0,0,0,0,0,0,0,0,0,0,0,0,0,0,0,0,0,0,0,0,0,0
6363,976,52,0,62503,62,"Ohne Mampf kein Kampf",0,0,0,0,0,0,0,0,0,0,0,0,0,0,0,0,0,0,0,0,0,0,0,0
6364,977,52,0,62503,62,"Großfreibrief: Waffen für die Scharfrichter",0,0,0,0,0,0,0,0,0,0,0,0,0,0,0,0,0,0,0,0,0,0,0,0
6365,978,52,0,62503,62,"Großfreibrief: Waren<hex:02160103>trans<hex:02160103>porte",0,0,0,0,0,0,0,0,0,0,0,0,0,0,0,0,0,0,0,0,0,0,0,0
6366,979,52,0,62503,62,"Großfreibrief: Ohne Mampf kein Kampf",0,0,0,0,0,0,0,0,0,0,0,0,0,0,0,0,0,0,0,0,0,0,0,0
6367,980,54,0,62503,62,"Nichts wird verschwendet",0,0,0,0,0,0,0,0,0,0,0,0,0,0,0,0,0,0,0,0,0,0,0,0
6368,981,54,0,62503,62,"Neue Zimmerer braucht das Land",0,0,0,0,0,0,0,0,0,0,0,0,0,0,0,0,0,0,0,0,0,0,0,0
6369,982,54,0,62503,62,"Großabnehmer",0,0,0,0,0,0,0,0,0,0,0,0,0,0,0,0,0,0,0,0,0,0,0,0
6370,983,54,0,62503,62,"Großfreibrief: Nichts wird verschwendet",0,0,0,0,0,0,0,0,0,0,0,0,0,0,0,0,0,0,0,0,0,0,0,0
6371,984,54,0,62503,62,"Großfreibrief: Neue Zimmerer braucht das Land",0,0,0,0,0,0,0,0,0,0,0,0,0,0,0,0,0,0,0,0,0,0,0,0
6372,985,54,0,62503,62,"Großfreibrief: Großabnehmer",0,0,0,0,0,0,0,0,0,0,0,0,0,0,0,0,0,0,0,0,0,0,0,0
6373,986,56,0,62503,62,"Auf die Spitze getrieben",0,0,0,0,0,0,0,0,0,0,0,0,0,0,0,0,0,0,0,0,0,0,0,0
6374,987,56,0,62503,62,"Weiterverarbeitung",0,0,0,0,0,0,0,0,0,0,0,0,0,0,0,0,0,0,0,0,0,0,0,0
6375,988,56,0,62503,62,"Schmieden für die Tempelritter",0,0,0,0,0,0,0,0,0,0,0,0,0,0,0,0,0,0,0,0,0,0,0,0
6376,989,56,0,62503,62,"Großfreibrief: Auf die Spitze getrieben",0,0,0,0,0,0,0,0,0,0,0,0,0,0,0,0,0,0,0,0,0,0,0,0
6377,990,56,0,62503,62,"Großfreibrief: Weiterverarbeitung",0,0,0,0,0,0,0,0,0,0,0,0,0,0,0,0,0,0,0,0,0,0,0,0
6378,991,56,0,62503,62,"Großfreibrief: Schmieden für die Tempelritter",0,0,0,0,0,0,0,0,0,0,0,0,0,0,0,0,0,0,0,0,0,0,0,0
6379,992,58,0,62503,62,"Robuste Spitzen",0,0,0,0,0,0,0,0,0,0,0,0,0,0,0,0,0,0,0,0,0,0,0,0
6380,993,58,0,62503,62,"Schnee von gestern",0,0,0,0,0,0,0,0,0,0,0,0,0,0,0,0,0,0,0,0,0,0,0,0
6381,994,58,0,62503,62,"Jeder Schlag ein Treffer",0,0,0,0,0,0,0,0,0,0,0,0,0,0,0,0,0,0,0,0,0,0,0,0
6382,995,58,0,62503,62,"Großfreibrief: Robuste Spitzen",0,0,0,0,0,0,0,0,0,0,0,0,0,0,0,0,0,0,0,0,0,0,0,0
6383,996,58,0,62503,62,"Großfreibrief: Schnee von gestern",0,0,0,0,0,0,0,0,0,0,0,0,0,0,0,0,0,0,0,0,0,0,0,0
6384,997,58,0,62503,62,"Großfreibrief: Jeder Schlag ein Treffer",0,0,0,0,0,0,0,0,0,0,0,0,0,0,0,0,0,0,0,0,0,0,0,0
6385,1268,60,0,62503,2404,"Mit Feder und Schwert bewaffnet",0,0,0,0,0,0,0,0,0,0,0,0,0,0,0,0,0,0,0,0,0,0,0,0
6386,1269,60,0,62503,2404,"Dolchverleiher",0,0,0,0,0,0,0,0,0,0,0,0,0,0,0,0,0,0,0,0,0,0,0,0
6387,1270,60,0,62503,2404,"Edle Nuggets",0,0,0,0,0,0,0,0,0,0,0,0,0,0,0,0,0,0,0,0,0,0,0,0
6388,1271,62,0,62503,2404,"Versteckte Dolche",0,0,0,0,0,0,0,0,0,0,0,0,0,0,0,0,0,0,0,0,0,0,0,0
6389,1272,62,0,62503,2404,"Hammerzeit",0,0,0,0,0,0,0,0,0,0,0,0,0,0,0,0,0,0,0,0,0,0,0,0
6390,1273,62,0,62503,2404,"Am Erfolg feilen",0,0,0,0,0,0,0,0,0,0,0,0,0,0,0,0,0,0,0,0,0,0,0,0
6391,1274,64,0,62503,2404,"Messerscharf",0,0,0,0,0,0,0,0,0,0,0,0,0,0,0,0,0,0,0,0,0,0,0,0
6392,1275,64,0,62503,2404,"Stahlharte Konkurrenz",0,0,0,0,0,0,0,0,0,0,0,0,0,0,0,0,0,0,0,0,0,0,0,0
6393,1276,64,0,62503,2404,"Mit der Axt ins Haus",0,0,0,0,0,0,0,0,0,0,0,0,0,0,0,0,0,0,0,0,0,0,0,0
6394,1277,66,0,62503,2404,"Sag mir, wo die Sägen sind",0,0,0,0,0,0,0,0,0,0,0,0,0,0,0,0,0,0,0,0,0,0,0,0
6395,1278,66,0,62503,2404,"Stoßfester Mörser",0,0,0,0,0,0,0,0,0,0,0,0,0,0,0,0,0,0,0,0,0,0,0,0
6396,1279,66,0,62503,2404,"Scharf auf Samurai-Schwerter",0,0,0,0,0,0,0,0,0,0,0,0,0,0,0,0,0,0,0,0,0,0,0,0
6397,1280,68,0,62503,2404,"Mit vollen Segeln",0,0,0,0,0,0,0,0,0,0,0,0,0,0,0,0,0,0,0,0,0,0,0,0
6398,1281,68,0,62503,2404,"Heiße Phase",0,0,0,0,0,0,0,0,0,0,0,0,0,0,0,0,0,0,0,0,0,0,0,0
6399,1282,68,0,62503,2404,"Schweres Geschütz",0,0,0,0,0,0,0,0,0,0,0,0,0,0,0,0,0,0,0,0,0,0,0,0
6400,1433,70,0,62503,2951,"Immer was auf Lager",0,0,0,0,0,0,0,0,0,0,0,0,0,0,0,0,0,0,0,0,0,0,0,0
6401,1434,70,0,62503,2951,"Waffentestverkauf",0,0,0,0,0,0,0,0,0,0,0,0,0,0,0,0,0,0,0,0,0,0,0,0
6402,1435,70,0,62503,2951,"Hammermäßige Umsätze erwartet",0,0,0,0,0,0,0,0,0,0,0,0,0,0,0,0,0,0,0,0,0,0,0,0
6403,1436,72,0,62503,2951,"Wie die Axt in der Monsterhorde",0,0,0,0,0,0,0,0,0,0,0,0,0,0,0,0,0,0,0,0,0,0,0,0
6404,1437,72,0,62503,2951,"Immer feste drauf",0,0,0,0,0,0,0,0,0,0,0,0,0,0,0,0,0,0,0,0,0,0,0,0
6405,1438,72,0,62503,2951,"Trainingsschwerter",0,0,0,0,0,0,0,0,0,0,0,0,0,0,0,0,0,0,0,0,0,0,0,0
6406,1439,74,0,62503,2951,"Beflissen zerschlissen",0,0,0,0,0,0,0,0,0,0,0,0,0,0,0,0,0,0,0,0,0,0,0,0
6407,1440,74,0,62503,2951,"Sägen für die Pioniere",0,0,0,0,0,0,0,0,0,0,0,0,0,0,0,0,0,0,0,0,0,0,0,0
6408,1441,74,0,62503,2951,"Mehr Hunger, mehr Obst, mehr Arbeit",0,0,0,0,0,0,0,0,0,0,0,0,0,0,0,0,0,0,0,0,0,0,0,0
6409,1442,76,0,62503,2951,"Zwei schützen besser als eine",0,0,0,0,0,0,0,0,0,0,0,0,0,0,0,0,0,0,0,0,0,0,0,0
6410,1443,76,0,62503,2951,"Ein Chakram-schwingendes Vorbild",0,0,0,0,0,0,0,0,0,0,0,0,0,0,0,0,0,0,0,0,0,0,0,0
6411,1444,76,0,62503,2951,"Messer für Kinderhände",0,0,0,0,0,0,0,0,0,0,0,0,0,0,0,0,0,0,0,0,0,0,0,0
6412,1445,78,0,62503,2951,"Scharfe Kunst",0,0,0,0,0,0,0,0,0,0,0,0,0,0,0,0,0,0,0,0,0,0,0,0
6413,1446,78,0,62503,2951,"Feuerwaffen zu Testzwecken",0,0,0,0,0,0,0,0,0,0,0,0,0,0,0,0,0,0,0,0,0,0,0,0
6414,1447,78,0,62503,2951,"Fleißige Mitarbeit wird belohnt",0,0,0,0,0,0,0,0,0,0,0,0,0,0,0,0,0,0,0,0,0,0,0,0
6415,1578,80,0,62503,3706,"Eine verheißungsvolle Kollaboration",0,0,0,0,0,0,0,0,0,0,0,0,0,0,0,0,0,0,0,0,0,0,0,0
6416,1579,80,0,62503,3706,"Sitzblockade",0,0,0,0,0,0,0,0,0,0,0,0,0,0,0,0,0,0,0,0,0,0,0,0
6417,1580,82,0,62503,3706,"Die Geschichte Bozjas",0,0,0,0,0,0,0,0,0,0,0,0,0,0,0,0,0,0,0,0,0,0,0,0
6418,1581,82,0,62503,3706,"Exeget seines Herzens",0,0,0,0,0,0,0,0,0,0,0,0,0,0,0,0,0,0,0,0,0,0,0,0
6419,1582,84,0,62503,3706,"Auf<hex:02160103>zeich<hex:02160103>nun<hex:02160103>gen über eine Republik",0,0,0,0,0,0,0,0,0,0,0,0,0,0,0,0,0,0,0,0,0,0,0,0
6420,1583,84,0,62503,3706,"Das Streben nach der perfekten Mahlzeit",0,0,0,0,0,0,0,0,0,0,0,0,0,0,0,0,0,0,0,0,0,0,0,0
6421,1584,86,0,62503,3706,"Ein Schmied in Not",0,0,0,0,0,0,0,0,0,0,0,0,0,0,0,0,0,0,0,0,0,0,0,0
6422,1585,86,0,62503,3706,"Präzisionsarbeit",0,0,0,0,0,0,0,0,0,0,0,0,0,0,0,0,0,0,0,0,0,0,0,0
6423,1586,88,0,62503,3706,"Annalen eines Imperiums",0,0,0,0,0,0,0,0,0,0,0,0,0,0,0,0,0,0,0,0,0,0,0,0
6424,1587,88,0,62503,3706,"Präzisionsgeräte",0,0,0,0,0,0,0,0,0,0,0,0,0,0,0,0,0,0,0,0,0,0,0,0
6425,1698,90,0,62503,4504,"Ungleiche Doppelklingen",0,0,0,0,0,0,0,0,0,0,0,0,0,0,0,0,0,0,0,0,0,0,0,0
6426,1699,90,0,62503,4504,"Baumpflege",0,0,0,0,0,0,0,0,0,0,0,0,0,0,0,0,0,0,0,0,0,0,0,0
6427,1700,92,0,62503,4504,"Rutheniummangel",0,0,0,0,0,0,0,0,0,0,0,0,0,0,0,0,0,0,0,0,0,0,0,0
6428,1701,92,0,62503,4504,"Äxte für alle",0,0,0,0,0,0,0,0,0,0,0,0,0,0,0,0,0,0,0,0,0,0,0,0
6429,1702,94,0,62503,4504,"Sicher<hex:02160103>heits<hex:02160103>kontrollen",0,0,0,0,0,0,0,0,0,0,0,0,0,0,0,0,0,0,0,0,0,0,0,0
6430,1703,94,0,62503,4504,"Erfolg nach Vorlage",0,0,0,0,0,0,0,0,0,0,0,0,0,0,0,0,0,0,0,0,0,0,0,0
6431,1704,96,0,62503,4504,"Königliche Waffenschmiede",0,0,0,0,0,0,0,0,0,0,0,0,0,0,0,0,0,0,0,0,0,0,0,0
6432,1705,96,0,62503,4504,"Glänzende Arbeitsdinge",0,0,0,0,0,0,0,0,0,0,0,0,0,0,0,0,0,0,0,0,0,0,0,0
6433,1706,98,0,62503,4504,"Feierliche Präsentation",0,0,0,0,0,0,0,0,0,0,0,0,0,0,0,0,0,0,0,0,0,0,0,0
6434,1707,98,0,62503,4504,"Großstadtkonkurrenz",0,0,0,0,0,0,0,0,0,0,0,0,0,0,0,0,0,0,0,0,0,0,0,0
6435,201,1,0,62504,27,"Bronzeboom (Plattner)",0,0,0,0,0,0,0,0,0,0,0,0,0,0,0,0,0,0,0,0,0,0,0,0
6436,202,1,0,62504,27,"Küchentrends",0,0,0,0,0,0,0,0,0,0,0,0,0,0,0,0,0,0,0,0,0,0,0,0
6437,203,1,0,62504,31,"Tiefe Furchen",0,0,0,0,0,0,0,0,0,0,0,0,0,0,0,0,0,0,0,0,0,0,0,0
6438,204,1,0,62504,31,"Noch mehr Nieten braucht das Land (Plattner)",0,0,0,0,0,0,0,0,0,0,0,0,0,0,0,0,0,0,0,0,0,0,0,0
6439,205,1,0,62504,31,"Gockelburg-Miliz",0,0,0,0,0,0,0,0,0,0,0,0,0,0,0,0,0,0,0,0,0,0,0,0
6440,206,1,0,62504,27,"Expansionspläne",0,0,0,0,0,0,0,0,0,0,0,0,0,0,0,0,0,0,0,0,0,0,0,0
6441,207,5,0,62504,27,"Rüstungsexporte",0,0,0,0,0,0,0,0,0,0,0,0,0,0,0,0,0,0,0,0,0,0,0,0
6442,208,5,0,62504,27,"Kopfschutz für Marodeure",0,0,0,0,0,0,0,0,0,0,0,0,0,0,0,0,0,0,0,0,0,0,0,0
6443,209,5,0,62504,31,"Helme für die Gockelburg-Miliz",0,0,0,0,0,0,0,0,0,0,0,0,0,0,0,0,0,0,0,0,0,0,0,0
6444,210,5,0,62504,31,"Erste Erfolge",0,0,0,0,0,0,0,0,0,0,0,0,0,0,0,0,0,0,0,0,0,0,0,0
6445,211,5,0,62504,31,"Verstärkt das Haupttor!",0,0,0,0,0,0,0,0,0,0,0,0,0,0,0,0,0,0,0,0,0,0,0,0
6446,212,5,0,62504,27,"Exporte in die Heilige Stadt",0,0,0,0,0,0,0,0,0,0,0,0,0,0,0,0,0,0,0,0,0,0,0,0
6447,213,10,0,62504,27,"Reithelme für Ishgard",0,0,0,0,0,0,0,0,0,0,0,0,0,0,0,0,0,0,0,0,0,0,0,0
6448,214,10,0,62504,27,"Die Restaurantidee des Jahres",0,0,0,0,0,0,0,0,0,0,0,0,0,0,0,0,0,0,0,0,0,0,0,0
6449,215,10,0,62504,33,"Rüstungen zum Bierhafen",0,0,0,0,0,0,0,0,0,0,0,0,0,0,0,0,0,0,0,0,0,0,0,0
6450,216,10,0,62504,33,"Gourmetzeug ins ferne Lagerhaus",0,0,0,0,0,0,0,0,0,0,0,0,0,0,0,0,0,0,0,0,0,0,0,0
6451,217,10,0,62504,33,"De<hex:02160103>stil<hex:02160103>lier<hex:02160103>kol<hex:02160103>ben fürs Verkaufsgenie",0,0,0,0,0,0,0,0,0,0,0,0,0,0,0,0,0,0,0,0,0,0,0,0
6452,218,10,0,62504,27,"So ein Theater",0,0,0,0,0,0,0,0,0,0,0,0,0,0,0,0,0,0,0,0,0,0,0,0
6453,219,15,0,62504,27,"Modische Helme",0,0,0,0,0,0,0,0,0,0,0,0,0,0,0,0,0,0,0,0,0,0,0,0
6454,220,15,0,62504,27,"Kürasse für die Milizen",0,0,0,0,0,0,0,0,0,0,0,0,0,0,0,0,0,0,0,0,0,0,0,0
6455,221,15,0,62504,33,"Der penible Koch",0,0,0,0,0,0,0,0,0,0,0,0,0,0,0,0,0,0,0,0,0,0,0,0
6456,222,15,0,62504,33,"Schilde für die Eisprinzessin",0,0,0,0,0,0,0,0,0,0,0,0,0,0,0,0,0,0,0,0,0,0,0,0
6457,223,15,0,62504,33,"Faustwaffen für die Eisprinzessin",0,0,0,0,0,0,0,0,0,0,0,0,0,0,0,0,0,0,0,0,0,0,0,0
6458,224,15,0,62504,27,"Ein umwerfender Schnaps",0,0,0,0,0,0,0,0,0,0,0,0,0,0,0,0,0,0,0,0,0,0,0,0
6459,225,20,0,62504,27,"Laterne, Laterne",0,0,0,0,0,0,0,0,0,0,0,0,0,0,0,0,0,0,0,0,0,0,0,0
6460,226,20,0,62504,27,"Großauftrag von Rudius",0,0,0,0,0,0,0,0,0,0,0,0,0,0,0,0,0,0,0,0,0,0,0,0
6461,227,20,0,62504,56,"Pfanne Ixal-Allerlei",0,0,0,0,0,0,0,0,0,0,0,0,0,0,0,0,0,0,0,0,0,0,0,0
6462,228,20,0,62504,56,"Wehrhafte Bürger",0,0,0,0,0,0,0,0,0,0,0,0,0,0,0,0,0,0,0,0,0,0,0,0
6463,229,20,0,62504,56,"Helme für den Weiler",0,0,0,0,0,0,0,0,0,0,0,0,0,0,0,0,0,0,0,0,0,0,0,0
6464,230,20,0,62504,56,"Kolbennachschub",0,0,0,0,0,0,0,0,0,0,0,0,0,0,0,0,0,0,0,0,0,0,0,0
6465,231,25,0,62504,27,"Stahlboom",0,0,0,0,0,0,0,0,0,0,0,0,0,0,0,0,0,0,0,0,0,0,0,0
6466,232,25,0,62504,56,"Schutz gegen Tiefschläge",0,0,0,0,0,0,0,0,0,0,0,0,0,0,0,0,0,0,0,0,0,0,0,0
6467,233,25,0,62504,27,"Auftrag aus hohem Hause",0,0,0,0,0,0,0,0,0,0,0,0,0,0,0,0,0,0,0,0,0,0,0,0
6468,234,25,0,62504,56,"Notstand im Weiler-Lazarett",0,0,0,0,0,0,0,0,0,0,0,0,0,0,0,0,0,0,0,0,0,0,0,0
6469,235,25,0,62504,56,"Plattenrüstung-Manie",0,0,0,0,0,0,0,0,0,0,0,0,0,0,0,0,0,0,0,0,0,0,0,0
6470,236,25,0,62504,56,"Verstärkung für die Verstärkung",0,0,0,0,0,0,0,0,0,0,0,0,0,0,0,0,0,0,0,0,0,0,0,0
6471,237,30,0,62504,32,"Geschenke für die Gladiatoren",0,0,0,0,0,0,0,0,0,0,0,0,0,0,0,0,0,0,0,0,0,0,0,0
6472,238,30,0,62504,27,"Verleiht Flügel",0,0,0,0,0,0,0,0,0,0,0,0,0,0,0,0,0,0,0,0,0,0,0,0
6473,239,30,0,62504,27,"Krieg mit Stiefeln treten",0,0,0,0,0,0,0,0,0,0,0,0,0,0,0,0,0,0,0,0,0,0,0,0
6474,240,30,0,62504,32,"Geschenke für die Köche",0,0,0,0,0,0,0,0,0,0,0,0,0,0,0,0,0,0,0,0,0,0,0,0
6475,241,30,0,62504,32,"Geschenke für die Damen",0,0,0,0,0,0,0,0,0,0,0,0,0,0,0,0,0,0,0,0,0,0,0,0
6476,242,30,0,62504,32,"Neue Beinkleider",0,0,0,0,0,0,0,0,0,0,0,0,0,0,0,0,0,0,0,0,0,0,0,0
6477,243,35,0,62504,63,"Gute Platte",0,0,0,0,0,0,0,0,0,0,0,0,0,0,0,0,0,0,0,0,0,0,0,0
6478,244,35,0,62504,27,"Mithril-Boom",0,0,0,0,0,0,0,0,0,0,0,0,0,0,0,0,0,0,0,0,0,0,0,0
6479,245,35,0,62504,27,"Nahkampf",0,0,0,0,0,0,0,0,0,0,0,0,0,0,0,0,0,0,0,0,0,0,0,0
6480,246,35,0,62504,63,"Rüstungen im Rattennest",0,0,0,0,0,0,0,0,0,0,0,0,0,0,0,0,0,0,0,0,0,0,0,0
6481,247,35,0,62504,63,"In die Pfanne hauen",0,0,0,0,0,0,0,0,0,0,0,0,0,0,0,0,0,0,0,0,0,0,0,0
6482,248,35,0,62504,63,"Stahlfüße",0,0,0,0,0,0,0,0,0,0,0,0,0,0,0,0,0,0,0,0,0,0,0,0
6483,249,40,0,62504,63,"Unter die Haube",0,0,0,0,0,0,0,0,0,0,0,0,0,0,0,0,0,0,0,0,0,0,0,0
6484,250,40,0,62504,27,"Blitzblank",0,0,0,0,0,0,0,0,0,0,0,0,0,0,0,0,0,0,0,0,0,0,0,0
6485,251,40,0,62504,27,"Neue Medizin",0,0,0,0,0,0,0,0,0,0,0,0,0,0,0,0,0,0,0,0,0,0,0,0
6486,252,40,0,62504,63,"Lieber Arm dran als Arm ab",0,0,0,0,0,0,0,0,0,0,0,0,0,0,0,0,0,0,0,0,0,0,0,0
6487,253,40,0,62504,63,"Helmlos",0,0,0,0,0,0,0,0,0,0,0,0,0,0,0,0,0,0,0,0,0,0,0,0
6488,254,40,0,62504,63,"Krallenschutz",0,0,0,0,0,0,0,0,0,0,0,0,0,0,0,0,0,0,0,0,0,0,0,0
6489,255,45,0,62504,67,"In die Pfanne hauen II",0,0,0,0,0,0,0,0,0,0,0,0,0,0,0,0,0,0,0,0,0,0,0,0
6490,256,45,0,62504,27,"Schaffe, schaffe, Stützpunkt baue",0,0,0,0,0,0,0,0,0,0,0,0,0,0,0,0,0,0,0,0,0,0,0,0
6491,257,45,0,62504,27,"Schlechter Atem",0,0,0,0,0,0,0,0,0,0,0,0,0,0,0,0,0,0,0,0,0,0,0,0
6492,258,45,0,62504,67,"Autsch!",0,0,0,0,0,0,0,0,0,0,0,0,0,0,0,0,0,0,0,0,0,0,0,0
6493,259,45,0,62504,67,"Achtung, Steinschlag!",0,0,0,0,0,0,0,0,0,0,0,0,0,0,0,0,0,0,0,0,0,0,0,0
6494,260,45,0,62504,67,"Strukturell sicher",0,0,0,0,0,0,0,0,0,0,0,0,0,0,0,0,0,0,0,0,0,0,0,0
6495,998,50,0,62504,62,"Ein Dieb aus den eigenen Reihen",0,0,0,0,0,0,0,0,0,0,0,0,0,0,0,0,0,0,0,0,0,0,0,0
6496,999,50,0,62504,62,"Nieten für die Pioniere",0,0,0,0,0,0,0,0,0,0,0,0,0,0,0,0,0,0,0,0,0,0,0,0
6497,1000,50,0,62504,62,"Schützende Schilde",0,0,0,0,0,0,0,0,0,0,0,0,0,0,0,0,0,0,0,0,0,0,0,0
6498,1001,50,0,62504,62,"Großfreibrief: Ein Dieb aus den eigenen Reihen",0,0,0,0,0,0,0,0,0,0,0,0,0,0,0,0,0,0,0,0,0,0,0,0
6499,1002,50,0,62504,62,"Großfreibrief: Nieten für die Pioniere",0,0,0,0,0,0,0,0,0,0,0,0,0,0,0,0,0,0,0,0,0,0,0,0
6500,1003,50,0,62504,62,"Großfreibrief: Schützende Schilde",0,0,0,0,0,0,0,0,0,0,0,0,0,0,0,0,0,0,0,0,0,0,0,0
6501,1004,52,0,62504,62,"Auszubildende mit zu viel Energie",0,0,0,0,0,0,0,0,0,0,0,0,0,0,0,0,0,0,0,0,0,0,0,0
6502,1005,52,0,62504,62,"Medizinische Instrumente",0,0,0,0,0,0,0,0,0,0,0,0,0,0,0,0,0,0,0,0,0,0,0,0
6503,1006,52,0,62504,62,"Gut gebraten",0,0,0,0,0,0,0,0,0,0,0,0,0,0,0,0,0,0,0,0,0,0,0,0
6504,1007,52,0,62504,62,"Großfreibrief: Auszubildende mit zu viel Energie",0,0,0,0,0,0,0,0,0,0,0,0,0,0,0,0,0,0,0,0,0,0,0,0
6505,1008,52,0,62504,62,"Großfreibrief: Medizinische Instrumente",0,0,0,0,0,0,0,0,0,0,0,0,0,0,0,0,0,0,0,0,0,0,0,0
6506,1009,52,0,62504,62,"Großfreibrief: Gut gebraten",0,0,0,0,0,0,0,0,0,0,0,0,0,0,0,0,0,0,0,0,0,0,0,0
6507,1010,54,0,62504,62,"Mit Ge<hex:02160103>schwindig<hex:02160103>keit gegen die Drachen",0,0,0,0,0,0,0,0,0,0,0,0,0,0,0,0,0,0,0,0,0,0,0,0
6508,1011,54,0,62504,62,"Helme für das Auswahltraining",0,0,0,0,0,0,0,0,0,0,0,0,0,0,0,0,0,0,0,0,0,0,0,0
6509,1012,54,0,62504,62,"Eine Rüstung für den Sieger",0,0,0,0,0,0,0,0,0,0,0,0,0,0,0,0,0,0,0,0,0,0,0,0
6510,1013,54,0,62504,62,"Großfreibrief: Mit Ge<hex:02160103>schwindig<hex:02160103>keit gegen die Drachen",0,0,0,0,0,0,0,0,0,0,0,0,0,0,0,0,0,0,0,0,0,0,0,0
6511,1014,54,0,62504,62,"Großfreibrief: Helme für das Auswahltraining",0,0,0,0,0,0,0,0,0,0,0,0,0,0,0,0,0,0,0,0,0,0,0,0
6512,1015,54,0,62504,62,"Großfreibrief: Eine Rüstung für den Sieger",0,0,0,0,0,0,0,0,0,0,0,0,0,0,0,0,0,0,0,0,0,0,0,0
6513,1016,56,0,62504,62,"Ein pflichtbewusster Knappe",0,0,0,0,0,0,0,0,0,0,0,0,0,0,0,0,0,0,0,0,0,0,0,0
6514,1017,56,0,62504,62,"Verdeckte Ermittlung",0,0,0,0,0,0,0,0,0,0,0,0,0,0,0,0,0,0,0,0,0,0,0,0
6515,1018,56,0,62504,62,"Unzureichend ausgerüstet",0,0,0,0,0,0,0,0,0,0,0,0,0,0,0,0,0,0,0,0,0,0,0,0
6516,1019,56,0,62504,62,"Großfreibrief: Ein pflichtbewusster Knappe",0,0,0,0,0,0,0,0,0,0,0,0,0,0,0,0,0,0,0,0,0,0,0,0
6517,1020,56,0,62504,62,"Großfreibrief: Verdeckte Ermittlung",0,0,0,0,0,0,0,0,0,0,0,0,0,0,0,0,0,0,0,0,0,0,0,0
6518,1021,56,0,62504,62,"Großfreibrief: Unzureichend ausgerüstet",0,0,0,0,0,0,0,0,0,0,0,0,0,0,0,0,0,0,0,0,0,0,0,0
6519,1022,58,0,62504,62,"Rundherum gut geschützt",0,0,0,0,0,0,0,0,0,0,0,0,0,0,0,0,0,0,0,0,0,0,0,0
6520,1023,58,0,62504,62,"Ein Geschenk zur Abschlussprüfung",0,0,0,0,0,0,0,0,0,0,0,0,0,0,0,0,0,0,0,0,0,0,0,0
6521,1024,58,0,62504,62,"Nieten für die <hex:021A020203>Protektor<hex:021A020103>",0,0,0,0,0,0,0,0,0,0,0,0,0,0,0,0,0,0,0,0,0,0,0,0
6522,1025,58,0,62504,62,"Großfreibrief: Rundherum gut geschützt",0,0,0,0,0,0,0,0,0,0,0,0,0,0,0,0,0,0,0,0,0,0,0,0
6523,1026,58,0,62504,62,"Großfreibrief: Ein Geschenk zur Abschlussprüfung",0,0,0,0,0,0,0,0,0,0,0,0,0,0,0,0,0,0,0,0,0,0,0,0
6524,1027,58,0,62504,62,"Großfreibrief: Nieten für die <hex:021A020203>Protektor<hex:021A020103>",0,0,0,0,0,0,0,0,0,0,0,0,0,0,0,0,0,0,0,0,0,0,0,0
6525,1283,60,0,62504,2404,"Für alle Fälle gerüstet",0,0,0,0,0,0,0,0,0,0,0,0,0,0,0,0,0,0,0,0,0,0,0,0
6526,1284,60,0,62504,2404,"Heimatliche Standards",0,0,0,0,0,0,0,0,0,0,0,0,0,0,0,0,0,0,0,0,0,0,0,0
6527,1285,60,0,62504,2404,"Eorzea inszeniert",0,0,0,0,0,0,0,0,0,0,0,0,0,0,0,0,0,0,0,0,0,0,0,0
6528,1286,62,0,62504,2404,"Schutz vor ausländischen Kugeln",0,0,0,0,0,0,0,0,0,0,0,0,0,0,0,0,0,0,0,0,0,0,0,0
6529,1287,62,0,62504,2404,"Handschuhe in der Hauptrolle",0,0,0,0,0,0,0,0,0,0,0,0,0,0,0,0,0,0,0,0,0,0,0,0
6530,1288,62,0,62504,2404,"Gute Auftragslage",0,0,0,0,0,0,0,0,0,0,0,0,0,0,0,0,0,0,0,0,0,0,0,0
6531,1289,64,0,62504,2404,"Gepanzertes Schuhwerk",0,0,0,0,0,0,0,0,0,0,0,0,0,0,0,0,0,0,0,0,0,0,0,0
6532,1290,64,0,62504,2404,"Heimweh",0,0,0,0,0,0,0,0,0,0,0,0,0,0,0,0,0,0,0,0,0,0,0,0
6533,1291,64,0,62504,2404,"Aufrüstung der Sekiseigumi",0,0,0,0,0,0,0,0,0,0,0,0,0,0,0,0,0,0,0,0,0,0,0,0
6534,1292,66,0,62504,2404,"Held in strahlender Rüstung",0,0,0,0,0,0,0,0,0,0,0,0,0,0,0,0,0,0,0,0,0,0,0,0
6535,1293,66,0,62504,2404,"Fernöstlicher Stahl",0,0,0,0,0,0,0,0,0,0,0,0,0,0,0,0,0,0,0,0,0,0,0,0
6536,1294,66,0,62504,2404,"Von den Beinen geholt",0,0,0,0,0,0,0,0,0,0,0,0,0,0,0,0,0,0,0,0,0,0,0,0
6537,1295,68,0,62504,2404,"Piratenschutzschilde",0,0,0,0,0,0,0,0,0,0,0,0,0,0,0,0,0,0,0,0,0,0,0,0
6538,1296,68,0,62504,2404,"Ein furioser Erfolg",0,0,0,0,0,0,0,0,0,0,0,0,0,0,0,0,0,0,0,0,0,0,0,0
6539,1297,68,0,62504,2404,"Nicht ins Gesicht",0,0,0,0,0,0,0,0,0,0,0,0,0,0,0,0,0,0,0,0,0,0,0,0
6540,1448,70,0,62504,2951,"Schilde zum Draufhauen",0,0,0,0,0,0,0,0,0,0,0,0,0,0,0,0,0,0,0,0,0,0,0,0
6541,1449,70,0,62504,2951,"Eine Pfanne mit Panne",0,0,0,0,0,0,0,0,0,0,0,0,0,0,0,0,0,0,0,0,0,0,0,0
6542,1450,70,0,62504,2951,"Allzweckhelme",0,0,0,0,0,0,0,0,0,0,0,0,0,0,0,0,0,0,0,0,0,0,0,0
6543,1451,72,0,62504,2951,"Barren für die Ballistik",0,0,0,0,0,0,0,0,0,0,0,0,0,0,0,0,0,0,0,0,0,0,0,0
6544,1452,72,0,62504,2951,"Sicherheit geht vor",0,0,0,0,0,0,0,0,0,0,0,0,0,0,0,0,0,0,0,0,0,0,0,0
6545,1453,72,0,62504,2951,"Zum Schutz der Rekruten",0,0,0,0,0,0,0,0,0,0,0,0,0,0,0,0,0,0,0,0,0,0,0,0
6546,1454,74,0,62504,2951,"Viel um die Ohren",0,0,0,0,0,0,0,0,0,0,0,0,0,0,0,0,0,0,0,0,0,0,0,0
6547,1455,74,0,62504,2951,"Ein zufriedener Kunde",0,0,0,0,0,0,0,0,0,0,0,0,0,0,0,0,0,0,0,0,0,0,0,0
6548,1456,74,0,62504,2951,"Ohne Neben<hex:02160103>wirkungen",0,0,0,0,0,0,0,0,0,0,0,0,0,0,0,0,0,0,0,0,0,0,0,0
6549,1457,76,0,62504,2951,"Mehr Schüsse, mehr Treffer",0,0,0,0,0,0,0,0,0,0,0,0,0,0,0,0,0,0,0,0,0,0,0,0
6550,1458,76,0,62504,2951,"Ein Schild in der Brandung",0,0,0,0,0,0,0,0,0,0,0,0,0,0,0,0,0,0,0,0,0,0,0,0
6551,1459,76,0,62504,2951,"Auf hoher Stirn",0,0,0,0,0,0,0,0,0,0,0,0,0,0,0,0,0,0,0,0,0,0,0,0
6552,1460,78,0,62504,2951,"Materialvergleich",0,0,0,0,0,0,0,0,0,0,0,0,0,0,0,0,0,0,0,0,0,0,0,0
6553,1461,78,0,62504,2951,"Neue Sicherheitsstandards",0,0,0,0,0,0,0,0,0,0,0,0,0,0,0,0,0,0,0,0,0,0,0,0
6554,1462,78,0,62504,2951,"Rüstungen machen Leute",0,0,0,0,0,0,0,0,0,0,0,0,0,0,0,0,0,0,0,0,0,0,0,0
6555,1588,80,0,62504,3706,"Alle Hände voll zu tun",0,0,0,0,0,0,0,0,0,0,0,0,0,0,0,0,0,0,0,0,0,0,0,0
6556,1589,80,0,62504,3706,"Klapperrüstungen und mehr",0,0,0,0,0,0,0,0,0,0,0,0,0,0,0,0,0,0,0,0,0,0,0,0
6557,1590,82,0,62504,3706,"Gerüstet bis zu den Fingerspitzen",0,0,0,0,0,0,0,0,0,0,0,0,0,0,0,0,0,0,0,0,0,0,0,0
6558,1591,82,0,62504,3706,"Eine Rüstung für die Bühne",0,0,0,0,0,0,0,0,0,0,0,0,0,0,0,0,0,0,0,0,0,0,0,0
6559,1592,84,0,62504,3706,"Kundenbindung",0,0,0,0,0,0,0,0,0,0,0,0,0,0,0,0,0,0,0,0,0,0,0,0
6560,1593,84,0,62504,3706,"Die Perfektion des Panalaibs",0,0,0,0,0,0,0,0,0,0,0,0,0,0,0,0,0,0,0,0,0,0,0,0
6561,1594,86,0,62504,3706,"Auf dem Weg in die Pleite",0,0,0,0,0,0,0,0,0,0,0,0,0,0,0,0,0,0,0,0,0,0,0,0
6562,1595,86,0,62504,3706,"Da wird der Chocobo in der Pfanne verrückt",0,0,0,0,0,0,0,0,0,0,0,0,0,0,0,0,0,0,0,0,0,0,0,0
6563,1596,88,0,62504,3706,"Ein Geschenk von Herzen",0,0,0,0,0,0,0,0,0,0,0,0,0,0,0,0,0,0,0,0,0,0,0,0
6564,1597,88,0,62504,3706,"Ein ausgebautes Angebot",0,0,0,0,0,0,0,0,0,0,0,0,0,0,0,0,0,0,0,0,0,0,0,0
6565,1708,90,0,62504,4504,"Nervige Verkaufsgespräche",0,0,0,0,0,0,0,0,0,0,0,0,0,0,0,0,0,0,0,0,0,0,0,0
6566,1709,90,0,62504,4504,"Rekrutenschreck",0,0,0,0,0,0,0,0,0,0,0,0,0,0,0,0,0,0,0,0,0,0,0,0
6567,1710,92,0,62504,4504,"Schöne Armschienen",0,0,0,0,0,0,0,0,0,0,0,0,0,0,0,0,0,0,0,0,0,0,0,0
6568,1711,92,0,62504,4504,"Schmerzende Schienbeine",0,0,0,0,0,0,0,0,0,0,0,0,0,0,0,0,0,0,0,0,0,0,0,0
6569,1712,94,0,62504,4504,"Der härteste aller Barren",0,0,0,0,0,0,0,0,0,0,0,0,0,0,0,0,0,0,0,0,0,0,0,0
6570,1713,94,0,62504,4504,"Fremdländische Heilkunde",0,0,0,0,0,0,0,0,0,0,0,0,0,0,0,0,0,0,0,0,0,0,0,0
6571,1714,96,0,62504,4504,"Bizarre Großstadtmode",0,0,0,0,0,0,0,0,0,0,0,0,0,0,0,0,0,0,0,0,0,0,0,0
6572,1715,96,0,62504,4504,"Aufmerksame Rekruten",0,0,0,0,0,0,0,0,0,0,0,0,0,0,0,0,0,0,0,0,0,0,0,0
6573,1716,98,0,62504,4504,"Geschundene Hände",0,0,0,0,0,0,0,0,0,0,0,0,0,0,0,0,0,0,0,0,0,0,0,0
6574,1717,98,0,62504,4504,"Vernachlässigte Pflege",0,0,0,0,0,0,0,0,0,0,0,0,0,0,0,0,0,0,0,0,0,0,0,0
6575,441,1,0,62505,51,"Kupfernachschub",0,0,0,0,0,0,0,0,0,0,0,0,0,0,0,0,0,0,0,0,0,0,0,0
6576,442,1,0,62505,51,"Kupferschmuck",0,0,0,0,0,0,0,0,0,0,0,0,0,0,0,0,0,0,0,0,0,0,0,0
6577,443,1,0,62505,42,"Abstecher in die Gilde",0,0,0,0,0,0,0,0,0,0,0,0,0,0,0,0,0,0,0,0,0,0,0,0
6578,444,1,0,62505,42,"Geschäft ist Geschäft",0,0,0,0,0,0,0,0,0,0,0,0,0,0,0,0,0,0,0,0,0,0,0,0
6579,445,1,0,62505,42,"Betriebsunfall",0,0,0,0,0,0,0,0,0,0,0,0,0,0,0,0,0,0,0,0,0,0,0,0
6580,446,1,0,62505,51,"Ein Ring ist ein Ring ... oder nicht?",0,0,0,0,0,0,0,0,0,0,0,0,0,0,0,0,0,0,0,0,0,0,0,0
6581,447,5,0,62505,51,"Gefühl von Freiheit zu verkaufen",0,0,0,0,0,0,0,0,0,0,0,0,0,0,0,0,0,0,0,0,0,0,0,0
6582,448,5,0,62505,51,"Kampf der Schafe",0,0,0,0,0,0,0,0,0,0,0,0,0,0,0,0,0,0,0,0,0,0,0,0
6583,449,5,0,62505,42,"Hässlicher Aberglaube",0,0,0,0,0,0,0,0,0,0,0,0,0,0,0,0,0,0,0,0,0,0,0,0
6584,450,5,0,62505,42,"Ein kupfernes Ausstellungsstück",0,0,0,0,0,0,0,0,0,0,0,0,0,0,0,0,0,0,0,0,0,0,0,0
6585,451,5,0,62505,42,"Ein knöchernes Ausstellungsstück",0,0,0,0,0,0,0,0,0,0,0,0,0,0,0,0,0,0,0,0,0,0,0,0
6586,452,5,0,62505,51,"Mir reißt gleich der Beutel",0,0,0,0,0,0,0,0,0,0,0,0,0,0,0,0,0,0,0,0,0,0,0,0
6587,453,10,0,62505,51,"Dem Schönen Franz seine Kreolen",0,0,0,0,0,0,0,0,0,0,0,0,0,0,0,0,0,0,0,0,0,0,0,0
6588,454,10,0,62505,51,"Halbe-halbe",0,0,0,0,0,0,0,0,0,0,0,0,0,0,0,0,0,0,0,0,0,0,0,0
6589,455,10,0,62505,42,"Segen fürs Geschäft",0,0,0,0,0,0,0,0,0,0,0,0,0,0,0,0,0,0,0,0,0,0,0,0
6590,456,10,0,62505,42,"Schluss mit billigen Nadeln",0,0,0,0,0,0,0,0,0,0,0,0,0,0,0,0,0,0,0,0,0,0,0,0
6591,457,10,0,62505,42,"Rüstung, aber keine Rüstung",0,0,0,0,0,0,0,0,0,0,0,0,0,0,0,0,0,0,0,0,0,0,0,0
6592,458,10,0,62505,51,"Malerische Brille",0,0,0,0,0,0,0,0,0,0,0,0,0,0,0,0,0,0,0,0,0,0,0,0
6593,459,15,0,62505,51,"Warenmuster",0,0,0,0,0,0,0,0,0,0,0,0,0,0,0,0,0,0,0,0,0,0,0,0
6594,460,15,0,62505,51,"Gold für die Massen",0,0,0,0,0,0,0,0,0,0,0,0,0,0,0,0,0,0,0,0,0,0,0,0
6595,461,15,0,62505,44,"Schlichte Grabbeigabe",0,0,0,0,0,0,0,0,0,0,0,0,0,0,0,0,0,0,0,0,0,0,0,0
6596,462,15,0,62505,44,"Flickwerkzeug",0,0,0,0,0,0,0,0,0,0,0,0,0,0,0,0,0,0,0,0,0,0,0,0
6597,463,15,0,62505,44,"Goldersatz",0,0,0,0,0,0,0,0,0,0,0,0,0,0,0,0,0,0,0,0,0,0,0,0
6598,464,15,0,62505,51,"Durchsichtige Geschäfte",0,0,0,0,0,0,0,0,0,0,0,0,0,0,0,0,0,0,0,0,0,0,0,0
6599,465,20,0,62505,51,"Korallen zum Abschied",0,0,0,0,0,0,0,0,0,0,0,0,0,0,0,0,0,0,0,0,0,0,0,0
6600,466,20,0,62505,51,"Thaumaturgenzepter",0,0,0,0,0,0,0,0,0,0,0,0,0,0,0,0,0,0,0,0,0,0,0,0
6601,467,20,0,62505,56,"Nächtlicher Überfall",0,0,0,0,0,0,0,0,0,0,0,0,0,0,0,0,0,0,0,0,0,0,0,0
6602,468,20,0,62505,56,"Orden fürs Ohr",0,0,0,0,0,0,0,0,0,0,0,0,0,0,0,0,0,0,0,0,0,0,0,0
6603,469,20,0,62505,56,"Teamgeist",0,0,0,0,0,0,0,0,0,0,0,0,0,0,0,0,0,0,0,0,0,0,0,0
6604,470,20,0,62505,56,"Antilopen gesucht",0,0,0,0,0,0,0,0,0,0,0,0,0,0,0,0,0,0,0,0,0,0,0,0
6605,471,25,0,62505,51,"Rostfrei",0,0,0,0,0,0,0,0,0,0,0,0,0,0,0,0,0,0,0,0,0,0,0,0
6606,472,25,0,62505,56,"Leuchtende Ringe",0,0,0,0,0,0,0,0,0,0,0,0,0,0,0,0,0,0,0,0,0,0,0,0
6607,473,25,0,62505,51,"Lupenreine Abschriften",0,0,0,0,0,0,0,0,0,0,0,0,0,0,0,0,0,0,0,0,0,0,0,0
6608,474,25,0,62505,56,"Siegerehrung",0,0,0,0,0,0,0,0,0,0,0,0,0,0,0,0,0,0,0,0,0,0,0,0
6609,475,25,0,62505,56,"Köderohrringe",0,0,0,0,0,0,0,0,0,0,0,0,0,0,0,0,0,0,0,0,0,0,0,0
6610,476,25,0,62505,56,"Neue Ge<hex:02160103>schäfts<hex:02160103>be<hex:02160103>zie<hex:02160103>hungen",0,0,0,0,0,0,0,0,0,0,0,0,0,0,0,0,0,0,0,0,0,0,0,0
6611,477,30,0,62505,32,"Dank für die Lobeshymnen",0,0,0,0,0,0,0,0,0,0,0,0,0,0,0,0,0,0,0,0,0,0,0,0
6612,478,30,0,62505,51,"Ringe aus Horn",0,0,0,0,0,0,0,0,0,0,0,0,0,0,0,0,0,0,0,0,0,0,0,0
6613,479,30,0,62505,51,"Das Material macht's",0,0,0,0,0,0,0,0,0,0,0,0,0,0,0,0,0,0,0,0,0,0,0,0
6614,480,30,0,62505,32,"Kleider für gewisse Anlässe",0,0,0,0,0,0,0,0,0,0,0,0,0,0,0,0,0,0,0,0,0,0,0,0
6615,481,30,0,62505,32,"Miez, miez",0,0,0,0,0,0,0,0,0,0,0,0,0,0,0,0,0,0,0,0,0,0,0,0
6616,482,30,0,62505,32,"Die Schatzkammern des Volkes",0,0,0,0,0,0,0,0,0,0,0,0,0,0,0,0,0,0,0,0,0,0,0,0
6617,483,35,0,62505,63,"Armband für die Inquisition",0,0,0,0,0,0,0,0,0,0,0,0,0,0,0,0,0,0,0,0,0,0,0,0
6618,484,35,0,62505,51,"Marktschwankungen",0,0,0,0,0,0,0,0,0,0,0,0,0,0,0,0,0,0,0,0,0,0,0,0
6619,485,35,0,62505,51,"Zu den Waffen!",0,0,0,0,0,0,0,0,0,0,0,0,0,0,0,0,0,0,0,0,0,0,0,0
6620,486,35,0,62505,63,"Frömmigkeit garantiert",0,0,0,0,0,0,0,0,0,0,0,0,0,0,0,0,0,0,0,0,0,0,0,0
6621,487,35,0,62505,63,"Zahn um Zahn",0,0,0,0,0,0,0,0,0,0,0,0,0,0,0,0,0,0,0,0,0,0,0,0
6622,488,35,0,62505,63,"Wie mein Held",0,0,0,0,0,0,0,0,0,0,0,0,0,0,0,0,0,0,0,0,0,0,0,0
6623,489,40,0,62505,63,"Ring für den Priester",0,0,0,0,0,0,0,0,0,0,0,0,0,0,0,0,0,0,0,0,0,0,0,0
6624,490,40,0,62505,51,"Schön wie Franz",0,0,0,0,0,0,0,0,0,0,0,0,0,0,0,0,0,0,0,0,0,0,0,0
6625,491,40,0,62505,51,"Rote Korallen",0,0,0,0,0,0,0,0,0,0,0,0,0,0,0,0,0,0,0,0,0,0,0,0
6626,492,40,0,62505,63,"An die Kehle gegangen",0,0,0,0,0,0,0,0,0,0,0,0,0,0,0,0,0,0,0,0,0,0,0,0
6627,493,40,0,62505,63,"Neuer Zauber",0,0,0,0,0,0,0,0,0,0,0,0,0,0,0,0,0,0,0,0,0,0,0,0
6628,494,40,0,62505,63,"Symbol der Frömmigkeit",0,0,0,0,0,0,0,0,0,0,0,0,0,0,0,0,0,0,0,0,0,0,0,0
6629,495,45,0,62505,67,"Des Rätsels Lösung",0,0,0,0,0,0,0,0,0,0,0,0,0,0,0,0,0,0,0,0,0,0,0,0
6630,496,45,0,62505,51,"Bernstein muss es sein",0,0,0,0,0,0,0,0,0,0,0,0,0,0,0,0,0,0,0,0,0,0,0,0
6631,497,45,0,62505,51,"Rote Korallen für die Oberschicht",0,0,0,0,0,0,0,0,0,0,0,0,0,0,0,0,0,0,0,0,0,0,0,0
6632,498,45,0,62505,67,"Flicken, flicken, flicken",0,0,0,0,0,0,0,0,0,0,0,0,0,0,0,0,0,0,0,0,0,0,0,0
6633,499,45,0,62505,67,"Von dir für dich",0,0,0,0,0,0,0,0,0,0,0,0,0,0,0,0,0,0,0,0,0,0,0,0
6634,500,45,0,62505,67,"Zusammenhalt stiften",0,0,0,0,0,0,0,0,0,0,0,0,0,0,0,0,0,0,0,0,0,0,0,0
6635,1118,50,0,62505,62,"Mit Durchblick",0,0,0,0,0,0,0,0,0,0,0,0,0,0,0,0,0,0,0,0,0,0,0,0
6636,1119,50,0,62505,62,"Ausgelernt",0,0,0,0,0,0,0,0,0,0,0,0,0,0,0,0,0,0,0,0,0,0,0,0
6637,1120,50,0,62505,62,"Kollaboration",0,0,0,0,0,0,0,0,0,0,0,0,0,0,0,0,0,0,0,0,0,0,0,0
6638,1121,50,0,62505,62,"Großfreibrief: Mit Durchblick",0,0,0,0,0,0,0,0,0,0,0,0,0,0,0,0,0,0,0,0,0,0,0,0
6639,1122,50,0,62505,62,"Großfreibrief: Ausgelernt",0,0,0,0,0,0,0,0,0,0,0,0,0,0,0,0,0,0,0,0,0,0,0,0
6640,1123,50,0,62505,62,"Großfreibrief: Kollaboration",0,0,0,0,0,0,0,0,0,0,0,0,0,0,0,0,0,0,0,0,0,0,0,0
6641,1124,52,0,62505,62,"Sterne deuten wie die Sharlayaner",0,0,0,0,0,0,0,0,0,0,0,0,0,0,0,0,0,0,0,0,0,0,0,0
6642,1125,52,0,62505,62,"Feine Nadeln für feine Damen",0,0,0,0,0,0,0,0,0,0,0,0,0,0,0,0,0,0,0,0,0,0,0,0
6643,1126,52,0,62505,62,"Luftschiffbau",0,0,0,0,0,0,0,0,0,0,0,0,0,0,0,0,0,0,0,0,0,0,0,0
6644,1127,52,0,62505,62,"Großfreibrief: Sterne deuten wie die Sharlayaner",0,0,0,0,0,0,0,0,0,0,0,0,0,0,0,0,0,0,0,0,0,0,0,0
6645,1128,52,0,62505,62,"Großfreibrief: Feine Nadeln für feine Damen",0,0,0,0,0,0,0,0,0,0,0,0,0,0,0,0,0,0,0,0,0,0,0,0
6646,1129,52,0,62505,62,"Großfreibrief: Luftschiffbau",0,0,0,0,0,0,0,0,0,0,0,0,0,0,0,0,0,0,0,0,0,0,0,0
6647,1130,54,0,62505,62,"Geschenk zum Ruhestand",0,0,0,0,0,0,0,0,0,0,0,0,0,0,0,0,0,0,0,0,0,0,0,0
6648,1131,54,0,62505,62,"Dem Händler sei Dank",0,0,0,0,0,0,0,0,0,0,0,0,0,0,0,0,0,0,0,0,0,0,0,0
6649,1132,54,0,62505,62,"Spektakular",0,0,0,0,0,0,0,0,0,0,0,0,0,0,0,0,0,0,0,0,0,0,0,0
6650,1133,54,0,62505,62,"Großfreibrief: Geschenk zum Ruhestand",0,0,0,0,0,0,0,0,0,0,0,0,0,0,0,0,0,0,0,0,0,0,0,0
6651,1134,54,0,62505,62,"Großfreibrief: Dem Händler sei Dank",0,0,0,0,0,0,0,0,0,0,0,0,0,0,0,0,0,0,0,0,0,0,0,0
6652,1135,54,0,62505,62,"Großfreibrief: Spektakular",0,0,0,0,0,0,0,0,0,0,0,0,0,0,0,0,0,0,0,0,0,0,0,0
6653,1136,56,0,62505,62,"Kirchenraub",0,0,0,0,0,0,0,0,0,0,0,0,0,0,0,0,0,0,0,0,0,0,0,0
6654,1137,56,0,62505,62,"Schmucke Zimmerer",0,0,0,0,0,0,0,0,0,0,0,0,0,0,0,0,0,0,0,0,0,0,0,0
6655,1138,56,0,62505,62,"Nach Sharlayaner Art",0,0,0,0,0,0,0,0,0,0,0,0,0,0,0,0,0,0,0,0,0,0,0,0
6656,1139,56,0,62505,62,"Großfreibrief: Kirchenraub",0,0,0,0,0,0,0,0,0,0,0,0,0,0,0,0,0,0,0,0,0,0,0,0
6657,1140,56,0,62505,62,"Großfreibrief: Schmucke Zimmerer",0,0,0,0,0,0,0,0,0,0,0,0,0,0,0,0,0,0,0,0,0,0,0,0
6658,1141,56,0,62505,62,"Großfreibrief: Nach Sharlayaner Art",0,0,0,0,0,0,0,0,0,0,0,0,0,0,0,0,0,0,0,0,0,0,0,0
6659,1142,58,0,62505,62,"Präzisionsschützin",0,0,0,0,0,0,0,0,0,0,0,0,0,0,0,0,0,0,0,0,0,0,0,0
6660,1143,58,0,62505,62,"An die großzügige Spenderin",0,0,0,0,0,0,0,0,0,0,0,0,0,0,0,0,0,0,0,0,0,0,0,0
6661,1144,58,0,62505,62,"Zur Begrüßung",0,0,0,0,0,0,0,0,0,0,0,0,0,0,0,0,0,0,0,0,0,0,0,0
6662,1145,58,0,62505,62,"Großfreibrief: Präzisionsschützin",0,0,0,0,0,0,0,0,0,0,0,0,0,0,0,0,0,0,0,0,0,0,0,0
6663,1146,58,0,62505,62,"Großfreibrief: An die großzügige Spenderin",0,0,0,0,0,0,0,0,0,0,0,0,0,0,0,0,0,0,0,0,0,0,0,0
6664,1147,58,0,62505,62,"Großfreibrief: Zur Begrüßung",0,0,0,0,0,0,0,0,0,0,0,0,0,0,0,0,0,0,0,0,0,0,0,0
6665,1343,60,0,62505,2404,"Lokaler Vertriebspartner",0,0,0,0,0,0,0,0,0,0,0,0,0,0,0,0,0,0,0,0,0,0,0,0
6666,1344,60,0,62505,2404,"Wettstreit der Geikos",0,0,0,0,0,0,0,0,0,0,0,0,0,0,0,0,0,0,0,0,0,0,0,0
6667,1345,60,0,62505,2404,"Nähzeug für Änderungsschneider",0,0,0,0,0,0,0,0,0,0,0,0,0,0,0,0,0,0,0,0,0,0,0,0
6668,1346,62,0,62505,2404,"Kette des Glaubens",0,0,0,0,0,0,0,0,0,0,0,0,0,0,0,0,0,0,0,0,0,0,0,0
6669,1347,62,0,62505,2404,"Starke Bindung",0,0,0,0,0,0,0,0,0,0,0,0,0,0,0,0,0,0,0,0,0,0,0,0
6670,1348,62,0,62505,2404,"Kupfernickel für Hingashi",0,0,0,0,0,0,0,0,0,0,0,0,0,0,0,0,0,0,0,0,0,0,0,0
6671,1349,64,0,62505,2404,"Schmuckes Rapier",0,0,0,0,0,0,0,0,0,0,0,0,0,0,0,0,0,0,0,0,0,0,0,0
6672,1350,64,0,62505,2404,"Kulturelle Einflüsse",0,0,0,0,0,0,0,0,0,0,0,0,0,0,0,0,0,0,0,0,0,0,0,0
6673,1351,64,0,62505,2404,"Haarschmuck für Bukyo",0,0,0,0,0,0,0,0,0,0,0,0,0,0,0,0,0,0,0,0,0,0,0,0
6674,1352,66,0,62505,2404,"Schmucke Planisphäre",0,0,0,0,0,0,0,0,0,0,0,0,0,0,0,0,0,0,0,0,0,0,0,0
6675,1353,66,0,62505,2404,"Durium für Hingashi",0,0,0,0,0,0,0,0,0,0,0,0,0,0,0,0,0,0,0,0,0,0,0,0
6676,1354,66,0,62505,2404,"Ladeneröffnung in Bukyo",0,0,0,0,0,0,0,0,0,0,0,0,0,0,0,0,0,0,0,0,0,0,0,0
6677,1355,68,0,62505,2404,"Pilgerstab aus Metall",0,0,0,0,0,0,0,0,0,0,0,0,0,0,0,0,0,0,0,0,0,0,0,0
6678,1356,68,0,62505,2404,"Schmuckes Estoc",0,0,0,0,0,0,0,0,0,0,0,0,0,0,0,0,0,0,0,0,0,0,0,0
6679,1357,68,0,62505,2404,"Erlesene Kundschaft in Bukyo",0,0,0,0,0,0,0,0,0,0,0,0,0,0,0,0,0,0,0,0,0,0,0,0
6680,1508,70,0,62505,2951,"Der letzte Schliff",0,0,0,0,0,0,0,0,0,0,0,0,0,0,0,0,0,0,0,0,0,0,0,0
6681,1509,70,0,62505,2951,"Eine harte Nadel",0,0,0,0,0,0,0,0,0,0,0,0,0,0,0,0,0,0,0,0,0,0,0,0
6682,1510,70,0,62505,2951,"Sternenfunkeln an den Ohren",0,0,0,0,0,0,0,0,0,0,0,0,0,0,0,0,0,0,0,0,0,0,0,0
6683,1511,72,0,62505,2951,"In ein Schwert verguckt",0,0,0,0,0,0,0,0,0,0,0,0,0,0,0,0,0,0,0,0,0,0,0,0
6684,1512,72,0,62505,2951,"Die Hälse der Rekruten",0,0,0,0,0,0,0,0,0,0,0,0,0,0,0,0,0,0,0,0,0,0,0,0
6685,1513,72,0,62505,2951,"Ein großzügiges Dankeschön",0,0,0,0,0,0,0,0,0,0,0,0,0,0,0,0,0,0,0,0,0,0,0,0
6686,1514,74,0,62505,2951,"Material für die Aufrüstung",0,0,0,0,0,0,0,0,0,0,0,0,0,0,0,0,0,0,0,0,0,0,0,0
6687,1515,74,0,62505,2951,"Ein Stab für Zerstörer",0,0,0,0,0,0,0,0,0,0,0,0,0,0,0,0,0,0,0,0,0,0,0,0
6688,1516,74,0,62505,2951,"Für die unbesungenen Helden der Stadt",0,0,0,0,0,0,0,0,0,0,0,0,0,0,0,0,0,0,0,0,0,0,0,0
6689,1517,76,0,62505,2951,"Sternenglobus de luxe",0,0,0,0,0,0,0,0,0,0,0,0,0,0,0,0,0,0,0,0,0,0,0,0
6690,1518,76,0,62505,2951,"Triphylin für Babyfinger",0,0,0,0,0,0,0,0,0,0,0,0,0,0,0,0,0,0,0,0,0,0,0,0
6691,1519,76,0,62505,2951,"Funkelnde Forscher",0,0,0,0,0,0,0,0,0,0,0,0,0,0,0,0,0,0,0,0,0,0,0,0
6692,1520,78,0,62505,2951,"Ein neues Rapier",0,0,0,0,0,0,0,0,0,0,0,0,0,0,0,0,0,0,0,0,0,0,0,0
6693,1521,78,0,62505,2951,"Ein letztes Dankeschön",0,0,0,0,0,0,0,0,0,0,0,0,0,0,0,0,0,0,0,0,0,0,0,0
6694,1522,78,0,62505,2951,"Armreife als Gefahrenzulage",0,0,0,0,0,0,0,0,0,0,0,0,0,0,0,0,0,0,0,0,0,0,0,0
6695,1598,80,0,62505,3706,"Auszeichnung akademischer Glanzleistungen",0,0,0,0,0,0,0,0,0,0,0,0,0,0,0,0,0,0,0,0,0,0,0,0
6696,1599,80,0,62505,3706,"Seine Probleme möchte man haben",0,0,0,0,0,0,0,0,0,0,0,0,0,0,0,0,0,0,0,0,0,0,0,0
6697,1600,82,0,62505,3706,"Der Nachfolger des Weisen",0,0,0,0,0,0,0,0,0,0,0,0,0,0,0,0,0,0,0,0,0,0,0,0
6698,1601,82,0,62505,3706,"Strafe muss sein",0,0,0,0,0,0,0,0,0,0,0,0,0,0,0,0,0,0,0,0,0,0,0,0
6699,1602,84,0,62505,3706,"In der Not ...",0,0,0,0,0,0,0,0,0,0,0,0,0,0,0,0,0,0,0,0,0,0,0,0
6700,1603,84,0,62505,3706,"Der Weise mit dem Phrygien-Ohrring",0,0,0,0,0,0,0,0,0,0,0,0,0,0,0,0,0,0,0,0,0,0,0,0
6701,1604,86,0,62505,3706,"An ihrer Seite",0,0,0,0,0,0,0,0,0,0,0,0,0,0,0,0,0,0,0,0,0,0,0,0
6702,1605,86,0,62505,3706,"Die richtige Nadel",0,0,0,0,0,0,0,0,0,0,0,0,0,0,0,0,0,0,0,0,0,0,0,0
6703,1606,88,0,62505,3706,"Von der Planisphäre aufs Papier",0,0,0,0,0,0,0,0,0,0,0,0,0,0,0,0,0,0,0,0,0,0,0,0
6704,1607,88,0,62505,3706,"Ein aufgehender Stern am Athletenhimmel",0,0,0,0,0,0,0,0,0,0,0,0,0,0,0,0,0,0,0,0,0,0,0,0
6705,1718,90,0,62505,4504,"Hochwertige Metallbarren",0,0,0,0,0,0,0,0,0,0,0,0,0,0,0,0,0,0,0,0,0,0,0,0
6706,1719,90,0,62505,4504,"Nach überseeischem Vorbild",0,0,0,0,0,0,0,0,0,0,0,0,0,0,0,0,0,0,0,0,0,0,0,0
6707,1720,92,0,62505,4504," Jhuykan-was?",0,0,0,0,0,0,0,0,0,0,0,0,0,0,0,0,0,0,0,0,0,0,0,0
6708,1721,92,0,62505,4504,"Fächer aus Metall",0,0,0,0,0,0,0,0,0,0,0,0,0,0,0,0,0,0,0,0,0,0,0,0
6709,1722,94,0,62505,4504,"Ljebljches Funkeln",0,0,0,0,0,0,0,0,0,0,0,0,0,0,0,0,0,0,0,0,0,0,0,0
6710,1723,94,0,62505,4504,"Nähen mit Leidenschaft",0,0,0,0,0,0,0,0,0,0,0,0,0,0,0,0,0,0,0,0,0,0,0,0
6711,1724,96,0,62505,4504,"Stacheliger Modetrend",0,0,0,0,0,0,0,0,0,0,0,0,0,0,0,0,0,0,0,0,0,0,0,0
6712,1725,96,0,62505,4504,"Zeichen des Dankes",0,0,0,0,0,0,0,0,0,0,0,0,0,0,0,0,0,0,0,0,0,0,0,0
6713,1726,98,0,62505,4504,"Ein Stab aus Dunkelstahl",0,0,0,0,0,0,0,0,0,0,0,0,0,0,0,0,0,0,0,0,0,0,0,0
6714,1727,98,0,62505,4504,"Ienseits des Hjmmels",0,0,0,0,0,0,0,0,0,0,0,0,0,0,0,0,0,0,0,0,0,0,0,0
6715,81,1,0,62506,39,"Rote Rübe",0,0,0,0,0,0,0,0,0,0,0,0,0,0,0,0,0,0,0,0,0,0,0,0
6716,82,1,0,62506,39,"Mehr Schein als Sein",0,0,0,0,0,0,0,0,0,0,0,0,0,0,0,0,0,0,0,0,0,0,0,0
6717,83,1,0,62506,54,"Ausgezehrte Sohlen",0,0,0,0,0,0,0,0,0,0,0,0,0,0,0,0,0,0,0,0,0,0,0,0
6718,84,1,0,62506,54,"Rutschfester Tritt",0,0,0,0,0,0,0,0,0,0,0,0,0,0,0,0,0,0,0,0,0,0,0,0
6719,85,1,0,62506,54,"Um Hals und Kragen",0,0,0,0,0,0,0,0,0,0,0,0,0,0,0,0,0,0,0,0,0,0,0,0
6720,86,1,0,62506,39,"Lederbann",0,0,0,0,0,0,0,0,0,0,0,0,0,0,0,0,0,0,0,0,0,0,0,0
6721,87,5,0,62506,39,"Maul zu!",0,0,0,0,0,0,0,0,0,0,0,0,0,0,0,0,0,0,0,0,0,0,0,0
6722,88,5,0,62506,39,"Schlagkräftiges Schauspiel",0,0,0,0,0,0,0,0,0,0,0,0,0,0,0,0,0,0,0,0,0,0,0,0
6723,89,5,0,62506,54,"Gesegnete Beinkleider",0,0,0,0,0,0,0,0,0,0,0,0,0,0,0,0,0,0,0,0,0,0,0,0
6724,90,5,0,62506,54,"Ein Dorn im Auge",0,0,0,0,0,0,0,0,0,0,0,0,0,0,0,0,0,0,0,0,0,0,0,0
6725,91,5,0,62506,54,"Nistkasten",0,0,0,0,0,0,0,0,0,0,0,0,0,0,0,0,0,0,0,0,0,0,0,0
6726,92,5,0,62506,39,"Fehdehandschuhe",0,0,0,0,0,0,0,0,0,0,0,0,0,0,0,0,0,0,0,0,0,0,0,0
6727,93,10,0,62506,39,"Blut im Schuh",0,0,0,0,0,0,0,0,0,0,0,0,0,0,0,0,0,0,0,0,0,0,0,0
6728,94,10,0,62506,39,"Ein sicheres Händchen",0,0,0,0,0,0,0,0,0,0,0,0,0,0,0,0,0,0,0,0,0,0,0,0
6729,95,10,0,62506,54,"Bestens gesattelt",0,0,0,0,0,0,0,0,0,0,0,0,0,0,0,0,0,0,0,0,0,0,0,0
6730,96,10,0,62506,54,"Nur das Beste",0,0,0,0,0,0,0,0,0,0,0,0,0,0,0,0,0,0,0,0,0,0,0,0
6731,97,10,0,62506,54,"Einfach bestens",0,0,0,0,0,0,0,0,0,0,0,0,0,0,0,0,0,0,0,0,0,0,0,0
6732,98,10,0,62506,39,"Für alles gewappnet",0,0,0,0,0,0,0,0,0,0,0,0,0,0,0,0,0,0,0,0,0,0,0,0
6733,99,15,0,62506,39,"Die Qual der Wahl",0,0,0,0,0,0,0,0,0,0,0,0,0,0,0,0,0,0,0,0,0,0,0,0
6734,100,15,0,62506,39,"Forsthelme",0,0,0,0,0,0,0,0,0,0,0,0,0,0,0,0,0,0,0,0,0,0,0,0
6735,101,15,0,62506,55,"Haut Couture für die Massen",0,0,0,0,0,0,0,0,0,0,0,0,0,0,0,0,0,0,0,0,0,0,0,0
6736,102,15,0,62506,55,"Besser Arm dran als Arm ab",0,0,0,0,0,0,0,0,0,0,0,0,0,0,0,0,0,0,0,0,0,0,0,0
6737,103,15,0,62506,55,"Trainingsschuhe",0,0,0,0,0,0,0,0,0,0,0,0,0,0,0,0,0,0,0,0,0,0,0,0
6738,104,15,0,62506,39,"Ringbänder der Liebenden",0,0,0,0,0,0,0,0,0,0,0,0,0,0,0,0,0,0,0,0,0,0,0,0
6739,105,20,0,62506,39,"In voller Rüstung",0,0,0,0,0,0,0,0,0,0,0,0,0,0,0,0,0,0,0,0,0,0,0,0
6740,106,20,0,62506,39,"Leder in Flammen",0,0,0,0,0,0,0,0,0,0,0,0,0,0,0,0,0,0,0,0,0,0,0,0
6741,107,20,0,62506,56,"Wanderschuhe",0,0,0,0,0,0,0,0,0,0,0,0,0,0,0,0,0,0,0,0,0,0,0,0
6742,108,20,0,62506,56,"Ar<hex:02160103>beits<hex:02160103>hand<hex:02160103>schu<hex:02160103>he",0,0,0,0,0,0,0,0,0,0,0,0,0,0,0,0,0,0,0,0,0,0,0,0
6743,109,20,0,62506,56,"Schlagende Argumente",0,0,0,0,0,0,0,0,0,0,0,0,0,0,0,0,0,0,0,0,0,0,0,0
6744,110,20,0,62506,56,"Das große Steinbock-Sterben",0,0,0,0,0,0,0,0,0,0,0,0,0,0,0,0,0,0,0,0,0,0,0,0
6745,111,25,0,62506,39,"Macht den Bock zum Schild",0,0,0,0,0,0,0,0,0,0,0,0,0,0,0,0,0,0,0,0,0,0,0,0
6746,112,25,0,62506,56,"Ein Bock am Arm",0,0,0,0,0,0,0,0,0,0,0,0,0,0,0,0,0,0,0,0,0,0,0,0
6747,113,25,0,62506,39,"Zukäufe",0,0,0,0,0,0,0,0,0,0,0,0,0,0,0,0,0,0,0,0,0,0,0,0
6748,114,25,0,62506,56,"Pflichterfüllung",0,0,0,0,0,0,0,0,0,0,0,0,0,0,0,0,0,0,0,0,0,0,0,0
6749,115,25,0,62506,56,"Zurück in der Truppe",0,0,0,0,0,0,0,0,0,0,0,0,0,0,0,0,0,0,0,0,0,0,0,0
6750,116,25,0,62506,56,"Verschollen im Sumpf",0,0,0,0,0,0,0,0,0,0,0,0,0,0,0,0,0,0,0,0,0,0,0,0
6751,117,30,0,62506,32,"Freibeuter-Charme",0,0,0,0,0,0,0,0,0,0,0,0,0,0,0,0,0,0,0,0,0,0,0,0
6752,118,30,0,62506,39,"Reklamation",0,0,0,0,0,0,0,0,0,0,0,0,0,0,0,0,0,0,0,0,0,0,0,0
6753,119,30,0,62506,39,"Gift und Galle",0,0,0,0,0,0,0,0,0,0,0,0,0,0,0,0,0,0,0,0,0,0,0,0
6754,120,30,0,62506,32,"Frohes Wacheschieben",0,0,0,0,0,0,0,0,0,0,0,0,0,0,0,0,0,0,0,0,0,0,0,0
6755,121,30,0,62506,32,"Schnurr, schnurr",0,0,0,0,0,0,0,0,0,0,0,0,0,0,0,0,0,0,0,0,0,0,0,0
6756,122,30,0,62506,32,"Eine symbiotische Beziehung",0,0,0,0,0,0,0,0,0,0,0,0,0,0,0,0,0,0,0,0,0,0,0,0
6757,123,35,0,62506,63,"Häretikerjagd",0,0,0,0,0,0,0,0,0,0,0,0,0,0,0,0,0,0,0,0,0,0,0,0
6758,124,35,0,62506,39,"Peiste auf den Leisten",0,0,0,0,0,0,0,0,0,0,0,0,0,0,0,0,0,0,0,0,0,0,0,0
6759,125,35,0,62506,39,"Keiler für die Viper",0,0,0,0,0,0,0,0,0,0,0,0,0,0,0,0,0,0,0,0,0,0,0,0
6760,126,35,0,62506,63,"Der Kunde ist König",0,0,0,0,0,0,0,0,0,0,0,0,0,0,0,0,0,0,0,0,0,0,0,0
6761,127,35,0,62506,63,"Finger<hex:02160103>spitzen<hex:02160103>gefühl",0,0,0,0,0,0,0,0,0,0,0,0,0,0,0,0,0,0,0,0,0,0,0,0
6762,128,35,0,62506,63,"Steht dir gut!",0,0,0,0,0,0,0,0,0,0,0,0,0,0,0,0,0,0,0,0,0,0,0,0
6763,129,40,0,62506,63,"Ab in den Stall",0,0,0,0,0,0,0,0,0,0,0,0,0,0,0,0,0,0,0,0,0,0,0,0
6764,130,40,0,62506,39,"Rock im Wald",0,0,0,0,0,0,0,0,0,0,0,0,0,0,0,0,0,0,0,0,0,0,0,0
6765,131,40,0,62506,39,"Gurtzeug und Spiele",0,0,0,0,0,0,0,0,0,0,0,0,0,0,0,0,0,0,0,0,0,0,0,0
6766,132,40,0,62506,63,"Kalte Füße",0,0,0,0,0,0,0,0,0,0,0,0,0,0,0,0,0,0,0,0,0,0,0,0
6767,133,40,0,62506,63,"Jacke zur Hose",0,0,0,0,0,0,0,0,0,0,0,0,0,0,0,0,0,0,0,0,0,0,0,0
6768,134,40,0,62506,63,"Aus dem Sattel gekippt",0,0,0,0,0,0,0,0,0,0,0,0,0,0,0,0,0,0,0,0,0,0,0,0
6769,135,45,0,62506,67,"Gourmet-Griffel",0,0,0,0,0,0,0,0,0,0,0,0,0,0,0,0,0,0,0,0,0,0,0,0
6770,136,45,0,62506,39,"Abschied mit Armbändern",0,0,0,0,0,0,0,0,0,0,0,0,0,0,0,0,0,0,0,0,0,0,0,0
6771,137,45,0,62506,39,"Touristenfalle",0,0,0,0,0,0,0,0,0,0,0,0,0,0,0,0,0,0,0,0,0,0,0,0
6772,138,45,0,62506,67,"Gefährdete Waden",0,0,0,0,0,0,0,0,0,0,0,0,0,0,0,0,0,0,0,0,0,0,0,0
6773,139,45,0,62506,67,"Abgetragene Sohlen",0,0,0,0,0,0,0,0,0,0,0,0,0,0,0,0,0,0,0,0,0,0,0,0
6774,140,45,0,62506,67,"Fundstücke",0,0,0,0,0,0,0,0,0,0,0,0,0,0,0,0,0,0,0,0,0,0,0,0
6775,938,50,0,62506,62,"Langlebiges Leder",0,0,0,0,0,0,0,0,0,0,0,0,0,0,0,0,0,0,0,0,0,0,0,0
6776,939,50,0,62506,62,"Im Gleichschritt!",0,0,0,0,0,0,0,0,0,0,0,0,0,0,0,0,0,0,0,0,0,0,0,0
6777,940,50,0,62506,62,"Behände ans Werk",0,0,0,0,0,0,0,0,0,0,0,0,0,0,0,0,0,0,0,0,0,0,0,0
6778,941,50,0,62506,62,"Großfreibrief: Langlebiges Leder",0,0,0,0,0,0,0,0,0,0,0,0,0,0,0,0,0,0,0,0,0,0,0,0
6779,942,50,0,62506,62,"Großfreibrief: Im Gleichschritt!",0,0,0,0,0,0,0,0,0,0,0,0,0,0,0,0,0,0,0,0,0,0,0,0
6780,943,50,0,62506,62,"Großfreibrief: Behände ans Werk",0,0,0,0,0,0,0,0,0,0,0,0,0,0,0,0,0,0,0,0,0,0,0,0
6781,944,52,0,62506,62,"Den Drachen ans Leder",0,0,0,0,0,0,0,0,0,0,0,0,0,0,0,0,0,0,0,0,0,0,0,0
6782,945,52,0,62506,62,"Ein geschmackvoller Helm",0,0,0,0,0,0,0,0,0,0,0,0,0,0,0,0,0,0,0,0,0,0,0,0
6783,946,52,0,62506,62,"Siegesmanschetten",0,0,0,0,0,0,0,0,0,0,0,0,0,0,0,0,0,0,0,0,0,0,0,0
6784,947,52,0,62506,62,"Großfreibrief: Den Drachen ans Leder",0,0,0,0,0,0,0,0,0,0,0,0,0,0,0,0,0,0,0,0,0,0,0,0
6785,948,52,0,62506,62,"Großfreibrief: Geschmackvolle Helme",0,0,0,0,0,0,0,0,0,0,0,0,0,0,0,0,0,0,0,0,0,0,0,0
6786,949,52,0,62506,62,"Großfreibrief: Siegesmanschetten",0,0,0,0,0,0,0,0,0,0,0,0,0,0,0,0,0,0,0,0,0,0,0,0
6787,950,54,0,62506,62,"Rückkehr nach Tannenhöhe",0,0,0,0,0,0,0,0,0,0,0,0,0,0,0,0,0,0,0,0,0,0,0,0
6788,951,54,0,62506,62,"Der Tempelritter und sein Chocobo",0,0,0,0,0,0,0,0,0,0,0,0,0,0,0,0,0,0,0,0,0,0,0,0
6789,952,54,0,62506,62,"Dragoon in Ausbildung",0,0,0,0,0,0,0,0,0,0,0,0,0,0,0,0,0,0,0,0,0,0,0,0
6790,953,54,0,62506,62,"Großfreibrief: Rückkehr nach Tannenhöhe",0,0,0,0,0,0,0,0,0,0,0,0,0,0,0,0,0,0,0,0,0,0,0,0
6791,954,54,0,62506,62,"Großfreibrief: Der Tempelritter und sein Chocobo",0,0,0,0,0,0,0,0,0,0,0,0,0,0,0,0,0,0,0,0,0,0,0,0
6792,955,54,0,62506,62,"Großfreibrief: Dragoon in Ausbildung",0,0,0,0,0,0,0,0,0,0,0,0,0,0,0,0,0,0,0,0,0,0,0,0
6793,956,56,0,62506,62,"Ausbildung abgeschlossen",0,0,0,0,0,0,0,0,0,0,0,0,0,0,0,0,0,0,0,0,0,0,0,0
6794,957,56,0,62506,62,"Der Kurie zum Dank",0,0,0,0,0,0,0,0,0,0,0,0,0,0,0,0,0,0,0,0,0,0,0,0
6795,958,56,0,62506,62,"Kampfsimulation",0,0,0,0,0,0,0,0,0,0,0,0,0,0,0,0,0,0,0,0,0,0,0,0
6796,959,56,0,62506,62,"Großfreibrief: Ausbildung abgeschlossen",0,0,0,0,0,0,0,0,0,0,0,0,0,0,0,0,0,0,0,0,0,0,0,0
6797,960,56,0,62506,62,"Großfreibrief: Der Kurie zum Dank",0,0,0,0,0,0,0,0,0,0,0,0,0,0,0,0,0,0,0,0,0,0,0,0
6798,961,56,0,62506,62,"Großfreibrief: Kampfsimulation",0,0,0,0,0,0,0,0,0,0,0,0,0,0,0,0,0,0,0,0,0,0,0,0
6799,962,58,0,62506,62,"Abschlussprüfung",0,0,0,0,0,0,0,0,0,0,0,0,0,0,0,0,0,0,0,0,0,0,0,0
6800,963,58,0,62506,62,"Hüte für die Magier",0,0,0,0,0,0,0,0,0,0,0,0,0,0,0,0,0,0,0,0,0,0,0,0
6801,964,58,0,62506,62,"Ein Tribut an die Magier",0,0,0,0,0,0,0,0,0,0,0,0,0,0,0,0,0,0,0,0,0,0,0,0
6802,965,58,0,62506,62,"Großfreibrief: Abschlussprüfung",0,0,0,0,0,0,0,0,0,0,0,0,0,0,0,0,0,0,0,0,0,0,0,0
6803,966,58,0,62506,62,"Großfreibrief: Hüte für die Magier",0,0,0,0,0,0,0,0,0,0,0,0,0,0,0,0,0,0,0,0,0,0,0,0
6804,967,58,0,62506,62,"Großfreibrief: Ein Tribut an die Magier",0,0,0,0,0,0,0,0,0,0,0,0,0,0,0,0,0,0,0,0,0,0,0,0
6805,1253,60,0,62506,2404,"Feinfühlige Reisende",0,0,0,0,0,0,0,0,0,0,0,0,0,0,0,0,0,0,0,0,0,0,0,0
6806,1254,60,0,62506,2404,"Exotisches Leder",0,0,0,0,0,0,0,0,0,0,0,0,0,0,0,0,0,0,0,0,0,0,0,0
6807,1255,60,0,62506,2404,"Modisches Erwachen",0,0,0,0,0,0,0,0,0,0,0,0,0,0,0,0,0,0,0,0,0,0,0,0
6808,1256,62,0,62506,2404,"Raues Pflaster",0,0,0,0,0,0,0,0,0,0,0,0,0,0,0,0,0,0,0,0,0,0,0,0
6809,1257,62,0,62506,2404,"Lederne Accessoires",0,0,0,0,0,0,0,0,0,0,0,0,0,0,0,0,0,0,0,0,0,0,0,0
6810,1258,62,0,62506,2404,"Ein Händchen für Handschuhe",0,0,0,0,0,0,0,0,0,0,0,0,0,0,0,0,0,0,0,0,0,0,0,0
6811,1259,64,0,62506,2404,"Der erste Eindruck zählt",0,0,0,0,0,0,0,0,0,0,0,0,0,0,0,0,0,0,0,0,0,0,0,0
6812,1260,64,0,62506,2404,"Auf kleinem Fuße",0,0,0,0,0,0,0,0,0,0,0,0,0,0,0,0,0,0,0,0,0,0,0,0
6813,1261,64,0,62506,2404,"Seltenheit hat ihren Preis",0,0,0,0,0,0,0,0,0,0,0,0,0,0,0,0,0,0,0,0,0,0,0,0
6814,1262,66,0,62506,2404,"Ungeduldige Kunden",0,0,0,0,0,0,0,0,0,0,0,0,0,0,0,0,0,0,0,0,0,0,0,0
6815,1263,66,0,62506,2404,"Züchtige Verhüllung",0,0,0,0,0,0,0,0,0,0,0,0,0,0,0,0,0,0,0,0,0,0,0,0
6816,1264,66,0,62506,2404,"Reiterhosen für Fernost",0,0,0,0,0,0,0,0,0,0,0,0,0,0,0,0,0,0,0,0,0,0,0,0
6817,1265,68,0,62506,2404,"Leder wundersamer Tiere",0,0,0,0,0,0,0,0,0,0,0,0,0,0,0,0,0,0,0,0,0,0,0,0
6818,1266,68,0,62506,2404,"Durch dick und dünn",0,0,0,0,0,0,0,0,0,0,0,0,0,0,0,0,0,0,0,0,0,0,0,0
6819,1267,68,0,62506,2404,"Der gestiefelte Kunde",0,0,0,0,0,0,0,0,0,0,0,0,0,0,0,0,0,0,0,0,0,0,0,0
6820,1418,70,0,62506,2951,"Möbel für die Ewigkeit",0,0,0,0,0,0,0,0,0,0,0,0,0,0,0,0,0,0,0,0,0,0,0,0
6821,1419,70,0,62506,2951,"Draußen die Hosen an",0,0,0,0,0,0,0,0,0,0,0,0,0,0,0,0,0,0,0,0,0,0,0,0
6822,1420,70,0,62506,2951,"Armbandmangel",0,0,0,0,0,0,0,0,0,0,0,0,0,0,0,0,0,0,0,0,0,0,0,0
6823,1421,72,0,62506,2951,"Hosen zum Strammziehen",0,0,0,0,0,0,0,0,0,0,0,0,0,0,0,0,0,0,0,0,0,0,0,0
6824,1422,72,0,62506,2951,"Ein Hauch von Nichts",0,0,0,0,0,0,0,0,0,0,0,0,0,0,0,0,0,0,0,0,0,0,0,0
6825,1423,72,0,62506,2951,"Arbeitsplatzsicherheit",0,0,0,0,0,0,0,0,0,0,0,0,0,0,0,0,0,0,0,0,0,0,0,0
6826,1424,74,0,62506,2951,"Auf Raptoren gebettet",0,0,0,0,0,0,0,0,0,0,0,0,0,0,0,0,0,0,0,0,0,0,0,0
6827,1425,74,0,62506,2951,"Gutes Leder ist Kopfsache",0,0,0,0,0,0,0,0,0,0,0,0,0,0,0,0,0,0,0,0,0,0,0,0
6828,1426,74,0,62506,2951,"Schmucke Schützen",0,0,0,0,0,0,0,0,0,0,0,0,0,0,0,0,0,0,0,0,0,0,0,0
6829,1427,76,0,62506,2951,"Beim Mantel nur Zonure",0,0,0,0,0,0,0,0,0,0,0,0,0,0,0,0,0,0,0,0,0,0,0,0
6830,1428,76,0,62506,2951,"3-Wetter-Schuhe",0,0,0,0,0,0,0,0,0,0,0,0,0,0,0,0,0,0,0,0,0,0,0,0
6831,1429,76,0,62506,2951,"Für die Besten das Beste",0,0,0,0,0,0,0,0,0,0,0,0,0,0,0,0,0,0,0,0,0,0,0,0
6832,1430,78,0,62506,2951,"Verdiensthandschuhe",0,0,0,0,0,0,0,0,0,0,0,0,0,0,0,0,0,0,0,0,0,0,0,0
6833,1431,78,0,62506,2951,"Leder aus dem Meer",0,0,0,0,0,0,0,0,0,0,0,0,0,0,0,0,0,0,0,0,0,0,0,0
6834,1432,78,0,62506,2951,"Schuhe für die Schwestern",0,0,0,0,0,0,0,0,0,0,0,0,0,0,0,0,0,0,0,0,0,0,0,0
6835,1608,80,0,62506,3706,"Sünden eines Buch-Banausen",0,0,0,0,0,0,0,0,0,0,0,0,0,0,0,0,0,0,0,0,0,0,0,0
6836,1609,80,0,62506,3706,"Mit Leder wird ein Schuh draus",0,0,0,0,0,0,0,0,0,0,0,0,0,0,0,0,0,0,0,0,0,0,0,0
6837,1610,82,0,62506,3706,"Leder, das dich aus den Stiefeln haut",0,0,0,0,0,0,0,0,0,0,0,0,0,0,0,0,0,0,0,0,0,0,0,0
6838,1611,82,0,62506,3706,"Kleider machen Leute",0,0,0,0,0,0,0,0,0,0,0,0,0,0,0,0,0,0,0,0,0,0,0,0
6839,1612,84,0,62506,3706,"Ein Buchliebhaber",0,0,0,0,0,0,0,0,0,0,0,0,0,0,0,0,0,0,0,0,0,0,0,0
6840,1613,84,0,62506,3706,"Loyal bis zum Schluss",0,0,0,0,0,0,0,0,0,0,0,0,0,0,0,0,0,0,0,0,0,0,0,0
6841,1614,86,0,62506,3706,"Klauen der Angst",0,0,0,0,0,0,0,0,0,0,0,0,0,0,0,0,0,0,0,0,0,0,0,0
6842,1615,86,0,62506,3706,"Geteilte Leidenschaft",0,0,0,0,0,0,0,0,0,0,0,0,0,0,0,0,0,0,0,0,0,0,0,0
6843,1616,88,0,62506,3706,"Eine großzügige Schuhspende",0,0,0,0,0,0,0,0,0,0,0,0,0,0,0,0,0,0,0,0,0,0,0,0
6844,1617,88,0,62506,3706,"Geklaubtes Mineral",0,0,0,0,0,0,0,0,0,0,0,0,0,0,0,0,0,0,0,0,0,0,0,0
6845,1728,90,0,62506,4504,"Aus Liebe zum Tier",0,0,0,0,0,0,0,0,0,0,0,0,0,0,0,0,0,0,0,0,0,0,0,0
6846,1729,90,0,62506,4504,"Leder geht immer",0,0,0,0,0,0,0,0,0,0,0,0,0,0,0,0,0,0,0,0,0,0,0,0
6847,1730,92,0,62506,4504,"Eisige Höhen",0,0,0,0,0,0,0,0,0,0,0,0,0,0,0,0,0,0,0,0,0,0,0,0
6848,1731,92,0,62506,4504,"Wie ein Mamool Ja",0,0,0,0,0,0,0,0,0,0,0,0,0,0,0,0,0,0,0,0,0,0,0,0
6849,1732,94,0,62506,4504,"Respekt dem Br'aax",0,0,0,0,0,0,0,0,0,0,0,0,0,0,0,0,0,0,0,0,0,0,0,0
6850,1733,94,0,62506,4504,"Handschuhe für den Kontinent",0,0,0,0,0,0,0,0,0,0,0,0,0,0,0,0,0,0,0,0,0,0,0,0
6851,1734,96,0,62506,4504,"Kalte Zehen",0,0,0,0,0,0,0,0,0,0,0,0,0,0,0,0,0,0,0,0,0,0,0,0
6852,1735,96,0,62506,4504,"Sammlerausrüstung",0,0,0,0,0,0,0,0,0,0,0,0,0,0,0,0,0,0,0,0,0,0,0,0
6853,1736,98,0,62506,4504,"Soloexpedition zum Worqor Zormor",0,0,0,0,0,0,0,0,0,0,0,0,0,0,0,0,0,0,0,0,0,0,0,0
6854,1737,98,0,62506,4504,"Bibbernde Piloten",0,0,0,0,0,0,0,0,0,0,0,0,0,0,0,0,0,0,0,0,0,0,0,0
6855,381,1,0,62507,51,"Das Nötigste",0,0,0,0,0,0,0,0,0,0,0,0,0,0,0,0,0,0,0,0,0,0,0,0
6856,382,1,0,62507,51,"Einfach, aber strapazierfähig",0,0,0,0,0,0,0,0,0,0,0,0,0,0,0,0,0,0,0,0,0,0,0,0
6857,383,1,0,62507,42,"Igitt, Perlenketten",0,0,0,0,0,0,0,0,0,0,0,0,0,0,0,0,0,0,0,0,0,0,0,0
6858,384,1,0,62507,42,"Ein dankbarer Arbeitgeber",0,0,0,0,0,0,0,0,0,0,0,0,0,0,0,0,0,0,0,0,0,0,0,0
6859,385,1,0,62507,42,"Sonnenschutz",0,0,0,0,0,0,0,0,0,0,0,0,0,0,0,0,0,0,0,0,0,0,0,0
6860,386,1,0,62507,51,"Haar im Helm ",0,0,0,0,0,0,0,0,0,0,0,0,0,0,0,0,0,0,0,0,0,0,0,0
6861,387,5,0,62507,51,"Steigende Nachfrage",0,0,0,0,0,0,0,0,0,0,0,0,0,0,0,0,0,0,0,0,0,0,0,0
6862,388,5,0,62507,51,"Der Renner der Saison",0,0,0,0,0,0,0,0,0,0,0,0,0,0,0,0,0,0,0,0,0,0,0,0
6863,389,5,0,62507,42,"Billig, aber schick",0,0,0,0,0,0,0,0,0,0,0,0,0,0,0,0,0,0,0,0,0,0,0,0
6864,390,5,0,62507,42,"Eine naheliegende Idee",0,0,0,0,0,0,0,0,0,0,0,0,0,0,0,0,0,0,0,0,0,0,0,0
6865,391,5,0,62507,42,"Kratzende Reiterhosen",0,0,0,0,0,0,0,0,0,0,0,0,0,0,0,0,0,0,0,0,0,0,0,0
6866,392,5,0,62507,51,"Billige Rüstungen",0,0,0,0,0,0,0,0,0,0,0,0,0,0,0,0,0,0,0,0,0,0,0,0
6867,393,10,0,62507,51,"Schutz vor Wind und Wetter",0,0,0,0,0,0,0,0,0,0,0,0,0,0,0,0,0,0,0,0,0,0,0,0
6868,394,10,0,62507,51,"Feinstaubalarm",0,0,0,0,0,0,0,0,0,0,0,0,0,0,0,0,0,0,0,0,0,0,0,0
6869,395,10,0,62507,42,"Bei Wind und Wetter",0,0,0,0,0,0,0,0,0,0,0,0,0,0,0,0,0,0,0,0,0,0,0,0
6870,396,10,0,62507,42,"Dem Himmelszug sei Dank!",0,0,0,0,0,0,0,0,0,0,0,0,0,0,0,0,0,0,0,0,0,0,0,0
6871,397,10,0,62507,42,"Liebe zur Natur",0,0,0,0,0,0,0,0,0,0,0,0,0,0,0,0,0,0,0,0,0,0,0,0
6872,398,10,0,62507,51,"Keine Experimente",0,0,0,0,0,0,0,0,0,0,0,0,0,0,0,0,0,0,0,0,0,0,0,0
6873,399,15,0,62507,51,"Zum Reiten geeignet",0,0,0,0,0,0,0,0,0,0,0,0,0,0,0,0,0,0,0,0,0,0,0,0
6874,400,15,0,62507,51,"Hosen für die Damenwelt",0,0,0,0,0,0,0,0,0,0,0,0,0,0,0,0,0,0,0,0,0,0,0,0
6875,401,15,0,62507,44,"Ein vergessener Brauch",0,0,0,0,0,0,0,0,0,0,0,0,0,0,0,0,0,0,0,0,0,0,0,0
6876,402,15,0,62507,44,"Neue Hosen",0,0,0,0,0,0,0,0,0,0,0,0,0,0,0,0,0,0,0,0,0,0,0,0
6877,403,15,0,62507,44,"Die wahre Goldgrube",0,0,0,0,0,0,0,0,0,0,0,0,0,0,0,0,0,0,0,0,0,0,0,0
6878,404,15,0,62507,51,"Ärmel hochkrempeln unnötig",0,0,0,0,0,0,0,0,0,0,0,0,0,0,0,0,0,0,0,0,0,0,0,0
6879,405,20,0,62507,51,"Der Mittelweg",0,0,0,0,0,0,0,0,0,0,0,0,0,0,0,0,0,0,0,0,0,0,0,0
6880,406,20,0,62507,51,"Reißfeste Hosen",0,0,0,0,0,0,0,0,0,0,0,0,0,0,0,0,0,0,0,0,0,0,0,0
6881,407,20,0,62507,56,"Bequeme Geschenke",0,0,0,0,0,0,0,0,0,0,0,0,0,0,0,0,0,0,0,0,0,0,0,0
6882,408,20,0,62507,56,"Handschuhe für die Damen",0,0,0,0,0,0,0,0,0,0,0,0,0,0,0,0,0,0,0,0,0,0,0,0
6883,409,20,0,62507,56,"Viel Glück und viel Sägen",0,0,0,0,0,0,0,0,0,0,0,0,0,0,0,0,0,0,0,0,0,0,0,0
6884,410,20,0,62507,56,"Neue Weste für die Beste",0,0,0,0,0,0,0,0,0,0,0,0,0,0,0,0,0,0,0,0,0,0,0,0
6885,411,25,0,62507,51,"Seemannshemden",0,0,0,0,0,0,0,0,0,0,0,0,0,0,0,0,0,0,0,0,0,0,0,0
6886,412,25,0,62507,56,"Neue Arbeitshüte",0,0,0,0,0,0,0,0,0,0,0,0,0,0,0,0,0,0,0,0,0,0,0,0
6887,413,25,0,62507,51,"Stadt aus Samt und Seide",0,0,0,0,0,0,0,0,0,0,0,0,0,0,0,0,0,0,0,0,0,0,0,0
6888,414,25,0,62507,56,"Hosen für die Waldstreife",0,0,0,0,0,0,0,0,0,0,0,0,0,0,0,0,0,0,0,0,0,0,0,0
6889,415,25,0,62507,56,"Hut ab!",0,0,0,0,0,0,0,0,0,0,0,0,0,0,0,0,0,0,0,0,0,0,0,0
6890,416,25,0,62507,56,"Früchte des Waldes",0,0,0,0,0,0,0,0,0,0,0,0,0,0,0,0,0,0,0,0,0,0,0,0
6891,417,30,0,62507,32,"Spendierhosen",0,0,0,0,0,0,0,0,0,0,0,0,0,0,0,0,0,0,0,0,0,0,0,0
6892,418,30,0,62507,51,"Zauberhafte Sommermode",0,0,0,0,0,0,0,0,0,0,0,0,0,0,0,0,0,0,0,0,0,0,0,0
6893,419,30,0,62507,51,"Mit Samthandschuhen",0,0,0,0,0,0,0,0,0,0,0,0,0,0,0,0,0,0,0,0,0,0,0,0
6894,420,30,0,62507,32,"Seiner Zeit voraus ... wie immer",0,0,0,0,0,0,0,0,0,0,0,0,0,0,0,0,0,0,0,0,0,0,0,0
6895,421,30,0,62507,32,"Festessen im Bismarck",0,0,0,0,0,0,0,0,0,0,0,0,0,0,0,0,0,0,0,0,0,0,0,0
6896,422,30,0,62507,32,"Auf samtenen Pfoten",0,0,0,0,0,0,0,0,0,0,0,0,0,0,0,0,0,0,0,0,0,0,0,0
6897,423,35,0,62507,63,"Haar in der Linse",0,0,0,0,0,0,0,0,0,0,0,0,0,0,0,0,0,0,0,0,0,0,0,0
6898,424,35,0,62507,51,"Gladiatorenprobleme",0,0,0,0,0,0,0,0,0,0,0,0,0,0,0,0,0,0,0,0,0,0,0,0
6899,425,35,0,62507,51,"Druidenhüte",0,0,0,0,0,0,0,0,0,0,0,0,0,0,0,0,0,0,0,0,0,0,0,0
6900,426,35,0,62507,63,"Luftige Kleidung",0,0,0,0,0,0,0,0,0,0,0,0,0,0,0,0,0,0,0,0,0,0,0,0
6901,427,35,0,62507,63,"Rundumschutz",0,0,0,0,0,0,0,0,0,0,0,0,0,0,0,0,0,0,0,0,0,0,0,0
6902,428,35,0,62507,63,"Unter die Rüstung geschaut",0,0,0,0,0,0,0,0,0,0,0,0,0,0,0,0,0,0,0,0,0,0,0,0
6903,429,40,0,62507,63,"Woll-Kecks für alle!",0,0,0,0,0,0,0,0,0,0,0,0,0,0,0,0,0,0,0,0,0,0,0,0
6904,430,40,0,62507,51,"Arbeitskleidung ungefärbt",0,0,0,0,0,0,0,0,0,0,0,0,0,0,0,0,0,0,0,0,0,0,0,0
6905,431,40,0,62507,51,"Oberschicht verpflichtet",0,0,0,0,0,0,0,0,0,0,0,0,0,0,0,0,0,0,0,0,0,0,0,0
6906,432,40,0,62507,63,"Suche Träger - Biete Kleidung",0,0,0,0,0,0,0,0,0,0,0,0,0,0,0,0,0,0,0,0,0,0,0,0
6907,433,40,0,62507,63,"Frierender Besuch",0,0,0,0,0,0,0,0,0,0,0,0,0,0,0,0,0,0,0,0,0,0,0,0
6908,434,40,0,62507,63,"Lager voller Wollhüte",0,0,0,0,0,0,0,0,0,0,0,0,0,0,0,0,0,0,0,0,0,0,0,0
6909,435,45,0,62507,67,"Hosen runter",0,0,0,0,0,0,0,0,0,0,0,0,0,0,0,0,0,0,0,0,0,0,0,0
6910,436,45,0,62507,51,"Kundenzufriedenheit durch Qualität",0,0,0,0,0,0,0,0,0,0,0,0,0,0,0,0,0,0,0,0,0,0,0,0
6911,437,45,0,62507,51,"Babawais Gourmets",0,0,0,0,0,0,0,0,0,0,0,0,0,0,0,0,0,0,0,0,0,0,0,0
6912,438,45,0,62507,67,"Geeignete Kampfkleidung",0,0,0,0,0,0,0,0,0,0,0,0,0,0,0,0,0,0,0,0,0,0,0,0
6913,439,45,0,62507,67,"Aufgeschlitzt",0,0,0,0,0,0,0,0,0,0,0,0,0,0,0,0,0,0,0,0,0,0,0,0
6914,440,45,0,62507,67,"Ohne Hut nicht gut",0,0,0,0,0,0,0,0,0,0,0,0,0,0,0,0,0,0,0,0,0,0,0,0
6915,1088,50,0,62507,62,"Hoch die Flaggen!",0,0,0,0,0,0,0,0,0,0,0,0,0,0,0,0,0,0,0,0,0,0,0,0
6916,1089,50,0,62507,62,"Helden in Hosen",0,0,0,0,0,0,0,0,0,0,0,0,0,0,0,0,0,0,0,0,0,0,0,0
6917,1090,50,0,62507,62,"Approbation erteilt!",0,0,0,0,0,0,0,0,0,0,0,0,0,0,0,0,0,0,0,0,0,0,0,0
6918,1091,50,0,62507,62,"Großfreibrief: Hoch die Flaggen!",0,0,0,0,0,0,0,0,0,0,0,0,0,0,0,0,0,0,0,0,0,0,0,0
6919,1092,50,0,62507,62,"Großfreibrief: Helden in Hosen",0,0,0,0,0,0,0,0,0,0,0,0,0,0,0,0,0,0,0,0,0,0,0,0
6920,1093,50,0,62507,62,"Großfreibrief: Approbation erteilt!",0,0,0,0,0,0,0,0,0,0,0,0,0,0,0,0,0,0,0,0,0,0,0,0
6921,1094,52,0,62507,62,"Ausgerüstet in das Kampftraining",0,0,0,0,0,0,0,0,0,0,0,0,0,0,0,0,0,0,0,0,0,0,0,0
6922,1095,52,0,62507,62,"Roben machen Magier",0,0,0,0,0,0,0,0,0,0,0,0,0,0,0,0,0,0,0,0,0,0,0,0
6923,1096,52,0,62507,62,"Die Zimmerer der Dzemael",0,0,0,0,0,0,0,0,0,0,0,0,0,0,0,0,0,0,0,0,0,0,0,0
6924,1097,52,0,62507,62,"Großfreibrief: Ausgerüstet in das Kampftraining",0,0,0,0,0,0,0,0,0,0,0,0,0,0,0,0,0,0,0,0,0,0,0,0
6925,1098,52,0,62507,62,"Großfreibrief: Roben machen Magier",0,0,0,0,0,0,0,0,0,0,0,0,0,0,0,0,0,0,0,0,0,0,0,0
6926,1099,52,0,62507,62,"Großfreibrief: Die Zimmerer der Dzemael",0,0,0,0,0,0,0,0,0,0,0,0,0,0,0,0,0,0,0,0,0,0,0,0
6927,1100,54,0,62507,62,"Mit Roben gegens Toben",0,0,0,0,0,0,0,0,0,0,0,0,0,0,0,0,0,0,0,0,0,0,0,0
6928,1101,54,0,62507,62,"Gut betucht",0,0,0,0,0,0,0,0,0,0,0,0,0,0,0,0,0,0,0,0,0,0,0,0
6929,1102,54,0,62507,62,"Heilende Hände",0,0,0,0,0,0,0,0,0,0,0,0,0,0,0,0,0,0,0,0,0,0,0,0
6930,1103,54,0,62507,62,"Großfreibrief: Mit Roben gegens Toben",0,0,0,0,0,0,0,0,0,0,0,0,0,0,0,0,0,0,0,0,0,0,0,0
6931,1104,54,0,62507,62,"Großfreibrief: Gut betucht",0,0,0,0,0,0,0,0,0,0,0,0,0,0,0,0,0,0,0,0,0,0,0,0
6932,1105,54,0,62507,62,"Großfreibrief: Heilende Hände",0,0,0,0,0,0,0,0,0,0,0,0,0,0,0,0,0,0,0,0,0,0,0,0
6933,1106,56,0,62507,62,"Kampfkunsttraining",0,0,0,0,0,0,0,0,0,0,0,0,0,0,0,0,0,0,0,0,0,0,0,0
6934,1107,56,0,62507,62,"Eine klebrige Angelegenheit",0,0,0,0,0,0,0,0,0,0,0,0,0,0,0,0,0,0,0,0,0,0,0,0
6935,1108,56,0,62507,62,"Freischärler ausrüsten",0,0,0,0,0,0,0,0,0,0,0,0,0,0,0,0,0,0,0,0,0,0,0,0
6936,1109,56,0,62507,62,"Großfreibrief: Kampfkunsttraining",0,0,0,0,0,0,0,0,0,0,0,0,0,0,0,0,0,0,0,0,0,0,0,0
6937,1110,56,0,62507,62,"Großfreibrief: Eine klebrige Angelegenheit",0,0,0,0,0,0,0,0,0,0,0,0,0,0,0,0,0,0,0,0,0,0,0,0
6938,1111,56,0,62507,62,"Großfreibrief: Freischärler ausrüsten",0,0,0,0,0,0,0,0,0,0,0,0,0,0,0,0,0,0,0,0,0,0,0,0
6939,1112,58,0,62507,62,"Die Opfer des Krieges",0,0,0,0,0,0,0,0,0,0,0,0,0,0,0,0,0,0,0,0,0,0,0,0
6940,1113,58,0,62507,62,"Hosen zum Holzfällerhemd",0,0,0,0,0,0,0,0,0,0,0,0,0,0,0,0,0,0,0,0,0,0,0,0
6941,1114,58,0,62507,62,"Ordentliche Maskerade",0,0,0,0,0,0,0,0,0,0,0,0,0,0,0,0,0,0,0,0,0,0,0,0
6942,1115,58,0,62507,62,"Großfreibrief: Die Opfer des Krieges",0,0,0,0,0,0,0,0,0,0,0,0,0,0,0,0,0,0,0,0,0,0,0,0
6943,1116,58,0,62507,62,"Großfreibrief: Hosen zum Holzfällerhemd",0,0,0,0,0,0,0,0,0,0,0,0,0,0,0,0,0,0,0,0,0,0,0,0
6944,1117,58,0,62507,62,"Großfreibrief: Ordentliche Maskerade",0,0,0,0,0,0,0,0,0,0,0,0,0,0,0,0,0,0,0,0,0,0,0,0
6945,1328,60,0,62507,2404,"Eorzäische Kniebundhose",0,0,0,0,0,0,0,0,0,0,0,0,0,0,0,0,0,0,0,0,0,0,0,0
6946,1329,60,0,62507,2404,"Eine gute Figur",0,0,0,0,0,0,0,0,0,0,0,0,0,0,0,0,0,0,0,0,0,0,0,0
6947,1330,60,0,62507,2404,"Theateruniformen",0,0,0,0,0,0,0,0,0,0,0,0,0,0,0,0,0,0,0,0,0,0,0,0
6948,1331,62,0,62507,2404,"Übereifrige Schauspieler",0,0,0,0,0,0,0,0,0,0,0,0,0,0,0,0,0,0,0,0,0,0,0,0
6949,1332,62,0,62507,2404,"So nah und doch so fern",0,0,0,0,0,0,0,0,0,0,0,0,0,0,0,0,0,0,0,0,0,0,0,0
6950,1333,62,0,62507,2404,"Eorzäische Gaskins",0,0,0,0,0,0,0,0,0,0,0,0,0,0,0,0,0,0,0,0,0,0,0,0
6951,1334,64,0,62507,2404,"Eorzäische Tunika",0,0,0,0,0,0,0,0,0,0,0,0,0,0,0,0,0,0,0,0,0,0,0,0
6952,1335,64,0,62507,2404,"Schmucke Kniebundhose",0,0,0,0,0,0,0,0,0,0,0,0,0,0,0,0,0,0,0,0,0,0,0,0
6953,1336,64,0,62507,2404,"Kein Fremdwort",0,0,0,0,0,0,0,0,0,0,0,0,0,0,0,0,0,0,0,0,0,0,0,0
6954,1337,66,0,62507,2404,"Würdevoller Auftritt",0,0,0,0,0,0,0,0,0,0,0,0,0,0,0,0,0,0,0,0,0,0,0,0
6955,1338,66,0,62507,2404,"Schweiß in seinem Angesicht",0,0,0,0,0,0,0,0,0,0,0,0,0,0,0,0,0,0,0,0,0,0,0,0
6956,1339,66,0,62507,2404,"Eorzäischer Gambeson",0,0,0,0,0,0,0,0,0,0,0,0,0,0,0,0,0,0,0,0,0,0,0,0
6957,1340,68,0,62507,2404,"Schmucker Turban",0,0,0,0,0,0,0,0,0,0,0,0,0,0,0,0,0,0,0,0,0,0,0,0
6958,1341,68,0,62507,2404,"Ersatzkostüm",0,0,0,0,0,0,0,0,0,0,0,0,0,0,0,0,0,0,0,0,0,0,0,0
6959,1342,68,0,62507,2404,"Eorzäische Strickhüte",0,0,0,0,0,0,0,0,0,0,0,0,0,0,0,0,0,0,0,0,0,0,0,0
6960,1493,70,0,62507,2951,"Der weiße Faden",0,0,0,0,0,0,0,0,0,0,0,0,0,0,0,0,0,0,0,0,0,0,0,0
6961,1494,70,0,62507,2951,"Auf weiße Hose machen",0,0,0,0,0,0,0,0,0,0,0,0,0,0,0,0,0,0,0,0,0,0,0,0
6962,1495,70,0,62507,2951,"Initiationsturbane",0,0,0,0,0,0,0,0,0,0,0,0,0,0,0,0,0,0,0,0,0,0,0,0
6963,1496,72,0,62507,2951,"Die richtige Trainingskleidung",0,0,0,0,0,0,0,0,0,0,0,0,0,0,0,0,0,0,0,0,0,0,0,0
6964,1497,72,0,62507,2951,"Pluderhosen? Nein, Hosen in Ronso-Größe!",0,0,0,0,0,0,0,0,0,0,0,0,0,0,0,0,0,0,0,0,0,0,0,0
6965,1498,72,0,62507,2951,"Medizi-Kopfbedeckungen",0,0,0,0,0,0,0,0,0,0,0,0,0,0,0,0,0,0,0,0,0,0,0,0
6966,1499,74,0,62507,2951,"Feenhaft genähtes Bettzeug",0,0,0,0,0,0,0,0,0,0,0,0,0,0,0,0,0,0,0,0,0,0,0,0
6967,1500,74,0,62507,2951,"Tarnkappenspäher",0,0,0,0,0,0,0,0,0,0,0,0,0,0,0,0,0,0,0,0,0,0,0,0
6968,1501,74,0,62507,2951,"Überdurchschnittlich",0,0,0,0,0,0,0,0,0,0,0,0,0,0,0,0,0,0,0,0,0,0,0,0
6969,1502,76,0,62507,2951,"Für eine geheime Kundin",0,0,0,0,0,0,0,0,0,0,0,0,0,0,0,0,0,0,0,0,0,0,0,0
6970,1503,76,0,62507,2951,"Getarnt auf Schmugglerjagd",0,0,0,0,0,0,0,0,0,0,0,0,0,0,0,0,0,0,0,0,0,0,0,0
6971,1504,76,0,62507,2951,"Turbane für eine Feldstudie",0,0,0,0,0,0,0,0,0,0,0,0,0,0,0,0,0,0,0,0,0,0,0,0
6972,1505,78,0,62507,2951,"Hosen zum Dank",0,0,0,0,0,0,0,0,0,0,0,0,0,0,0,0,0,0,0,0,0,0,0,0
6973,1506,78,0,62507,2951,"Ein Turban als Erinnerungsstück",0,0,0,0,0,0,0,0,0,0,0,0,0,0,0,0,0,0,0,0,0,0,0,0
6974,1507,78,0,62507,2951,"Hüte für Wanderheiler",0,0,0,0,0,0,0,0,0,0,0,0,0,0,0,0,0,0,0,0,0,0,0,0
6975,1618,80,0,62507,3706,"Sicherer Versand",0,0,0,0,0,0,0,0,0,0,0,0,0,0,0,0,0,0,0,0,0,0,0,0
6976,1619,80,0,62507,3706,"Heilende Handschuhe",0,0,0,0,0,0,0,0,0,0,0,0,0,0,0,0,0,0,0,0,0,0,0,0
6977,1620,82,0,62507,3706,"Hitzköpfe",0,0,0,0,0,0,0,0,0,0,0,0,0,0,0,0,0,0,0,0,0,0,0,0
6978,1621,82,0,62507,3706,"Weißkittel",0,0,0,0,0,0,0,0,0,0,0,0,0,0,0,0,0,0,0,0,0,0,0,0
6979,1622,84,0,62507,3706,"Auf Hochglanz poliert",0,0,0,0,0,0,0,0,0,0,0,0,0,0,0,0,0,0,0,0,0,0,0,0
6980,1623,84,0,62507,3706,"Für eine baldige Genesung",0,0,0,0,0,0,0,0,0,0,0,0,0,0,0,0,0,0,0,0,0,0,0,0
6981,1624,86,0,62507,3706,"Bis zum Hals in den Schulden",0,0,0,0,0,0,0,0,0,0,0,0,0,0,0,0,0,0,0,0,0,0,0,0
6982,1625,86,0,62507,3706,"Verdienter Ruhestand",0,0,0,0,0,0,0,0,0,0,0,0,0,0,0,0,0,0,0,0,0,0,0,0
6983,1626,88,0,62507,3706,"Ein Hut zart wie Samt",0,0,0,0,0,0,0,0,0,0,0,0,0,0,0,0,0,0,0,0,0,0,0,0
6984,1627,88,0,62507,3706,"Eine positive Bilanz",0,0,0,0,0,0,0,0,0,0,0,0,0,0,0,0,0,0,0,0,0,0,0,0
6985,1738,90,0,62507,4504,"Kühlende Bettwäsche",0,0,0,0,0,0,0,0,0,0,0,0,0,0,0,0,0,0,0,0,0,0,0,0
6986,1739,90,0,62507,4504,"Qualitätsmaßstab",0,0,0,0,0,0,0,0,0,0,0,0,0,0,0,0,0,0,0,0,0,0,0,0
6987,1740,92,0,62507,4504,"Landschaftmalerei",0,0,0,0,0,0,0,0,0,0,0,0,0,0,0,0,0,0,0,0,0,0,0,0
6988,1741,92,0,62507,4504,"Ganzkörpersilhouette",0,0,0,0,0,0,0,0,0,0,0,0,0,0,0,0,0,0,0,0,0,0,0,0
6989,1742,94,0,62507,4504,"Luftdicht und feuerfest",0,0,0,0,0,0,0,0,0,0,0,0,0,0,0,0,0,0,0,0,0,0,0,0
6990,1743,94,0,62507,4504,"Wahrung der Tradition",0,0,0,0,0,0,0,0,0,0,0,0,0,0,0,0,0,0,0,0,0,0,0,0
6991,1744,96,0,62507,4504,"Turalische Tierwolle",0,0,0,0,0,0,0,0,0,0,0,0,0,0,0,0,0,0,0,0,0,0,0,0
6992,1745,96,0,62507,4504,"Wechselhaftes Klima",0,0,0,0,0,0,0,0,0,0,0,0,0,0,0,0,0,0,0,0,0,0,0,0
6993,1746,98,0,62507,4504,"Zeremonielle Handschuhe",0,0,0,0,0,0,0,0,0,0,0,0,0,0,0,0,0,0,0,0,0,0,0,0
6994,1747,98,0,62507,4504,"Seidene Mäntel",0,0,0,0,0,0,0,0,0,0,0,0,0,0,0,0,0,0,0,0,0,0,0,0
6995,321,1,0,62508,51,"Brisante Zutat",0,0,0,0,0,0,0,0,0,0,0,0,0,0,0,0,0,0,0,0,0,0,0,0
6996,322,1,0,62508,51,"Eigenwillige Bücher",0,0,0,0,0,0,0,0,0,0,0,0,0,0,0,0,0,0,0,0,0,0,0,0
6997,323,1,0,62508,42,"Zartes Pflänzlein ",0,0,0,0,0,0,0,0,0,0,0,0,0,0,0,0,0,0,0,0,0,0,0,0
6998,324,1,0,62508,42,"Klebrige Finger",0,0,0,0,0,0,0,0,0,0,0,0,0,0,0,0,0,0,0,0,0,0,0,0
6999,325,1,0,62508,42,"Die Karawane zieht weiter",0,0,0,0,0,0,0,0,0,0,0,0,0,0,0,0,0,0,0,0,0,0,0,0
7000,326,1,0,62508,51,"Hilfreiche Heilmagie",0,0,0,0,0,0,0,0,0,0,0,0,0,0,0,0,0,0,0,0,0,0,0,0
7001,327,5,0,62508,51,"Meine Augen tropfen",0,0,0,0,0,0,0,0,0,0,0,0,0,0,0,0,0,0,0,0,0,0,0,0
7002,328,5,0,62508,51,"Bescheidenheit ist eine Zier",0,0,0,0,0,0,0,0,0,0,0,0,0,0,0,0,0,0,0,0,0,0,0,0
7003,329,5,0,62508,42,"Stock statt Stein",0,0,0,0,0,0,0,0,0,0,0,0,0,0,0,0,0,0,0,0,0,0,0,0
7004,330,5,0,62508,42,"Gib Gummi",0,0,0,0,0,0,0,0,0,0,0,0,0,0,0,0,0,0,0,0,0,0,0,0
7005,331,5,0,62508,42,"Makelloses Wachs",0,0,0,0,0,0,0,0,0,0,0,0,0,0,0,0,0,0,0,0,0,0,0,0
7006,332,5,0,62508,51,"Schwingt die Zepter!",0,0,0,0,0,0,0,0,0,0,0,0,0,0,0,0,0,0,0,0,0,0,0,0
7007,333,10,0,62508,51,"Der Thaumaturgen-Kongress",0,0,0,0,0,0,0,0,0,0,0,0,0,0,0,0,0,0,0,0,0,0,0,0
7008,334,10,0,62508,51,"Früher oder Äther kriegen wir euch",0,0,0,0,0,0,0,0,0,0,0,0,0,0,0,0,0,0,0,0,0,0,0,0
7009,335,10,0,62508,42,"Hermetische Steuerfahnder",0,0,0,0,0,0,0,0,0,0,0,0,0,0,0,0,0,0,0,0,0,0,0,0
7010,336,10,0,62508,42,"Tränke für die Träger",0,0,0,0,0,0,0,0,0,0,0,0,0,0,0,0,0,0,0,0,0,0,0,0
7011,337,10,0,62508,42,"Magischer Dünger",0,0,0,0,0,0,0,0,0,0,0,0,0,0,0,0,0,0,0,0,0,0,0,0
7012,338,10,0,62508,51,"Eingedeckt und dachgeziegelt",0,0,0,0,0,0,0,0,0,0,0,0,0,0,0,0,0,0,0,0,0,0,0,0
7013,339,15,0,62508,51,"Zweige für Druiden",0,0,0,0,0,0,0,0,0,0,0,0,0,0,0,0,0,0,0,0,0,0,0,0
7014,340,15,0,62508,51,"Neuauflage",0,0,0,0,0,0,0,0,0,0,0,0,0,0,0,0,0,0,0,0,0,0,0,0
7015,341,15,0,62508,44,"Ein Trank für die Trauernden",0,0,0,0,0,0,0,0,0,0,0,0,0,0,0,0,0,0,0,0,0,0,0,0
7016,342,15,0,62508,44,"Das letzte Geschenk",0,0,0,0,0,0,0,0,0,0,0,0,0,0,0,0,0,0,0,0,0,0,0,0
7017,343,15,0,62508,44,"Ein Trank für die Hoffnungslosen",0,0,0,0,0,0,0,0,0,0,0,0,0,0,0,0,0,0,0,0,0,0,0,0
7018,344,15,0,62508,51,"Unglaubliche Faustkämpfer-Champions",0,0,0,0,0,0,0,0,0,0,0,0,0,0,0,0,0,0,0,0,0,0,0,0
7019,345,20,0,62508,51,"Fankult",0,0,0,0,0,0,0,0,0,0,0,0,0,0,0,0,0,0,0,0,0,0,0,0
7020,346,20,0,62508,51,"Untaugliche Täuschungsversuche",0,0,0,0,0,0,0,0,0,0,0,0,0,0,0,0,0,0,0,0,0,0,0,0
7021,347,20,0,62508,56,"Wetterfeste Tinte",0,0,0,0,0,0,0,0,0,0,0,0,0,0,0,0,0,0,0,0,0,0,0,0
7022,348,20,0,62508,56,"Giftige Kriegsführung",0,0,0,0,0,0,0,0,0,0,0,0,0,0,0,0,0,0,0,0,0,0,0,0
7023,349,20,0,62508,56,"Zielwasser",0,0,0,0,0,0,0,0,0,0,0,0,0,0,0,0,0,0,0,0,0,0,0,0
7024,350,20,0,62508,56,"Gift für die Stimme",0,0,0,0,0,0,0,0,0,0,0,0,0,0,0,0,0,0,0,0,0,0,0,0
7025,351,25,0,62508,51,"Läuft wie geschmiert",0,0,0,0,0,0,0,0,0,0,0,0,0,0,0,0,0,0,0,0,0,0,0,0
7026,352,25,0,62508,56,"Scherben bringen ... Schadensersatzklagen",0,0,0,0,0,0,0,0,0,0,0,0,0,0,0,0,0,0,0,0,0,0,0,0
7027,353,25,0,62508,51,"Absolventenflut",0,0,0,0,0,0,0,0,0,0,0,0,0,0,0,0,0,0,0,0,0,0,0,0
7028,354,25,0,62508,56,"Zeichen der Dankbarkeit",0,0,0,0,0,0,0,0,0,0,0,0,0,0,0,0,0,0,0,0,0,0,0,0
7029,355,25,0,62508,56,"Voll im Trend - Hermetiker",0,0,0,0,0,0,0,0,0,0,0,0,0,0,0,0,0,0,0,0,0,0,0,0
7030,356,25,0,62508,56,"Tränke gegen Soldatenschwund",0,0,0,0,0,0,0,0,0,0,0,0,0,0,0,0,0,0,0,0,0,0,0,0
7031,357,30,0,62508,32,"Tränke für die Küstenwache",0,0,0,0,0,0,0,0,0,0,0,0,0,0,0,0,0,0,0,0,0,0,0,0
7032,358,30,0,62508,51,"Tränke für die Drachentöter",0,0,0,0,0,0,0,0,0,0,0,0,0,0,0,0,0,0,0,0,0,0,0,0
7033,359,30,0,62508,51,"Billiger Ersatz",0,0,0,0,0,0,0,0,0,0,0,0,0,0,0,0,0,0,0,0,0,0,0,0
7034,360,30,0,62508,32,"Wasserdichte Verträge",0,0,0,0,0,0,0,0,0,0,0,0,0,0,0,0,0,0,0,0,0,0,0,0
7035,361,30,0,62508,32,"Wider den Kunstbanausen",0,0,0,0,0,0,0,0,0,0,0,0,0,0,0,0,0,0,0,0,0,0,0,0
7036,362,30,0,62508,32,"Ein bescheidener Wunsch",0,0,0,0,0,0,0,0,0,0,0,0,0,0,0,0,0,0,0,0,0,0,0,0
7037,363,35,0,62508,63,"Nichts zu lachen",0,0,0,0,0,0,0,0,0,0,0,0,0,0,0,0,0,0,0,0,0,0,0,0
7038,364,35,0,62508,51,"Glücksspiel macht blind",0,0,0,0,0,0,0,0,0,0,0,0,0,0,0,0,0,0,0,0,0,0,0,0
7039,365,35,0,62508,51,"Gift? Aber gerne.",0,0,0,0,0,0,0,0,0,0,0,0,0,0,0,0,0,0,0,0,0,0,0,0
7040,366,35,0,62508,63,"Ausgefallener Verwendungszweck",0,0,0,0,0,0,0,0,0,0,0,0,0,0,0,0,0,0,0,0,0,0,0,0
7041,367,35,0,62508,63,"Was geht da vor sich?",0,0,0,0,0,0,0,0,0,0,0,0,0,0,0,0,0,0,0,0,0,0,0,0
7042,368,35,0,62508,63,"Immer mit der Ruhe",0,0,0,0,0,0,0,0,0,0,0,0,0,0,0,0,0,0,0,0,0,0,0,0
7043,369,40,0,62508,63,"Fitmacher",0,0,0,0,0,0,0,0,0,0,0,0,0,0,0,0,0,0,0,0,0,0,0,0
7044,370,40,0,62508,51,"Läuft wie geschmiert",0,0,0,0,0,0,0,0,0,0,0,0,0,0,0,0,0,0,0,0,0,0,0,0
7045,371,40,0,62508,51,"Augen auf im Straßenverkehr",0,0,0,0,0,0,0,0,0,0,0,0,0,0,0,0,0,0,0,0,0,0,0,0
7046,372,40,0,62508,63,"Damit Sünden nie vergessen werden",0,0,0,0,0,0,0,0,0,0,0,0,0,0,0,0,0,0,0,0,0,0,0,0
7047,373,40,0,62508,63,"Neue Strategien",0,0,0,0,0,0,0,0,0,0,0,0,0,0,0,0,0,0,0,0,0,0,0,0
7048,374,40,0,62508,63,"Rostige Rüstungen",0,0,0,0,0,0,0,0,0,0,0,0,0,0,0,0,0,0,0,0,0,0,0,0
7049,375,45,0,62508,67,"Trink das, Monster!",0,0,0,0,0,0,0,0,0,0,0,0,0,0,0,0,0,0,0,0,0,0,0,0
7050,376,45,0,62508,51,"Gegen Versteinerung",0,0,0,0,0,0,0,0,0,0,0,0,0,0,0,0,0,0,0,0,0,0,0,0
7051,377,45,0,62508,51,"Trendsetter",0,0,0,0,0,0,0,0,0,0,0,0,0,0,0,0,0,0,0,0,0,0,0,0
7052,378,45,0,62508,67,"Somniloquie nervt",0,0,0,0,0,0,0,0,0,0,0,0,0,0,0,0,0,0,0,0,0,0,0,0
7053,379,45,0,62508,67,"Köder auslegen",0,0,0,0,0,0,0,0,0,0,0,0,0,0,0,0,0,0,0,0,0,0,0,0
7054,380,45,0,62508,67,"Doping",0,0,0,0,0,0,0,0,0,0,0,0,0,0,0,0,0,0,0,0,0,0,0,0
7055,1058,50,0,62508,62,"Papierkrieg",0,0,0,0,0,0,0,0,0,0,0,0,0,0,0,0,0,0,0,0,0,0,0,0
7056,1059,50,0,62508,62,"Mit der Macht der Kodizes",0,0,0,0,0,0,0,0,0,0,0,0,0,0,0,0,0,0,0,0,0,0,0,0
7057,1060,50,0,62508,62,"Geleimt",0,0,0,0,0,0,0,0,0,0,0,0,0,0,0,0,0,0,0,0,0,0,0,0
7058,1061,50,0,62508,62,"Großfreibrief: Papierkrieg",0,0,0,0,0,0,0,0,0,0,0,0,0,0,0,0,0,0,0,0,0,0,0,0
7059,1062,50,0,62508,62,"Großfreibrief: Mit der Macht der Kodizes",0,0,0,0,0,0,0,0,0,0,0,0,0,0,0,0,0,0,0,0,0,0,0,0
7060,1063,50,0,62508,62,"Großfreibrief: Geleimt",0,0,0,0,0,0,0,0,0,0,0,0,0,0,0,0,0,0,0,0,0,0,0,0
7061,1064,52,0,62508,62,"Ungeheuerzähmen leicht gemacht",0,0,0,0,0,0,0,0,0,0,0,0,0,0,0,0,0,0,0,0,0,0,0,0
7062,1065,52,0,62508,62,"Alchemie für die Magie",0,0,0,0,0,0,0,0,0,0,0,0,0,0,0,0,0,0,0,0,0,0,0,0
7063,1066,52,0,62508,62,"Gesegnet in den Kampf",0,0,0,0,0,0,0,0,0,0,0,0,0,0,0,0,0,0,0,0,0,0,0,0
7064,1067,52,0,62508,62,"Großfreibrief: Ungeheuerzähmen leicht gemacht",0,0,0,0,0,0,0,0,0,0,0,0,0,0,0,0,0,0,0,0,0,0,0,0
7065,1068,52,0,62508,62,"Großfreibrief: Alchemie für die Magie",0,0,0,0,0,0,0,0,0,0,0,0,0,0,0,0,0,0,0,0,0,0,0,0
7066,1069,52,0,62508,62,"Großfreibrief: Gesegnet in den Kampf",0,0,0,0,0,0,0,0,0,0,0,0,0,0,0,0,0,0,0,0,0,0,0,0
7067,1070,54,0,62508,62,"Sekundenkleber",0,0,0,0,0,0,0,0,0,0,0,0,0,0,0,0,0,0,0,0,0,0,0,0
7068,1071,54,0,62508,62,"Ein zweischneidiges Schwert",0,0,0,0,0,0,0,0,0,0,0,0,0,0,0,0,0,0,0,0,0,0,0,0
7069,1072,54,0,62508,62,"Tintenkleckser",0,0,0,0,0,0,0,0,0,0,0,0,0,0,0,0,0,0,0,0,0,0,0,0
7070,1073,54,0,62508,62,"Großfreibrief: Sekundenkleber",0,0,0,0,0,0,0,0,0,0,0,0,0,0,0,0,0,0,0,0,0,0,0,0
7071,1074,54,0,62508,62,"Großfreibrief: Ein zweischneidiges Schwert",0,0,0,0,0,0,0,0,0,0,0,0,0,0,0,0,0,0,0,0,0,0,0,0
7072,1075,54,0,62508,62,"Großfreibrief: Tintenkleckser",0,0,0,0,0,0,0,0,0,0,0,0,0,0,0,0,0,0,0,0,0,0,0,0
7073,1076,56,0,62508,62,"Wundbehandlung",0,0,0,0,0,0,0,0,0,0,0,0,0,0,0,0,0,0,0,0,0,0,0,0
7074,1077,56,0,62508,62,"Ein Dank an die Kurie",0,0,0,0,0,0,0,0,0,0,0,0,0,0,0,0,0,0,0,0,0,0,0,0
7075,1078,56,0,62508,62,"Gut gezielt ist schon getroffen",0,0,0,0,0,0,0,0,0,0,0,0,0,0,0,0,0,0,0,0,0,0,0,0
7076,1079,56,0,62508,62,"Großfreibrief: Wundbehandlung",0,0,0,0,0,0,0,0,0,0,0,0,0,0,0,0,0,0,0,0,0,0,0,0
7077,1080,56,0,62508,62,"Großfreibrief: Ein Dank an die Kurie",0,0,0,0,0,0,0,0,0,0,0,0,0,0,0,0,0,0,0,0,0,0,0,0
7078,1081,56,0,62508,62,"Großfreibrief: Gut gezielt ist schon getroffen",0,0,0,0,0,0,0,0,0,0,0,0,0,0,0,0,0,0,0,0,0,0,0,0
7079,1082,58,0,62508,62,"Tinte für die Chronisten",0,0,0,0,0,0,0,0,0,0,0,0,0,0,0,0,0,0,0,0,0,0,0,0
7080,1083,58,0,62508,62,"Ein Grimoire, den Äther zu binden",0,0,0,0,0,0,0,0,0,0,0,0,0,0,0,0,0,0,0,0,0,0,0,0
7081,1084,58,0,62508,62,"Ein Wald für Coerthas",0,0,0,0,0,0,0,0,0,0,0,0,0,0,0,0,0,0,0,0,0,0,0,0
7082,1085,58,0,62508,62,"Großfreibrief: Tinte für die Chronisten",0,0,0,0,0,0,0,0,0,0,0,0,0,0,0,0,0,0,0,0,0,0,0,0
7083,1086,58,0,62508,62,"Großfreibrief: Grimoires, den Äther zu binden",0,0,0,0,0,0,0,0,0,0,0,0,0,0,0,0,0,0,0,0,0,0,0,0
7084,1087,58,0,62508,62,"Großfreibrief: Ein Wald für Coerthas",0,0,0,0,0,0,0,0,0,0,0,0,0,0,0,0,0,0,0,0,0,0,0,0
7085,1313,60,0,62508,2404,"Schreibbedarf",0,0,0,0,0,0,0,0,0,0,0,0,0,0,0,0,0,0,0,0,0,0,0,0
7086,1314,60,0,62508,2404,"Zauberhafte Literatur",0,0,0,0,0,0,0,0,0,0,0,0,0,0,0,0,0,0,0,0,0,0,0,0
7087,1315,60,0,62508,2404,"Beliebte Wachstumsformel",0,0,0,0,0,0,0,0,0,0,0,0,0,0,0,0,0,0,0,0,0,0,0,0
7088,1316,62,0,62508,2404,"Eorzäische Militärkunde",0,0,0,0,0,0,0,0,0,0,0,0,0,0,0,0,0,0,0,0,0,0,0,0
7089,1317,62,0,62508,2404,"Ohne Wasser kein Wunder",0,0,0,0,0,0,0,0,0,0,0,0,0,0,0,0,0,0,0,0,0,0,0,0
7090,1318,62,0,62508,2404,"Die Vorzüge der Materia",0,0,0,0,0,0,0,0,0,0,0,0,0,0,0,0,0,0,0,0,0,0,0,0
7091,1319,64,0,62508,2404,"Mit Zaubertinte gezeichnet",0,0,0,0,0,0,0,0,0,0,0,0,0,0,0,0,0,0,0,0,0,0,0,0
7092,1320,64,0,62508,2404,"Natürliche Alchemie",0,0,0,0,0,0,0,0,0,0,0,0,0,0,0,0,0,0,0,0,0,0,0,0
7093,1321,64,0,62508,2404,"Leim verbindet",0,0,0,0,0,0,0,0,0,0,0,0,0,0,0,0,0,0,0,0,0,0,0,0
7094,1322,66,0,62508,2404,"Tee zu Forschungszwecken",0,0,0,0,0,0,0,0,0,0,0,0,0,0,0,0,0,0,0,0,0,0,0,0
7095,1323,66,0,62508,2404,"Belesener Priester",0,0,0,0,0,0,0,0,0,0,0,0,0,0,0,0,0,0,0,0,0,0,0,0
7096,1324,66,0,62508,2404,"Kaki-Kunde",0,0,0,0,0,0,0,0,0,0,0,0,0,0,0,0,0,0,0,0,0,0,0,0
7097,1325,68,0,62508,2404,"Beschwerliche Überfahrt",0,0,0,0,0,0,0,0,0,0,0,0,0,0,0,0,0,0,0,0,0,0,0,0
7098,1326,68,0,62508,2404,"Militärischer Wissensdurst",0,0,0,0,0,0,0,0,0,0,0,0,0,0,0,0,0,0,0,0,0,0,0,0
7099,1327,68,0,62508,2404,"Fälschungssichere Tinte",0,0,0,0,0,0,0,0,0,0,0,0,0,0,0,0,0,0,0,0,0,0,0,0
7100,1478,70,0,62508,2951,"Tinte für den Vorsteher",0,0,0,0,0,0,0,0,0,0,0,0,0,0,0,0,0,0,0,0,0,0,0,0
7101,1479,70,0,62508,2951,"Abschreiben erbeten",0,0,0,0,0,0,0,0,0,0,0,0,0,0,0,0,0,0,0,0,0,0,0,0
7102,1480,70,0,62508,2951,"Strategen von morgen",0,0,0,0,0,0,0,0,0,0,0,0,0,0,0,0,0,0,0,0,0,0,0,0
7103,1481,72,0,62508,2951,"Dämonengeschütze 2.0",0,0,0,0,0,0,0,0,0,0,0,0,0,0,0,0,0,0,0,0,0,0,0,0
7104,1482,72,0,62508,2951,"Visionäre Lupenpolitur",0,0,0,0,0,0,0,0,0,0,0,0,0,0,0,0,0,0,0,0,0,0,0,0
7105,1483,72,0,62508,2951,"Materia als Nebenverdienst",0,0,0,0,0,0,0,0,0,0,0,0,0,0,0,0,0,0,0,0,0,0,0,0
7106,1484,74,0,62508,2951,"Ein Wagen für den Tierhof",0,0,0,0,0,0,0,0,0,0,0,0,0,0,0,0,0,0,0,0,0,0,0,0
7107,1485,74,0,62508,2951,"Kopien als Strategie",0,0,0,0,0,0,0,0,0,0,0,0,0,0,0,0,0,0,0,0,0,0,0,0
7108,1486,74,0,62508,2951,"Doping für die Manufaktur",0,0,0,0,0,0,0,0,0,0,0,0,0,0,0,0,0,0,0,0,0,0,0,0
7109,1487,76,0,62508,2951,"Selbstversorger",0,0,0,0,0,0,0,0,0,0,0,0,0,0,0,0,0,0,0,0,0,0,0,0
7110,1488,76,0,62508,2951,"Dämonengeschütze 2.1",0,0,0,0,0,0,0,0,0,0,0,0,0,0,0,0,0,0,0,0,0,0,0,0
7111,1489,76,0,62508,2951,"Hilfsmittel für Handwerker",0,0,0,0,0,0,0,0,0,0,0,0,0,0,0,0,0,0,0,0,0,0,0,0
7112,1490,78,0,62508,2951,"Noch mehr Überstunden",0,0,0,0,0,0,0,0,0,0,0,0,0,0,0,0,0,0,0,0,0,0,0,0
7113,1491,78,0,62508,2951,"Buchbewahrung",0,0,0,0,0,0,0,0,0,0,0,0,0,0,0,0,0,0,0,0,0,0,0,0
7114,1492,78,0,62508,2951,"Die Lösung für Heilmagier",0,0,0,0,0,0,0,0,0,0,0,0,0,0,0,0,0,0,0,0,0,0,0,0
7115,1628,80,0,62508,3706,"Was man nicht im Kopf hat, muss man in der Tinte haben",0,0,0,0,0,0,0,0,0,0,0,0,0,0,0,0,0,0,0,0,0,0,0,0
7116,1629,80,0,62508,3706,"Ein erschreckender Mangel",0,0,0,0,0,0,0,0,0,0,0,0,0,0,0,0,0,0,0,0,0,0,0,0
7117,1630,82,0,62508,3706,"In Kröte gebunden",0,0,0,0,0,0,0,0,0,0,0,0,0,0,0,0,0,0,0,0,0,0,0,0
7118,1631,82,0,62508,3706,"Ist das Kunst oder kann das weg?",0,0,0,0,0,0,0,0,0,0,0,0,0,0,0,0,0,0,0,0,0,0,0,0
7119,1632,84,0,62508,3706,"Buchreplikation",0,0,0,0,0,0,0,0,0,0,0,0,0,0,0,0,0,0,0,0,0,0,0,0
7120,1633,84,0,62508,3706,"Konzentration im Glas",0,0,0,0,0,0,0,0,0,0,0,0,0,0,0,0,0,0,0,0,0,0,0,0
7121,1634,86,0,62508,3706,"Ausweitung der Büchersammlung",0,0,0,0,0,0,0,0,0,0,0,0,0,0,0,0,0,0,0,0,0,0,0,0
7122,1635,86,0,62508,3706,"Mit der Kunst noch nicht am Ende",0,0,0,0,0,0,0,0,0,0,0,0,0,0,0,0,0,0,0,0,0,0,0,0
7123,1636,88,0,62508,3706,"Magitek-Bücher",0,0,0,0,0,0,0,0,0,0,0,0,0,0,0,0,0,0,0,0,0,0,0,0
7124,1637,88,0,62508,3706,"Der Ernst des Lebens",0,0,0,0,0,0,0,0,0,0,0,0,0,0,0,0,0,0,0,0,0,0,0,0
7125,1748,90,0,62508,4504,"Verbesserte Heilpflanzen",0,0,0,0,0,0,0,0,0,0,0,0,0,0,0,0,0,0,0,0,0,0,0,0
7126,1749,90,0,62508,4504,"Ein schräger Pinsel",0,0,0,0,0,0,0,0,0,0,0,0,0,0,0,0,0,0,0,0,0,0,0,0
7127,1750,92,0,62508,4504,"Arkane Atlanten",0,0,0,0,0,0,0,0,0,0,0,0,0,0,0,0,0,0,0,0,0,0,0,0
7128,1751,92,0,62508,4504,"Geistige Kapazitäten",0,0,0,0,0,0,0,0,0,0,0,0,0,0,0,0,0,0,0,0,0,0,0,0
7129,1752,94,0,62508,4504,"Ein neuer Stil",0,0,0,0,0,0,0,0,0,0,0,0,0,0,0,0,0,0,0,0,0,0,0,0
7130,1753,94,0,62508,4504,"Scharfe Messer",0,0,0,0,0,0,0,0,0,0,0,0,0,0,0,0,0,0,0,0,0,0,0,0
7131,1754,96,0,62508,4504,"Unermüdliche Handwerker",0,0,0,0,0,0,0,0,0,0,0,0,0,0,0,0,0,0,0,0,0,0,0,0
7132,1755,96,0,62508,4504,"Zeremonielle Bücher",0,0,0,0,0,0,0,0,0,0,0,0,0,0,0,0,0,0,0,0,0,0,0,0
7133,1756,98,0,62508,4504,"Ein Buch für die Krone",0,0,0,0,0,0,0,0,0,0,0,0,0,0,0,0,0,0,0,0,0,0,0,0
7134,1757,98,0,62508,4504,"Für Geist und Seele",0,0,0,0,0,0,0,0,0,0,0,0,0,0,0,0,0,0,0,0,0,0,0,0
7135,261,1,0,62509,27,"Haltbarer Proviant",0,0,0,0,0,0,0,0,0,0,0,0,0,0,0,0,0,0,0,0,0,0,0,0
7136,262,1,0,62509,27,"Forellen für die schnellen Lieferanten",0,0,0,0,0,0,0,0,0,0,0,0,0,0,0,0,0,0,0,0,0,0,0,0
7137,263,1,0,62509,31,"Ein belegtes Brot mit Ei",0,0,0,0,0,0,0,0,0,0,0,0,0,0,0,0,0,0,0,0,0,0,0,0
7138,264,1,0,62509,31,"Nimm dir 'nen Keks!",0,0,0,0,0,0,0,0,0,0,0,0,0,0,0,0,0,0,0,0,0,0,0,0
7139,265,1,0,62509,31,"Rache ist Blutwurst",0,0,0,0,0,0,0,0,0,0,0,0,0,0,0,0,0,0,0,0,0,0,0,0
7140,266,1,0,62509,27,"Rosinen für die Matrosen",0,0,0,0,0,0,0,0,0,0,0,0,0,0,0,0,0,0,0,0,0,0,0,0
7141,267,5,0,62509,27,"Erste Sahne",0,0,0,0,0,0,0,0,0,0,0,0,0,0,0,0,0,0,0,0,0,0,0,0
7142,268,5,0,62509,27,"Ein Herz für Kinder",0,0,0,0,0,0,0,0,0,0,0,0,0,0,0,0,0,0,0,0,0,0,0,0
7143,269,5,0,62509,31,"Pfifferlinge sind ... keinen Pfifferling wert",0,0,0,0,0,0,0,0,0,0,0,0,0,0,0,0,0,0,0,0,0,0,0,0
7144,270,5,0,62509,31,"Gib mir deinen Saft",0,0,0,0,0,0,0,0,0,0,0,0,0,0,0,0,0,0,0,0,0,0,0,0
7145,271,5,0,62509,31,"Ein schokoladiges Geschenk",0,0,0,0,0,0,0,0,0,0,0,0,0,0,0,0,0,0,0,0,0,0,0,0
7146,272,5,0,62509,27,"Pipira auf Probe",0,0,0,0,0,0,0,0,0,0,0,0,0,0,0,0,0,0,0,0,0,0,0,0
7147,273,10,0,62509,27,"Das Schokoladenfest",0,0,0,0,0,0,0,0,0,0,0,0,0,0,0,0,0,0,0,0,0,0,0,0
7148,274,10,0,62509,27,"Das Festessen",0,0,0,0,0,0,0,0,0,0,0,0,0,0,0,0,0,0,0,0,0,0,0,0
7149,275,10,0,62509,33,"Mulljagd",0,0,0,0,0,0,0,0,0,0,0,0,0,0,0,0,0,0,0,0,0,0,0,0
7150,276,10,0,62509,33,"Dodo-Zucht",0,0,0,0,0,0,0,0,0,0,0,0,0,0,0,0,0,0,0,0,0,0,0,0
7151,277,10,0,62509,33,"Dorsch gefällig?",0,0,0,0,0,0,0,0,0,0,0,0,0,0,0,0,0,0,0,0,0,0,0,0
7152,278,10,0,62509,27,"Das rettende Dessert",0,0,0,0,0,0,0,0,0,0,0,0,0,0,0,0,0,0,0,0,0,0,0,0
7153,279,15,0,62509,27,"Hoher Besuch",0,0,0,0,0,0,0,0,0,0,0,0,0,0,0,0,0,0,0,0,0,0,0,0
7154,280,15,0,62509,27,"Hohe Gewinne",0,0,0,0,0,0,0,0,0,0,0,0,0,0,0,0,0,0,0,0,0,0,0,0
7155,281,15,0,62509,33,"Brot für die Eisprinzessin",0,0,0,0,0,0,0,0,0,0,0,0,0,0,0,0,0,0,0,0,0,0,0,0
7156,282,15,0,62509,33,"Öl für die Eisprinzessin",0,0,0,0,0,0,0,0,0,0,0,0,0,0,0,0,0,0,0,0,0,0,0,0
7157,283,15,0,62509,33,"Abschiedsessen für die Eisprinzessin",0,0,0,0,0,0,0,0,0,0,0,0,0,0,0,0,0,0,0,0,0,0,0,0
7158,284,15,0,62509,27,"Ein Geschenk für die Vertreter",0,0,0,0,0,0,0,0,0,0,0,0,0,0,0,0,0,0,0,0,0,0,0,0
7159,285,20,0,62509,27,"Starker Stoff",0,0,0,0,0,0,0,0,0,0,0,0,0,0,0,0,0,0,0,0,0,0,0,0
7160,286,20,0,62509,27,"Zusätzliche Motivation",0,0,0,0,0,0,0,0,0,0,0,0,0,0,0,0,0,0,0,0,0,0,0,0
7161,287,20,0,62509,56,"Das Festmahl",0,0,0,0,0,0,0,0,0,0,0,0,0,0,0,0,0,0,0,0,0,0,0,0
7162,288,20,0,62509,56,"Zuckerschub",0,0,0,0,0,0,0,0,0,0,0,0,0,0,0,0,0,0,0,0,0,0,0,0
7163,289,20,0,62509,56,"Rührende Kinder",0,0,0,0,0,0,0,0,0,0,0,0,0,0,0,0,0,0,0,0,0,0,0,0
7164,290,20,0,62509,56,"Der Geheimauftrag",0,0,0,0,0,0,0,0,0,0,0,0,0,0,0,0,0,0,0,0,0,0,0,0
7165,291,25,0,62509,27,"Schwer verderblicher Proviant",0,0,0,0,0,0,0,0,0,0,0,0,0,0,0,0,0,0,0,0,0,0,0,0
7166,292,25,0,62509,56,"Zutaten für den Feldeintopf",0,0,0,0,0,0,0,0,0,0,0,0,0,0,0,0,0,0,0,0,0,0,0,0
7167,293,25,0,62509,27,"Werbetee",0,0,0,0,0,0,0,0,0,0,0,0,0,0,0,0,0,0,0,0,0,0,0,0
7168,294,25,0,62509,56,"Süppchen im Wald",0,0,0,0,0,0,0,0,0,0,0,0,0,0,0,0,0,0,0,0,0,0,0,0
7169,295,25,0,62509,56,"Nostalgischer Crumpet",0,0,0,0,0,0,0,0,0,0,0,0,0,0,0,0,0,0,0,0,0,0,0,0
7170,296,25,0,62509,56,"Aalpastete erhält die Freund<hex:02160103>schaft",0,0,0,0,0,0,0,0,0,0,0,0,0,0,0,0,0,0,0,0,0,0,0,0
7171,297,30,0,62509,32,"Jetzt ist Essig",0,0,0,0,0,0,0,0,0,0,0,0,0,0,0,0,0,0,0,0,0,0,0,0
7172,298,30,0,62509,27,"Torten gehen immer",0,0,0,0,0,0,0,0,0,0,0,0,0,0,0,0,0,0,0,0,0,0,0,0
7173,299,30,0,62509,27,"Wie ein nasser Sack",0,0,0,0,0,0,0,0,0,0,0,0,0,0,0,0,0,0,0,0,0,0,0,0
7174,300,30,0,62509,32,"Gemeines Brot",0,0,0,0,0,0,0,0,0,0,0,0,0,0,0,0,0,0,0,0,0,0,0,0
7175,301,30,0,62509,32,"Mit Händen essen lernen",0,0,0,0,0,0,0,0,0,0,0,0,0,0,0,0,0,0,0,0,0,0,0,0
7176,302,30,0,62509,32,"Seezunge für die Massen",0,0,0,0,0,0,0,0,0,0,0,0,0,0,0,0,0,0,0,0,0,0,0,0
7177,303,35,0,62509,63,"Ritterbrot, lecker",0,0,0,0,0,0,0,0,0,0,0,0,0,0,0,0,0,0,0,0,0,0,0,0
7178,304,35,0,62509,27,"Sauerkraut hilft",0,0,0,0,0,0,0,0,0,0,0,0,0,0,0,0,0,0,0,0,0,0,0,0
7179,305,35,0,62509,27,"Hol dir nen Keks",0,0,0,0,0,0,0,0,0,0,0,0,0,0,0,0,0,0,0,0,0,0,0,0
7180,306,35,0,62509,63,"Ritter und ihre Karpfen",0,0,0,0,0,0,0,0,0,0,0,0,0,0,0,0,0,0,0,0,0,0,0,0
7181,307,35,0,62509,63,"Zu wenige Köche, kein Brei",0,0,0,0,0,0,0,0,0,0,0,0,0,0,0,0,0,0,0,0,0,0,0,0
7182,308,35,0,62509,63,"Gutes Süppchen",0,0,0,0,0,0,0,0,0,0,0,0,0,0,0,0,0,0,0,0,0,0,0,0
7183,309,40,0,62509,63,"Käse für die Ritter",0,0,0,0,0,0,0,0,0,0,0,0,0,0,0,0,0,0,0,0,0,0,0,0
7184,310,40,0,62509,27,"Fades Essen? Holt die Planke!",0,0,0,0,0,0,0,0,0,0,0,0,0,0,0,0,0,0,0,0,0,0,0,0
7185,311,40,0,62509,27,"Feenäpfel schmecken besser",0,0,0,0,0,0,0,0,0,0,0,0,0,0,0,0,0,0,0,0,0,0,0,0
7186,312,40,0,62509,63,"Alles Käse!",0,0,0,0,0,0,0,0,0,0,0,0,0,0,0,0,0,0,0,0,0,0,0,0
7187,313,40,0,62509,63,"Ernährung an der Front",0,0,0,0,0,0,0,0,0,0,0,0,0,0,0,0,0,0,0,0,0,0,0,0
7188,314,40,0,62509,63,"Sonnenfischgebäck",0,0,0,0,0,0,0,0,0,0,0,0,0,0,0,0,0,0,0,0,0,0,0,0
7189,315,45,0,62509,67,"Völker<hex:02160103>ver<hex:02160103>ständi<hex:02160103>gung",0,0,0,0,0,0,0,0,0,0,0,0,0,0,0,0,0,0,0,0,0,0,0,0
7190,316,45,0,62509,27,"Verteufelte Eier",0,0,0,0,0,0,0,0,0,0,0,0,0,0,0,0,0,0,0,0,0,0,0,0
7191,317,45,0,62509,27,"Ein Toast auf das Ei",0,0,0,0,0,0,0,0,0,0,0,0,0,0,0,0,0,0,0,0,0,0,0,0
7192,318,45,0,62509,67,"Eine gemütliche kleine Feier",0,0,0,0,0,0,0,0,0,0,0,0,0,0,0,0,0,0,0,0,0,0,0,0
7193,319,45,0,62509,67,"Vorglühen",0,0,0,0,0,0,0,0,0,0,0,0,0,0,0,0,0,0,0,0,0,0,0,0
7194,320,45,0,62509,67,"Alles für den Chef",0,0,0,0,0,0,0,0,0,0,0,0,0,0,0,0,0,0,0,0,0,0,0,0
7195,1028,50,0,62509,62,"Eine süße Belohnung",0,0,0,0,0,0,0,0,0,0,0,0,0,0,0,0,0,0,0,0,0,0,0,0
7196,1029,50,0,62509,62,"Eine warme Mahlzeit für die Heimkehrer",0,0,0,0,0,0,0,0,0,0,0,0,0,0,0,0,0,0,0,0,0,0,0,0
7197,1030,50,0,62509,62,"Suppe für die Armen",0,0,0,0,0,0,0,0,0,0,0,0,0,0,0,0,0,0,0,0,0,0,0,0
7198,1031,50,0,62509,62,"Großfreibrief: Eine süße Belohnung",0,0,0,0,0,0,0,0,0,0,0,0,0,0,0,0,0,0,0,0,0,0,0,0
7199,1032,50,0,62509,62,"Großfreibrief: Eine warme Mahlzeit für die Heimkehrer",0,0,0,0,0,0,0,0,0,0,0,0,0,0,0,0,0,0,0,0,0,0,0,0
7200,1033,50,0,62509,62,"Großfreibrief: Suppe für die Armen",0,0,0,0,0,0,0,0,0,0,0,0,0,0,0,0,0,0,0,0,0,0,0,0
7201,1034,52,0,62509,62,"Alles in Butter",0,0,0,0,0,0,0,0,0,0,0,0,0,0,0,0,0,0,0,0,0,0,0,0
7202,1035,52,0,62509,62,"Feierabend, wie das duftet",0,0,0,0,0,0,0,0,0,0,0,0,0,0,0,0,0,0,0,0,0,0,0,0
7203,1036,52,0,62509,62,"Abendmahl unter Rittern",0,0,0,0,0,0,0,0,0,0,0,0,0,0,0,0,0,0,0,0,0,0,0,0
7204,1037,52,0,62509,62,"Großfreibrief: Alles in Butter",0,0,0,0,0,0,0,0,0,0,0,0,0,0,0,0,0,0,0,0,0,0,0,0
7205,1038,52,0,62509,62,"Großfreibrief: Feierabend, wie das duftet",0,0,0,0,0,0,0,0,0,0,0,0,0,0,0,0,0,0,0,0,0,0,0,0
7206,1039,52,0,62509,62,"Großfreibrief: Abendmahl unter Rittern",0,0,0,0,0,0,0,0,0,0,0,0,0,0,0,0,0,0,0,0,0,0,0,0
7207,1040,54,0,62509,62,"Lieferservice",0,0,0,0,0,0,0,0,0,0,0,0,0,0,0,0,0,0,0,0,0,0,0,0
7208,1041,54,0,62509,62,"Verpflegung für die Freischärler",0,0,0,0,0,0,0,0,0,0,0,0,0,0,0,0,0,0,0,0,0,0,0,0
7209,1042,54,0,62509,62,"Für das leibliche Wohl",0,0,0,0,0,0,0,0,0,0,0,0,0,0,0,0,0,0,0,0,0,0,0,0
7210,1043,54,0,62509,62,"Großfreibrief: Lieferservice",0,0,0,0,0,0,0,0,0,0,0,0,0,0,0,0,0,0,0,0,0,0,0,0
7211,1044,54,0,62509,62,"Großfreibrief: Verpflegung für die Freischärler",0,0,0,0,0,0,0,0,0,0,0,0,0,0,0,0,0,0,0,0,0,0,0,0
7212,1045,54,0,62509,62,"Großfreibrief: Für das leibliche Wohl",0,0,0,0,0,0,0,0,0,0,0,0,0,0,0,0,0,0,0,0,0,0,0,0
7213,1046,56,0,62509,62,"Dummheit schafft Freizeit",0,0,0,0,0,0,0,0,0,0,0,0,0,0,0,0,0,0,0,0,0,0,0,0
7214,1047,56,0,62509,62,"Verpflegung für einen Patienten",0,0,0,0,0,0,0,0,0,0,0,0,0,0,0,0,0,0,0,0,0,0,0,0
7215,1048,56,0,62509,62,"Zur Diskussion gestellt",0,0,0,0,0,0,0,0,0,0,0,0,0,0,0,0,0,0,0,0,0,0,0,0
7216,1049,56,0,62509,62,"Großfreibrief: Dummheit schafft Freizeit",0,0,0,0,0,0,0,0,0,0,0,0,0,0,0,0,0,0,0,0,0,0,0,0
7217,1050,56,0,62509,62,"Großfreibrief: Verpflegung für einen Patienten",0,0,0,0,0,0,0,0,0,0,0,0,0,0,0,0,0,0,0,0,0,0,0,0
7218,1051,56,0,62509,62,"Großfreibrief: Zur Diskussion gestellt",0,0,0,0,0,0,0,0,0,0,0,0,0,0,0,0,0,0,0,0,0,0,0,0
7219,1052,58,0,62509,62,"Ein bisschen Luxus muss sein",0,0,0,0,0,0,0,0,0,0,0,0,0,0,0,0,0,0,0,0,0,0,0,0
7220,1053,58,0,62509,62,"Ohne Fleiß kein Preis",0,0,0,0,0,0,0,0,0,0,0,0,0,0,0,0,0,0,0,0,0,0,0,0
7221,1054,58,0,62509,62,"Hausmannskost",0,0,0,0,0,0,0,0,0,0,0,0,0,0,0,0,0,0,0,0,0,0,0,0
7222,1055,58,0,62509,62,"Großfreibrief: Ein bisschen Luxus muss sein",0,0,0,0,0,0,0,0,0,0,0,0,0,0,0,0,0,0,0,0,0,0,0,0
7223,1056,58,0,62509,62,"Großfreibrief: Ohne Fleiß kein Preis",0,0,0,0,0,0,0,0,0,0,0,0,0,0,0,0,0,0,0,0,0,0,0,0
7224,1057,58,0,62509,62,"Großfreibrief: Hausmannskost",0,0,0,0,0,0,0,0,0,0,0,0,0,0,0,0,0,0,0,0,0,0,0,0
7225,1298,60,0,62509,2404,"Mehlige Visionen",0,0,0,0,0,0,0,0,0,0,0,0,0,0,0,0,0,0,0,0,0,0,0,0
7226,1299,60,0,62509,2404,"Schwatzhaft",0,0,0,0,0,0,0,0,0,0,0,0,0,0,0,0,0,0,0,0,0,0,0,0
7227,1300,60,0,62509,2404,"Auf den Magen geschlagen",0,0,0,0,0,0,0,0,0,0,0,0,0,0,0,0,0,0,0,0,0,0,0,0
7228,1301,62,0,62509,2404,"Futter für die Seele",0,0,0,0,0,0,0,0,0,0,0,0,0,0,0,0,0,0,0,0,0,0,0,0
7229,1302,62,0,62509,2404,"Kochende Verstärkung",0,0,0,0,0,0,0,0,0,0,0,0,0,0,0,0,0,0,0,0,0,0,0,0
7230,1303,62,0,62509,2404,"Mangel an Frittiertem",0,0,0,0,0,0,0,0,0,0,0,0,0,0,0,0,0,0,0,0,0,0,0,0
7231,1304,64,0,62509,2404,"Süß-saurer Kuss des Todes",0,0,0,0,0,0,0,0,0,0,0,0,0,0,0,0,0,0,0,0,0,0,0,0
7232,1305,64,0,62509,2404,"Ein Happen Heimat",0,0,0,0,0,0,0,0,0,0,0,0,0,0,0,0,0,0,0,0,0,0,0,0
7233,1306,64,0,62509,2404,"Sag niemals nein",0,0,0,0,0,0,0,0,0,0,0,0,0,0,0,0,0,0,0,0,0,0,0,0
7234,1307,66,0,62509,2404,"Kein Weg zu weit",0,0,0,0,0,0,0,0,0,0,0,0,0,0,0,0,0,0,0,0,0,0,0,0
7235,1308,66,0,62509,2404,"Der Pudding ist alle",0,0,0,0,0,0,0,0,0,0,0,0,0,0,0,0,0,0,0,0,0,0,0,0
7236,1309,66,0,62509,2404,"Multikulti-Bankett",0,0,0,0,0,0,0,0,0,0,0,0,0,0,0,0,0,0,0,0,0,0,0,0
7237,1310,68,0,62509,2404,"Einen Mythos im Tee haben",0,0,0,0,0,0,0,0,0,0,0,0,0,0,0,0,0,0,0,0,0,0,0,0
7238,1311,68,0,62509,2404,"Feierlicher Fisch",0,0,0,0,0,0,0,0,0,0,0,0,0,0,0,0,0,0,0,0,0,0,0,0
7239,1312,68,0,62509,2404,"Fleischliches Verlangen",0,0,0,0,0,0,0,0,0,0,0,0,0,0,0,0,0,0,0,0,0,0,0,0
7240,1463,70,0,62509,2951,"Ohne Öl nix los",0,0,0,0,0,0,0,0,0,0,0,0,0,0,0,0,0,0,0,0,0,0,0,0
7241,1464,70,0,62509,2951,"Gegrillte Rallen für knurrende Mägen",0,0,0,0,0,0,0,0,0,0,0,0,0,0,0,0,0,0,0,0,0,0,0,0
7242,1465,70,0,62509,2951,"Ein Schluck am Morgen vertreibt die Sorgen",0,0,0,0,0,0,0,0,0,0,0,0,0,0,0,0,0,0,0,0,0,0,0,0
7243,1466,72,0,62509,2951,"Schwarz wie die Nacht",0,0,0,0,0,0,0,0,0,0,0,0,0,0,0,0,0,0,0,0,0,0,0,0
7244,1467,72,0,62509,2951,"Ein nahrhaftes Süppchen",0,0,0,0,0,0,0,0,0,0,0,0,0,0,0,0,0,0,0,0,0,0,0,0
7245,1468,72,0,62509,2951,"Zuckersüßes Karamell",0,0,0,0,0,0,0,0,0,0,0,0,0,0,0,0,0,0,0,0,0,0,0,0
7246,1469,74,0,62509,2951,"Mal Süßes, mal Saures",0,0,0,0,0,0,0,0,0,0,0,0,0,0,0,0,0,0,0,0,0,0,0,0
7247,1470,74,0,62509,2951,"Erinnerungen wachkochen",0,0,0,0,0,0,0,0,0,0,0,0,0,0,0,0,0,0,0,0,0,0,0,0
7248,1471,74,0,62509,2951,"Sternhagelvoll mit Tomatensaft",0,0,0,0,0,0,0,0,0,0,0,0,0,0,0,0,0,0,0,0,0,0,0,0
7249,1472,76,0,62509,2951,"Würstchen gegen das Defizit",0,0,0,0,0,0,0,0,0,0,0,0,0,0,0,0,0,0,0,0,0,0,0,0
7250,1473,76,0,62509,2951,"Pfeffer macht munter",0,0,0,0,0,0,0,0,0,0,0,0,0,0,0,0,0,0,0,0,0,0,0,0
7251,1474,76,0,62509,2951,"Für die Teetrinker",0,0,0,0,0,0,0,0,0,0,0,0,0,0,0,0,0,0,0,0,0,0,0,0
7252,1475,78,0,62509,2951,"Dunkel, dunkler, Risotto",0,0,0,0,0,0,0,0,0,0,0,0,0,0,0,0,0,0,0,0,0,0,0,0
7253,1476,78,0,62509,2951,"Glückwunsch-Paella",0,0,0,0,0,0,0,0,0,0,0,0,0,0,0,0,0,0,0,0,0,0,0,0
7254,1477,78,0,62509,2951,"Wirklich verfressen",0,0,0,0,0,0,0,0,0,0,0,0,0,0,0,0,0,0,0,0,0,0,0,0
7255,1638,80,0,62509,3706,"Salz aus dem Norden",0,0,0,0,0,0,0,0,0,0,0,0,0,0,0,0,0,0,0,0,0,0,0,0
7256,1639,80,0,62509,3706,"Die Suppe auslöffeln",0,0,0,0,0,0,0,0,0,0,0,0,0,0,0,0,0,0,0,0,0,0,0,0
7257,1640,82,0,62509,3706,"Für die Feinschmeckerin",0,0,0,0,0,0,0,0,0,0,0,0,0,0,0,0,0,0,0,0,0,0,0,0
7258,1641,82,0,62509,3706,"Heiß oder kalt",0,0,0,0,0,0,0,0,0,0,0,0,0,0,0,0,0,0,0,0,0,0,0,0
7259,1642,84,0,62509,3706,"Kaiserlicher Geschmack",0,0,0,0,0,0,0,0,0,0,0,0,0,0,0,0,0,0,0,0,0,0,0,0
7260,1643,84,0,62509,3706,"Ein mäkeliger Esser",0,0,0,0,0,0,0,0,0,0,0,0,0,0,0,0,0,0,0,0,0,0,0,0
7261,1644,86,0,62509,3706,"Historischer Geschmack",0,0,0,0,0,0,0,0,0,0,0,0,0,0,0,0,0,0,0,0,0,0,0,0
7262,1645,86,0,62509,3706,"Essen, das die Seele wärmt",0,0,0,0,0,0,0,0,0,0,0,0,0,0,0,0,0,0,0,0,0,0,0,0
7263,1646,88,0,62509,3706,"Überzeugende Nudeln",0,0,0,0,0,0,0,0,0,0,0,0,0,0,0,0,0,0,0,0,0,0,0,0
7264,1647,88,0,62509,3706,"Tee aus den Bergen",0,0,0,0,0,0,0,0,0,0,0,0,0,0,0,0,0,0,0,0,0,0,0,0
7265,1758,90,0,62509,4504,"Nicht ohne Mezcal",0,0,0,0,0,0,0,0,0,0,0,0,0,0,0,0,0,0,0,0,0,0,0,0
7266,1759,90,0,62509,4504,"Alpaka-Abendessen",0,0,0,0,0,0,0,0,0,0,0,0,0,0,0,0,0,0,0,0,0,0,0,0
7267,1760,92,0,62509,4504,"Marinierter Sumpfmönch",0,0,0,0,0,0,0,0,0,0,0,0,0,0,0,0,0,0,0,0,0,0,0,0
7268,1761,92,0,62509,4504,"Geheime Zutat",0,0,0,0,0,0,0,0,0,0,0,0,0,0,0,0,0,0,0,0,0,0,0,0
7269,1762,94,0,62509,4504,"Überseeische Pasta",0,0,0,0,0,0,0,0,0,0,0,0,0,0,0,0,0,0,0,0,0,0,0,0
7270,1763,94,0,62509,4504,"Zarte Hülle, schmelziger Kern",0,0,0,0,0,0,0,0,0,0,0,0,0,0,0,0,0,0,0,0,0,0,0,0
7271,1764,96,0,62509,4504,"Taco-Konkurrenz",0,0,0,0,0,0,0,0,0,0,0,0,0,0,0,0,0,0,0,0,0,0,0,0
7272,1765,96,0,62509,4504,"Palastbananen",0,0,0,0,0,0,0,0,0,0,0,0,0,0,0,0,0,0,0,0,0,0,0,0
7273,1766,98,0,62509,4504,"Erfrischend und sättigend",0,0,0,0,0,0,0,0,0,0,0,0,0,0,0,0,0,0,0,0,0,0,0,0
7274,1767,98,0,62509,4504,"Acqua Pazza",0,0,0,0,0,0,0,0,0,0,0,0,0,0,0,0,0,0,0,0,0,0,0,0
7275,794,20,0,62513,283,"Frachtschutz",0,0,0,0,0,0,0,0,0,0,0,0,0,0,0,0,0,0,0,0,0,0,0,0
7276,795,20,0,62513,283,"Angriff auf das Trockendock",0,0,0,0,0,0,0,0,0,0,0,0,0,0,0,0,0,0,0,0,0,0,0,0
7277,796,20,0,62513,283,"Tierspuk am Trockendock",0,0,0,0,0,0,0,0,0,0,0,0,0,0,0,0,0,0,0,0,0,0,0,0
7278,797,20,0,62513,283,"Steckbrief: Wurmwix Wirrkopf",0,0,0,0,0,0,0,0,0,0,0,0,0,0,0,0,0,0,0,0,0,0,0,0
7279,806,25,0,62513,283,"Ablenkungsmanöver",0,0,0,0,0,0,0,0,0,0,0,0,0,0,0,0,0,0,0,0,0,0,0,0
7280,807,25,0,62513,283,"Sabotage am Ätheryten<hex:02160103>netz",0,0,0,0,0,0,0,0,0,0,0,0,0,0,0,0,0,0,0,0,0,0,0,0
7281,808,25,0,62513,283,"Närrisches Treiben",0,0,0,0,0,0,0,0,0,0,0,0,0,0,0,0,0,0,0,0,0,0,0,0
7282,809,25,0,62513,283,"Steckbrief: Addison Schlangenzunge",0,0,0,0,0,0,0,0,0,0,0,0,0,0,0,0,0,0,0,0,0,0,0,0
7283,818,30,0,62513,283,"Materialsicherung",0,0,0,0,0,0,0,0,0,0,0,0,0,0,0,0,0,0,0,0,0,0,0,0
7284,819,30,0,62513,283,"Fische und Schlangen",0,0,0,0,0,0,0,0,0,0,0,0,0,0,0,0,0,0,0,0,0,0,0,0
7285,820,30,0,62513,283,"Handel mit dem Feind",0,0,0,0,0,0,0,0,0,0,0,0,0,0,0,0,0,0,0,0,0,0,0,0
7286,821,30,0,62513,283,"Steckbrief: Zi Gu vom 426. Orden",0,0,0,0,0,0,0,0,0,0,0,0,0,0,0,0,0,0,0,0,0,0,0,0
7287,822,30,0,62513,283,"援護指令：第426洞穴団せん滅作戦",0,0,0,0,0,0,0,0,0,0,0,0,0,0,0,0,0,0,0,0,0,0,0,0
7288,833,35,0,62513,283,"Flammen müssen lodern",0,0,0,0,0,0,0,0,0,0,0,0,0,0,0,0,0,0,0,0,0,0,0,0
7289,834,35,0,62513,283,"Fischige Gesellen",0,0,0,0,0,0,0,0,0,0,0,0,0,0,0,0,0,0,0,0,0,0,0,0
7290,835,35,0,62513,283,"Wahnsinn ist ansteckend",0,0,0,0,0,0,0,0,0,0,0,0,0,0,0,0,0,0,0,0,0,0,0,0
7291,848,40,0,62513,283,"Gigantische Probleme",0,0,0,0,0,0,0,0,0,0,0,0,0,0,0,0,0,0,0,0,0,0,0,0
7292,849,40,0,62513,283,"Der weite Weg",0,0,0,0,0,0,0,0,0,0,0,0,0,0,0,0,0,0,0,0,0,0,0,0
7293,850,40,0,62513,283,"Großes Monsterreinemachen",0,0,0,0,0,0,0,0,0,0,0,0,0,0,0,0,0,0,0,0,0,0,0,0
7294,863,45,0,62513,283,"Keine Gnade!",0,0,0,0,0,0,0,0,0,0,0,0,0,0,0,0,0,0,0,0,0,0,0,0
7295,864,45,0,62513,283,"Steckbrief: Armantel Schuppenschwätzer",0,0,0,0,0,0,0,0,0,0,0,0,0,0,0,0,0,0,0,0,0,0,0,0
7296,865,45,0,62513,283,"Resteverwertung",0,0,0,0,0,0,0,0,0,0,0,0,0,0,0,0,0,0,0,0,0,0,0,0
7297,798,20,0,62514,284,"So oder so in Flammen",0,0,0,0,0,0,0,0,0,0,0,0,0,0,0,0,0,0,0,0,0,0,0,0
7298,799,20,0,62514,284,"Schutz für die Pioniere",0,0,0,0,0,0,0,0,0,0,0,0,0,0,0,0,0,0,0,0,0,0,0,0
7299,800,20,0,62514,284,"Hungrige Imps",0,0,0,0,0,0,0,0,0,0,0,0,0,0,0,0,0,0,0,0,0,0,0,0
7300,801,20,0,62514,284,"Steckbrief: Milburh",0,0,0,0,0,0,0,0,0,0,0,0,0,0,0,0,0,0,0,0,0,0,0,0
7301,810,25,0,62514,284,"Die Kindskopf-Kompanie",0,0,0,0,0,0,0,0,0,0,0,0,0,0,0,0,0,0,0,0,0,0,0,0
7302,811,25,0,62514,284,"Sylphen vs. Sylphen",0,0,0,0,0,0,0,0,0,0,0,0,0,0,0,0,0,0,0,0,0,0,0,0
7303,812,25,0,62514,284,"Vom rechten Weg ab",0,0,0,0,0,0,0,0,0,0,0,0,0,0,0,0,0,0,0,0,0,0,0,0
7304,813,25,0,62514,284,"Steckbrief: Pannixia",0,0,0,0,0,0,0,0,0,0,0,0,0,0,0,0,0,0,0,0,0,0,0,0
7305,823,30,0,62514,284,"Versteckte Rationen",0,0,0,0,0,0,0,0,0,0,0,0,0,0,0,0,0,0,0,0,0,0,0,0
7306,824,30,0,62514,284,"Lagererweiterung",0,0,0,0,0,0,0,0,0,0,0,0,0,0,0,0,0,0,0,0,0,0,0,0
7307,825,30,0,62514,284,"Geschäfte mit dem Feind",0,0,0,0,0,0,0,0,0,0,0,0,0,0,0,0,0,0,0,0,0,0,0,0
7308,826,30,0,62514,284,"Steckbrief: Clairvisse",0,0,0,0,0,0,0,0,0,0,0,0,0,0,0,0,0,0,0,0,0,0,0,0
7309,827,30,0,62514,284,"援護指令：白狼隊の実戦訓練",0,0,0,0,0,0,0,0,0,0,0,0,0,0,0,0,0,0,0,0,0,0,0,0
7310,838,35,0,62514,284,"Steckbrief: Lotoli Ahuatan",0,0,0,0,0,0,0,0,0,0,0,0,0,0,0,0,0,0,0,0,0,0,0,0
7311,839,35,0,62514,284,"Nachbarschaftshilfe",0,0,0,0,0,0,0,0,0,0,0,0,0,0,0,0,0,0,0,0,0,0,0,0
7312,840,35,0,62514,284,"Der Funke springt über",0,0,0,0,0,0,0,0,0,0,0,0,0,0,0,0,0,0,0,0,0,0,0,0
7313,853,40,0,62514,284,"Kein Grund zur Besorgnis",0,0,0,0,0,0,0,0,0,0,0,0,0,0,0,0,0,0,0,0,0,0,0,0
7314,854,40,0,62514,284,"Steckbrief: Bezul Huizan der Schreihals",0,0,0,0,0,0,0,0,0,0,0,0,0,0,0,0,0,0,0,0,0,0,0,0
7315,855,40,0,62514,284,"Leicht kaputtbares Erbstück",0,0,0,0,0,0,0,0,0,0,0,0,0,0,0,0,0,0,0,0,0,0,0,0
7316,868,45,0,62514,284,"Wertvolle Dokumente",0,0,0,0,0,0,0,0,0,0,0,0,0,0,0,0,0,0,0,0,0,0,0,0
7317,869,45,0,62514,284,"Immer diese Imps!",0,0,0,0,0,0,0,0,0,0,0,0,0,0,0,0,0,0,0,0,0,0,0,0
7318,870,45,0,62514,284,"Hauptsache dazwischenfunken!",0,0,0,0,0,0,0,0,0,0,0,0,0,0,0,0,0,0,0,0,0,0,0,0
7319,802,20,0,62515,285,"Optimistische Hilfsgüter",0,0,0,0,0,0,0,0,0,0,0,0,0,0,0,0,0,0,0,0,0,0,0,0
7320,803,20,0,62515,285,"Wachturm gegen Echsen",0,0,0,0,0,0,0,0,0,0,0,0,0,0,0,0,0,0,0,0,0,0,0,0
7321,804,20,0,62515,285,"Wilde Tierwelt",0,0,0,0,0,0,0,0,0,0,0,0,0,0,0,0,0,0,0,0,0,0,0,0
7322,805,20,0,62515,285,"Steckbrief: Mamanzo der Verkohlte",0,0,0,0,0,0,0,0,0,0,0,0,0,0,0,0,0,0,0,0,0,0,0,0
7323,814,25,0,62515,285,"Störaktionen",0,0,0,0,0,0,0,0,0,0,0,0,0,0,0,0,0,0,0,0,0,0,0,0
7324,815,25,0,62515,285,"Tierische Übergriffe",0,0,0,0,0,0,0,0,0,0,0,0,0,0,0,0,0,0,0,0,0,0,0,0
7325,816,25,0,62515,285,"Keinen Bock auf Imps",0,0,0,0,0,0,0,0,0,0,0,0,0,0,0,0,0,0,0,0,0,0,0,0
7326,817,25,0,62515,285,"Steckbrief: Margry Feuerstein",0,0,0,0,0,0,0,0,0,0,0,0,0,0,0,0,0,0,0,0,0,0,0,0
7327,828,30,0,62515,285,"Wackelige Brücke",0,0,0,0,0,0,0,0,0,0,0,0,0,0,0,0,0,0,0,0,0,0,0,0
7328,829,30,0,62515,285,"Spähtrupp der Amalj'aa",0,0,0,0,0,0,0,0,0,0,0,0,0,0,0,0,0,0,0,0,0,0,0,0
7329,830,30,0,62515,285,"Verdeckte Geschäfte",0,0,0,0,0,0,0,0,0,0,0,0,0,0,0,0,0,0,0,0,0,0,0,0
7330,831,30,0,62515,285,"Steckbrief: Rodegg Chah",0,0,0,0,0,0,0,0,0,0,0,0,0,0,0,0,0,0,0,0,0,0,0,0
7331,832,30,0,62515,285,"援護指令：アラミゴ志願兵の実戦訓練",0,0,0,0,0,0,0,0,0,0,0,0,0,0,0,0,0,0,0,0,0,0,0,0
7332,843,35,0,62515,285,"Gute Anreise!",0,0,0,0,0,0,0,0,0,0,0,0,0,0,0,0,0,0,0,0,0,0,0,0
7333,844,35,0,62515,285,"Ver<hex:02160103>wand<hex:02160103>lungskünstler",0,0,0,0,0,0,0,0,0,0,0,0,0,0,0,0,0,0,0,0,0,0,0,0
7334,845,35,0,62515,285,"Blühender Schwarzmarkt",0,0,0,0,0,0,0,0,0,0,0,0,0,0,0,0,0,0,0,0,0,0,0,0
7335,858,40,0,62515,285,"Spurt in die Sicherheit",0,0,0,0,0,0,0,0,0,0,0,0,0,0,0,0,0,0,0,0,0,0,0,0
7336,859,40,0,62515,285,"Licht auslöschen",0,0,0,0,0,0,0,0,0,0,0,0,0,0,0,0,0,0,0,0,0,0,0,0
7337,860,40,0,62515,285,"Steckbrief: Frost-Avis",0,0,0,0,0,0,0,0,0,0,0,0,0,0,0,0,0,0,0,0,0,0,0,0
7338,873,45,0,62515,285,"Steckbrief: Okeanos der Rote",0,0,0,0,0,0,0,0,0,0,0,0,0,0,0,0,0,0,0,0,0,0,0,0
7339,874,45,0,62515,285,"Guter Deal - oder nicht?",0,0,0,0,0,0,0,0,0,0,0,0,0,0,0,0,0,0,0,0,0,0,0,0
7340,875,45,0,62515,285,"Wie Monster im Porzellanladen",0,0,0,0,0,0,0,0,0,0,0,0,0,0,0,0,0,0,0,0,0,0,0,0
7341,4,15,0,61801,286,"Sastasha",174,175,176,0,0,0,0,0,0,0,0,0,0,0,0,0,0,0,0,0,0,0,0,0
7342,2,16,0,61801,286,"Totenacker Tam-Tara",17,26,27,0,0,0,0,0,0,0,0,0,0,0,0,0,0,0,0,0,0,0,0,0
7343,3,17,0,61801,286,"Kupferglocken-Mine",177,178,179,0,0,0,0,0,0,0,0,0,0,0,0,0,0,0,0,0,0,0,0,0
7344,7,20,0,61801,286,"Halatali",180,181,182,0,0,0,0,0,0,0,0,0,0,0,0,0,0,0,0,0,0,0,0,0
7345,1,24,0,61801,286,"Tausend Löcher von Toto-Rak",22,172,173,0,0,0,0,0,0,0,0,0,0,0,0,0,0,0,0,0,0,0,0,0
7346,6,28,0,61801,286,"Haukke-Herrenhaus",18,170,171,0,0,0,0,0,0,0,0,0,0,0,0,0,0,0,0,0,0,0,0,0
7347,8,32,0,61801,286,"Brüllvolx' Langrast",183,184,185,0,0,0,0,0,0,0,0,0,0,0,0,0,0,0,0,0,0,0,0,0
7348,9,35,0,61801,286,"Versunkener Tempel von Qarn",304,305,306,0,0,0,0,0,0,0,0,0,0,0,0,0,0,0,0,0,0,0,0,0
7349,12,38,0,61801,286,"Sägerschrei",310,311,312,0,0,0,0,0,0,0,0,0,0,0,0,0,0,0,0,0,0,0,0,0
7350,11,41,0,61801,286,"Steinerne Wacht",298,299,300,0,0,0,0,0,0,0,0,0,0,0,0,0,0,0,0,0,0,0,0,0
7351,13,44,0,61801,286,"Die Feste Dzemael",313,314,315,0,0,0,0,0,0,0,0,0,0,0,0,0,0,0,0,0,0,0,0,0
7352,5,47,0,61801,286,"Goldklamm",316,317,318,0,0,0,0,0,0,0,0,0,0,0,0,0,0,0,0,0,0,0,0,0
7353,10,50,0,61801,286,"Palast des Wanderers",301,302,303,0,0,0,0,0,0,0,0,0,0,0,0,0,0,0,0,0,0,0,0,0
7354,15,50,0,61801,286,"Castrum Meridianum - Außenbereich",266,275,277,0,0,0,0,0,0,0,0,0,0,0,0,0,0,0,0,0,0,0,0,0
7355,16,50,0,61801,286,"Castrum Meridianum - Praetorium",279,280,392,283,284,118,374,0,0,0,0,0,0,0,0,0,0,0,0,0,0,0,0,0
7356,14,50,0,61801,286,"Die Ruinen von Amdapor",307,308,309,0,0,0,0,0,0,0,0,0,0,0,0,0,0,0,0,0,0,0,0,0
7357,17,50,0,61801,286,"Pharos Sirius",405,406,407,0,0,0,0,0,0,0,0,0,0,0,0,0,0,0,0,0,0,0,0,0
7358,18,50,0,61801,286,"Kupferglocken-Mine (schwer)",419,420,421,0,0,0,0,0,0,0,0,0,0,0,0,0,0,0,0,0,0,0,0,0
7359,19,50,0,61801,286,"Haukke-Herrenhaus (schwer)",422,423,424,0,0,0,0,0,0,0,0,0,0,0,0,0,0,0,0,0,0,0,0,0
7360,22,50,0,61801,286,"Historisches Amdapor",493,494,495,0,0,0,0,0,0,0,0,0,0,0,0,0,0,0,0,0,0,0,0,0
7361,21,50,0,61801,286,"Halatali (schwer)",496,497,498,0,0,0,0,0,0,0,0,0,0,0,0,0,0,0,0,0,0,0,0,0
7362,20,50,0,61801,286,"Brüllvolx' Langrast (schwer)",499,500,501,0,0,0,0,0,0,0,0,0,0,0,0,0,0,0,0,0,0,0,0,0
7363,23,50,0,61801,286,"Schiffbrecher-Insel",565,566,567,0,0,0,0,0,0,0,0,0,0,0,0,0,0,0,0,0,0,0,0,0
7364,24,50,0,61801,286,"Totenacker Tam-Tara (schwer)",571,578,579,0,0,0,0,0,0,0,0,0,0,0,0,0,0,0,0,0,0,0,0,0
7365,25,50,0,61801,286,"Steinerne Wacht (schwer)",568,569,570,0,0,0,0,0,0,0,0,0,0,0,0,0,0,0,0,0,0,0,0,0
7366,27,50,0,61801,286,"Das Schneekleid",647,648,649,0,0,0,0,0,0,0,0,0,0,0,0,0,0,0,0,0,0,0,0,0
7367,28,50,0,61801,286,"Sastasha (schwer)",653,654,655,0,0,0,0,0,0,0,0,0,0,0,0,0,0,0,0,0,0,0,0,0
7368,26,50,0,61801,286,"Versunkener Tempel von Qarn (schwer)",650,651,652,0,0,0,0,0,0,0,0,0,0,0,0,0,0,0,0,0,0,0,0,0
7369,32,50,0,61801,286,"Hüter des Sees",736,696,737,0,0,0,0,0,0,0,0,0,0,0,0,0,0,0,0,0,0,0,0,0
7370,30,50,0,61801,286,"Palast des Wanderers (schwer)",742,743,744,0,0,0,0,0,0,0,0,0,0,0,0,0,0,0,0,0,0,0,0,0
7371,29,50,0,61801,286,"Die Ruinen von Amdapor (schwer)",738,739,740,741,0,0,0,0,0,0,0,0,0,0,0,0,0,0,0,0,0,0,0,0
7372,92,50,0,61802,287,"Kristallturm - Das Labyrinth der Alten",409,410,411,0,0,0,0,0,0,0,0,0,0,0,0,0,0,0,0,0,0,0,0,0
7373,102,50,0,61802,287,"Kristallturm - Der Syrcus-Turm",550,551,552,0,0,0,0,0,0,0,0,0,0,0,0,0,0,0,0,0,0,0,0,0
7374,111,50,0,61802,287,"Die Welt der Dunkelheit",774,775,776,0,0,0,0,0,0,0,0,0,0,0,0,0,0,0,0,0,0,0,0,0
7375,93,50,0,61802,287,"Verschlungene Schatten 1",375,376,377,378,379,0,0,0,0,0,0,0,0,0,0,0,0,0,0,0,0,0,0,0
7376,94,50,0,61802,287,"Verschlungene Schatten 2",380,381,0,0,0,0,0,0,0,0,0,0,0,0,0,0,0,0,0,0,0,0,0,0
7377,95,50,0,61802,287,"Verschlungene Schatten 3",382,0,0,0,0,0,0,0,0,0,0,0,0,0,0,0,0,0,0,0,0,0,0,0
7378,96,50,0,61802,287,"Verschlungene Schatten 4",383,384,0,0,0,0,0,0,0,0,0,0,0,0,0,0,0,0,0,0,0,0,0,0
7379,97,50,0,61802,287,"Verschlungene Schatten 5",385,386,387,388,389,390,0,0,0,0,0,0,0,0,0,0,0,0,0,0,0,0,0,0
7380,98,50,0,61802,287,"Verschlungene Schatten 2 - 1",476,477,478,479,0,0,0,0,0,0,0,0,0,0,0,0,0,0,0,0,0,0,0,0
7381,99,50,0,61802,287,"Verschlungene Schatten 2 - 2",480,481,482,483,0,0,0,0,0,0,0,0,0,0,0,0,0,0,0,0,0,0,0,0
7382,100,50,0,61802,287,"Verschlungene Schatten 2 - 3",485,486,487,0,0,0,0,0,0,0,0,0,0,0,0,0,0,0,0,0,0,0,0,0
7383,101,50,0,61802,287,"Verschlungene Schatten 2 - 4",489,490,491,492,0,0,0,0,0,0,0,0,0,0,0,0,0,0,0,0,0,0,0,0
7384,107,50,0,61802,287,"Verschlungene Schatten 3 - 1",631,656,657,632,0,0,0,0,0,0,0,0,0,0,0,0,0,0,0,0,0,0,0,0
7385,108,50,0,61802,287,"Verschlungene Schatten 3 - 2",658,659,660,633,0,0,0,0,0,0,0,0,0,0,0,0,0,0,0,0,0,0,0,0
7386,109,50,0,61802,287,"Verschlungene Schatten 3 - 3",634,661,635,636,637,0,0,0,0,0,0,0,0,0,0,0,0,0,0,0,0,0,0,0
7387,110,50,0,61802,287,"Verschlungene Schatten 3 - 4",638,663,639,0,0,0,0,0,0,0,0,0,0,0,0,0,0,0,0,0,0,0,0,0
7388,103,50,0,61802,287,"Verschlungene Schatten 2 - 1 (episch)",596,0,0,0,0,0,0,0,0,0,0,0,0,0,0,0,0,0,0,0,0,0,0,0
7389,104,50,0,61802,287,"Verschlungene Schatten 2 - 2 (episch)",597,0,0,0,0,0,0,0,0,0,0,0,0,0,0,0,0,0,0,0,0,0,0,0
7390,105,50,0,61802,287,"Verschlungene Schatten 2 - 3 (episch)",598,0,0,0,0,0,0,0,0,0,0,0,0,0,0,0,0,0,0,0,0,0,0,0
7391,106,50,0,61802,287,"Verschlungene Schatten 2 - 4 (episch)",599,600,0,0,0,0,0,0,0,0,0,0,0,0,0,0,0,0,0,0,0,0,0,0
7392,56,20,0,61804,288,"Das Grab der Lohe",86,87,0,0,0,0,0,0,0,0,0,0,0,0,0,0,0,0,0,0,0,0,0,0
7393,57,34,0,61804,288,"Der Nabel",244,245,0,0,0,0,0,0,0,0,0,0,0,0,0,0,0,0,0,0,0,0,0,0
7394,58,44,0,61804,288,"Das Tosende Auge",252,253,0,0,0,0,0,0,0,0,0,0,0,0,0,0,0,0,0,0,0,0,0,0
7395,830,50,0,61804,288,"Porta Decumana",127,120,121,0,0,0,0,0,0,0,0,0,0,0,0,0,0,0,0,0,0,0,0,0
7396,84,50,0,61804,288,"Chrysalis",777,778,0,0,0,0,0,0,0,0,0,0,0,0,0,0,0,0,0,0,0,0,0,0
7397,74,50,0,61804,288,"Kampf gegen die Dhorme-Chimära",502,504,0,0,0,0,0,0,0,0,0,0,0,0,0,0,0,0,0,0,0,0,0,0
7398,75,50,0,61804,288,"Kampf gegen die Hydra",503,505,0,0,0,0,0,0,0,0,0,0,0,0,0,0,0,0,0,0,0,0,0,0
7399,76,50,0,61804,288,"Duell auf der großen Brücke",512,513,0,0,0,0,0,0,0,0,0,0,0,0,0,0,0,0,0,0,0,0,0,0
7400,81,50,0,61804,288,"Das Drachenhals-Kolosseum",645,646,0,0,0,0,0,0,0,0,0,0,0,0,0,0,0,0,0,0,0,0,0,0
7401,85,50,0,61804,288,"Revanche in den Ruinen",766,767,768,0,0,0,0,0,0,0,0,0,0,0,0,0,0,0,0,0,0,0,0,0
7402,59,50,0,61804,288,"Götterdämmerung - Ifrit",363,364,0,0,0,0,0,0,0,0,0,0,0,0,0,0,0,0,0,0,0,0,0,0
7403,61,50,0,61804,288,"Götterdämmerung - Garuda",365,366,0,0,0,0,0,0,0,0,0,0,0,0,0,0,0,0,0,0,0,0,0,0
7404,60,50,0,61804,288,"Götterdämmerung - Titan",367,368,0,0,0,0,0,0,0,0,0,0,0,0,0,0,0,0,0,0,0,0,0,0
7405,66,50,0,61804,288,"Königliche Konfrontation (schwer)",401,402,0,0,0,0,0,0,0,0,0,0,0,0,0,0,0,0,0,0,0,0,0,0
7406,72,50,0,61804,288,"Götterdämmerung - Leviathan",470,525,0,0,0,0,0,0,0,0,0,0,0,0,0,0,0,0,0,0,0,0,0,0
7407,77,50,0,61804,288,"Götterdämmerung - Ramuh",561,562,0,0,0,0,0,0,0,0,0,0,0,0,0,0,0,0,0,0,0,0,0,0
7408,79,50,0,61804,288,"Götterdämmerung - Shiva",622,642,0,0,0,0,0,0,0,0,0,0,0,0,0,0,0,0,0,0,0,0,0,0
7409,82,50,0,61804,288,"Jenseits Urths Quelle",735,672,0,0,0,0,0,0,0,0,0,0,0,0,0,0,0,0,0,0,0,0,0,0
7410,68,50,0,61804,288,"Heldenlied von Ultima",403,404,0,0,0,0,0,0,0,0,0,0,0,0,0,0,0,0,0,0,0,0,0,0
7411,65,50,0,61804,288,"Zenit der Götter - Garuda",397,398,0,0,0,0,0,0,0,0,0,0,0,0,0,0,0,0,0,0,0,0,0,0
7412,64,50,0,61804,288,"Zenit der Götter - Titan",399,400,0,0,0,0,0,0,0,0,0,0,0,0,0,0,0,0,0,0,0,0,0,0
7413,63,50,0,61804,288,"Zenit der Götter - Ifrit",395,396,0,0,0,0,0,0,0,0,0,0,0,0,0,0,0,0,0,0,0,0,0,0
7414,67,50,0,61804,288,"Königliche Konfrontation (extrem)",514,515,0,0,0,0,0,0,0,0,0,0,0,0,0,0,0,0,0,0,0,0,0,0
7415,73,50,0,61804,288,"Zenit der Götter - Leviathan",526,527,0,0,0,0,0,0,0,0,0,0,0,0,0,0,0,0,0,0,0,0,0,0
7416,78,50,0,61804,288,"Zenit der Götter - Ramuh",563,564,0,0,0,0,0,0,0,0,0,0,0,0,0,0,0,0,0,0,0,0,0,0
7417,80,50,0,61804,288,"Zenit der Götter - Shiva",643,644,0,0,0,0,0,0,0,0,0,0,0,0,0,0,0,0,0,0,0,0,0,0
7418,42,10,0,61803,313,"Einer für alle, alle für einen",0,0,0,0,0,0,0,0,0,0,0,0,0,0,0,0,0,0,0,0,0,0,0,0
7419,43,10,0,61803,313,"Bockmanns Gefolge",0,0,0,0,0,0,0,0,0,0,0,0,0,0,0,0,0,0,0,0,0,0,0,0
7420,44,15,0,61803,313,"Sturmkommando",0,0,0,0,0,0,0,0,0,0,0,0,0,0,0,0,0,0,0,0,0,0,0,0
7421,45,15,0,61803,313,"Gil oder Leben",0,0,0,0,0,0,0,0,0,0,0,0,0,0,0,0,0,0,0,0,0,0,0,0
7422,46,20,0,61803,313,"Unkraut jäten",0,0,0,0,0,0,0,0,0,0,0,0,0,0,0,0,0,0,0,0,0,0,0,0
7423,47,20,0,61803,313,"Ins Wespennest stechen",0,0,0,0,0,0,0,0,0,0,0,0,0,0,0,0,0,0,0,0,0,0,0,0
7424,48,25,0,61803,313,"Briaxio ausschalten",0,0,0,0,0,0,0,0,0,0,0,0,0,0,0,0,0,0,0,0,0,0,0,0
7425,49,25,0,61803,313,"Bombige Goblins",0,0,0,0,0,0,0,0,0,0,0,0,0,0,0,0,0,0,0,0,0,0,0,0
7426,50,30,0,61803,313,"Tödliches Rankenspiel",0,0,0,0,0,0,0,0,0,0,0,0,0,0,0,0,0,0,0,0,0,0,0,0
7427,51,30,0,61803,313,"Gefahr aus dem Nichts",0,0,0,0,0,0,0,0,0,0,0,0,0,0,0,0,0,0,0,0,0,0,0,0
7428,52,35,0,61803,313,"Kampf gegen Schatten",0,0,0,0,0,0,0,0,0,0,0,0,0,0,0,0,0,0,0,0,0,0,0,0
7429,53,35,0,61803,313,"Miss Bombastic",0,0,0,0,0,0,0,0,0,0,0,0,0,0,0,0,0,0,0,0,0,0,0,0
7430,54,40,0,61803,313,"Unzertrennlich",0,0,0,0,0,0,0,0,0,0,0,0,0,0,0,0,0,0,0,0,0,0,0,0
7431,55,40,0,61803,313,"Wuchtige Dreifaltigkeit",0,0,0,0,0,0,0,0,0,0,0,0,0,0,0,0,0,0,0,0,0,0,0,0
7432,36,51,0,61801,289,"Abendrot-Wacht",912,913,914,0,0,0,0,0,0,0,0,0,0,0,0,0,0,0,0,0,0,0,0,0
7433,37,53,0,61801,289,"Sohm Al",915,916,917,0,0,0,0,0,0,0,0,0,0,0,0,0,0,0,0,0,0,0,0,0
7434,39,55,0,61801,289,"Nest des Drachen",837,918,919,0,0,0,0,0,0,0,0,0,0,0,0,0,0,0,0,0,0,0,0,0
7435,34,57,0,61801,289,"Erzbasilika",920,921,922,0,0,0,0,0,0,0,0,0,0,0,0,0,0,0,0,0,0,0,0,0
7436,31,59,0,61801,289,"Große Gubal-Bibliothek",923,924,925,0,0,0,0,0,0,0,0,0,0,0,0,0,0,0,0,0,0,0,0,0
7437,38,60,0,61801,289,"Ätherochemisches For<hex:02160103>schungs<hex:02160103>labor",926,900,901,927,0,0,0,0,0,0,0,0,0,0,0,0,0,0,0,0,0,0,0,0
7438,33,60,0,61801,289,"Nimmerreich",928,929,930,0,0,0,0,0,0,0,0,0,0,0,0,0,0,0,0,0,0,0,0,0
7439,35,60,0,61801,289,"Die Fraktal-Kontinuum",931,932,933,0,0,0,0,0,0,0,0,0,0,0,0,0,0,0,0,0,0,0,0,0
7440,41,60,0,61801,289,"Sankt Mocianne-Arboretum",1066,1067,1068,0,0,0,0,0,0,0,0,0,0,0,0,0,0,0,0,0,0,0,0,0
7441,40,60,0,61801,289,"Pharos Sirius (schwer)",1069,1070,1071,0,0,0,0,0,0,0,0,0,0,0,0,0,0,0,0,0,0,0,0,0
7442,141,60,0,61801,289,"Antiturm",1112,1113,1114,0,0,0,0,0,0,0,0,0,0,0,0,0,0,0,0,0,0,0,0,0
7443,140,60,0,61801,289,"Historisches Amdapor (schwer)",1115,1116,1117,0,0,0,0,0,0,0,0,0,0,0,0,0,0,0,0,0,0,0,0,0
7444,171,60,0,61801,289,"Sohr Khai",1238,1239,1240,0,0,0,0,0,0,0,0,0,0,0,0,0,0,0,0,0,0,0,0,0
7445,172,60,0,61801,289,"Schiffbrecher-Insel (schwer)",1241,1242,1243,0,0,0,0,0,0,0,0,0,0,0,0,0,0,0,0,0,0,0,0,0
7446,182,60,0,61801,289,"Xelphatol",1330,1331,1332,0,0,0,0,0,0,0,0,0,0,0,0,0,0,0,0,0,0,0,0,0
7447,196,60,0,61801,289,"Große Gubal-Bibliothek (schwer)",1333,1334,1335,0,0,0,0,0,0,0,0,0,0,0,0,0,0,0,0,0,0,0,0,0
7448,219,60,0,61801,289,"Baelsar-Wall",1370,1371,1372,0,0,0,0,0,0,0,0,0,0,0,0,0,0,0,0,0,0,0,0,0
7449,221,60,0,61801,289,"Sohm Al (schwer)",1373,1374,1375,0,0,0,0,0,0,0,0,0,0,0,0,0,0,0,0,0,0,0,0,0
7450,120,60,0,61802,290,"Die Nichts-Arche",1063,1064,1065,0,0,0,0,0,0,0,0,0,0,0,0,0,0,0,0,0,0,0,0,0
7451,168,60,0,61802,290,"Die Stadt der Tränen",1207,1208,1209,0,0,0,0,0,0,0,0,0,0,0,0,0,0,0,0,0,0,0,0,0
7452,220,60,0,61802,290,"Dun Scaith",1366,1367,1369,0,0,0,0,0,0,0,0,0,0,0,0,0,0,0,0,0,0,0,0,0
7453,112,60,0,61802,290,"Alexander - Faust des Vaters",998,999,1000,0,0,0,0,0,0,0,0,0,0,0,0,0,0,0,0,0,0,0,0,0
7454,113,60,0,61802,290,"Alexander - Elle des Vaters",1001,1002,1003,0,0,0,0,0,0,0,0,0,0,0,0,0,0,0,0,0,0,0,0,0
7455,114,60,0,61802,290,"Alexander - Arm des Vaters",1004,1005,1006,0,0,0,0,0,0,0,0,0,0,0,0,0,0,0,0,0,0,0,0,0
7456,115,60,0,61802,290,"Alexander - Last des Vaters",1007,1008,0,0,0,0,0,0,0,0,0,0,0,0,0,0,0,0,0,0,0,0,0,0
7457,136,60,0,61802,290,"Alexander - Faust des Sohnes",1120,1121,1122,0,0,0,0,0,0,0,0,0,0,0,0,0,0,0,0,0,0,0,0,0
7458,137,60,0,61802,290,"Alexander - Elle des Sohnes",1123,1124,1125,0,0,0,0,0,0,0,0,0,0,0,0,0,0,0,0,0,0,0,0,0
7459,138,60,0,61802,290,"Alexander - Arm des Sohnes",1126,1127,1128,0,0,0,0,0,0,0,0,0,0,0,0,0,0,0,0,0,0,0,0,0
7460,139,60,0,61802,290,"Alexander - Last des Sohnes",1129,1130,0,0,0,0,0,0,0,0,0,0,0,0,0,0,0,0,0,0,0,0,0,0
7461,186,60,0,61802,290,"Alexander - Augen des Schöpfers",1282,1283,1284,0,0,0,0,0,0,0,0,0,0,0,0,0,0,0,0,0,0,0,0,0
7462,187,60,0,61802,290,"Alexander - Atem des Schöpfers",1285,1286,1287,0,0,0,0,0,0,0,0,0,0,0,0,0,0,0,0,0,0,0,0,0
7463,188,60,0,61802,290,"Alexander - Herz des Schöpfers",1288,1289,1290,0,0,0,0,0,0,0,0,0,0,0,0,0,0,0,0,0,0,0,0,0
7464,189,60,0,61802,290,"Alexander - Seele des Schöpfers",1338,1292,0,0,0,0,0,0,0,0,0,0,0,0,0,0,0,0,0,0,0,0,0,0
7465,116,60,0,61802,290,"Alexander - Faust des Vaters (episch)",1027,1028,1029,0,0,0,0,0,0,0,0,0,0,0,0,0,0,0,0,0,0,0,0,0
7466,117,60,0,61802,290,"Alexander - Elle des Vaters (episch)",1030,1031,0,0,0,0,0,0,0,0,0,0,0,0,0,0,0,0,0,0,0,0,0,0
7467,118,60,0,61802,290,"Alexander - Arm des Vaters (episch)",1032,1033,0,0,0,0,0,0,0,0,0,0,0,0,0,0,0,0,0,0,0,0,0,0
7468,119,60,0,61802,290,"Alexander - Last des Vaters (episch)",1034,1035,0,0,0,0,0,0,0,0,0,0,0,0,0,0,0,0,0,0,0,0,0,0
7469,147,60,0,61802,290,"Alexander - Faust des Sohnes (episch)",1131,1132,1133,0,0,0,0,0,0,0,0,0,0,0,0,0,0,0,0,0,0,0,0,0
7470,148,60,0,61802,290,"Alexander - Elle des Sohnes (episch)",1134,1135,0,0,0,0,0,0,0,0,0,0,0,0,0,0,0,0,0,0,0,0,0,0
7471,149,60,0,61802,290,"Alexander - Arm des Sohnes (episch)",1136,1137,0,0,0,0,0,0,0,0,0,0,0,0,0,0,0,0,0,0,0,0,0,0
7472,150,60,0,61802,290,"Alexander - Last des Sohnes (episch)",1138,1139,0,0,0,0,0,0,0,0,0,0,0,0,0,0,0,0,0,0,0,0,0,0
7473,190,60,0,61802,290,"Alexander - Augen des Schöpfers (episch)",1315,1316,1317,0,0,0,0,0,0,0,0,0,0,0,0,0,0,0,0,0,0,0,0,0
7474,191,60,0,61802,290,"Alexander - Atem des Schöpfers (episch)",1318,1319,0,0,0,0,0,0,0,0,0,0,0,0,0,0,0,0,0,0,0,0,0,0
7475,192,60,0,61802,290,"Alexander - Herz des Schöpfers (episch)",1320,1321,0,0,0,0,0,0,0,0,0,0,0,0,0,0,0,0,0,0,0,0,0,0
7476,193,60,0,61802,290,"Alexander - Seele des Schöpfers (episch)",1322,1323,0,0,0,0,0,0,0,0,0,0,0,0,0,0,0,0,0,0,0,0,0,0
7477,86,53,0,61804,291,"Götterdämmerung - Ravana",1023,1016,0,0,0,0,0,0,0,0,0,0,0,0,0,0,0,0,0,0,0,0,0,0
7478,88,57,0,61804,291,"Götterdämmerung - Bismarck",1014,1015,0,0,0,0,0,0,0,0,0,0,0,0,0,0,0,0,0,0,0,0,0,0
7479,90,60,0,61804,291,"Singularitäts-Reaktor",903,978,0,0,0,0,0,0,0,0,0,0,0,0,0,0,0,0,0,0,0,0,0,0
7480,169,60,0,61804,291,"Der letzte Schicksalsweg",1225,1226,0,0,0,0,0,0,0,0,0,0,0,0,0,0,0,0,0,0,0,0,0,0
7481,134,60,0,61804,291,"Götterdämmerung - Sephirot",1118,1119,0,0,0,0,0,0,0,0,0,0,0,0,0,0,0,0,0,0,0,0,0,0
7482,183,60,0,61804,291,"Götterdämmerung - Sophia",1293,1294,0,0,0,0,0,0,0,0,0,0,0,0,0,0,0,0,0,0,0,0,0,0
7483,223,60,0,61804,291,"Götterdämmerung - Zurvan",1336,1337,0,0,0,0,0,0,0,0,0,0,0,0,0,0,0,0,0,0,0,0,0,0
7484,89,60,0,61804,291,"Zenit der Götter - Bismarck",1024,1025,0,0,0,0,0,0,0,0,0,0,0,0,0,0,0,0,0,0,0,0,0,0
7485,87,60,0,61804,291,"Zenit der Götter - Ravana",1017,1018,0,0,0,0,0,0,0,0,0,0,0,0,0,0,0,0,0,0,0,0,0,0
7486,91,60,0,61804,291,"Heldenlied von Thordans Fall",1072,1073,0,0,0,0,0,0,0,0,0,0,0,0,0,0,0,0,0,0,0,0,0,0
7487,170,60,0,61804,291,"Das Lied von Nidhoggs letztem Ruf",1227,1228,0,0,0,0,0,0,0,0,0,0,0,0,0,0,0,0,0,0,0,0,0,0
7488,135,60,0,61804,291,"Zenit der Götter - Sephirot",1165,1166,0,0,0,0,0,0,0,0,0,0,0,0,0,0,0,0,0,0,0,0,0,0
7489,184,60,0,61804,291,"Zenit der Götter - Sophia",1295,1296,0,0,0,0,0,0,0,0,0,0,0,0,0,0,0,0,0,0,0,0,0,0
7490,224,60,0,61804,291,"Zenit der Götter - Zurvan",1364,1365,0,0,0,0,0,0,0,0,0,0,0,0,0,0,0,0,0,0,0,0,0,0
7491,71,73,0,61804,291,"Event-Inhalt 2",0,0,0,0,0,0,0,0,0,0,0,0,0,0,0,0,0,0,0,0,0,0,0,0
7492,174,1,0,61824,292,"Palast der Toten (Ebenen 1-10)",1244,1245,1246,1247,1248,1249,1250,1340,1341,1342,1343,1344,1345,0,0,0,0,0,0,0,0,0,0,0
7493,175,1,0,61824,292,"Palast der Toten (Ebenen 11-20)",0,0,0,0,0,0,0,0,0,0,0,0,0,0,0,0,0,0,0,0,0,0,0,0
7494,176,1,0,61824,292,"Palast der Toten (Ebenen 21-30)",0,0,0,0,0,0,0,0,0,0,0,0,0,0,0,0,0,0,0,0,0,0,0,0
7495,177,1,0,61824,292,"Palast der Toten (Ebenen 31-40)",0,0,0,0,0,0,0,0,0,0,0,0,0,0,0,0,0,0,0,0,0,0,0,0
7496,178,1,0,61824,292,"Palast der Toten (Ebenen 41-50)",0,0,0,0,0,0,0,0,0,0,0,0,0,0,0,0,0,0,0,0,0,0,0,0
7497,204,1,0,61824,292,"Palast der Toten (Ebenen 51 - 60)",0,0,0,0,0,0,0,0,0,0,0,0,0,0,0,0,0,0,0,0,0,0,0,0
7498,205,1,0,61824,292,"Palast der Toten (Ebenen 61 - 70)",0,0,0,0,0,0,0,0,0,0,0,0,0,0,0,0,0,0,0,0,0,0,0,0
7499,206,1,0,61824,292,"Palast der Toten (Ebenen 71 - 80)",0,0,0,0,0,0,0,0,0,0,0,0,0,0,0,0,0,0,0,0,0,0,0,0
7500,207,1,0,61824,292,"Palast der Toten (Ebenen 81 - 90)",0,0,0,0,0,0,0,0,0,0,0,0,0,0,0,0,0,0,0,0,0,0,0,0
7501,208,1,0,61824,292,"Palast der Toten (Ebenen 91 - 100)",0,0,0,0,0,0,0,0,0,0,0,0,0,0,0,0,0,0,0,0,0,0,0,0
7502,209,1,0,61824,292,"Palast der Toten (Ebenen 101 - 110)",0,0,0,0,0,0,0,0,0,0,0,0,0,0,0,0,0,0,0,0,0,0,0,0
7503,210,1,0,61824,292,"Palast der Toten (Ebenen 111 - 120)",0,0,0,0,0,0,0,0,0,0,0,0,0,0,0,0,0,0,0,0,0,0,0,0
7504,211,1,0,61824,292,"Palast der Toten (Ebenen 121 - 130)",0,0,0,0,0,0,0,0,0,0,0,0,0,0,0,0,0,0,0,0,0,0,0,0
7505,212,1,0,61824,292,"Palast der Toten (Ebenen 131 - 140)",0,0,0,0,0,0,0,0,0,0,0,0,0,0,0,0,0,0,0,0,0,0,0,0
7506,213,1,0,61824,292,"Palast der Toten (Ebenen 141 - 150)",0,0,0,0,0,0,0,0,0,0,0,0,0,0,0,0,0,0,0,0,0,0,0,0
7507,214,1,0,61824,292,"Palast der Toten (Ebenen 151 - 160)",0,0,0,0,0,0,0,0,0,0,0,0,0,0,0,0,0,0,0,0,0,0,0,0
7508,215,1,0,61824,292,"Palast der Toten (Ebenen 161 - 170)",0,0,0,0,0,0,0,0,0,0,0,0,0,0,0,0,0,0,0,0,0,0,0,0
7509,216,1,0,61824,292,"Palast der Toten (Ebenen 171 - 180)",0,0,0,0,0,0,0,0,0,0,0,0,0,0,0,0,0,0,0,0,0,0,0,0
7510,217,1,0,61824,292,"Palast der Toten (Ebenen 181 - 190)",0,0,0,0,0,0,0,0,0,0,0,0,0,0,0,0,0,0,0,0,0,0,0,0
7511,218,1,0,61824,292,"Palast der Toten (Ebenen 191 - 200)",0,0,0,0,0,0,0,0,0,0,0,0,0,0,0,0,0,0,0,0,0,0,0,0
7512,238,61,0,61801,293,"Sirenen-See",1541,1542,1543,0,0,0,0,0,0,0,0,0,0,0,0,0,0,0,0,0,0,0,0,0
7513,235,63,0,61801,293,"Shisui",1544,1545,1546,0,0,0,0,0,0,0,0,0,0,0,0,0,0,0,0,0,0,0,0,0
7514,240,65,0,61801,293,"Bardams Probe",1547,1548,1549,0,0,0,0,0,0,0,0,0,0,0,0,0,0,0,0,0,0,0,0,0
7515,241,67,0,61801,293,"Burg Doma",1550,1551,1552,0,0,0,0,0,0,0,0,0,0,0,0,0,0,0,0,0,0,0,0,0
7516,242,69,0,61801,293,"Castrum Abania",1553,1554,1555,0,0,0,0,0,0,0,0,0,0,0,0,0,0,0,0,0,0,0,0,0
7517,247,70,0,61801,293,"Ala Mhigo",1556,1557,1558,0,0,0,0,0,0,0,0,0,0,0,0,0,0,0,0,0,0,0,0,0
7518,262,70,0,61801,293,"Schloss Kugane",1562,1563,1564,0,0,0,0,0,0,0,0,0,0,0,0,0,0,0,0,0,0,0,0,0
7519,236,70,0,61801,293,"Tempel der Faust",1559,1560,1561,0,0,0,0,0,0,0,0,0,0,0,0,0,0,0,0,0,0,0,0,0
7520,279,70,0,61801,293,"Die versunkene Stadt Skalla",1643,1644,1645,0,0,0,0,0,0,0,0,0,0,0,0,0,0,0,0,0,0,0,0,0
7521,284,70,0,61801,293,"Höllenspund",1711,1712,1713,0,0,0,0,0,0,0,0,0,0,0,0,0,0,0,0,0,0,0,0,0
7522,285,70,0,61801,293,"Die Fraktal-Kontinuum (schwer)",1714,1715,1716,0,0,0,0,0,0,0,0,0,0,0,0,0,0,0,0,0,0,0,0,0
7523,536,70,0,61801,293,"Kompass der Schwalbe",1794,1795,1796,0,0,0,0,0,0,0,0,0,0,0,0,0,0,0,0,0,0,0,0,0
7524,585,70,0,61801,293,"Das Kargland",1825,1826,1827,0,0,0,0,0,0,0,0,0,0,0,0,0,0,0,0,0,0,0,0,0
7525,584,70,0,61801,293,"Sankt Mocianne-Arboretum (schwer)",1828,1829,1830,0,0,0,0,0,0,0,0,0,0,0,0,0,0,0,0,0,0,0,0,0
7526,611,70,0,61801,293,"Die Ghimlyt-Finsternis",1921,1922,1923,0,0,0,0,0,0,0,0,0,0,0,0,0,0,0,0,0,0,0,0,0
7527,281,70,0,61802,294,"Rabanastre",1646,1647,1648,0,0,0,0,0,0,0,0,0,0,0,0,0,0,0,0,0,0,0,0,0
7528,550,70,0,61802,294,"Richtfeuer von Ridorana",1778,1779,1780,0,0,0,0,0,0,0,0,0,0,0,0,0,0,0,0,0,0,0,0,0
7529,636,70,0,61802,294,"Kloster von Orbonne",1918,1919,1920,0,0,0,0,0,0,0,0,0,0,0,0,0,0,0,0,0,0,0,0,0
7530,252,70,0,61802,294,"Deltametrie 1.0",1579,1580,0,0,0,0,0,0,0,0,0,0,0,0,0,0,0,0,0,0,0,0,0,0
7531,253,70,0,61802,294,"Deltametrie 2.0",1581,1582,0,0,0,0,0,0,0,0,0,0,0,0,0,0,0,0,0,0,0,0,0,0
7532,254,70,0,61802,294,"Deltametrie 3.0",1583,1584,0,0,0,0,0,0,0,0,0,0,0,0,0,0,0,0,0,0,0,0,0,0
7533,255,70,0,61802,294,"Deltametrie 4.0",1585,1586,0,0,0,0,0,0,0,0,0,0,0,0,0,0,0,0,0,0,0,0,0,0
7534,286,70,0,61802,294,"Sigmametrie 1.0",1717,1718,0,0,0,0,0,0,0,0,0,0,0,0,0,0,0,0,0,0,0,0,0,0
7535,287,70,0,61802,294,"Sigmametrie 2.0",1719,1720,0,0,0,0,0,0,0,0,0,0,0,0,0,0,0,0,0,0,0,0,0,0
7536,288,70,0,61802,294,"Sigmametrie 3.0",1721,1722,0,0,0,0,0,0,0,0,0,0,0,0,0,0,0,0,0,0,0,0,0,0
7537,289,70,0,61802,294,"Sigmametrie 4.0",1723,1724,0,0,0,0,0,0,0,0,0,0,0,0,0,0,0,0,0,0,0,0,0,0
7538,587,70,0,61802,294,"Alphametrie 1.0",1835,1836,0,0,0,0,0,0,0,0,0,0,0,0,0,0,0,0,0,0,0,0,0,0
7539,588,70,0,61802,294,"Alphametrie 2.0",1837,1838,0,0,0,0,0,0,0,0,0,0,0,0,0,0,0,0,0,0,0,0,0,0
7540,589,70,0,61802,294,"Alphametrie 3.0",1839,1840,0,0,0,0,0,0,0,0,0,0,0,0,0,0,0,0,0,0,0,0,0,0
7541,590,70,0,61802,294,"Alphametrie 4.0",1841,1842,0,0,0,0,0,0,0,0,0,0,0,0,0,0,0,0,0,0,0,0,0,0
7542,256,70,0,61802,294,"Deltametrie 1.0 (episch)",1587,1588,0,0,0,0,0,0,0,0,0,0,0,0,0,0,0,0,0,0,0,0,0,0
7543,257,70,0,61802,294,"Deltametrie 2.0 (episch)",1589,1590,0,0,0,0,0,0,0,0,0,0,0,0,0,0,0,0,0,0,0,0,0,0
7544,258,70,0,61802,294,"Deltametrie 3.0 (episch)",1591,1592,0,0,0,0,0,0,0,0,0,0,0,0,0,0,0,0,0,0,0,0,0,0
7545,259,70,0,61802,294,"Deltametrie 4.0 (episch)",1593,1594,0,0,0,0,0,0,0,0,0,0,0,0,0,0,0,0,0,0,0,0,0,0
7546,292,70,0,61802,294,"Sigmametrie 1.0 (episch)",1725,1726,0,0,0,0,0,0,0,0,0,0,0,0,0,0,0,0,0,0,0,0,0,0
7547,293,70,0,61802,294,"Sigmametrie 2.0 (episch)",1727,1728,0,0,0,0,0,0,0,0,0,0,0,0,0,0,0,0,0,0,0,0,0,0
7548,294,70,0,61802,294,"Sigmametrie 3.0 (episch)",1729,1730,0,0,0,0,0,0,0,0,0,0,0,0,0,0,0,0,0,0,0,0,0,0
7549,295,70,0,61802,294,"Sigmametrie 4.0 (episch)",1731,1732,0,0,0,0,0,0,0,0,0,0,0,0,0,0,0,0,0,0,0,0,0,0
7550,591,70,0,61802,294,"Alphametrie 1.0 (episch)",1843,1844,0,0,0,0,0,0,0,0,0,0,0,0,0,0,0,0,0,0,0,0,0,0
7551,592,70,0,61802,294,"Alphametrie 2.0 (episch)",1845,1846,0,0,0,0,0,0,0,0,0,0,0,0,0,0,0,0,0,0,0,0,0,0
7552,593,70,0,61802,294,"Alphametrie 3.0 (episch)",1847,1848,0,0,0,0,0,0,0,0,0,0,0,0,0,0,0,0,0,0,0,0,0,0
7553,594,70,0,61802,294,"Alphametrie 4.0 (episch)",1849,1850,0,0,0,0,0,0,0,0,0,0,0,0,0,0,0,0,0,0,0,0,0,0
7554,280,70,0,61802,294,"Endlose Schatten von Bahamut (fatal)",1651,1652,0,0,0,0,0,0,0,0,0,0,0,0,0,0,0,0,0,0,0,0,0,0
7555,539,70,0,61802,294,"Heldenlied von Ultima (fatal)",1789,1790,0,0,0,0,0,0,0,0,0,0,0,0,0,0,0,0,0,0,0,0,0,0
7556,243,63,0,61804,295,"Götterdämmerung - Susano",1569,1570,0,0,0,0,0,0,0,0,0,0,0,0,0,0,0,0,0,0,0,0,0,0
7557,263,67,0,61804,295,"Götterdämmerung - Lakshmi",1565,1566,0,0,0,0,0,0,0,0,0,0,0,0,0,0,0,0,0,0,0,0,0,0
7558,239,70,0,61804,295,"Königliche Menagerie",1605,1606,0,0,0,0,0,0,0,0,0,0,0,0,0,0,0,0,0,0,0,0,0,0
7559,537,70,0,61804,295,"Götterdämmerung - Tsukuyomi",1785,1786,0,0,0,0,0,0,0,0,0,0,0,0,0,0,0,0,0,0,0,0,0,0
7560,595,70,0,61804,295,"Duell auf der Kugane-Brücke",1851,1852,0,0,0,0,0,0,0,0,0,0,0,0,0,0,0,0,0,0,0,0,0,0
7561,474,70,0,61804,295,"Jagd auf Rathalos",1783,1784,0,0,0,0,0,0,0,0,0,0,0,0,0,0,0,0,0,0,0,0,0,0
7562,290,70,0,61804,295,"Seelentanz - Byakko",1733,1734,0,0,0,0,0,0,0,0,0,0,0,0,0,0,0,0,0,0,0,0,0,0
7563,596,70,0,61804,295,"Seelentanz - Suzaku",1831,1832,0,0,0,0,0,0,0,0,0,0,0,0,0,0,0,0,0,0,0,0,0,0
7564,637,70,0,61804,295,"Seelentanz - Seiryu",1924,1925,0,0,0,0,0,0,0,0,0,0,0,0,0,0,0,0,0,0,0,0,0,0
7565,244,70,0,61804,295,"Zenit der Götter - Susano",1571,1572,0,0,0,0,0,0,0,0,0,0,0,0,0,0,0,0,0,0,0,0,0,0
7566,264,70,0,61804,295,"Zenit der Götter - Lakshmi",1567,1568,0,0,0,0,0,0,0,0,0,0,0,0,0,0,0,0,0,0,0,0,0,0
7567,278,70,0,61804,295,"Heldenlied von Shinryu",1649,1650,0,0,0,0,0,0,0,0,0,0,0,0,0,0,0,0,0,0,0,0,0,0
7568,538,70,0,61804,295,"Zenit der Götter - Tsukuyomi",1787,1788,0,0,0,0,0,0,0,0,0,0,0,0,0,0,0,0,0,0,0,0,0,0
7569,475,70,0,61804,295,"Jagd auf Rathalos (schwer)",1798,1799,0,0,0,0,0,0,0,0,0,0,0,0,0,0,0,0,0,0,0,0,0,0
7570,291,70,0,61804,295,"Seelensturm - Byakko",1735,1736,0,0,0,0,0,0,0,0,0,0,0,0,0,0,0,0,0,0,0,0,0,0
7571,597,70,0,61804,295,"Seelensturm - Suzaku",1833,1834,0,0,0,0,0,0,0,0,0,0,0,0,0,0,0,0,0,0,0,0,0,0
7572,638,70,0,61804,295,"Seelensturm - Seiryu",1926,1927,0,0,0,0,0,0,0,0,0,0,0,0,0,0,0,0,0,0,0,0,0,0
7573,70,70,0,61804,295,"Event-Inhalt 1",0,0,0,0,0,0,0,0,0,0,0,0,0,0,0,0,0,0,0,0,0,0,0,0
7574,540,61,0,61824,296,"Himmelssäule (Ebenen 1-10)",1775,1773,1774,1776,1777,0,0,0,0,0,0,0,0,0,0,0,0,0,0,0,0,0,0,0
7575,541,61,0,61824,296,"Himmelssäule (Ebenen 11-20)",0,0,0,0,0,0,0,0,0,0,0,0,0,0,0,0,0,0,0,0,0,0,0,0
7576,542,61,0,61824,296,"Himmelssäule (Ebenen 21-30)",0,0,0,0,0,0,0,0,0,0,0,0,0,0,0,0,0,0,0,0,0,0,0,0
7577,543,61,0,61824,296,"Himmelssäule (Ebenen 31-40)",0,0,0,0,0,0,0,0,0,0,0,0,0,0,0,0,0,0,0,0,0,0,0,0
7578,544,61,0,61824,296,"Himmelssäule (Ebenen 41-50)",0,0,0,0,0,0,0,0,0,0,0,0,0,0,0,0,0,0,0,0,0,0,0,0
7579,545,61,0,61824,296,"Himmelssäule (Ebenen 51-60)",0,0,0,0,0,0,0,0,0,0,0,0,0,0,0,0,0,0,0,0,0,0,0,0
7580,546,61,0,61824,296,"Himmelssäule (Ebenen 61-70)",0,0,0,0,0,0,0,0,0,0,0,0,0,0,0,0,0,0,0,0,0,0,0,0
7581,547,61,0,61824,296,"Himmelssäule (Ebenen 71-80)",0,0,0,0,0,0,0,0,0,0,0,0,0,0,0,0,0,0,0,0,0,0,0,0
7582,548,61,0,61824,296,"Himmelssäule (Ebenen 81-90)",0,0,0,0,0,0,0,0,0,0,0,0,0,0,0,0,0,0,0,0,0,0,0,0
7583,549,61,0,61824,296,"Himmelssäule (Ebenen 91-100)",0,0,0,0,0,0,0,0,0,0,0,0,0,0,0,0,0,0,0,0,0,0,0,0
7584,283,70,0,61833,297,"Eureka Anemos",1747,1749,1750,0,0,0,0,0,0,0,0,0,0,0,0,0,0,0,0,0,0,0,0,0
7585,581,70,0,61833,297,"Eureka Pagos",1781,1803,1804,1805,0,0,0,0,0,0,0,0,0,0,0,0,0,0,0,0,0,0,0,0
7586,598,70,0,61833,297,"Eureka Pyros",1853,1875,1877,0,0,0,0,0,0,0,0,0,0,0,0,0,0,0,0,0,0,0,0,0
7587,639,70,0,61833,297,"Eureka Hydatos",1928,1929,1930,1931,1903,1951,1952,1953,1936,1938,0,0,0,0,0,0,0,0,0,0,0,0,0,0
7588,676,71,0,61801,298,"Holminster",2124,2125,2126,0,0,0,0,0,0,0,0,0,0,0,0,0,0,0,0,0,0,0,0,0
7589,649,73,0,61801,298,"Dohn Mheg",2127,2128,2129,0,0,0,0,0,0,0,0,0,0,0,0,0,0,0,0,0,0,0,0,0
7590,651,75,0,61801,298,"Irrungen der Qitari",2130,2131,2132,0,0,0,0,0,0,0,0,0,0,0,0,0,0,0,0,0,0,0,0,0
7591,656,77,0,61801,298,"Malikahs Brunnen",2133,2134,2135,0,0,0,0,0,0,0,0,0,0,0,0,0,0,0,0,0,0,0,0,0
7592,659,79,0,61801,298,"Der Gulg",2136,2137,2138,0,0,0,0,0,0,0,0,0,0,0,0,0,0,0,0,0,0,0,0,0
7593,652,80,0,61801,298,"Amaurot",2139,2140,2141,0,0,0,0,0,0,0,0,0,0,0,0,0,0,0,0,0,0,0,0,0
7594,655,80,0,61801,298,"Der Kristallzwilling",2142,2143,2144,0,0,0,0,0,0,0,0,0,0,0,0,0,0,0,0,0,0,0,0,0
7595,661,80,0,61801,298,"Akadaemia Anyder",2145,2146,2147,0,0,0,0,0,0,0,0,0,0,0,0,0,0,0,0,0,0,0,0,0
7596,692,80,0,61801,298,"Chateau Cosmea",2220,2221,2222,0,0,0,0,0,0,0,0,0,0,0,0,0,0,0,0,0,0,0,0,0
7597,714,80,0,61801,298,"Anamnesis Anyder",2294,2295,2296,0,0,0,0,0,0,0,0,0,0,0,0,0,0,0,0,0,0,0,0,0
7598,737,80,0,61801,298,"Schlacht um Norvrandt",2341,2342,2343,0,0,0,0,0,0,0,0,0,0,0,0,0,0,0,0,0,0,0,0,0
7599,746,80,0,61801,298,"Matoyas Atelier",2445,2446,2447,0,0,0,0,0,0,0,0,0,0,0,0,0,0,0,0,0,0,0,0,0
7600,777,80,0,61801,298,"Die Goldene Ebene von Paglth'an",2549,2550,2551,0,0,0,0,0,0,0,0,0,0,0,0,0,0,0,0,0,0,0,0,0
7601,700,80,0,61802,299,"Die kopierte Fabrik",2217,2218,2219,0,0,0,0,0,0,0,0,0,0,0,0,0,0,0,0,0,0,0,0,0
7602,736,80,0,61802,299,"Die Puppenfestung",2372,2373,2374,0,0,0,0,0,0,0,0,0,0,0,0,0,0,0,0,0,0,0,0,0
7603,779,80,0,61802,299,"Der Turm, Paradigmenbrecher",2513,2553,2514,0,0,0,0,0,0,0,0,0,0,0,0,0,0,0,0,0,0,0,0,0
7604,653,80,0,61802,299,"Edens Erwachen - Auferstehung",2158,2159,0,0,0,0,0,0,0,0,0,0,0,0,0,0,0,0,0,0,0,0,0,0
7605,684,80,0,61802,299,"Edens Erwachen - Niederkunft",2160,2161,0,0,0,0,0,0,0,0,0,0,0,0,0,0,0,0,0,0,0,0,0,0
7606,682,80,0,61802,299,"Edens Erwachen - Überflutung",2162,2163,0,0,0,0,0,0,0,0,0,0,0,0,0,0,0,0,0,0,0,0,0,0
7607,689,80,0,61802,299,"Edens Erwachen - Beerdigung",2164,2165,0,0,0,0,0,0,0,0,0,0,0,0,0,0,0,0,0,0,0,0,0,0
7608,715,80,0,61802,299,"Edens Resonanz - Entladung",2278,2279,0,0,0,0,0,0,0,0,0,0,0,0,0,0,0,0,0,0,0,0,0,0
7609,719,80,0,61802,299,"Edens Resonanz - Raserei",2280,2281,0,0,0,0,0,0,0,0,0,0,0,0,0,0,0,0,0,0,0,0,0,0
7610,726,80,0,61802,299,"Edens Resonanz - Bildersturm",2282,2283,0,0,0,0,0,0,0,0,0,0,0,0,0,0,0,0,0,0,0,0,0,0
7611,728,80,0,61802,299,"Edens Resonanz - Erstarrung",2284,2285,0,0,0,0,0,0,0,0,0,0,0,0,0,0,0,0,0,0,0,0,0,0
7612,749,80,0,61802,299,"Edens Verheißung - Umbra",2409,2410,0,0,0,0,0,0,0,0,0,0,0,0,0,0,0,0,0,0,0,0,0,0
7613,747,80,0,61802,299,"Edens Verheißung - Litanei",2411,2412,0,0,0,0,0,0,0,0,0,0,0,0,0,0,0,0,0,0,0,0,0,0
7614,751,80,0,61802,299,"Edens Verheißung - Anamorphose",2413,2414,0,0,0,0,0,0,0,0,0,0,0,0,0,0,0,0,0,0,0,0,0,0
7615,758,80,0,61802,299,"Edens Verheißung - Ewigkeit",2415,2416,0,0,0,0,0,0,0,0,0,0,0,0,0,0,0,0,0,0,0,0,0,0
7616,654,80,0,61802,299,"Edens Erwachen - Auferstehung (episch)",2166,2167,0,0,0,0,0,0,0,0,0,0,0,0,0,0,0,0,0,0,0,0,0,0
7617,685,80,0,61802,299,"Edens Erwachen - Niederkunft (episch)",2168,2169,0,0,0,0,0,0,0,0,0,0,0,0,0,0,0,0,0,0,0,0,0,0
7618,683,80,0,61802,299,"Edens Erwachen - Überflutung (episch)",2170,2171,0,0,0,0,0,0,0,0,0,0,0,0,0,0,0,0,0,0,0,0,0,0
7619,690,80,0,61802,299,"Edens Erwachen - Beerdigung (episch)",2172,2173,0,0,0,0,0,0,0,0,0,0,0,0,0,0,0,0,0,0,0,0,0,0
7620,716,80,0,61802,299,"Edens Resonanz - Entladung (episch)",2286,2287,0,0,0,0,0,0,0,0,0,0,0,0,0,0,0,0,0,0,0,0,0,0
7621,720,80,0,61802,299,"Edens Resonanz - Raserei (episch)",2288,2289,0,0,0,0,0,0,0,0,0,0,0,0,0,0,0,0,0,0,0,0,0,0
7622,727,80,0,61802,299,"Edens Resonanz - Bildersturm (episch)",2290,2291,0,0,0,0,0,0,0,0,0,0,0,0,0,0,0,0,0,0,0,0,0,0
7623,729,80,0,61802,299,"Edens Resonanz - Erstarrung (episch)",2292,2293,0,0,0,0,0,0,0,0,0,0,0,0,0,0,0,0,0,0,0,0,0,0
7624,750,80,0,61802,299,"Edens Verheißung - Umbra (episch)",2417,2418,0,0,0,0,0,0,0,0,0,0,0,0,0,0,0,0,0,0,0,0,0,0
7625,748,80,0,61802,299,"Edens Verheißung - Litanei (episch)",2419,2420,0,0,0,0,0,0,0,0,0,0,0,0,0,0,0,0,0,0,0,0,0,0
7626,752,80,0,61802,299,"Edens Verheißung - Anamorphose (episch)",2421,2422,0,0,0,0,0,0,0,0,0,0,0,0,0,0,0,0,0,0,0,0,0,0
7627,759,80,0,61802,299,"Edens Verheißung - Ewigkeit (episch)",2423,2424,0,0,0,0,0,0,0,0,0,0,0,0,0,0,0,0,0,0,0,0,0,0
7628,694,80,0,61802,299,"Alexander (fatal)",2225,2226,0,0,0,0,0,0,0,0,0,0,0,0,0,0,0,0,0,0,0,0,0,0
7629,657,73,0,61804,300,"Offenbarung - Titania",2150,2151,0,0,0,0,0,0,0,0,0,0,0,0,0,0,0,0,0,0,0,0,0,0
7630,666,79,0,61804,300,"Offenbarung - Innozenz",2154,2155,0,0,0,0,0,0,0,0,0,0,0,0,0,0,0,0,0,0,0,0,0,0
7631,687,80,0,61804,300,"Offenbarung - Hades",2148,2149,0,0,0,0,0,0,0,0,0,0,0,0,0,0,0,0,0,0,0,0,0,0
7632,717,80,0,61804,300,"Rubinfeuer - Entfesselung",2272,2273,0,0,0,0,0,0,0,0,0,0,0,0,0,0,0,0,0,0,0,0,0,0
7633,738,80,0,61804,300,"Krieger des Lichts",2339,2340,0,0,0,0,0,0,0,0,0,0,0,0,0,0,0,0,0,0,0,0,0,0
7634,762,80,0,61804,300,"Smaragdsturm - Entfesselung",2448,2449,0,0,0,0,0,0,0,0,0,0,0,0,0,0,0,0,0,0,0,0,0,0
7635,781,80,0,61804,300,"Diamantblitz - Entfesselung",2521,2522,0,0,0,0,0,0,0,0,0,0,0,0,0,0,0,0,0,0,0,0,0,0
7636,658,80,0,61804,300,"Letzte Läuterung - Titania",2152,2153,0,0,0,0,0,0,0,0,0,0,0,0,0,0,0,0,0,0,0,0,0,0
7637,667,80,0,61804,300,"Letzte Läuterung - Innozenz",2156,2157,0,0,0,0,0,0,0,0,0,0,0,0,0,0,0,0,0,0,0,0,0,0
7638,693,80,0,61804,300,"Letzte Läuterung - Hades",2223,2224,0,0,0,0,0,0,0,0,0,0,0,0,0,0,0,0,0,0,0,0,0,0
7639,718,80,0,61804,300,"Rubinfeuer - Trauma",2274,2275,0,0,0,0,0,0,0,0,0,0,0,0,0,0,0,0,0,0,0,0,0,0
7640,725,80,0,61804,300,"Memoria Misera (extrem)",2276,2277,0,0,0,0,0,0,0,0,0,0,0,0,0,0,0,0,0,0,0,0,0,0
7641,739,80,0,61804,300,"Krieger des Lichts (extrem)",2351,2352,0,0,0,0,0,0,0,0,0,0,0,0,0,0,0,0,0,0,0,0,0,0
7642,763,80,0,61804,300,"Smaragdsturm - Trauma",2450,2451,0,0,0,0,0,0,0,0,0,0,0,0,0,0,0,0,0,0,0,0,0,0
7643,782,80,0,61804,300,"Diamantblitz - Trauma",2523,2524,0,0,0,0,0,0,0,0,0,0,0,0,0,0,0,0,0,0,0,0,0,0
7644,735,71,0,61838,301,"Bozja-Südfront",2380,2381,2382,2383,0,0,0,0,0,0,0,0,0,0,0,0,0,0,0,0,0,0,0,0
7645,778,71,0,61838,301,"Zadnor-Hochebene",2543,2505,2544,2506,2507,0,0,0,0,0,0,0,0,0,0,0,0,0,0,0,0,0,0,0
7646,760,80,0,61838,301,"Delubrum Reginae",0,0,0,0,0,0,0,0,0,0,0,0,0,0,0,0,0,0,0,0,0,0,0,0
7647,761,80,0,61838,301,"Delubrum Reginae (episch)",0,0,0,0,0,0,0,0,0,0,0,0,0,0,0,0,0,0,0,0,0,0,0,0
7648,0,0,0,0,0,"",0,0,0,0,0,0,0,0,0,0,0,0,0,0,0,0,0,0,0,0,0,0,0,0
7649,783,81,0,61801,302,"Der Turm von Zot",2732,2733,2734,0,0,0,0,0,0,0,0,0,0,0,0,0,0,0,0,0,0,0,0,0
7650,785,83,0,61801,302,"Der Turm von Babil",2735,2736,2737,0,0,0,0,0,0,0,0,0,0,0,0,0,0,0,0,0,0,0,0,0
7651,789,85,0,61801,302,"Vanaspati",2738,2739,2740,0,0,0,0,0,0,0,0,0,0,0,0,0,0,0,0,0,0,0,0,0
7652,787,87,0,61801,302,"Ktisis Hyperboreia",2741,2742,2743,0,0,0,0,0,0,0,0,0,0,0,0,0,0,0,0,0,0,0,0,0
7653,786,89,0,61801,302,"Das Aitiaskop",2744,2745,2746,0,0,0,0,0,0,0,0,0,0,0,0,0,0,0,0,0,0,0,0,0
7654,792,90,0,61801,302,"Das Sternengrab",2747,2748,2749,0,0,0,0,0,0,0,0,0,0,0,0,0,0,0,0,0,0,0,0,0
7655,794,90,0,61801,302,"Smileton",2750,2751,2752,0,0,0,0,0,0,0,0,0,0,0,0,0,0,0,0,0,0,0,0,0
7656,784,90,0,61801,302,"Stigma-Holometrie",2753,2754,2755,0,0,0,0,0,0,0,0,0,0,0,0,0,0,0,0,0,0,0,0,0
7657,844,90,0,61801,302,"Alzadaals Vermächtnis",2851,2852,2853,0,0,0,0,0,0,0,0,0,0,0,0,0,0,0,0,0,0,0,0,0
7658,869,90,0,61801,302,"Der Schwarze Hof von Troia",2950,2951,2952,0,0,0,0,0,0,0,0,0,0,0,0,0,0,0,0,0,0,0,0,0
7659,896,90,0,61801,302,"Lapis Manalis",2989,2990,2991,0,0,0,0,0,0,0,0,0,0,0,0,0,0,0,0,0,0,0,0,0
7660,822,90,0,61801,302,"Ätherborn",3107,3108,3109,0,0,0,0,0,0,0,0,0,0,0,0,0,0,0,0,0,0,0,0,0
7661,823,90,0,61801,302,"Monduntergrund",3219,3220,3221,0,0,0,0,0,0,0,0,0,0,0,0,0,0,0,0,0,0,0,0,0
7662,866,90,0,61802,303,"Aglaia",2848,2849,2850,0,0,0,0,0,0,0,0,0,0,0,0,0,0,0,0,0,0,0,0,0
7663,911,90,0,61802,303,"Euphrosyne",3000,3001,3002,0,0,0,0,0,0,0,0,0,0,0,0,0,0,0,0,0,0,0,0,0
7664,962,90,0,61802,303,"Thaleia",3192,3193,3194,0,0,0,0,0,0,0,0,0,0,0,0,0,0,0,0,0,0,0,0,0
7665,808,90,0,61802,303,"Asphodelos - Erster Kreis",2772,2773,0,0,0,0,0,0,0,0,0,0,0,0,0,0,0,0,0,0,0,0,0,0
7666,810,90,0,61802,303,"Asphodelos - Zweiter Kreis",2774,2775,0,0,0,0,0,0,0,0,0,0,0,0,0,0,0,0,0,0,0,0,0,0
7667,806,90,0,61802,303,"Asphodelos - Dritter Kreis",2776,2777,0,0,0,0,0,0,0,0,0,0,0,0,0,0,0,0,0,0,0,0,0,0
7668,800,90,0,61802,303,"Asphodelos - Vierter Kreis",2778,2779,0,0,0,0,0,0,0,0,0,0,0,0,0,0,0,0,0,0,0,0,0,0
7669,872,90,0,61802,303,"Abyssos - Fünfter Kreis",2916,2917,0,0,0,0,0,0,0,0,0,0,0,0,0,0,0,0,0,0,0,0,0,0
7670,880,90,0,61802,303,"Abyssos - Sechster Kreis",2918,2919,0,0,0,0,0,0,0,0,0,0,0,0,0,0,0,0,0,0,0,0,0,0
7671,876,90,0,61802,303,"Abyssos - Siebter Kreis",2920,2921,0,0,0,0,0,0,0,0,0,0,0,0,0,0,0,0,0,0,0,0,0,0
7672,883,90,0,61802,303,"Abyssos - Achter Kreis",2922,2923,0,0,0,0,0,0,0,0,0,0,0,0,0,0,0,0,0,0,0,0,0,0
7673,936,90,0,61802,303,"Anabaseios - Neunter Kreis",3091,3092,0,0,0,0,0,0,0,0,0,0,0,0,0,0,0,0,0,0,0,0,0,0
7674,938,90,0,61802,303,"Anabaseios - Zehnter Kreis",3093,3094,0,0,0,0,0,0,0,0,0,0,0,0,0,0,0,0,0,0,0,0,0,0
7675,940,90,0,61802,303,"Anabaseios - Elfter Kreis",3095,3096,0,0,0,0,0,0,0,0,0,0,0,0,0,0,0,0,0,0,0,0,0,0
7676,942,90,0,61802,303,"Anabaseios - Zwölfter Kreis",3097,3098,0,0,0,0,0,0,0,0,0,0,0,0,0,0,0,0,0,0,0,0,0,0
7677,809,90,0,61802,303,"Asphodelos - Erster Kreis (episch)",2780,2781,0,0,0,0,0,0,0,0,0,0,0,0,0,0,0,0,0,0,0,0,0,0
7678,811,90,0,61802,303,"Asphodelos - Zweiter Kreis (episch)",2782,2783,0,0,0,0,0,0,0,0,0,0,0,0,0,0,0,0,0,0,0,0,0,0
7679,807,90,0,61802,303,"Asphodelos - Dritter Kreis (episch)",2784,2785,0,0,0,0,0,0,0,0,0,0,0,0,0,0,0,0,0,0,0,0,0,0
7680,801,90,0,61802,303,"Asphodelos - Vierter Kreis (episch)",2786,2787,0,0,0,0,0,0,0,0,0,0,0,0,0,0,0,0,0,0,0,0,0,0
7681,873,90,0,61802,303,"Abyssos - Fünfter Kreis (episch)",2924,2925,0,0,0,0,0,0,0,0,0,0,0,0,0,0,0,0,0,0,0,0,0,0
7682,881,90,0,61802,303,"Abyssos - Sechster Kreis (episch)",2926,2927,0,0,0,0,0,0,0,0,0,0,0,0,0,0,0,0,0,0,0,0,0,0
7683,877,90,0,61802,303,"Abyssos - Siebter Kreis (episch)",2928,2929,0,0,0,0,0,0,0,0,0,0,0,0,0,0,0,0,0,0,0,0,0,0
7684,884,90,0,61802,303,"Abyssos - Achter Kreis (episch)",2930,2931,0,0,0,0,0,0,0,0,0,0,0,0,0,0,0,0,0,0,0,0,0,0
7685,937,90,0,61802,303,"Anabaseios - Neunter Kreis (episch)",3099,3100,0,0,0,0,0,0,0,0,0,0,0,0,0,0,0,0,0,0,0,0,0,0
7686,939,90,0,61802,303,"Anabaseios - Zehnter Kreis (episch)",3101,3102,0,0,0,0,0,0,0,0,0,0,0,0,0,0,0,0,0,0,0,0,0,0
7687,941,90,0,61802,303,"Anabaseios - Elfter Kreis (episch)",3103,3104,0,0,0,0,0,0,0,0,0,0,0,0,0,0,0,0,0,0,0,0,0,0
7688,943,90,0,61802,303,"Anabaseios - Zwölfter Kreis (episch)",3105,3106,0,0,0,0,0,0,0,0,0,0,0,0,0,0,0,0,0,0,0,0,0,0
7689,788,90,0,61802,303,"Drachenkrieg (fatal)",2866,2867,0,0,0,0,0,0,0,0,0,0,0,0,0,0,0,0,0,0,0,0,0,0
7690,908,90,0,61802,303,"Omega (fatal)",3030,3031,0,0,0,0,0,0,0,0,0,0,0,0,0,0,0,0,0,0,0,0,0,0
7691,802,83,0,61804,304,"Prophetie - Zodiark",2756,2757,0,0,0,0,0,0,0,0,0,0,0,0,0,0,0,0,0,0,0,0,0,0
7692,790,89,0,61804,304,"Prophetie - Hydaelyn",2758,2759,0,0,0,0,0,0,0,0,0,0,0,0,0,0,0,0,0,0,0,0,0,0
7693,796,90,0,61804,304,"Prophetie - Endsängerin",2760,2761,0,0,0,0,0,0,0,0,0,0,0,0,0,0,0,0,0,0,0,0,0,0
7694,870,90,0,61804,304,"Prophetie - Barbarizia",2905,2906,0,0,0,0,0,0,0,0,0,0,0,0,0,0,0,0,0,0,0,0,0,0
7695,886,90,0,61804,304,"Prophetie - Rubicante",2992,2993,0,0,0,0,0,0,0,0,0,0,0,0,0,0,0,0,0,0,0,0,0,0
7696,949,90,0,61804,304,"Prophetie - Golbez",3137,3138,0,0,0,0,0,0,0,0,0,0,0,0,0,0,0,0,0,0,0,0,0,0
7697,964,90,0,61804,304,"Prophetie - Zeromus",3195,3196,0,0,0,0,0,0,0,0,0,0,0,0,0,0,0,0,0,0,0,0,0,0
7698,944,90,0,61804,304,"Prophetie - Asura",3141,3142,0,0,0,0,0,0,0,0,0,0,0,0,0,0,0,0,0,0,0,0,0,0
7699,803,90,0,61804,304,"Eschatos - Zodiark",2762,2763,0,0,0,0,0,0,0,0,0,0,0,0,0,0,0,0,0,0,0,0,0,0
7700,791,90,0,61804,304,"Eschatos - Hydaelyn",2764,2765,0,0,0,0,0,0,0,0,0,0,0,0,0,0,0,0,0,0,0,0,0,0
7701,846,90,0,61804,304,"Eschatos - Endsängerin",2856,2857,0,0,0,0,0,0,0,0,0,0,0,0,0,0,0,0,0,0,0,0,0,0
7702,871,90,0,61804,304,"Eschatos - Barbarizia",2907,2908,0,0,0,0,0,0,0,0,0,0,0,0,0,0,0,0,0,0,0,0,0,0
7703,924,90,0,61804,304,"Eschatos - Rubicante",3028,3029,0,0,0,0,0,0,0,0,0,0,0,0,0,0,0,0,0,0,0,0,0,0
7704,950,90,0,61804,304,"Eschatos - Golbez",3139,3140,0,0,0,0,0,0,0,0,0,0,0,0,0,0,0,0,0,0,0,0,0,0
7705,965,90,0,61804,304,"Eschatos - Zeromus",3197,3198,0,0,0,0,0,0,0,0,0,0,0,0,0,0,0,0,0,0,0,0,0,0
7706,69,90,0,61804,304,"Prophetie - Asura",0,0,0,0,0,0,0,0,0,0,0,0,0,0,0,0,0,0,0,0,0,0,0,0
7707,897,81,0,61824,305,"Eureka Orthos (Ebenen 1-10)",3036,3037,3038,3039,0,0,0,0,0,0,0,0,0,0,0,0,0,0,0,0,0,0,0,0
7708,898,81,0,61824,305,"Eureka Orthos (Ebenen 11-20)",0,0,0,0,0,0,0,0,0,0,0,0,0,0,0,0,0,0,0,0,0,0,0,0
7709,899,81,0,61824,305,"Eureka Orthos (Ebenen 21-30)",0,0,0,0,0,0,0,0,0,0,0,0,0,0,0,0,0,0,0,0,0,0,0,0
7710,900,81,0,61824,305,"Eureka Orthos (Ebenen 31-40)",0,0,0,0,0,0,0,0,0,0,0,0,0,0,0,0,0,0,0,0,0,0,0,0
7711,901,81,0,61824,305,"Eureka Orthos (Ebenen 41-50)",0,0,0,0,0,0,0,0,0,0,0,0,0,0,0,0,0,0,0,0,0,0,0,0
7712,902,81,0,61824,305,"Eureka Orthos (Ebenen 51-60)",0,0,0,0,0,0,0,0,0,0,0,0,0,0,0,0,0,0,0,0,0,0,0,0
7713,903,81,0,61824,305,"Eureka Orthos (Ebenen 61-70)",0,0,0,0,0,0,0,0,0,0,0,0,0,0,0,0,0,0,0,0,0,0,0,0
7714,904,81,0,61824,305,"Eureka Orthos (Ebenen 71-80)",0,0,0,0,0,0,0,0,0,0,0,0,0,0,0,0,0,0,0,0,0,0,0,0
7715,905,81,0,61824,305,"Eureka Orthos (Ebenen 81-90)",0,0,0,0,0,0,0,0,0,0,0,0,0,0,0,0,0,0,0,0,0,0,0,0
7716,906,81,0,61824,305,"Eureka Orthos (Ebenen 91-100)",0,0,0,0,0,0,0,0,0,0,0,0,0,0,0,0,0,0,0,0,0,0,0,0
7717,868,90,0,61846,306,"Die Unterstadt von Sil'dih",2941,2943,2945,2948,2949,0,0,0,0,0,0,0,0,0,0,0,0,0,0,0,0,0,0,0
7718,878,90,0,61846,306,"Die kuriose Unterstadt von Sil'dih",2942,0,0,0,0,0,0,0,0,0,0,0,0,0,0,0,0,0,0,0,0,0,0,0
7719,879,90,0,61846,306,"Die kuriose Unterstadt von Sil'dih (episch)",2957,0,0,0,0,0,0,0,0,0,0,0,0,0,0,0,0,0,0,0,0,0,0,0
7720,945,90,0,61846,306,"Der Rokkon",3117,3120,3121,3123,3125,0,0,0,0,0,0,0,0,0,0,0,0,0,0,0,0,0,0,0
7721,946,90,0,61846,306,"Der kuriose Rokkon",3118,0,0,0,0,0,0,0,0,0,0,0,0,0,0,0,0,0,0,0,0,0,0,0
7722,947,90,0,61846,306,"Der kuriose Rokkon (episch)",3119,0,0,0,0,0,0,0,0,0,0,0,0,0,0,0,0,0,0,0,0,0,0,0
7723,961,90,0,61846,306,"Aloalo",3209,3212,3213,3215,3217,0,0,0,0,0,0,0,0,0,0,0,0,0,0,0,0,0,0,0
7724,979,90,0,61846,306,"Kurioses Aloalo",3210,0,0,0,0,0,0,0,0,0,0,0,0,0,0,0,0,0,0,0,0,0,0,0
7725,980,90,0,61846,306,"Kurioses Aloalo (episch)",3211,0,0,0,0,0,0,0,0,0,0,0,0,0,0,0,0,0,0,0,0,0,0,0
7726,826,91,0,61801,307,"Ihuykatumu",3446,3447,3448,0,0,0,0,0,0,0,0,0,0,0,0,0,0,0,0,0,0,0,0,0
7727,824,93,0,61801,307,"Worqor Zormor",3449,3450,3451,0,0,0,0,0,0,0,0,0,0,0,0,0,0,0,0,0,0,0,0,0
7728,829,95,0,61801,307,"Himmelstiefer Cenote",3452,3453,3454,0,0,0,0,0,0,0,0,0,0,0,0,0,0,0,0,0,0,0,0,0
7729,831,97,0,61801,307,"Der Außenposten",3455,3456,3457,0,0,0,0,0,0,0,0,0,0,0,0,0,0,0,0,0,0,0,0,0
7730,825,99,0,61801,307,"Origenik",3458,3459,3460,0,0,0,0,0,0,0,0,0,0,0,0,0,0,0,0,0,0,0,0,0
7731,827,100,0,61801,307,"Alexandria",3461,3462,3463,0,0,0,0,0,0,0,0,0,0,0,0,0,0,0,0,0,0,0,0,0
7732,834,100,0,61801,307,"Kaktorsenke",3464,3465,3466,0,0,0,0,0,0,0,0,0,0,0,0,0,0,0,0,0,0,0,0,0
7733,981,100,0,61801,307,"Mahrlingen-Promenade",3467,3468,3469,0,0,0,0,0,0,0,0,0,0,0,0,0,0,0,0,0,0,0,0,0
7734,1008,100,0,61801,307,"Forschungsstation Yuweyawata",3535,3536,3537,0,0,0,0,0,0,0,0,0,0,0,0,0,0,0,0,0,0,0,0,0
7735,1027,100,0,61801,307,"Unterfried-Ruinen",3634,3635,3636,0,0,0,0,0,0,0,0,0,0,0,0,0,0,0,0,0,0,0,0,0
7736,1028,100,0,61801,307,"Das Meso-System",3726,3727,3728,0,0,0,0,0,0,0,0,0,0,0,0,0,0,0,0,0,0,0,0,0
7737,1064,100,0,61801,307,"Die Nebeltrift",3797,3798,3799,0,0,0,0,0,0,0,0,0,0,0,0,0,0,0,0,0,0,0,0,0
7738,1011,100,0,61801,307,"Das Klyteum",3936,3937,3938,0,0,0,0,0,0,0,0,0,0,0,0,0,0,0,0,0,0,0,0,0
7739,1015,100,0,61802,308,"Jeuno: Die erste Etappe",3544,3545,3546,0,0,0,0,0,0,0,0,0,0,0,0,0,0,0,0,0,0,0,0,0
7740,1058,100,0,61802,308,"San d'Oria: Die zweite Etappe",3703,3704,3705,0,0,0,0,0,0,0,0,0,0,0,0,0,0,0,0,0,0,0,0,0
7741,1117,100,0,61802,308,"Windurst: Die dritte Etappe",3979,3980,3981,0,0,0,0,0,0,0,0,0,0,0,0,0,0,0,0,0,0,0,0,0
7742,985,100,0,61802,308,"Arkadion - Halb<hex:02160103>schwer<hex:02160103>ge<hex:02160103>wicht R1",3489,3490,0,0,0,0,0,0,0,0,0,0,0,0,0,0,0,0,0,0,0,0,0,0
7743,987,100,0,61802,308,"Arkadion - Halb<hex:02160103>schwer<hex:02160103>ge<hex:02160103>wicht R2",3491,3492,0,0,0,0,0,0,0,0,0,0,0,0,0,0,0,0,0,0,0,0,0,0
7744,989,100,0,61802,308,"Arkadion - Halb<hex:02160103>schwer<hex:02160103>ge<hex:02160103>wicht R3",3493,3494,0,0,0,0,0,0,0,0,0,0,0,0,0,0,0,0,0,0,0,0,0,0
7745,991,100,0,61802,308,"Arkadion - Halb<hex:02160103>schwer<hex:02160103>ge<hex:02160103>wicht R4",3495,3496,0,0,0,0,0,0,0,0,0,0,0,0,0,0,0,0,0,0,0,0,0,0
7746,1019,100,0,61802,308,"Arkadion - Schwergewicht R1",3605,3606,0,0,0,0,0,0,0,0,0,0,0,0,0,0,0,0,0,0,0,0,0,0
7747,1021,100,0,61802,308,"Arkadion - Schwergewicht R2",3607,3608,0,0,0,0,0,0,0,0,0,0,0,0,0,0,0,0,0,0,0,0,0,0
7748,1023,100,0,61802,308,"Arkadion - Schwergewicht R3",3609,3610,0,0,0,0,0,0,0,0,0,0,0,0,0,0,0,0,0,0,0,0,0,0
7749,1025,100,0,61802,308,"Arkadion - Schwergewicht R4",3611,3612,0,0,0,0,0,0,0,0,0,0,0,0,0,0,0,0,0,0,0,0,0,0
7750,1068,100,0,61802,308,"Arkadion - Superschwergewicht R1",3823,3824,0,0,0,0,0,0,0,0,0,0,0,0,0,0,0,0,0,0,0,0,0,0
7751,1070,100,0,61802,308,"Arkadion - Superschwergewicht R2",3825,3826,0,0,0,0,0,0,0,0,0,0,0,0,0,0,0,0,0,0,0,0,0,0
7752,1072,100,0,61802,308,"Arkadion - Superschwergewicht R3",3827,3828,0,0,0,0,0,0,0,0,0,0,0,0,0,0,0,0,0,0,0,0,0,0
7753,1074,100,0,61802,308,"Arkadion - Superschwergewicht R4",3829,3830,0,0,0,0,0,0,0,0,0,0,0,0,0,0,0,0,0,0,0,0,0,0
7754,986,100,0,61802,308,"Arkadion - Halb<hex:02160103>schwer<hex:02160103>ge<hex:02160103>wicht R1 (episch)",3497,3498,0,0,0,0,0,0,0,0,0,0,0,0,0,0,0,0,0,0,0,0,0,0
7755,988,100,0,61802,308,"Arkadion - Halb<hex:02160103>schwer<hex:02160103>ge<hex:02160103>wicht R2 (episch)",3499,3500,0,0,0,0,0,0,0,0,0,0,0,0,0,0,0,0,0,0,0,0,0,0
7756,990,100,0,61802,308,"Arkadion - Halb<hex:02160103>schwer<hex:02160103>ge<hex:02160103>wicht R3 (episch)",3501,3502,0,0,0,0,0,0,0,0,0,0,0,0,0,0,0,0,0,0,0,0,0,0
7757,992,100,0,61802,308,"Arkadion - Halb<hex:02160103>schwer<hex:02160103>ge<hex:02160103>wicht R4 (episch)",3503,3504,0,0,0,0,0,0,0,0,0,0,0,0,0,0,0,0,0,0,0,0,0,0
7758,1020,100,0,61802,308,"Arkadion - Schwergewicht R1 (episch)",3613,3614,0,0,0,0,0,0,0,0,0,0,0,0,0,0,0,0,0,0,0,0,0,0
7759,1022,100,0,61802,308,"Arkadion - Schwergewicht R2 (episch)",3615,3616,0,0,0,0,0,0,0,0,0,0,0,0,0,0,0,0,0,0,0,0,0,0
7760,1024,100,0,61802,308,"Arkadion - Schwergewicht R3 (episch)",3617,3618,0,0,0,0,0,0,0,0,0,0,0,0,0,0,0,0,0,0,0,0,0,0
7761,1026,100,0,61802,308,"Arkadion - Schwergewicht R4 (episch)",3619,3620,0,0,0,0,0,0,0,0,0,0,0,0,0,0,0,0,0,0,0,0,0,0
7762,1069,100,0,61802,308,"Arkadion - Superschwergewicht R1 (episch)",3831,3832,0,0,0,0,0,0,0,0,0,0,0,0,0,0,0,0,0,0,0,0,0,0
7763,1071,100,0,61802,308,"Arkadion - Superschwergewicht R2 (episch)",3833,3834,0,0,0,0,0,0,0,0,0,0,0,0,0,0,0,0,0,0,0,0,0,0
7764,1073,100,0,61802,308,"Arkadion - Superschwergewicht R3 (episch)",3835,3836,0,0,0,0,0,0,0,0,0,0,0,0,0,0,0,0,0,0,0,0,0,0
7765,1075,100,0,61802,308,"Arkadion - Superschwergewicht R4 (episch)",3837,3838,0,0,0,0,0,0,0,0,0,0,0,0,0,0,0,0,0,0,0,0,0,0
7766,1006,100,0,61802,308,"Eine zweite Zukunft (fatal)",3559,3560,0,0,0,0,0,0,0,0,0,0,0,0,0,0,0,0,0,0,0,0,0,0
7767,1094,100,0,61802,308,"Tanzender Wahn (fatal)",3967,3968,3969,0,0,0,0,0,0,0,0,0,0,0,0,0,0,0,0,0,0,0,0,0
7768,1010,100,0,61802,308,"Die Wolke der Dunkelheit (chaotisch)",3561,3562,0,0,0,0,0,0,0,0,0,0,0,0,0,0,0,0,0,0,0,0,0,0
7769,832,93,0,61804,309,"Zel Tajaal - Valigarmanda",3470,3471,0,0,0,0,0,0,0,0,0,0,0,0,0,0,0,0,0,0,0,0,0,0
7770,995,99,0,61804,309,"Zel Tajaal - Zoraal Ja",3472,3473,0,0,0,0,0,0,0,0,0,0,0,0,0,0,0,0,0,0,0,0,0,0
7771,1118,100,0,61804,309,"Traumprüfung - Heldenlied von Shinryu",3970,3971,0,0,0,0,0,0,0,0,0,0,0,0,0,0,0,0,0,0,0,0,0,0
7772,984,100,0,61804,309,"Zel Tajaal - Ewige Königin",3474,3475,0,0,0,0,0,0,0,0,0,0,0,0,0,0,0,0,0,0,0,0,0,0
7773,1030,100,0,61804,309,"Zel Tajaal - Zelenia",3628,3629,0,0,0,0,0,0,0,0,0,0,0,0,0,0,0,0,0,0,0,0,0,0
7774,1061,100,0,61804,309,"Zel Tajaal - Das Ewige Dunkel",3720,3721,0,0,0,0,0,0,0,0,0,0,0,0,0,0,0,0,0,0,0,0,0,0
7775,1043,100,0,61804,309,"Jagd auf Wächter-Arkveld",3761,3762,0,0,0,0,0,0,0,0,0,0,0,0,0,0,0,0,0,0,0,0,0,0
7776,1076,100,0,61804,309,"Zel Tajaal - Doomtrain",3800,3801,0,0,0,0,0,0,0,0,0,0,0,0,0,0,0,0,0,0,0,0,0,0
7777,1115,100,0,61804,309,"Zel Tajaal - Enuo",3955,3956,0,0,0,0,0,0,0,0,0,0,0,0,0,0,0,0,0,0,0,0,0,0
7778,833,100,0,61804,309,"Gok Tajaal - Valigarmanda",3476,3477,0,0,0,0,0,0,0,0,0,0,0,0,0,0,0,0,0,0,0,0,0,0
7779,996,100,0,61804,309,"Gok Tajaal - Zoraal Ja",3478,3479,0,0,0,0,0,0,0,0,0,0,0,0,0,0,0,0,0,0,0,0,0,0
7780,1017,100,0,61804,309,"Gok Tajaal - Ewige Königin",3555,3556,0,0,0,0,0,0,0,0,0,0,0,0,0,0,0,0,0,0,0,0,0,0
7781,1031,100,0,61804,309,"Gok Tajaal - Zelenia",3630,3631,0,0,0,0,0,0,0,0,0,0,0,0,0,0,0,0,0,0,0,0,0,0
7782,1062,100,0,61804,309,"Gok Tajaal - Das Ewige Dunkel",3722,3723,0,0,0,0,0,0,0,0,0,0,0,0,0,0,0,0,0,0,0,0,0,0
7783,1044,100,0,61804,309,"Jagd auf Wächter-Arkveld (schwer)",3768,3769,0,0,0,0,0,0,0,0,0,0,0,0,0,0,0,0,0,0,0,0,0,0
7784,1077,100,0,61804,309,"Gok Tajaal - Doomtrain",3802,3803,0,0,0,0,0,0,0,0,0,0,0,0,0,0,0,0,0,0,0,0,0,0
7785,1116,100,0,61804,309,"Gok Tajaal - Enuo",3957,3958,0,0,0,0,0,0,0,0,0,0,0,0,0,0,0,0,0,0,0,0,0,0
7786,1018,100,0,61851,310,"Das südliche Kreszentia",3639,3640,3641,3642,0,0,0,0,0,0,0,0,0,0,0,0,0,0,0,0,0,0,0,0
7787,0,0,0,0,0,"",0,0,0,0,0,0,0,0,0,0,0,0,0,0,0,0,0,0,0,0,0,0,0,0
7788,0,0,0,0,0,"",0,0,0,0,0,0,0,0,0,0,0,0,0,0,0,0,0,0,0,0,0,0,0,0
7789,1032,91,0,61824,311,"Pilgers Pfad (Ebenen 1-10)",3751,3752,3753,3773,3755,0,0,0,0,0,0,0,0,0,0,0,0,0,0,0,0,0,0,0
7790,1033,91,0,61824,311,"Pilgers Pfad (Ebenen 11-20)",0,0,0,0,0,0,0,0,0,0,0,0,0,0,0,0,0,0,0,0,0,0,0,0
7791,1034,91,0,61824,311,"Pilgers Pfad (Ebenen 21-30)",0,0,0,0,0,0,0,0,0,0,0,0,0,0,0,0,0,0,0,0,0,0,0,0
7792,1035,91,0,61824,311,"Pilgers Pfad (Ebenen 31-40)",0,0,0,0,0,0,0,0,0,0,0,0,0,0,0,0,0,0,0,0,0,0,0,0
7793,1036,91,0,61824,311,"Pilgers Pfad (Ebenen 41-50)",0,0,0,0,0,0,0,0,0,0,0,0,0,0,0,0,0,0,0,0,0,0,0,0
7794,1037,91,0,61824,311,"Pilgers Pfad (Ebenen 51-60)",0,0,0,0,0,0,0,0,0,0,0,0,0,0,0,0,0,0,0,0,0,0,0,0
7795,1038,91,0,61824,311,"Pilgers Pfad (Ebenen 61-70)",0,0,0,0,0,0,0,0,0,0,0,0,0,0,0,0,0,0,0,0,0,0,0,0
7796,1039,91,0,61824,311,"Pilgers Pfad (Ebenen 71-80)",0,0,0,0,0,0,0,0,0,0,0,0,0,0,0,0,0,0,0,0,0,0,0,0
7797,1040,91,0,61824,311,"Pilgers Pfad (Ebenen 81-90)",0,0,0,0,0,0,0,0,0,0,0,0,0,0,0,0,0,0,0,0,0,0,0,0
7798,1041,91,0,61824,311,"Pilgers Pfad (Ebenen 91-100)",0,0,0,0,0,0,0,0,0,0,0,0,0,0,0,0,0,0,0,0,0,0,0,0
7799,1065,91,0,61824,311,"Eminente Trauer",3774,3775,0,0,0,0,0,0,0,0,0,0,0,0,0,0,0,0,0,0,0,0,0,0
7800,1063,100,0,61824,311,"Eminente Trauer (variabel)",3776,3754,0,0,0,0,0,0,0,0,0,0,0,0,0,0,0,0,0,0,0,0,0,0
7801,1066,90,0,61846,312,"Des Händlers Liebesmüh",3878,3885,3886,3887,3888,3881,3882,3883,3884,0,0,0,0,0,0,0,0,0,0,0,0,0,0,0
7802,1084,100,0,61846,312,"Des Händlers Liebesmüh (fortgeschritten)",3879,0,0,0,0,0,0,0,0,0,0,0,0,0,0,0,0,0,0,0,0,0,0,0
7803,1079,100,0,61846,312,"Des Händlers kuriose Liebesmüh",3880,0,0,0,0,0,0,0,0,0,0,0,0,0,0,0,0,0,0,0,0,0,0,0
