key,0,1,2,3,4,5,6,7,8,9,10,11,12,13,14,15,16,17
#,Singular,Adjective,Plural,PossessivePronoun,StartsWithVowel,,Pronoun,Article,,Name,Icon,Action,StackSize,Category,Quest,CastTime,CastTimeline,Timeline
offset,0,12,4,13,14,15,16,17,18,8,24,26,28,29,20,30,31,32
Int32,String,Int8,String,Int8,Int8,Int8,Int8,Int8,PackedBool0,String,UInt16,UInt16,UInt8,UInt8,UInt32,UInt8,UInt8,UInt8
2000000,"",0,"",0,0,1,0,0,False,"",0,0,1,1,0,0,0,0
2000001,"",0,"",0,0,0,0,0,False,"",0,0,0,0,0,0,0,0
2000002,"",0,"",0,0,0,0,0,False,"",0,0,0,0,0,0,0,0
2000003,"",0,"",0,0,0,0,0,False,"",0,0,0,0,0,0,0,0
2000004,"",0,"",0,0,0,0,0,False,"",0,0,0,0,0,0,0,0
2000005,"",0,"",0,0,0,0,0,False,"",0,0,0,0,0,0,0,0
2000006,"",0,"",0,0,0,0,0,False,"",0,0,0,0,0,0,0,0
2000007,"",0,"",0,0,0,0,0,False,"",0,0,0,0,0,0,0,0
2000008,"",0,"",0,0,0,0,0,False,"",0,0,0,0,0,0,0,0
2000009,"",0,"",0,0,0,0,0,False,"",0,0,0,0,0,0,0,0
2000010,"",0,"",0,0,0,0,0,False,"",0,0,0,0,0,0,0,0
2000011,"",0,"",0,0,0,0,0,False,"",0,0,0,0,0,0,0,0
2000012,"",0,"",0,0,0,0,0,False,"",0,0,0,0,0,0,0,0
2000013,"",0,"",0,0,0,0,0,False,"",0,0,0,0,0,0,0,0
2000014,"",0,"",0,0,0,0,0,False,"",0,0,0,0,0,0,0,0
2000015,"",0,"",0,0,0,0,0,False,"",0,0,0,0,0,0,0,0
2000016,"",0,"",0,0,0,0,0,False,"",0,0,0,0,0,0,0,0
2000017,"",0,"",0,0,0,0,0,False,"",0,0,0,0,0,0,0,0
2000018,"",0,"",0,0,0,0,0,False,"",0,0,0,0,0,0,0,0
2000019,"",0,"",0,0,0,0,0,False,"",0,0,0,0,0,0,0,0
2000020,"",0,"",0,0,0,0,0,False,"",0,0,0,0,0,0,0,0
2000021,"hölzern[a] Haarschmuck",4,"hölzern[a] Haarschmuckstücke",2,0,1,0,0,False,"Hölzerner Haarschmuck",22623,1,1,1,0,3,0,0
2000022,"",0,"",0,0,0,0,0,False,"",0,0,0,0,0,0,0,0
2000023,"",0,"",0,0,0,0,0,False,"",0,0,0,0,0,0,0,0
2000024,"nigelnagelneu[a] Werkzeugkiste",3,"nigelnagelneu[a] Werkzeugkisten",1,0,1,1,0,False,"Nigelnagelneue Werkzeugkiste",21002,1,1,1,65563,3,0,0
2000025,"",0,"",0,0,0,0,0,False,"",0,0,0,0,0,0,0,0
2000026,"",0,"",0,0,0,0,0,False,"",0,0,0,0,0,0,0,0
2000027,"",0,"",0,0,0,0,0,False,"",0,0,0,0,0,0,0,0
2000028,"Azeyma-Rose",3,"Azeyma-Rosen",1,0,1,1,0,False,"Azeyma-Rose",25919,1,1,1,65562,3,0,0
2000029,"Metallbeschlag",4,"Metallbeschläge",2,0,1,0,0,False,"Metallbeschlag",21007,1,1,1,65568,3,0,0
2000030,"",0,"",0,0,0,0,0,False,"",0,0,0,0,0,0,0,0
2000031,"",0,"",0,0,0,0,0,False,"",0,0,0,0,0,0,0,0
2000032,"",0,"",0,0,0,0,0,False,"",0,0,0,0,0,0,0,0
2000033,"",0,"",0,0,0,0,0,False,"",0,0,0,0,0,0,0,0
2000034,"",0,"",0,0,0,0,0,False,"",0,0,0,0,0,0,0,0
2000035,"",0,"",0,0,0,0,0,False,"",0,0,0,0,0,0,0,0
2000036,"",0,"",0,0,0,0,0,False,"",0,0,0,0,0,0,0,0
2000037,"",0,"",0,0,0,0,0,False,"",0,0,0,0,0,0,0,0
2000038,"Feuerbonbon",4,"Feuerbonbons",1,0,1,2,0,False,"Feuerbonbon",22624,1,1,1,66704,3,0,0
2000039,"Windbonbon",4,"Windbonbons",1,0,1,2,0,False,"Windbonbon",22625,1,1,1,66704,3,0,0
2000040,"Erdbonbon",4,"Erdbonbons",1,0,1,2,0,False,"Erdbonbon",22626,1,1,1,66704,3,0,0
2000041,"Bomber-Daumen",4,"Bomber-Daumen",1,0,1,0,0,False,"Bomber-Daumen",30351,1,5,1,66705,3,0,0
2000042,"Kürbislaterne",3,"Kürbislaternen",1,0,1,1,0,False,"Kürbislaterne",24153,1,1,1,66706,5,0,0
2000043,"Bomber-Daumen",4,"Bomber-Daumen",1,0,1,0,0,False,"Bomber-Daumen",30351,1,1,1,66706,3,0,0
2000044,"saur[a] Funkenregen",4,"saur[a] Funkenregen",1,0,1,0,0,False,"Saurer Funkenregen",22647,1,1,1,66706,3,0,0
2000045,"Feuerbonbon",4,"Feuerbonbons",1,0,1,2,0,False,"Feuerbonbon",22624,1,1,1,66700,3,0,0
2000046,"Windbonbon",4,"Windbonbons",1,0,1,2,0,False,"Windbonbon",22625,1,1,1,66700,3,0,0
2000047,"Erdbonbon",4,"Erdbonbons",1,0,1,2,0,False,"Erdbonbon",22626,1,1,1,66700,3,0,0
2000048,"Bomber-Daumen",4,"Bomber-Daumen",1,0,1,0,0,False,"Bomber-Daumen",30351,1,5,1,66701,3,0,0
2000049,"Kürbislaterne",3,"Kürbislaternen",1,0,1,1,0,False,"Kürbislaterne",24153,1,1,1,66702,5,0,0
2000050,"Bomber-Daumen",4,"Bomber-Daumen",1,0,1,0,0,False,"Bomber-Daumen",30351,1,1,1,66702,3,0,0
2000051,"saur[a] Funkenregen",4,"saur[a] Funkenregen",1,0,1,0,0,False,"Saurer Funkenregen",22646,1,1,1,66702,3,0,0
2000052,"Feuerbonbon",4,"Feuerbonbons",1,0,1,2,0,False,"Feuerbonbon",22624,1,1,1,66708,3,0,0
2000053,"Windbonbon",4,"Windbonbons",1,0,1,2,0,False,"Windbonbon",22625,1,1,1,66708,3,0,0
2000054,"Erdbonbon",4,"Erdbonbons",1,0,1,2,0,False,"Erdbonbon",22626,1,1,1,66708,3,0,0
2000055,"Bomber-Daumen",4,"Bomber-Daumen",1,0,1,0,0,False,"Bomber-Daumen",30351,1,5,1,66709,3,0,0
2000056,"Kürbislaterne",3,"Kürbislaternen",1,0,1,1,0,False,"Kürbislaterne",24153,1,1,1,66710,5,0,0
2000057,"Bomber-Daumen",4,"Bomber-Daumen",1,0,1,0,0,False,"Bomber-Daumen",30351,1,1,1,66710,3,0,0
2000058,"saur[a] Funkenregen",4,"saur[a] Funkenregen",1,0,1,0,0,False,"Saurer Funkenregen",22645,1,1,1,66710,3,0,0
2000059,"",0,"",0,0,0,0,0,False,"",0,0,0,0,0,0,0,0
2000060,"",0,"",0,0,0,0,0,False,"",0,0,0,0,0,0,0,0
2000061,"Dosis[p] Bernstein-Fungizid",3,"Dosen[p] Bernstein-Fungizid",1,0,1,1,0,False,"Bernstein-Fungizid",20661,1,3,1,65663,3,0,0
2000062,"Stechmücken-Eierbeutel",4,"Stechmücken-Eierbeutel",2,0,1,0,0,False,"Stechmücken-Eierbeutel",22623,1,8,1,65664,3,0,0
2000063,"",0,"",0,0,0,0,0,False,"",0,0,0,0,0,0,0,0
2000064,"",0,"",0,0,0,0,0,False,"",0,0,0,0,0,0,0,0
2000065,"",0,"",0,0,0,0,0,False,"",0,0,0,0,0,0,0,0
2000066,"",0,"",0,0,0,0,0,False,"",0,0,0,0,0,0,0,0
2000067,"",0,"",0,0,0,0,0,False,"",0,0,0,0,0,0,0,0
2000068,"",0,"",0,0,0,0,0,False,"",0,0,0,0,0,0,0,0
2000069,"",0,"",0,0,0,0,0,False,"",0,0,0,0,0,0,0,0
2000070,"",0,"",0,0,0,0,0,False,"",0,0,0,0,0,0,0,0
2000071,"Anolis-Ei",2,"Anolis-Eier",2,0,1,2,0,False,"Anolis-Ei",25251,1,4,1,65661,3,0,0
2000072,"",0,"",0,0,0,0,0,False,"",0,0,0,0,0,0,0,0
2000073,"",0,"",0,0,0,0,0,False,"",0,0,0,0,0,0,0,0
2000074,"hausgemacht[a] Aalpastete",3,"hausgemacht[a] Aalpasteten",1,0,1,1,0,False,"Hausgemachte Aalpastete",24305,1,1,1,65621,3,0,0
2000075,"Damettas Bohnensack[p]",4,"Damettas Bohnensäcke[p]",2,0,0,0,1,False,"Damettas Bohnensack",22623,1,6,1,65639,3,0,0
2000076,"parfümiert[a] Brief",4,"parfümiert[a] Briefe",2,0,1,0,0,False,"Parfümierter Brief",26151,1,1,1,65635,3,0,0
2000077,"Mikrochu-Blatt",2,"Mikrochu-Blätter",2,0,1,2,0,False,"Mikrochu-Blatt",25201,1,4,1,65634,0,0,0
2000078,"",0,"",0,0,0,0,0,False,"",0,0,0,0,0,0,0,0
2000079,"F'mibhas' Schreiben[p]",4,"F'mibhas' Schreiben[p]",1,0,0,2,1,False,"F'mibhas' Schreiben",25918,0,1,1,65560,0,0,0
2000080,"Proviantpaket",4,"Proviantpakete",2,0,1,2,0,False,"Proviantpaket",22623,0,1,1,65570,0,0,0
2000081,"Hornspeerspitze",3,"Hornspeerspitzen",1,0,1,1,0,False,"Hornspeerspitze",22303,0,1,1,65574,0,0,0
2000082,"Klumpen[p] Bienenwachsfett",4,"Klumpen[p] Bienenwachsfett",1,0,1,0,0,False,"Bienenwachsfett",22636,0,1,1,65574,0,0,0
2000083,"robust[a] Strohseil",4,"robust[a] Strohseile",2,0,1,2,0,False,"Robustes Strohseil",26103,0,1,1,65574,0,0,0
2000084,"Samen[p] der Azeyma-Rose",4,"Samen[p] der Azeyma-Rose",1,0,1,0,0,False,"Samen der Azeyma-Rose",25302,1,6,1,65577,0,0,0
2000085,"Büschel[p] frischer Gizar-Blätter",4,"Büschel[p] frischer Gizar-Blätter",2,0,1,2,0,False,"Frische Gizar-Blätter",25218,1,1,1,66698,3,0,0
2000086,"",0,"",0,0,0,0,0,False,"",0,0,0,0,0,0,0,0
2000087,"",0,"",0,0,0,0,0,False,"",0,0,0,0,0,0,0,0
2000088,"",0,"",0,0,0,0,0,False,"",0,0,0,0,0,0,0,0
2000089,"",0,"",0,0,0,0,0,False,"",0,0,0,0,0,0,0,0
2000090,"",0,"",0,0,0,0,0,False,"",0,0,0,0,0,0,0,0
2000091,"",0,"",0,0,0,0,0,False,"",0,0,0,0,0,0,0,0
2000092,"Rösling-Samen",4,"Rösling-Samen",1,0,1,0,0,False,"Rösling-Samen",22623,1,6,1,65692,3,0,0
2000093,"frisch[a] Schaudermilbennetz",2,"frisch[a] Schaudermilbennetze",2,0,1,2,0,False,"Frisches Schaudermilbennetz",21664,1,6,1,65693,3,0,0
2000094,"Flasche[p] Hornissentinktur",3,"Flaschen[p] Hornissentinkturen",1,0,1,1,0,False,"Hornissentinktur",24403,1,1,1,65694,3,0,0
2000095,"Beutel[p] Qualmkohle",4,"Beutel[p] Qualmkohle",2,0,1,0,0,False,"Qualmkohle",30352,1,1,1,65695,3,0,0
2000096,"warm[a] Ei",2,"warm[a] Eier",2,0,1,2,0,False,"Warmes Ei",25252,1,1,1,65697,3,0,0
2000097,"Keithas Brief",3,"Keithas Briefe[p]",2,0,0,0,1,False,"Keithas Brief",25918,1,1,1,0,3,0,0
2000098,"Portion[p] terpenhaltigen Käfersekrets",3,"Portionen[p] terpenhaltigen Käfersekrets",1,0,1,1,0,False,"Terpenhaltiges Käfersekret",20641,1,6,1,65567,0,0,0
2000099,"Tüte[p] tote Hornissen",3,"Tüten[p] tote Hornissen",1,0,1,1,0,False,"Tote Hornissen",22623,1,4,1,65694,3,0,0
2000100,"Glas[p] abgestandenen Biers",2,"Gläser[p] abgestandenen Biers",2,0,1,2,0,False,"Abgestandenes Bier",20643,1,3,1,65696,3,0,0
2000101,"Phiole[p] Azeyma-Rosenöl",3,"Phiolen[p] Azeyma-Rosenöl",1,0,1,1,0,False,"Azeyma-Rosenöl",20663,1,2,1,65556,3,0,0
2000102,"Stein[p] der Resolution",4,"Steine[p] der Resolution",2,0,1,0,0,False,"Stein der Resolution",21451,1,1,1,65571,0,0,0
2000103,"Phiole[p] orangefarbenen Duftöls",3,"Phiolen[p] orangefarbenen Duftöls",1,0,1,1,0,False,"Orangefarbenes Duftöl",22636,1,1,1,0,3,0,0
2000104,"alt[a] Oktant",4,"alt[a] Oktanten",1,0,1,0,0,False,"Alter Oktant",21002,1,1,1,65644,3,0,0
2000105,"alt[a] Oktant",4,"alt[a] Oktanten",1,0,1,0,0,False,"Alter Oktant",21002,1,1,1,65645,3,0,0
2000106,"",0,"",0,0,0,0,0,False,"",0,0,0,0,0,0,0,0
2000107,"",0,"",0,0,0,0,0,False,"",0,0,0,0,0,0,0,0
2000108,"",0,"",0,0,0,0,0,False,"",0,0,0,0,0,0,0,0
2000109,"",0,"",0,0,0,0,0,False,"",0,0,0,0,0,0,0,0
2000110,"",0,"",0,0,0,0,0,False,"",0,0,0,0,0,0,0,0
2000111,"",0,"",0,0,0,0,0,False,"",0,0,0,0,0,0,0,0
2000112,"",0,"",0,0,0,0,0,False,"",0,0,0,0,0,0,0,0
2000113,"",0,"",0,0,0,0,0,False,"",0,0,0,0,0,0,0,0
2000114,"",0,"",0,0,0,0,0,False,"",0,0,0,0,0,0,0,0
2000115,"",0,"",0,0,0,0,0,False,"",0,0,0,0,0,0,0,0
2000116,"",0,"",0,0,0,0,0,False,"",0,0,0,0,0,0,0,0
2000117,"",0,"",0,0,0,0,0,False,"",0,0,0,0,0,0,0,0
2000118,"",0,"",0,0,0,0,0,False,"",0,0,0,0,0,0,0,0
2000119,"hausgemacht[a] Aalpastete",3,"hausgemacht[a] Aalpasteten",1,0,1,1,0,False,"Hausgemachte Aalpastete",24305,1,1,1,65659,3,0,0
2000120,"hausgemacht[a] Aalpastete",3,"hausgemacht[a] Aalpasteten",1,0,1,1,0,False,"Hausgemachte Aalpastete",24305,1,1,1,65660,3,0,0
2000121,"Flasche[p] mit klarem Wasser",3,"Flaschen[p] mit klarem Wasser",1,0,1,1,0,False,"Klares Wasser",22614,1,1,1,65628,3,0,0
2000122,"Stein[p] der Resolution",4,"Steine[p] der Resolution",2,0,1,0,0,False,"Stein der Resolution",21451,1,1,1,65679,0,0,0
2000123,"Magitek-Photozelle",3,"Magitek-Photozellen",1,0,1,1,0,False,"Magitek-Photozelle",22625,1,99,1,0,0,0,0
2000124,"Aasmücken-Eierbeutel",4,"Aasmücken-Eierbeutel",2,0,1,0,0,False,"Aasmücken-Eierbeutel",22623,0,99,1,0,0,0,0
2000125,"Zombie-Nachlass",2,"Zombie-Nachlässe",2,0,1,0,0,False,"Zombie-Nachlass",22623,0,99,1,0,0,0,0
2000126,"übergroß[a] Honigbiene",3,"übergroß[a] Honigbienen",1,0,1,1,0,False,"Übergroße Honigbiene",27002,0,99,1,0,0,0,0
2000127,"klebrig[a] Blatt",2,"klebrig[a] Blätter",2,0,1,2,0,False,"Klebriges Blatt",25201,0,99,1,0,0,0,0
2000128,"Truhe[p] gewilderte Tierhäute",3,"Truhen[p] gewilderte Tierhäute",1,0,1,1,0,False,"Gewilderte Tierhäute",21002,0,99,1,0,0,0,0
2000129,"",0,"",0,0,0,0,0,False,"",0,0,0,0,0,0,0,0
2000130,"",0,"",0,0,0,0,0,False,"",0,0,0,0,0,0,0,0
2000131,"",0,"",0,0,0,0,0,False,"",0,0,0,0,0,0,0,0
2000132,"",0,"",0,0,0,0,0,False,"",0,0,0,0,0,0,0,0
2000133,"",0,"",0,0,0,0,0,False,"",0,0,0,0,0,0,0,0
2000134,"",0,"",0,0,0,0,0,False,"",0,0,0,0,0,0,0,0
2000135,"",0,"",0,0,0,0,0,False,"",0,0,0,0,0,0,0,0
2000136,"Wymonds Schreiben",4,"Wymonds Schreiben",1,0,0,2,1,False,"Wymonds Schreiben",25918,1,1,1,65685,3,0,0
2000137,"Franz-Poster",4,"Franz-Poster",2,0,1,2,0,False,"Franz-Poster",25906,1,3,1,65689,3,1,1
2000138,"Spitzmullfell",4,"Spitzmullfelle",2,0,1,0,0,False,"Spitzmullfell",21809,1,5,1,65699,3,0,0
2000139,"",0,"",0,0,0,0,0,False,"",0,0,0,0,0,0,0,0
2000140,"Leinenbeutel",4,"Leinenbeutel",1,0,1,0,0,False,"Leinenbeutel",22628,1,1,1,65709,3,0,0
2000141,"Messtabelle",3,"Messtabellen",1,0,1,1,0,False,"Messtabelle",26151,1,1,1,65711,3,0,0
2000142,"Sumpf-Yarzon-Panzer",4,"Sumpf-Yarzon-Panzer",1,0,1,0,0,False,"Sumpf-Yarzon-Panzer",22252,1,4,1,65733,0,0,0
2000143,"Leuchtpilz",2,"Leuchtpilze",1,0,1,0,0,False,"Leuchtpilz",25402,1,1,1,65731,3,0,0
2000144,"Korb[p] voll Öllause",4,"Körbe[p] voll Ölläuse",2,0,1,0,0,False,"Ölläuse",27003,1,1,1,65707,3,0,0
2000145,"",0,"",0,0,0,0,0,False,"",0,0,0,0,0,0,0,0
2000146,"Messgerätekiste",4,"Messgerätekiste",1,0,1,0,0,False,"Messgerätekiste",21002,1,2,1,65711,3,0,0
2000147,"Messleine",3,"Messleinen",1,0,1,1,0,False,"Messleine",26103,1,1,1,65711,3,0,0
2000148,"Transportkiste",3,"Transportkisten",1,0,1,1,0,False,"Transportkiste",21003,1,3,1,65758,3,0,0
2000149,"Flasche[p] Kaktor-Milch",3,"Flaschen[p] Kaktor-Milch",1,0,1,1,0,False,"Kaktor-Milch",20642,1,4,1,65759,3,0,0
2000150,"Fafafonos Päckchen",4,"Fafafonos Päckchen",1,0,0,2,1,False,"Fafafonos Päckchen",21003,1,3,1,65761,3,0,0
2000151,"Fungus-Sporangium",4,"Fungus-Sporangien",1,0,1,2,0,False,"Fungus-Sporangium",25403,0,99,1,0,0,0,0
2000152,"Mikrochu-Ranke",3,"Mikrochu-Ranken",1,0,1,1,0,False,"Mikrochu-Ranke",26103,0,99,1,0,0,0,0
2000153,"natürlich[a] Magnet",4,"natürlich[a] Magnete",2,0,1,0,0,False,"Natürlicher Magnet",21209,1,3,1,65764,3,0,0
2000154,"Messingköder",4,"Messingköder",2,0,1,0,0,False,"Messingköder",27055,1,2,1,65765,3,0,0
2000155,"",0,"",0,0,0,0,0,False,"",0,0,0,0,0,0,0,0
2000156,"",0,"",0,0,0,0,0,False,"",0,0,0,0,0,0,0,0
2000157,"",0,"",0,0,0,0,0,False,"",0,0,0,0,0,0,0,0
2000158,"",0,"",0,0,0,0,0,False,"",0,0,0,0,0,0,0,0
2000159,"",0,"",0,0,0,0,0,False,"",0,0,0,0,0,0,0,0
2000160,"",0,"",0,0,0,0,0,False,"",0,0,0,0,0,0,0,0
2000161,"",0,"",0,0,0,0,0,False,"",0,0,0,0,0,0,0,0
2000162,"",0,"",0,0,0,0,0,False,"",0,0,0,0,0,0,0,0
2000163,"",0,"",0,0,0,0,0,False,"",0,0,0,0,0,0,0,0
2000164,"Phiole[p] Kobalos-Öl",3,"Phiolen[p] Kobalos-Öl",1,0,1,1,0,False,"Kobalos-Öl",20663,1,4,1,65763,3,0,0
2000165,"Brief[p] an Momodi",4,"Briefe[p] an Momodi",2,0,1,0,0,False,"Brief an Momodi",25918,1,1,1,65766,3,0,0
2000166,"",0,"",0,0,0,0,0,False,"",0,0,0,0,0,0,0,0
2000167,"",0,"",0,0,0,0,0,False,"",0,0,0,0,0,0,0,0
2000168,"Treiberameisen-Kiefer",4,"Treiberameisen-Kiefer",2,0,1,0,0,False,"Treiberameisen-Kiefer",22205,1,5,1,65841,3,0,0
2000169,"Hammerschnabel-Rippe",3,"Hammerschnabel-Rippen",1,0,1,1,0,False,"Hammerschnabel-Rippe",22202,1,1,1,0,3,0,0
2000170,"Silbererzklumpen",4,"Silbererzklumpen",1,0,1,0,0,False,"Silbererzklumpen",21211,1,1,1,0,3,0,0
2000171,"",0,"",0,0,0,0,0,False,"",0,0,0,0,0,0,0,0
2000172,"",0,"",0,0,0,0,0,False,"",0,0,0,0,0,0,0,0
2000173,"",0,"",0,0,0,0,0,False,"",0,0,0,0,0,0,0,0
2000174,"",0,"",0,0,0,0,0,False,"",0,0,0,0,0,0,0,0
2000175,"",0,"",0,0,0,0,0,False,"",0,0,0,0,0,0,0,0
2000176,"",0,"",0,0,0,0,0,False,"",0,0,0,0,0,0,0,0
2000177,"Hammerschnabel-Rippe",3,"Hammerschnabel-Rippen",1,0,1,1,0,False,"Hammerschnabel-Rippen",22202,1,8,1,65862,3,0,0
2000178,"",0,"",0,0,0,0,0,False,"",0,0,0,0,0,0,0,0
2000179,"",0,"",0,0,0,0,0,False,"",0,0,0,0,0,0,0,0
2000180,"",0,"",0,0,0,0,0,False,"",0,0,0,0,0,0,0,0
2000181,"",0,"",0,0,0,0,0,False,"",0,0,0,0,0,0,0,0
2000182,"",0,"",0,0,0,0,0,False,"",0,0,0,0,0,0,0,0
2000183,"",0,"",0,0,0,0,0,False,"",0,0,0,0,0,0,0,0
2000184,"",0,"",0,0,0,0,0,False,"",0,0,0,0,0,0,0,0
2000185,"alt[a] Angelrute",3,"alt[a] Angelruten",1,0,1,1,0,False,"Alte Angelrute",38201,1,1,1,65921,3,0,0
2000186,"Roselines Schreiben",4,"Roselines Schreiben",1,0,0,2,1,False,"Roselines Schreiben",26151,1,1,1,65916,3,0,0
2000187,"Roselines Schreiben",4,"Roselines Schreiben",1,0,0,2,1,False,"Roselines Schreiben",26151,1,1,1,65916,3,0,0
2000188,"Roselines Schreiben",4,"Roselines Schreiben",1,0,0,2,1,False,"Roselines Schreiben",26151,1,1,1,65916,3,0,0
2000189,"Tonkrug",2,"Tonkrüge",2,0,1,0,0,False,"Tonkrug",25055,1,1,1,0,3,0,0
2000190,"",0,"",0,0,0,0,0,False,"",0,0,0,0,0,0,0,0
2000191,"Lederbeutel",4,"Lederbeutel",2,0,1,0,0,False,"Lederbeutel",25919,1,1,1,65915,3,0,0
2000192,"Strauß[p] Nymeia-Lilien",2,"Sträuße[p] Nymeia-Lilien",2,0,1,0,0,False,"Nymeia-Lilien",22627,1,3,1,65919,3,0,0
2000193,"Tausendjahrpflaume",3,"Tausendjahrpflaumen",1,0,1,1,0,False,"Tausendjahrpflaume",25308,0,99,1,0,0,0,0
2000194,"",0,"",0,0,0,0,0,False,"",0,0,0,0,0,0,0,0
2000195,"",0,"",0,0,0,0,0,False,"",0,0,0,0,0,0,0,0
2000196,"Alewyns Tonikum",4,"Alewyns Tonika",1,0,0,2,1,False,"Alewyns Tonikum",20661,1,1,1,65930,3,0,0
2000197,"rissig[a] Vase",3,"rissig[a] Vasen",1,0,1,1,0,False,"Rissige Vase",25055,1,1,1,65931,3,0,0
2000198,"Gilbeutel",3,"Gilbeutel",2,0,1,1,0,False,"Gilbeutel",25919,1,5,1,65932,3,0,0
2000199,"Kürbis-Quittung",3,"Kürbis-Quittungen",1,0,1,1,0,False,"Kürbis-Quittung",25906,1,1,1,65839,3,0,0
2000200,"Stück[p] Antilopen-Pökelfleisch",4,"Stücke[p] Antilopen-Pökelfleisch",2,0,1,2,0,False,"Antilopen-Pökelfleisch",24353,1,1,1,0,3,0,0
2000201,"Quittung",3,"Quittungen",1,0,1,1,0,False,"Quittung",26151,1,1,1,65701,3,0,0
2000202,"",0,"",0,0,0,0,0,False,"",0,0,0,0,0,0,0,0
2000203,"Kiste[p] getrocknete Mun-Tuy-Bohnen",3,"Kisten[p] getrocknete Mun-Tuy-Bohnen",1,0,1,1,0,False,"Getrocknete Mun-Tuy-Bohnen",21003,1,1,1,0,3,0,0
2000204,"winzig[a] Stab",4,"winzig[a] Stäbe",2,0,1,0,0,False,"Winziger Stab",32412,1,1,1,0,3,0,0
2000205,"winzig[a] Stab",4,"winzig[a] Stäbe",2,0,1,0,0,False,"Winziger Stab",32412,1,1,1,0,3,0,0
2000206,"Kiste[p] mit Jagdwerkzeugen",3,"Kisten[p] mit Jagdwerkzeugen",1,0,1,1,0,False,"Jagdwerkzeuge",21002,1,3,1,0,3,0,0
2000207,"",0,"",0,0,0,0,0,False,"",0,0,0,0,0,0,0,0
2000208,"",0,"",0,0,0,0,0,False,"",0,0,0,0,0,0,0,0
2000209,"Haufen[p] Antilopen-Eingeweide",4,"Haufen[p] Antilopen-Eingeweide",1,0,1,0,0,False,"Antilopen-Eingeweide",29002,1,4,1,0,3,0,0
2000210,"Ochu-Blatt",2,"Ochu-Blätter",2,0,1,2,0,False,"Ochu-Blatt",25201,1,4,1,0,3,0,0
2000211,"Stück[p] Spitzmausfleisch",4,"Stücke[p] Spitzmausfleisch",2,0,1,2,0,False,"Spitzmausfleisch",25155,1,2,1,65840,3,0,0
2000212,"Silbererzklumpen",4,"Silbererzklumpen",1,0,1,0,0,False,"Silbererzklumpen",21215,1,1,1,65843,3,0,0
2000213,"",0,"",0,0,0,0,0,False,"",0,0,0,0,0,0,0,0
2000214,"Stück[p] eines fettigen Orobons",4,"Stücke[p] eines fettigen Orobons",2,0,1,2,0,False,"Fettiger Orobon",29002,1,4,1,65858,3,0,0
2000215,"Phiole[p] Spektralblut",3,"Phiolen[p] Spektralblut",1,0,1,1,0,False,"Spektralblut",22601,1,4,1,0,3,0,0
2000216,"gestohlen[a] Truhe",3,"gestohlen[a] Truhen",1,0,1,1,0,False,"Gestohlene Truhe",21002,1,3,1,65844,3,0,0
2000217,"Naldiq & Vymelli-Schreiben",4,"Naldiq & Vymelli-Schreiben",1,0,1,2,0,False,"Naldiq & Vymelli-Schreiben",25918,1,1,1,65942,3,0,0
2000218,"Proviantpaket",4,"Proviantpakete",2,0,1,2,0,False,"Proviantpaket",22641,1,4,1,65945,3,0,0
2000219,"Blitz-Exergon-Essenz",3,"Blitz-Exergon-Essenzen",1,0,1,1,0,False,"Blitz-Exergon-Essenz",21265,1,3,1,65946,3,0,0
2000220,"blitzblank[a] Schakalfangzahn",4,"blitzblank[a] Schakalfangzähne",2,0,1,0,0,False,"Blitzblanker Schakalfangzahn",22303,1,4,1,65947,3,0,0
2000221,"Stück[p] faulen Dodo-Fleisches",4,"Stücke[p] faulen Dodo-Fleisches",2,0,1,2,0,False,"Faules Dodo-Fleisch",24353,1,1,1,65952,3,0,0
2000222,"Segeltuch",4,"Segeltücher",2,0,1,2,0,False,"Segeltuch",21602,1,1,1,65951,3,0,0
2000223,"Steuerrad",4,"Steuerräder",2,0,1,2,0,False,"Steuerrad",21003,1,1,1,65951,3,0,0
2000224,"Takelage",3,"Takelagen",1,0,1,1,0,False,"Takelage",20910,1,1,1,65951,3,0,0
2000225,"La Noscea-Lilie",3,"La Noscea-Lilien",2,0,1,1,1,False,"La Noscea-Lilie",25022,1,1,1,65953,3,0,0
2000226,"",0,"",0,0,0,0,0,False,"",0,0,0,0,0,0,0,0
2000227,"",0,"",0,0,0,0,0,False,"",0,0,0,0,0,0,0,0
2000228,"schmutzig[a] Tongefäß",2,"schmutzig[a] Tongefäße",2,0,1,2,0,False,"Schmutziges Tongefäß",25054,1,5,1,0,3,0,0
2000229,"Zeremonialschwert",4,"Zeremonialschwerter",2,0,0,2,1,False,"Zeremonialschwert",30426,1,1,1,65981,3,0,0
2000230,"stinkend[a] Köder",2,"stinkend[a] Köder",2,0,1,0,0,False,"Stinkender Köder",21005,1,2,1,65583,3,0,0
2000231,"Knochenpfeife",3,"Knochenpfeifen",1,0,1,1,0,False,"Knochenpfeife",25919,1,3,1,0,3,0,0
2000232,"Flasche[p] Frühlingsmet",3,"Flaschen[p] Frühlingsmet",1,0,1,1,0,False,"Frühlingsmet",25057,1,1,1,65974,3,0,0
2000233,"Brandballon-Finger",4,"Brandballon-Finger",2,0,1,0,0,False,"Brandballon-Finger",25911,1,6,1,65974,3,0,0
2000234,"Bestellzettel",4,"Bestellzettel",2,0,1,0,0,False,"Bestellzettel",26153,1,4,1,65860,3,0,0
2000235,"alchemistisch[a] Tinktur",1,"alchemistisch[a] Tinkturen",2,0,1,1,0,False,"Alchemistische Tinktur",24403,1,1,1,65591,3,0,0
2000236,"blutig[a] Hauer",1,"blutig[a] Hauer",2,0,1,0,0,False,"Blutiger Hauer",22301,1,10,1,65592,3,0,0
2000237,"Transportkiste",3,"Transportkisten",1,0,1,1,0,False,"Transportkiste",21003,1,2,1,65923,3,0,0
2000238,"Kürbis[p] aus dem Garten der Sultana",9,"Kürbisse[p] aus dem Garten der Sultana",2,0,1,0,0,False,"Kürbis aus dem Garten der Sultana",25210,1,1,1,65839,3,0,0
2000239,"Ingwerkeks",2,"Ingwerkekse",2,0,1,0,0,False,"Ingwerkeks",24051,1,4,1,65856,3,0,0
2000240,"Luquelots Brief",3,"Luquelots Briefe",2,0,0,0,1,False,"Luquelots Brief",25918,1,1,1,65982,3,0,0
2000241,"Fahrplan",4,"Fahrpläne",2,0,1,0,0,False,"Fahrplan",26151,1,1,1,65925,3,0,0
2000242,"Bündel[p] breitblättriger Gizar-Blätter",4,"Bündel[p] breitblättriger Gizar-Blätter",1,0,1,2,0,False,"Breitblättrige Gizar-Blätter",25218,1,3,1,65910,3,0,0
2000243,"Phiole[p] Spektralblut",3,"Phiolen[p] Spektralblut",1,0,1,1,0,False,"Spektralblut",22601,1,1,1,65974,3,0,0
2000244,"Kleinod[p] des Ketzers",4,"Kleinodien[p] des Ketzers",1,0,1,2,0,False,"Kleinod des Ketzers",21265,1,99,1,0,0,0,0
2000245,"auffällig[a] Ring",4,"auffällig[a] Ringe",2,0,1,0,0,False,"Auffälliger Ring",54421,1,1,1,65687,3,0,0
2000246,"Lieferung[p] Flusskrebsbällchen",3,"Lieferungen[p] Flusskrebsbällchen",1,0,1,1,0,False,"Flusskrebsbällchen",21003,1,1,1,65922,3,0,0
2000247,"Lieferung[p] Mun-Tuy-Bohnen",3,"Lieferungen[p] Mun-Tuy-Bohnen",1,0,1,1,0,False,"Mun-Tuy-Bohnen",22628,1,1,1,65922,3,0,0
2000248,"brandneu[a] Plattenrüstung",3,"brandneu[a] Plattenrüstungen",1,0,1,1,0,False,"Ungetragene Plattenrüstung",48008,1,1,1,65922,3,0,0
2000249,"Miounnes Brief",3,"Miounnes Briefe",2,0,0,0,1,False,"Miounnes Brief",25918,1,1,1,65983,3,0,0
2000250,"verschlossen[a] Holzschatulle",3,"verschlossen[a] Holzschatulle",1,0,1,1,0,False,"Verschlossene Holzschatulle",21002,1,1,1,65984,3,0,0
2000251,"gewildert[a] Tierhaut",3,"gewildert[a] Tierhäute",2,0,1,1,0,False,"Gewilderte Tierhaut",23001,0,99,1,0,0,0,0
2000252,"Diebesgut",4,"Diebesgüter",2,0,1,2,0,False,"Diebesgut",21003,0,99,1,0,0,0,0
2000253,"Golemfragment",4,"Golemfragmente",2,0,1,2,0,False,"Golemfragment",21202,0,99,1,0,0,0,0
2000254,"Erd-Exergon-Kern",4,"Erd-Exergon-Kerne",2,0,1,0,0,False,"Erd-Exergon-Kern",21202,0,99,1,0,0,0,0
2000255,"gestohlen[a] Frachtkiste",3,"gestohlen[a] Frachtkisten",1,0,1,1,0,False,"Gestohlene Frachtkiste",21003,0,99,1,0,0,0,0
2000256,"Kaktusblatt",4,"Kaktusblätter",2,0,1,2,0,False,"Kaktusblatt",23001,0,99,1,0,0,0,0
2000257,"Golem-Seelenstein",4,"Golem-Seelensteine",2,0,1,0,0,False,"Golem-Seelenstein",21202,0,99,1,0,0,0,0
2000258,"Beutekiste",3,"Beutekisten",1,0,1,1,0,False,"Beutekiste",23001,0,99,1,0,0,0,0
2000259,"blutig[a] Pergament",4,"blutig[a] Pergamente",2,0,1,2,0,False,"Blutiges Pergament",26151,1,99,1,0,0,0,0
2000260,"klein[a] Schlüssel",4,"klein[a] Schlüssel",2,0,1,0,0,False,"Kleiner Schlüssel",25904,1,99,1,0,0,0,0
2000261,"weiß[a] Schlüssel",4,"weiß[a] Schlüssel",2,0,1,0,0,False,"Weißer Schlüssel",25902,1,99,1,0,0,0,0
2000262,"rot[a] Schlüssel",4,"rot[a] Schlüssel",2,0,1,0,0,False,"Roter Schlüssel",25903,1,99,1,0,0,0,0
2000263,"grün[a] Schlüssel",4,"ｇrün[a] Schlüssel",2,0,1,0,0,False,"Grüner Schlüssel",25903,1,99,1,0,0,0,0
2000264,"gelb[a] Schlüssel",4,"gelb[a] Schlüssel",2,0,1,0,0,False,"Gelber Schlüssel",25903,1,99,1,0,0,0,0
2000265,"pulsierend[a] Ahorn-Holzscheit",4,"pulsierend[a] Ahorn-Holzscheite",2,0,1,0,0,False,"Pulsierender Ahorn-Holzscheit",22408,0,99,1,0,0,0,0
2000266,"zuckend[a] Ahornast",4,"zuckend[a] Ahornäste",2,0,1,0,0,False,"Zuckender Ahornast",22416,0,99,1,0,0,0,0
2000267,"Baumschrat-Eichel",3,"Baumschrat-Eicheln",1,0,1,1,0,False,"Baumschrat-Eichel",25304,0,99,1,0,0,0,0
2000268,"Eschensämling",4,"Eschensämlinge",2,0,1,0,0,False,"Eschensämling",22407,0,99,1,0,0,0,0
2000269,"Eschensämling-Zweig",4,"Eschensämling-Zweige",2,0,1,0,0,False,"Eschensämling-Zweig",22416,0,99,1,0,0,0,0
2000270,"Ostufer-Mistelzweig ",4,"Ostufer-Mistelzweige",2,0,1,0,0,False,"Ostufer-Mistelzweig ",25001,0,99,1,0,0,0,0
2000271,"Bündel[p] Brennholz",4,"Bündel[p] Brennholz",2,0,1,2,0,False,"Brennholz",22407,0,99,1,0,0,0,0
2000272,"Bündel[p] Zündholz",4,"Bündel[p] Zündholz",2,0,1,2,0,False,"Zündholz",22418,0,99,1,0,0,0,0
2000273,"Flasche[p] mit reinem Latex",3,"Flaschen[p] mit reinem Latex",1,0,1,1,0,False,"Reines Latex",22643,0,99,1,0,0,0,0
2000274,"Flasche[p] mit unreinem Latex",3,"Flaschen[p] mit unreinem Latex",1,0,1,1,0,False,"Unreines Latex",22643,0,99,1,0,0,0,0
2000275,"ausgedünnt[a] Eschenholzscheit",4,"ausgedünnt[a] Eschenholzscheite",2,0,1,0,0,False,"Ausgedünnter Eschenholzscheit",22407,0,99,1,0,0,0,0
2000276,"ausgedünnt[a] Eschenast",4,"ausgedünnt[a] Eschenäste",2,0,1,0,0,False,"Ausgedünnter Eschenholzast",22416,0,99,1,0,0,0,0
2000277,"gerad[a] Eschenholzscheit",4,"gerad[a] Eschenholzscheit",2,0,1,0,0,False,"Gerader Eschenholzscheit",22407,0,99,1,0,0,0,0
2000278,"Himmelssäulenwurzel",3,"Himmelssäulenwurzeln",1,0,1,1,0,False,"Himmelssäulenwurzel",25005,0,99,1,0,0,0,0
2000279,"Stück[p] Himmelssäulenrinde",4,"Stücke[p] Himmelssäulenrinde",2,0,1,2,0,False,"Himmelssäulenrinde",22418,0,99,1,0,0,0,0
2000280,"dick[a] Himmelssäulenwurzel",3,"dick[a] Himmelssäulenwurzeln",1,0,1,1,0,False,"Dicke Himmelssäulenwurzel",25005,0,99,1,0,0,0,0
2000281,"Ochu-Samen",4,"Ochu-Samen",1,0,1,0,0,False,"Ochu-Samen",25314,0,99,1,0,0,0,0
2000282,"vertrocknet[a] Ochu-Blatt",4,"vertrocknet[a] Ochu-Blätter",2,0,1,0,0,False,"Vertrocknetes Ochu-Blatt",21662,0,99,1,0,0,0,0
2000283,"sporenbefallen[a] Borkenstück",4,"sporenbefallen[a] Borkenstücke",2,0,1,2,0,False,"Sporenbefallenes Borkenstück",22418,0,99,1,0,0,0,0
2000284,"wurmzerfressen[a] Borkestück",3,"wurmzerfressen[a] Borkenstücke",2,0,1,2,0,False,"Wurmzerfressenes Borkenstück",22418,0,99,1,0,0,0,0
2000285,"groß[a] Kastanie",3,"groß[a] Kastanien",1,0,1,1,0,False,"Große Kastanie",25302,0,99,1,0,0,0,0
2000286,"verfault[a] Kastanie",3,"verfault[a] Kastanien",1,0,1,1,0,False,"Verfaulte Kastanie",25302,0,99,1,0,0,0,0
2000287,"golden[a] Kastanie",3,"golden[a] Kastanien",1,0,1,1,0,False,"Goldene Kastanie",25302,0,99,1,0,0,0,0
2000288,"Westufer-Mistelzweig ",4,"Westufer-Mistelzweige",2,0,1,0,0,False,"Westufer-Mistelzweig ",25001,0,99,1,0,0,0,0
2000289,"lang[a] Eschenholzscheit",4,"lang[a] Eschenholzscheite",2,0,1,0,0,False,"Langer Eschenholzscheit",22407,0,99,1,0,0,0,0
2000290,"dünn[a] Eschenholzscheit",4,"dünn[a] Eschenholzscheite",2,0,1,0,0,False,"Dünner Eschenholzscheit",22407,0,99,1,0,0,0,0
2000291,"Rösling-Samen",4,"Rösling-Samen",1,0,1,0,0,False,"Rösling-Samen",25314,0,99,1,0,0,0,0
2000292,"verdorrt[a] Rösling-Blatt",4,"verdorrt[a] Rösling-Blätter",1,0,1,0,0,False,"Verdorrtes Rösling-Blatt",25201,0,99,1,0,0,0,0
2000293,"gekeimt[a] Rösling-Samen",4,"gekeimt[a] Rösling-Samen",1,0,1,0,0,False,"Gekeimter Rösling-Samen",25314,0,99,1,0,0,0,0
2000294,"Wuchergrasblüte",4,"Wuchergrasblüte",2,0,1,0,0,False,"Wuchergrasblüte",25008,0,99,1,0,0,0,0
2000295,"Gardenienblüte",3,"Gardenienblüten",1,0,1,1,0,False,"Gardenienblüte",25008,0,99,1,0,0,0,0
2000296,"Eimer[p] klaren Ahornsafts",4,"Eimer[p] klaren Ahornsafts",2,0,1,0,0,False,"Klarer Ahornsaft",22642,0,99,1,0,0,0,0
2000297,"Eimer[p] trüben Ahornsafts",4,"Eimer[p] trüben Ahornsafts",2,0,1,0,0,False,"Trüber Ahornsaft",22642,0,99,1,0,0,0,0
2000298,"gezeichnet[a] Borkenstück",4,"gezeichnet[a] Borkenstücke",2,0,1,2,0,False,"Gezeichnete Borke",22418,0,99,1,0,0,0,0
2000299,"grün[a] Mooskissen",4,"grün[a] Mooskissen",1,0,1,2,0,False,"Grünes Mooskissen",22649,0,99,1,0,0,0,0
2000300,"Pott[p] Riesenbrombeernektar",4,"Pötte[p] Riesenbrombeernektar",2,0,1,0,0,False,"Riesenbrombeernektar",22642,0,99,1,0,0,0,0
2000301,"Riesenbrombeerdorn",4,"Riesenbrombeerdornen",1,0,1,0,0,False,"Riesenbrombeerdorn",22304,0,99,1,0,0,0,0
2000302,"Sack[p] getrocknete Mun-Tuy-Bohnen",4,"Säcke[p] getrocknete Mun-Tuy-Bohnen",2,0,1,0,0,False,"Getrocknete Mun-Tuy-Bohnen",25353,0,99,1,0,0,0,0
2000303,"Finsterwaldlilie",3,"Finsterwaldlilien",1,0,1,1,0,False,"Finsterwaldlilie",21651,0,99,1,0,0,0,0
2000304,"freigelegt[a] Baumwurzel",3,"freigelegt[a] Baumwurzeln",1,0,1,1,0,False,"Freigelegte Baumwurzel",25005,0,99,1,0,0,0,0
2000305,"verdorrt[a] Baumwurzel",3,"verdorrt[a] Baumwurzeln",1,0,1,1,0,False,"Verdorrte Baumwurzel",25005,0,99,1,0,0,0,0
2000306,"gesund[a] Baumwurzel",3,"gesund[a] Baumwurzeln",1,0,1,1,0,False,"Gesunde Baumwurzel",25005,0,99,1,0,0,0,0
2000307,"jung[a] Minzblatt",2,"jung[a] Minzblätter",2,0,1,2,0,False,"Junges Minzblatt",25016,0,99,1,0,0,0,0
2000308,"alt[a] Minzblatt",2,"alt[a] Minzblätter",2,0,1,2,0,False,"Altes Minzblatt",25016,0,99,1,0,0,0,0
2000309,"gelmorrisch[a] Münze",3,"gelmorrisch[a] Münzen",1,0,1,1,0,False,"Gelmorrische Münze",25916,0,99,1,0,0,0,0
2000310,"verrostet[a] Metallsplitter",4,"verrostet[a] Metallsplitter",2,0,1,0,0,False,"Verrosteter Metallsplitter",20817,0,99,1,0,0,0,0
2000311,"Zwei-Yalme-Zweig",4,"Zwei-Yalme-Zweige",2,0,1,0,0,False,"Zwei-Yalme-Zweig",22416,0,99,1,0,0,0,0
2000312,"verfaulend[a] Blatt",4,"verfaulend[a] Blätter",2,0,1,2,0,False,"Verfaulendes Blatt",25217,0,99,1,0,0,0,0
2000313,"Handvoll[p] Soldatenschmerz-Beeren",3,"Handvoll[p] Soldatenschmerz-Beeren",1,0,1,1,0,False,"Soldatenschmerz-Beere",25023,0,99,1,0,0,0,0
2000314,"Soldatenschmerz-Blatt",4,"Soldatenschmerz-Blätter",2,0,1,2,0,False,"Soldatenschmerz-Blatt",25213,0,99,1,0,0,0,0
2000315,"Passionsapfel",4,"Passionsäpfel",2,0,1,0,0,False,"Passionsapfel",25308,0,99,1,0,0,0,0
2000316,"Haarraupe",3,"Haarraupen",1,0,1,1,0,False,"Haarraupe",27004,0,99,1,0,0,0,0
2000317,"Fleckenpilz",2,"Fleckenpilze",2,0,1,0,0,False,"Fleckenpilz",25407,0,99,1,0,0,0,0
2000318,"Pilzsporenpfahl",4,"Pilzsporenpfähle",2,0,1,0,0,False,"Pilzsporenpfahl",22305,0,99,1,0,0,0,0
2000319,"Übungsspeer",4,"Übungsspeere",2,0,1,0,0,False,"Übungsspeer",31816,0,99,1,0,0,0,0
2000320,"Düngersack",4,"Düngersäcke",2,0,1,0,0,False,"Düngersack",25356,0,99,1,0,0,0,0
2000321,"Milbenei",4,"Milbeneier",2,0,1,2,0,False,"Milbenei",25252,0,99,1,0,0,0,0
2000322,"Weißkopfpilz",2,"Weißkopfpilze",2,0,1,0,0,False,"Weißkopfpilz",25402,0,99,1,0,0,0,0
2000323,"Fangeisen",4,"Fangeisen",1,0,1,2,0,False,"Fangeisen",27241,0,99,1,0,0,0,0
2000324,"Phiole[p] Beruhigungswasser",3,"Phiolen[p] Beruhigungswasser",1,0,1,1,0,False,"Beruhigungswasser",22606,1,99,1,0,1,0,0
2000325,"Antilopensteak",4,"Antilopensteaks",1,0,1,2,0,False,"Antilopensteak",25153,0,99,1,0,0,0,0
2000326,"angekaut[a] Nekrolog-Seite",3,"angekaut[a] Nekrolog-Seiten",1,0,1,1,0,False,"Angekaute Nekrolog-Seite",26151,0,99,1,0,0,0,0
2000327,"Flasche[p] Hausmet",3,"Flaschen[p] Hausmet",1,0,1,1,0,False,"Selbstgebrauter Met",25057,0,99,1,0,0,0,0
2000328,"zerfetzt[a] Nekrolog-Seite",3,"zerfetzt[a] Nekrolog-Seiten",1,0,1,1,0,False,"Zerfetzte Nekrolog-Seite",26151,0,99,1,0,0,0,0
2000329,"ausgerissen[a] Nekrolog-Seite",3,"ausgerissen[a] Nekrolog-Seiten",1,0,1,1,0,False,"Ausgerissene Nekrolog-Seite",26151,0,99,1,0,0,0,0
2000330,"Adaman-Taimai-Ei",2,"Adaman-Taimai-Eier",2,0,1,2,0,False,"Adaman-Taimai-Ei",25252,0,99,1,0,0,0,0
2000331,"gewildert[a] Tierhaut",3,"gewildert[a] Tierhäute",2,0,1,1,0,False,"Gewilderte Tierhaut",22015,0,99,1,0,0,0,0
2000332,"Wasser-Exergon-Essenz",3,"Wasser-Exergon-Essenzen",1,0,1,1,0,False,"Wasser-Exergon-Essenz",22606,1,99,1,0,3,0,0
2000333,"groß[a] Staubgefäß",2,"groß[a] Staubgefäße",2,0,1,2,0,False,"Großes Staubgefäß",25007,1,99,1,0,3,0,0
2000334,"",0,"",0,0,0,0,0,False,"",0,0,0,0,0,0,0,0
2000335,"Stück[p] Geierbrustfleisch",4,"Stücke[p] Geierbrustfleisch",2,0,1,2,0,False,"Geierbrustfleisch",25158,0,99,1,0,0,0,0
2000336,"Orobon-Sashimi",3,"Orobon-Sashimi",1,0,1,2,0,False,"Orobon-Sashimi",29002,0,99,1,0,0,0,0
2000337,"verdreckt[a] Tagebuch",4,"verdreckt[a] Tagebücher",2,0,1,2,0,False,"Verdrecktes Tagebuch",26002,1,1,1,0,3,0,0
2000338,"Paket[p] an Syngithuv",4,"Pakete[p] an Syngithuv",2,0,1,2,0,False,"Paket an Syngithuv",21005,1,1,1,65934,3,0,0
2000339,"Paket[p] an Jessamine",4,"Pakete[p] an Jessamine",2,0,0,2,1,False,"Paket an Jessamine",23001,1,1,1,65934,3,0,0
2000340,"Wasser-Exergon-Essenz",3,"Wasser-Exergon-Essenzen",1,0,1,1,0,False,"Wasser-Exergon-Essenz",22606,1,3,1,65936,3,0,0
2000341,"Rattenkadaver",4,"Rattenkadaver",2,0,1,0,0,False,"Rattenkadaver",24353,1,1,1,65937,3,0,0
2000342,"Handvoll[p] Millionenmais-Samen",3,"Handvoll[p] Millionenmais-Samen",1,0,1,1,0,False,"Millionenmais-Samen",25004,1,1,1,65938,3,0,0
2000343,"Feuerschale",3,"Feuerschalen",1,0,1,1,0,False,"Feuerschale",21003,1,1,1,65939,3,0,0
2000344,"Bomber-Finger",4,"Bomber-Finger",2,0,1,0,0,False,"Bomber-Finger",22623,1,1,1,65939,3,0,0
2000345,"Nachlass-Schatulle",3,"Nachlass-Schatullen",1,0,1,1,0,False,"Nachlass-Schatulle",21002,1,1,1,65940,3,0,0
2000346,"befruchtet[a] Dodo-Ei",2,"befruchtet[a] Dodo-Eier",2,0,1,2,0,False,"Befruchtetes Dodo-Ei",25251,1,3,1,65941,3,0,0
2000347,"Sack[p] fruchtbare Erde",3,"Sack[p] fruchtbare Erde",1,0,1,1,0,False,"Fruchtbare Erde",21466,1,3,1,66003,3,0,0
2000348,"gestohlen[a] Ackergerät",4,"gestohlen[a] Ackergeräte",2,0,1,2,0,False,"Gestohlenes Ackergerät",21002,1,3,1,66004,3,0,0
2000349,"",0,"",0,0,0,0,0,False,"",0,0,0,0,0,0,0,0
2000350,"Ackerschaufel",3,"Ackerschaufeln",1,0,1,1,0,False,"Ackerschaufel",21003,1,3,1,66007,3,0,0
2000351,"reif[a] La Noscea-Orange",3,"reif[a] La Noscea-Orangen",1,0,1,1,0,False,"Reife La Noscea-Orange",25312,1,3,1,66008,3,0,0
2000352,"Fafafonos Päckchen",4,"Fafafonos Päckchen",1,0,0,2,1,False,"Fafafonos Päckchen",41002,1,1,1,0,3,0,0
2000353,"Fafafonos Päckchen",4,"Fafafonos Päckchen",1,0,0,2,1,False,"Fafafonos Päckchen",44036,1,1,1,0,3,0,0
2000354,"Brief[p] an Kikipu",4,"Briefe[p] an Kikipu",2,0,1,0,0,False,"Brief an Kikipu",25918,1,1,1,65760,3,0,0
2000355,"Hammerschnabel-Schwanzfeder",3,"Hammerschnabel-Schwanzfedern",1,0,1,1,0,False,"Hammerschnabel-Schwanzfeder",21906,1,5,1,65760,3,0,0
2000356,"Orangensack",4,"Orangensäcke",2,0,1,0,0,False,"Orangensack",25919,1,1,1,66002,3,0,0
2000357,"Münzbeutel",4,"Münzbeutel",2,0,1,0,0,False,"Münzbeutel",25919,1,1,1,66002,3,0,0
2000358,"",0,"",0,0,0,0,0,False,"",0,0,0,0,0,0,0,0
2000359,"",0,"",0,0,0,0,0,False,"",0,0,0,0,0,0,0,0
2000360,"",0,"",0,0,0,0,0,False,"",0,0,0,0,0,0,0,0
2000361,"",0,"",0,0,0,0,0,False,"",0,0,0,0,0,0,0,0
2000362,"",0,"",0,0,0,0,0,False,"",0,0,0,0,0,0,0,0
2000363,"",0,"",0,0,0,0,0,False,"",0,0,0,0,0,0,0,0
2000364,"",0,"",0,0,0,0,0,False,"",0,0,0,0,0,0,0,0
2000365,"",0,"",0,0,0,0,0,False,"",0,0,0,0,0,0,0,0
2000366,"",0,"",0,0,0,0,0,False,"",0,0,0,0,0,0,0,0
2000367,"Hornissenstachel",4,"Hornissenstachel",2,0,1,0,0,False,"Hornissenstachel",22305,1,6,1,66098,3,0,0
2000368,"Dadanens letzte Mahnung",3,"Dadanens letzte Mahnungen",1,0,0,1,1,False,"Dadanens letzte Mahnung",25906,1,1,1,65864,3,0,0
2000369,"Roh-Nanasha-Malachit",4,"Roh-Nanasha-Malachite",2,0,1,0,0,False,"Roh-Nanasha-Malachit",20004,1,3,1,66039,3,0,0
2000370,"spitz[a] Spitzhacke",3,"spitz[a] Spitzhacken",1,0,1,1,0,False,"Spitze Spitzhacke",38005,1,1,1,66040,3,0,0
2000371,"alt[a] Hammer",4,"alt[a] Hammer",2,0,1,0,0,False,"Alter Hammer",35052,1,1,1,66040,3,0,0
2000372,"schwer[a] Vorschlaghammer",4,"schwer[a] Vorschlaghämmer",2,0,1,0,0,False,"Schwerer Vorschlaghammer",38051,1,1,1,66040,3,0,0
2000373,"Fangeisen",4,"Fangeisen",1,0,1,2,0,False,"Fangeisen",21003,1,4,1,65873,3,0,0
2000374,"Peiste-Augapfel",4,"Peiste-Augäpfel",2,0,1,0,0,False,"Peiste-Augapfel",21280,1,4,1,65875,3,0,0
2000375,"",0,"",0,0,0,0,0,False,"",0,0,0,0,0,0,0,0
2000376,"Flasche[p] Mischlingsblut",3,"Flaschen[p] Mischlingsblut",1,0,1,1,0,False,"Mischlingsblut",20641,1,4,1,65877,3,0,0
2000377,"Brief[p] an Leofric",4,"Briefe[p] an Leofric",2,0,1,0,0,False,"Brief an Leofric",25918,1,1,1,65866,3,0,0
2000378,"Roh-Nanasha-Malachit",4,"Roh-Nanasha-Malachite",2,0,1,0,0,False,"Roh-Nanasha-Malachit",20004,1,3,1,66109,3,0,0
2000379,"Phiole[p] Krötensekret",3,"Phiolen[p] Krötensekret",1,0,1,1,0,False,"Krötensekret",20682,1,2,1,66066,3,0,0
2000380,"Hamunds Bewerbung",3,"Hamunds Bewerbungen",1,0,0,1,1,False,"Hamunds Bewerbung",26151,1,1,1,66067,3,0,0
2000381,"antik[a] Dolch",2,"antik[a] Dolche",2,0,1,0,0,False,"Antiker Dolch",30362,1,1,1,65868,3,0,0
2000382,"Bussardschenkel",4,"Bussardschenkel",2,0,1,0,0,False,"Bussardschenkel",25154,1,2,1,65871,3,0,0
2000383,"Panzerschalenbein",4,"Panzerschalenbeine",2,0,1,2,0,False,"Panzerschalenbein",29201,1,2,1,65871,3,0,0
2000384,"Stück[p] Scaphitfleisch",2,"Stücke[p] Scaphitfleisch",2,0,1,2,0,False,"Scaphitfleisch",25156,1,2,1,65871,3,0,0
2000385,"Fläschchen[p] Murmelhörnchen-Blut",4,"Fläschchen[p] Murmelhörnchen-Blut",1,0,1,2,0,False,"Murmelhörnchen-Blut",22601,1,5,1,66108,3,0,0
2000386,"Momodis Empfehlungsschreiben",4,"Momodis Empfehlungsschreiben",1,0,0,2,1,False,"Momodis Empfehlungsschreiben",25906,1,1,1,66104,3,0,0
2000387,"Momodis Empfehlungsschreiben",4,"Momodis Empfehlungsschreiben",1,0,0,2,1,False,"Momodis Empfehlungsschreiben",25906,1,1,1,66105,3,0,0
2000388,"Momodis Empfehlungsschreiben",4,"Momodis Empfehlungsschreiben",1,0,0,2,1,False,"Momodis Empfehlungsschreiben",25906,1,1,1,66106,3,0,0
2000389,"",0,"",0,0,0,0,0,False,"",0,0,0,0,0,0,0,0
2000390,"verdächtig[a] Schreiben",4,"verdächtig[a] Schreiben",1,0,1,2,0,False,"Verdächtiges Schreiben",25906,1,1,1,66158,3,0,0
2000391,"leuchtend[a] Stein",4,"leuchtend[a] Steine",2,0,1,0,0,False,"Leuchtender Stein",21251,1,1,1,66165,3,0,0
2000392,"Büschel[p] Althyk-Lavendel",4,"Büschel[p] Althyk-Lavendel",2,0,1,0,0,False,"Althyk-Lavendel",25002,1,3,1,66166,3,0,0
2000393,"Stellenaushang",4,"Stellenaushängen",1,0,1,0,0,False,"Stellenaushang",25906,1,5,1,66168,3,0,0
2000394,"leuchtend[a] Stein",4,"leuchtend[a] Steine",2,0,1,0,0,False,"Leuchtender Stein",21213,1,5,1,66170,3,0,0
2000395,"Flasche[p] trüben Quellwassers",3,"Flaschen[p] trüben Quellwassers",1,0,1,1,0,False,"Trübes Quellwasser",25055,1,1,1,66173,3,0,0
2000396,"versiegelt[a] Brief",4,"versiegelt[a] Briefe",2,0,1,0,0,False,"Versiegelter Brief",25918,1,1,1,66164,3,0,0
2000397,"Azeyma-Opfergabe",3,"Azeyma-Opfergaben",1,0,1,1,0,False,"Azeyma-Opfergabe",25919,1,1,1,0,3,0,0
2000398,"versiegelt[a] Brief",4,"versiegelt[a] Briefe",2,0,1,0,0,False,"Versiegelter Brief",25918,1,1,1,66087,3,0,0
2000399,"Pilgerleichnam",4,"Pilgerleichname",1,0,1,0,0,False,"Pilgerleichnam",26024,1,3,1,66154,3,0,0
2000400,"Strauß[p] Nymeia-Lilien",2,"Sträuße[p] Nymeia-Lilien",2,0,1,0,0,False,"Nymeia-Lilien",22627,1,5,1,66163,3,0,0
2000401,"Skorpionenring",4,"Skorpionenringe",2,0,1,0,0,False,"Skorpionenring",54434,1,1,1,0,3,0,0
2000402,"Sonder-Heiltrank",4,"Sonder-Heiltränke",2,0,1,0,0,False,"Sonder-Heiltrank",20601,1,1,1,65799,3,0,0
2000403,"Skorpionenring",4,"Skorpionenringe",2,0,1,0,0,False,"Skorpionenring",54434,1,1,1,65799,3,0,0
2000404,"zerknüllt[a] Lieferschein",4,"zerknüllt[a] Lieferscheine",2,0,1,0,0,False,"Zerknüllter Lieferschein",25918,1,1,1,65801,3,0,0
2000405,"Rosenholzkiste",3,"Rosenholzkisten",1,0,1,1,0,False,"Rosenholzkiste",21002,1,1,1,66177,3,0,0
2000406,"alt[a] Opfergabe",3,"alt[a] Opfergaben",1,0,1,1,0,False,"Alte Opfergabe",21003,1,6,1,66178,3,0,0
2000407,"Flasche[p] Hornissentinktur",3,"Flaschen[p] Hornissentinktur",1,0,1,1,0,False,"Hornissentinktur",20662,1,3,1,66173,3,0,0
2000408,"giftig[a] Krötenfilet",4,"giftig[a] Krötenfilets",1,0,1,2,0,False,"Giftiges Krötenfilet",25155,1,5,1,66094,3,0,0
2000409,"Holzpuppe",3,"Holzpuppen",1,0,1,1,0,False,"Holzpuppe",27281,1,4,1,66102,3,0,0
2000410,"Paket[p] für Horizont",4,"Pakete[p] für Horizont",2,0,1,2,0,False,"Paket für Horizont",21003,1,1,1,65926,3,0,0
2000411,"Phiole[p] mit Rhalgrs Blut",3,"Phiolen[p] mit Rhalgrs Blut",1,0,1,1,0,False,"Phiole mit Rhalgrs Blut",20662,1,1,1,65801,3,0,0
2000412,"Stellenaushang",4,"Stellenaushängen",1,0,1,0,0,False,"Stellenaushang",25906,1,5,1,66168,3,0,0
2000413,"Pfändungsmarke",3,"Pfändungsmarken",1,0,1,1,0,False,"Pfändungsmarke",25906,1,4,1,65766,3,0,0
2000414,"Trockenfisch",4,"Trockenfische",2,0,1,0,0,False,"Trockenfisch",25919,1,1,1,65883,3,0,0
2000415,"Stück[p] Geierbrustfleisch",4,"Stücke[p] Geierbrustfleisch",2,0,1,2,0,False,"Geierbrustfleisch",25151,1,1,1,65883,3,0,0
2000416,"Kiste[p] mit Ätherphiolen",3,"Kisten[p] mit Ätherphiolen",1,0,1,1,0,False,"Kiste mit Ätherphiolen",21003,1,1,1,65884,3,0,0
2000417,"Flasche[p] mit Amalj'aa-Blut",3,"Flaschen[p] mit Amalj'aa-Blut",1,0,1,1,0,False,"Amalj'aa-Blut",22601,1,2,1,65884,3,0,0
2000418,"Kiste[p] mit Ätherphiolen",3,"Kisten[p] mit Ätherphiolen",1,0,1,1,0,False,"Kiste mit Ätherphiolen",21003,1,1,1,65885,3,0,0
2000419,"Flasche[p] mit Amalj'aa-Blut",3,"Flaschen[p] mit Amalj'aa-Blut",1,0,1,1,0,False,"Amalj'aa-Blut",22601,1,2,1,65885,3,0,0
2000420,"blutig[a] Zepter",4,"blutig[a] Zepter",2,0,1,2,0,False,"Blutiges Zepter",32806,1,1,1,65887,3,0,0
2000421,"zerfetzt[a] Foliant",6,"zerfetzt[a] Folianten",1,0,1,0,0,False,"Zerfetzter Foliant",26002,1,1,1,65887,3,0,0
2000422,"Abhandlung[p] über Mormo",3,"Abhandlungen[p] über Mormo",1,0,1,1,0,False,"Buch von Mormo",26002,1,3,1,65888,3,0,0
2000423,"abgewetzt[a] Gil",3,"abgewetzt[a] Gil",1,0,1,1,0,False,"Abgewetzte Gil",25917,1,5,1,66090,3,0,0
2000424,"",0,"",0,0,0,0,0,False,"",0,0,0,0,0,0,0,0
2000425,"Abhandlung[p] über Mormo",3,"Abhandlung[p] über Mormo",1,0,1,1,0,False,"Buch von Mormo",26002,1,3,1,65888,3,0,0
2000426,"Zeichnung[p] von Cocobusi",3,"Zeichnungen[p] von Cocobusi",1,0,1,1,0,False,"Zeichnung von Cocobusi",25906,1,3,1,65889,3,0,0
2000427,"Flusskrötenleber",3,"Flusskrötenlebern",1,0,1,1,0,False,"Flusskrötenleber",22603,1,3,1,66011,3,0,0
2000428,"Leinensack[p] mit Schafwolle",4,"Leinensäcke[p] mit Schafwolle",2,0,1,0,0,False,"Leinensack mit Schafwolle",22610,1,1,1,66012,3,0,0
2000429,"Beutel[p] mit frischem Sonnenweizenmehl",4,"Beutel[p] mit frischem Sonnenweizenmehl",2,0,1,0,0,False,"Frisches Sonnenweizenmehl",25351,1,4,1,66013,3,0,0
2000430,"Kleidungskiste",3,"Kleidungskisten",1,0,1,1,0,False,"Kleidungskiste",21003,1,3,1,66014,3,0,0
2000431,"Kleidungskiste",3,"Kleidungskisten",1,0,1,1,0,False,"Kleidungskiste",21005,1,1,1,0,3,0,0
2000432,"Kleidungskiste",3,"Kleidungskisten",1,0,1,1,0,False,"Kleidungskiste",23001,1,1,1,0,3,0,0
2000433,"blutig[a] Armreif",4,"blutig[a] Armreife",2,0,1,0,0,False,"Blutiger Armreif",55601,1,1,1,65887,3,0,0
2000434,"Köderkiste",3,"Köderkisten",1,0,1,1,0,False,"Köderkiste",21003,1,1,1,66015,3,0,0
2000435,"groß[a] Leinensack",4,"groß[a] Leinensäcke",2,0,1,0,0,False,"Großer Leinensack",21610,1,3,1,66016,3,0,0
2000436,"Dodo-Leinensack",4,"Dodo-Leinensäcke",2,0,1,0,0,False,"Dodo-Leinensack",25919,1,3,1,66016,3,0,0
2000437,"Entlausungsbürste",3,"Entlausungsbürsten",1,0,1,1,0,False,"Entlausungsbürste",25919,1,3,1,66017,3,0,0
2000438,"Phiole[p] Öllaus-Glibberschleim",3,"Phiole[p] Öllaus-Glibberschleim",2,0,1,1,0,False,"Öllaus-Glibberschleim",25105,1,1,1,66019,3,0,0
2000439,"Phiole[p] gallefarbener Absonderung",3,"Phiolen[p] gallefarbener Absonderung",1,0,1,1,0,False,"Gallefarbene Absonderung",25054,1,3,1,66019,3,0,0
2000440,"lupenrein[a] Erdkristall",4,"lupenrein[a] Erdkristalle",2,0,1,0,0,False,"Lupenreiner Erdkristall",20012,1,3,1,66021,3,0,0
2000441,"klein[a] Schlüssel",4,"klein[a] Schlüssel",2,0,1,0,0,False,"Kleiner Schlüssel",25904,1,99,1,0,0,0,0
2000442,"Sprengstoffbündel[p] (6 Unzen)",4,"Sprengstoffbündel[p] (6 Unzen)",2,0,1,2,0,False,"Sprengstoffbündel (6 Unzen)",21001,1,99,1,0,0,0,0
2000443,"",0,"",0,0,0,0,0,False,"",0,0,0,0,0,0,0,0
2000444,"Flasche[p] Straßenlampenöl",4,"Flasche[p] Straßenlampenöl",1,0,1,2,0,False,"Straßenlampenöl",25055,1,7,1,65656,3,0,0
2000445,"Brief[p] an Merlwyb",4,"Briefe[p] an Merlwyb",2,0,1,0,0,False,"Brief an Merlwyb",25918,1,1,1,66064,3,0,0
2000446,"Brief[p] an Kan-E-Senna",4,"Briefe[p] an Kan-E-Senna",2,0,1,0,0,False,"Brief an Kan-E-Senna",25918,1,1,1,66064,3,0,0
2000447,"Stängel[p] suspekten Krauts",4,"Stängel[p] suspekten Krauts",2,0,1,0,0,False,"Suspektes Kraut",25002,1,6,1,65647,0,0,0
2000448,"Lauschliebs Formular",4,"Lauschliebs Formulare",2,0,1,2,0,False,"Lauschliebs Formular",25918,1,1,1,65649,0,0,0
2000449,"Schuldnerliste",3,"Schuldnerlisten",1,0,1,1,0,False,"Schuldnerliste",25906,1,2,1,65651,0,0,0
2000450,"Stück[p] Schaffleisch",4,"Stücke[p] Schaffleisch",2,0,1,2,0,False,"Schaffleisch",25153,1,4,1,65652,0,0,0
2000451,"Kraut und Rüben-Säckchen ",4,"Kraut und Rüben-Säckchen ",1,0,1,2,0,False,"Kraut und Rüben-Säckchen ",25919,1,2,1,65654,0,0,0
2000452,"Kraut und Rüben-Säckchen ",4,"Kraut und Rüben-Säckchen ",1,0,1,2,0,False,"Kraut und Rüben-Säckchen ",25919,1,1,1,0,0,0,0
2000453,"Vermisstenliste",8,"Vermisstenlisten",1,0,1,1,0,False,"Vermisstenliste",25906,1,1,1,65655,0,0,0
2000454,"Stückchen[p] Qualle",4,"Stückchen[p] Qualle",4,0,1,2,0,False,"Stückchen Qualle",25156,1,4,1,65658,0,0,0
2000455,"Phantombild",4,"Phantombilder",2,0,1,2,0,False,"Phantombild",25906,1,1,1,65653,0,0,0
2000456,"Brief[p] an Merlwyb",4,"Briefe[p] an Merlwyb",2,0,1,0,0,False,"Brief an Merlwyb",25918,1,1,1,66043,3,0,0
2000457,"Brief[p] an Raubahn",4,"Briefe[p] an Raubahn",2,0,1,0,0,False,"Brief an Raubahn",25918,1,1,1,66043,3,0,0
2000458,"Brief[p] an Kan-E-Senna",4,"Briefe[p] an Kan-E-Senna",2,0,1,0,0,False,"Brief an Kan-E-Senna",25918,1,1,1,66082,3,0,0
2000459,"Brief[p] an Raubahn",4,"Briefe[p] an Raubahn",2,0,1,0,0,False,"Brief an Raubahn",25918,1,1,1,66082,3,0,0
2000460,"Preisstudie",3,"Preisstudien",1,0,1,1,0,False,"Preisstudie",25906,1,1,1,65650,0,0,0
2000461,"Minfilias Dolch",2,"Minfilias Dolche",2,0,1,0,0,False,"Minfilias Dolch",30412,1,1,1,65808,3,0,0
2000462,"materiaverstärkt[a] Dolch",2,"materiaverstärkt[a] Dolche",2,0,1,0,0,False,"Materiaverstärkter Dolch",30412,1,1,1,65808,3,0,0
2000463,"Dämmerungsbrezel",4,"Dämmerungsbrezeln",1,0,1,1,0,False,"Dämmerungsbrezel",24001,1,3,1,66207,3,0,0
2000464,"Strang[p] Sago-Faser",4,"Stränge[p] Sago-Faser",2,0,1,0,0,False,"Sago-Faser",25303,1,99,1,0,0,0,0
2000465,"Sago-Kokosnuss",3,"Sago-Kokosnüsse",2,0,1,1,0,False,"Sago-Kokosnuss",25017,1,99,1,0,0,0,0
2000466,"verdorrt[a] Blatt",4,"verdorrt[a] Blätter",2,0,1,2,0,False,"Verdorrtes Blatt",25201,1,99,1,0,0,0,0
2000467,"Blütenkelch[p] einer Oschon-Roselle",2,"Blütenkelche[p] einer Oschon-Roselle",2,0,1,0,0,False,"Blütenkelch",25202,1,99,1,0,0,0,0
2000468,"Insel-Kokosnuss",3,"Insel-Kokosnüsse",2,0,1,1,0,False,"Insel-Kokosnuss",25315,1,99,1,0,0,0,0
2000469,"verwittert[a] Ziegelstein",4,"verwittert[a] Ziegelsteine",2,0,1,0,0,False,"Verwitterter Ziegelstein",22609,1,99,1,0,0,0,0
2000470,"intakt[a] Ziegelstein",4,"intakt[a] Ziegelsteine",2,0,1,0,0,False,"Intakter Ziegelstein",21251,1,99,1,0,0,0,0
2000471,"verwittert[a] Steinplatte",3,"verwittert[a] Steinplatten",1,0,1,1,0,False,"Verwitterte Steinplatte",21206,1,99,1,0,0,0,0
2000472,"intakt[a] Steinplatte",3,"intakt[a] Steinplatten",1,0,1,1,0,False,"Intakte Steinplatte",21205,1,99,1,0,0,0,0
2000473,"Kupferkiesklumpen",4,"Kupferkiesklumpen",1,0,1,0,0,False,"Kupferkies",21207,1,99,1,0,0,0,0
2000474,"geringwertig[a] Kupfererzklumpen",4,"geringwertig[a] Kupfererzklumpen",1,0,1,0,0,False,"Geringwertiger Kupfererzklumpen",21209,1,99,1,0,0,0,0
2000475,"verwittert[a] Ziegelstein",4,"verwittert[a] Ziegelsteine",2,0,1,0,0,False,"Verwitterter Ziegelstein",22609,1,99,1,0,0,0,0
2000476,"intakt[a] Ziegelstein",4,"intakt[a] Ziegelsteine",2,0,1,0,0,False,"Intakter Ziegelstein",21251,1,99,1,0,0,0,0
2000477,"Gesteinsprobe",3,"Gesteinsproben",1,0,1,1,0,False,"Gesteinsprobe",21455,1,99,1,0,0,0,0
2000478,"Erzprobe",3,"Erzproben",1,0,1,1,0,False,"Erzprobe",21203,1,99,1,0,0,0,0
2000479,"Erdklumpen",4,"Erdklumpen",1,0,1,0,0,False,"Erdklumpen",21206,1,99,1,0,0,0,0
2000480,"Zinksulfiterz-Klumpen",4,"Zinksulfiterz-Klumpen",1,0,1,0,0,False,"Zinksulfiterz",21210,1,99,1,0,0,0,0
2000481,"abgenutzt[a] Bindestein",4,"abgenutzt[a] Bindesteine",2,0,1,0,0,False,"Abgenutzter Bindestein",21454,1,99,1,0,0,0,0
2000482,"intakt[a] Bindestein",4,"intakt[a] Bindesteine",2,0,1,0,0,False,"Intakter Bindestein",22615,1,99,1,0,0,0,0
2000483,"Gesteinsprobe",3,"Gesteinsproben",1,0,1,1,0,False,"Gesteinsprobe",21454,1,99,1,0,0,0,0
2000484,"Erzprobe",3,"Erzproben",1,0,1,1,0,False,"Erzprobe",21202,1,99,1,0,0,0,0
2000485,"Peiste-Haut",3,"Peiste-Häute",2,0,1,1,0,False,"Peiste-Haut",21822,1,99,1,0,0,0,0
2000486,"verwittert[a] Steinplatte",3,"verwittert[a] Steinplatten",12,0,1,1,0,False,"Verwitterte Steinplatte",21206,1,99,1,0,0,0,0
2000487,"intakt[a] Steinplatte",3,"intakt[a] Steinplatten",12,0,1,1,0,False,"Intakte Steinplatte",21205,1,99,1,0,0,0,0
2000488,"Gesteinsprobenklumpen",4,"Gesteinsprobenklumpen",1,0,1,0,0,False,"Gesteinsprobenklumpen",21455,1,99,1,0,0,0,0
2000489,"Erzprobenklumpen",4,"Erzprobenklumpen",1,0,1,0,0,False,"Erzprobenklumpen",21211,1,99,1,0,0,0,0
2000490,"Kraftstein[p] der Erde",4,"Kraftsteine[p] der Erde",2,0,1,0,0,False,"Kraftstein der Erde",21456,1,99,1,0,0,0,0
2000491,"Grabsteinblock",4,"Grabsteinblöcke",2,0,1,0,0,False,"Grabsteinblock",21251,1,99,1,0,0,0,0
2000492,"ausgedörrt[a] Stein",4,"ausgedörrt[a] Steine",2,0,1,0,0,False,"Ausgedörrter Stein",21467,1,99,1,0,0,0,0
2000493,"magisch[a] Stein",4,"magisch[a] Steine",2,0,1,0,0,False,"Magischer Stein",21469,1,99,1,0,0,0,0
2000494,"Handvoll[p] trüben Sands",2,"Handvoll[p] trüben Sands",1,0,1,1,0,False,"Trüber Sand",22629,1,99,1,0,0,0,0
2000495,"Handvoll[p] glänzenden Sands",2,"Handvoll[p] glänzenden Sands",1,0,1,1,0,False,"Glänzender Sand",22629,1,99,1,0,0,0,0
2000496,"moosbedeckt[a] Stein",4,"moosbedeckt[a] Steine",2,0,1,0,0,False,"Moosbedeckter Stein",21252,1,99,1,0,0,0,0
2000497,"dicht[a] Schluffstein",4,"dicht[a] Schluffsteine",2,0,1,0,0,False,"Dichter Schluffstein",21453,1,99,1,0,0,0,0
2000498,"Mauerstein",4,"Mauersteine",2,0,1,0,0,False,"Mauerstein",21251,1,99,1,0,0,0,0
2000499,"schmutzig[a] Stein",4,"schmutzig[a] Steine",2,0,1,0,0,False,"Schmutziger Stein",21206,1,99,1,0,0,0,0
2000500,"graviert[a] Stein",4,"graviert[a] Steine",2,0,1,0,0,False,"Gravierter Stein",21307,1,99,1,0,0,0,0
2000501,"spitz[a] Feuerstein",4,"spitz[a] Feuersteine",2,0,1,0,0,False,"Spitzer Feuerstein",21451,1,99,1,0,0,0,0
2000502,"Mauersteinscherbe",3,"Mauersteinscherben",1,0,1,1,0,False,"Mauersteinscherbe",21251,1,99,1,0,0,0,0
2000503,"blind[a] Stein",4,"blind[a] Steine",2,0,1,0,0,False,"Blinder Stein",21251,1,99,1,0,0,0,0
2000504,"braun[a] Glasscherbe",3,"braun[a] Glasscherben",1,0,1,1,0,False,"Braune Glasscherbe",21458,1,99,1,0,0,0,0
2000505,"grün[a] Glasscherbe",3,"grün[a] Glasscherben",1,0,1,1,0,False,"Grüne Glasscherbe",21459,1,99,1,0,0,0,0
2000506,"hochwertig[a] Eisenerzklumpen",4,"hochwertig[a] Eisenerzklumpen",1,0,1,0,0,False,"Hochwertiger Eisenerzklumpen",21202,1,99,1,0,0,0,0
2000507,"Muschelfossil",4,"Muschelfossile",2,0,1,2,0,False,"Muschelfossil",22253,1,99,1,0,0,0,0
2000508,"Moraby-Auster",3,"Moraby-Austern",1,0,1,1,0,False,"Moraby-Auster",29015,1,99,1,0,0,0,0
2000509,"Rorotons Visitenkarte",3,"Rorotons Visitenkarten",1,0,1,1,0,False,"Rorotons Visitenkarte",25918,1,1,1,66153,3,0,0
2000510,"Myotragus-Steak",4,"Myotragus-Steaks",1,0,1,2,0,False,"Myotragus-Steak",25152,1,5,1,66160,3,0,0
2000511,"Scheibe[p] Tukotuko-Fleisch",3,"Scheiben[p] Tukotuko-Fleisch",1,0,1,1,0,False,"Tukotuko-Fleisch",25155,1,5,1,66167,3,0,0
2000512,"Schlüssel[p] zur Kapitänsstube",4,"Schlüssel[p] zur Kapitänsstube",2,0,1,0,0,False,"Schlüssel zur Kapitänsstube",25902,1,1,1,0,0,0,0
2000513,"Schlüssel[p] zum Wellenfahrer-Tor",4,"Schlüssel[p] zum Wellenfahrer-Tor",2,0,1,0,0,False,"Schlüssel zum Wellenfahrer-Tor",25903,1,1,1,0,0,0,0
2000514,"Schlüssel[p] zur Kerkertür",4,"Schlüssel[p] zur Kerkertür",2,0,1,0,0,False,"Schlüssel zur Kerkertür",25904,1,1,1,0,0,0,0
2000515,"Isembards Schreiben",4,"Isembards Schreiben",1,0,0,2,1,False,"Isembards Schreiben",25918,1,1,1,66155,3,0,0
2000516,"Feuer-Exergon-Essenz",3,"Feuer-Exergon-Essenzen",1,0,1,1,0,False,"Feuer-Exergon-Essenz",21261,1,99,1,0,3,0,0
2000517,"bestattungsfertig[a] Leichnam",2,"bestattungsfertig[a] Leichname",2,0,1,0,0,False,"Bestattungsfertiger Leichnam",26024,1,1,1,66156,3,0,0
2000518,"verdächtig[a] Schreiben",4,"verdächtig[a] Schreiben",1,0,1,2,0,False,"Verdächtiges Schreiben",25906,1,1,1,0,3,0,0
2000519,"Baderons Transkript",4,"Baderons Transkripte",2,0,0,2,1,False,"Baderons Transkript",26153,1,1,1,66080,3,0,0
2000520,"fremdartig[a] Brief",4,"fremdartig[a] Brief",1,0,1,2,0,False,"Fremdartiger Brief",26151,1,1,1,66225,3,0,0
2000521,"Versteckschlüssel",4,"Versteckschlüssel",2,0,1,0,0,False,"Versteckschlüssel",25904,1,1,1,0,0,0,0
2000522,"abgenutzt[a] Seilermesser",4,"abgenutzt[a] Seilermesser",2,0,1,2,0,False,"Abgenutztes Seilermesser",30401,1,1,1,66079,3,0,0
2000523,"samtbespannt[a] Kiste",3,"samtbespannt[a] Kisten",1,0,1,1,0,False,"Samtbespannte Kiste",21002,1,1,1,66226,3,0,0
2000524,"Warensäckchen",4,"Warensäckchen",1,0,1,2,0,False,"Warensäckchen",25919,1,2,1,65792,3,0,0
2000525,"Sighards Wasserbeutel",4,"Sighards Wasserbeutel",2,0,0,0,1,False,"Sighards Wasserbeutel",24454,1,1,1,65853,3,0,0
2000526,"Sighards Ledertasche",3,"Sighards Ledertaschen",1,0,0,1,1,False,"Sighards Ledertasche",23001,1,1,1,65853,3,0,0
2000527,"",0,"",0,0,0,0,0,False,"",0,0,0,0,0,0,0,0
2000528,"",0,"",0,0,0,0,0,False,"",0,0,0,0,0,0,0,0
2000529,"",0,"",0,0,0,0,0,False,"",0,0,0,0,0,0,0,0
2000530,"bunt[a] Feder",3,"bunt[a] Federn",2,0,1,1,0,False,"Bunte Feder",21907,0,99,1,0,3,0,0
2000531,"Klumpen[p] Pyrit",4,"Klumpen[p] Pyrit",1,0,1,0,0,False,"Pyrit",21207,0,99,1,0,3,0,0
2000532,"weiche Peiste-Haut",3,"weiche Peiste-Häute",2,0,1,1,0,False,"Weiche Peiste-Haut",21822,0,99,1,0,3,0,0
2000533,"Aurelia-Blase",3,"Aurelia-Blasen",1,0,1,1,0,False,"Aurelia-Blase",29005,0,99,1,0,3,0,0
2000534,"Wind-Exergon-Essenz",3,"Wind-Exergon-Essenzen",1,0,1,1,0,False,"Wind-Exergon-Essenz",21262,0,99,1,0,3,0,0
2000535,"Blitz-Exergon-Essenz",3,"Blitz-Exergon-Essenzen",1,0,1,1,0,False,"Blitz-Exergon-Essenz",21265,0,99,1,0,3,0,0
2000536,"Transportkiste",3,"Transportkisten",1,0,1,1,0,False,"Transportkiste",21003,0,99,1,0,3,0,0
2000537,"ergaunert[a] Schmuckstück",4,"ergaunert[a] Schmuckstücke",2,0,1,2,0,False,"Ergaunertes Schmuckstück",21002,0,99,1,0,3,0,0
2000538,"Stück[p] faulen Dodo-Fleischs",2,"Stücke[p] faulen Dodo-Fleischs",2,0,1,2,0,False,"Faules Dodo-Fleisch",25158,0,99,1,0,3,0,0
2000539,"altertümlich[a] Tongefäß",2,"altertümlich[a] Tongefäße",2,0,1,2,0,False,"Altertümliches Tongefäß",25055,0,99,1,0,3,0,0
2000540,"denaturiert[a] Kristall",4,"denaturiert[a] Kristalle",2,0,1,0,0,False,"Denaturierter Kristall",20664,0,99,1,0,3,0,0
2000541,"Traubenrebe",3,"Traubenreben",1,0,1,1,0,False,"Traubenrebe",25309,0,99,1,0,3,0,0
2000542,"Feenkraut-Samen",4,"Feenkraut-Samen",1,0,1,0,0,False,"Feenkraut-Samen",25919,0,99,1,0,3,0,0
2000543,"Dodo-Ei",2,"Dodo-Eier",2,0,1,2,0,False,"Dodo-Ei",25251,0,99,1,0,3,0,0
2000544,"halbleer[a] Bierflasche",3,"halbleer[a] Bierflaschen",1,0,1,1,0,False,"Halbleere Bierflasche",25057,0,99,1,0,3,0,0
2000545,"angetrieben[a] Weinflasche",3,"angetrieben[a] Weinflaschen",1,0,1,1,0,False,"Angetriebene Weinflasche",25057,0,99,1,0,3,0,0
2000546,"Beruhigungsmittel",4,"Beruhigungsmittel",2,0,1,2,0,False,"Beruhigungsmittel",20625,1,99,1,0,1,0,0
2000547,"Bomber-Finger",4,"Bomber-Finger",2,0,1,0,0,False,"Bomber-Finger",30351,1,99,1,0,3,0,0
2000548,"Leuchtkäfer-Photophor",4,"Leuchtkäfer-Photophore",2,0,1,0,0,False,"Leuchtkäfer-Photophor",25919,1,99,1,0,3,0,0
2000549,"Feuer-Exergon-Essenz",3,"Feuer-Exergon-Essenzen",1,0,1,1,0,False,"Feuer-Exergon-Essenz",21261,1,99,1,0,3,0,0
2000550,"Ballen[p] Rösling-Pollen",4,"Ballen[p] Rösling-Pollen",1,0,1,0,0,False,"Rösling-Pollen",25919,1,99,1,0,3,0,0
2000551,"Irrlicht-Funke",5,"Irrlicht-Funken",1,0,1,0,0,False,"Irrlicht-Funke",25911,1,99,1,0,3,0,0
2000552,"verwaschen[a] Nekrolog-Seite",3,"verwaschen[a] Nekrolog-Seiten",1,0,1,1,0,False,"Verwaschene Nekrolog-Seite",26151,0,99,1,0,3,0,0
2000553,"verschmutzt[a] Nekrolog-Seite",3,"verschmutzt[a] Nekrolog-Seiten",1,0,1,1,0,False,"Verschmutzte Nekrolog-Seite",26151,0,99,1,0,3,0,0
2000554,"verkohlt[a] Nekrolog-Seite",3,"verkohlt[a] Nekrolog-Seiten",1,0,1,1,0,False,"Verkohlte Nekrolog-Seite",26151,0,99,1,0,3,0,0
2000555,"angekohlt[a] Nekrolog-Seite",3,"angekohlt[a] Nekrolog-Seiten",1,0,1,1,0,False,"Angekohlte Nekrolog-Seite",26151,0,99,1,0,3,0,0
2000556,"Mandragora-Spross",2,"Mandragora-Sprossen",1,0,1,0,0,False,"Mandragora-Spross",25009,1,99,1,0,3,0,0
2000557,"Pelikan-Keule",3,"Pelikan-Keulen",1,0,1,1,0,False,"Pelikan-Keule",25155,1,99,1,0,3,0,0
2000558,"strahlend[a] Kristall",4,"strahlend[a] Kristalle",2,0,1,0,0,False,"Strahlender Kristall",20664,1,99,1,0,3,0,0
2000559,"Magitek-Funkgerät",4,"Magitek-Funkgeräte",2,0,1,2,0,False,"Magitek-Funkgerät",21002,1,99,1,0,3,0,0
2000560,"Blitz-Exergon-Essenz",3,"Blitz-Exergon-Essenzen",1,0,1,1,0,False,"Blitz-Exergon-Essenz",21265,1,99,1,0,3,0,0
2000561,"Regenbogenauster",3,"Regenbogenaustern",1,0,1,1,0,False,"Regenbogenauster",22254,0,99,1,0,0,0,0
2000562,"Bericht[p] über Kobolde",4,"Berichte[p] über Kobolde",1,0,1,0,0,False,"Bericht über Kobolde",25918,1,1,1,66022,3,0,0
2000563,"",0,"",0,0,0,0,0,False,"",0,0,0,0,0,0,0,0
2000564,"",0,"",0,0,0,0,0,False,"",0,0,0,0,0,0,0,0
2000565,"Flamme[p] der Magie",3,"Flammen[p] der Magie",1,0,1,1,0,False,"Flamme der Magie",26018,1,1,1,0,0,0,0
2000566,"Frucht[p] der Weisheit",3,"Früchte[p] der Weisheit",2,0,1,1,0,False,"Frucht der Weisheit",26016,1,1,1,0,0,0,0
2000567,"Diamant[p] des Reichtums",6,"Diamanten[p] des Reichtums",1,0,1,0,0,False,"Diamant des Reichtums",26017,1,1,1,0,0,0,0
2000568,"Helm[p] der Macht",4,"Helme[p] der Macht",2,0,1,0,0,False,"Helm der Macht",26019,1,1,1,0,0,0,0
2000569,"Portion[p] Spezialratatouille",3,"Portionen[p] Spezialratatouille",1,0,1,1,0,False,"Spezialratatouille",24108,1,1,1,65547,3,0,0
2000570,"Gevas Halsberge[p]",2,"Gevas Halsbergen[p]",2,0,1,2,0,False,"Gevas Halsberge",54840,1,1,1,0,3,0,0
2000571,"Flasche[p] Bernsteinsirup",3,"Flaschen[p] Bernsteinsirup",1,0,1,1,0,False,"Bernsteinsirup",20644,1,1,1,66246,3,0,0
2000572,"Kiste[p] mit Fallensteller-Werkzeugen",3,"Kisten[p] mit Fallensteller-Werkzeugen",1,0,1,1,0,False,"Fallensteller-Werkzeuge",21003,1,3,1,66248,3,0,0
2000573,"Bündel[p] Milchwurzeln",4,"Bündel[p] Milchwurzeln",2,0,1,2,0,False,"Milchwurzel",21005,1,1,1,66251,3,0,0
2000574,"Brief[p] an die Älteste",4,"Briefe[p] an die Älteste",2,0,1,0,0,False,"Brief an die Älteste",25918,1,1,1,66251,3,0,0
2000575,"winzig[a] Stab",4,"winzig[a] Stäbe",2,0,1,0,0,False,"Winziger Stab",32403,1,1,1,66252,3,0,0
2000576,"grün[a] Blatt",4,"grün[a] Blätter",2,0,1,2,0,False,"Grünes Blatt",25016,1,3,1,66252,3,0,0
2000577,"Rothutpilz",2,"Rothutpilze",2,0,1,0,0,False,"Rothutpilz",25406,1,5,1,66254,3,0,0
2000578,"Liste[p] des Quartiermeisters",3,"Listen[p] des Quartiermeisters",1,0,1,1,0,False,"Liste des Quartiermeisters",26151,1,1,1,66255,3,0,0
2000579,"Spindel[p] Wolkenseide",3,"Spindeln[p] Wolkenseide",1,0,1,1,0,False,"Wolkenseide",21657,1,3,1,66259,3,0,0
2000580,"leer[a] Holzbottich",4,"leer[a] Holzbottiche",2,0,1,0,0,False,"Leerer Holzbottich",22637,1,1,1,66262,3,0,0
2000581,"wassergefüllt[a] Holzbottich",4,"wassergefüllt[a] Holzbottiche",2,0,1,0,0,False,"Wassergefüllter Holzbottich",22642,1,1,1,66262,3,0,0
2000582,"Haufen[p] Antilopen-Eingeweide",4,"Haufen[p] Antilopen-Eingeweide",1,0,1,0,0,False,"Antilopen-Eingeweide",25919,1,4,1,66264,3,0,0
2000583,"Fliegenfallen-Blüte",3,"Fliegenfallen-Blüten",1,0,1,1,0,False,"Fiegenfallen-Blüte",22627,1,2,1,66264,3,0,0
2000584,"",0,"",0,0,0,0,0,False,"",0,0,0,0,0,0,0,0
2000585,"schmutzig[a] Tongefäß",2,"schmutzig[a] Tongefäße",2,0,1,2,0,False,"Schmutziges Tongefäß",22603,1,8,1,66267,3,0,0
2000586,"Feuertopf",4,"Feuertöpfe",2,0,1,0,0,False,"Feuertopf",25051,1276,3,1,66268,1,0,3
2000587,"Scharlach-Ohrring",4,"Scharlach-Ohrringe",2,0,1,0,0,False,"Scharlach-Ohrring",55216,1,1,1,66269,3,0,0
2000588,"leer[a] Fass",2,"leer[a] Fässer",2,0,1,2,0,False,"Leeres Fass",22261,1,1,1,66270,3,0,0
2000589,"wassergefüllt[a] Fass",2,"wassergefüllt[a] Fässer",2,0,1,2,0,False,"Wassergefülltes Fass",22261,1,1,1,66270,3,0,0
2000590,"Coeurl-Schnurrhaar",4,"Coeurl-Schnurrhaare",2,0,1,2,0,False,"Coeurl-Schnurrhaar",25919,1,5,1,66270,3,0,0
2000591,"warm[a] Proviantpaket",4,"warm[a] Proviantpakete",2,0,1,2,0,False,"Warmes Proviantpaket",22641,1,1,1,66271,3,0,0
2000592,"länglich[a] Fossil",4,"länglich[a] Fossilien",1,0,1,2,0,False,"Längliches Fossil",22202,1,2,1,66272,3,0,0
2000593,"rundlich[a] Fossil",4,"rundlich[a] Fossilien",1,0,1,2,0,False,"Rundliches Fossil",22256,1,1,1,66272,3,0,0
2000594,"Flasche[p] Qiqirn-Feuerwasser",3,"Flaschen[p] Qiqirn-Feuerwasser",1,0,1,1,0,False,"Qiqirn-Feuerwasser",24402,1,1,1,66273,3,0,0
2000595,"Phiole[p] Azeyma-Rosenöl",3,"Phiolen[p] Azeyma-Rosenöl",1,0,1,1,0,False,"Azeyma-Rosenöl",20663,1,1,1,66279,3,0,0
2000596,"Brief[p] von der Ältesten",4,"Briefe[p] von der Ältesten",2,0,1,0,0,False,"Brief von der Ältesten",26151,1,1,1,66280,3,0,0
2000597,"leer[a] Blutampulle",3,"leer[a] Blutampullen",1,0,1,1,0,False,"Leere Blutampulle",20642,1,3,1,66281,1,0,0
2000598,"Ampulle[p] Haarmückenblut",3,"Ampullen[p] Haarmückenblut",1,0,1,1,0,False,"Haarmückenblut",20641,1,3,1,66281,3,0,0
2000599,"Vogelscheuche",3,"Vogelscheuchen",1,0,1,1,0,False,"Vogelscheuche",21003,1,4,1,66285,3,0,0
2000600,"Flasche[p] Flauschblut",4,"Flaschen[p] Flauschblut",2,0,1,2,0,False,"Flauschblut",22601,1,3,1,66287,3,0,0
2000601,"unleserlich[a] Brief",4,"unleserlich[a] Briefe",2,0,1,0,0,False,"Unleserlicher Brief",25918,1,1,1,66288,3,0,0
2000602,"Ausgrabungsbericht",4,"Ausgrabungsberichte",2,0,1,0,0,False,"Ausgrabungsbericht",26151,1,1,1,66289,3,0,0
2000603,"Linienflug-Petition",3,"Linienflug-Petitionen",1,0,1,1,0,False,"Linienflug-Petition",26151,1,1,1,66291,3,0,0
2000604,"Beutel[p] Qualmkohle",4,"Beutel[p] Qualmkohle",2,0,1,0,0,False,"Qualmkohle",25911,1,1,1,66292,3,0,0
2000605,"Kaktusknospe",3,"Kaktusknospen",1,0,1,1,0,False,"Kaktusknospe",25310,1,5,1,66295,3,0,0
2000606,"Phiole[p] Nald'thal-Weihwasser",3,"Phiolen[p] Nald'thal-Weihwasser",1,0,1,1,0,False,"Nald'thal-Weihwasser",22614,306,1,1,66296,3,0,0
2000607,"Schale[p] Thanalan-Schwarztee",3,"Schalen[p] Thanalan-Schwarztee",1,0,1,1,0,False,"Thanalan-Schwarztee",24405,1,3,1,66297,3,0,0
2000608,"Passionsapfel",4,"Passionsäpfel",2,0,1,0,0,False,"Passionsapfel",25308,1,6,1,66304,3,0,0
2000609,"Astlfinger Kriegsaxt",3,"Astlfinger Kriegsäxte",2,0,1,1,0,False,"Astlfinger Kriegsaxt",31408,1,1,1,66307,3,0,0
2000610,"Perilla-Blatt",2,"Perilla-Blätter",2,0,1,2,0,False,"Perilla-Blatt",25201,1,1,1,66309,3,0,0
2000611,"Flasche[p] Mun-Tuy-Soße",3,"Flaschen[p] Mun-Tuy-Soße",1,0,1,1,0,False,"Mun-Tuy-Soße",25054,1,1,1,66309,3,0,0
2000612,"Antilopenhorn",4,"Antilopenhörner",2,0,1,2,0,False,"Antilopenhorn",22204,1,4,1,66310,3,0,0
2000613,"fiebersenkend[a] Mittel",4,"fiebersenkend[a] Mittel",2,0,1,2,0,False,"Fiebersenkendes Mittel",22603,1,1,1,66310,3,0,0
2000614,"Empfehlungsschreiben[p] von Meffrid",4,"Empfehlungsschreiben[p] von Meffrid",1,0,1,2,0,False,"Empfehlungsschreiben von Meffrid",25918,1,1,1,66312,3,0,0
2000615,"Phiole[p] Peiste-Galle",3,"Phiolen[p] Peiste-Galle",1,0,1,1,0,False,"Peiste-Galle",20661,1,1,1,66316,3,0,0
2000616,"Sprengstoffröhre",3,"Sprengstoffröhren",1,0,1,1,0,False,"Sprengstoffröhre",26015,1276,1,1,66323,1,0,3
2000617,"funkelnd[a] Gesteinsbrocken",4,"funkelnd[a] Gesteinsbrocken",1,0,1,0,0,False,"Funkelnder Gesteinsbrocken",20005,1,5,1,66323,3,0,0
2000618,"Zimmerschlüssel",4,"Zimmerschlüssel",2,0,1,0,0,False,"Zimmerschlüssel",25904,1,1,1,66324,3,0,0
2000619,"Statusbericht",4,"Statusberichte",2,0,1,0,0,False,"Statusbericht",26151,1,1,1,66325,3,0,0
2000620,"Glas[p] abgestandenen Biers",2,"Gläser[p] abgestandenen Biers",2,0,1,2,0,False,"Abgestandenes Bier",20643,1,3,1,66326,3,0,0
2000621,"magisch[a] Urne",3,"magisch[a] Urnen",1,0,1,1,0,False,"Magische Urne",22603,1,1,1,66327,1,0,0
2000622,"lebend[a] Seelenstein",4,"lebend[a] Seelensteine",2,0,1,0,0,False,"Lebender Seelenstein",22618,1,1,1,66327,3,0,0
2000623,"Staubwedel",4,"Staubwedel",2,0,1,0,0,False,"Staubwedel",21901,1,2,1,66328,3,0,0
2000624,"Gogolatas Nachricht[p]",3,"Gogolatas Nachrichten[p]",1,0,1,1,0,False,"Gogolatas Nachricht",25918,1,1,1,66330,3,0,0
2000625,"Kiste[p] mit Gogolatas Waren",3,"Kisten[p] mit Gogolatas Waren",1,0,1,1,0,False,"Kiste mit Gogolatas Waren",21003,1,1,1,66331,3,0,0
2000626,"Päckchen[p] Wurzelbrote",4,"Päckchen[p] Wurzelbrote",1,0,1,2,0,False,"Päckchen Wurzelbrote",22641,1,3,1,66332,3,0,0
2000627,"Bergmannslampe",3,"Bergmannslampen",1,0,1,1,0,False,"Bergmannslampe",21003,1,1,1,66333,1,0,0
2000628,"gleißend[a] Lampe",3,"gleißend[a] Lampen",1,0,1,1,0,False,"Gleißende Lampe",21003,1,2,1,66333,3,0,0
2000629,"Stufenleiter",3,"Stufenleitern",1,0,1,1,0,False,"Stufenleiter",21003,1,3,1,66334,3,0,0
2000630,"Lilienknopf",2,"Lilienknöpfe",2,0,1,0,0,False,"Lilienknopf",25917,1,1,1,66336,3,0,0
2000631,"Krötenstuhl-Kappe",3,"Krötenstuhl-Kappen",1,0,1,1,0,False,"Krötenstuhl-Kappe",25407,1,5,1,66340,3,0,0
2000632,"dick[a] Glasgefäß",2,"dick[a] Glasgefäße",2,0,1,2,0,False,"Dickes Glasgefäß",22606,1,1,1,66341,1,0,0
2000633,"lebend[a] Blitz-Exergon",4,"lebend[a] Blitz-Exergone",2,0,1,2,0,False,"Lebendes Blitz-Exergon",22606,1,1,1,66341,3,0,0
2000634,"Flasche[p] Hoffnungsschimmer-Wasser",3,"Flaschen[p] Hoffnungsschimmer-Wasser",1,0,1,1,0,False,"Hoffnungsschimmer-Wasser",22614,1,3,1,66342,3,0,0
2000635,"",0,"",0,0,0,0,0,False,"",0,0,0,0,0,0,0,0
2000636,"gemästet[a] Hering",4,"gemästet[a] Heringe",2,0,1,0,0,False,"Gemästeter Hering",29010,1,1,1,66348,3,0,0
2000637,"Nöckbein",4,"Nöckbeine",2,0,1,2,0,False,"Nöckbein",25154,1,1,1,66348,3,0,0
2000638,"Rothutpilz",2,"Rothutpilze",2,0,1,0,0,False,"Rothutpilz",25406,1,1,1,66351,3,0,0
2000639,"Schachtel[p] mit ul'dhischen Räucherstäbchen",3,"Schachteln[p] mit ul'dhischen Räucherstäbchen",1,0,1,1,0,False,"Schachtel mit ul'dhischen Räucherstäbchen",23001,1,1,1,66353,3,0,0
2000640,"heruntergefallen[a] Holzstück",4,"heruntergefallen[a] Holzstücke",2,0,1,2,0,False,"Heruntergefallenes Holzstück",22453,1,3,1,66354,3,0,0
2000641,"Adaman-Taimai-Ei",2,"Adaman-Taimai-Eier",2,0,1,2,0,False,"Adaman-Taimai-Ei",25251,1,1,1,66355,3,0,0
2000642,"Flasche[p] Drakonblut",3,"Flaschen[p] Drakonblut",1,0,1,1,0,False,"Flasche Drakonblut",22601,1,7,1,66356,3,0,0
2000643,"blutig[a] Guisarme",3,"blutig[a] Guisarmen",1,0,1,1,0,False,"Blutige Guisarme",31817,1,1,1,66357,3,0,0
2000644,"geschmacklos[a] Halskette",3,"geschmacklos[a] Halsketten",1,0,1,1,0,False,"Geschmacklose Halskette",54832,1,1,1,66357,3,0,0
2000645,"Anglerfisch-Kadaver",4,"Anglerfisch-Kadaver",2,0,1,0,0,False,"Anglerfisch-Kadaver",25919,1,1,1,66358,3,0,0
2000646,"Yarzon-Zahn",4,"Yarzon-Zähne",2,0,1,0,0,False,"Yarzon-Zahn",22259,1,6,1,66361,3,0,0
2000647,"leer[a] Sack[p] für Anglerfische",4,"leer[a] Säcke[p] für Anglerfische",2,0,1,0,0,False,"Leerer Sack für Anglerfische",22029,1,3,1,66366,1,0,0
2000648,"voll[a] Sack[p] für Anglerfische",4,"voll[a] Säcke[p] für Anglerfische",2,0,1,0,0,False,"Voller Sack für Anglerfische",25919,1,3,1,66366,3,0,0
2000649,"Flasche[p] Onyx-Branntwein",3,"Flaschen[p] Onyx-Branntwein",1,0,1,1,0,False,"Onyx-Branntwein",25057,1,1,1,66367,3,0,0
2000650,"blutverkrustet[a] Sack",4,"blutverkrustet[a] Säcke",2,0,1,0,0,False,"Blutverkrusteter Sack",25919,1,5,1,66369,3,0,0
2000651,"provisorisch[a] Bombe",3,"provisorisch[a] Bomben",1,0,1,1,0,False,"Provisorische Bombe",25919,1276,3,1,66371,1,0,3
2000652,"Löwenmedaille",3,"Löwenmedaillen",1,0,1,1,0,False,"Löwenmedaille",25917,1,3,1,66374,3,0,0
2000653,"Aperitif-Bestellzettel",4,"Aperitif-Bestellzettel",2,0,1,0,0,False,"Aperitif-Bestellzettel",25918,1,1,1,66375,3,0,0
2000654,"Stück[p] hochwertigen Korks",4,"Stücke[p] hochwertigen Korks",2,0,1,2,0,False,"Hochwertiger Kork",22454,1,5,1,66378,3,0,0
2000655,"Flasche[p] Lohmani-Wein",3,"Flaschen[p] Lohmani-Wein",1,0,1,1,0,False,"Lohmani-Wein",25057,1,1,1,66381,3,0,0
2000656,"Dschungel-Coeurl-Haut",3,"Dschungel-Coeurl-Häute",2,0,1,1,0,False,"Dschungel-Coeurl-Haut",21817,1,4,1,66383,3,0,0
2000657,"Kokosnuss[p] mit Palmenwein",3,"Kokosnüsse[p] mit Palmenwein",2,0,1,1,0,False,"Palmenwein",25315,1,3,1,66384,3,0,0
2000658,"Bacchus-Weinrebe",3,"Bacchus-Weinreben",1,0,1,1,0,False,"Bacchus-Weinrebe",22417,1,1,1,66386,3,0,0
2000659,"Flasche[p] Bacchus-Wein",3,"Flaschen[p] Bacchus-Wein",1,0,1,1,0,False,"Bacchus-Wein",25057,1,1,1,66386,3,0,0
2000660,"Wind-Exergon-Essenz",3,"Wind-Exergon-Essenzen",1,0,1,1,0,False,"Wind-Exergon-Essenz",21262,1,3,1,66387,3,0,0
2000661,"Strauß[p] Oschon-Rosellen",2,"Sträuße[p] Oschon-Rosellen",2,0,1,0,0,False,"Oschon-Rosellen-Strauß",25022,1,4,1,66388,3,0,0
2000662,"exotisch[a] Festmahl",4,"exotisch[a] Festmähler",2,0,1,2,0,False,"Exotisches Festmahl",22261,1,3,1,66390,3,0,0
2000663,"Strauß[p] exotischer Blumen",2,"Sträuße[p] exotischer Blumen",2,0,1,0,0,False,"Exotischer Blumenstrauß",22631,1,3,1,66390,3,0,0
2000664,"Flasche[p] Bacchus-Wein",3,"Flaschen[p] Bacchus-Wein",1,0,1,1,0,False,"Bacchus-Wein",25057,1,2,1,66390,3,0,0
2000665,"Brief[p] an Bloeidin",4,"Briefe[p] an Bloeidin",2,0,1,0,0,False,"Brief an Bloeidin",25918,1,1,1,66394,3,0,0
2000666,"groß[a] Warmwasser-Forelle",3,"groß[a] Warmwasser-Forellen",1,0,1,1,0,False,"Große Warmwasser-Forelle",29204,1,1,1,66395,3,0,0
2000667,"gegrillt[a] Forellenfilet",4,"gegrillt[a] Forellenfilets",1,0,1,2,0,False,"Gegrilltes Forellenfilet",24301,1,3,1,66395,3,0,0
2000668,"Golem-Seelenstein",4,"Golem-Seelensteine",2,0,1,0,0,False,"Golem-Seelenstein",21202,1,1,1,66397,3,0,0
2000669,"Velociraptor-Klaue",3,"Velociraptor-Klauen",1,0,1,1,0,False,"Velociraptor-Klaue",22301,1,3,1,66398,3,0,0
2000670,"leer[a] Sack[p] für Coeurl",4,"leer[a] Säcke[p] für Coeurl",2,0,1,0,0,False,"Leerer Sack für Coeurl",22029,1,1,1,66399,1,0,0
2000671,"voll[a] Sack[p] für Coeurl",4,"voll[a] Säcke[p] für Coeurl",2,0,1,0,0,False,"Voller Sack für Coeurl",25919,1,1,1,66399,3,0,0
2000672,"Beutel[p] Qualmkohle",4,"Beutel[p] Qualmkohle",2,0,1,0,0,False,"Qualmkohle",25911,1276,3,1,66401,1,0,3
2000673,"Phiole[p] Salamander-Öl",3,"Phiolen[p] Salamander-Öl",1,0,1,1,0,False,"Phiole Salamander-Öl",22603,1,4,1,66402,3,0,0
2000674,"Korb[p] mit kaltem Warmwein",4,"Körbe[p] mit kaltem Warmwein",2,0,1,0,0,False,"Kalter Warmwein",25057,1,1,1,66403,3,0,0
2000675,"Flasche[p] heißen Warmweins",3,"Flaschen[p] heißen Warmweins",1,0,1,1,0,False,"Heißer Warmwein",25057,1,4,1,66403,3,0,0
2000676,"Flasche[p] Flusswasser",3,"Flaschen[p] Flusswasser",1,0,1,1,0,False,"Flusswasser",22614,1,3,1,66404,3,0,0
2000677,"kaputt[a] Destillierkolben",4,"kaputt[a] Destillierkolben",1,0,1,0,0,False,"Kaputter Destillierkolben",25055,1,1,1,66407,3,0,0
2000678,"Spitzmeißel",4,"Spitzmeißel",2,0,1,0,0,False,"Spitzmeißel",23103,1,1,1,66408,3,0,0
2000679,"Spitzzange",3,"Spitzzangen",1,0,1,1,0,False,"Spitzzange",35251,1,1,1,66408,3,0,0
2000680,"repariert[a] Uhr",3,"repariert[a] Uhren",1,0,1,1,0,False,"Reparierte Uhr",21002,1,1,1,66408,3,0,0
2000681,"Monsterabwehr-Räucherstäbchen",4,"Monsterabwehr-Räucherstäbchen",1,0,1,2,0,False,"Monsterabwehr-Räucherstäbchen",23001,1,4,1,66409,3,0,0
2000682,"dick[a] Gilbeutel",4,"dick[a] Gilbeutel",2,0,1,0,0,False,"Dicker Gilbeutel",25919,1,1,1,66411,3,0,0
2000683,"dick[a] Gilbeutel",4,"dick[a] Gilbeutel",2,0,1,0,0,False,"Dicker Gilbeutel",25919,1,1,1,66411,3,0,0
2000684,"Zimtkeks",2,"Zimtkekse",2,0,1,0,0,False,"Zimtkeks",24007,1,1,1,66411,3,0,0
2000685,"Leichnam[p] eines Mitglieds des Bundes der Morgenröte",4,"Leichname[p] eines Mitglieds des Bundes der Morgenröte",2,0,1,0,0,False,"Leichnam eines Mitglieds des Bundes der Morgenröte",26024,1,4,1,66412,3,0,0
2000686,"Noraxias Leichnam",4,"Noraxias Leichname",2,0,0,0,1,False,"Noraxias Leichnam",26024,1,1,1,66412,3,0,0
2000687,"verlumpt[a] Leinenstück[p]",4,"verlumpt[a] Leinenstücke[p]",2,0,1,2,0,False,"Verlumptes Leinen",21601,1,1,1,66416,3,0,0
2000688,"Sonnenküsten-Sabotender-Arm",4,"Sonnenküsten-Sabotender-Arme",2,0,1,0,0,False,"Sonnenküsten-Sabotender-Arm",25214,1,1,1,66417,3,0,0
2000689,"Flasche[p] Sonnennektar",3,"Flaschen[p] Sonnennektar",1,0,1,1,0,False,"Sonnennektar",24406,1,1,1,66417,3,0,0
2000690,"Stück[p] faulen Dodo-Fleischs",4,"Stücke[p] faulen Dodo-Fleischs",2,0,1,2,0,False,"Faules Dodo-Fleisch",24353,1,1,1,66421,3,0,0
2000691,"",0,"",0,0,0,0,0,False,"",0,0,0,0,0,0,0,0
2000692,"",0,"",0,0,0,0,0,False,"",0,0,0,0,0,0,0,0
2000693,"Kiste[p] mit Diebesgut",3,"Kisten[p] mit Diebesgut",1,0,1,1,0,False,"Diebesgut",21003,1,1,1,66425,3,0,0
2000694,"Kiste[p] mit Diebesgut",3,"Kisten[p] mit Diebesgut",1,0,1,1,0,False,"Diebesgut",21003,1,1,1,66425,3,0,0
2000695,"Kiste[p] mit Diebesgut",3,"Kisten[p] mit Diebesgut",1,0,1,1,0,False,"Diebesgut",21003,1,1,1,66425,3,0,0
2000696,"Kiste[p] mit Diebesgut",3,"Kisten[p] mit Diebesgut",1,0,1,1,0,False,"Diebesgut",21003,1,1,1,0,3,0,0
2000697,"Brief[p] an Haurchefant",4,"Briefe[p] an Haurchefant",2,0,1,0,0,False,"Brief an Haurchefant",25918,1,1,1,66426,3,0,0
2000698,"Bündel[p] Brennholz",4,"Bündel[p] Brennholz",2,0,1,2,0,False,"Brennholz",27281,1,8,1,66428,3,0,0
2000699,"Portion[p] frischen Karakul-Filets",3,"Portionen[p] frischen Karakul-Filets",1,0,1,1,0,False,"Frisches Karakul-Filet",25153,1,12,1,66429,3,0,0
2000700,"hochwertig[a] Karakul-Fell",3,"hochwertig[a] Karakul-Felle",2,0,1,2,0,False,"Hochwertiges Karakul-Fell",21820,1,12,1,66429,3,0,0
2000701,"silbern[a] Ring",4,"silbern[a] Ringe",2,0,1,0,0,False,"Silberner Ring",54403,1,1,1,66430,3,0,0
2000702,"stumpf[a] Messer",4,"stumpf[a] Messer",2,0,1,2,0,False,"Stumpfes Messer",30363,1,1,1,66434,3,0,0
2000703,"Schneewolf-Fell",4,"Schneewolf-Felle",2,0,1,2,0,False,"Schneewolf-Fell",21819,1,4,1,66435,3,0,0
2000704,"robust[a] Strohseil",4,"robust[a] Strohseile",2,0,1,2,0,False,"Robustes Strohseil",26103,1,1,1,66437,3,0,0
2000705,"gefesselt[a] Karakul",3,"gefesselt[a] Karakul",1,0,1,2,0,False,"Gefesseltes Karakul",21003,1,1,1,66437,3,0,0
2000706,"Beutel[p] Qualmkohle",4,"Beutel[p] Qualmkohle",2,0,1,0,0,False,"Qualmkohle",25911,1,5,1,66438,3,0,0
2000707,"schwarz[a] Eiben-Holzscheit",4,"schwarz[a] Eiben-Holzscheite",2,0,1,2,0,False,"Schwarzes Eiben-Holzscheit",22401,1,1,1,66440,3,0,0
2000708,"Brief[p] an Isaudorel",4,"Briefe[p] an Isaudorel",2,0,1,0,0,False,"Brief an Isaudorel",26151,1,1,1,66441,3,0,0
2000709,"Bomber-Finger",4,"Bomber-Finger",2,0,1,0,0,False,"Bomber-Finger",30351,1,1,1,66444,3,0,0
2000710,"Brief[p] an Belmont",4,"Briefe[p] an Belmont",2,0,1,0,0,False,"Brief an Belmont",26151,1,1,1,66445,3,0,0
2000711,"Drachenaugen-Rosarium",4,"Drachenaugen-Rosarien",1,0,1,2,0,False,"Drachenaugen-Rosarium",21002,1,2,1,66447,3,0,0
2000712,"Kopie[p] von „Gebildet und gut gekleidet“",3,"Kopien[p] von „Gebildet und gut gekleidet“",1,0,1,1,0,False,"Gebildet und gut gekleidet",20601,1,1,1,0,3,0,0
2000713,"seltsam[a] Blatt",4,"seltsam[a] Blätter",2,0,1,2,0,False,"Seltsames Blatt",20601,1,1,1,0,3,0,0
2000714,"Fass[p] raffinierten Erdseims",3,"Fässer[p] raffinierten Erdseims",1,0,1,1,0,False,"Raffinierter Erdseim",22606,1,1,1,0,3,0,0
2000715,"Strauß[p] Nymeia-Lilien",2,"Sträuße[p] Nymeia-Lilien",2,0,1,0,0,False,"Nymeia-Lilien",22627,1,1,1,66457,3,0,0
2000716,"Flasche[p] Daniffens Freude",3,"Flaschen[p] Daniffens Freude",1,0,1,1,0,False,"Daniffens Freude",25057,1,1,1,66449,3,0,0
2000717,"Kristallperle",3,"Kristallperlen",1,0,1,1,0,False,"Kristallperle",21280,1,3,1,66450,3,0,0
2000718,"Mithril-Rosarium",4,"Mithril-Rosarien",1,0,1,2,0,False,"Mithril-Rosarium",25919,1,1,1,66451,3,0,0
2000719,"vergilbt[a] Almanach",4,"vergilbt[a] Almanache",2,0,1,0,0,False,"Vergilbter Almanach",26002,1,1,1,66452,3,0,0
2000720,"astrologisch[a] Notizbuch",4,"astrologisch[a] Notizbücher",2,0,1,2,0,False,"Astrologisches Notizbuch",26002,1,1,1,66453,3,0,0
2000721,"Brief[p] von Haurchefant",4,"Briefe[p] von Haurchefant",2,0,1,0,0,False,"Brief von Haurchefant",25918,1,1,1,66453,3,0,0
2000722,"Brief[p] von Francel",4,"Briefe[p] von Francel",2,0,1,0,0,False,"Brief von Francel",25918,1,1,1,66453,3,0,0
2000723,"Brief[p] vom Haus Haillenarte",4,"Briefe[p] vom Haus Haillenarte",2,0,1,0,0,False,"Brief vom Haus Haillenarte",26151,1,1,1,66462,3,0,0
2000724,"Stück[p] Olm-Schwanzfleisch",4,"Stücke[p] Olm-Schwanzfleisch",2,0,1,2,0,False,"Olm-Schwanzfleisch",25152,1,1,1,66463,3,0,0
2000725,"Olm-Steak",4,"Olm-Steaks",1,0,1,2,0,False,"Olm-Steak",24352,1,3,1,66463,3,0,0
2000726,"Sack[p] mit Besitztümern",4,"Säcke[p] mit Besitztümern",2,0,1,0,0,False,"Besitztümer",25919,1,1,1,66464,3,0,0
2000727,"×大審門の瓦礫（未使用）",0,"",0,0,1,0,0,False,"",21003,1,1,1,0,3,0,0
2000728,"Klumpen[p] Chinchilla-Fett",4,"Klumpen[p] Chinchilla-Fett",1,0,1,0,0,False,"Chinchilla-Fett",22603,1,4,1,66468,3,0,0
2000729,"Drachenschuppe",3,"Drachenschuppen",1,0,1,1,0,False,"Drachenschuppe",22251,1,1,1,66469,3,0,0
2000730,"tot[a] Ratte",3,"tot[a] Ratten",1,0,1,1,0,False,"Tote Ratte",25919,1,1,1,66470,3,0,0
2000731,"alchemistisch[a] Gebräu",4,"alchemistisch[a] Gebräue",2,0,1,2,0,False,"Alchemistisches Gebräu",20646,1,1,1,66471,3,0,0
2000732,"Eis-Exergon-Essenz",3,"Eis-Exergon-Essenzen",1,0,1,1,0,False,"Eis-Exergon-Essenz",21266,1,6,1,66473,3,0,0
2000733,"blutig[a] Ernennungsurkunde",3,"blutig[a] Ernennungsurkunden",1,0,1,1,0,False,"Blutige Ernennungsurkunde",26151,1,1,1,66475,3,0,0
2000734,"beschädigt[a] Waffe",3,"beschädigt[a] Waffen",1,0,1,1,0,False,"Beschädigte Waffe",30435,1,5,1,66478,3,0,0
2000735,"Phiole[p] konzentrierten Wahns",3,"Phiolen[p] konzentrierten Wahns",1,0,1,1,0,False,"Konzentrierter Wahn",20663,1,1,1,66479,3,0,0
2000736,"Kerkerschlüssel",4,"Kerkerschlüssel",2,0,1,0,0,False,"Kerkerschlüssel",25903,1,1,1,66480,3,0,0
2000737,"Eisen-Eispickel",4,"Eisen-Eispickel",2,0,1,0,0,False,"Eisen-Eispickel",38001,1,1,1,66484,3,0,0
2000738,"Flasche[p] Notfall-Branntwein",2,"Flasche[p] Notfall-Branntwein",2,0,1,1,0,False,"Notfall-Branntwein",25057,1,1,1,66486,3,0,0
2000739,"dick[a] Seil",4,"dick[a] Seile",2,0,1,2,0,False,"Dickes Seil",26103,1,1,1,66487,3,0,0
2000740,"Tontopf",4,"Tontöpfe",2,0,1,0,0,False,"Tontopf",22603,1,1,1,66490,3,0,0
2000741,"verstärkt[a] Tontopf",4,"verstärkt[a] Tontöpfe",2,0,1,0,0,False,"Verstärkter Tontopf",22603,1,1,1,66491,3,0,0
2000742,"Brechschlägel",4,"Brechschlägel",2,0,1,0,0,False,"Brechschlägel",38051,1,1,1,66492,3,0,0
2000743,"Flasche[p] mit Flockenblut",3,"Flaschen[p] mit Flockenblut",1,0,1,1,0,False,"Flockenblut",22601,1,5,1,66493,3,0,0
2000744,"klar[a] Quarz",2,"klar[a] Quarze",2,0,1,2,0,False,"Klares Quarz",20664,1,5,1,66494,3,0,0
2000745,"golden[a] Feder",3,"golden[a] Federn",1,0,1,1,0,False,"Goldene Feder",21901,1,1,1,66497,3,0,0
2000746,"leer[a] Weinflasche",3,"leer[a] Weinflaschen",1,0,1,1,0,False,"Leere Weinflasche",25057,1,1,1,66501,3,0,0
2000747,"gefüllt[a] Weinflasche",3,"gefüllt[a] Weinflaschen",1,0,1,1,0,False,"Gefüllte Weinflasche",25057,1,1,1,66501,3,0,0
2000748,"Beutel[p] voller fernöstlicher Gewürze",4,"Beutel[p] voller fernöstlicher Gewürze",2,0,1,0,0,False,"Fernöstliche Gewürze",25919,1,1,1,66502,3,0,0
2000749,"Flakon[p] Rosenparfüm",4,"Flakons[p] Rosenparfüm",1,0,1,0,0,False,"Rosenparfüm",20623,1,1,1,66506,3,0,0
2000750,"silvanisch[a] Liliensamen",4,"silvanisch[a] Liliensamen",1,0,1,0,0,False,"Silvanischer Liliensamen",25919,1,3,1,66506,3,0,0
2000751,"Wind-Exergon-Essenz",3,"Wind-Exergon-Essenzen",1,0,1,1,0,False,"Wind-Exergon-Essenz",21262,1,4,1,66509,3,0,0
2000752,"Treuherz",7,"Treuherzen",1,0,1,2,0,False,"Treuherz",21253,1,1,1,66510,3,0,0
2000753,"denaturiert[a] Kristall",4,"denaturiert[a] Kristalle",2,0,1,0,0,False,"Denaturierter Kristall",20649,1,1,1,66511,3,0,0
2000754,"",0,"",0,0,0,0,0,False,"",0,0,0,0,0,0,0,0
2000755,"",0,"",0,0,0,0,0,False,"",0,0,0,0,0,0,0,0
2000756,"katalytisch[a] Ektoplasma",4,"katalytisch[a] Ektoplasmen",1,0,1,2,0,False,"Katalytisches Ektoplasma",25919,1,1,1,66523,3,0,0
2000757,"katalytisch[a] Plasma",4,"katalytisch[a] Plasmen",1,0,1,2,0,False,"Katalytisches Plasma",25919,1,9,1,66523,3,0,0
2000758,"zurückgelassen[a] Versorgungsgüter",3,"zurückgelassen[a] Versorgungsgüter",2,0,1,1,0,False,"Zurückgelassene Versorgungsgüter",21003,1,3,1,66525,3,0,0
2000759,"aufwendig[a] Umschlag",4,"aufwendig[a] Umschläge",2,0,1,0,0,False,"Aufwendiger Umschlag",25918,1,1,1,66527,3,0,0
2000760,"Blumen-Umschlag",4,"Blumen-Umschläge",2,0,1,0,0,False,"Blumen-Umschlag",25918,1,1,1,66527,3,0,0
2000761,"einfach[a] Umschlag",4,"einfach[a] Umschläge",2,0,1,0,0,False,"Einfacher Umschlag",25918,1,1,1,66527,3,0,0
2000762,"rau[a] Kristall",4,"rau[a] Kristalle",2,0,1,0,0,False,"Rauer Kristall",20649,1,4,1,66531,3,0,0
2000763,"Olm-Leber",3,"Olm-Lebern",1,0,1,1,0,False,"Olm-Leber",22602,1,5,1,66534,3,0,0
2000764,"Mährenwurzel",3,"Mährenwurzeln",1,0,1,1,0,False,"Mährenwurzel",25005,1,8,1,66535,3,0,0
2000765,"Stück[p] einer Luftschiffaußenwand",4,"Stücke[p] einer Luftschiffaußenwand",2,0,1,2,0,False,"Luftschiffaußenwand",21003,1,8,1,66536,3,0,0
2000766,"Blitzwellenwandler",4,"Blitzwellenwandler",2,0,1,0,0,False,"Blitzwellenwandler",21002,1,1,1,66537,3,0,0
2000767,"beschädigt[a] garleisch[a] Uniform",3,"beschädigt[a] garleisch[a] Uniformen",1,0,1,1,0,False,"Beschädigte garleische Uniform",42345,1,3,1,66539,3,0,0
2000768,"beschädigt[a] garleisch[a] Helm",3,"beschädigt[a] garleisch[a] Helme",1,0,1,0,0,False,"Beschädigter garleischer Helm",40128,1,3,1,66539,3,0,0
2000769,"repariert[a] garleisch[a] Uniform",3,"repariert[a] garleisch[a] Uniformen",1,0,1,1,0,False,"Reparierte garleische Uniform",42345,1,3,1,66539,3,0,0
2000770,"repariert[a] garleisch[a] Helm",3,"repariert[a] garleisch[a] Helme",1,0,1,0,0,False,"Reparierter garleischer Helm",40128,1,3,1,66539,3,0,0
2000771,"garleisch[a] Rauchsignal",4,"garleisch[a] Rauchsignale",2,0,1,2,0,False,"Garleisches Rauchsignal",25019,1,1,1,66540,3,0,0
2000772,"Marionetten-Motor",4,"Marionetten-Motoren",1,0,1,0,0,False,"Marionetten-Motor",25919,1,1,1,66541,3,0,0
2000773,"garleisch[a] Kennschlüssel",4,"garleisch[a] Kennschlüssel",2,0,1,0,0,False,"Garleischer Kennschlüssel",26014,1,1,1,66057,3,0,0
2000774,"Dämonenfliegen-Flügel",4,"Dämonenfliegen-Flügel",2,0,1,0,0,False,"Dämonenfliegen-Flügel",21951,1,3,1,66547,3,0,0
2000775,"Zeichen[p] von Bloeidins Truppe",4,"Zeichen[p] von Bloeidins Truppe",1,0,1,2,0,False,"Zeichen von Bloeidins Truppe",54809,1,4,1,66554,3,0,0
2000776,"provisorisch[a] Splitterbombe",3,"provisorisch[a] Splitterbomben",1,0,1,1,0,False,"Provisorische Splitterbombe",26015,1276,3,1,66555,1,0,3
2000777,"Kopie[p] von „Operation: Schmelztiegel in Flammen“",3,"Kopie[p] von „Operation: Schmelztiegel in Flammen“",1,0,1,1,0,False,"Operation: Schmelztiegel in Flammen",26151,1,1,1,66556,3,0,0
2000778,"",0,"",0,0,0,0,0,False,"",0,0,0,0,0,0,0,0
2000779,"Sprengstoffbündel[p] (24 Unzen)",4,"Sprengstoffbündel[p] (24 Unzen)",2,0,1,2,0,False,"Sprengstoffbündel (24 Unzen)",26015,1276,1,1,66558,1,0,3
2000780,"Flasche[p] Schlachtenbräu",3,"Flaschen[p] Schlachtenbräu",1,0,1,1,0,False,"Schlachtenbräu",22603,1,3,1,66559,3,0,0
2000781,"Kiste[p] mit Mahlstrom-Versorgungsgütern",3,"Kisten[p] mit Mahlstrom-Versorgungsgütern",1,0,1,1,0,False,"Mahlstrom-Versorgungsgüter",21003,1,1,1,66562,3,0,0
2000782,"provisorisch[a] Bombe",3,"provisorisch[a] Bomben",1,0,1,1,0,False,"Provisorische Bombe",26015,1276,3,1,66571,1,0,3
2000783,"Mahlstrom-Ration",3,"Mahlstrom-Rationen",1,0,1,1,0,False,"Mahlstrom-Ration",24111,1,2,1,66567,3,0,0
2000784,"Portion[p] roher Seewespe",3,"Portionen[p] roher Seewespe",1,0,1,1,0,False,"Rohe Seewespe",25156,1,8,1,66569,3,0,0
2000785,"Portion[p] Basilisken-Fleisch",3,"Portionen[p] Basilisken-Fleisch",1,0,1,1,0,False,"Basilisken-Fleisch",25154,1,3,1,66575,3,0,0
2000786,"Portion[p] Basilisken-Eintopf",3,"Portionen[p] Basilisken-Eintopf",1,0,1,1,0,False,"Basilisken-Eintopf",24107,1,3,1,66575,3,0,0
2000787,"Kiste[p] mit Legions-Scimitaren",3,"Kisten[p] mit Legions-Scimitaren",1,0,1,1,0,False,"Legions-Scimitare",21003,1,1,1,66576,3,0,0
2000788,"Granatenklaue",3,"Granatenklauen",1,0,1,1,0,False,"Granatenklaue",30351,1,1,1,66577,3,0,0
2000789,"Trank-Cocktail",4,"Trank-Cocktails",1,0,1,0,0,False,"Trank-Cocktail",20684,1,4,1,66580,3,0,0
2000790,"Ahriman-Augenhornhaut",3,"Ahriman-Augenhornhäute",2,0,1,1,0,False,"Ahriman-Augenhornhaut",22605,1,6,1,66581,3,0,0
2000791,"Passierschein[p] für die Weißwolf-Pforte ",4,"Passierscheine[p] für die Weißwolf-Pforte ",2,0,1,0,0,False,"Passierschein für die Weißwolf-Pforte",26153,1,1,1,66338,3,0,0
2000792,"Kopie[p] von „Gebildet und gut gekleidet“",3,"Kopien[p] von „Gebildet und gut gekleidet“",1,0,1,1,0,False,"Gebildet und gut gekleidet",26002,1,1,1,66636,3,0,0
2000793,"seltsam[a] Blatt",4,"seltsam[a] Blätter",2,0,1,2,0,False,"Seltsames Blatt",25010,1,1,1,66636,3,0,0
2000794,"unvollendet[a] Gelehrten-Gewand",4,"unvollendet[a] Gelehrten-Gewänder",2,0,1,2,0,False,"Unvollendetes Gelehrten-Gewand",23154,1,3,1,66636,3,0,0
2000795,"Urne[p] mit A-Towa-Cants Asche",3,"Urnen[p] mit A-Towa-Cants Asche",1,0,1,1,0,False,"A-Towa-Cants Asche",20601,1,1,1,0,3,0,0
2000796,"Übungskiste",3,"Übungskisten",1,0,1,1,0,False,"Übungskiste",21003,1,1,1,65991,3,0,0
2000797,"zerfetzt[a] Pergamentstück",4,"zerfetzt[a] Pergamentstücke",2,0,1,2,0,False,"Zerfetztes Pergamentstück",20601,1,1,1,0,3,0,0
2000798,"neu[a] Grimoire",3,"neu[a] Grimoires",1,0,1,2,0,False,"Neues Grimoire",20601,1,1,1,0,3,0,0
2000799,"Befehlsliste",3,"Befehlslisten",1,0,1,1,0,False,"Befehlsliste",20601,1,1,1,0,3,0,0
2000800,"frisch[a] Hering",4,"frisch[a] Heringe",2,0,1,0,0,False,"Frischer Hering",20601,1,1,1,0,3,0,0
2000801,"Aalpastete[p] nach Art des Hauses",3,"Aalpasteten[p] nach Art des Hauses",1,0,1,1,0,False,"Aalpastete nach Art des Hauses",20601,1,1,1,0,3,0,0
2000802,"schwer[a] Gilbörse",3,"schwer[a] Gilbörsen",1,0,1,1,0,False,"Schwere Gilbörse",20601,1,1,1,0,3,0,0
2000803,"seltsam[a] Lederbeutel",4,"seltsam[a] Lederbeutel",2,0,1,0,0,False,"Seltsamer Lederbeutel",20601,1,1,1,0,3,0,0
2000804,"alt[a] Pareo",4,"alt[a] Pareos",1,0,1,0,0,False,"Alter Pareo",20601,1,1,1,0,3,0,0
2000805,"Flasche[p] Qualitätswein",3,"Flaschen[p] Qualitätswein",1,0,1,1,0,False,"Qualitätswein",20601,1,1,1,0,3,0,0
2000806,"Portion[p] Spezialratatouille",3,"Portionen[p] Spezialratatouille",1,0,1,1,0,False,"Spezialratatouille",20601,1,1,1,0,3,0,0
2000807,"Gevas Halsberge[p]",3,"Gevas Halsbergen[p]",2,0,0,1,1,False,"Gevas Halsberge",54840,1,1,1,65602,3,0,0
2000808,"Shatottos Edelstein",4,"Shatottos Edelsteine",2,0,1,0,0,False,"Shatottos Edelstein",26009,1,1,1,66609,3,0,0
2000809,"Flasche[p] Nichtsgesandten-Blut",3,"Flaschen[p] Nichtsgesandten-Blut",1,0,1,1,0,False,"Nichtsgesandten-Blut",22601,1,1,1,66610,3,0,0
2000810,"Flasche[p] Nichtsgesandten-Blut",3,"Flaschen[p] Nichtsgesandten-Blut",1,0,1,1,0,False,"Nichtsgesandten-Blut",22601,1,1,1,66611,3,0,0
2000811,"Flasche[p] Nichtsgesandten-Blut",3,"Flaschen[p] Nichtsgesandten-Blut",1,0,1,1,0,False,"Nichtsgesandten-Blut",22601,1,1,1,66611,3,0,0
2000812,"Flasche[p] mit Amalj'aa-Blut",3,"Flaschen[p] mit Amalj'aa-Blut",1,0,1,1,0,False,"Amalj'aa-Blut",22601,1,1,1,66613,3,0,0
2000813,"grün[a] Kristall",4,"grün[a] Kristalle",2,0,1,0,0,False,"Grüner Kristall",26007,1,1,1,66621,3,0,0
2000814,"Drachenpfeife",3,"Drachenpfeifen",1,0,1,1,0,False,"Drachenpfeife",22205,1,1,1,66606,3,0,0
2000815,"Hordenschädel",4,"Hordenschädel",2,0,1,0,0,False,"Hordenschädel",22201,1,1,1,66606,3,0,0
2000816,"Mönch-Kristall",4,"Mönch-Kristalle",2,0,1,0,0,False,"Mönch-Kristall",26004,1,1,1,66597,3,0,0
2000817,"Äthermessgerät",4,"Äthermessgeräte",2,0,1,2,0,False,"Äthermessgerät",21003,1,1,1,66598,3,0,0
2000818,"Äthermessgerät",4,"Äthermessgeräte",2,0,1,2,0,False,"Äthermessgerät",21003,1,1,1,66599,3,0,0
2000819,"Äthermessgerät",4,"Äthermessgeräte",2,0,1,2,0,False,"Äthermessgerät",21003,1,1,1,66599,3,0,0
2000820,"Äthermessgerät",4,"Äthermessgeräte",2,0,1,2,0,False,"Äthermessgerät",21003,1,1,1,66600,3,0,0
2000821,"Sack[p] voller Leichenteile",4,"Säcke[p] voller Leichenteile",2,0,1,0,0,False,"Sack voller Leichenteile",20406,1,1,1,66591,3,0,0
2000822,"graviert[a] Kristall",4,"graviert[a] Kristalle",2,0,1,0,0,False,"Gravierter Kristall",26003,1,1,1,66591,3,0,0
2000823,"Sack[p] voller Bohnen",4,"Säcke[p] voller Bohnen",2,0,1,0,0,False,"Sack voller Bohnen",20601,1,1,1,0,3,0,0
2000824,"Drachenpfeife",3,"Drachenpfeifen",1,0,1,1,0,False,"Drachenpfeife",22205,1,1,1,66607,3,0,0
2000825,"",0,"",0,0,0,0,0,False,"",0,0,0,0,0,0,0,0
2000826,"Krug[p] frischen Honigs",4,"Krüge[p] frischen Honigs",2,0,1,0,0,False,"Frischer Honig",25102,1,1,1,66244,3,0,0
2000827,"tiefgrün[a] Tonikum",4,"tiefgrün[a] Tonika",1,0,1,2,0,False,"Tiefgrünes Tonikum",22606,1,3,1,66294,3,0,0
2000828,"Portion[p] Sperber-Ei-Suppe",3,"Portionen[p] Sperber-Ei-Suppe",1,0,1,1,0,False,"Sperber-Ei-Suppe",24111,306,1,1,66263,3,0,0
2000829,"Flasche[p] Ameisenlöwensäure",3,"Flaschen[p] Ameisenlöwensäure",1,0,1,1,0,False,"Ameisenlöwensäure",22614,306,1,1,66316,3,0,0
2000830,"hellgrün[a] alchemistisch[a] Gebräu",4,"hellgrün[a] alchemistisch[a] Gebräue",2,0,1,2,0,False,"Hellgrünes alchemistisches Gebräu",20683,306,1,1,66370,3,0,0
2000831,"Bündel[p] Milchwurzeln",4,"Bündel[p] Milchwurzeln",2,0,1,2,0,False,"Milchwurzel",25005,1,1,1,66246,3,0,0
2000832,"länglich[a] Fossil",4,"länglich[a] Fossilien",1,0,1,2,0,False,"Längliches Fossil",22202,1,1,1,0,3,0,0
2000833,"Stück[p] Wellwick-Wurmfleisch",4,"Stücke[p] Wellwick-Wurmfleisch",2,0,1,2,0,False,"Wellwick-Wurmfleisch",29001,1,1,1,66358,3,0,0
2000834,"",0,"",0,0,0,0,0,False,"",0,0,0,0,0,0,0,0
2000835,"Portion[p] Finsterpfeffer",3,"Portion[p] Finsterpfeffer",1,0,1,1,0,False,"Finsterpfeffer",25007,1,1,1,66309,3,0,0
2000836,"Portion[p] getrockneten Drachenpfeffers",3,"Portionen[p] getrockneten Drachenpfeffers",1,0,1,1,0,False,"Getrockneter Drachenpfeffer",25011,1,1,1,66309,3,0,0
2000837,"verstärkt[a] Tontopf",4,"verstärkt[a] Tontöpfe",2,0,1,0,0,False,"Verstärkter Tontopf",22603,1,1,1,66492,3,0,0
2000838,"gefüllt[a] Tontopf",4,"gefüllt[a] Tontöpfe",2,0,1,0,0,False,"Gefüllter Tontopf",22603,1,1,1,66492,3,0,0
2000839,"verstärkt[a] Tontopf",4,"verstärkt[a] Tontöpfe",2,0,1,0,0,False,"Verstärkter Tontopf",22603,1,1,1,66495,3,0,0
2000840,"verstärkt[a] Tontopf",4,"verstärkt[a] Tontöpfe",2,0,1,0,0,False,"Verstärkter Tontopf",22603,1,1,1,66498,3,0,0
2000841,"gefüllt[a] Tontopf",4,"gefüllt[a] Tontöpfe",2,0,1,0,0,False,"Gefüllter Tontopf",22603,1,1,1,66503,3,0,0
2000842,"Brief[p] an Bricelt",4,"Briefe[p] an Bricelt",2,0,1,0,0,False,"Brief an Bricelt",25918,1,1,1,66516,3,0,0
2000843,"Überfahrtgenehmigung",3,"Überfahrtgenehmigungen",1,0,1,1,0,False,"Überfahrtgenehmigung",26153,1,1,1,66497,3,0,0
2000844,"Erbstück-Ring",4,"Erbstück-Ringe",2,0,1,0,0,False,"Erbstück-Ring",54403,1,1,1,66484,3,0,0
2000845,"Stück[p] Wildschweinfleisch",4,"Stücke[p] Wildschweinfleisch",2,0,1,2,0,False,"Wildschweinfleisch",25153,1,5,1,66546,3,0,0
2000846,"Odin-Report",4,"Odin-Reporte",2,0,1,0,0,False,"Odin-Report",26151,1,1,1,66548,3,0,0
2000847,"",0,"",0,0,0,0,0,False,"",0,0,0,0,0,0,0,0
2000848,"Portion[p] verwester Seewespe",3,"Portionen[p] verwester Seewespe",1,0,1,1,0,False,"Verweste Seewespe",25156,1,8,1,66570,3,0,0
2000849,"Paar[p] Messing-Ohrstöpsel",2,"Paar[p] Messing-Ohrstöpsel",1,0,1,2,0,False,"Messing-Ohrstöpsel",25919,1,1,1,66503,3,0,0
2000850,"garleisch[a] Kurzschwert",4,"garleisch[a] Kurzschwerter",2,0,1,2,0,False,"Garleisches Kurzschwert",30407,1,1,1,66054,3,0,0
2000851,"verpackt[a] Ware",3,"verpackt[a] Waren",1,0,1,1,0,False,"Verpackte Ware",23001,1,1,1,66362,3,0,0
2000852,"Flasche[p] Cherry-Branntwein",3,"Flaschen[p] Cherry-Branntwein",1,0,1,1,0,False,"Cherry-Branntwein",25057,1,1,1,66459,3,0,0
2000853,"gestohlen[a] Dokument",4,"gestohlen[a] Dokumente",2,0,1,2,0,False,"Gestohlenes Dokument",26153,1,1,1,66531,3,0,0
2000854,"dick[a] Seil",4,"dick[a] Seile",2,0,1,2,0,False,"Dickes Seil",26103,1,1,1,66532,3,0,0
2000855,"Schale[p] Kaktustee",3,"Schalen[p] Kaktustee",1,0,1,1,0,False,"Kaktustee",24406,1,3,1,66295,3,0,0
2000856,"Brief[p] von Haurchefant",4,"Briefe[p] von Haurchefant",2,0,1,0,0,False,"Brief von Haurchefant",25918,1,1,1,66460,3,0,0
2000857,"Passionsapfel",4,"Passionsäpfel",2,0,1,0,0,False,"Passionsapfel",25308,1,2,1,66305,3,0,0
2000858,"Brief[p] von Francel",4,"Briefe[p] von Francel",2,0,1,0,0,False,"Brief von Francel",25918,1,1,1,66460,3,0,0
2000859,"Krug[a] Kaktorschnaps ",2,"Krüge[a] Kaktorschnaps ",2,0,1,0,0,False,"Kaktorschnaps",24404,1,2,1,66317,3,0,0
2000860,"Flasche[p] mit Karakul-Blut",3,"Flaschen[p] mit Karakul-Blut",1,0,1,1,0,False,"Karakul-Blut",22601,1,1,1,66451,3,0,0
2000861,"Frauenleichnam",4,"Frauenleichname",2,0,1,0,0,False,"Frauenleichnam",26024,1,1,1,66335,3,0,0
2000862,"faulig[a] Magen",4,"faulig[a] Mägen",1,0,1,0,0,False,"Fauliger Magen",22602,1,1,1,66343,3,0,0
2000863,"Stahlspachtel",3,"Stahlspachteln",1,0,1,0,0,False,"Stahlspachtel",35403,1,3,1,66373,3,0,0
2000864,"Portion[p] Goblinkäse",3,"Portionen[p] Goblinkäse",1,0,1,1,0,False,"Goblinkäse",24451,1,1,1,66368,3,0,0
2000865,"Strauß[p] Azeyma-Rosen",2,"Sträuße[p] Azeyma-Rosen",2,0,1,0,0,False,"Azeyma-Rosen-Strauß",25023,1,1,1,66508,3,0,0
2000866,"blutig[a] Ernennungsurkunde",3,"blutig[a] Ernennungsurkunden",1,0,1,1,0,False,"Blutige Ernennungsurkunde",26151,1,1,1,66476,3,0,0
2000867,"silbern[a] Ring",4,"silbern[a] Ringe",2,0,1,0,0,False,"Silberner Ring",54403,1,1,1,66431,3,0,0
2000868,"einfach[a] Vorschlaghammer",4,"einfach[a] Vorschlaghämmer",2,0,1,0,0,False,"Einfacher Vorschlaghammer",38052,1,3,1,66525,3,0,0
2000869,"Kiste[p] mit Mahlstrom-Versorgungsgütern",3,"Kisten[p] mit Mahlstrom-Versorgungsgütern",1,0,1,1,0,False,"Mahlstrom-Versorgungsgüter",21003,1,1,1,66562,3,0,0
2000870,"Kiste[p] mit Mahlstrom-Versorgungsgütern",3,"Kisten[p] mit Mahlstrom-Versorgungsgütern",1,0,1,1,0,False,"Mahlstrom-Versorgungsgüter",21003,1,1,1,66562,3,0,0
2000871,"Kobold-Priester-Helm",4,"Kobold-Priester-Helme",2,0,1,0,0,False,"Kobold-Priester-Helm",21002,1,1,1,66401,3,0,0
2000872,"Phiole[p] boshafter Tränen",3,"Phiolen[p] boshafter Tränen",1,0,1,1,0,False,"Boshafte Tränen",20662,1,99,1,0,3,0,0
2000873,"Bomber-Ringfinger",4,"Bomber-Ringfinger",2,0,1,0,0,False,"Bomber-Ringfinger",22623,0,99,1,0,3,0,0
2000874,"Glutpyroxen",4,"Glutpyroxene",2,0,1,0,0,False,"Glutpyroxen",21468,0,99,1,0,3,0,0
2000875,"Flakon[p] Drakonspeichel",4,"Flakons[p ]Drakonspeichel",1,0,1,0,0,False,"Drakonspeichel",20641,0,99,1,0,3,0,0
2000876,"Weißwolf-Fell",4,"Weißwolf-Felle",2,0,1,2,0,False,"Weißwolf-Fell",22018,0,99,1,0,3,0,0
2000877,"Napalm-Finger",4,"Napalm-Finger",2,0,1,0,0,False,"Napalm-Finger",22623,1,99,1,0,3,0,0
2000878,"Stück[p] Lammfleisch",4,"Stücke[p] Lammfleisch",2,0,1,2,0,False,"Lammfleisch",25153,1,99,1,0,3,0,0
2000879,"Bodenprobe",3,"Bodenproben",1,0,1,1,0,False,"Bodenprobe",21464,0,99,1,0,3,0,0
2000880,"Hippogryphen-Schenkel",4,"Hippogryphen-Schenkel",2,0,1,0,0,False,"Hippogryphen-Schenkel",25152,1,99,1,0,3,0,0
2000881,"Stück[p] Smei-Fleisch",4,"Stücke[p] Smei-Fleisch",2,0,1,2,0,False,"Smei-Fleisch",25153,1,99,1,0,3,0,0
2000882,"Eis-Exergon-Essenz",3,"Eis-Exergon-Essenzen",1,0,1,1,0,False,"Eis-Exergon-Essenz",21266,1,99,1,0,3,0,0
2000883,"zerfetzt[a] Pergamentstück",4,"zerfetzt[a] Pergamentstücke",2,0,1,2,0,False,"Zerfetztes Pergamentstück",25906,1,3,1,65996,3,0,0
2000884,"neu[a] Grimoire",3,"neu[a] Grimoires",1,0,1,2,0,False,"Neues Grimoire",26002,1,1,1,65996,3,0,0
2000885,"Befehlsliste",3,"Befehlslisten",1,0,1,1,0,False,"Befehlsliste",25918,1,1,1,65997,3,0,0
2000886,"frisch[a] Hering",4,"frisch[a] Heringe",2,0,1,0,0,False,"Frischer Hering",29010,1,1,1,65997,3,0,0
2000887,"Aalpastete[p] nach Art des Hauses",3,"Aalpasteten[p] nach Art des Hauses",1,0,1,1,0,False,"Aalpastete nach Art des Hauses",24305,1,1,1,65997,3,0,0
2000888,"schwer[a] Gilbörse",3,"schwer[a] Gilbörsen",1,0,1,1,0,False,"Schwere Gilbörse",26001,1,1,1,65997,3,0,0
2000889,"seltsam[a] Lederbeutel",4,"seltsam[a] Lederbeutel",2,0,1,0,0,False,"Seltsamer Lederbeutel",25919,1,1,1,65997,3,0,0
2000890,"alt[a] Pareo",4,"alt[a] Pareos",1,0,1,0,0,False,"Alter Pareo",23301,1,1,1,65997,3,0,0
2000891,"Flasche[p] Qualitätswein",3,"Flaschen[p] Qualitätswein",1,0,1,1,0,False,"Qualitätswein",25057,1,1,1,65997,3,0,0
2000892,"winzig[a] Stab",4,"winzig[a] Stäbe",2,0,1,0,0,False,"Winziger Stab",32404,1,1,1,66252,3,0,0
2000893,"Baustein",4,"Bausteine",2,0,1,0,0,False,"Baustein",22615,0,99,1,0,0,0,0
2000894,"hochwertig[a] Baustein",4,"hochwertig[a] Bausteine",2,0,1,0,0,False,"Hochwertiger Baustein",22615,0,99,1,0,0,0,0
2000895,"Eisblock",4,"Eisblöcke",2,0,1,0,0,False,"Eisblock",29001,0,99,1,0,0,0,0
2000896,"Coerthas-Kalkstein",4,"Coerthas-Kalksteine",2,0,1,0,0,False,"Coerthas-Kalkstein",22615,0,99,1,0,0,0,0
2000897,"Blaumithrilerz-Klumpen",4,"Blaumithrilerz-Klumpen",1,0,1,0,0,False,"Blaumithrilerz",21208,0,99,1,0,0,0,0
2000898,"rein[a] Blaumithrilerz-Klumpen",4,"rein[a] Blaumithrilerz-Klumpen",1,0,1,0,0,False,"Reines Blaumithrilerz",21208,0,99,1,0,0,0,0
2000899,"Eisplatte",3,"Eisplatten",1,0,1,1,0,False,"Eisplatte",20003,0,99,1,0,0,0,0
2000900,"hart[a] Eisplatte",3,"hart[a] Eisplatten",1,0,1,1,0,False,"Harte Eisplatte",20015,0,99,1,0,0,0,0
2000901,"Markasit-Klumpen",3,"Markasit-Klumpen",1,0,1,0,0,False,"Markasit-Klumpen",21216,0,99,1,0,0,0,0
2000902,"Reparaturstein",4,"Reparatursteine",2,0,1,0,0,False,"Reparaturstein",22615,0,99,1,0,0,0,0
2000903,"Coerthas-Frostbrocken",4,"Coerthas-Frostbrocken",1,0,1,0,0,False,"Coerthas-Frostbrocken",21203,0,99,1,0,0,0,0
2000904,"Coerthas-Permafrostbrocken",4,"Coerthas-Permafrostbrocken",1,0,1,0,0,False,"Coerthas-Permafrostbrocken",21203,0,99,1,0,0,0,0
2000905,"Stück[p] einer garleischen Luftschiffaußenwand",4,"Stücke[p] einer garleischen Luftschiffaußenwand",2,0,1,2,0,False,"Garleische Luftschiffaußenwand",20953,0,99,1,0,0,0,0
2000906,"Stück[p] eines garleischen Luftschiffhitzeschilds",4,"Stücke[p] eines garleischen Luftschiffhitzeschilds",2,0,1,2,0,False,"Garleisches Luftschiffhitzeschild",20960,0,99,1,0,0,0,0
2000907,"wuchernd[a] Kristall",4,"wuchernd[a] Kristalle",2,0,1,0,0,False,"Wuchernder Kristall",20015,0,99,1,0,0,0,0
2000908,"verkratzt[a] allagisch[a] Runenstein",4,"verkratzt[a] allagisch[a] Runensteine",2,0,1,0,0,False,"Verkratzter allagischer Runenstein",21300,0,99,1,0,0,0,0
2000909,"kristallisiert[a] Wurzel",3,"kristallisiert[a] Wurzeln",1,0,1,1,0,False,"Kristallisierte Wurzel",20015,0,99,1,0,0,0,0
2000910,"kristallisiert[a] Baumstamm",4,"kristallisiert[a] Baumstämme",2,0,1,0,0,False,"Kristallisierter Baumstamm",20009,0,99,1,0,0,0,0
2000911,"Bund[p] Winter-Frauenminze",4,"Bunde[p] Winter-Frauenminze",2,0,1,2,0,False,"Winter-Frauenminze",25016,0,99,1,0,0,0,0
2000912,"Bund[p] junger Winter-Frauenminze",4,"Bunde[p] junger Winter-Frauenminze",2,0,1,2,0,False,"Junge Winter-Frauenminze",25016,0,99,1,0,0,0,0
2000913,"gerad[a] Eichen-Holzscheit",4,"gerad[a] Eichen-Holzscheite",2,0,1,2,0,False,"Gerades Eichen-Holzscheit",22401,0,99,1,0,0,0,0
2000914,"Büschel[p] Kurzgras",4,"Büschel[p] Kurzgras",2,0,1,2,0,False,"Kurzgras",25010,0,99,1,0,0,0,0
2000915,"Treibholz-Ast",4,"Treibholz-Äste",2,0,1,0,0,False,"Treibholz-Ast",22416,0,99,1,0,0,0,0
2000916,"Treibholz-Baumstamm",4,"Treibholz-Baumstämme",2,0,1,0,0,False,"Treibholz-Baumstamm",22401,0,99,1,0,0,0,0
2000917,"gefleckt[a] Bockkäfer",4,"gefleckt[a] Bockkäfer",2,0,1,0,0,False,"Gefleckter Bockkäfer",27002,0,99,1,0,0,0,0
2000918,"löchrig[a] Borkenstück",4,"löchrig[a] Borkenstücke",2,0,1,2,0,False,"Löchriges Borkenstück",22418,0,99,1,0,0,0,0
2000919,"gerad[a] Ast",4,"gerad[a] Äste",2,0,1,0,0,False,"Gerader Ast",22416,0,99,1,0,0,0,0
2000920,"Hochland-Teakholzscheit",4,"Hochland-Teakholzscheite",2,0,1,2,0,False,"Hochland-Teakholzscheit",22403,0,99,1,0,0,0,0
2000921,"zerfurcht[a] Borkenstück",4,"zerfurcht[a] Borkenstücke",2,0,1,2,0,False,"Zerfurchtes Borkenstück",22418,0,99,1,0,0,0,0
2000922,"markiert[a] Borkenstück",4,"markiert[a] Borkenstücke",2,0,1,2,0,False,"Markiertes Borkenstück",22418,0,99,1,0,0,0,0
2000923,"Reliktfragment",4,"Reliktfragmente",2,0,1,2,0,False,"Reliktfragment",21457,0,99,1,0,0,0,0
2000924,"verfärbt[a] allagisch[a] Runenstein",4,"verfärbt[a] allagisch[a] Runensteine",2,0,1,0,0,False,"Verfärbter allagischer Runenstein",21300,0,99,1,0,0,0,0
2000925,"Baugerüst-Holzscheit",4,"Baugerüst-Holzscheite",2,0,1,2,0,False,"Baugerüst-Holzscheit",22403,0,99,1,0,0,0,0
2000926,"Büschel[p] kristallisierten Grases",4,"Büschel[p] kristallisierten Grases",2,0,1,2,0,False,"Kristallisiertes Gras",20015,0,99,1,0,0,0,0
2000927,"teilkristallisiert[a] Wurzel",3,"teilkristallisiert[a] Wurzeln",1,0,1,1,0,False,"Teilkristallisierte Wurzel",22416,0,99,1,0,0,0,0
2000928,"teilkristallisiert[a] Baumstamm",4,"teilkristallisiert[a] Baumstämme",2,0,1,0,0,False,"Teilkristallisierter Baumstamm",22410,0,99,1,0,0,0,0
2000929,"gezackt[a] Pfeilspitze",3,"gezackt[a] Pfeilspitzen",1,0,1,1,0,False,"Gezackte Pfeilspitze",27241,1,3,1,66398,3,0,0
2000930,"Golem-Seelenstein",4,"Golem-Seelensteine",2,0,1,0,0,False,"Golem-Seelenstein",21202,1,1,1,66510,3,0,0
2000931,"verstärkt[a] Topf",4,"verstärkt[a] Töpfe",2,0,1,0,0,False,"Verstärkter Topf",22603,1,1,1,0,3,0,0
2000932,"denaturiert[a] Kristall",4,"denaturiert[a] Kristalle",2,0,1,0,0,False,"Denaturierter Kristall",20649,1,1,1,66510,3,0,0
2000933,"Drachenknochen",4,"Drachenknochen",1,0,1,0,0,False,"Drachenknochen",22202,1,1,1,66481,3,0,0
2000934,"Dalamud-Fragment",4,"Dalamud-Fragmente",2,0,1,2,0,False,"Dalamud-Fragment",25919,1,1,1,66530,3,0,0
2000935,"Rhalgr-Talisman",4,"Rhalgr-Talismane",2,0,1,0,0,False,"Rhalgr-Talisman",26151,1,1,1,66292,3,0,0
2000936,"Jobkristall",4,"Jobkristalle",2,0,1,0,0,False,"Antiker Jobkristall",20601,1,1,1,0,3,0,0
2000937,"mystisch[a] Edelstein",4,"mystisch[a] Edelsteine",2,0,1,0,0,False,"Mystischer Edelstein",20601,1,1,1,0,3,0,0
2000938,"mystisch[a] Edelstein",4,"mystisch[a] Edelsteine",2,0,1,0,0,False,"Mystischer Edelstein",26008,1,1,1,66615,3,0,0
2000939,"Paar[p] neue Weißmagier-Handschuhe",4,"Paar[p] neue Weißmagier-Handschuhe",1,0,1,2,0,False,"Neue Weißmagier-Handschuhe",21611,1,1,1,66618,3,0,0
2000940,"neu[a] Weißmagier-Kniebundhose",3,"neu[a] Weißmagier-Kniebundhosen",1,0,1,1,0,False,"Neue Weißmagier-Kniebundhose",21611,1,1,1,66618,3,0,0
2000941,"Paar[p] neue Weißmagier-Stiefel",3,"Paar[p] neue Weißmagier-Stiefel",1,0,1,2,0,False,"Neue Weißmagier-Stiefel",21611,1,1,1,66618,3,0,0
2000942,"neu[a] Weißmagier-Stirnreif",3,"neu[a] Weißmagier-Stirnreife",1,0,1,0,0,False,"Neuer Weißmagier-Stirnreif",21611,1,1,1,66618,3,0,0
2000943,"neu[a] Weißmagier-Robe",3,"neu[a] Weißmagier-Roben",1,0,1,1,0,False,"Neue Weißmagier-Robe",21611,1,1,1,66618,3,0,0
2000944,"Urne[p] mit A-Towa-Cants Asche",3,"Urnen[p] mit A-Towa-Cants Asche",1,0,1,1,0,False,"A-Towa-Cants Asche",25055,1,1,1,66619,3,0,0
2000945,"Drachenaugen-Rosarium",4,"Drachenaugen-Rosarien",1,0,1,2,0,False,"Drachenaugen-Rosarium",21002,1,1,1,66476,3,0,0
2000946,"Bacchus-Blatt",4,"Bacchus-Blätter",2,0,1,2,0,False,"Bacchus-Blatt",25016,1,1,1,66386,3,0,0
2000947,"Kristallturm-Modell",4,"Kristallturm-Modelle",2,0,1,2,0,False,"Kristallturm-Modell",21002,1,1,1,66531,3,0,0
2000948,"Urne[p] mit Untoten-Asche",3,"Urnen[p] mit Untoten-Asche",1,0,1,1,0,False,"Untoten-Asche",22210,1,1,1,66591,3,0,0
2000949,"suspekt[a] Kristall",4,"suspekt[a] Kristalle",2,0,1,0,0,False,"Suspekter Kristall",20601,1,1,1,0,3,0,0
2000950,"Flakon[p] Rosenparfüm",4,"Flakons[p] Rosenparfüm",1,0,1,0,0,False,"Rosenparfüm",20644,1,1,1,66505,3,0,0
2000951,"Äthermessgerät",4,"Äthermessgeräte",2,0,1,2,0,False,"Äthermessgerät",21003,1,1,1,66597,3,0,0
2000952,"Strauß[p] Nymeia-Lilien",2,"Sträuße[p] Nymeia-Lilien",2,0,1,0,0,False,"Nymeia-Lilien",22627,1,1,1,66624,3,0,0
2000953,"Strauß[p] Nymeia-Lilien",2,"Sträuße[p] Nymeia-Lilien",2,0,1,0,0,False,"Nymeia-Lilien",22627,1,1,1,66626,3,0,0
2000954,"Flasche[p] mit Nichtsgesandten-Blut",3,"Flaschen[p] mit Nichtsgesandten-Blut",1,0,1,1,0,False,"Nichtsgesandten-Blut",22601,1,1,1,66609,3,0,0
2000955,"Flasche[p] mit Ixal-Blut",3,"Flaschen[p] mit Ixal-Blut",1,0,1,1,0,False,"Ixal-Blut",22601,1,1,1,66613,3,0,0
2000956,"Flasche[p] mit Kobold-Blut",3,"Flaschen[p] mit Kobold-Blut",1,0,1,1,0,False,"Kobold-Blut",22601,1,1,1,66613,3,0,0
2000957,"Phiole[p] Spektralblut",3,"Phiolen[p] Spektralblut",1,0,1,1,0,False,"Spektralblut",22601,1,1,1,66613,3,0,0
2000958,"Flasche[p] mit Marcettes Medizin",3,"Flaschen[p] mit Marcettes Medizin",1,0,1,1,0,False,"Marcettes Medizin",20645,306,1,1,66343,3,0,0
2000959,"Flasche[p] Hornissentinktur",3,"Flaschen[p] Hornissentinkturen",1,0,1,1,0,False,"Hornissentinktur",24403,306,1,1,66351,3,0,0
2000960,"Tonkrug",2,"Tonkrüge",2,0,1,0,0,False,"Tonkrug",22614,306,1,1,66397,3,0,0
2000961,"Flasche[p] dunklen Apfelessigs",3,"Flaschen[p] dunklen Apfelessigs",1,0,1,1,0,False,"Dunkler Apfelessig",25452,306,1,1,66463,3,0,0
2000962,"Pfefferbombe",3,"Pfefferbomben",1,0,1,1,0,False,"Pfefferbombe",25919,306,1,1,66530,3,0,0
2000963,"Flasche[p] Weihwasser",3,"Flaschen[p] Weihwasser",1,0,1,1,0,False,"Weihwasser",22614,306,1,1,66545,3,0,0
2000964,"unvollendet[a] Gelehrten-Gewand",4,"unvollendet[a] Gelehrten-Gewänder",2,0,1,2,0,False,"Unvollendetes Gelehrten-Gewand",20601,1,1,1,0,3,0,0
2000965,"abgetrennt[a] Bindestein",3,"abgetrennt[a] Bindesteine",2,0,1,0,0,False,"Abgetrennter Bindestein",21452,1,1,1,66545,3,0,0
2000966,"Noraxias Leichnam",4,"Noraxias Leichname",2,0,0,0,1,False,"Noraxias Leichnam",26024,1,1,1,66414,3,0,0
2000967,"Weiler-Report",4,"Weiler-Reporte",2,0,1,0,0,False,"Weiler-Report",26153,1,1,1,66680,3,0,0
2000968,"Dämmerfledermaus-Flügel",4,"Dämmerfledermaus-Flügel",2,0,1,0,0,False,"Dämmerfledermaus-Flügel",21955,1,5,1,66681,3,0,0
2000969,"Brief[p] an Wiltswys",4,"Briefe[p] an Wiltswys",2,0,1,0,0,False,"Brief an Wiltswys",25918,1,1,1,66682,3,0,0
2000970,"Phiole[p] Pelikangift",3,"Phiolen[p] Pelikangift",1,0,1,1,0,False,"Pelikangift",20626,1,3,1,66684,3,0,0
2000971,"Flasche[p] Tiefland-Weißwein",3,"Flaschen[p] Tiefland-Weißwein",1,0,1,1,0,False,"Tiefland-Weißwein",25057,1,2,1,66685,3,0,0
2000972,"Frühlingsstern",4,"Frühlingssterne",2,0,1,0,0,False,"Frühlingsstern",25008,1,1,1,66686,3,0,0
2000973,"stumpf[a] Jagdmesser",4,"stumpf[a] Jagdmesser",2,0,1,2,0,False,"Stumpfes Jagdmesser",30362,1,1,1,66318,3,0,0
2000974,"Karte[p] von Zanr'ak",3,"Karten[p] von Zanr'ak",1,0,1,1,0,False,"Karte von Zanr'ak",26151,1,1,1,66318,3,0,0
2000975,"Fläschchen[p] Wunderwasser",4,"Fläschchen[p] Wunderwasser",1,0,1,2,0,False,"Wunderwasser",22606,1,1,1,66287,3,0,0
2000976,"Flasche[p] mit Flockentonikum",3,"Flaschen[p] mit Flockentonikum",1,0,1,1,0,False,"Flockentonikum",22606,1,1,1,66493,3,0,0
2000977,"",0,"",0,0,0,0,0,False,"",0,0,0,0,0,0,0,0
2000978,"",0,"",0,0,0,0,0,False,"",0,0,0,0,0,0,0,0
2000979,"zerfallend[a] Nekrolog-Seite",3,"zerfallend[a] Nekrolog-Seiten",1,0,1,1,0,False,"Zerfallende Nekrolog-Seite",26151,0,99,1,0,3,0,0
2000980,"Schnappmaulfilet",4,"Schnappmaulfilets",1,0,1,2,0,False,"Schnappmaulfilet",25153,1,99,1,0,3,0,0
2000981,"angesengt[a] Nekrolog-Seite",3,"angesengt[a] Nekrolog-Seiten",1,0,1,1,0,False,"Angesengte Nekrolog-Seite",26151,0,99,1,0,3,0,0
2000982,"verschmutzt[a] Nekrolog-Seite",3,"verschmutzt[a] Nekrolog-Seiten",1,0,1,1,0,False,"Verschmutzte Nekrolog-Seite",26151,0,99,1,0,3,0,0
2000983,"angenagt[a] Nekrolog-Seite",3,"angenagt[a] Nekrolog-Seiten",1,0,1,1,0,False,"Angenagte Nekrolog-Seite",26151,0,99,1,0,3,0,0
2000984,"Olm-Steak",4,"Olm-Steaks",1,0,1,2,0,False,"Olm-Steak",24352,1,1,1,66463,3,0,0
2000985,"klein[a] Schlüssel",4,"klein[a] Schlüssel",2,0,1,0,0,False,"Kleiner Schlüssel",25904,1,99,1,0,0,0,0
2000986,"Steintafel",3,"Steintafeln",1,0,1,1,0,False,"Steintafel",21470,1,99,1,0,0,0,0
2000987,"Schuldschein",4,"Schuldscheine",2,0,1,0,0,False,"Schuldschein",25906,1,1,1,66241,3,0,0
2000988,"abgenutzt[a] Bravura",3,"abgenutzt[a] Bravura",1,0,1,1,0,False,"Abgenutzte Bravura",21003,1,1,1,66655,3,0,0
2000989,"abgenutzt[a] Curtana",3,"abgenutzt[a] Curtana",1,0,1,2,0,False,"Abgenutztes Curtana",21003,1,1,1,66656,3,0,0
2000990,"Paar[p] abgenutzte Sphairai",2,"Paar[p] abgenutzte Sphairai",1,0,1,2,0,False,"Abgenutzte Sphairai",21003,1,1,1,66657,3,0,0
2000991,"abgenutzt[a] Gae Bolg",3,"abgenutzt[a] Gae Bolg",1,0,1,0,0,False,"Abgenutzter Gae Bolg",21003,1,1,1,66658,3,0,0
2000992,"abgenutzt[a] Sternenstaub",3,"abgenutzt[a] Sternenstaub",1,0,1,0,0,False,"Abgenutzter Sternenstaub",21003,1,1,1,66659,3,0,0
2000993,"abgenutzt[a] Thyrus",3,"abgenutzt[a] Thyrus",1,0,1,0,0,False,"Abgenutzter Thyrus",21003,1,1,1,66660,3,0,0
2000994,"abgenutzt[a] Artemis-Bogen",3,"abgenutzt[a] Artemis-Bögen",1,0,1,0,0,False,"Abgenutzter Artemis-Bogen",21003,1,1,1,66661,3,0,0
2000995,"abgenutzt[a] Oeil Vert",3,"abgenutzt[a] Oeil Vert",1,0,1,2,0,False,"Abgenutztes Oeil Vert",21003,1,1,1,66662,3,0,0
2000996,"abgenutzt[a] Omnilex",3,"abgenutzt[a] Omnilex",1,0,1,2,0,False,"Abgenutztes Omnilex",21003,1,1,1,66663,3,0,0
2000997,"Handvoll[p] Korund-Schleifsand",3,"Handvoll[p] Korund-Schleifsand",1,0,1,1,0,False,"Korund-Schleifsand",21204,1,1,1,66655,3,0,0
2000998,"Handvoll[p] Korund-Schleifsand",3,"Handvoll[p] Korund-Schleifsand",1,0,1,1,0,False,"Korund-Schleifsand",21204,1,1,1,66656,3,0,0
2000999,"Handvoll[p] Korund-Schleifsand",3,"Handvoll[p] Korund-Schleifsand",1,0,1,1,0,False,"Korund-Schleifsand",21204,1,1,1,66657,3,0,0
2001000,"Handvoll[p] Korund-Schleifsand",3,"Handvoll[p] Korund-Schleifsand",1,0,1,1,0,False,"Korund-Schleifsand",21204,1,1,1,66658,3,0,0
2001001,"Handvoll[p] Korund-Schleifsand",3,"Handvoll[p] Korund-Schleifsand",1,0,1,1,0,False,"Korund-Schleifsand",21204,1,1,1,66659,3,0,0
2001002,"Handvoll[p] Korund-Schleifsand",3,"Handvoll[p] Korund-Schleifsand",1,0,1,1,0,False,"Korund-Schleifsand",21204,1,1,1,66660,3,0,0
2001003,"Handvoll[p] Korund-Schleifsand",3,"Handvoll[p] Korund-Schleifsand",1,0,1,1,0,False,"Korund-Schleifsand",21204,1,1,1,66661,3,0,0
2001004,"Handvoll[p] Korund-Schleifsand",3,"Handvoll[p] Korund-Schleifsand",1,0,1,1,0,False,"Korund-Schleifsand",21204,1,1,1,66662,3,0,0
2001005,"Handvoll[p] Korund-Schleifsand",3,"Handvoll[p] Korund-Schleifsand",1,0,1,1,0,False,"Korund-Schleifsand",21204,1,1,1,66663,3,0,0
2001006,"Amdapor-Glyphe",3,"Amdapor-Glyphen",1,0,1,1,0,False,"Amdapor-Glyphe",26201,1,1,1,66655,3,0,0
2001007,"Amdapor-Glyphe",3,"Amdapor-Glyphen",1,0,1,1,0,False,"Amdapor-Glyphe",26201,1,1,1,66656,3,0,0
2001008,"Amdapor-Glyphe",3,"Amdapor-Glyphen",1,0,1,1,0,False,"Amdapor-Glyphe",26201,1,1,1,66657,3,0,0
2001009,"Amdapor-Glyphe",3,"Amdapor-Glyphen",1,0,1,1,0,False,"Amdapor-Glyphe",26201,1,1,1,66658,3,0,0
2001010,"Amdapor-Glyphe",3,"Amdapor-Glyphen",1,0,1,1,0,False,"Amdapor-Glyphe",26201,1,1,1,66659,3,0,0
2001011,"Amdapor-Glyphe",3,"Amdapor-Glyphen",1,0,1,1,0,False,"Amdapor-Glyphe",26201,1,1,1,66660,3,0,0
2001012,"Amdapor-Glyphe",3,"Amdapor-Glyphen",1,0,1,1,0,False,"Amdapor-Glyphe",26201,1,1,1,66661,3,0,0
2001013,"Amdapor-Glyphe",3,"Amdapor-Glyphen",1,0,1,1,0,False,"Amdapor-Glyphe",26201,1,1,1,66662,3,0,0
2001014,"Amdapor-Glyphe",3,"Amdapor-Glyphen",1,0,1,1,0,False,"Amdapor-Glyphe",26201,1,1,1,66663,3,0,0
2001015,"Kopie[p] von „Der Krieger in mir“",3,"Kopien[p] von „Der Krieger in mir“",1,0,1,1,0,False,"Der Krieger in mir",26002,1,1,1,66655,3,0,0
2001016,"Kopie[p] von „Das Lied von Tristram“",3,"Kopien[p] von „Das Lied von Tristram“",1,0,1,1,0,False,"Das Lied von Tristram",26002,1,1,1,66656,3,0,0
2001017,"Kopie[p] von „Im Ring mit der Coeurlfaust“",3,"Kopien[p] von „Im Ring mit der Coeurlfaust“",1,0,1,1,0,False,"Im Ring mit der Coeurlfaust",26002,1,1,1,66657,3,0,0
2001018,"Kopie[p] von „Das Buch von Reinette“",3,"Kopien[p] von „Das Buch von Reinette“",1,0,1,1,0,False,"Das Buch von Reinette",26002,1,1,1,66658,3,0,0
2001019,"Kopie[p] von „Der lindgrüne Teich“",3,"Kopien[p] von „Der lindgrüne Teich“",1,0,1,1,0,False,"Der lindgrüne Teich",26002,1,1,1,66659,3,0,0
2001020,"Kopie[p] von „Interview mit dem Padjal“",3,"Kopien[p] von „Interview mit dem Padjal“",1,0,1,1,0,False,"Interview mit dem Padjal",26002,1,1,1,66660,3,0,0
2001021,"Kopie[p] von „Bogen der Götter“",3,"Kopien[p] von „Bogen der Götter“",1,0,1,1,0,False,"Bogen der Götter",26002,1,1,1,66661,3,0,0
2001022,"Kopie[p] von „Unter dem Schleier“",3,"Kopien[p] von „Unter dem Schleier“",1,0,1,1,0,False,"Unter dem Schleier",26002,1,1,1,66662,3,0,0
2001023,"Kopie[p] von „Krieg der Magi“",3,"Kopien[p] von „Krieg der Magi“",1,0,1,1,0,False,"Krieg der Magi",26002,1,1,1,66663,3,0,0
2001024,"Handvoll[p] glühend heißer Asche",3,"Handvoll[p] glühend heißer Asche",1,0,1,1,0,False,"Glühend heiße Asche",25911,1,1,1,66655,3,0,0
2001025,"Handvoll[p] glühend heißer Asche",3,"Handvoll[p] glühend heißer Asche",1,0,1,1,0,False,"Glühend heiße Asche",25911,1,1,1,66656,3,0,0
2001026,"Handvoll[p] glühend heißer Asche",3,"Handvoll[p] glühend heißer Asche",1,0,1,1,0,False,"Glühend heiße Asche",25911,1,1,1,66657,3,0,0
2001027,"Handvoll[p] glühend heißer Asche",3,"Handvoll[p] glühend heißer Asche",1,0,1,1,0,False,"Glühend heiße Asche",25911,1,1,1,66658,3,0,0
2001028,"Handvoll[p] glühend heißer Asche",3,"Handvoll[p] glühend heiße Asche",1,0,1,1,0,False,"Glühend heiße Asche",25911,1,1,1,66659,3,0,0
2001029,"Handvoll[p] glühend heißer Asche",3,"Handvoll[p] glühend heißer Asche",1,0,1,1,0,False,"Glühend heiße Asche",25911,1,1,1,66660,3,0,0
2001030,"Handvoll[p] glühend heißer Asche",3,"Handvoll[p] glühend heißer Asche",1,0,1,1,0,False,"Glühend heiße Asche",25911,1,1,1,66661,3,0,0
2001031,"Handvoll[p] glühend heißer Asche",3,"Handvoll[p] glühend heißer Asche",1,0,1,1,0,False,"Glühend heiße Asche",25911,1,1,1,66662,3,0,0
2001032,"Handvoll[p] glühend heißer Asche",3,"Handvoll[p] glühend heißer Asche",1,0,1,1,0,False,"Glühend heiße Asche",25911,1,1,1,66663,3,0,0
2001033,"heulend[a] Sturm",4,"heulend[a] Stürme",2,0,1,0,0,False,"Heulender Sturm",25901,1,1,1,66655,3,0,0
2001034,"heulend[a] Sturm",4,"heulend[a] Stürme",2,0,1,0,0,False,"Heulender Sturm",25901,1,1,1,66656,3,0,0
2001035,"heulend[a] Sturm",4,"heulend[a] Stürme",2,0,1,0,0,False,"Heulender Sturm",25901,1,1,1,66657,3,0,0
2001036,"heulend[a] Sturm",4,"heulend[a] Stürme",2,0,1,0,0,False,"Heulender Sturm",25901,1,1,1,66658,3,0,0
2001037,"heulend[a] Sturm",4,"heulend[a] Stürme",2,0,1,0,0,False,"Heulender Sturm",25901,1,1,1,66659,3,0,0
2001038,"heulend[a] Sturm",4,"heulend[a] Stürme",2,0,1,0,0,False,"Heulender Sturm",25901,1,1,1,66660,3,0,0
2001039,"heulend[a] Sturm",4,"heulend[a] Stürme",2,0,1,0,0,False,"Heulender Sturm",25901,1,1,1,66661,3,0,0
2001040,"heulend[a] Sturm",4,"heulend[a] Stürme",2,0,1,0,0,False,"Heulender Sturm",25901,1,1,1,66662,3,0,0
2001041,"heulend[a] Sturm",4,"heulend[a] Stürme",2,0,1,0,0,False,"Heulender Sturm",25901,1,1,1,66663,3,0,0
2001042,"überschmolzen[a] Erzklumpen",4,"überschmolzen[a] Erzklumpen",1,0,1,0,0,False,"Überschmolzener Erzklumpen",21464,1,1,1,66655,3,0,0
2001043,"überschmolzen[a] Erzklumpen",4,"überschmolzen[a] Erzklumpen",1,0,1,0,0,False,"Überschmolzener Erzklumpen",21464,1,1,1,66656,3,0,0
2001044,"überschmolzen[a] Erzklumpen",4,"überschmolzen[a] Erzklumpen",1,0,1,0,0,False,"Überschmolzener Erzklumpen",21464,1,1,1,66657,3,0,0
2001045,"überschmolzen[a] Erzklumpen",4,"überschmolzen[a] Erzklumpen",1,0,1,0,0,False,"Überschmolzener Erzklumpen",21464,1,1,1,66658,3,0,0
2001046,"überschmolzen[a] Erzklumpen",4,"überschmolzen[a] Erzklumpen",1,0,1,0,0,False,"Überschmolzener Erzklumpen",21464,1,1,1,66659,3,0,0
2001047,"überschmolzen[a] Erzklumpen",4,"überschmolzen[a] Erzklumpen",1,0,1,0,0,False,"Überschmolzener Erzklumpen",21464,1,1,1,66660,3,0,0
2001048,"überschmolzen[a] Erzklumpen",4,"überschmolzen[a] Erzklumpen",1,0,1,0,0,False,"Überschmolzener Erzklumpen",21464,1,1,1,66661,3,0,0
2001049,"überschmolzen[a] Erzklumpen",4,"überschmolzen[a] Erzklumpen",1,0,1,0,0,False,"Überschmolzener Erzklumpen",21464,1,1,1,66662,3,0,0
2001050,"überschmolzen[a] Erzklumpen",4,"überschmolzen[a] Erzklumpen",1,0,1,0,0,False,"Überschmolzener Erzklumpen",21464,1,1,1,66663,3,0,0
2001051,"Phiole[p] Daniffens Tränen",3,"Phiolen[p] Daniffens Tränen",1,0,1,1,0,False,"Daniffens Tränen",22614,0,99,1,0,0,0,0
2001052,"Erdseim-Motor-Bauteil",4,"Erdseim-Motor-Bauteile",2,0,1,2,0,False,"Erdseim-Motor-Bauteil",20953,0,99,1,0,0,0,0
2001053,"Handvoll[p] Giftpilz-Sporen",3,"Handvoll[p] Giftpilz-Sporen",1,0,1,1,0,False,"Giftpilz-Sporen",25407,0,99,1,0,0,0,0
2001054,"Pelikan-Ei",2,"Pelikan-Eier",2,0,1,2,0,False,"Pelikan-Ei",25251,0,99,1,0,0,0,0
2001055,"Sylphen-Andenken",4,"Sylphen-Andenken",1,0,1,2,0,False,"Sylphen-Andenken",26001,0,99,1,0,0,0,0
2001056,"Golem-Seelenstein",4,"Golem-Seelensteine",1,0,1,0,0,False,"Golem-Seelenstein",21202,0,99,1,0,0,0,0
2001057,"Tropfen[p] Regenfänger-Nektar",4,"Tropfen[p] Regenfänger-Nektar",1,0,1,0,0,False,"Regenfänger-Nektar",25105,0,99,1,0,0,0,0
2001058,"garleisch[a] Kennschlüssel",4,"garleisch[a] Kennschlüssel",2,0,1,0,0,False,"Garleischer Kennschlüssel",26014,1,1,1,0,0,0,0
2001059,"Stange[p] Sprengstoff Nr. XXXVII",3,"Stangen[p] Sprengstoff Nr. XXXVII",1,0,1,1,0,False,"Sprengstoff Nr. XXXVII",21003,1,1,1,0,0,0,0
2001060,"garleisch[a] Kennschlüssel",4,"garleisch[a] Kennschlüssel",2,0,1,0,0,False,"Garleischer Kennschlüssel",26014,1,99,1,0,0,0,0
2001061,"Äthermessgerät",4,"Äthermessgeräte",2,0,1,2,0,False,"Äthermessgerät",21003,1,1,1,66597,3,0,0
2001062,"Äthermessgerät",4,"Äthermessgeräte",2,0,1,2,0,False,"Äthermessgerät",21003,1,1,1,66598,3,0,0
2001063,"Äthermessgerät",4,"Äthermessgeräte",2,0,1,2,0,False,"Äthermessgerät",21003,1,1,1,66599,3,0,0
2001064,"Äthermessgerät",4,"Äthermessgeräte",2,0,1,2,0,False,"Äthermessgerät",21003,1,1,1,66600,3,0,0
2001065,"garleisch[a] Kennschlüssel",4,"garleisch[a] Kennschlüssel",2,0,1,0,0,False,"Garleischer Kennschlüssel",26014,1,1,1,0,0,0,0
2001066,"Stange[p] Sprengstoff Nr. XXXVII",3,"Stangen[p] Sprengstoff Nr. XXXVII",1,0,1,1,0,False,"Sprengstoff Nr. XXXVII",21003,1,1,1,0,0,0,0
2001067,"Leichnam[p] eines Mitglieds des Bundes der Morgenröte",4,"Leichname[p] eines Mitglieds des Bundes der Morgenröte",2,0,1,0,0,False,"Leichnam eines Mitglieds des Bundes der Morgenröte",26024,1,3,1,66412,3,0,0
2001068,"Allerschutzheiligen-Süßigkeit",3,"Allerschutzheiligen-Süßigkeiten",1,0,1,1,0,False,"Allerschutzheiligen-Süßigkeit",24067,1,4,1,66704,3,0,0
2001069,"Allerschutzheiligen-Süßigkeit",3,"Allerschutzheiligen-Süßigkeiten",1,0,1,1,0,False,"Allerschutzheiligen-Süßigkeit",24067,1,4,1,66700,3,0,0
2001070,"Allerschutzheiligen-Süßigkeit",3,"Allerschutzheiligen-Süßigkeiten",1,0,1,1,0,False,"Allerschutzheiligen-Süßigkeit",24067,1,4,1,66708,3,0,0
2001071,"Fläschchen[p] Laternenöl",4,"Fläschchen[p] Laternenöl",1,0,1,2,0,False,"Laternenöl",20661,1,99,1,0,0,0,0
2001072,"frisch[a] Schmodder-Pugil",4,"frisch[a] Schmodder-Pugil",1,0,1,0,0,False,"Frischer Schmodder-Pugil",25919,1,3,1,66714,3,0,0
2001073,"Phiole[p] nativen Salamander-Öls",3,"Phiolen[p] nativen Salamander-Öls",1,0,1,1,0,False,"Natives Salamander-Öl",22614,1,1,1,66714,3,0,0
2001074,"beschädigt[a] Ohrring",4,"beschädigt[a] Ohrringe",2,0,1,0,0,False,"Beschädigter Ohrring",55211,1,1,1,66715,3,0,0
2001075,"Edelstein-Beutel",4,"Edelstein-Beutel",2,0,1,0,0,False,"Edelstein-Beutel",20406,1,1,1,66715,3,0,0
2001076,"F'lhaminns Vers[p]",3,"F'lhaminns Verse[p]",2,0,1,0,0,False,"F'lhaminns Vers",55211,1,1,1,66715,3,0,0
2001077,"Umzugsplan",4,"Umzugspläne",2,0,1,0,0,False,"Umzugsplan",25918,1,1,1,66716,3,0,0
2001078,"Siegelstein",4,"Siegelsteine",2,0,1,0,0,False,"Siegelstein",21208,1,1,1,66718,3,0,0
2001079,"24-Unzen Sprengkugel",3,"24-Unzen Sprengkugeln",1,0,1,1,0,False,"24-Unzen Sprengkugel",26015,1276,3,1,66719,3,0,3
2001080,"Tatarus Sache",3,"Tatarus Sachen",1,0,0,1,1,False,"Tatarus sieben Sachen",25916,1,4,1,66722,3,0,0
2001081,"Bündel[p] Hochland-Teeblätter",4,"Bündel[p] Hochland-Teeblätter",2,0,1,2,0,False,"Hochland-Teeblätter",25009,1,4,1,66723,3,0,0
2001082,"Luftschiff-Ticket",4,"Luftschiff-Tickets",1,0,1,2,0,False,"Luftschiff-Ticket",26153,1,1,1,66964,0,0,0
2001083,"frisch[a] Knochen",4,"frisch[a] Knochen",1,0,1,0,0,False,"Frischer Knochen",22202,1,1,1,66826,3,0,0
2001084,"hungrig[a] Welpe",5,"hungrig[a] Welpen",1,0,1,0,0,False,"Hungriger Welpe",59450,1,1,1,66826,0,0,0
2001085,"Erste-Hilfe-Set",4,"Erste-Hilfe-Sets",1,0,1,2,0,False,"Erste-Hilfe-Set",25919,1,1,1,0,3,0,0
2001086,"Coeurl-Junge",8,"Coeurl-Jungen",1,0,1,2,0,False,"Coeurl-Junge",59452,1,1,1,66827,0,0,0
2001087,"Leder-Schatzkarte",3,"Leder-Schatzkarten",1,0,1,1,0,False,"Leder-Schatzkarte",26151,1,1,2,0,0,0,0
2001088,"Steinbockleder-Schatzkarte",3,"Steinbockleder-Schatzkarten",1,0,1,1,0,False,"Steinbockleder-Schatzkarte",26151,1,1,2,0,0,0,0
2001089,"Krötenleder-Schatzkarte",3,"Krötenleder-Schatzkarten",1,0,1,1,0,False,"Krötenleder-Schatzkarte",26151,1,1,2,0,0,0,0
2001090,"Keilerleder-Schatzkarte",3,"Keilerleder-Schatzkarten",1,0,1,1,0,False,"Keilerleder-Schatzkarte",26151,1,1,2,0,0,0,0
2001091,"Basiliskenleder-Schatzkarte",3,"Basiliskenleder-Schatzkarten",1,0,1,1,0,False,"Basiliskenleder-Schatzkarte",26151,1,1,2,0,0,0,0
2001092,"",0,"",0,0,0,0,0,False,"",0,0,0,0,0,0,0,0
2001093,"makellos[a] Erdkristall",4,"makellos[a] Erdkristalle",2,0,1,0,0,False,"Makelloser Erdkristall",20012,1,1,1,66735,3,0,0
2001094,"makellos[a] Wasserkristall",4,"makellos[a] Wasserkristalle",2,0,1,0,0,False,"Makelloser Wasserkristall",20008,1,1,1,66735,3,0,0
2001095,"makellos[a] Feuerkristall",4,"makellos[a] Feuerkristalle",2,0,1,0,0,False,"Makelloser Feuerkristall",20007,1,1,1,66735,3,0,0
2001096,"makellos[a] Windkristall",4,"makellos[a] Windkristalle",2,0,1,0,0,False,"Makelloser Windkristall",20010,1,1,1,66735,3,0,0
2001097,"Beutel[p] Feuer-Seelensand",4,"Beutel[p] Feuer-Seelensand",2,0,1,0,0,False,"Feuer-Seelensand",21456,1,1,1,66736,3,0,0
2001098,"Beutel[p] Erd-Seelensand",4,"Beutel[p] Erd-Seelensand",2,0,1,0,0,False,"Erd-Seelensand",21458,1,1,1,66736,3,0,0
2001099,"Gilbeutel[p] der Stiftung",4,"Gilbeutel[p] der Stiftung",2,0,1,0,0,False,"Gilbeutel der Stiftung",26001,1,1,1,66736,3,0,0
2001100,"Beutel[p] Wind-Seelensand",4,"Beutel[p] Wind-Seelensand",2,0,1,0,0,False,"Wind-Seelensand",21459,1,1,1,66737,3,0,0
2001101,"Beutel[p] Wasser-Seelensand",4,"Beutel[p] Wasser-Seelensand",2,0,1,0,0,False,"Wasser-Seelensand",21457,1,1,1,66737,3,0,0
2001102,"Phiole[p] Ziz-Galle",3,"Phiolen[p] Ziz-Galle",1,0,1,1,0,False,"Ziz-Galle",20681,1,1,1,66834,3,0,0
2001103,"Orobon-Gallenblase",3,"Orobon-Gallenblasen",1,0,1,1,0,False,"Orobon-Gallenblase",29002,1,1,1,66834,3,0,0
2001104,"Phiole[p] Morbol-Magensäure",3,"Phiolen[p] Morbol-Magensäure",1,0,1,1,0,False,"Morbol-Magensäure",20684,1,1,1,66834,3,0,0
2001105,"Klumpen[p] fauligen Zombiefleisches",4,"Klumpen[p] fauligen Zombiefleisches",1,0,1,0,0,False,"Fauliges Zombiefleisch",25151,1,1,1,66834,3,0,0
2001106,"Schwarte[p] Pudding-Speck",3,"Schwarten[p] Pudding-Speck",1,0,1,1,0,False,"Pudding-Speck",25156,1,1,1,66834,3,0,0
2001107,"Beutel[p] Immer-Traum-Kraut",4,"Beutel[p] Immer-Traum-Kraut",2,0,1,0,0,False,"Immer-Traum-Kraut",21651,1,1,1,66834,3,0,0
2001108,"Tafel[p] Nemohs Schokolade",3,"Tafeln[p] Nemohs Schokolade",1,0,1,1,0,False,"Nemohs Schokolade",26107,1,1,1,66835,3,0,0
2001109,"süß-duftend[a] Päckchen",4,"süß-duftend[a] Päckchen",1,0,1,2,0,False,"Süß-duftendes Päckchen",26107,1,1,1,66836,3,0,0
2001110,"H'naanzas Bündel",4,"H'naanzas Bündel",2,0,1,0,0,False,"H'naanzas Bündel",25919,1,1,1,66746,0,0,0
2001111,"Beatins Bündel",4,"Beatins Bündel",2,0,1,0,0,False,"Beatins Bündel",25919,1,1,1,66746,0,0,0
2001112,"Severians Bündel",4,"Severians Bündel",2,0,1,0,0,False,"Severians Bündel",25919,1,1,1,66746,0,0,0
2001113,"Lauffeuer-Exergon-Essenz",3,"Lauffeuer-Exergon-Essenzen",1,0,1,1,0,False,"Lauffeuer-Exergon-Essenz",21261,1,2,1,66758,0,0,0
2001114,"Eisenschildkröten-Panzer",4,"Eisenschildkröten-Panzer",2,0,1,0,0,False,"Eisenschildkröten-Panzer",22261,1,1,1,66758,0,0,0
2001115,"Amalj'aa-Opferschale",3,"Amalj'aa-Opferschalen",1,0,1,1,0,False,"Amalj'aa-Opferschale",21003,1,2,1,66768,0,0,0
2001116,"Amalj'aa-Opfergabe",3,"Amalj'aa-Opfergaben",1,0,1,1,0,False,"Amalj'aa-Opfergabe",25919,1,2,1,66768,0,0,0
2001117,"Bündel[p] Wildgemüse",4,"Bündel[p] Wildgemüse",2,0,1,2,0,False,"Wildgemüse",25207,1,8,1,66793,3,0,0
2001118,"Phiole[p] Morbol-Gallensaft",3,"Phiolen[p] Morbol-Gallensaft",1,0,1,1,0,False,"Morbol-Gallensaft",20667,1,1,1,66794,0,0,0
2001119,"verrottet[a] Baumschrat-Eichel",3,"verrottet[a] Baumschrat-Eicheln",1,0,1,1,0,False,"Verrottete Baumschrat-Eichel",25304,1,1,1,66794,0,0,0
2001120,"Phiole[p] Ziz-Gift",3,"Phiolen[p] Ziz-Gift",1,0,1,1,0,False,"Ziz-Gift",20668,1,2,1,66794,0,0,0
2001121,"Krug[p] Traumkröten-Schmodder",2,"Krüge[p] Traumkröten-Schmodder",2,0,1,0,0,False,"Traumkröten-Schmodder",22636,1,4,1,66804,0,0,0
2001122,"Qualitätsmilchwurzel",3,"Qualitätsmilchwurzeln",1,0,1,1,0,False,"Qualitätsmilchwurzel",25005,1,6,1,66813,0,0,0
2001123,"Inferno-Totem",4,"Inferno-Totems",1,0,1,2,0,False,"Inferno-Totem",21002,1,2,1,66783,0,0,0
2001124,"Warburtons Heft",4,"Warburtons Hefte",2,0,0,2,1,False,"Warburtons Heft",26002,1,1,1,66729,3,0,0
2001125,"dubios[a] Notiz",3,"dubios[a] Notizen",1,0,1,1,0,False,"Dubiose Notiz",26151,1,1,1,66740,3,0,0
2001126,"Kistenknacker",4,"Kistenknacker",2,0,1,0,0,False,"Kistenknacker",26015,1,1,1,66742,3,0,0
2001127,"schmutzig[a] Flasche",3,"schmutzig[a] Flaschen",1,0,1,1,0,False,"Schmutzige Flasche",25057,1,1,1,66743,3,0,0
2001128,"schmutzig[a] Stein",4,"schmutzig[a] Steine",2,0,1,0,0,False,"Schmutziger Stein",21451,1,1,1,66743,3,0,0
2001129,"bodenlos[a] Urne",3,"bodenlos[a] Urnen",1,0,1,1,0,False,"Bodenlose Urne",22603,1,1,1,66743,3,0,0
2001130,"prall gefüllt[a] Gilbeutel",4,"prall gefüllt[a] Gilbeutel",2,0,1,0,0,False,"Prall gefüllter Gilbeutel",25919,1,1,1,66747,0,0,0
2001131,"hübsch[a] Karotte",3,"hübsch[a] Karotten",1,0,1,1,0,False,"Hübsche Karotte",25207,1,1,1,66829,3,0,0
2001132,"flink[a] Karotte",3,"flink[a] Karotten",1,0,1,1,0,False,"Flinke Karotte",25207,1,1,1,66830,3,0,0
2001133,"frisch[a] Karotte",3,"frisch[a] Karotten",1,0,1,1,0,False,"Frische Karotte",25207,1,5,1,66831,3,0,0
2001134,"Riesenkarotte",3,"Riesenkarotten",1,0,1,1,0,False,"Riesenkarotte",25207,1,1,1,66831,3,0,0
2001135,"kräftig[a] Karotte",3,"kräftig[a] Karotten",1,0,1,1,0,False,"Kräftige Karotte",25207,1,1,1,66831,3,0,0
2001136,"Käfigschlüssel",4,"Käfigschlüssel",2,0,1,0,0,False,"Käfigschlüssel",25904,1,4,1,66756,4,0,0
2001137,"Käfigschlüssel",4,"Käfigschlüssel",2,0,1,0,0,False,"Käfigschlüssel",25904,1,1,1,66757,1,0,0
2001138,"Phiole[p] Ödnissaft",3,"Phiolen[p] Ödnissaft",1,0,1,1,0,False,"Ödnissaft",20601,1,4,1,66760,0,0,0
2001139,"Kultobjekt[p] der Garuda",4,"Kultobjekte[p] der Garuda",2,0,1,2,0,False,"Kultobjekt der Garuda",25919,1,1,1,66731,0,0,0
2001140,"Kultobjekt[p] des Titan",4,"Kultobjekte[p] des Titan",2,0,1,2,0,False,"Kultobjekt des Titan",25919,1,1,1,66732,0,0,0
2001141,"Kultobjekt[p] des Ifrit",4,"Kultobjekte[p] des Ifrit",2,0,1,2,0,False,"Kultobjekt des Ifrit",25919,1,1,1,66733,0,0,0
2001142,"Kultobjekt[p] der Garuda",4,"Kultobjekte[p] der Garuda",2,0,1,2,0,False,"Kultobjekt der Garuda",25919,1,1,1,66734,0,0,0
2001143,"Kultobjekt[p] des Titan",4,"Kultobjekte[p] des Titan",2,0,1,2,0,False,"Kultobjekt des Titan",25919,1,1,1,66734,0,0,0
2001144,"Kultobjekt[p] des Ifrit",4,"Kultobjekte[p] des Ifrit",2,0,1,2,0,False,"Kultobjekt des Ifrit",25919,1,1,1,66734,0,0,0
2001145,"Kultobjekt[p] der Garuda",4,"Kultobjekte[p] der Garuda",2,0,1,2,0,False,"Kultobjekt der Garuda",25919,1,1,1,66845,0,0,0
2001146,"Kultobjekt[p] des Titan",4,"Kultobjekte[p] des Titan",2,0,1,2,0,False,"Kultobjekt des Titan",25919,1,1,1,66845,0,0,0
2001147,"Kultobjekt[p] des Ifrit",4,"Kultobjekte[p] des Ifrit",2,0,1,2,0,False,"Kultobjekt des Ifrit",25919,1,1,1,66845,0,0,0
2001148,"Käfigschlüssel",4,"Käfigschlüssel",2,0,1,0,0,False,"Käfigschlüssel",25904,1,3,1,66765,3,0,0
2001149,"übelriechend[a] zerbrochen[a] Glasflasche",3,"übelriechend[a] zerbrochen[a] Glasflaschen",1,0,1,1,0,False,"Übelriechende zerbrochene Glasflasche",25453,1,1,1,66747,0,0,0
2001150,"Phiole[p] Salamander-Öl",3,"Phiolen[p] Salamander-Öl",1,0,1,1,0,False,"Salamander-Öl",20645,1,1,1,66743,3,0,0
2001151,"gehärtet[a] Guisarme",3,"gehärtet[a] Guisarme",1,0,1,1,0,False,"Gehärtete Guisarme",31817,1,4,1,66770,3,0,0
2001152,"gehärtet[a] Guisarme",3,"gehärtet[a] Guisarme",1,0,1,1,0,False,"Gehärtete Guisarme",31817,1,5,1,66780,3,0,0
2001153,"Wahrheitsstaub-Kugel",3,"Wahrheitsstaub-Kugeln",1,0,1,1,0,False,"Wahrheitsstaub-Kugel",26015,1766,3,1,66801,3,0,4
2001154,"Erkennungsstaub-Kugel",3,"Erkennungsstaub-Kugeln",1,0,1,1,0,False,"Erkennungsstaub-Kugel",26015,1766,3,1,66810,3,0,4
2001155,"Membranstaub-Kugel",3,"Membranstaub-Kugeln",1,0,1,1,0,False,"Membranstaub-Kugel",26015,1766,3,1,66816,3,0,4
2001156,"weiß[a] Schlüssel",4,"weiß[a] Schlüssel",2,0,1,0,0,False,"Weißer Schlüssel",25902,1,99,1,0,0,0,0
2001157,"rot[a] Schlüssel",4,"rot[a] Schlüssel",2,0,1,0,0,False,"Roter Schlüssel",25903,1,99,1,0,0,0,0
2001158,"Pfirsichsetzling",4,"Pfirsichsetzlinge",2,0,1,0,0,False,"Pfirsichsetzling",22633,1,3,1,66841,0,0,0
2001159,"Beutel[p] Pfirsichkonfetti",4,"Beutel[p] Pfirsichkonfetti",2,0,1,0,0,False,"Pfirsichkonfetti",22640,1,3,1,66842,0,0,0
2001160,"Pfirsichblüte",3,"Pfirsichblüten",1,0,1,1,0,False,"Pfirsichblüte",21294,1,3,1,66843,0,0,0
2001161,"Kristallkiste",3,"Kristallkisten",1,0,1,1,0,False,"Kristallkiste",21003,1,3,1,66776,3,0,0
2001162,"Kristalltruhe",3,"Kristalltruhen",1,0,1,1,0,False,"Kristalltruhe",21003,1,1,1,66776,3,0,0
2001163,"Sack[p] mit Teufelskürbissen",4,"Säcke[p] mit Teufelskürbissen",2,0,1,0,0,False,"Teufelskürbisse",25919,1,5,1,66795,0,0,0
2001164,"Beutel[p] Löschasche",4,"Beutel[p] Löschasche",2,0,1,0,0,False,"Löschasche",25919,1,5,1,66763,3,0,0
2001165,"goldig[a] Puppe",3,"goldig[a] Puppen",1,0,1,1,0,False,"Goldige Puppe",22630,1,1,1,66823,3,0,0
2001166,"Golemsplitter",3,"Golemsplitter",2,0,1,0,0,False,"Golemsplitter",21202,1,1,1,66824,3,0,0
2001167,"Töpfchen[p] Setzlingssaft",4,"Töpfchen[p] Setzlingssaft",1,0,1,2,0,False,"Setzlingssaft",22643,1,3,1,66814,3,0,0
2001168,"Wächter-Eichel",3,"Wächter-Eicheln",1,0,1,1,0,False,"Wächter-Eichel",25304,1,3,1,66815,3,0,0
2001169,"Phiole[p] Waldquellwasser",3,"Phiolen[p] Waldquellwasser",1,0,1,1,0,False,"Quellwasser",22614,1,3,1,66815,3,0,0
2001170,"Käfigschlüssel",4,"Käfigschlüssel",2,0,1,0,0,False,"Käfigschlüssel",25904,1,3,1,66785,3,0,0
2001171,"Käfigschlüssel",4,"Käfigschlüssel",2,0,1,0,0,False,"Käfigschlüssel",25904,1,3,1,66775,3,0,0
2001172,"Jagdausrüstung",3,"Jagdausrüstungen",1,0,1,1,0,False,"Jagdausrüstung",21002,1,3,1,66766,0,0,0
2001173,"Jagdspeer",4,"Jagdspeere",2,0,1,0,0,False,"Jagdspeer",31825,1,1,1,66766,0,0,0
2001174,"Jagdbogen",4,"Jagdbögen",1,0,1,0,0,False,"Jagdbogen",32208,1,1,1,66766,0,0,0
2001175,"durchschlagskräftig[a] Flügelstaub-Bombe",3,"durchschlagskräftig[a] Flügelstaub-Bomben",1,0,1,1,0,False,"Durchschlagskräftige Flügelstaub-Bombe",26015,1276,3,1,66808,3,0,3
2001176,"Phiole[p] kalten klaren Wassers",3,"Phiolen[p] kalten klaren Wassers",1,0,1,1,0,False,"Kaltes klares Wasser",20662,1,1,1,66808,3,0,0
2001177,"Kultobjekt",4,"Kultobjekte",2,0,1,2,0,False,"Kultobjekt",21002,1,2,1,66798,3,0,0
2001178,"Phiole[p] Setzlingssaftkonzentrat",3,"Phiolen[p] Setzlingssaftkonzentrat",1,0,1,1,0,False,"Setzlingssaft",25453,1,3,1,66796,3,0,0
2001179,"Phiole[p] Morbol-Gallensaft",3,"Phiolen[p] Morbol-Gallensaft",1,0,1,1,0,False,"Morbol-Gallensaft",25453,1766,4,1,66799,3,0,4
2001180,"Phiole[p] kalten klaren Wassers",3,"Phiolen[p] kalten klaren Wassers",1,0,1,1,0,False,"Kaltes klares Wasser",20662,1,4,1,66805,3,0,0
2001181,"Phiole[p] kalten klaren Wassers",3,"Phiolen[p] kalten klaren Wassers",1,0,1,1,0,False,"Kaltes klares Wasser",20662,1843,3,1,66806,0,0,0
2001182,"Phiole[p] Waldquellwasser",3,"Phiolen[p] Waldquellwasser",1,0,1,1,0,False,"Quellwasser",20662,1,3,1,66809,3,0,0
2001183,"Phiole[p] Morbol-Magensäure",3,"Phiolen[p] Morbol-Magensäure",1,0,1,1,0,False,"Morbol-Magensäure",25453,1,2,1,66817,3,0,0
2001184,"Mondschleier",4,"Mondschleier",2,0,1,0,0,False,"Mondschleier",25002,1,1,1,66818,3,0,0
2001185,"Sylphenknospe",3,"Sylphenknospen",1,0,1,1,0,False,"Sylphenknospe",26015,1,1,1,0,0,0,0
2001186,"gereift[a] Wiege",3,"gereift[a] Wiegen",1,0,1,1,0,False,"Gereifte Wiege",26015,1,1,1,0,0,0,0
2001187,"Benebel-Bombe",3,"Benebel-Bomben",1,0,1,1,0,False,"Benebel-Bombe",26015,1766,3,1,66821,3,0,4
2001188,"sprühend[a] Flügelstaub-Bombe",3,"sprühend[a] Flügelstaub-Bomben",1,0,1,1,0,False,"Sprühende Flügelstaub-Bombe",26015,1,1,1,0,0,0,0
2001189,"klein[a] Schlüssel",4,"klein[a] Schlüssel",2,0,1,0,0,False,"Kleiner Schlüssel",25904,1,99,1,0,0,0,0
2001190,"Beutel[p] Löschasche",4,"Beutel[p] Löschasche",2,0,1,0,0,False,"Löschasche",25919,1,4,1,66771,3,0,0
2001191,"Beutel[p] Seelenfriedenasche",4,"Beutel[p] Seelenfriedenasche",2,0,1,0,0,False,"Seelenfriedenasche",25919,1843,3,1,66764,3,0,0
2001192,"Phiole[p] Echsentod",3,"Phiolen[p] Echsentod",1,0,1,1,0,False,"Echsentod",22636,306,1,1,66773,3,0,0
2001193,"schwer[a] Wasserflasche",3,"schwer[a] Wasserflaschen",1,0,1,1,0,False,"Schwere Wasserflasche",20681,1843,3,1,66774,3,0,0
2001194,"Kriegstrophäe",3,"Kriegstrophäen",1,0,1,1,0,False,"Kriegstrophäe",26108,1,5,1,66784,3,0,0
2001195,"Drakon-Feuerdrüse",3,"Drakon-Feuerdrüsen",1,0,1,1,0,False,"Drakon-Feuerdrüse",25919,1,3,1,66773,3,0,0
2001196,"schwer[a] Wasserflasche",3,"schwer[a] Wasserflaschen",1,0,1,1,0,False,"Schwere Wasserflasche",20681,1843,3,1,66786,3,0,0
2001197,"",0,"",0,0,1,0,0,False,"",25919,0,1,1,0,3,0,0
2001198,"",0,"",0,0,1,0,0,False,"",22636,0,1,1,0,3,0,0
2001199,"",0,"",0,0,1,0,0,False,"",20681,306,1,1,0,3,0,0
2001200,"hochwertig[a] Elektrumerzklumpen",4,"hochwertig[a] Elektrumerzklumpen",1,0,1,0,0,False,"Hochwertiges Elektrumerz",21002,0,3,1,66868,3,0,0
2001201,"Bomber-Essenz",3,"Bomber-Essenzen",1,0,1,1,0,False,"Bomber-Essenz",21261,0,3,1,66865,3,0,0
2001202,"Auftragsschein[p] für Hähnchenbrust",4,"Auftragsscheine[p] für Hähnchenbrust.",2,0,1,0,0,False,"Auftragsschein für Hähnchenbrust",25918,1,1,1,66883,3,0,0
2001203,"Auftragsschein[p] für Passionsäpfel",4,"Auftragsscheine[p] für Passionsäpfel",2,0,1,0,0,False,"Auftragsschein für Passionsäpfel",25918,1,1,1,66883,3,0,0
2001204,"konfisziert[a] Waren",3,"konfisziert[a] Waren",1,0,1,1,0,False,"Konfiszierte Waren",21003,1,3,1,66884,3,0,0
2001205,"konfisziert[a] Verlobungsring",4,"konfisziert[a] Verlobungsringe",2,0,1,0,0,False,"Konfiszierter Verlobungsring",54403,1,1,1,66884,3,0,0
2001206,"alt[a] Holzkiste",3,"alt[a] Holzkisten",1,0,1,1,0,False,"Alte Holzkiste",21003,1,1,1,66885,3,0,0
2001207,"schwarz[a] Rüstungsplättchen",4,"schwarz[a] Rüstungsplättchen",1,0,1,2,0,False,"Schwarzes Rüstungsplättchen",25919,1,4,1,66885,3,0,0
2001208,"Flakon[p] Pfirsichparfüm",4,"Flakons[p] Pfirsichparfüm",1,0,1,0,0,False,"Pfirsichparfüm",20625,1,1,1,66887,3,0,0
2001209,"parfümiert[a] Halstuch",2,"parfümiert[a] Halstücher",2,0,1,2,0,False,"Parfümiertes Halstuch",41593,1,1,1,66887,3,0,0
2001210,"Lohmani-Weinflaschenset",4,"Lohmani-Weinflaschensets",1,0,1,2,0,False,"Lohmani-Weinflaschenset",25057,1,2,1,66890,3,0,0
2001211,"Alys' Spezialität[p]",3,"Alys' Spezialitäten[p]",1,0,1,1,0,False,"Alys' Spezialität",24108,1,3,1,66890,3,0,0
2001212,"Sack[p] mit fauligem Eft-Fleisch",4,"Säcke[p] mit fauligem Eft-Fleisch",2,0,1,0,0,False,"Fauliges Eft-Fleisch",29002,1,6,1,66891,3,0,0
2001213,"Sprengladung",3,"Sprengladungen",1,0,1,1,0,False,"Sprengladung",26015,1276,5,1,66893,3,0,3
2001214,"Mahlstrom-Arznei",3,"Mahlstrom-Arzneien",1,0,1,1,0,False,"Mahlstrom-Arznei",20603,1,1,1,66894,3,0,0
2001215,"Soldatenleiche",3,"Soldatenleichen",1,0,1,1,0,False,"Soldatenleiche",26024,1,2,1,66894,3,0,0
2001216,"Merlwybs Schreiben[p]",4,"Merlwybs Schreiben[p]",1,0,0,2,1,False,"Merlwybs Schreiben",25918,1,1,1,66898,3,0,0
2001217,"Golem-Seelenstein",4,"Golem-Seelensteine",2,0,1,0,0,False,"Golem-Seelenstein",20006,0,1,1,66907,3,0,0
2001218,"hart[a] Dobalos-Panzer",4,"hart[a] Dobalos-Panzer",2,0,1,0,0,False,"Harter Dobalos-Panzer",20018,0,1,1,66907,3,0,0
2001219,"Büschel[p] Althyk-Lavendel",4,"Büschel[p] Althyk-Lavendel",2,0,1,2,0,False,"Althyk-Lavendel",25002,1,1,1,66851,3,0,0
2001220,"Porzellankrug-Scherbe",3,"Porzellankrug-Scherben",1,0,1,1,0,False,"Porzellankrug-Scherbe",21455,1,4,1,66851,3,0,0
2001221,"repariert[a] Porzellankrug",4,"repariert[a] Porzellankrüge",2,0,1,0,0,False,"Reparierter Porzellankrug",21002,1,1,1,66853,3,0,0
2001222,"klein[a] Felsenbombe",3,"klein[a] Felsenbomben",1,0,1,1,0,False,"Kleine Felsenbombe",26015,1,1,1,66876,1,0,0
2001223,"Alexandrit-Karte",3,"Alexandrit-Karten",1,0,1,1,0,False,"Alexandrit-Karte",26151,1,1,2,0,0,0,0
2001224,"",0,"",0,0,0,0,0,False,"",0,0,0,0,0,0,0,0
2001225,"",0,"",0,0,0,0,0,False,"",0,0,0,0,0,0,0,0
2001226,"glimmend[a] Zunder",4,"glimmend[a] Zunder",2,0,1,0,0,False,"Glimmender Zunder",25911,1,1,1,66873,3,0,0
2001227,"Arm[p] einer heißen Granate",4,"Arme[p] einer heißen Granate",2,0,1,0,0,False,"Arm einer heißen Granate",30351,1,1,1,66873,3,0,0
2001228,"Arm[p] eines glutroten Bombers",4,"Arme[p] eines glutroten Bombers",2,0,1,0,0,False,"Arm eines glutroten Bombers",30351,1,1,1,0,3,0,0
2001229,"weich[a] Dobalos-Panzer",4,"weich[a] Dobalos-Panzer",2,0,1,0,0,False,"Weicher Dobalos-Panzer",20006,1,3,1,66902,3,0,0
2001230,"Kiste[p] höllische Knallerbsen",3,"Kisten[p] höllische Knallerbsen",1,0,1,1,0,False,"Höllische Knallerbsen",26015,1,3,1,66902,3,0,0
2001231,"Arm[p] eines gleißenden Bombers",4,"Arme[p] eines gleißenden Bombers",2,0,1,0,0,False,"Arm eines gleißenden Bombers",30351,1,1,1,66904,3,0,0
2001232,"klobig[a] Spitzhacke",3,"klobig[a] Spitzhacken",1,0,1,1,0,False,"Klobige Spitzhacke",38003,0,1,1,66856,0,0,0
2001233,"minderwertig[a] Eisenerzklumpen",4,"minderwertig[a] Eisenerzklumpen",1,0,1,0,0,False,"Minderwertiger Eisenerzklumpen",21451,0,4,1,66857,0,0,0
2001234,"Lenkflug-Bomber",4,"Lenkflug-Bomber",2,0,1,0,0,False,"Lenkflug-Bomber",59403,1,1,1,66858,3,0,0
2001235,"Konstruktionsplan",4,"Konstruktionspläne",2,0,1,0,0,False,"Konstruktionsplan",26151,0,1,1,66859,0,0,0
2001236,"Brief[p] an Gi Gu",4,"Briefe[p] an Gi Gu",2,0,1,0,0,False,"Brief an Gi Gu",25918,0,1,1,66859,0,0,0
2001237,"Haft-Bomber",4,"Haft-Bomber",2,0,1,0,0,False,"Haft-Bomber",59403,1,6,1,66860,3,0,0
2001238,"Lederbeutel",4,"Lederbeutel",2,0,1,0,0,False,"Lederbeutel",25919,1,1,1,66957,0,0,0
2001239,"Brief[p] von Wiscard",4,"Briefe[p] von Wiscard",2,0,1,0,0,False,"Brief von Wiscard",25918,1,1,1,66958,0,0,0
2001240,"schwer[a] Leinensack[p]",4,"schwer[a] Leinensäcke[p]",2,0,1,0,0,False,"Schwerer Leinensack",22628,1,1,1,66960,0,0,0
2001241,"leicht[a] Leinensack[p]",4,"leicht[a] Leinensäcke[p]",2,0,1,0,0,False,"Leichter Leinensack",25919,1,1,1,66960,0,0,0
2001242,"Gilbeutel[p] von Nanalai",4,"Gilbeutel[p] von Nanalai",2,0,1,0,0,False,"Gilbeutel von Nanalai",25919,1,1,1,66960,0,0,0
2001243,"Kobold-Schatz",2,"Kobold-Schätze",2,0,1,0,0,False,"Kobold-Schatz",23001,1,3,1,66878,0,0,0
2001244,"Arm[p] eines ausgemusterten Bombers",4,"Arme[p] eines ausgemusterten Bombers",2,0,1,0,0,False,"Arm eines ausgemusterten Bombers",30351,1,1,1,66875,3,0,0
2001245,"Schrapnell-Essenz",3,"Schrapnell-Essenzen",1,0,1,1,0,False,"Schrapnell-Essenz",21262,1,1,1,66875,3,0,0
2001246,"Sack[p] Salpeterkristalle",4,"Säcke[p] Salpeterkristalle",2,0,1,0,0,False,"Salpeterkristalle",25919,1,5,1,66903,0,0,0
2001247,"minderwertig[a] Eisenerzklumpen",4,"minderwertig[a] Eisenerzklumpen",1,0,1,0,0,False,"Minderwertiger Eisenerzklumpen",21202,0,3,1,66861,0,0,0
2001248,"angegammelt[a] Gemüse",4,"angegammelt[a] Gemüse",2,0,1,2,0,False,"Angegammeltes Gemüse",25212,0,1,1,66861,0,0,0
2001249,"Holzspielzeug",4,"Holzspielzeuge",2,0,1,2,0,False,"Holzspielzeug",22633,1,3,1,66961,0,0,0
2001250,"Bierrechnung",3,"Bierrechnungen",1,0,1,1,0,False,"Bierrechnung",26001,1,1,1,66962,0,0,0
2001251,"Kobold-Proviantpaket",4,"Kobold-Proviantpakete",2,0,1,2,0,False,"Kobold-Proviantpaket",22603,0,3,1,66862,0,0,0
2001252,"verdreckt[a] Sack",4,"verdreckt[a] Säcke",2,0,1,0,0,False,"Verdreckter Sack",25919,0,1,1,65748,0,0,0
2001253,"Spanraptor",4,"Spanraptoren",1,0,1,0,0,False,"Spanraptor",24007,0,1,1,66862,0,0,0
2001254,"Handschellen-Schlüssel",4,"Handschellen-Schlüssel",2,0,1,0,0,False,"Handschellen-Schlüssel",25904,1,3,1,66919,3,0,0
2001255,"keramisch[a] Ölkanne",3,"keramisch[a] Ölkannen",1,0,1,1,0,False,"Keramische Ölkanne",22802,0,1,1,0,0,0,0
2001256,"Kiste[p] Knallerbsen",3,"Kisten[p] Knallerbsen",1,0,1,1,0,False,"Knallerbsen",26015,1,1,1,66871,3,0,0
2001257,"klein[a] Glutbehälter",4,"klein[a] Glutbehälter",2,0,1,0,0,False,"Kleiner Glutbehälter",25911,1,3,1,66866,3,0,0
2001258,"Lenkflug-Bomber",4,"Lenkflug-Bomber",2,0,1,0,0,False,"Lenkflug-Bomber",59403,1,1,1,66866,3,0,0
2001259,"Lenkflug-Bomber-Essenz",3,"Lenkflug-Bomber-Essenzen",1,0,1,1,0,False,"Lenkflug-Bomber-Essenz",21261,0,1,1,66866,0,0,0
2001260,"groß[a] Glutbehälter",4,"groß[a] Glutbehälter",2,0,1,0,0,False,"Großer Glutbehälter",25911,1,3,1,66867,3,0,0
2001261,"verstärkt[a] Lenkflug-Bomber",4,"verstärkt[a] Lenkflug-Bomber",2,0,1,0,0,False,"Verstärkter Lenkflug-Bomber",59403,1,1,1,66867,3,0,0
2001262,"Essenz[p] eines verstärkten Lenkflug-Bombers",3,"Essenzen[p] verstärkter Lenkflug-Bomber",1,0,1,1,0,False,"Essenz eines verstärkten Lenkflug-Bombers",21261,0,1,1,0,0,0,0
2001263,"Feuerstein",4,"Feuersteine",2,0,1,0,0,False,"Feuerstein",21205,1,4,1,66930,3,0,0
2001264,"wabbelig[a] Ohrenqualle",3,"wabbelig[a] Ohrenquallen",1,0,1,1,0,False,"Wabbelige Ohrenqualle",29005,1,5,1,66931,2,0,0
2001265,"Muschelvasen-Verschluss",2,"Muschelvasen-Verschlüsse",2,0,1,0,0,False,"Muschelvasen-Verschluss",22255,1,4,1,66933,3,0,0
2001266,"Granaten-Finger",4,"Granaten-Finger",2,0,1,0,0,False,"Granaten-Finger",30351,0,3,1,66863,0,0,0
2001267,"Stück[a] Pugil-Fleisch",2,"Stücke[p] Pugil-Fleisch",2,0,1,2,0,False,"Pugil-Fleisch",29001,1,2,1,66920,3,0,0
2001268,"Schnippler-Schalenkruste",3,"Schnippler-Schalenkrusten",1,0,1,1,0,False,"Schnippler-Schalenkruste",29201,1,2,1,66920,3,0,0
2001269,"Schaumkronen-Muschel",3,"Schaumkronen-Muscheln",1,0,1,1,0,False,"Schaumkronen-Muschel",22253,1,5,1,66921,3,0,0
2001270,"schwer[a] Feuerstein",4,"schwer[a] Feuersteine",2,0,1,0,0,False,"Schwerer Feuerstein",21205,1,4,1,66939,3,0,0
2001271,"ätzend[a] Elbstsäure",3,"ätzend[a] Elbstsäuren",1,0,1,1,0,False,"Ätzende Elbstsäure",20669,306,1,1,66927,3,0,0
2001272,"zäh[a] Schwanzende",4,"zäh[a] Schwanzenden",1,0,1,2,0,False,"Zähes Schwanzende",29002,1,1,1,66941,3,0,0
2001273,"klein[a] Feuerstein",4,"klein[a] Feuersteine",2,0,1,0,0,False,"Kleiner Feuerstein",21205,1,2,1,66916,5,0,0
2001274,"leuchtend[a] Glutbehälter",4,"leuchtend[a] Glutbehälter",2,0,1,0,0,False,"Leuchtender Glutbehälter",25911,1,3,1,66877,3,0,0
2001275,"verbessert[a] Lenkflug-Bomber",4,"verbessert[a] Lenkflug-Bomber",2,0,1,0,0,False,"Verbesserter Lenkflug-Bomber",59403,1,1,1,66877,3,0,0
2001276,"Essenz[p] eines verbesserten Lenkflug-Bombers",3,"Essenzen[p] verbesserter Lenkflug-Bomber",1,0,1,1,0,False,"Essenz eines verbesserten Lenkflug-Bombers",21261,0,1,1,66877,0,0,0
2001277,"Riesenfächermuschel",3,"Riesenfächermuscheln",1,0,1,1,0,False,"Riesenfächermuschel",25919,1,3,1,66918,3,0,0
2001278,"flackernd[a] Glutbehälter",4,"flackernd[a] Glutbehälter",2,0,1,0,0,False,"Flackender Glutbehälter",25911,1,3,1,66906,3,0,0
2001279,"brandneu[a] Lenkflug-Bomber",4,"brandneu[a] Lenkflug-Bomber",2,0,1,0,0,False,"Brandneuer Lenkflug-Bomber",59403,1,1,1,66906,3,0,0
2001280,"Essenz[p] eines brandneuen Lenkflug-Bombers",3,"Essenzen[p] brandneuer Lenkflug-Bomber",1,0,1,1,0,False,"Essenz eines brandneuen Lenkflug-Bombers",21261,0,1,1,0,0,0,0
2001281,"weich[a] Schwanzende",4,"weich[a] Schwanzenden",1,0,1,2,0,False,"Weiches Schwanzende",29001,0,1,1,66941,0,0,0
2001282,"golden[a] Kobold-Schlüssel",4,"golden[a] Kobold-Schlüssel",2,0,1,0,0,False,"Goldener Kobold-Schlüssel",25902,1,1,1,66905,3,0,0
2001283,"goldgelb[a] Wurm",4,"goldgelb[a] Würmer",2,0,1,0,0,False,"Goldgelber Wurm",27022,1,1,1,66905,3,0,0
2001284,"Haft-Bomber-Essenz",3,"Haft-Bomber-Essenzen",1,0,1,1,0,False,"Haft-Bomber-Essenz",21261,1,1,1,66870,3,0,0
2001285,"Essenz[p] eines verstärkten Haft-Bombers",3,"Essenzen[p] verstärkter Haft-Bomber",1,0,1,1,0,False,"Essenz eines verstärkten Haft-Bombers",21261,1,1,1,0,3,0,0
2001286,"brandneu[a] Haft-Bomber",4,"brandneu[a] Haft-Bomber",2,0,1,0,0,False,"Brandneuer Haft-Bomber",0,0,1,1,0,0,0,0
2001287,"Essenz[p] eines brandneuen Haft-Bombers",3,"Essenzen[p] brandneuer Haft-Bomber",1,0,1,1,0,False,"Essenz eines brandneuen Haft-Bombers",21261,1,2,1,66909,3,0,0
2001288,"Mahlstrom-Arznei",3,"Mahlstrom-Arzneien",1,0,1,1,0,False,"Mahlstrom-Arznei",20601,1,2,1,66910,3,0,0
2001289,"Haifisch-Medaillon",4,"Haifisch-Medaillons",1,0,1,2,0,False,"Haifisch-Medaillon",55233,0,1,1,66910,0,0,0
2001290,"Siegelmuschel",3,"Siegelmuscheln",1,0,1,1,0,False,"Siegelmuschel",22254,0,1,1,66913,0,0,0
2001291,"Frachtkiste",3,"Frachtkisten",1,0,1,1,0,False,"Frachtkiste",21003,1,3,1,66923,0,0,0
2001292,"klein[a] Feuerstein",4,"klein[a] Feuersteine",2,0,1,0,0,False,"Kleiner Feuerstein",21205,1,1,1,66944,3,0,0
2001293,"Beutel[p] La Noscea-Orangen",4,"Beutel[p] La Noscea-Orangen",2,0,1,0,0,False,"La Noscea-Orangen",25919,0,1,1,66912,0,0,0
2001294,"Entführungsplan",4,"Entführungspläne",2,0,1,0,0,False,"Entführungsplan",26151,0,1,1,66914,0,0,0
2001295,"Handschellen-Schlüssel",4,"Handschellen-Schlüssel",2,0,1,0,0,False,"Handschellen-Schlüssel",25904,1,1,1,66914,3,0,0
2001296,"Seemöwen-Feder",3,"Seemöwen-Federn",1,0,1,1,0,False,"Seemöwen-Feder",21905,0,1,1,66914,0,0,0
2001297,"vergessen[a] Agenda",3,"vergessen[a] Agenden",1,0,1,1,0,False,"Vergessene Agenda",26002,0,1,1,66967,0,0,0
2001298,"Tafel[p] des Himmelsfeuers I",3,"Tafeln[p] des Himmelsfeuers I",1,0,1,1,0,False,"Tafel des Himmelsfeuers I",25932,1,1,3,0,0,0,0
2001299,"Tafel[p] des Himmelsfeuers II",3,"Tafeln[p] des Himmelsfeuers II",1,0,1,1,0,False,"Tafel des Himmelsfeuers II",25932,1,1,3,0,0,0,0
2001300,"Tafel[p] des Jenseitsfeuers I",3,"Tafeln[p] des Jenseitsfeuers I",1,0,1,1,0,False,"Tafel des Jenseitsfeuers I",25932,1,1,3,0,0,0,0
2001301,"Tafel[p] des Himmelsfalles I",3,"Tafeln[p] des Himmelsfalles I",1,0,1,1,0,False,"Tafel des Himmelsfalles I",25932,1,1,3,0,0,0,0
2001302,"Tafel[p] des Himmelsfalles II",3,"Tafeln[p] des Himmelsfalles II",1,0,1,1,0,False,"Tafel des Himmelsfalles II",25932,1,1,3,0,0,0,0
2001303,"Tafel[p] des Jenseitsfalles I",3,"Tafeln[p] des Jenseitsfalles I",1,0,1,1,0,False,"Tafel des Jenseitsfalles I",25932,1,1,3,0,0,0,0
2001304,"Tafel[p] des Himmelswindes I",3,"Tafeln[p] des Himmelswindes I",1,0,1,1,0,False,"Tafel des Himmelswindes I",25932,1,1,3,0,0,0,0
2001305,"Tafel[p] des Himmelswindes II",3,"Tafeln[p] des Himmelswindes II",1,0,1,1,0,False,"Tafel des Himmelswindes II",25932,1,1,3,0,0,0,0
2001306,"Tafel[p] der Himmelserde I",3,"Tafeln[p] der Himmelserde I",1,0,1,1,0,False,"Tafel der Himmelserde I",25932,1,1,3,0,0,0,0
2001307,"Kladde[p] Winebauds",3,"Kladden[p] Winebauds",1,0,1,1,0,False,"Kladde Winebauds",26002,1,1,1,66973,3,0,0
2001308,"Flasche[p] Warmwein",3,"Flaschen[p] Warmwein",1,0,1,1,0,False,"Warmwein",25057,1,1,1,65753,0,0,0
2001309,"",0,"",0,0,0,0,0,False,"",0,0,0,0,0,0,0,0
2001310,"Flasche[p] mit klarem Wasser",3,"Flaschen[p] mit klarem Wasser",1,0,1,1,0,False,"Klares Wasser",22614,1,3,1,66985,3,0,0
2001311,"brennend[a] Flügelstaub-Bombe",3,"brennend[a] Flügelstaub-Bomben",1,0,1,1,0,False,"Brennende Flügelstaub-Bombe",22623,1,1,1,66985,3,0,0
2001312,"Prise[p] Flügelstaub der Wahrheit",3,"Prisen[p] Flügelstaub der Wahrheit",1,0,1,1,0,False,"Flügelstaub der Wahrheit",26015,1766,1,1,66986,3,0,4
2001313,"Prise[p] Flügelstaub der Wahrheit",3,"Prisen[p] Flügelstaub der Wahrheit",1,0,1,1,0,False,"Flügelstaub der Wahrheit",26015,1766,1,1,66987,3,0,4
2001314,"Lieferung[p] für Tataru",3,"Lieferungen[p] für Tataru",1,0,1,1,0,False,"Lieferung an Tataru",21003,1,1,1,66991,3,0,0
2001315,"kobaltblau[a] Uniform",3,"kobaltblau[a] Uniformen",1,0,1,1,0,False,"Kobaltblaue Uniform",23154,1,8,1,66996,3,0,0
2001316,"Brief[p] an Guston",4,"Briefe[p] an Guston",2,0,1,0,0,False,"Brief an Guston",25918,1,1,1,67005,3,0,0
2001317,"Beutel[p] Orangen",4,"Beutel[p] Orangen",1,0,1,0,0,False,"Beutel Orangen",25312,1,1,1,67005,3,0,0
2001318,"Luftschiff-Fragment",4,"Luftschiff-Fragmente",2,0,1,2,0,False,"Luftschiff-Fragment",20951,1,1,1,67007,3,0,0
2001319,"bombig[a] Flügelstaub-Bombe",3,"bombig[a] Flügelstaub-Bomben",1,0,1,1,0,False,"Bombige Flügelstaub-Bombe",26015,1,1,1,67009,3,0,0
2001320,"Brief[p] an Ryssfloh",4,"Briefe[p] an Ryssfloh",2,0,1,0,0,False,"Brief an Ryssfloh",25918,0,1,1,67017,0,0,0
2001321,"Brief[p] an Miounne",4,"Briefe[p] an Miounne",2,0,1,0,0,False,"Brief an Miounne",25918,0,1,1,67018,0,0,0
2001322,"Silberdistel",3,"Silberdisteln",1,0,1,1,0,False,"Silberdistel",25008,0,4,1,67018,0,0,0
2001323,"Brief[p] an Baderon",4,"Briefe[p] an Baderon",2,0,1,0,0,False,"Brief an Baderon",25918,0,1,1,67019,0,0,0
2001324,"Krug[p] mit eiskaltem Wasser",4,"Krüge[p] mit eiskaltem Wasser",2,0,1,0,0,False,"Krug mit eiskaltem Wasser",22637,1,1,1,67019,3,0,0
2001325,"schwer[a] Lederbeutel",4,"schwer[a] Lederbeutel",2,0,1,0,0,False,"Schwerer Lederbeutel",25919,0,1,1,67019,0,0,0
2001326,"Brief[p] an Momodi",4,"Briefe[p] an Momodi",2,0,1,0,0,False,"Brief an Momodi",25918,0,1,1,67020,0,0,0
2001327,"Paket[p] für Marcette",4,"Pakete[p] für Marcette",2,0,1,2,0,False,"Paket für Marcette",23001,0,1,1,67021,0,0,0
2001328,"klein[a] Feuerstein",4,"klein[a] Feuersteine",2,0,1,1,0,False,"Kleiner Feuerstein",21205,1,1,1,67021,3,0,0
2001329,"Unkrautbündel",4,"Unkrautbündel",2,0,1,2,0,False,"Unkrautbündel",25919,1,1,1,67021,3,0,0
2001330,"Mulljungtier",4,"Mulljungtiere",2,0,1,2,0,False,"Mulljungtier",59440,0,1,1,67021,0,0,0
2001331,"Bündel[p] für Braya",4,"Bündel[p] für Braya",2,0,1,2,0,False,"Bündel für Braya",23001,0,1,1,67067,0,0,0
2001332,"Brief[p] an Gegeruju",4,"Briefe[p] an Gegeruju",2,0,1,0,0,False,"Brief an Gegeruju",25918,0,1,1,67068,0,0,0
2001333,"Tanzlehrer-Vertrag[p]",4,"Tanzlehrer-Verträge[p]",2,0,1,0,0,False,"Tanzlehrer-Vertrag",26151,0,1,1,67068,0,0,0
2001334,"Eimer[p] mit heißem Wasser",3,"Eimer[p] mit heißem Wasser",1,0,1,1,0,False,"Eimer mit heißem Wasser",22637,1,3,1,67068,3,0,0
2001335,"Paket[p] für Hunberct",4,"Pakete[p] für Hunberct",2,0,1,2,0,False,"Paket für Hunberct",23001,0,1,1,67069,0,0,0
2001336,"adrett[a] Sommerkleid",4,"adrett[a] Sommerkleider",2,0,1,2,0,False,"Adrettes Sommerkleid",42374,1,1,1,67009,3,0,0
2001337,"●対ゴーレムピッケル",0,"",0,0,1,0,0,False,"",38001,1,1,1,0,3,0,0
2001338,"Vorratskammerschlüssel",4,"Vorratskammerschlüssel",2,0,1,0,0,False,"Vorratskammerschlüssel",25904,1,99,1,0,0,0,0
2001339,"Magitek-Konverter Nr. XLIL",4,"Magitek-Konverter Nr. XLIX",2,0,1,0,0,False,"Magitek-Konverter Nr. XLIX",21003,1,1,1,65700,0,0,0
2001340,"Magitek-Oszillator Nr. L",4,"Magitek-Oszillatoren Nr. L",1,0,1,0,0,False,"Magitek-Oszillator Nr. L",21003,1,1,1,65700,0,0,0
2001341,"Magitek-Kanonenrohr Nr. LI",4,"Magitek-Kanonenrohre Nr. LI",2,0,1,2,0,False,"Magitek-Kanonenrohr Nr. LI",21003,1,1,1,65700,0,0,0
2001342,"",0,"",0,0,0,0,0,False,"",0,0,0,0,0,0,0,0
2001343,"Sack[p] mit gestohlenen Lebensmitteln",4,"Säcke[p] mit gestohlenen Lebensmitteln",2,0,1,0,0,False,"Gestohlene Lebensmittel",25919,1,1,1,66976,3,0,0
2001344,"Dienerinnen-Uniform",3,"Dienerinnen-Uniformen",1,0,1,1,0,False,"Dienerinnen-Uniform",42140,1,1,1,66977,3,0,0
2001345,"Festkleid",4,"Festkleider",2,0,1,2,0,False,"Festkleid",42374,1,1,1,66977,3,0,0
2001346,"abgegriffen[a] Buch",4,"abgegriffen[a] Bücher",2,0,1,2,0,False,"Abgegriffenes Buch",26002,0,1,1,65698,0,0,0
2001347,"",0,"",0,0,0,0,0,False,"",0,0,0,0,0,0,0,0
2001348,"",0,"",0,0,0,0,0,False,"",0,0,0,0,0,0,0,0
2001349,"Rauschebarts Goldkiste[p]",3,"Rauschebarts Goldkisten[p]",1,0,1,1,0,False,"Rauschebarts Goldkiste",21002,1,1,1,67062,0,0,0
2001350,"Hinterlassenschaft[p] eines Abenteurers",3,"Hinterlassenschaften[p] eines Abenteurers",1,0,1,1,0,False,"Hinterlassenschaft eines Abenteurers",25919,1,1,1,66677,0,0,0
2001351,"geheimnisvoll[a] Karte",3,"geheimnisvoll[a] Karten",1,0,1,1,0,False,"Geheimnisvolle Karte",25933,1,1,1,66676,0,0,0
2001352,"kryptisch[a] Karte",3,"kryptisch[a] Karten",1,0,1,1,0,False,"Kryptische Karte",26151,1,1,2,0,0,0,0
2001353,"Ring[p] der Zwölf",4,"Ringe[p] der Zwölf",2,0,1,0,0,False,"Ring der Zwölf",54563,1,1,1,67114,3,0,0
2001354,"Gil-Sack",4,"Gil-Säcke",2,0,1,0,0,False,"Gil-Sack",25919,0,1,1,67884,0,0,0
2001355,"Sack[p] voller gruseliger Kerzenleuchter",4,"Säcke[p] voller gruseliger Kerzenleuchter",2,0,1,0,0,False,"Gruselige Kerzenleuchter",53020,0,1,1,67084,0,0,0
2001356,"Sack[p] voller Kürbislaternen",4,"Säcke[p] voller Kürbislaternen",2,0,1,0,0,False,"Unheimliche Kürbislaternen",25990,0,1,1,67084,0,0,0
2001357,"",0,"",0,0,0,0,0,False,"",0,0,0,0,0,0,0,0
2001358,"",0,"",0,0,0,0,0,False,"",0,0,0,0,0,0,0,0
2001359,"Portion[p] Riesen-Krakkagemüse",3,"Portionen[p] Riesen-Krakkagemüse",1,0,1,1,0,False,"Riesen-Krakkagemüse",25207,1,1,1,67096,0,0,0
2001360,"Gemüseabfall",4,"Gemüseabfälle",2,0,1,0,0,False,"Gemüseabfall",25919,1,5,1,67096,0,0,0
2001361,"Jagdlizenz",3,"Jagdlizenzen",1,0,1,1,0,False,"Jagdlizenz",25937,1,1,4,0,0,0,0
2001362,"Hochwild-Jagdlizenz",3,"Hochwild-Jagdlizenzen",1,0,1,1,0,False,"Hochwild-Jagdlizenz",25938,1,1,4,0,0,0,0
2001363,"Panzerballon-Wrackteil",4,"Panzerballon-Wrackteile",2,0,1,2,0,False,"Panzerballon-Wrackteil",26316,1,1,1,67022,3,0,0
2001364,"Rumpf-Material",4,"Rumpf-Materialien",1,0,1,2,0,False,"Rumpf-Material",26001,0,1,1,67023,0,0,0
2001365,"Antriebs-Material",4,"Antriebs-Materialien",1,0,1,2,0,False,"Antriebs-Material",26001,0,1,1,67024,0,0,0
2001366,"Schuldschein",4,"Schuldscheine",2,0,1,0,0,False,"Schuldschein",25906,0,1,1,67025,0,0,0
2001367,"Tataramus Brief",3,"Tataramus Briefe[p]",2,0,0,0,1,False,"Tataramus Brief",25918,0,1,1,67025,0,0,0
2001368,"Drehbank-Ritzel",4,"Drehbank-Ritzel",2,0,1,2,0,False,"Drehbank-Ritzel",26269,0,1,1,67026,0,0,0
2001369,"Steuereinheits-Material",4,"Steuereinheits-Materialien",1,0,1,2,0,False,"Steuereinheits-Material",26001,0,1,1,67027,0,0,0
2001370,"halbvoll[a] Weinflasche",3,"halbvoll[a] Weinflaschen",1,0,1,1,0,False,"Halbvolle Weinflasche",25057,1,1,1,67028,3,0,0
2001371,"Endstück-Material",4,"Endstück-Materialien",1,0,1,2,0,False,"Endstück-Material",26001,0,1,1,67029,0,0,0
2001372,"Bugschmuck-Material",4,"Bugschmuck-Materialien",1,0,1,2,0,False,"Bugschmuck-Material",21907,0,1,1,67029,0,0,0
2001373,"Ballonhüllen-Material",4,"Ballonhüllen-Materialien",1,0,1,2,0,False,"Ballonhüllen-Material",25919,0,1,1,67030,0,0,0
2001374,"Sack[p] reife Mun-Tuy-Bohnen",4,"Säcke[p] reife Mun-Tuy-Bohnen",2,0,1,0,0,False,"Reife Mun-Tuy-Bohnen",22628,1,1,1,67030,3,0,0
2001375,"Opo-Opo-Klaue",3,"Opo-Opo-Klauen",1,0,1,1,0,False,"Opo-Opo-Klaue",22301,0,1,1,67030,0,0,0
2001376,"Hüllenverstärkungs-Material",4,"Hüllenverstärkungs-Materialien",1,0,1,2,0,False,"Hüllenverstärkungs-Material",25919,0,1,1,67031,0,0,0
2001377,"Damettas Proviantpaket",4,"Damettas Proviantpakete",2,0,0,2,1,False,"Damettas Proviantpaket",22640,0,1,1,67031,0,0,0
2001378,"leer[a] Proviantpaket",4,"leer[a] Proviantpakete",2,0,1,2,0,False,"Leeres Proviantpaket",22641,0,1,1,67031,0,0,0
2001379,"Steuerbordrumpf-Material",4,"Steuerbordrumpf-Materialien",1,0,1,2,0,False,"Steuerbordrumpf-Material",25919,0,1,1,67032,0,0,0
2001380,"Backbordrumpf-Material",4,"Backbordrumpf-Materialien",1,0,1,2,0,False,"Backbordrumpf-Material",25919,0,1,1,67033,0,0,0
2001381,"Gyroantriebs-Material",4,"Gyroantriebs-Materialien",1,0,1,2,0,False,"Gyroantriebs-Material",25919,0,1,1,67040,0,0,0
2001382,"Takelagen-Material",4,"Takelagen-Materialien",1,0,1,2,0,False,"Takelagen-Material",25919,0,1,1,67041,0,0,0
2001383,"Deck-Material",4,"Deck-Materialien",1,0,1,2,0,False,"Deck-Material",25919,0,1,1,67042,0,0,0
2001384,"Flasche[p] Lösungsmittel",3,"Flaschen[p] Lösungsmittel",1,0,1,1,0,False,"Lösungsmittel",20626,306,1,1,67042,3,0,0
2001385,"Motorgehäuse-Material",4,"Motorgehäuse-Materialien",1,0,1,2,0,False,"Motorgehäuse-Material",25919,0,1,1,67043,0,0,0
2001386,"Werkzeug-Material",4,"Werkzeug-Materialien",1,0,1,2,0,False,"Werkzeug-Material",25919,0,1,1,67044,0,0,0
2001387,"Steuerbordtragflächen-Material",4,"Steuerbordtragflächen-Materialien",1,0,1,2,0,False,"Steuerbordtragflächen-Material",25919,0,1,1,67034,0,0,0
2001388,"hochwertig[a] Eichenast",4,"hochwertig[a] Eichenäste",2,0,1,0,0,False,"Hochwertiger Eichenast",22416,0,15,1,67034,0,0,0
2001389,"hochwertig[a] Eichenstamm",4,"hochwertig[a] Eichenstämme",2,0,1,0,0,False,"Hochwertiger Eichenstamm",22401,0,5,1,67034,0,0,0
2001390,"Backbordtragflächen-Material",4,"Backbordtragflächen-Materialien",1,0,1,2,0,False,"Backbordtragflächen-Material",25919,0,1,1,67035,0,0,0
2001391,"klein[a] Granitstein",4,"klein[a] Granitsteine",1,0,1,0,0,False,"Kleiner Granitstein",21252,0,15,1,67035,0,0,0
2001392,"groß[a] Granitstein",4,"groß[a] Granitsteine",1,0,1,0,0,False,"Großer Granitstein",21451,0,5,1,67035,0,0,0
2001393,"Steuerbord-Tragflächengelenk-Material",4,"Steuerbord-Tragflächengelenk-Materialien",1,0,1,2,0,False,"Steuerbord-Tragflächengelenk-Material",25919,0,3,1,67036,0,0,0
2001394,"Backbord-Tragflächengelenk-Material",4,"Backbord-Tragflächengelenk-Materialien",1,0,1,2,0,False,"Backbord-Tragflächengelenk-Material",25919,0,1,1,67037,0,0,0
2001395,"Sprechanlagen-Material",4,"Sprechanlagen-Materialien",1,0,1,2,0,False,"Sprechanlagen-Material",25919,0,3,1,67038,0,0,0
2001396,"Dullahan-Platte",3,"Dullahan-Platten",1,0,1,1,0,False,"Dullahan-Platte",20954,0,3,1,67039,0,0,0
2001397,"Kanzelaußenwand-Material",4,"Kanzelaußenwand-Materialien",1,0,1,2,0,False,"Kanzelaußenwand-Material",25919,0,1,1,67050,0,0,0
2001398,"Heiligenkarpfen",4,"Heiligenkarpfen",1,0,1,0,0,False,"Heiligenkarpfen",29210,0,1,1,67050,0,0,0
2001399,"Kanzelinnenraum-Material",4,"Kanzelinnenraum-Materialien",1,0,1,2,0,False,"Kanzelinnenraum-Material",25919,0,1,1,67051,0,0,0
2001400,"Bündel[p] Pinienholzscheite",4,"Bündel[p] Pinienholzscheite",2,0,1,2,0,False,"Pinienholzscheite",52113,0,1,1,67051,0,0,0
2001401,"Ballast-Material",4,"Ballast-Materialien",1,0,1,2,0,False,"Ballast-Material",25919,0,1,1,67052,0,0,0
2001402,"Korb[p] Domigator-Wolle",4,"Korb[p] Domigator-Borsten",2,0,1,0,0,False,"Domigator-Wolle",21827,0,1,1,67052,0,0,0
2001403,"Schermesser",4,"Schermesser",1,0,1,2,0,False,"Schermesser",30363,1,1,1,67052,3,0,0
2001404,"Steuerpult-Material",4,"Steuerpult-Materialien",1,0,1,2,0,False,"Steuerpult-Material",25919,0,1,1,67053,0,0,0
2001405,"Smei-Klaue",3,"Smei-Klauen",1,0,1,1,0,False,"Smei-Klaue",22301,0,1,1,67053,0,0,0
2001406,"Aerodynamo-Material",4,"Aerodynamo-Materialien",1,0,1,2,0,False,"Aerodynamo-Material",25919,0,1,1,67054,0,0,0
2001407,"Joceas Empfangsbestätigung",3,"Joceas Empfangsbestätigungen",1,0,0,1,1,False,"Joceas Empfangsbestätigung",25929,0,1,1,67054,0,0,0
2001408,"Flugplan[p] der Highwind-Fluggesellschaft",4,"Flugpläne[p] der Highwind-Fluggesellschaft",2,0,1,0,0,False,"Flugplan der Highwind-Fluggesellschaft",25906,0,1,1,67054,0,0,0
2001409,"Kommunikationsrohr-Material",4,"Kommunikationsrohr-Materialien",1,0,1,2,0,False,"Kommunikationsrohr-Material",25919,0,1,1,67045,0,0,0
2001410,"Schlingskipper",4,"Schlingskipper",2,0,1,0,0,False,"Schlingskipper",29295,0,2,1,67045,0,0,0
2001411,"Beleuchtungs-Material",4,"Beleuchtungs-Materialien",1,0,1,2,0,False,"Beleuchtungs-Material",25919,0,1,1,67046,0,0,0
2001412,"Schling-Mangrovenast",4,"Schling-Mangrovenäste",2,0,1,0,0,False,"Schling-Mangrovenast",22416,0,15,1,67046,0,0,0
2001413,"Schling-Mangrovenholzscheit",4,"Schling-Mangrovenholzscheite",2,0,1,0,0,False,"Schling-Mangrovenholzscheit",22410,0,5,1,67046,0,0,0
2001414,"Schornstein-Material",4,"Schornstein-Materialien",1,0,1,2,0,False,"Schornstein-Material",25919,0,1,1,67047,0,0,0
2001415,"lupenrein[a] Wasserscherbe",3,"lupenrein[a] Wasserscherben",1,0,1,1,0,False,"Lupenreine Wasserscherbe",20002,0,15,1,67047,0,0,0
2001416,"lupenrein[a] Wasserpolykristall",4,"lupenrein[a] Wasserpolykristalle",2,0,1,0,0,False,"Lupenreiner Wasserpolykristall",20014,0,5,1,67047,0,0,0
2001417,"Entsorgungssystem-Material",4,"Entsorgungssystem-Materialien",1,0,1,2,0,False,"Entsorgungssystem-Material",25919,0,1,1,67048,0,0,0
2001418,"fest[a] Morbol-Ranke",3,"fest[a] Morbol-Ranken",1,0,1,1,0,False,"Feste Morbol-Ranke",21662,0,1,1,67048,0,0,0
2001419,"Erdseim-Tank-Material",4,"Erdseim-Tank-Materialien",1,0,1,2,0,False,"Erdseim-Tank-Material",20956,0,1,1,67049,0,0,0
2001420,"XLIII-Garnrolle",4,"XLIII-Garnrollen",1,0,1,1,0,False,"XLIII-Garnrolle",20901,0,1,1,67049,0,0,0
2001421,"Steuermechanismus-Material",4,"Steuermechanismus-Materialien",1,0,1,2,0,False,"Steuermechanismus-Material",25919,0,1,1,67055,0,0,0
2001422,"Schneestint",4,"Schneestinte",2,0,1,0,0,False,"Schneestint",29310,0,3,1,67056,0,0,0
2001423,"Rettungsboot-Material",4,"Rettungsboot-Materialien",1,0,1,2,0,False,"Rettungsboot-Material",25919,0,1,1,67056,0,0,0
2001424,"Rubinfichten-Ast",4,"Rubinfichten-Äste",2,0,1,0,0,False,"Rubinfichten-Ast",22416,0,15,1,67057,0,0,0
2001425,"Rubinfichten-Holzscheit",4,"Rubinfichten-Holzscheite",2,0,1,0,0,False,"Rubinfichten-Holzscheit",22413,0,5,1,67057,0,0,0
2001426,"Furit-Klumpen",4,"Furit-Klumpen",1,0,1,0,0,False,"Furit-Klumpen",21202,0,15,1,67058,0,0,0
2001427,"Edel-Furit-Klumpen",4,"Edel-Furit-Klumpen",1,0,1,0,0,False,"Edel-Furit-Klumpen",21203,0,5,1,67058,0,0,0
2001428,"Gilbörse",3,"Gilbörsen",1,0,1,1,0,False,"Gilbörse",25919,0,1,1,67059,0,0,0
2001429,"Isolations-Material",4,"Isolations-Materialien",1,0,1,2,0,False,"Isolations-Material",25919,0,1,1,67059,0,0,0
2001430,"unheimlich[a] Ektoplasma",4,"unheimlich[a] Ektoplasmen",1,0,1,2,0,False,"Unheimliches Ektoplasma",21264,0,1,1,67102,0,0,0
2001431,"Aerodynamik-Verbesserer-Material",4,"Aerodynamik-Verbesserer-Materialien",1,0,1,2,0,False,"Aerodynamik-Verbesserer-Material",25919,0,3,1,67103,0,0,0
2001432,"Zierplatten-Material",4,"Zierplatten-Materialien",1,0,1,2,0,False,"Zierplatten-Material",25919,0,1,1,67104,0,0,0
2001433,"geflochten[a] Stirnband",4,"geflochten[a] Stirnbänder",2,0,1,2,0,False,"Geflochtenes Stirnband",54001,1,1,1,67079,3,0,0
2001434,"Gewichtsreduktions-Material",4,"Gewichtsreduktions-Materialien",1,0,1,2,0,False,"Gewichtsreduktions-Material",25919,0,1,1,67058,0,0,0
2001435,"Reservetank-Material",4,"Reservetank-Materialien",1,0,1,2,0,False,"Reservetank-Material",25919,0,1,1,67057,0,0,0
2001436,"Sonnenstein",4,"Sonnensteine",2,0,1,0,0,False,"Sonnenstein",20001,1,1,1,0,0,0,0
2001437,"Mondstein",4,"Mondsteine",2,0,1,0,0,False,"Mondstein",20002,1,1,1,0,0,0,0
2001438,"Sternenstein",4,"Sternensteine",2,0,1,0,0,False,"Sternenstein",20006,1,1,1,0,0,0,0
2001439,"denaturiert[a] Kristallscherbe",3,"denaturiert[a] Kristallscherben",1,0,1,1,0,False,"Denaturierte Kristallscherbe",20664,1,3,1,67029,3,0,0
2001440,"geheim[a] Brief an Raya-O-Senna",4,"geheim[a] Briefe an Raya-O-Senna",2,0,1,0,0,False,"Geheimer Brief an Raya-O-Senna",25918,0,1,1,67106,0,0,0
2001441,"Brief[p] an eine Sylphe",4,"Briefe[p] an eine Sylphe",2,0,1,0,0,False,"Brief an eine Sylphe",25918,0,1,1,67106,0,0,0
2001442,"Brief[p] an Swygrael",4,"Briefe[p] an Swygrael",2,0,1,0,0,False,"Brief an Swygrael",25918,0,1,1,67107,0,0,0
2001443,"Brief[p] an Wawalago",4,"Briefe[p] an Wawalago",2,0,1,0,0,False,"Brief an Wawalago",25918,0,1,1,67108,0,0,0
2001444,"Brief[p] an Rorojaru",4,"Briefe[p] an Rorojaru",2,0,1,0,0,False,"Brief an Rorojaru",25918,0,1,1,67108,0,0,0
2001445,"Brief[p] an Jandelaine",4,"Briefe[p] an Jandelaine",2,0,1,0,0,False,"Brief an Jandelaine",25918,0,1,1,67109,0,0,0
2001446,"Rorojarus Truhe",3,"Rorojarus Truhen",1,0,0,1,1,False,"Rorojarus Truhe",26316,1,1,1,67108,3,0,0
2001447,"klein[a] Schlüssel",4,"klein[a] Schlüssel",2,0,1,0,0,False,"Kleiner Schlüssel",25904,0,1,1,0,0,0,0
2001448,"Schlüssel[p] des Apostaten",4,"Schlüssel[p] des Apostaten",2,0,1,0,0,False,"Schlüssel des Apostaten",25902,0,1,1,0,0,0,0
2001449,"Brief[p] an Mauh Lihzeh",4,"Briefe[p] an Mauh Lihzeh",2,0,1,0,0,False,"Brief an Mauh Lihzeh",25918,0,1,1,67110,0,0,0
2001450,"Brief[p] an Urha Lihzeh",4,"Briefe[p] an Urha Lihzeh",2,0,1,0,0,False,"Brief an Urha Lihzeh",25918,0,1,1,67110,0,0,0
2001451,"Paar[p] abgenutzt[a] Yoshimitsu",2,"Paar[p] abgenutzt[a] Yoshimitsu",1,0,1,2,0,False,"Abgenutzte Yoshimitsu",21003,1,1,1,67115,3,0,0
2001452,"Handvoll[p] Korund-Schleifsand",3,"Handvoll[p] Korund-Schleifsand",1,0,1,1,0,False,"Korund-Schleifsand",21204,1,1,1,67115,3,0,0
2001453,"Amdapor-Glyphe",3,"Amdapor-Glyphen",1,0,1,1,0,False,"Amdapor-Glyphe",26201,1,1,1,67115,3,0,0
2001454,"Ausgabe[p] von Shonin-ki",3,"Ausgaben[p] von Shonin-ki",1,0,1,1,0,False,"Shonin-ki",26002,1,1,1,67115,3,0,0
2001455,"Handvoll[p] glühend heißer Asche",3,"Handvoll[p] glühend heißer Asche",1,0,1,1,0,False,"Glühend heiße Asche",25911,1,1,1,67115,3,0,0
2001456,"heulend[a] Sturm",4,"heulend[a] Stürme",2,0,1,0,0,False,"Heulender Sturm",25901,1,1,1,67115,3,0,0
2001457,"überschmolzen[a] Erzklumpen",4,"überschmolzen[a] Erzklumpen",1,0,1,0,0,False,"Überschmolzener Erdklumpen",21464,1,1,1,67115,3,0,0
2001458,"Stapel[p] Verehrerpost",4,"Stapel[p] Verehrerpost",2,0,1,0,0,False,"Verehrerpost",23001,0,1,1,65572,0,0,0
2001459,"Wettkampfposter",4,"Wettkampfposter",2,0,1,2,0,False,"Wettkampfposter",25906,1,2,1,65572,3,1,1
2001460,"Wettkampfhandzettel",4,"Wettkampfhandzettel",2,0,1,0,0,False,"Wettkampfhandzettel",26153,0,2,1,65572,0,0,0
2001461,"",0,"",0,0,0,0,0,False,"",0,0,0,0,0,0,0,0
2001462,"alt[a] Weinflasche",3,"alt[a] Weinflaschen",1,0,1,1,0,False,"Alte Weinflasche",25057,1,1,1,65581,3,0,0
2001463,"antik[a] Grimoire",3,"antik[a] Grimoires",1,0,1,2,0,False,"Antikes Grimoire",26002,1,1,1,65636,3,0,0
2001464,"Himmelsglöckchen",4,"Himmelsglöckchen",1,0,1,2,0,False,"Himmelsglöckchen",26104,3140,1,1,0,0,0,1
2001465,"Brief[p] an die Homunkuli",4,"Briefe[p] an die Homunkuli",2,0,1,0,0,False,"Brief an die Homunkuli",25918,0,1,1,65569,0,0,0
2001466,"Maisentas Einkaufsliste",3,"Maisentas Einkaufslisten",1,0,0,1,1,False,"Maisentas Einkaufsliste",26151,0,1,1,65569,0,0,0
2001467,"Quittung[p] der Baert-Handelsgesellschaft",4,"Quittung[p] der Baert-Handelsgesellschaft",2,0,1,0,1,False,"Quittung der Baert-Handelsgesellschaft",25928,0,1,1,65569,0,0,0
2001468,"Vertragsabschrift",3,"Vertragsabschriften",1,0,1,1,0,False,"Vertragsabschrift",26152,0,1,1,65569,0,0,0
2001469,"Abschrift[p] von Rishushus Aufzeichnungen",3,"Abschriften[p] von Rishushus Aufzeichnungen",1,0,1,1,0,False,"Abschrift von Rishushus Aufzeichnungen",26153,0,1,1,65569,0,0,0
2001470,"blutig[a] Pergament",4,"blutig[a] Pergamente",2,0,1,2,0,False,"Blutiges Pergament",25906,1,1,1,65610,3,0,0
2001471,"besudelt[a] Brief",4,"besudelt[a] Briefe",2,0,1,0,0,False,"Besudelter Brief",25906,1,1,1,0,3,0,0
2001472,"Gefängnisschlüssel",4,"Gefängnisschlüssel",2,0,1,0,0,False,"Gefängnisschlüssel",25904,0,1,1,0,0,0,0
2001473,"gesegnet[a] Ring[p] der Zwölf",4,"gesegnet[a] Ringe[p] der Zwölf",2,0,1,0,0,False,"Gesegneter Ring der Zwölf",54564,1,1,1,67114,3,0,0
2001474,"",0,"",0,0,0,0,0,False,"",0,0,0,0,0,0,0,0
2001475,"",0,"",0,0,0,0,0,False,"",0,0,0,0,0,0,0,0
2001476,"",0,"",0,0,0,0,0,False,"",0,0,0,0,0,0,0,0
2001477,"",0,"",0,0,0,0,0,False,"",0,0,0,0,0,0,0,0
2001478,"niedlich[a] Ohranhänger",4,"niedlich[a] Ohranhänger",2,0,1,0,0,False,"Niedlicher Ohranhänger",55241,1,1,1,65581,3,0,0
2001479,"Brief[p] an Mauh Lihzeh",4,"Briefe[p] an Mauh Lihzeh",2,0,1,0,0,False,"Brief an Mauh Lihzeh",25918,0,1,1,67110,0,0,0
2001480,"Brief[p] an Wymond",4,"Briefe[p] an Wymond",2,0,1,0,0,False,"Brief an Wymond",25918,0,1,1,65776,0,0,0
2001481,"Liste[p] mit Forderungen",3,"Listen[p] mit Forderungen",1,0,1,1,0,False,"Liste mit Forderungen",26151,0,1,1,65776,0,0,0
2001482,"Schuldschein",4,"Schuldscheine",2,0,1,0,0,False,"Schuldschein",26152,0,1,1,65776,0,0,0
2001483,"Erdseim-Terminkontrakt",4,"Erdseim-Terminkontrakte",2,0,1,0,0,False,"Erdseim-Terminkontrakt",25928,0,1,1,65776,0,0,0
2001484,"rot[a] Rose",3,"rot[a] Rosen",1,0,1,1,0,False,"Rote Rose",25003,0,1,1,65776,0,0,0
2001485,"Bündel[p] Briefe an Professor Lamberteint",4,"Bündel[p] Briefe an Professor Lamberteint",2,0,1,2,0,False,"Briefe an Professor Lamberteint",25918,0,3,1,65780,0,0,0
2001486,"Komplettausgabe[p] von „Überblick zur Theorie über denaturierte Kristalle“",3,"Komplettausgaben[p] von „Überblick zur Theorie über denaturierte Kristalle“",1,0,1,1,0,False,"Komplettausgabe von „Überblick zur Theorie über denaturierte Kristalle“",26002,0,1,1,0,0,0,0
2001487,"lieblich[a] Topfblume",3,"lieblich[a] Topfblumen",1,0,1,1,0,False,"Liebliche Topfblume",25008,1,1,1,65780,3,0,0
2001488,"ätherlasiert[a] Topf",2,"ätherlasiert[a] Töpfe",2,0,1,0,0,False,"Ätherlasierter Topf",22603,1,1,1,65780,3,0,0
2001489,"Brechschlägel",4,"Brechschlägel",2,0,1,0,0,False,"Brechschlägel",38051,1,1,1,65780,3,0,0
2001490,"Topf[p] mit denaturierten Kristallsplittern",2,"Töpfe[p] mit denaturierten Kristallsplittern",2,0,1,0,0,False,"Topf mit denaturierten Kristallsplittern",22603,0,1,1,65780,0,0,0
2001491,"Brief[p] an Drest",4,"Briefe[p] an Drest",2,0,1,0,0,False,"Brief an Drest",25918,0,1,1,65777,0,0,0
2001492,"alt[a] Ledersack",4,"alt[a] Ledersäcke",2,0,1,0,0,False,"Alter Ledersack",25919,0,1,1,65777,0,0,0
2001493,"Blaisies Gesprächsprotokoll",3,"Blaisies Gesprächsprotokolle",2,0,0,2,1,False,"Blaisies Gesprächsprotokoll",26182,0,1,1,67745,0,0,0
2001494,"Schmähschrift",0,"Schmähschriften",1,0,1,1,0,False,"Schmähschrift",26192,0,4,1,67899,0,0,0
2001495,"elft[a] Band[p] des Theologischen Gesamtwerks",4,"elft[a] Bände[p] des Theologischen Gesamtwerks",2,0,1,0,0,False,"Elfter Band des Theologischen Gesamtwerks",26161,0,1,1,67744,0,0,0
2001496,"",0,"",0,0,0,0,0,False,"",0,0,0,0,0,0,0,0
2001497,"Kürbislaterne",3,"Kürbislaternen",1,0,1,1,0,False,"Kürbislaterne",24153,0,3,1,65773,0,0,0
2001498,"beschlagnahmt[a] Waffenkiste",3,"beschlagnahmt[a] Waffenkisten",1,0,1,1,0,False,"Beschlagnahmte Waffenkiste",21003,0,1,1,65901,3,0,0
2001499,"Brief[p] an Miah Molkot",4,"Briefe[p] an Miah Molkot",2,0,1,0,0,False,"Brief an Miah Molkot",25918,0,1,1,67111,0,0,0
2001500,"Brief[p] an Hihira",4,"Briefe[p] an Hihira",2,0,1,0,0,False,"Brief an Hihira",25918,0,1,1,67112,0,0,0
2001501,"Nald'thalkrautwurzel",3,"Nald'thalkrautwurzeln",1,0,1,1,0,False,"Nald'thalkrautwurzel",25005,0,3,1,67112,0,0,0
2001502,"Halsreif[p] der Mutter",4,"Halsreife[p] der Mutter",2,0,1,0,0,False,"Halsreif der Mutter",54815,0,1,1,67112,0,0,0
2001503,"Aufforderung[p] zum Duell für Anselm",3,"Aufforderungen[p] zum Duell für Anselm",1,0,1,1,0,False,"Aufforderung zum Duell für Anselm",26151,0,1,1,67113,0,0,0
2001504,"Brief[p] der Messingklingen",4,"Briefe[p] der Messingklingen",2,0,1,0,0,False,"Brief der Messingklingen",25918,0,1,1,65778,0,0,0
2001505,"Katalog[p] des Ossariums",4,"Kataloge[p] des Ossariums",2,0,1,0,0,False,"Katalog des Ossariums",26002,0,1,1,65778,0,0,0
2001506,"Brief[p] an Jijiroon",4,"Brief[p] an Jijiroon",2,0,1,0,0,False,"Brief an Jijiroon",25918,0,1,1,65779,0,0,0
2001507,"XLIII-Zündvorrichtung",3,"XLIII-Zündvorrichtungen",1,0,1,1,0,False,"XLIII-Zündvorrichtung",21003,1,1,1,65646,0,0,0
2001508,"Kiste[p] mit Kolosseumsabfällen",3,"Kisten[p] mit Kolosseumsabfällen",1,0,1,1,0,False,"Kiste mit Kolosseumsabfällen",21003,1,3,1,65739,0,0,0
2001509,"stinkend[a] Beutel",4,"stinkend[a] Beutel",2,0,1,0,0,False,"Stinkender Beutel",25919,1,1,1,65739,0,0,0
2001510,"Münzbeutel",4,"Münzbeutel",2,0,1,0,0,False,"Münzbeutel",25919,1,1,1,65684,0,0,0
2001511,"Flugzettel",4,"Flugzettel",2,0,1,0,0,False,"Flugzettel",25906,0,3,1,65774,0,0,0
2001512,"（仮）魔道書",0,"",0,0,1,0,0,False,"",26002,1,1,1,0,0,0,0
2001513,"Paket[p] für die Artigen Schwestern",4,"Pakete[p] für die Artigen Schwestern",2,0,1,2,0,False,"Paket für die Artigen Schwestern",23001,1,1,1,65859,0,0,0
2001514,"Portion[p] Kraftfutter",3,"Portionen[p] Kraftfutter",1,0,1,1,0,False,"Kraftfutter",25020,0,1,1,65788,0,0,0
2001515,"vergessen[a] Brille",3,"vergessen[a] Brillen",1,0,1,1,0,False,"Vergessene Brille",40876,0,1,1,65845,0,0,0
2001516,"Chocobo-Schwanzfeder",3,"Chocobo-Schwanzfedern",1,0,1,1,0,False,"Chocobo-Schwanzfeder",21901,0,1,1,65825,0,0,0
2001517,"Brief[p] an Nymeia",4,"Brief[p] an Nymeia",2,0,1,0,0,False,"Brief an Nymeia",25918,0,1,1,65787,0,0,0
2001518,"Sternenlicht-Geschenk",4,"Sternenlicht-Geschenke",2,0,1,2,0,False,"Sternenlicht-Geschenk",26107,0,1,1,65787,0,0,0
2001519,"verloren[a] Brief",4,"verloren[a] Briefe",2,0,1,0,0,False,"Verlorener Brief",25918,0,1,1,65787,0,0,0
2001520,"Brief[p] an Nymeia",4,"Brief[p] an Nymeia",2,0,1,0,0,False,"Brief an Nymeia",25918,0,1,1,65783,0,0,0
2001521,"Sternenlicht-Geschenk",4,"Sternenlicht-Geschenke",2,0,1,2,0,False,"Sternenlicht-Geschenk",26107,0,1,1,65783,0,0,0
2001522,"Brief[p] an Nymeia",4,"Brief[p] an Nymeia",2,0,1,0,0,False,"Brief an Nymeia",25918,0,1,1,65784,0,0,0
2001523,"Sternenlicht-Geschenk",4,"Sternenlicht-Geschenke",2,0,1,2,0,False,"Sternenlicht-Geschenk",26107,0,1,1,65784,0,0,0
2001524,"Brief[p] an Nymeia",4,"Brief[p] an Nymeia",2,0,1,0,0,False,"Brief an Nymeia",25918,0,1,1,65785,0,0,0
2001525,"Sternenlicht-Geschenk",4,"Sternenlicht-Geschenke",2,0,1,2,0,False,"Sternenlicht-Geschenk",26107,0,1,1,65785,0,0,0
2001526,"Paar[p] Messing-Armringe",2,"Paar[p] Messing-Armringe",1,0,1,2,0,False,"Messing-Armringe",55605,0,1,1,65890,0,0,0
2001527,"verloren[a] Brief",4,"verloren[a] Briefe",2,0,1,0,0,False,"Verlorener Brief",25918,0,1,1,65890,0,0,0
2001528,"Batraal-Horn",4,"Batraal-Hörner",2,0,1,2,0,False,"Batraal-Horn",22204,0,1,1,65893,0,0,0
2001529,"Gobmaschine VI-Blech",4,"Gobmaschine VI-Bleche",2,0,1,2,0,False,"Gobmaschine VI-Blech",20957,0,1,1,65893,0,0,0
2001530,"Narasimha-Haut",3,"Narasimha-Häute",1,0,1,1,0,False,"Narasimha-Haut",21822,0,1,1,65893,0,0,0
2001531,"Fenrir-Klaue",3,"Fenrir-Klauen",1,0,1,1,0,False,"Fenrir-Klaue",22303,0,1,1,65893,0,0,0
2001532,"Brocken[p] Schwefelpyroxen",4,"Brocken[p] Schwefelpyroxen",1,0,1,0,0,False,"Schwefelpyroxen",21207,0,1,1,65894,0,0,0
2001533,"Ballen[p] Nichtsschleier",4,"Ballen[p] Nichtsschleier",1,0,1,0,0,False,"Nichtsschleier",23003,0,1,1,65894,0,0,0
2001534,"Stück[p] Amdapapyrus",4,"Stücke[p] Amdapapyrus",2,0,1,2,0,False,"Amdapapyrus",26151,0,1,1,65894,0,0,0
2001535,"Indigo-Perle",3,"Indigo-Perlen",1,0,1,1,0,False,"Indigo-Perle",21287,0,1,1,65894,0,0,0
2001536,"Ampulle[p] Tomberry-Königsblut",3,"Ampullen[p] Tomberry-Königsblut",1,0,1,1,0,False,"Tomberry-Königsblut",22601,0,1,1,65895,0,0,0
2001537,"Ampulle[p] Ouranos-Blut",3,"Ampullen[p] Ouranos-Blut",1,0,1,1,0,False,"Ouranos-Blut",22601,0,1,1,65895,0,0,0
2001538,"Ampulle[p] Aquadon-Blut",3,"Ampullen[p] Aquadon-Blut",1,0,1,1,0,False,"Aquadon-Blut",20662,0,1,1,65895,0,0,0
2001539,"Ampulle[p] Statthalter-Blut",3,"Ampullen[p] Statthalter-Blut",1,0,1,1,0,False,"Statthalter-Blut",22601,0,1,1,65895,0,0,0
2001540,"Stadtschatz",2,"Stadtschätze",2,0,1,0,0,False,"Stadtschatz",25916,0,1,1,65896,0,0,0
2001541,"Turmschatz",2,"Turmschätze",2,0,1,0,0,False,"Turmschatz",25916,0,1,1,65896,0,0,0
2001542,"Grabschatz",2,"Grabschätze",2,0,1,0,0,False,"Grabschatz",25916,0,1,1,65896,0,0,0
2001543,"Burgschatz",2,"Burgschätze",2,0,1,0,0,False,"Burgschatz",25916,0,1,1,65896,0,0,0
2001544,"Brief[p] an Raya-O-Senna",4,"Briefe[p] an Raya-O-Senna",2,0,1,0,0,False,"Brief an Raya-O-Senna",25918,0,1,1,65898,0,0,0
2001545,"staubig[a] Phiole",3,"staubig[a] Phiolen",1,0,1,1,0,False,"Staubige Phiole",20665,0,1,1,65962,3,0,0
2001546,"Ydas Gilbeutel",3,"Ydas Gilbeutel",2,0,0,0,1,False,"Ydas Gilbeutel",26001,0,1,1,65906,3,0,0
2001547,"Menphina-Margerite",3,"Menphina-Margeriten",1,0,1,1,0,False,"Menphina-Margerite",26024,0,1,1,65906,3,0,0
2001548,"verdächtig[a] Kiste",3,"verdächtig[a] Kisten",1,0,1,1,0,False,"Verdächtige Kiste",21003,0,4,1,65903,3,0,0
2001549,"Ostwind-Pfeife",3,"Ostwind-Pfeifen",1,0,1,1,0,False,"Ostwind-Pfeife",22204,1,1,1,65968,3,0,0
2001550,"Brief[p] an Landenel",4,"Brief[p] an Landenel",2,0,1,0,0,False,"Brief an Landenel",25918,0,1,1,66032,0,0,0
2001551,"Schatzkarte[p] aus der Thorne-Ära",3,"Schatzkarten[p] aus der Thorne-Ära",1,0,1,1,0,False,"Schatzkarte aus der Thorne-Ära",26151,1,1,2,0,0,0,0
2001552,"Labyrinth-Edelstein",4,"Labyrinth-Edelsteine",2,0,1,0,0,False,"Labyrinth-Edelstein",22624,1,1,1,0,0,0,0
2001553,"Syrcus-Edelstein",4,"Syrcus-Edelsteine",2,0,1,0,0,False,"Syrcus-Edelstein",22625,1,1,1,0,0,0,0
2001554,"Dunkel-Edelstein",4,"Dunkel-Edelsteine",2,0,1,0,0,False,"Dunkel-Edelstein",22626,1,1,1,0,0,0,0
2001555,"golden[a] Luftschiff-Ticket",4,"golden[a] Luftschiff-Tickets",1,0,1,2,0,False,"Goldenes Luftschiff-Ticket",26153,0,1,1,65970,0,0,0
2001556,"duftend[a] Liebeszweig",2,"duftend[a] Liebeszweige",2,0,1,0,0,False,"Duftender Liebeszweig",25001,0,1,1,66051,0,0,0
2001557,"Brief[p] mit Edelstein",4,"Briefe[p] mit Edelstein",2,0,1,0,0,False,"Brief mit Edelstein",25918,0,1,1,66059,0,0,0
2001558,"Schachtel[p] Minzschokolade",3,"Schachteln[p] Minzschokolade",1,0,1,1,0,False,"Schachtel Minzschokolade",24065,0,1,1,66063,0,0,0
2001559,"Ballen[p] Überseelentuch",4,"Ballen[p] Überseelentuch",1,0,1,0,0,False,"Überseelentuch",23155,1,1,1,66029,0,0,0
2001560,"Flasche[p] destillierten Klarwassers",3,"Flaschen[p] destillierten Klarwassers",1,0,1,1,0,False,"Destilliertes Klarwasser",20601,1,1,1,66029,0,0,0
2001561,"Flasche[p] Sonnenschein",3,"Flaschen[p] Sonnenschein",1,0,1,1,0,False,"Sonnenschein",25936,0,1,1,66096,0,0,0
2001562,"Saliah-Karte",3,"Saliah-Karten",1,0,1,1,0,False,"Saliah-Karte",22630,0,2,1,66092,0,0,0
2001563,"Saliah-Glückskarte",3,"Saliah-Glückskarten",1,0,1,1,0,False,"Saliah-Glückskarte",22631,0,1,1,66092,0,0,0
2001564,"Hustenbombom",4,"Hustenbomboms",1,0,1,2,0,False,"Hustenbombom",21308,0,1,1,66093,0,0,0
2001565,"Demaskierungskugel",3,"Demaskierungskugeln",1,0,1,1,0,False,"Demaskierungskugel",26015,1,3,1,66095,3,0,0
2001566,"Säckchen[p] Entprojizierungspulver",4,"Säckchen[p] Entprojizierungspulver",1,0,1,2,0,False,"Entprojizierungspulver",22623,0,1,1,66028,0,0,0
2001567,"garleisch[a] Kennschlüssel",4,"garleisch[a] Kennschlüssel",2,0,1,0,0,False,"Garleischer Kennschlüssel",26014,1,99,1,0,0,0,0
2001568,"Donnerei",2,"Donnereier",2,0,1,2,0,False,"Donnerei",20204,1,99,1,0,0,0,0
2001569,"kalt[a] Stahlhebel",4,"kalt[a] Stahlhebel",2,0,1,0,0,False,"Kalter Stahlhebel",22305,1,1,1,0,0,0,0
2001570,"Kasernenschlüssel",4,"Kasernenschlüssel",2,0,1,0,0,False,"Kasernenschlüssel",25904,1,1,1,0,0,0,0
2001571,"Kommandozimmerschlüssel",4,"Kommandozimmerschlüssel",2,0,1,0,0,False,"Kommandozimmerschlüssel",25904,1,1,1,0,0,0,0
2001572,"Bündel[p] Glotzerborsten",4,"Bündel[p] Glotzerborsten",2,0,1,2,0,False,"Glotzerborsten",22007,1,3,1,67121,3,0,0
2001573,"lauwarm[a] Bündel",4,"lauwarm[a] Bündel",2,0,1,2,0,False,"Lauwarmes Bündel",26109,1,1,1,67122,3,0,0
2001574,"Feucht-Kristall",4,"Feucht-Kristalle",2,0,1,0,0,False,"Feucht-Kristall",20002,1,1,1,67130,3,0,0
2001575,"Manuskript[p] von „Ätherverdichtung und Konvergenz“",4,"Manuskripte[p] von „Ätherverdichtung und Konvergenz“",2,0,1,2,0,False,"Ätherverdichtung und Konvergenz",26162,1,1,1,67196,3,0,0
2001576,"",0,"",0,0,0,0,0,False,"",0,0,0,0,0,0,0,0
2001577,"",0,"",0,0,0,0,0,False,"",0,0,0,0,0,0,0,0
2001578,"Meldeprotokoll",4,"Meldeprotokolle",2,0,1,2,0,False,"Meldeprotokoll",26153,1,3,1,67141,3,0,0
2001579,"Stück[p] Nanka-Fleisch",4,"Stücke[p] Nanka-Fleisch",2,0,1,2,0,False,"Nanka-Fleisch",25155,1,1,1,67150,3,0,0
2001580,"Stück[p] Nanka-Fleisch",4,"Stücke[p] Nanka-Fleisch",2,0,1,2,0,False,"Nanka-Fleisch",25155,1,3,1,67148,3,0,0
2001581,"Pustewolke",3,"Pustewolken",1,0,1,1,0,False,"Pustewolke",22627,1,3,1,67156,3,0,0
2001582,"☓未使用",0,"",0,0,1,0,0,False,"",25906,1,1,1,0,3,0,0
2001583,"Bildstein",4,"Bildsteine",2,0,1,0,0,False,"Bildstein",21210,1,1,1,67158,3,0,0
2001584,"Ballen[p] Yak-Wolle",4,"Ballen[p] Yak-Wolle",1,0,1,0,0,False,"Yak-Wolle",21655,1,2,1,67144,3,0,0
2001585,"Schlüsselstein",4,"Schlüsselsteine",2,0,1,0,0,False,"Schlüsselstein",21451,0,1,1,67207,0,0,0
2001586,"groß[a] Schlüsselstein",4,"groß[a] Schlüsselsteine",2,0,1,0,0,False,"Großer Schlüsselstein",21451,0,1,1,67208,0,0,0
2001587,"leer[a] Tongefäß",2,"leer[a] Tongefäße",2,0,1,2,0,False,"Leeres Tongefäß",25055,0,1,1,67209,0,0,0
2001588,"Beutel[p] des Nichtsgesandten-Forschers",4,"Beutel[p] des Nichtsgesandten-Forschers",2,0,1,0,0,False,"Habseligkeiten des Nichtsgesandten-Forschers",26111,0,1,1,67211,0,0,0
2001589,"Kriegsaxt[p] von Mithrilherz",3,"Kriegsäxte[p] von Mithrilherz",2,0,1,1,0,False,"Kriegsaxt von Mithrilherz",31441,0,1,1,66121,0,0,0
2001590,"Weiland-Lachs",2,"Weiland-Lachse",2,0,1,0,0,False,"Weiland-Lachs",29203,1,1,1,66124,3,0,0
2001591,"Bündel[p] aromatischer Kräuter",4,"Bündel[p] aromatischer Kräuter",2,0,1,2,0,False,"Aromatische Kräuter",25002,1,1,1,67529,3,0,0
2001592,"Flasche[p] Originalglühwein",3,"Flaschen[p] Originalglühwein",1,0,1,1,0,False,"Originalglühwein",25057,1,1,1,67530,3,0,0
2001593,"Flasche[p] Originalglühwein",3,"Flaschen[p] Originalglühwein",1,0,1,1,0,False,"Originalglühwein",25057,1,1,1,67531,3,0,0
2001594,"Stück[p] Schneebock-Fleisch",4,"Stücke[p] Schneebock-Fleisch",2,0,1,2,0,False,"Schneebock-Fleisch",25157,0,3,1,67268,0,0,0
2001595,"Beutel[p] mit Hemmings Habseligkeiten",4,"Beutel[p] mit Hemmings Habseligkeiten",2,0,1,0,0,False,"Hemmings Habseligkeiten",26110,0,3,1,67272,0,0,0
2001596,"Bruchstück[p] des Talismans",4,"Bruchstücke[p] des Talismans",2,0,0,2,0,False,"Bruchstück des Talismans",20009,0,3,1,67273,0,0,0
2001597,"Gastornis-Schenkel",3,"Gastornis-Schenkel",2,0,1,0,0,False,"Gastornis-Schenkel",25154,0,3,1,67274,0,0,0
2001598,"Proviant",4,"Proviante",2,0,1,0,0,False,"Proviantpaket",21005,0,3,1,67275,0,0,0
2001599,"Flugmembran",3,"Flugmembranen",1,0,1,1,0,False,"Flugmembran",21955,0,1,1,67284,0,0,0
2001600,"Strauß[p] Nymeia-Lilien",2,"Sträuße[p] Nymeia-Lilien",2,0,1,0,0,False,"Nymeia-Lilien",26024,0,1,1,67288,0,0,0
2001601,"gestohlen[a] Ausrüstung",3,"gestohlen[a] Ausrüstungen",1,0,1,1,0,False,"Gestohlene Ausrüstung",21003,0,3,1,67294,0,0,0
2001602,"Woll-Yak-Fell",4,"Woll-Yak-Felle",2,0,1,2,0,False,"Woll-Yak-Fell",21655,0,3,1,67299,0,0,0
2001603,"Leer[a] Weinflasche",3,"Leer[a] Weinflaschen",1,0,1,1,0,False,"Leere Weinflasche",27608,0,1,1,67303,0,0,0
2001604,"Flasche[p] Drachengeifer",3,"Flaschen[p] Drachengeifer",1,0,1,1,0,False,"Drachengeifer",27608,0,1,1,67303,0,0,0
2001605,"Kampf-Chocobo-Feder",3,"Kampf-Chocobo-Federn",1,0,1,1,0,False,"Kampf-Chocobo-Feder",21901,0,1,1,67304,0,0,0
2001606,"zitternd[a] Kätzchen",4,"zitternd[a] Kätzchen",1,0,1,2,0,False,"Zitterndes Kätzchen",4452,0,1,1,67290,0,0,0
2001607,"Leuchtpilz",2,"Leuchtpilze",2,0,1,0,0,False,"Leuchtpilz",25402,0,1,1,67314,0,0,0
2001608,"Bund[p] sporenbedeckter Gizar-Blätter",4,"Bunde[p] sporenbedeckter Gizar-Blätter",2,0,1,2,0,False,"Sporenbedeckte Gizar-Blätter",25218,0,1,1,67314,0,0,0
2001609,"trüb[a] Flüssigkeit",3,"trüb[a] Flüssigkeiten",1,0,1,1,0,False,"Trübe Flüssigkeit",24402,1,1,1,67315,3,0,0
2001610,"hölzern[a] Bogen",4,"hölzern[a] Bögen",1,0,1,0,0,False,"Hölzerner Bogen",32261,0,1,1,67320,0,0,0
2001611,"Haufen[p] Nanka-Eier",4,"Haufen[p] Nanka-Eier",1,0,1,0,0,False,"Nanka-Eier",25156,0,5,1,67322,0,0,0
2001612,"reif[a] Siebenhimmelfrucht",3,"reif[a] Siebenhimmelfrüchte",2,0,1,1,0,False,"Reife Siebenhimmelfrucht",25221,0,3,1,67323,0,0,0
2001613,"Stück[p] rohes Loaghtan-Fleisch",4,"Stücke[p] rohes Loaghtan-Fleisch",2,0,1,2,0,False,"Rohes Loaghtan-Fleisch",25152,0,3,1,67324,0,0,0
2001614,"Gnath-Feuerstab",4,"Gnath-Feuerstäbe",2,0,1,0,0,False,"Gnath-Feuerstab",21003,0,2,1,67326,0,0,0
2001615,"dravanisch[a] Lehmklumpen",4,"dravanisch[a] Lehmklumpen",1,0,1,0,0,False,"Dravanischer Lehmklumpen",21455,0,2,1,67327,0,0,0
2001616,"Bündel[p] Silbertaukraut",4,"Bündel[p] Silbertaukraut",2,0,1,2,0,False,"Silbertaukraut",21654,0,3,1,67328,0,0,0
2001617,"●ラーニングの書",0,"",0,0,1,0,0,False,"",26153,1,1,1,0,3,0,0
2001618,"",0,"",0,0,0,0,0,False,"",0,0,0,0,0,0,0,0
2001619,"",0,"",0,0,0,0,0,False,"",0,0,0,0,0,0,0,0
2001620,"gelb[a] Stein",4,"gelb[a] Steine",2,0,1,0,0,False,"Gelber Stein",22615,0,4,1,67329,0,0,0
2001621,"Kiste[p] mit zurückgelassenen Waren",3,"Kisten[p] mit zurückgelassenen Waren",1,0,1,1,0,False,"Zurückgelassene Waren",22634,0,1,1,67330,0,0,0
2001622,"Feuersandbeutel",4,"Feuersandbeutel",2,0,1,0,0,False,"Feuersandbeutel",26110,0,3,1,67331,0,0,0
2001623,"Stück[p] Miacis-Schwanzfleisch",4,"Stücke[p] Miacis-Schwanzfleisch",2,0,1,2,0,False,"Miacis-Schwanzfleisch",25152,0,3,1,67335,0,0,0
2001624,"Gallimimus-Ei",2,"Gallimimus-Eier",2,0,1,2,0,False,"Gallimimus-Ei",25251,0,5,1,67336,0,0,0
2001625,"Wild-Chocobo-Schenkel",4,"Wild-Chocobo-Schenkel",2,0,1,0,0,False,"Wild-Chocobo-Schenkel",25154,0,1,1,67337,0,0,0
2001626,"frittiert[a] Chocobo-Schenkel",4,"frittiert[a] Chocobo-Schenkel",2,0,1,0,0,False,"Frittierter Chocobo-Schenkel",24358,0,1,1,67337,0,0,0
2001627,"Hippocerfen-Haut",3,"Hippocerfen-Häute",2,0,1,1,0,False,"Hippocerfen-Haut",22003,0,3,1,67341,0,0,0
2001628,"stumpf[a] Feuerstein",4,"stumpf[a] Feuersteine",2,0,1,0,0,False,"Stumpfer Feuerstein",21205,1,1,1,67344,3,0,0
2001629,"Gron Mhar-Blume",3,"Gron Mhar-Blumen",1,0,1,1,0,False,"Gron Mhar-Blume",25022,0,1,1,67346,0,0,0
2001630,"Schuppe[p] von Kohm Khur",3,"Schuppen[p] von Kohm Khur",1,0,1,1,0,False,"Schuppe von Kohm Khur",22251,0,1,1,67348,0,0,0
2001631,"Sankchinni-Ranke",3,"Sankchinni-Ranken",1,0,1,1,0,False,"Sankichinni-Ranke",21662,0,5,1,67356,0,0,0
2001632,"Trompetenblume",3,"Trompetenblumen",1,0,1,1,0,False,"Trompetenblume",25023,0,3,1,67358,0,0,0
2001633,"Flechtkorb",2,"Flechtkörbe",2,0,0,0,0,False,"Flechtkorb",22261,0,3,1,67361,0,0,0
2001634,"Handvoll[p] fruchtbarer Erde",3,"Handvoll[p] fruchtbarer Erde",1,0,1,1,0,False,"Fruchtbare Erde",21464,0,1,1,67365,0,0,0
2001635,"Kupo-Nuss",3,"Kupo-Nüsse",2,0,1,1,0,False,"Kupo-Nuss",25311,0,5,1,67366,0,0,0
2001636,"antik[a] Gegenstand",2,"antik[a] Gegenstände",2,0,1,0,0,False,"Antike Ausrüstungsgegenstände",21002,0,3,1,67369,0,0,0
2001637,"Rüstungsscharnier",4,"Rüstungsscharnier",2,0,1,2,0,False,"Rüstungsscharnier",25919,0,1,1,67228,0,0,0
2001638,"chiffriert[a] Notiz",3,"chiffriert[a] Notizen",1,0,1,1,0,False,"Chiffrierte Notiz",26151,0,1,1,67230,0,0,0
2001639,"Büschel[p] Besserkraut",4,"Büschel[p] Besserkraut",2,0,1,2,0,False,"Besserkraut",25005,0,1,1,67372,0,0,0
2001640,"leer[a] Krug",2,"leer[a] Krüge",2,0,1,0,0,False,"Leerer Krug",25055,0,1,1,67373,0,0,0
2001641,"voll[a] Krug",2,"voll[a] Krüge",2,0,1,0,0,False,"Voller Krug",25055,0,1,1,67373,0,0,0
2001642,"Mogmesser",4,"Mogmesser",2,0,1,2,0,False,"Mogmesser",30363,1,1,1,67374,3,0,0
2001643,"knisternd[a] Schuppe",4,"knisternd[a] Schuppen",3,0,1,1,0,False,"Knisternde Schuppen",22251,0,3,1,67374,0,0,0
2001644,"Truhe[p] mit Kupferstücken",3,"Truhe[p] mit Kupferstücken",2,0,1,1,0,False,"Truhe mit Kupferstücken",21002,0,5,1,67376,0,0,0
2001645,"Flauschgras-Setzling",4,"Flauschgras-Setzlinge",2,0,1,0,0,False,"Flauschgras-Setzling",25015,0,5,1,67380,0,0,0
2001646,"Mogsons Korb",4,"Mogsons Körbe",2,0,0,0,1,False,"Mogsons Korb",22261,0,3,1,67383,0,0,0
2001647,"Meliaden-Zweig",4,"Meliaden-Zweige",1,0,1,0,0,False,"Meliaden-Zweig",22416,0,3,1,67387,0,0,0
2001648,"Drakonschwanz",2,"Drakonschwänze",2,0,1,0,0,False,"Drakonschwanz",22635,0,3,1,67388,0,0,0
2001649,"Golem-Seelenstein",4,"Golem-Seelensteine",2,0,1,0,0,False,"Golem-Seelenstein",20403,0,3,1,67389,0,0,0
2001650,"Wucherwurz-Setzling",4,"Wucherwurz-Setzlinge",2,0,1,0,0,False,"Wucherwurz-Setzling",25015,0,3,1,67395,0,0,0
2001651,"Bommelblume",3,"Bommelblumen",1,0,1,1,0,False,"Bommelblume",21801,0,3,1,67396,0,0,0
2001652,"funkelnd[a] Werkzeug",4,"funkelnd[a] Werkzeuge",2,0,1,2,0,False,"Funkelndes Werkzeug",21002,0,3,1,67397,0,0,0
2001653,"funkelnd[a] Ring",4,"funkelnd[a] Ringe",2,0,1,0,0,False,"Funkelnder Ring",54402,0,1,1,67398,0,0,0
2001654,"Zobalos-Panzer",4,"Zobalos-Panzer",2,0,1,0,0,False,"Zobalos-Panzer",20008,0,3,1,67433,0,0,0
2001655,"Stück[p] Wisent-Fleisch",4,"Stück[p] Wisent-Fleisch",2,0,1,2,0,False,"Wisent-Fleisch",25153,0,4,1,67436,0,0,0
2001656,"Häufchen[p] schwarzer Erde",4,"Häufchen[p] schwarzer Erde",1,0,1,2,0,False,"Schwarze Erde",27404,0,5,1,67438,0,0,0
2001657,"×未使用",0,"",0,0,1,0,0,False,"",0,0,1,1,0,0,0,0
2001658,"groß[a] Gastornis-Ei",2,"groß[a] Gastornis-Eier",2,0,1,2,0,False,"Großes Gastornis-Ei",25252,0,1,1,67439,0,0,0
2001659,"Äthermessgerät",4,"Äthermessgeräte",2,0,1,2,0,False,"Äthermessgerät",21002,0,2,1,67418,0,0,0
2001660,"Forschungsbericht",4,"Forschungsberichte",3,0,0,0,0,False,"Forschungsbericht",26188,0,1,1,67419,0,0,0
2001661,"Äthermessgerät",4,"Äthermessgeräte",2,0,1,2,0,False,"Äthermessgerät",21002,0,6,1,67420,0,0,0
2001662,"Transportkiste",3,"Transportkisten",1,0,1,1,0,False,"Transportkiste",21003,0,1,1,67407,0,0,0
2001663,"Logbuch",4,"Logbücher",2,0,1,2,0,False,"Logbuch",26156,0,1,1,67407,0,0,0
2001664,"Finsterwald-Wicke",3,"Finsterwald-Wicken",1,0,1,1,0,False,"Finsterwald-Wicke",25353,0,1,1,67586,3,0,0
2001665,"Sack[p] voll mit Gizar-Kraut der Gärtnergilde",2,"Säcke[p] voll mit Gizar-Kraut der Gärtnergilde",2,0,1,0,0,False,"Gizar-Kraut der Gärtnergilde",25218,0,1,1,67588,3,0,0
2001666,"Martineaus Gutachten[p]",4,"Martineaus Gutachten[p]",1,0,0,2,1,False,"Gutachten von Martineau",26185,0,1,1,67588,3,0,0
2001667,"Brief[p] von Fufucha",2,"Briefe[p] von Fufucha",2,0,1,0,0,False,"Brief von Fufucha",26180,0,1,1,67584,3,0,0
2001668,"Portion[p] Wamouracampa-Fleisch",3,"Portionen[p] Wamouracampa-Fleisch",1,0,1,1,0,False,"Wamouracampa-Fleisch",27015,0,5,1,67443,0,0,0
2001669,"Endymion-Kralle",3,"Endymion-Krallen",1,0,1,1,0,False,"Endymion-Kralle",22301,0,5,1,67444,0,0,0
2001670,"Büschel[p] Mückenkraut",4,"Büschel[p] Mückenkraut",2,0,1,2,0,False,"Mückenkraut",26110,0,3,1,67445,0,0,0
2001671,"Korb[p] mit Tributgaben",4,"Körbe[p] mit Tributgaben",2,0,1,0,0,False,"Tributgaben der Zundo",22261,0,3,1,67448,0,0,0
2001672,"Fußfesselschlüssel",4,"Fußfesselschlüssel",2,0,1,0,0,False,"Fußfesselschlüssel",25902,1,1,1,67455,3,0,0
2001673,"Fläschchen[p] Entfrostungsmedizin",4,"Fläschchen[p] Entfrostungsmedizin",1,0,1,2,0,False,"Entfrostungsmedizin",27608,1,1,1,67457,3,0,0
2001674,"Chocobo-Schenkel",4,"Chocobo-Schenkel",2,0,1,0,0,False,"Chocobo-Schenkel",25154,1,1,1,67464,3,0,0
2001675,"Stück[p] Bandersnatch-Fleisch",4,"Stücke[p] Bandersnatch-Fleisch",2,0,1,2,0,False,"Bandersnatch-Fleisch",25153,0,3,1,67465,0,0,0
2001676,"Gil-Sack",2,"Gil-Säcke",2,0,1,0,0,False,"Gil-Sack",26110,1,1,1,67581,3,0,0
2001677,"Flasche[p] Lohmani Rossi",3,"Flaschen[p]  Lohmani Rossi",1,0,1,1,0,False,"Lohmani Rossi",25057,1,1,1,67581,3,0,0
2001678,"Kupo-Nuss",3,"Kupo-Nüsse",2,0,1,1,0,False,"Kupo-Nuss",25311,0,5,1,67384,0,0,0
2001679,"Zugvogelnest",4,"Zugvogelnester",2,0,1,2,0,False,"Zugvogelnest",52191,0,5,1,67385,0,0,0
2001680,"Drachenei",4,"Dracheneier",2,0,1,2,0,False,"Drachenei",25252,0,1,1,67377,0,0,0
2001681,"Lanze[p] mit abgebrochener Spitze",3,"Lanzen[p] mit abgebrochener Spitze",1,0,1,1,0,False,"Lanze mit abgebrochener Spitze",31828,0,1,1,67533,3,0,0
2001682,"Furit-Lanzenspitze",3,"Furit-Lanzenspitzen",1,0,1,1,0,False,"Furit-Lanzenspitze",23103,0,1,1,67537,3,0,0
2001683,"Anzu-Nest",4,"Anzu-Nester",2,0,0,2,0,False,"Anzu-Nest",52191,0,3,1,67413,0,0,0
2001684,"verrostet[a] Schwebescheibe",3,"verrostet[a] Schwebescheiben",1,0,0,1,0,False,"Verrostete Schwebescheibe",20903,0,1,1,67416,0,0,0
2001685,"Feldkiste",3,"Feldkisten",1,0,1,1,0,False,"Feldkiste",21002,0,3,1,67430,0,0,0
2001686,"Gesuch[p] der Padjal",4,"Gesuche[p] der Padjal",2,0,1,2,0,False,"Gesuch der Padjal",26151,0,1,1,67255,0,0,0
2001687,"faulig[a] Fleischklumpen",4,"faulig[a] Fleischklumpen",1,0,1,0,0,False,"Fauliger Fleischklumpen",23001,0,1,1,67259,0,0,0
2001688,"faulig[a] Fleischklumpen",4,"faulig[a] Fleischklumpen",1,0,1,0,0,False,"Fauliger Fleischklumpen",23001,0,1,1,67260,0,0,0
2001689,"Geschenkpaket[p] der Plattnergilde",4,"Geschenkpakete[p] der Plattnergilde",2,0,1,2,0,False,"Geschenk der Plattnergilde",26108,0,1,1,67578,3,0,0
2001690,"verloren[a] Frucht",3,"verloren[a] Früchte",2,0,1,1,0,False,"Verlorene Frucht",25308,0,5,1,67468,0,0,0
2001691,"Gnu-Auge",4,"Gnu-Augen",1,0,1,2,0,False,"Auge",21280,0,3,1,67469,0,0,0
2001692,"Schrottsack",4,"Schrottsäcke",2,0,1,0,0,False,"Schrottsack",26110,0,4,1,67475,0,0,0
2001693,"Narbrooi-Blatt",4,"Narbrooi-Blätter",2,0,1,2,0,False,"Narbrooi-Blatt",25202,0,8,1,67477,0,0,0
2001694,"Sack[p] mit zappelnden Ködern",4,"Säcke[p] mit zappelnden Ködern",2,0,1,0,0,False,"Zappelnde Köder",25919,0,1,1,67479,0,0,0
2001695,"Gilbeutel",4,"Gilbeutel",2,0,1,0,0,False,"Gilbeutel",26110,0,1,1,67479,0,0,0
2001696,"Ätherfluss-Gleichrichter",4,"Ätherfluss-Gleichrichter",2,0,1,0,0,False,"Ätherfluss-Gleichrichter",20015,0,3,1,67481,0,0,0
2001697,"Orn-Kolibrifeder",3,"Orn-Kolibrifedern",1,0,1,1,0,False,"Orn-Kolibrifeder",21901,0,5,1,67495,0,0,0
2001698,"Stück[p] Sonnenbärenfleisch",4,"Stücke[p] Sonnenbärenfleisch",2,0,1,2,0,False,"Sonnenbärenfleisch",25153,0,5,1,67496,0,0,0
2001699,"Kiste[p] mit gestohlenen Waren",3,"Kisten[p] mit gestohlenen Waren",1,0,1,1,0,False,"Gestohlene Waren",21002,0,1,1,67499,0,0,0
2001700,"Stapel[p] Clan-Jagdlizenzen der Klasse 1",4,"Stapel[p] Clan-Jagdlizenzen der Klasse 1",2,0,1,0,0,False,"Clan-Jagdlizenzen der Klasse 1",25941,1,1,4,0,0,0,0
2001701,"Stapel[p] Clan-Jagdlizenzen der Klasse 2",4,"Stapel[p] Clan-Jagdlizenzen der Klasse 2",2,0,1,0,0,False,"Clan-Jagdlizenzen der Klasse 2",25942,1,1,4,0,0,0,0
2001702,"Stapel[p] Clan-Jagdlizenzen der Klasse 3",4,"Stapel[p] Clan-Jagdlizenzen der Klasse 3",2,0,1,0,0,False,"Clan-Jagdlizenzen der Klasse 3",25943,1,1,4,0,0,0,0
2001703,"Clan-Hochwild-Jagdlizenz",3,"Clan-Hochwild-Jagdlizenzen",1,0,1,1,0,False,"Clan-Hochwild-Jagdlizenz",25944,1,1,4,0,0,0,0
2001704,"Severians Gutachten",3,"Severians Gutachten",1,0,0,2,1,False,"Severians Gutachten",26171,0,1,1,67601,0,0,0
2001705,"verschlüsselt[a] Karte",3,"verschlüsselt[a] Karten",1,0,1,1,0,False,"Verschlüsselte Karte",26151,0,1,1,67602,0,0,0
2001706,"allagisch[a] Zeremonienstab",4,"allagisch[a] Zeremonienstäbe",2,0,1,0,0,False,"Allagischer Zeremonienstab",32839,0,1,1,67603,0,0,0
2001707,"Ledertagebuch",4,"Ledertagebücher",2,0,1,2,0,False,"Ledertagebuch",26002,0,1,1,67604,0,0,0
2001708,"Portion[p] Spektrolium",3,"Portionen[p] Spektrolium",1,0,1,1,0,False,"Spektrolium",21006,0,1,1,67605,0,0,0
2001709,"Lauterkeit",3,"Lauterkeit",1,0,1,1,0,False,"Lauterkeit",30503,0,1,1,67546,0,0,0
2001710,"Schwanenrosenkranz",2,"Schwanenrosenkränze",2,0,1,0,0,False,"Schwanenrosenkranz",54830,0,1,1,67547,0,0,0
2001711,"Cermet-Kiste",3,"Cermet-Kisten",1,0,1,1,0,False,"Cermet-Kiste",21002,0,5,1,67524,0,0,0
2001712,"Störsender",4,"Störsender",2,0,1,0,0,False,"Störsender",21002,1,3,1,67476,3,0,0
2001713,"Baumwollgarnspule",3,"Baumwollgarnspulen",1,0,1,1,0,False,"Baumwollgarnspule für Kirchenspende",21656,0,1,1,67541,0,0,0
2001714,"prall gefüllt[a] Lederbeutel",4,"prall gefüllt[a] Lederbeutel",2,0,1,0,0,False,"Prall gefüllter Lederbeutel",25919,1,1,1,67614,3,0,0
2001715,"Niederschrift[p] von „Der Händler von Ishgard“",3,"Niederschriften[p] von „Der Händler von Ishgard“",1,0,1,1,0,False,"Der Händler von Ishgard",25906,1,1,1,67614,3,0,0
2001716,"Brief[p] an Geva",4,"Briefe[p] an Geva",2,0,1,0,0,False,"Brief an Geva",25918,1,1,1,67615,3,0,0
2001717,"Sack[p] mit Fen-Yll-Lederproben",4,"Säcke[p] mit Fen-Yll-Lederproben",2,0,1,0,0,False,"Fen-Yll-Lederproben",26110,1,1,1,67611,3,0,0
2001718,"Brief[p] an Elaisse",4,"Briefe[p] an Elaisse",2,0,1,0,0,False,"Brief an Elaisse",25918,1,1,1,67612,3,0,0
2001719,"Paar[p] Gratis-Stiefel",2,"Paar[p] Gratis-Stiefel",1,0,1,2,0,False,"Gratis-Stiefel",46522,1,1,1,67613,3,0,0
2001720,"vergessen[a] Angelrute",3,"vergessen[a] Angelruten",1,0,1,1,0,False,"Vergessene Angelrute",38202,0,1,1,67621,0,0,0
2001721,"glänzend[a] Angelrute",3,"glänzend[a] Angelruten",1,0,1,1,0,False,"Glänzende Angelrute",38212,0,1,1,67625,0,0,0
2001722,"Notenblatt[p] von Pierryvain",4,"Notenblätter[p] von Pierryvain",4,0,1,2,0,False,"Notenblätter von Pierryvain",26182,1,1,1,67608,3,0,0
2001723,"Rauchbombe",3,"Rauchbomben",1,0,1,1,0,False,"Rauchbombe",26015,1,3,1,67220,3,0,0
2001724,"Gil-Säckchen",4,"Gil-Säckchen",1,0,1,2,0,False,"Gil-Säckchen",25919,1,1,1,67222,0,0,0
2001725,"Phiole[p] Lavender-Schlummertrunk",3,"Phiolen[p] Lavender-Schlummertrunk",1,0,1,1,0,False,"Lavender-Schlummertrunk",25919,1,1,1,67223,3,0,0
2001726,"verrußt[a] Umschlag",4,"verrußt[a] Umschläge",2,0,1,0,0,False,"Verrußter Umschlag",26177,0,1,1,67616,0,0,0
2001727,"Titan-Erzprobe",3,"Titan-Erzproben",1,0,1,1,0,False,"Titan-Erzprobe",21222,0,1,1,67618,0,0,0
2001728,"unidentifizierbar[a] Erzklumpen",4,"unidentifizierbar[a] Erzklumpen",1,0,1,0,0,False,"Unidentifizierbarer Erzklumpen",21223,0,3,1,67619,0,0,0
2001729,"Söldnerbeutel",4,"Söldnerbeutel",2,0,1,0,0,False,"Söldnerbeutel",25919,0,1,1,67620,0,0,0
2001730,"Klumpen[p] Rotgültigerz",4,"Klumpen[p] Rotgültigerz",1,0,1,0,0,False,"Rotgültigerz",21452,0,3,1,67638,0,0,0
2001731,"Paladin-Stirnreif",4,"Paladin-Stirnreife",2,0,1,0,0,False,"Paladin-Stirnreif",40617,0,1,1,67570,0,0,0
2001732,"☓未使用",0,"",0,0,1,0,0,False,"",45192,0,1,1,0,0,0,0
2001733,"Paar[p] Palastwachen-Panzerhandschuhe",2,"Paar[p] Palastwachen-Panzerhandschuhe",1,0,1,2,0,False,"Palastwachen-Panzerhandschuhe",48340,0,1,1,67572,0,0,0
2001734,"Kiste[p] mit gestohlenen Gütern",3,"Kisten[p] mit gestohlenen Gütern",1,0,1,1,0,False,"Gestohlene Güter",26316,0,1,1,67269,0,0,0
2001735,"weiß[a] Federamulett",4,"weiß[a] Federamulette",2,0,1,2,0,False,"Weißes Federamulett",21908,0,1,1,67269,0,0,0
2001736,"Gegenstand[p] des alten Falkenhorsts",2,"Gegenstände[p] des alten Falkenhorsts",2,0,1,0,0,False,"Gegenstände des alten Falkenhorsts",26316,0,3,1,67270,0,0,0
2001737,"Kiste[p] mit Weinflaschen",3,"Kisten[p] mit Weinflaschen",1,0,1,1,0,False,"Weinflaschen",21003,0,1,1,67281,0,0,0
2001738,"seltsam riechend[a] Weinflasche[p]",3,"seltsam riechend[a] Weinflaschen[p]",1,0,1,1,0,False,"Seltsam riechende Weinflasche",25057,0,1,1,67281,0,0,0
2001739,"seltsam riechend[a] Weinflasche[p]",3,"seltsam riechend[a] Weinflaschen[p]",1,0,1,1,0,False,"Seltsam riechende Weinflasche",25057,0,1,1,67282,0,0,0
2001740,"Redwalds Notiz[p]",3,"Redwalds Notizen[p]",1,0,1,1,0,False,"Redwalds Notizen",26151,0,1,1,67283,0,0,0
2001741,"Stück[p] glühende Kohle",4,"Stücke[p] glühende Kohle",2,0,1,2,0,False,"Glühende Kohle",25911,1,1,1,67283,3,0,0
2001742,"Bündel[p] Aromakräuter",4,"Bündel[p] Aromakräuter",2,0,1,2,0,False,"Aromakräuter",25009,1,1,1,67283,3,0,0
2001743,"Fläschchen[p] Montisaurus-Blut",4,"Fläschchen[p] Montisaurus-Blut",1,0,1,2,0,False,"Montisaurus-Blut",22601,0,1,1,67283,0,0,0
2001744,"seltsam[a] Knochen",4,"seltsam[a] Knochen",1,0,1,0,0,False,"Seltsamer Knochen",22201,0,1,1,67285,0,0,0
2001745,"seltsam[a] Knochen",4,"seltsam[a] Knochen",1,0,1,0,0,False,"Seltsamer Knochen",22201,0,1,1,67292,0,0,0
2001746,"Tulihand-Schuppe",3,"Tulihand-Schuppen",1,0,1,1,0,False,"Tulihand-Schuppe",22251,0,1,1,67305,0,0,0
2001747,"Wadjet-Schuppe",3,"Wadjet-Schuppen",1,0,1,1,0,False,"Wadjet-Schuppe",22252,0,1,1,67305,0,0,0
2001748,"Drachenfangzahn",4,"Drachenfangzähne",2,0,1,0,0,False,"Drachenfangzahn",22303,0,1,1,67425,0,0,0
2001749,"Kettenrüstungs-Überrest",4,"Kettenrüstungs-Überreste",2,0,1,0,0,False,"Kettenrüstungs-Überrest",21002,0,5,1,67426,0,0,0
2001750,"Drachenfangzahn",4,"Drachenfangzähne",2,0,1,0,0,False,"Drachenfangzahn",22303,0,1,1,67427,0,0,0
2001751,"Wyvern-Knochen",4,"Wyvern-Knochen",1,0,1,0,0,False,"Wyvern-Knochen",22202,1,1,1,67434,3,0,0
2001752,"Fluss-Nanka-Schwanz",2,"Fluss-Nanka-Schwänze",2,0,1,0,0,False,"Fluss-Nanka-Schwanz",25155,1,1,1,67351,3,0,0
2001753,"Jagil-Filet",4,"Jagil-Filets",1,0,1,2,0,False,"Jagil-Filet",29002,0,1,1,67351,0,0,0
2001754,"Stück[p] Loaghtan-Fleisch",4,"Stücke[p] Loaghtan-Fleisch",2,0,1,2,0,False,"Loaghtan-Fleisch",25152,0,1,1,67352,0,0,0
2001755,"schmutzig[a] Steintafel",3,"schmutzig[a] Steintafeln",1,0,1,1,0,False,"Schmutzige Steintafel",26201,0,1,1,67353,0,0,0
2001756,"×未使用",0,"",0,0,1,0,0,False,"",25156,0,1,1,0,0,0,0
2001757,"Bündel[p] Drachenflugkraut",4,"Bündel[p] Drachenflugkraut",2,0,1,2,0,False,"Drachenflugkraut",25004,0,2,1,67354,0,0,0
2001758,"Aufguss[p] aus Drachenflugkraut",2,"Aufgüsse[p] aus Drachenflugkraut",2,0,1,0,0,False,"Aufguss aus Drachenflugkraut",20667,1,1,1,67354,3,0,0
2001759,"schmutzig[a] Steintafel",3,"schmutzig[a] Steintafeln",1,0,1,1,0,False,"Schmutzige Steintafel",26201,0,1,1,67354,0,0,0
2001760,"Schnabel[p] eines Tsanahals",4,"Schnäbel[p] von Tsanahals",2,0,1,0,0,False,"Schnabel eines Tsanahals",22301,0,1,1,67447,0,0,0
2001761,"Paar[p] Lederzügel",2,"Paar[p] Lederzügel",1,0,1,2,0,False,"Lederzügel",21002,1,1,1,67451,3,0,0
2001762,"Archaeoleder-Schatzkarte",3,"Archaeoleder-Schatzkarten",1,0,1,1,0,False,"Archaeoleder-Schatzkarte",26151,1,1,2,0,0,0,0
2001763,"Wyvernleder-Schatzkarte",3,"Wyvernleder-Schatzkarten",1,0,1,1,0,False,"Wyvernleder-Schatzkarte",26151,1,1,2,0,0,0,0
2001764,"Drachenleder-Schatzkarte",3,"Drachenleder-Schatzkarten",1,0,1,1,0,False,"Drachenleder-Schatzkarte",26151,1,1,2,0,0,0,0
2001765,"Wolkenfungus",3,"Wolkenfungi",1,0,1,0,0,False,"Wolkenfungus",25405,0,1,1,67276,0,0,0
2001766,"Sansons Notizbuch",3,"Sansons Notizbücher",2,0,0,2,1,False,"Sansons Notizbuch",26169,1,1,1,67254,3,0,0
2001767,"Ätheryten-Splitter",4,"Ätheryten-Splitter",2,0,1,0,0,False,"Ätheryten-Splitter",20009,0,1,1,67503,0,0,0
2001768,"Eimer[p] reinen Quellwassers",4,"Eimer[p] reinen Quellwassers",2,0,1,0,0,False,"Reines Quellwasser",22637,0,1,1,67504,0,0,0
2001769,"Leih-Spitzhacke",3,"Leih-Spitzhacken",1,0,1,1,0,False,"Leih-Spitzhacke",38003,0,1,1,67471,0,0,0
2001770,"Schreibheft",4,"Schreibhefte",2,0,1,2,0,False,"Schreibheft",26166,0,1,1,67480,0,0,0
2001771,"Registerliste",3,"Registerlisten",1,0,1,1,0,False,"Registerliste",26169,0,1,1,67484,0,0,0
2001772,"Karte[p] mit allen Gebietsgrenzen",3,"Karten[p] mit allen Gebietsgrenzen",1,0,1,1,0,False,"Karte mit allen Gebietsgrenzen",26179,0,1,1,67484,0,0,0
2001773,"Kriecherfleischbrocken",4,"Kriecherfleischbrocken",1,0,1,0,0,False,"Kriecherfleisch",29001,1,1,1,67489,2,0,0
2001774,"gebraten[a] Kriechersteak",4,"gebraten[a] Kriechersteaks",1,0,1,2,0,False,"Gebratenes Kriechersteak",24352,0,1,1,67489,0,0,0
2001775,"Stück[p] getrockneten Wasserbüffelfleischs",4,"Stücke[p] getrockneten Wasserbüffelfleischs",2,0,1,2,0,False,"Getrocknetes Wasserbüffelfleisch",24353,0,1,1,67489,0,0,0
2001776,"Tasse[p] Gobkräutertee",3,"Tassen[p] Gobkräutertee",1,0,1,1,0,False,"Gobkräutertee",24405,1,2,1,67489,2,0,0
2001777,"Brief[p] an Kerbiger Knochen",4,"Briefe[p] an Kerbiger Knochen",2,0,1,0,0,False,"Brief an Kerbiger Knochen",25918,0,1,1,67492,0,0,0
2001778,"Umschlag[p] mit Stempel von Frohehalde",4,"Umschläge[p] mit Stempel von Frohehalde",2,0,1,0,0,False,"Umschlag mit Stempel von Frohehalde",26178,0,1,1,67492,0,0,0
2001779,"versiegelt[a] Umschlag",4,"versiegelt[a] Umschläge",2,0,1,0,0,False,"Versiegelter Umschlag",26178,0,1,1,67492,0,0,0
2001780,"Kupo-Nuss",3,"Kupo-Nüsse",2,0,1,1,0,False,"Kupo-Nuss",25311,0,1,1,67368,0,0,0
2001781,"Kupo-Nuss",3,"Kupo-Nüsse",2,0,1,1,0,False,"Kupo-Nuss",25311,0,4,1,67511,0,0,0
2001782,"Kupo-Nuss",3,"Kupo-Nüsse",2,0,1,1,0,False,"Kupo-Nuss",25311,0,1,1,67512,0,0,0
2001783,"schwarz[a] Feder",3,"schwarz[a] Federn",1,0,1,1,0,False,"Schwarze Feder",21903,0,2,1,67512,0,0,0
2001784,"Brief[p] für Lydirlona",4,"Briefe[p] für Lydirlona",2,0,1,0,0,False,"Brief für Lydirlona",26175,0,1,1,67631,0,0,0
2001785,"Brief[p] für Alderan",4,"Briefe[p] für Alderan",2,0,1,0,0,False,"Brief für Alderan",26172,0,1,1,67632,0,0,0
2001786,"Brief[p] für Kokosamu",4,"Briefe[p] für Kokosamu",2,0,1,0,0,False,"Brief für Kokosamu",26171,0,1,1,67633,0,0,0
2001787,"Brief[p] für Geimlona",4,"Briefe[p] für Geimlona",2,0,1,0,0,False,"Brief für Geimlona",26173,0,1,1,67634,0,0,0
2001788,"dravanisch[a] Münze",3,"dravanisch[a] Münzen",1,0,1,1,0,False,"Dravanische Münze",25917,0,99,1,0,0,0,0
2001789,"Stinkling",4,"Stinklinge",2,0,1,0,0,False,"Stinkling",25406,0,5,1,67311,0,0,0
2001790,"präpariert[a] Gizar-Kraut",4,"präpariert[a] Gizar-Kräuter",2,0,1,2,0,False,"Präpariertes Gizar-Kraut",25218,1,1,1,67312,1,0,0
2001791,"dravanisch[a] Lilie",3,"dravanisch[a] Lilien",1,0,1,1,0,False,"Dravanische Lilie",26024,0,1,1,67318,0,0,0
2001792,"Indikatorstaub",4,"Indikatorstäube",2,0,1,0,0,False,"Indikatorstaub",22210,1,1,1,67626,3,0,0
2001793,"Glanzstein",4,"Glanzsteine",2,0,1,0,0,False,"Glanzstein",20401,0,1,1,67626,0,0,0
2001794,"Stapel[p] Buchseiten",4,"Stapel[p] Buchseiten",2,0,1,0,0,False,"Buchseiten",26151,0,99,1,0,0,0,0
2001795,"",0,"",0,0,0,0,0,False,"",0,0,0,0,0,0,0,0
2001796,"Knallofant",6,"Knallofanten",1,0,1,0,0,False,"Knallofant",26271,0,99,1,0,0,0,0
2001797,"knallig[a] Flugblatt",4,"knallig[a] Flugblätter",2,0,1,2,0,False,"Knalliges Flugblatt",26193,0,3,1,67486,0,0,0
2001798,"verstärkt[a] Lederbeutel",4,"verstärkt[a] Lederbeutel",2,0,1,0,0,False,"Verstärkter Lederbeutel",25919,0,1,1,67189,0,0,0
2001799,"verzaubert[a] Stoffbeutel",4,"verzaubert[a] Stoffbeutel",2,0,1,0,0,False,"Verzauberter Stoffbeutel",26111,0,1,1,67189,0,0,0
2001800,"Gil-Säckchen",4,"Gil-Säckchen",1,0,1,2,0,False,"Gil-Säckchen",25919,1,1,1,67223,0,0,0
2001801,"Flasche Glühwein",3,"Flasche Glühweine",1,0,0,1,0,False,"Flasche „Gibrillonts Spezial“",25057,0,1,1,67264,0,0,0
2001802,"Chocobo-Futter",4,"Chocobo-Futter",1,2,1,2,0,False,"Chocobo-Futter",22634,0,1,1,67265,0,0,0
2001803,"Bündel[p] Brennholz",4,"Bündel[p] Brennholz",2,0,1,2,0,False,"Brennholz",52113,0,1,1,67266,0,0,0
2001804,"Einladungsschreiben",4,"Einladungsschreiben",1,0,0,2,0,False,"Einladungsschreiben",26182,0,3,1,67267,0,0,0
2001805,"Gemälde der Kriegsgöttin",4,"Gemälde der Kriegsgöttin",2,0,0,2,0,False,"Gemälde der Kriegsgöttin",26109,0,1,1,67278,0,0,0
2001806,"parfümiert[a] Liebesbrief",2,"parfümiert[a] Liebesbriefe",2,0,0,0,0,False,"Parfümierter Liebesbrief",26174,0,1,1,67279,0,0,0
2001807,"verschlissen[a] Kriegsflagge",3,"verschlissen[a] Kriegsflaggen",1,0,0,1,0,False,"Verschlissene Kriegsflagge",21615,0,1,1,67410,0,0,0
2001808,"hausgemacht[a] Eintopf",2,"hausgemacht[a] Eintöpfe",2,0,0,0,0,False,"Hausgemachter Eintopf",24110,0,1,1,67441,0,0,0
2001809,"schmutzig[a] Leinensack",2,"schmutzig[a] Leinensäcke",2,0,0,0,0,False,"Schmutziger Leinensack",26110,0,1,1,67442,0,0,0
2001810,"Weinend[a] Auge[p] des Manukmanai",4,"Weinend[a] Augen[p] des Manukmanai",2,0,1,2,0,False,"Weinendes Auge des Manukmanai",20244,0,1,1,67651,0,0,0
2001811,"Brennend[a] Auge[p] Ravanas",4,"Brennend[a] Augen[p] Ravanas",2,0,1,2,0,False,"Brennendes Auge Ravanas",20248,0,1,1,67652,0,0,0
2001812,"Stück[p] Steinbockfleisch",4,"Stücke[p] Steinbockfleisch",2,0,1,2,0,False,"Steinbockfleisch",25152,1,1,1,67591,3,0,0
2001813,"gestohlen[a] Ware",3,"gestohlen[a] Waren",1,0,1,1,0,False,"Gestohlene Ware",52546,0,1,1,67593,0,0,0
2001814,"Magitek-Gyroskop[p] Nr. XLI",4,"Magitek-Gyroskope[p] Nr. XLI",2,0,1,2,0,False,"Magitek-Gyroskop Nr. XLI",21003,0,1,1,67234,3,0,0
2001815,"Haillenarte-Einkaufssack",4,"Haillenarte-Einkaufssäcke",2,0,1,0,0,False,"Haillenarte-Einkaufssack",25919,1,1,1,67238,3,0,0
2001816,"Kiste[p] mit Kriegsmaschinenteilen",3,"Kisten[p] mit Kriegsmaschinenteilen",1,0,1,1,0,False,"Kriegsmaschinenteile",21003,0,3,1,67242,3,0,0
2001817,"Siegel[p] des Hauses Dzemael",4,"Siegel[p] des Hauses Dzemael",2,0,1,2,0,False,"Siegel des Hauses Dzemael",26151,0,1,1,67244,3,0,0
2001818,"lupenrein[a] Blitzkristall",4,"lupenrein[a] Blitzkristalle",2,0,1,0,0,False,"Lupenreiner Blitzkristall",20011,0,2,1,67246,3,0,0
2001819,"Empfehlungsschreiben",4,"Empfehlungsschreiben",1,0,1,2,0,False,"Empfehlungsschreiben",26151,0,1,1,67553,3,0,0
2001820,"Flugplan",4,"Flugpläne",2,0,1,0,0,False,"Flugplan",26151,0,1,1,67263,0,0,0
2001821,"präpariert[a] Beutel",4,"präpariert[a] Beutel",2,0,1,0,0,False,"Präparierter Beutel",25919,0,1,1,67406,0,0,0
2001822,"Stück[p] solides Vulkangestein",4,"Stücke[p] solides Vulkangestein",2,0,1,2,0,False,"Solides Vulkangestein",21451,1,99,1,0,0,0,0
2001823,"Stück[p] poröses Vulkangestein",4,"Stücke[p] poröses Vulkangestein",2,0,1,2,0,False,"Poröses Vulkangestein",21451,1,99,1,0,0,0,0
2001824,"robust[a] Stein",4,"robust[a] Steine",2,0,1,0,0,False,"Robuster Stein",21470,1,99,1,0,0,0,0
2001825,"zerklüftet[a] Stein",4,"zerklüftet[a] Steine",2,0,1,0,0,False,"Zerklüfteter Stein",21470,1,99,1,0,0,0,0
2001826,"verwittert[a] Stein",4,"verwittert[a] Steine",2,0,1,0,0,False,"Verwitterter Stein",21470,1,99,1,0,0,0,0
2001827,"besudelt[a] Stein",4,"besudelt[a] Steine",2,0,1,0,0,False,"Besudelter Stein",21470,1,99,1,0,0,0,0
2001828,"Grundbaustein[p] einer Ruine",4,"Grundbausteine[p] einer Ruine",1,0,1,0,0,False,"Grundbaustein einer Ruine",21470,1,99,1,0,0,0,0
2001829,"Brocken[p] Lanzith",3,"Brocken[p] Lanzith",1,0,1,0,0,False,"Lanzith",21477,1,99,1,0,0,0,0
2001830,"Roh-Sternensaphir",4,"Roh-Sternensaphire",2,0,1,0,0,False,"Roh-Sternensaphir",21472,1,99,1,0,0,0,0
2001831,"Brocken[p] Schweb-Gestein",4,"Brocken[p] Schweb-Gestein",1,0,1,0,0,False,"Schweb-Gestein",21453,1,99,1,0,0,0,0
2001832,"Handvoll[p] Schweb-Erde",3,"Handvoll[p] Schweb-Erde",1,0,1,1,0,False,"Schweb-Erde",22634,1,99,1,0,0,0,0
2001833,"Handvoll[p] Himmelssand",3,"Handvoll[p] Himmelssand",1,0,1,1,0,False,"Himmelssand",21218,1,99,1,0,0,0,0
2001834,"mattglänzend[a] Pfeilspitze",3,"mattglänzend[a] Pfeilspitzen",1,0,1,1,0,False,"Mattglänzende Pfeilspitze",27241,1,99,1,0,0,0,0
2001835,"verwittert[a] Münze",3,"verwittert[a] Münzen",1,0,1,1,0,False,"Verwitterte Münze",25917,1,99,1,0,0,0,0
2001836,"Brocken[p] Scheinfurit",4,"Brocken[p] Scheinfurit",1,0,1,0,0,False,"Scheinfurit",21202,1,99,1,0,0,0,0
2001837,"Handvoll[p] Schweb-Sand",3,"Handvoll[p] Schweb-Sand",1,0,1,1,0,False,"Schweb-Sand",21459,1,99,1,0,0,0,0
2001838,"Brocken[p] Abalathischer Bimsstein",4,"Brocken[p] Abalathischer Bimsstein",1,0,1,0,0,False,"Abalathischer Bimsstein",21251,1,99,1,0,0,0,0
2001839,"Stück[p] federleichter Abalathischer Bimsstein",4,"Stücke[p] federleichter Abalathischer Bimsstein",2,0,1,2,0,False,"Federleichter Abalathischer Bimsstein",21251,1,99,1,0,0,0,0
2001840,"Klumpen[p] hochwertiges Dolchit ",4,"Klumpen[p] hochwertiges Dolchit ",1,0,1,0,0,False,"Hochwertiges Dolchit",21208,1,99,1,0,0,0,0
2001841,"Klumpen[p] Dolchit ",4,"Klumpen[p] Dolchit ",1,0,1,0,0,False,"Dolchit",21208,1,99,1,0,0,0,0
2001842,"vollkommen durchsichtig[a] Kristall",4,"vollkommen durchsichtig[a] Kristalle",2,0,1,0,0,False,"Vollkommen durchsichtiger Kristall",20019,1,99,1,0,0,0,0
2001843,"Grundbaustein[p] aus der Kolonie Sharlayan",4,"Grundbausteine[p] aus der Kolonie Sharlayan",2,0,1,0,0,False,"Grundbaustein aus der Kolonie Sharlayan",21003,1,99,1,0,0,0,0
2001844,"verwittert[a] Grundbaustein[p] aus der Kolonie Sharlayan",4,"verwittert[a] Grundbausteine[p] aus der Kolonie Sharlayan",2,0,1,0,0,False,"Verwitterter Grundbaustein",21003,1,99,1,0,0,0,0
2001845,"Edel-Rubin-Graswurzel",3,"Edel-Rubin-Graswurzeln",1,0,0,1,0,False,"Edel-Rubin-Graswurzel",25005,1,99,1,0,0,0,0
2001846,"Rubin-Graswurzel",3,"Rubin-Graswurzeln",1,0,0,1,0,False,"Rubin-Graswurzel",25005,1,99,1,0,0,0,0
2001847,"Büschel[p] Heiligengras",4,"Büschel[p] Heiligengras",2,0,0,2,0,False,"Heiligengras",25015,1,99,1,0,0,0,0
2001848,"Coerthastannen-Holzscheit",4,"Coerthastannen-Holzscheite",2,0,1,0,0,False,"Coerthastannen-Holzscheit",22415,1,99,1,0,0,0,0
2001849,"Coerthastannen-Ast",3,"Coerthastannen-Äste",2,0,0,0,0,False,"Coerthastannen-Ast",22416,1,99,1,0,0,0,0
2001850,"Edel-Bitterwurz",3,"Edel-Bitterwurzen",1,0,0,1,0,False,"Edel-Bitterwurz",25002,1,99,1,0,0,0,0
2001851,"Bitterwurz",3,"Bitterwurzen",1,0,0,1,0,False,"Bitterwurz",25002,1,99,1,0,0,0,0
2001852,"Zweig[p] Drachenbitter",4,"Zweige[p] Drachenbitter",2,0,0,0,0,False,"Drachenbitter",25023,1,99,1,0,0,0,0
2001853,"Wurzel[p] des Siebenhimmelbaums",3,"Wurzeln[p] des Siebenhimmelbaums",1,0,0,1,0,False,"Wurzel des Siebenhimmelbaums",25005,1,99,1,0,0,0,0
2001854,"Probe[p] einer vermutlich unbekannten Pflanze",3,"Proben[p] einer vermutlich unbekannten Pflanze",1,0,1,1,0,False,"Vermutlich unbekannte Pflanze",25008,1,99,1,0,0,0,0
2001855,"Probe[p] einer unbekannten Pflanze",3,"Proben[p] einer unbekannten Pflanze",1,0,1,1,0,False,"Unbekannte Pflanze",25008,1,99,1,0,0,0,0
2001856,"Urlöwenzahn-Blüte",3,"Urlöwenzahn-Blüten",1,0,1,1,0,False,"Urlöwenzahn",25029,1,99,1,0,0,0,0
2001857,"Büschel[p] angeknabberter Kräuter",4,"Büschel[p] angeknabberter Kräuter",2,0,1,2,0,False,"Angeknabberte Kräuter",25029,1,99,1,0,0,0,0
2001858,"Portion[p] dravanisches Gemüse",3,"Portionen[p] dravanisches Gemüse",1,0,1,1,0,False,"Dravanisches Gemüse",25008,1,99,1,0,0,0,0
2001859,"Riesenartischocke",3,"Riesenartischocken",1,0,1,1,0,False,"Riesenartischocke",25220,1,99,1,0,0,0,0
2001860,"Blaukraut",4,"Blaukräuter",1,0,1,2,0,False,"Blaukraut",25030,1,99,1,0,0,0,0
2001861,"Probe[p] aromatischen Nektars",3,"Proben[p] aromatischen Nektars",1,0,1,1,0,False,"Aromatischer Nektar",25102,1,99,1,0,0,0,0
2001862,"Probe[p] süßen Nektars",3,"Proben[p] süßen Nektars",1,0,1,1,0,False,"Süßer Nektar",25102,1,99,1,0,0,0,0
2001863,"Schwarzzeder-Holzscheit",4,"Schwarzzeder-Holzscheite",2,0,1,0,0,False,"Schwarzzeder-Holzscheit",22415,1,99,1,0,0,0,0
2001864,"Schwarzzeder-Ast",3,"Schwarzzeder-Äste",2,0,1,0,0,False,"Schwarzzeder-Ast",22416,1,99,1,0,0,0,0
2001865,"Büschel[p] Thaliak-Fingerkraut",4,"Büschel[p] Thaliak-Fingerkraut",2,0,1,2,0,False,"Thaliak-Fingerkraut",25005,1,99,1,0,0,0,0
2001866,"hochwertig[a] Grünholz-Ast",2,"hochwertig[a] Grünholz-Äste",2,0,1,0,0,False,"Hochwertiger Grünholz-Ast",22416,1,99,1,0,0,0,0
2001867,"Grünholz-Ast",2,"Grünholz-Äste",2,0,1,0,0,False,"Grünholz-Ast",22416,1,99,1,0,0,0,0
2001868,"zerrissen[a] Nekrolog-Seite",3,"zerrissen[a] Nekrolog-Seiten",1,0,1,1,0,False,"Zerrissene Nekrolog-Seite",26151,0,99,1,0,0,0,0
2001869,"zerknüllt[a] Nekrolog-Seite",3,"zerknüllt[a] Nekrolog-Seiten",1,0,1,1,0,False,"Zerknüllte Nekrolog-Seite",26151,0,99,1,0,0,0,0
2001870,"Stinkbombe",3,"Stinkbomben",2,0,0,1,0,False,"Stinkbombe",27009,1,99,1,0,3,0,0
2001871,"Handvoll[p] harter Drachenschuppen",3,"Handvoll[p] harter Drachenschuppen",1,0,1,1,0,False,"Harte Drachenschuppen",22251,0,99,1,0,0,0,0
2001872,"Portion[p] Gastornis-Fleisch",3,"Portionen[p] Gastornis-Fleisch",1,0,1,1,0,False,"Gastornis-Fleisch",25153,1,99,1,0,3,0,0
2001873,"Brocken[p] Mergel",4,"Brocken[p] Mergel",1,0,1,0,0,False,"Mergel",27501,0,99,1,0,0,0,0
2001874,"Gastornis-Feder",3,"Gastornis-Federn",1,0,1,1,0,False,"Gastornis-Feder",21907,0,3,1,67596,0,0,0
2001875,"Gron Ahlm-Blume",3,"Gron Ahlm-Blumen",1,0,1,1,0,False,"Gron Ahlm-Blume",25023,0,1,1,67598,0,0,0
2001876,"Büschel[p] Bommelwurz",4,"Büschel[p] Bommelwurz",2,0,1,2,0,False,"Bommelwurz",25357,0,4,1,67599,0,0,0
2001877,"Exergon-Kern",4,"Exergon-Kerne",2,0,1,0,0,False,"Exergon-Kern",22614,0,99,1,0,0,0,0
2001878,"Brief[p] von Serendipity ",4,"Briefe[p] von Serendipity ",2,0,1,0,0,False,"Brief von Serendipity",26174,0,1,1,67608,0,0,0
2001879,"versiegelt[a] Schreiben",4,"versiegelt[a] Schreiben",1,0,1,2,0,False,"Versiegeltes Schreiben",26181,0,1,1,67555,0,0,0
2001880,"Abgabenbeutel",4,"Abgabenbeutel",2,0,1,0,0,False,"Abgabenbeutel",25919,1,1,1,67614,3,0,0
2001881,"",0,"",0,0,0,0,0,False,"",0,0,0,0,0,0,0,0
2001882,"Modulgehäuse",4,"Modulgehäuse",2,0,1,2,0,False,"Modulgehäuse",59542,0,1,1,67649,0,0,0
2001883,"Eislanzensaphir",4,"Eislanzensaphire",2,0,1,0,0,False,"Eislanzensaphir",21291,0,1,1,67647,0,0,0
2001884,"Waukkeon-Schuppe",3,"Waukkeon-Schuppen",1,0,1,1,0,False,"Waukkeon-Schuppe",22252,0,1,1,67648,0,0,0
2001885,"Wildchocobo-Feder",3,"Wildchocobo-Federn",1,0,1,1,0,False,"Wildchocobo-Feder",21901,0,99,1,0,0,0,0
2001886,"Ätherkompass",2,"Ätherkompasse",2,0,1,0,0,False,"Ätherkompass",787,0,1,5,0,0,0,0
2001887,"Schlüssel",4,"Schlüssel",2,0,1,0,0,False,"Schlüssel",25904,1,1,1,0,0,0,0
2001888,"Kobold-Schlüssel",4,"Kobold-Schlüssel",2,0,1,0,0,False,"Kobold-Schlüssel",25904,1,1,1,0,0,0,0
2001889,"frisch[a] Schellfisch",4,"frisch[a] Schellfische",2,0,1,0,0,False,"Frischer Schellfisch",29012,0,1,1,67662,0,0,0
2001890,"Bug-Bolzen",4,"Bug-Bolzen",1,0,1,0,0,False,"Bug-Bolzen",20956,0,1,1,67670,3,0,0
2001891,"Notiz[p] einer Melodie",3,"Notizen[p] einer Melodie",1,0,1,1,0,False,"Notiz einer Melodie",25906,0,1,1,67670,3,0,0
2001892,"",0,"",0,0,0,0,0,False,"",0,0,0,0,0,0,0,0
2001893,"",0,"",0,0,0,0,0,False,"",0,0,0,0,0,0,0,0
2001894,"",0,"",0,0,0,0,0,False,"",0,0,0,0,0,0,0,0
2001895,"Buddel[p] Piratenfusel",3,"Buddeln[p] Piratenfusel",1,0,1,1,0,False,"Piratenfusel",25057,0,99,1,0,0,0,0
2001896,"Kürbiskeks",2,"Kürbiskekse",2,0,1,0,0,False,"Kürbiskeks",24067,0,3,1,67686,0,0,0
2001897,"Hexenbesen",4,"Hexenbesen",1,0,1,0,0,False,"Hexenbesen",59471,1,1,1,67687,3,0,0
2001898,"Häufchen[p] Zauberasche",4,"Häufchen[p] Zauberasche",1,0,1,2,0,False,"Häufchen Asche",21001,1,1,1,67687,3,0,0
2001899,"Zeichnung[p] von Thancred",3,"Zeichnungen[p] von Thancred",1,0,1,1,0,False,"Zeichnung von Thancred",25906,0,1,1,67695,3,0,0
2001900,"angerostet[a] Messer",4,"angerostet[a] Messer",2,0,1,2,0,False,"Angerostetes Messer",33801,0,1,1,67737,0,0,0
2001901,"markiert[a] Knochen",4,"markiert[a] Knochen",1,0,1,0,0,False,"Markierter Knochen",22201,1,5,1,67702,3,0,0
2001902,"Sanuwa-Horn",4,"Sanuwa-Hörner",2,0,1,2,0,False,"Sanuwa-Horn",26038,0,1,1,67703,0,0,0
2001903,"Trog[p] abalathisches Steinsalz",4,"Tröge[p] abalathisches Steinsalz",2,0,1,0,0,False,"Abalathisches Steinsalz",22261,0,1,1,67704,0,0,0
2001904,"Wolkenblume",3,"Wolkenblumen",1,0,1,1,0,False,"Wolkenblume",25029,0,3,1,67708,0,0,0
2001905,"Wolkenblumenkuchen",4,"Wolkenblumenkuchen",1,0,1,0,0,False,"Wolkenblumenkuchen",27011,0,1,1,67708,0,0,0
2001906,"Bündel[p] trockenes Feuerholz",4,"Bündel[p] trockenes Feuerholz",2,0,1,2,0,False,"Trockenes Feuerholz",52113,0,1,1,67708,0,0,0
2001907,"Vundo-Tontopf",2,"Vundo-Tontöpfe",2,0,1,0,0,False,"Vundo-Tontopf",22852,0,4,1,67710,0,0,0
2001908,"Wasserquell-Kristall",4,"Wasserquell-Kristalle",2,0,1,0,0,False,"Wasserquell-Kristall",20008,0,3,1,67712,0,0,0
2001909,"Wamouracampa-Filet",4,"Wamouracampa-Filets",1,0,1,2,0,False,"Wamouracampa-Filet",27015,0,2,1,67716,0,0,0
2001910,"Beutel[p] voller Vanu-Kämme",4,"Beutel[p] voller Vanu-Kämme",2,0,1,0,0,False,"Vanu-Kämme",22623,0,1,1,67716,0,0,0
2001911,"Weicherde-Haufen",4,"Weicherde-Haufen",1,0,1,0,0,False,"Weicherde",21464,0,3,1,67717,0,0,0
2001912,"schlängelnd[a] Erdwurm",4,"schlängelnd[a] Erdwürmer",2,0,1,0,0,False,"Schlängelnder Erdwurm",27006,1,1,1,67721,3,0,0
2001913,"Stück[p] Tsanahal-Muskelfleisch",4,"Stücke[p] Tsanahal-Muskelfleisch",2,0,1,2,0,False,"Tsanahal-Muskelfleisch",25151,0,2,1,67721,0,0,0
2001914,"Handvoll[p] Ishgarder Stahlnägel",3,"Handvoll[p] Ishgarder Stahlnägel",1,0,1,1,0,False,"Ishgarder Stahlnägel",21008,0,1,1,67721,0,0,0
2001915,"Erdbrecher-Stein",4,"Erdbrecher-Steine",2,0,1,0,0,False,"Erdbrecher-Stein",21210,0,2,1,67722,0,0,0
2001916,"Dhalmel-Oberschenkelknochen",4,"Dhalmel-Oberschenkelknochen",1,0,1,0,0,False,"Dhalmel-Oberschenkelknochen",22202,0,2,1,67723,0,0,0
2001917,"Vundo-Farbtopf",4,"Vundo-Farbtöpfe",2,0,1,0,0,False,"Vundo-Farbtopf",22802,0,3,1,67724,0,0,0
2001918,"prall[a] Wamoura-Kokon",4,"prall[a] Wamoura-Kokons",1,0,1,0,0,False,"Praller Wamoura-Kokon",21664,0,4,1,67727,0,0,0
2001919,"streunend[a] Geira-Katze",3,"streunend[a] Geira-Katzen",1,0,1,1,0,False,"Streunende Geira-Katze",59532,0,5,1,67728,0,0,0
2001920,"glänzend[a] Korrigane",3,"glänzend[a] Korriganen",1,0,1,1,0,False,"Glänzende Korrigane",26110,0,4,1,67729,0,0,0
2001921,"flauschig[a] Gastornis-Feder",3,"flauschig[a] Gastornis-Federn",1,0,1,1,0,False,"Flauschige Gastornis-Feder",21907,0,3,1,67730,0,0,0
2001922,"Gundo-Kloß",2,"Gundo-Klöße",2,0,1,0,0,False,"Gundo-Kloß",27011,0,3,1,67731,0,0,0
2001923,"kraftstrotzend[a] Paissa",4,"kraftstrotzend[a] Paissas",1,0,1,0,0,False,"Kraftstrotzender Paissa",26110,0,1,1,67732,0,0,0
2001924,"",0,"",0,0,0,0,0,False,"",0,0,0,0,0,0,0,0
2001925,"",0,"",0,0,0,0,0,False,"",0,0,0,0,0,0,0,0
2001926,"Windkristall",4,"Windkristalle",2,0,1,0,0,False,"Windkristall",20004,0,3,1,67717,0,0,0
2001927,"Tränenblume",3,"Tränenblumen",1,0,1,1,0,False,"Tränenblume",26024,1,1,1,67735,3,0,0
2001928,"Optistein-Splitter",4,"Optistein-Splitter",2,0,1,0,0,False,"Optistein-Splitter",20004,0,1,1,67742,0,0,0
2001929,"Aurastein-Splitter",4,"Aurastein-Splitter",2,0,1,0,0,False,"Aurastein-Splitter",20002,0,1,1,67742,0,0,0
2001930,"Orastein-Splitter",4,"Orastein-Splitter",2,0,1,0,0,False,"Orastein-Splitter",20001,0,1,1,67742,0,0,0
2001931,"groß[a] Anzu-Ei",2,"groß[a] Anzu-Eier",2,0,1,2,0,False,"Großes Anzu-Ei",25252,0,3,1,67713,0,0,0
2001932,"Signalglocke",3,"Signalglocken",1,0,1,1,0,False,"Signalglocke",26316,0,1,1,67760,0,0,0
2001933,"Sternenlichtglocke",3,"Sternenlichtglocken",1,0,1,1,0,False,"Sternenlichtglocke",21002,0,1,1,67760,0,0,0
2001934,"getrocknet[a] Wolkenmeerkraut",4,"getrocknet[a] Wolkenmeerkräuter",2,0,1,2,0,False,"Getrocknetes Wolkenmeerkraut",25019,1,5,1,67728,3,0,0
2001935,"Vanu-Stoffsack",4,"Vanu-Stoffsäcke",2,0,1,0,0,False,"Vanu-Stoffsack",26110,1,1,1,67732,3,0,0
2001936,"süß[a] Werbegeschenk",4,"süß[a] Werbegeschenke",2,0,1,2,0,False,"Süßes Werbegeschenk",22640,0,2,1,67758,3,0,0
2001937,"Dhalmel-Schienbeinknochen",4,"Dhalmel-Schienbeinknochen",1,0,1,0,0,False,"Dhalmel-Schienbeinknochen",22202,0,2,1,67723,0,0,0
2001938,"Valentionkarte",3,"Valentionkarten",1,0,1,1,0,False,"Valentionkarte",26174,0,3,1,67755,0,0,0
2001939,"verloren[a] Karte",3,"verloren[a] Karten",1,0,1,1,0,False,"Verlorene Karte",26174,0,1,1,67756,0,0,0
2001940,"Mochi-Klumpen",4,"Mochi-Klumpen",1,0,1,0,0,False,"Mochi-Klumpen",24015,0,99,1,0,0,0,0
2001941,"Büschel[p] vertrockneten Grases",4,"Büschel[p] vertrockneten Grases",2,0,1,2,0,False,"Vertrocknetes Gras",21653,1,1,1,67716,3,0,0
2001942,"Handvoll[p] Ifrit-Asche",3,"Handvoll[p] Ifrit-Asche",1,0,1,1,0,False,"Ifrit-Asche",25911,0,1,1,67206,0,0,0
2001943,"Garuda-Sturm",4,"Garuda-Stürme",2,0,1,0,0,False,"Garuda-Sturm",25901,0,1,1,67206,0,0,0
2001944,"Titan-Erzklumpen",4,"Titan-Erzklumpen",1,0,1,0,0,False,"Titan-Erzklumpen",21464,0,1,1,67206,0,0,0
2001945,"Brief[p] an Hilda",4,"Briefe[p] an Hilda",2,0,1,0,0,False,"Brief an Hilda",25906,0,1,1,67774,3,0,0
2001946,"Fragment[p] des Enigma-Kodex",4,"Fragmente[p] des Enigma-Kodex",2,0,1,2,0,False,"Fragment des Enigma-Kodex",20401,0,1,1,67785,0,0,0
2001947,"fernöstlich[a] Salbe",3,"fernöstlich[a] Salben",1,0,1,1,0,False,"Fernöstliche Salbe",20661,0,1,1,67012,0,0,0
2001948,"Yo-kai Watch",3,"Yo-kai Watch",1,0,1,1,0,False,"Yo-kai Watch",55750,0,1,1,67677,0,0,0
2001949,"Bündel[p] junger Meliaden-Zweige",4,"Bündel[p] junger Meliaden-Zweige",2,0,1,2,0,False,"Junge Meliaden-Zweige",22416,0,1,1,67791,0,0,0
2001950,"Stapel[p] trockenen Brennholzes",4,"Stapel[p] trockenen Brennholzes",2,0,1,0,0,False,"Trockenes Brennholz",52113,1,1,1,67792,3,0,0
2001951,"Bündel[p] junger Meliaden-Zweige",4,"Bündel[p] junger Meliaden-Zweige",2,0,1,2,0,False,"Junge Meliaden-Zweige",22416,0,2,1,67797,0,0,0
2001952,"Büschel[p] Tobak-Kraut",4,"Büschel[p] Tobak-Kraut",2,0,1,2,0,False,"Tobak-Kraut",25009,0,3,1,67798,0,0,0
2001953,"Päckchen[p] Tobak",4,"Päckchen[p] Tobak",1,0,1,2,0,False,"Päckchen Tobak",23001,0,2,1,67798,0,0,0
2001954,"Topf[p] mit Gnath-Nahrung",4,"Töpfe[p] mit Gnath-Nahrung",2,0,1,0,0,False,"Topf mit Gnath-Nahrung",22852,0,3,1,67801,0,0,0
2001955,"Sack[p] mit schwarzer Erde",4,"Säcke[p] mit schwarzer Erde",2,0,1,0,0,False,"Sack schwarze Erde",27501,0,3,1,67801,0,0,0
2001956,"Korb[p] mit avalonischem Rotsand",2,"Körbe[p] mit avalonischem Rotsand",2,0,1,0,0,False,"Avalonischer Rotsand",27401,0,3,1,67802,0,0,0
2001957,"trocken[a] Holzscheit",4,"trocken[a] Holzscheite",2,0,1,2,0,False,"Trockenholz",52113,0,3,1,67802,0,0,0
2001958,"Büschel[p] Silbertaukraut",4,"Büschel[p] Silbertaukraut",2,0,1,2,0,False,"Silbertaukraut",25015,0,4,1,67803,0,0,0
2001959,"reif[a] Siebenhimmelfrucht",3,"reif[a] Siebenhimmelfrüchte",2,0,1,1,0,False,"Reife Siebenhimmelfrucht",25221,0,3,1,67804,0,0,0
2001960,"Flasche[p] Siebenhimmelfruchtwein",3,"Flaschen[p] Siebenhimmelfruchtwein",1,0,1,1,0,False,"Siebenhimmelfruchtwein",25057,0,1,1,67804,0,0,0
2001961,"Stück[p] sehnigen Chocobo-Fleisches",4,"Stücke[p] sehnigen Chocobo-Fleisches",2,0,1,2,0,False,"Sehniges Chocobo-Fleisch",25154,1,3,1,67806,3,0,0
2001962,"Bandersnatch-Fell",4,"Bandersnatch-Felle",2,0,1,2,0,False,"Bandersnatch-Fell",22013,0,2,1,67806,0,0,0
2001963,"Krallengarnele",3,"Krallengarnelen",1,0,1,1,0,False,"Krallengarnele",29404,1,1,1,67809,3,0,0
2001964,"Haufen[p] Nanka-Eier",4,"Haufen[p] Nanka-Eier",1,0,1,1,0,False,"Nanka-Eier",25156,0,2,1,67809,0,0,0
2001965,"Bündel[p] Weilandminze",4,"Bündel[p] Weilandminze",2,0,1,2,0,False,"Weilandminze",25016,0,3,1,67810,0,0,0
2001966,"Bündel[p] Dannensalbei",4,"Bündel[p] Dannensalbei",2,0,1,2,0,False,"Dannensalbei",25009,0,3,1,67810,0,0,0
2001967,"Päckchen[p] Kräutermischung",4,"Päckchen[p] Kräutermischung",1,0,1,2,0,False,"Kräutermischung",22623,0,1,1,67810,0,0,0
2001968,"Päckchen[p] für Uhm Ala",4,"Päckchen[p] für Uhm Ala",1,0,1,2,0,False,"Päckchen für Uhm Ala",23001,0,1,1,67813,0,0,0
2001969,"Allagisch[a] Stein[p] der Kriegstriade",4,"Allagisch[a] Steine[p] der Kriegstriade",2,0,1,0,0,False,"Allagischer Stein der Kriegstriade",25931,0,1,1,67817,0,0,0
2001970,"Beutel[p] schimmernden Pulvers",4,"Beutel[p] schimmernden Pulvers",2,0,1,0,0,False,"Schimmerndes Pulver",21219,1,1,1,67666,10,0,0
2001971,"Stück[p] Jumbo-Eierschale",4,"Stücke[p] Jumbo-Eierschale",2,0,1,2,0,False,"Jumbo-Eierschale",26111,1,1,1,67666,5,0,0
2001972,"Wunderei",2,"Wundereier",2,0,1,2,0,False,"Wunderei",21308,0,99,1,0,0,0,0
2001973,"hitzebeständig[a] Netz",2,"hitzebeständig[a] Netze",2,0,1,2,0,False,"Hitzebeständiges Netz",25919,1,1,1,67675,1,0,0
2001974,"gefangen[a] Knallomat",6,"gefangen[a] Knallomaten",1,0,1,0,0,False,"Gefangener Knallomat",59403,1,1,1,67675,3,0,0
2001975,"Verlobungsring[p] von Avere",4,"Verlobungsringe[p] von Avere",2,0,1,0,0,False,"Verlobungsring von Avere",54421,0,1,1,67093,0,0,0
2001976,"Yo-kai-Medaillium",4,"Yo-kai-Medailliums",1,0,1,2,0,False,"Yo-kai-Medaillium",787,1,1,1,0,0,0,0
2001977,"Äthergramm-Karte[p] I",3,"Äthergramm-Karten[p] I",1,0,1,1,0,False,"Äthergramm-Karte I",26151,1,1,2,0,0,0,0
2001978,"Materialkiste[p] für den Aufbautrupp",3,"Materialkisten[p] für den Aufbautrupp",1,0,1,1,0,False,"Materialkiste für den Aufbautrupp",21003,0,1,1,67860,0,0,0
2001979,"Brief[p] an Handeloup",4,"Briefe[p] an Handeloup",2,0,1,0,0,False,"Brief an Handeloup",26171,0,1,1,67861,0,0,0
2001980,"häretisch[a] Statuette",3,"häretisch[a] Statuetten",1,0,1,1,0,False,"Häretische Statuette",21002,0,1,1,67861,0,0,0
2001981,"Steinfragment",4,"Steinfragmente",2,0,1,2,0,False,"Steinfragment",21252,0,2,1,67862,0,0,0
2001982,"Handwerker-Set",4,"Handwerker-Sets",1,0,1,2,0,False,"Handwerker-Set",26108,0,3,1,67826,0,0,0
2001983,"Kiste[p] mit Trümmerteilen",3,"Kisten[p] mit Trümmerteilen",1,0,1,1,0,False,"Kiste mit Trümmerteilen",21003,0,1,1,67828,0,0,0
2001984,"Sack[p] voll Plunder",4,"Säcke[p] voll Plunder",2,0,1,0,0,False,"Sack voll Plunder",26110,0,1,1,67828,0,0,0
2001985,"Sankchinni-Ranke",3,"Sankchinni-Ranken",1,0,1,1,0,False,"Sankchinni-Ranke",21662,0,3,1,67829,0,0,0
2001986,"eventuell brauchbar[a] Schrottteil",4,"eventuell brauchbar[a] Schrottteile",2,0,1,2,0,False,"Eventuell brauchbares Schrottteil",21003,0,3,1,67830,0,0,0
2001987,"perfekt poliert[a] Steinkugel",3,"perfekt poliert[a] Steinkugeln",1,0,1,1,0,False,"Perfekt polierte Steinkugel",22605,0,1,1,67836,0,0,0
2001988,"",0,"",0,0,1,0,0,False,"",25311,1,1,1,0,3,0,0
2001989,"versteinert[a] Weißholz",2,"versteinert[a] Weißhölzer",2,0,1,2,0,False,"Versteinertes Weißholz",22407,0,3,1,67841,0,0,0
2001990,"Mogry-Mahlzeit",4,"Mogry-Mahlzeiten",2,0,1,2,0,False,"Mogry-Mahlzeit",24104,0,3,1,67843,0,0,0
2001991,"hochgradig[a] Baum-Kristall",4,"hochgradig[a] Baum-Kristalle",2,0,1,0,0,False,"Hochgradiger Baum-Kristall",20016,0,1,1,67844,0,0,0
2001992,"Mechamander-Pfeife",3,"Mechamander-Pfeife",1,0,1,1,0,False,"Mechamander-Pfeife",26038,1,1,1,69593,3,0,0
2001993,"Ulans Liste[p]",3,"Ulans Listen[p]",1,0,0,1,1,False,"Ulans Liste",26189,1,1,6,0,0,0,0
2001994,"Anima-Linse",3,"Anima-Linsen",1,0,1,1,0,False,"Anima-Linse",25986,1,1,6,0,0,0,0
2001995,"Wyvernschuppe",3,"Wyvernschuppen",1,0,1,1,0,False,"Wyvernschuppe",22262,0,1,1,67849,0,0,0
2001996,"unbekannt[a] Wolkenfisch",4,"unbekannt[a] Wolkenfische",2,0,1,0,0,False,"Unbekannter Wolkenfisch",29717,0,1,1,67850,0,0,0
2001997,"Haufen[p] Zugvogelnester",4,"Haufen[p] Zugvogelnester",1,0,1,0,0,False,"Haufen Zugvogelnester",21003,0,1,1,67851,0,0,0
2001998,"groß[a] Bündel[p] Wadjet-Stacheln",4,"groß[a] Bündel[p] Wadjet-Stacheln",2,0,1,2,0,False,"Großes Bündel Wadjet-Stacheln",26110,0,1,1,67851,0,0,0
2001999,"Berg[p] von Kristallen",4,"Berge[p] von Kristallen",2,0,1,0,0,False,"Berg von Kristallen",26108,0,1,1,67851,0,0,0
2002000,"Ishgarder Mahlzeit",3,"Ishgarder Mahlzeiten",1,0,1,1,0,False,"Ishgarder Mahlzeit",24204,0,3,1,67852,0,0,0
2002001,"Schlüssel",4,"Schlüssel",2,0,1,0,0,False,"Schlüssel",25902,0,1,1,0,0,0,0
2002002,"",0,"",0,0,0,0,0,False,"",0,0,0,0,0,0,0,0
2002003,"unheimlich[a] Keks",2,"unheimlich[a] Kekse",2,0,1,0,0,False,"Unheimlicher Keks",24067,1,99,1,0,0,0,0
2002004,"Glühkerze",3,"Glühkerzen",1,0,1,1,0,False,"Glühkerze",25911,1,99,1,0,0,0,0
2002005,"enthüllend[a] Rauchgranate",3,"enthüllend[a] Rauchgranaten",1,0,1,1,0,False,"Enthüllende Rauchgranate",26015,1766,99,1,0,0,0,4
2002006,"Windstein",4,"Windsteine",2,0,1,0,0,False,"Windstein",20004,0,1,1,0,0,0,0
2002007,"Windstein",4,"Windsteine",2,0,1,0,0,False,"Windstein",20004,0,1,1,0,0,0,0
2002008,"Ixal-Schlüssel",4,"Ixal-Schlüssel",2,0,1,0,0,False,"Ixal-Schlüssel",25904,0,1,1,0,0,0,0
2002009,"Allagisch[a] Stein[p] der Kriegstriade (Sophia)",4,"Allagisch[a] Steine[p] der Kriegstriade (Sophia)",2,0,1,0,0,False,"Allagischer Stein der Kriegstriade (Sophia)",25931,0,1,1,67869,0,0,0
2002010,"ledergebunden[a] Buch",4,"ledergebunden[a] Bücher",2,0,1,2,0,False,"Ledergebundenes Buch",26158,0,1,1,67922,0,0,0
2002011,"Orlands Brustpanzer",4,"Orlands Brustpanzer",1,0,0,0,1,False,"Orlands Brustpanzer",48088,0,1,1,67906,0,0,0
2002012,"Kristallkisteninhalt",4,"Kristallkisteninhalte",2,0,1,0,0,False,"Kristallkisteninhalt",20009,0,2,1,67881,0,0,0
2002013,"Orlands Beinpanzer",4,"Orlands Beinpanzer",1,0,0,0,1,False,"Orlands Beinpanzer",47018,0,1,1,67906,0,0,0
2002014,"Sternenlicht-Geschenk",4,"Sternenlicht-Geschenke",2,0,1,2,0,False,"Sternenlicht-Geschenk",21294,0,5,1,67912,0,0,0
2002015,"Brief[p] an Reauverre",4,"Briefe[p] an Reauverre",2,0,1,0,0,False,"Brief an Reauverre",26175,0,1,1,67913,0,0,0
2002016,"Sternenlicht-Geschenk",4,"Sternenlicht-Geschenke",2,0,1,2,0,False,"Sternenlicht-Geschenk",26113,0,1,1,67914,0,0,0
2002017,"Geschenk[p] für Reauverre",4,"Geschenke[p] für Reauverre",2,0,1,2,0,False,"Geschenk für Reauverre",26107,0,1,1,67913,0,0,0
2002018,"Erzählung „Abenteuerliche Erinnerungen - Kapitel 1“",3,"Erzählungen „Abenteuerliche Erinnerungen - Kapitel 1“",1,0,1,1,0,False,"„Abenteuerliche Erinnerungen - Kapitel 1“",26155,0,1,1,67916,0,0,0
2002019,"Holzkiste[p] aus Frondales Physiatrischer Akademie",3,"Holzkisten[p] aus Frondales Physiatrischer Akademie",1,0,1,1,0,False,"Holzkiste aus Frondales Physiatrischer Akademie",21003,0,1,1,67911,0,0,0
2002020,"Reminiszenzen-Tuch",4,"Reminiszenzen-Tücher",2,0,1,2,0,False,"Reminiszenzen-Tuch",21614,0,1,1,67917,0,0,0
2002021,"gesättigt[a] Reminiszenzen-Tuch",4,"gesättigt[a] Reminiszenzen-Tücher",2,0,1,2,0,False,"Gesättigtes Reminiszenzen-Tuch",21615,0,1,1,67917,0,0,0
2002022,"Phiole[p] Aktivessenz",3,"Phiolen[p] Aktivessenz",1,0,1,1,0,False,"Aktivessenz",20622,0,1,1,67915,0,0,0
2002023,"Khloes Abenteueralbum",3,"Khloes Abenteueralben",1,0,0,2,1,False,"Khloes Abenteueralbum",25987,1,1,7,0,0,0,0
2002024,"Erzählung „Abenteuerliche Erinnerungen - Kapitel 2“",3,"Erzählungen „Abenteuerliche Erinnerungen - Kapitel 2“",1,0,1,1,0,False,"„Abenteuerliche Erinnerungen - Kapitel 2“",26156,0,1,1,67916,0,0,0
2002025,"Erzählung „Abenteuerliche Erinnerungen - Kapitel 3“",3,"Erzählungen „Abenteuerliche Erinnerungen - Kapitel 3“",1,0,1,1,0,False,"„Abenteuerliche Erinnerungen - Kapitel 3“",26157,0,1,1,67916,0,0,0
2002026,"Flasche[p] Äthergeist",3,"Flaschen[p] Äthergeist",1,0,1,1,0,False,"Äthergeist",25057,0,1,1,67915,0,0,0
2002027,"Sharlayaner Buch",4,"Sharlayaner Bücher",2,0,1,2,0,False,"Sharlayaner Buch",26159,0,1,1,67875,0,0,0
2002028,"organisch-metallisch[a] Fragment",4,"organisch-metallisch[a] Fragment",2,0,1,2,0,False,"Organisch-metallisches Fragment",20954,1,1,1,67016,0,0,0
2002029,"verbessert[a] Anima-Linse",3,"verbessert[a] Anima-Linsen",1,0,1,1,0,False,"Verbesserte Anima-Linse",25996,1,1,6,67932,0,0,0
2002030,"Kristalleum-Kristall",4,"Kristalleum-Kristalle",2,0,1,0,0,False,"Kristalleum-Kristall",21328,0,1,1,67932,0,0,0
2002031,"Sharlayaner Marionette",3,"Sharlayaner Marionetten",1,0,1,1,0,False,"Sharlayaner Marionette",59401,0,1,1,67932,0,0,0
2002032,"Brocken[p] Lavagestein",4,"Brocken[p] Lavagestein",1,0,1,0,0,False,"Lavagestein",21471,0,1,1,67932,0,0,0
2002033,"Allagisch[a] Stein[p] der Kriegstriade (Zurvan)",4,"Allagisch[a] Steine[p] der Kriegstriade (Zurvan)",2,0,1,0,0,False,"Allagischer Stein der Kriegstriade (Zurvan)",25931,0,1,1,67931,0,0,0
2002034,"Töpfchen[p] Salamander-Öl",4,"Töpfchen[p] Salamander-Öl",1,0,1,2,0,False,"Salamander-Öl",22603,1,1,1,67908,2,0,0
2002035,"instabil[a] Blitzscherbe",3,"instabil[a] Blitzscherben",1,0,1,1,0,False,"Instabile Blitzscherbe",20005,0,99,1,0,0,0,0
2002036,"instabil[a] Feuerscherbe",3,"instabil[a] Feuerscherben",1,0,1,1,0,False,"Instabile Feuerscherbe",20001,0,99,1,0,0,0,0
2002037,"instabil[a] Erdscherbe",3,"instabil[a] Erdscherben",1,0,1,1,0,False,"Instabile Erdscherbe",20006,0,99,1,0,0,0,0
2002038,"instabil[a] Eisscherbe",3,"instabil[a] Eisscherben",1,0,1,1,0,False,"Instabile Eisscherbe",20003,0,99,1,0,0,0,0
2002039,"instabil[a] Wasserscherbe",3,"instabil[a] Wasserscherben",1,0,1,1,0,False,"Instabile Wasserscherbe",20002,0,99,1,0,0,0,0
2002040,"instabil[a] Windscherbe",3,"instabil[a] Windscherben",1,0,1,1,0,False,"Instabile Windscherbe",20004,0,99,1,0,0,0,0
2002041,"überladen[a] Blitzkristall",4,"überladen[a] Blitzkristalle",2,0,1,0,0,False,"Überladener Blitzkristall",20025,0,99,1,0,0,0,0
2002042,"überladen[a] Feuerkristall",4,"überladen[a] Feuerkristalle",2,0,1,0,0,False,"Überladener Feuerkristall",20021,0,99,1,0,0,0,0
2002043,"überladen[a] Erdkristall",4,"überladen[a] Erdkristalle",2,0,1,0,0,False,"Überladener Erdkristall",20024,0,99,1,0,0,0,0
2002044,"überladen[a] Eiskristall",4,"überladen[a] Eiskristalle",2,0,1,0,0,False,"Überladener Eiskristall",20022,0,99,1,0,0,0,0
2002045,"überladen[a] Wasserkristall",4,"überladen[a] Wasserkristalle",2,0,1,0,0,False,"Überladener Wasserkristall",20026,0,99,1,0,0,0,0
2002046,"überladen[a] Windkristall",4,"überladen[a] Windkristalle",2,0,1,0,0,False,"Überladener Windkristall",20023,0,99,1,0,0,0,0
2002047,"Töpfchen[p] Salamanderville-Öl",4,"Töpfchen[p] Salamanderville-Öl",1,0,1,2,0,False,"Salamanderville-Öl",22653,1,1,1,67908,4,0,0
2002048,"garleisch[a] Kennschlüssel",4,"garleisch[a] Kennschlüssel",2,0,1,0,0,False,"Garleischer Kennschlüssel",26014,0,1,1,0,0,0,0
2002049,"garleisch[a] Kennschlüssel",4,"garleisch[a] Kennschlüssel",2,0,1,0,0,False,"Garleischer Kennschlüssel",26014,0,1,1,0,0,0,0
2002050,"garleisch[a] Kennschlüssel",4,"garleisch[a] Kennschlüssel",2,0,1,0,0,False,"Garleischer Kennschlüssel",26014,0,1,1,0,0,0,0
2002051,"garleisch[a] Kennschlüssel",4,"garleisch[a] Kennschlüssel",2,0,1,0,0,False,"Garleischer Kennschlüssel",26014,0,1,1,0,0,0,0
2002052,"Feuervogel-Pfeife",3,"Feuervogel-Pfeifen",1,0,1,1,0,False,"Feuervogel-Pfeife",26039,1,1,1,67086,3,0,0
2002053,"Medizin[p] für Sanche",3,"Medizin[p] für Sanche",1,0,1,1,0,False,"Medizin für Sanche",20661,1,1,1,67954,3,0,0
2002054,"Schockei",2,"Schockeier",2,0,1,2,0,False,"Schockei",21310,0,3,1,67958,0,0,0
2002055,"Schockei",2,"Schockeier",2,0,1,2,0,False,"Schockei",21310,0,3,1,67959,0,0,0
2002056,"golden[a] Freikarte",3,"golden[a] Freikarten",1,0,1,1,0,False,"Goldene Freikarte",26173,0,1,1,67960,0,0,0
2002057,"staubig[a] Umschlag",4,"staubig[a] Umschläge",2,0,1,0,0,False,"Staubiger Umschlag",25918,0,1,1,68090,0,0,0
2002058,"Spezialmaterial[p] für Stickix' Werkstatt",4,"Spezialmaterialien[p] für Stickix' Werkstatt",1,0,1,2,0,False,"Material für Stickix' Werkstatt",26108,0,1,1,68093,0,0,0
2002059,"Ballen[p] Wolkenfallen-Pollen",4,"Ballen[p] Wolkenfallen-Pollen",1,0,1,0,0,False,"Wolkenfallen-Pollen",21219,0,99,1,0,0,0,0
2002060,"Flutwurm-Leber",3,"Flutwurm-Lebern",1,0,1,1,0,False,"Flutwurm-Leber",22635,0,99,1,0,0,0,0
2002061,"Debilitans",3,"Debilitantia",1,0,1,2,0,False,"Debilitans",22612,1,1,1,0,3,1,1
2002062,"Knochenprobe",3,"Knochenprobe",1,0,1,1,0,False,"Knochenprobe",22213,0,99,1,0,0,0,0
2002063,"",0,"",0,0,0,0,0,False,"",0,0,0,0,0,0,0,0
2002064,"Organprobe",3,"Organproben",1,0,1,1,0,False,"Organprobe",22602,0,99,1,0,0,0,0
2002065,"Katana[p] zum Selbstschutz",3,"Katana[p] zum Selbstschutz",1,0,1,2,0,False,"Katana zum Selbstschutz",36427,0,1,1,68129,0,0,0
2002066,"nagelneu[a] Schmiedewerkzeug-Set",4,"nagelneu[a] Schmiedewerkzeug-Sets",1,0,1,2,0,False,"Nagelneues Schmiedewerkzeug-Set",21003,0,1,1,68154,0,0,0
2002067,"gelb[a] Chrysantheme",3,"gelb[a] Chrysanthemen",1,0,1,1,0,False,"Gelbe Chrysantheme",25029,0,1,1,68030,0,0,0
2002068,"Blasrohr",4,"Blasrohre",2,0,1,2,0,False,"Blasrohr",22452,0,1,1,68031,0,0,0
2002069,"",0,"",0,0,1,0,0,False,"",26015,1766,1,1,68032,3,0,4
2002070,"Beutel[p] Vergessenspulver",4,"Beutel[p] Vergessenspulver",2,0,1,0,0,False,"Vergessenspulver",22623,1,1,1,68033,3,0,0
2002071,"rostig[a] Metallbrocken",4,"rostig[a] Metallbrocken",1,0,1,0,0,False,"Rostiger Metallbrocken",21222,0,1,1,68153,0,0,0
2002072,"Decurio",3,"Decurio",1,0,1,0,0,False,"Decurio",40282,1,1,1,68033,3,0,0
2002073,"garleisch[a] Soldat",6,"garleisch[a] Soldaten",1,0,1,0,0,False,"Garleischer Soldat",40282,1,1,1,68033,3,0,0
2002074,"Orchestrion-Zylinder",4,"Orchestrion-Zylinder",2,0,1,0,0,False,"Orchestrion-Zylinder",26108,0,1,1,68139,0,0,0
2002075,"Geschenk[p] für Nanamo",4,"Geschenke[p] für Nanamo",2,0,1,2,0,False,"Geschenk für Nanamo",26107,0,1,1,68139,0,0,0
2002076,"Notizbuch",4,"Notizbücher",2,0,1,2,0,False,"Notizbuch",26168,0,1,1,68171,0,0,0
2002077,"Bund[p] Wildkräuter",4,"Bunde[p] Wildkräuter",2,0,1,2,0,False,"Wildkräuter",25016,0,6,1,68172,0,0,0
2002078,"blutverschmiert[a] Bandana",4,"blutverschmiert[a] Bandanas",1,0,1,2,0,False,"Blutverschmiertes Bandana",23301,0,1,1,68188,0,0,0
2002079,"Sack[p] Thavnair-Kalkstein",4,"Säcke[p] Thavnair-Kalkstein",2,0,1,0,0,False,"Thavnair-Kalkstein",27404,1,4,1,68182,3,0,0
2002080,"Flasche[p] kristallklarer Arrak",3,"Flaschen[p] kristallklarer Arrak",1,0,1,1,0,False,"Kristallklarer Arrak",25057,0,1,1,68396,0,0,0
2002081,"Orchestrion-Gehäuse",4,"Orchestrion-Gehäuse",2,0,1,2,0,False,"Orchestrion-Gehäuse",21003,0,1,1,68139,0,0,0
2002082,"Satz[p] Orchestrion-Verzierungen",2,"Sätze[p] Orchestrion-Verzierungen",2,0,1,0,0,False,"Orchestrion-Verzierungen",21002,0,1,1,68139,0,0,0
2002083,"Bodenprobe",3,"Bodenproben",1,0,1,1,0,False,"Bodenprobe",21465,0,3,1,68179,0,0,0
2002084,"Wasserprobe",3,"Wasserproben",1,0,1,1,0,False,"Wasserprobe",22614,0,1,1,68179,0,0,0
2002085,"Brocken[p] Sarcosuchus-Fleisch",4,"Brocken[p] Sarcosuchus-Fleisch",1,0,1,0,0,False,"Sarcosuchus-Fleisch",25151,0,3,1,68180,0,0,0
2002086,"Velodyna-Pfifferling",2,"Velodyna-Pfifferlinge",2,0,1,0,0,False,"Velodyna-Pfifferling",25401,0,3,1,68180,0,0,0
2002087,"Erd-Exergon-Kern",4,"Erd-Exergon-Kerne",2,0,1,0,0,False,"Erd-Exergon-Kern",21264,0,3,1,68183,0,0,0
2002088,"Waffenschmied-Ölkanne",3,"Waffenschmied-Ölkannen",1,0,1,1,0,False,"Waffenschmied-Ölkanne",22636,0,3,1,68212,0,0,0
2002089,"gesegnet[a] Stein",4,"gesegnet[a] Steine",2,0,1,0,0,False,"Gesegneter Stein",21454,0,1,1,68251,0,0,0
2002090,"Fläschchen[p] abgestandenen Bieres",4,"Fläschchen[p] abgestandenen Bieres",1,0,1,2,0,False,"Abgestandenes Bier",20643,1,1,1,68354,3,0,0
2002091,"Handvoll[p] Ameisenpulver",3,"Handvoll[p] Ameisenpulver",1,0,1,1,0,False,"Ameisenpulver",21006,1,1,1,68404,3,0,0
2002092,"Phiole[p] Ameisenlöwen-Sekret",3,"Phiolen[p] Ameisenlöwen-Sekret",1,0,1,1,0,False,"Ameisenlöwen-Sekret",20661,0,1,1,68404,0,0,0
2002093,"stinkend[a] Fisch",4,"stinkend[a] Fische",2,0,1,0,0,False,"Stinkender Fisch",29034,1,2,1,68017,3,0,0
2002094,"unversehrt[a] Krabbenpanzer",4,"unversehrt[a] Krabbenpanzer",2,0,1,0,0,False,"Unversehrter Krabbenpanzer",22257,0,1,1,68019,0,0,0
2002095,"funkelnd[a] Edelstein",4,"funkelnd[a] Edelsteine",2,0,1,0,0,False,"Funkelnder Edelstein",26513,0,1,1,68022,0,0,0
2002096,"Yasakani no Magatama",3,"Yasakani no Magatama",1,0,1,0,0,False,"Yasakani no Magatama",26513,0,1,1,68023,0,0,0
2002097,"klein[a] Panda",4,"klein[a] Pandas",1,0,1,0,0,False,"Kleiner Panda",59534,0,2,1,68206,0,0,0
2002098,"Topf[p] mit glutheißer Lava",4,"Töpfe[p] mit glutheißer Lava",2,0,1,0,0,False,"Topf mit glutheißer Lava",30352,0,6,1,68211,0,0,0
2002099,"Zeichnung[p] von Yugiri und Gosetsu",3,"Zeichnungen[p] von Yugiri und Gosetsu",1,0,1,1,0,False,"Zeichnung von Yugiri und Gosetsu",26151,3140,1,1,68009,0,0,0
2002100,"kräftig rot[a] Koralle",3,"kräftig rot[a] Korallen",1,0,1,1,0,False,"Kräftig rote Koralle",29060,0,3,1,68239,0,0,0
2002101,"Wakizashi",3,"Wakizashi",1,0,1,2,0,False,"Wakizashi",36432,0,1,1,68247,0,0,0
2002102,"Büschel[p] purpurroten Seegrases",4,"Büschel[p] purpurroten Seegrases",2,0,1,2,0,False,"Purpurrotes Seegras",26110,0,3,1,68252,0,0,0
2002103,"Vitalpilz",2,"Vitalpilze",2,0,1,0,0,False,"Vitalpilz",25405,0,3,1,68252,0,0,0
2002104,"Stück[p] frischen Fleisches eines Insel-Gedans",4,"Stücke[p] frischen Fleisches eines Insel-Gedans",2,0,1,2,0,False,"Frisches Fleisch eines Insel-Gedans",25159,0,3,1,68252,0,0,0
2002105,"Zugvogelschatz",2,"Zugvogelschätze",2,0,1,0,0,False,"Zugvogelschatz",26001,0,3,1,68253,0,0,0
2002106,"Packung[p] Dörrfische",4,"Packungen[p] Dörrfische",2,0,1,1,0,False,"Dörrfische",26109,0,1,1,68278,0,0,0
2002107,"Kiste[p] mit halbfertigen Glöckchen",3,"Kisten[p] mit halbfertigen Glöckchen",1,0,1,1,0,False,"Halbfertige Glöckchen",26108,0,1,1,68278,0,0,0
2002108,"Kieselstein",4,"Kieselsteine",2,0,1,0,0,False,"Kieselstein",21222,0,4,1,68278,0,0,0
2002109,"Meffrids Talisman",4,"Meffrids Talismane",2,0,0,0,1,False,"Meffrids Talisman",26110,0,1,1,68000,0,0,0
2002110,"Notfall-Trank",4,"Notfall-Tränke",2,0,1,0,0,False,"Notfall-Trank",20661,0,3,1,68001,0,0,0
2002111,"Batzen[p] Steppen-Dzo-Fleisch",4,"Batzen[p] Steppen-Dzo-Fleisch",1,0,1,0,0,False,"Steppen-Dzo-Fleisch",25152,0,4,1,68292,0,0,0
2002112,"Flasche[p] Laternenöl",3,"Flaschen[p] Laternenöl",1,0,1,1,0,False,"Laternenöl",25452,1,5,1,68314,3,0,0
2002113,"Stapel[p] Veteranen-Jagdlizenzen der Klasse 1",4,"Stapel[p] Veteranen-Jagdlizenzen der Klasse 1",2,0,1,0,0,False,"Veteranen-Jagdlizenzen der Klasse 1",26504,1,1,4,0,0,0,0
2002114,"Stapel[p] Veteranen-Jagdlizenzen der Klasse 2",4,"Stapel[p] Veteranen-Jagdlizenzen der Klasse 2",2,0,1,0,0,False,"Veteranen-Jagdlizenzen der Klasse 2",26505,1,1,4,0,0,0,0
2002115,"Stapel[p] Veteranen-Jagdlizenzen der Klasse 3",4,"Stapel[p] Veteranen-Jagdlizenzen der Klasse 3",2,0,1,0,0,False,"Veteranen-Jagdlizenzen der Klasse 3",26506,1,1,4,0,0,0,0
2002116,"Veteranen-Hochwild-Jagdlizenz",3,"Veteranen-Hochwild-Jagdlizenzen",1,0,1,1,0,False,"Veteranen-Hochwild-Jagdlizenz",26507,1,1,4,0,0,0,0
2002117,"Schwert[p] der Mol",4,"Schwerter[p] der Mol",2,0,1,2,0,False,"Schwert der Mol",30420,0,1,1,68337,0,0,0
2002118,"Devotionalienkiste",3,"Devotionalienkisten",1,0,1,1,0,False,"Devotionalienkiste",26109,0,1,1,68337,0,0,0
2002119,"Fläschchen[p] reinen Wassers",4,"Fläschchen[p] reinen Wassers",1,0,1,2,0,False,"Reines Wasser",22614,0,1,1,68337,0,0,0
2002120,"Stück[p] grob gemasertes Holz",4,"Stücke[p] grob gemasertes Holz",2,0,1,2,0,False,"Grob gemasertes Holz",22455,1,99,1,0,0,0,0
2002121,"Stück[p] fein gemasertes Holz",4,"Stücke[p] fein gemasertes Holz",2,0,1,2,0,False,"Fein gemasertes Holz",22459,1,99,1,0,0,0,0
2002122,"Eimer[p] Himmelssäulen-Saft",4,"Eimer[p] Himmelssäulen-Saft",2,0,1,0,0,False,"Himmelssäulen-Saft",22642,1,99,1,0,0,0,0
2002123,"Streifen[p] getrockneter Borke",4,"Streifen[p] getrockneter Borke",1,0,1,0,0,False,"Getrocknete Borke",22634,1,99,1,0,0,0,0
2002124,"Streifen[p] junger Borke",4,"Streifen[p] junger Borke",1,0,1,0,0,False,"Junge Borke",22418,1,99,1,0,0,0,0
2002125,"Othard-Kiefernholzscheit",4,"Othard-Kiefernholzscheite",2,0,1,0,0,False,"Othard-Kiefernholzscheit",22414,1,99,1,0,0,0,0
2002126,"hochwertig[a] Othard-Kiefernholzscheit",4,"hochwertig[a] Othard-Kiefernholzscheite",2,0,1,0,0,False,"Hochwertiger Othard-Kiefernholzscheit",22411,1,99,1,0,0,0,0
2002127,"Zweig[p] einer roten Fächerkoralle",4,"Zweige[p] einer roten Fächerkoralle",2,0,1,0,0,False,"Rote Fächerkoralle",29060,1,99,1,0,0,0,0
2002128,"verknotet[a] Seefeder",3,"verknotet[a] Seefedern",1,0,1,1,0,False,"Verknotete Seefeder",23106,1,99,1,0,0,0,0
2002129,"hart[a] Bambusstange",3,"hart[a] Bambusstangen",1,0,1,1,0,False,"Harte Bambusstange",22452,1,99,1,0,0,0,0
2002130,"biegsam[a] Bambusstange",3,"biegsam[a] Bambusstangen",1,0,1,1,0,False,"Biegsame Bambusstange",22451,1,99,1,0,0,0,0
2002131,"Yanxia-Kiefernholzscheit",4,"Yanxia-Kiefernholzscheite",2,0,1,0,0,False,"Yanxia-Kiefernholzscheit",22411,1,99,1,0,0,0,0
2002132,"Büschel[p] Glockengras",4,"Büschel[p] Glockengras",2,0,1,0,0,False,"Glockengras",25016,1,99,1,0,0,0,0
2002133,"Büschel[p] langen Glockengrases",4,"Büschel[p] langen Glockengrases",2,0,1,0,0,False,"Langes Glockengras",25015,1,99,1,0,0,0,0
2002134,"Abendkiefern-Holzscheit",4,"Abendkiefern-Holzscheite",2,0,1,0,0,False,"Abendkiefern-Holzscheit",22411,1,99,1,0,0,0,0
2002135,"Blöktöter-Pflanze",3,"Blöktöter-Pflanzen",1,0,1,1,0,False,"Blöktöter",25035,1,99,1,0,0,0,0
2002136,"frisch[a] Laubblatt",2,"frisch[a] Laubblätter",2,0,1,2,0,False,"Frisches Laubblatt",25202,1,99,1,0,0,0,0
2002137,"duftend[a] Blatt",2,"duftend[a] Blätter",2,0,1,2,0,False,"Duftendes Blatt",25201,1,99,1,0,0,0,0
2002138,"Handvoll[p] duftender Blüten",3,"Handvoll[p] duftender Blüten",1,0,1,1,0,False,"Duftende Blüten",25022,1,99,1,0,0,0,0
2002139,"Handvoll[p] perfekt duftender Blüten",3,"Handvoll[p] perfekt duftender Blüten",1,0,1,1,0,False,"Perfekt duftende Blüten",22627,1,99,1,0,0,0,0
2002140,"Schnabelblume",3,"Schnabelblumen",1,0,1,1,0,False,"Schnabelblume",25022,1,99,1,0,0,0,0
2002141,"Handvoll[p] Wildgemüsesamen",3,"Handvoll[p] Wildgemüsesamen",1,0,1,1,0,False,"Wildgemüsesamen",27457,1,99,1,0,0,0,0
2002142,"Handvoll[p] reiner Wildgemüsesamen",3,"Handvoll[p] reiner Wildgemüsesamen",1,0,1,1,0,False,"Reine Wildgemüsesamen",27458,1,99,1,0,0,0,0
2002143,"Cermet-Rüstungsplatte",3,"Cermet-Rüstungsplatten",1,0,1,1,0,False,"Cermet-Rüstungsplatte",20953,1,99,1,0,0,0,0
2002144,"eloxiert[a] Cermet-Rüstungsplatte",3,"eloxiert[a] Cermet-Rüstungsplatten",1,0,1,1,0,False,"Eloxierte Cermet-Rüstungsplatte",20960,1,99,1,0,0,0,0
2002145,"fossil[a] Molluske",3,"fossil[a] Mollusken",1,0,1,1,0,False,"Fossile Molluske",29059,1,99,1,0,0,0,0
2002146,"erodiert[a] Stein",4,"erodiert[a] Steine",2,0,1,0,0,False,"Erodierter Stein",21453,1,99,1,0,0,0,0
2002147,"nicht erodiert[a] Stein[p]",4,"nicht erodiert[a] Steine[p]",2,0,1,0,0,False,"Nicht erodierter Stein",21202,1,99,1,0,0,0,0
2002148,"Rubinsee-Erz-Probe",3,"Rubinsee-Erz-Proben",1,0,1,1,0,False,"Rubinsee-Erz-Probe",21210,1,99,1,0,0,0,0
2002149,"makellos[a] Rubinsee-Erz-Probe",3,"makellos[a] Rubinsee-Erz-Proben",1,0,1,1,0,False,"Makellose Rubinsee-Erz-Probe",21212,1,99,1,0,0,0,0
2002150,"Brocken[p] Grünsee-Mergel",4,"Brocken[p] Grünsee-Mergel",1,0,1,0,0,False,"Grünsee-Mergel",21459,1,99,1,0,0,0,0
2002151,"Stück[p] einer versteinerten Koralle",4,"Stücke[p] einer versteinerten Koralle",2,0,1,2,0,False,"Versteinerte Koralle",22209,1,99,1,0,0,0,0
2002152,"Stück[p] rissiger Marmor",4,"Stücke[p] rissiger Marmor",2,0,1,2,0,False,"Rissiger Marmor",21454,1,99,1,0,0,0,0
2002153,"Stück[p] fester Marmor",4,"Stücke[p] fester Marmor",2,0,1,2,0,False,"Fester Marmor",21251,1,99,1,0,0,0,0
2002154,"garleisch[a] Jäger-Exopanzerplatte",3,"garleisch[a] Jäger-Exopanzerplatten",1,0,1,1,0,False,"Garleische Jäger-Exopanzerplatte",20960,1,99,1,0,0,0,0
2002155,"Ryurin-Brücken-Pflasterstein",4,"Ryurin-Brücken-Pflastersteine",2,0,1,0,0,False,"Ryurin-Brücken-Pflasterstein",21203,1,99,1,0,0,0,0
2002156,"Ryurin-Brücken-Eckstein",4,"Ryurin-Brücken-Ecksteine",2,0,1,0,0,False,"Ryurin-Brücken-Eckstein",21470,1,99,1,0,0,0,0
2002157,"Handvoll[p] bunter Kiesel",3,"Handvoll[p] bunter Kiesel",1,0,1,1,0,False,"Bunte Kiesel",21326,1,99,1,0,0,0,0
2002158,"Steppen-Glühstein",4,"Steppen-Glühsteine",2,0,1,0,0,False,"Steppen-Glühstein",21278,1,99,1,0,0,0,0
2002159,"Handvoll[p] Nhaama-Wüstensand",3,"Handvoll[p] Nhaama-Wüstensand",1,0,1,1,0,False,"Nhaama-Wüstensand",21453,1,99,1,0,0,0,0
2002160,"Handvoll[p] grober Nhaama-Wüstensand",3,"Handvoll[p] grober Nhaama-Wüstensand",1,0,1,1,0,False,"Grober Nhaama-Wüstensand",21454,1,99,1,0,0,0,0
2002161,"Handvoll[p] erdiger Kies",3,"Handvoll[p] erdiger Kies",1,0,1,1,0,False,"Erdiger Kies",21453,1,99,1,0,0,0,0
2002162,"Handvoll[p] violetter Kies",3,"Handvoll[p] violetter Kies",1,0,1,1,0,False,"Violetter Kies",21477,1,99,1,0,0,0,0
2002163,"Trümmer-Ziegelstein",4,"Trümmer-Ziegelsteine",2,0,1,0,0,False,"Trümmer-Ziegelstein",22609,1,99,1,0,0,0,0
2002164,"Brocken[p] wertloses Erz",4,"Brocken[p] wertloses Erz",1,0,1,0,0,False,"Wertloses Erz",21210,1,99,1,0,0,0,0
2002165,"Brocken[p] wertvolles Erz",4,"Brocken[p] wertvolles Erz",1,0,1,0,0,False,"Wertvolles Erz",21208,1,99,1,0,0,0,0
2002166,"kieselsteinartig[a] Gegenstand",4,"kieselsteinartig[a] Gegenstände",2,0,1,0,0,False,"Kieselsteinartiger Gegenstand",21259,0,1,1,68159,0,0,0
2002167,"Edgyths Brief",4,"Edgyths Briefe",2,0,0,0,1,False,"Edgyths Brief",26185,0,1,1,68159,0,0,0
2002168,"Testlösung",3,"Testlösungen",1,0,1,1,0,False,"Testlösung",20645,0,1,1,68159,0,0,0
2002169,"Paar[p] fortgeworfener Handschuhe",4,"Paar[p] fortgeworfener Handschuhe",1,0,1,2,0,False,"Fortgeworfene Handschuhe",44082,0,1,1,68631,0,0,0
2002170,"",0,"",0,0,0,0,0,False,"",0,0,0,0,0,0,0,0
2002171,"leer[a] dalmascanisch[a] Weinflasche",3,"leer[a] dalmascanisch[a] Weinflaschen",1,0,1,1,0,False,"Leere dalmascanische Weinflasche",25057,0,1,1,68626,0,0,0
2002172,"Flasche[p] Suhd Viandja Rosé",3,"Flaschen[p] Suhd Viandja Rosé",1,0,1,1,0,False,"Suhd Viandja Rosé",25057,0,1,1,68626,0,0,0
2002173,"betäubt[a] Lamm",4,"betäubt[a] Lämmer",2,0,1,2,0,False,"Betäubtes Lamm",59441,0,1,1,68307,0,0,0
2002174,"Schreiben[p] an die Ostaldenard-HG",4,"Schreiben[p] an die Ostaldenard-HG",1,0,1,2,0,False,"Schreiben an die Ostaldenard-HG",26173,0,1,1,68482,0,0,0
2002175,"Päckchen[p] von Cid Garlond",4,"Päckchen[p] von Cid Garlond",1,0,1,2,0,False,"Päckchen von Cid Garlond",26109,0,1,1,68482,0,0,0
2002176,"heikl[a] Sprengsatz",2,"heikl[a] Sprengsätze",2,0,1,0,0,False,"Heikler Sprengsatz",25907,1766,1,1,68483,3,0,4
2002177,"abgerissen[a] Panzerplatte",3,"abgerissen[a] Panzerplatten",1,0,1,1,0,False,"Abgerissene Panzerplatte",20961,0,15,1,68483,0,0,0
2002178,"Samurai-Schwert",4,"Samurai-Schwerter",2,0,1,2,0,False,"Samurai-Schwert",36427,0,1,1,68058,0,0,0
2002179,"Rauchbombe",3,"Rauchbomben",1,0,1,1,0,False,"Rauchbombe",26015,1276,7,1,68186,3,0,6
2002180,"prall gefüllt[a] Fischkorb[p]",4,"prall gefüllt[a] Fischkörbe[p]",2,0,1,0,0,False,"Prall gefüllter Fischkorb",22261,0,1,1,68434,0,0,0
2002181,"Umschlag[p] für X'rhun Tia",4,"Umschläge[p] für X'rhun Tia",2,0,1,0,0,False,"Umschlag für X'rhun Tia",26171,0,1,1,68114,0,0,0
2002182,"robust[a] Eisenschlüssel",4,"robust[a] Eisenschlüssel",2,0,1,0,0,False,"Robuster Eisenschlüssel",25903,1,1,1,68115,3,0,0
2002183,"Brief[p] an Maral",4,"Briefe[p] an Maral",2,0,1,0,0,False,"Brief an Maral",26151,0,1,1,68326,0,0,0
2002184,"extrastark[a] Knallerbse",3,"extrastark[a] Knallerbsen",1,0,1,1,0,False,"Extrastarke Knallerbse",26015,1,1,1,68178,3,0,0
2002185,"beschädigt[a] Grizzly-Fell",3,"beschädigt[a] Grizzly-Felle",2,0,1,2,0,False,"Beschädigtes Grizzly-Fell",21820,0,1,1,68147,0,0,0
2002186,"abgerissen[a] Panzerplatte",3,"abgerissen[a] Panzerplatten",1,0,1,1,0,False,"Abgerissene Panzerplatte",26107,0,3,1,68057,0,0,0
2002187,"abgerissen[a] Panzerplatte",3,"abgerissen[a] Panzerplatten",1,0,1,1,0,False,"Abgerissene Panzerplatte",26107,0,3,1,68057,0,0,0
2002188,"Raubahns Paket",3,"Raubahns Pakete",2,0,0,2,1,False,"Raubahns Paket",21003,0,1,1,68088,0,0,0
2002189,"verrußt[a] Steintafel",3,"verrußt[a] Steintafeln",1,0,1,1,0,False,"Verrußte Steintafel",26201,0,1,1,68120,0,0,0
2002190,"beschädigt[a] Steintafel",3,"beschädigt[a] Steintafeln",1,0,1,1,0,False,"Beschädigte Steintafel",26201,0,1,1,68120,0,0,0
2002191,"zerbrochen[a] Steintafel",3,"zerbrochen[a] Steintafeln",1,0,1,1,0,False,"Zerbrochene Steintafel",26201,0,1,1,68120,0,0,0
2002192,"Seelenstein[p] eines massiven Urolithen",4,"Seelensteine[p] eines massiven Urolithen",2,0,1,0,0,False,"Seelenstein eines massiven Urolithen",21278,0,1,1,68120,0,0,0
2002193,"",0,"",0,0,0,0,0,False,"",0,0,0,0,0,0,0,0
2002194,"Das Blut der Nacht",3,"Das Blut der Nacht",1,0,0,2,1,False,"Das Blut der Nacht",26158,0,1,1,68121,0,0,0
2002195,"Einladung[p] zum Bankett",3,"Einladungen[p] zum Bankett",1,0,1,1,0,False,"Einladung zum Bankett",26173,0,1,1,68098,0,0,0
2002196,"Stück[p] Großwieselfleisch",4,"Stücke[p] Großwieselfleisch",2,0,1,2,0,False,"Großwieselfleisch",25155,0,9,1,68040,0,0,0
2002197,"Beutel[p] mit Großwieselfleisch",4,"Beutel[p] mit Großwieselfleisch",2,0,1,0,0,False,"Beutel mit Großwieselfleisch",26111,0,1,1,68040,0,0,0
2002198,"Zeichnung[p] des Verstorbenen",3,"Zeichnungen[p] des Verstorbenen",1,0,1,1,0,False,"Zeichnung des Verstorbenen",25999,3140,1,1,68271,0,0,0
2002199,"Beutel[p] mit Innereien",4,"Beutel[p] mit Innereien",2,0,1,0,0,False,"Innereien",26111,1,3,1,68040,1,0,0
2002200,"Glöckchen[p] von Gyobokus Bruder",4,"Glöckchen[p] von Gyobokus Bruder",1,0,1,2,0,False,"Glöckchen von Gyobokus Bruder",21002,3140,1,1,68279,0,0,0
2002201,"zerbeult[a] Kanne",3,"zerbeult[a] Kannen",1,0,1,1,0,False,"Zerbeulte Kanne",24453,3140,1,1,68303,0,0,0
2002202,"Milchkanne",3,"Milchkannen",1,0,1,1,0,False,"Milchkanne",24453,0,1,1,68303,0,0,0
2002203,"Beutel[p] mit braunem Fladen",4,"Beutel[p] mit braunem Fladen",2,0,1,0,0,False,"Brauner Fladen",27455,0,4,1,68041,0,0,0
2002204,"Seelenbaumwurzel",3,"Seelenbaumwurzeln",1,0,1,1,0,False,"Seelenbaumwurzel",25005,0,2,1,68037,0,0,0
2002205,"Urolithen-Seelenstein",4,"Urolithen-Seelensteine",2,0,1,0,0,False,"Urolithen-Seelenstein",21278,0,2,1,68191,0,0,0
2002206,"Stück[p] Tigerfleisch",4,"Stücke[p] Tigerfleisch",2,0,1,2,0,False,"Tigerfleisch",25153,0,2,1,68268,0,0,0
2002207,"Büschel[p] Schwertgras",4,"Büschel[p] Schwertgras",2,0,1,2,0,False,"Schwertgras",25035,0,8,1,68045,0,0,0
2002208,"",0,"",0,0,1,0,0,False,"",59441,0,1,1,0,0,0,0
2002209,"Gaganaleder-Schatzkarte",3,"Gaganaleder-Schatzkarten",1,0,1,1,0,False,"Gaganaleder-Schatzkarte",26151,1,1,2,0,0,0,0
2002210,"Gazellenleder-Schatzkarte",3,"Gazellenleder-Schatzkarten",1,0,1,1,0,False,"Gazellenleder-Schatzkarte",26151,1,1,2,0,0,0,0
2002211,"Kristallhalskette",3,"Kristallhalsketten",1,0,1,1,0,False,"Kristallhalskette",54968,0,1,1,68355,0,0,0
2002212,"frisch[a] Gyuki-Leber",3,"frisch[a] Gyuki-Lebern",1,0,1,1,0,False,"Frische Gyuki-Leber",25155,0,3,1,68220,0,0,0
2002213,"klein[a] Vogelkäfig",4,"klein[a] Vogelkäfige",2,0,1,0,0,False,"Kleiner Vogelkäfig",22261,1,1,1,68264,3,0,0
2002214,"leer[a] Topf",2,"leer[a] Töpfe",2,0,1,0,0,False,"Leerer Topf",25055,0,1,1,68358,0,0,0
2002215,"Topf[p] voll Harz",2,"Töpfe[p] voll Harz",2,0,1,0,0,False,"Topf voll Harz",25055,0,1,1,68358,0,0,0
2002216,"Gläschen[p] Arrak",4,"Gläschen[p] Arrak",1,0,1,2,0,False,"Arrak",25057,0,4,1,68366,0,0,0
2002217,"Versorgungskiste",3,"Versorgungskisten",1,0,1,1,0,False,"Versorgungskiste",21003,0,1,1,68370,0,0,0
2002218,"Halskette[p] von sentimentalem Wert",3,"Halsketten[p] von sentimentalem Wert",1,0,1,1,0,False,"Halskette von sentimentalem Wert",54816,0,1,1,68371,0,0,0
2002219,"gestohlen[a] Kiste",3,"gestohlen[a] Kisten",1,0,1,1,0,False,"Gestohlene Kiste",21003,0,2,1,68373,0,0,0
2002220,"Muhtsu-Horn",4,"Muhtsu-Hörner",2,0,1,2,0,False,"Muhtsu-Horn",22205,0,1,1,68383,0,0,0
2002221,"Tasse[p] Muhtsu-Kräutertee",3,"Tassen[p] Muhtsu-Kräutertee",1,0,1,1,0,False,"Muhtsu-Kräutertee",24406,0,1,1,68384,0,0,0
2002222,"groß[a] Mooskugel",3,"groß[a] Mooskugeln",1,0,1,1,0,False,"Große Mooskugel",22625,1,2,1,68391,3,0,0
2002223,"scharlachrot[a] Flagge",3,"scharlachrot[a] Flaggen",1,0,1,1,0,False,"Scharlachrote Flagge",21615,0,1,1,68223,0,0,0
2002224,"Inventarliste",3,"Inventarlisten",1,0,1,1,0,False,"Inventarliste",25906,0,1,1,68223,0,0,0
2002225,"Vertragsentwurf",4,"Vertragsentwürfe",2,0,1,0,0,False,"Vertragsentwurf",26151,0,1,1,68224,0,0,0
2002226,"Flughai-Flosse",3,"Flughai-Flossen",1,0,1,1,0,False,"Flughai-Flosse",22251,0,1,1,68224,0,0,0
2002227,"",0,"",0,0,1,0,0,False,"",21003,0,1,1,0,0,0,0
2002228,"",0,"",0,0,1,0,0,False,"",26151,0,1,1,0,0,0,0
2002229,"Topf[p] Gedan-Fett",4,"Töpfe[p] Gedan-Fett",2,0,1,0,0,False,"Gedan-Fett",22603,0,1,1,68298,0,0,0
2002230,"Topf[p] Gedan-Fett",2,"Töpfe[p] Gedan-Fett",2,0,1,0,0,False,"Gedan-Fett",22603,0,1,1,68299,0,0,0
2002231,"Qestir-Schriftstück",4,"Qestir-Schriftstücke",2,0,1,2,0,False,"Qestir-Schriftstück",25906,0,1,1,68299,0,0,0
2002232,"verformt[a] Kugel",3,"verformt[a] Kugeln",1,0,1,1,0,False,"Verformte Kugel",26108,0,1,1,68442,0,0,0
2002233,"Lederhalsband",4,"Lederhalsbänder",2,0,1,2,0,False,"Lederhalsband",26316,0,1,1,68442,0,0,0
2002234,"spitz[a] Steinsplitter",4,"spitz[a] Steinsplitter",2,0,1,0,0,False,"Spitzer Steinsplitter",21452,0,99,1,0,0,0,0
2002235,"entwendet[a] Schmuckstück",4,"entwendet[a] Schmuckstücke",2,0,1,2,0,False,"Entwendetes Schmuckstück",26111,0,99,1,0,0,0,0
2002236,"Äthergramm-Karte[p] II",3,"Äthergramm-Karten[p] II",1,0,1,1,0,False,"Äthergramm-Karte II",26151,1,1,2,0,0,0,0
2002237,"Turnier-Einladung",3,"Turnier-Einladungen",1,0,1,1,0,False,"Turnier-Einladung",26173,0,1,1,68107,0,0,0
2002238,"blutverschmiert[a] Glücksbringer",4,"blutverschmiert[a] Glücksbringer",2,0,1,0,0,False,"Blutverschmierter Glücksbringer",26111,0,1,1,68104,0,0,0
2002239,"Schlangenleber",3,"Schlangenlebern",1,0,1,1,0,False,"Schlangenleber",29002,0,3,1,68266,0,0,0
2002240,"Brief[p] von Wichard ",4,"Briefe[p] von Wichard ",2,0,1,0,0,False,"Brief von Wichard",25918,0,1,1,68421,0,0,0
2002241,"übel riechend[a] Flüssigkeit",3,"übel riechend[a] Flüssigkeiten",1,0,1,1,0,False,"Übel riechende Flüssigkeit",22637,1,6,1,68260,3,0,0
2002242,"Steinhaufen",4,"Steinhaufen",1,0,1,0,0,False,"Steinhaufen",21454,0,4,1,68261,0,0,0
2002243,"Schwarzlichtlampe",3,"Schwarzlichtlampen",1,0,1,1,0,False,"Schwarzlichtlampe",51112,3140,1,1,68022,0,0,0
2002244,"Fangeisen",4,"Fangeisen",1,0,1,2,0,False,"Fangeisen",21003,1,6,1,68262,3,0,0
2002245,"Angelkiste",3,"Angelkisten",1,0,1,1,0,False,"Angelkiste",21002,0,1,1,68254,0,0,0
2002246,"Stapel[p] Feuerholz",4,"Stapel[p] Feuerholz",2,0,1,0,0,False,"Feuerholz",52113,0,1,1,68263,0,0,0
2002247,"Forelle",3,"Forellen",1,0,1,1,0,False,"Forelle",29034,0,1,1,68263,0,0,0
2002248,"Beutel[p] Beifuß",4,"Beutel[p] Beifuß",2,0,1,0,0,False,"Beifuß",25036,0,1,1,68269,0,0,0
2002249,"Bündel[p] Wasserpest",4,"Bündel[p] Wasserpest",2,0,1,2,0,False,"Wasserpest",25217,0,1,1,68269,0,0,0
2002250,"Handvoll[p] Setzlinge",3,"Handvoll[p] Setzlinge",1,0,1,1,0,False,"Setzlinge",52185,0,1,1,68270,0,0,0
2002251,"Fläschchen[p] Holzessig",4,"Fläschchen[p] Holzessig",1,0,1,2,0,False,"Holzessig",20665,0,1,1,68270,0,0,0
2002252,"Eimer[p] Dreckwasser",4,"Eimer[p] Dreckwasser",2,0,1,0,0,False,"Dreckwasser",22637,1,3,1,68277,3,0,0
2002253,"dreckig[a] Gilbeutel",4,"dreckig[a] Gilbeutel",2,0,1,0,0,False,"Dreckiger Gilbeutel",26001,0,1,1,68281,0,0,0
2002254,"Glöckchen",4,"Glöckchen",1,0,1,2,0,False,"Glöckchen",26001,0,1,1,68282,0,0,0
2002255,"Sack[p] mit Heilkräutern",4,"Säcke[p] mit Heilkräutern",2,0,1,0,0,False,"Heilkräuter",26110,0,1,1,68309,0,0,0
2002256,"Kiste[p] mit Schafschere",3,"Kisten[p] mit Schafschere",1,0,1,1,0,False,"Kiste mit Schafschere",21003,0,1,1,68309,0,0,0
2002257,"Topf[p] mit Pflanzensamen",4,"Töpfe[p] mit Pflanzensamen",2,0,1,0,0,False,"Topf mit Pflanzensamen",22802,0,1,1,68309,0,0,0
2002258,"Baras-Fang",4,"Baras-Fänge",2,0,1,0,0,False,"Baras-Fang",22303,0,2,1,68333,0,0,0
2002259,"Beutel[p] Fleischreste",4,"Beutel[p] Fleischreste",2,0,1,0,0,False,"Beutel Fleischreste",26110,0,1,1,68334,0,0,0
2002260,"Äthergramm-Karte[p] III",3,"Äthergramm-Karten[p] III",1,0,1,1,0,False,"Äthergramm-Karte III",26151,1,1,2,0,0,0,0
2002261,"Aufforderung[p] zum Duell",3,"Aufforderungen[p] zum Duell",1,0,1,1,0,False,"Aufforderung zum Duell",26151,0,1,1,67966,0,0,0
2002262,"Gebetsblatt",4,"Gebetsblätter",2,0,1,2,0,False,"Gebetsblatt",26151,1,1,1,68447,3,0,0
2002263,"Handelsvertrag",4,"Handelsverträge",2,0,1,0,0,False,"Handelsvertrag",26151,0,1,1,68224,0,0,0
2002264,"Flughai-Leber",3,"Flughai-Lebern",1,0,1,1,0,False,"Flughai-Leber",29002,0,3,1,68210,0,0,0
2002265,"Kraftstein",4,"Kraftsteine",2,0,1,0,0,False,"Kraftstein",21225,0,1,1,68230,0,0,0
2002266,"golden[a] Bezoar",4,"golden[a] Bezoare",2,0,1,0,0,False,"Goldener Bezoar",21279,0,1,1,68342,0,0,0
2002267,"Greifenfeder",3,"Greifenfedern",1,0,1,1,0,False,"Greifenfeder",21902,0,99,1,0,0,0,0
2002268,"schön[a] Koralle",3,"schön[a] Korallen",1,0,1,1,0,False,"Schöne Koralle",22207,0,99,1,0,0,0,0
2002269,"geraubt[a] Schatz",2,"geraubt[a] Schätze",2,0,1,0,0,False,"Geraubter Schatz",26001,0,99,1,0,0,0,0
2002270,"Sack[p] Reissetzlinge",4,"Säcke[p] Reissetzlinge",2,0,1,0,0,False,"Reissetzlinge",27451,0,99,1,0,0,0,0
2002271,"Hornraben-Ei",4,"Hornraben-Eier",2,0,1,2,0,False,"Hornraben-Ei",25251,0,99,1,0,0,0,0
2002272,"allagisch[a] Schriftstück",4,"allagisch[a] Schriftstücke",2,0,1,2,0,False,"Allagisches Schriftstück",26158,0,1,1,68161,0,0,0
2002273,"Schreiben[p] an Rowena",4,"Schreiben[p] an Rowena",1,0,1,2,0,False,"Schreiben an Rowena",26171,0,1,1,68164,0,0,0
2002274,"Granate[p] vom Typ XLII",3,"Granaten[p] vom Typ XLII",1,0,1,1,0,False,"Granate vom Typ XLII",26015,1276,1,1,68362,3,0,3
2002275,"Apa-Kern",4,"Apa-Kerne",2,0,1,0,0,False,"Apa-Kern",20208,0,3,1,68235,0,0,0
2002276,"geraubt[a] Ledertasche",3,"geraubt[a] Ledertaschen",1,0,1,1,0,False,"Geraubte Ledertasche",25991,0,1,1,68190,0,0,0
2002277,"Eisenerzkiste",3,"Eisenerzkisten",1,0,1,1,0,False,"Eisenerzkiste",21003,0,1,1,68190,0,0,0
2002278,"Flasche[p] Hingashi-Reiswein",3,"Flaschen[p] Hingashi-Reiswein",1,0,1,1,0,False,"Hingashi-Reiswein",26514,1,1,1,68202,3,0,0
2002279,"Bild[p] von einer großen Glocke",4,"Bilder[p] von einer großen Glocke",2,0,1,2,0,False,"Bild von einer großen Glocke",25999,3140,1,1,68204,0,0,0
2002280,"Bild[p] von einem imposanten Tor",4,"Bilder[p] von einem imposanten Tor",2,0,1,2,0,False,"Bild von einem imposanten Tor",25999,3140,1,1,68204,0,0,0
2002281,"riesig[a] Jutebeutel",4,"riesig[a] Jutebeutel",2,0,1,0,0,False,"Riesiger Jutebeutel",26110,1,3,1,68216,1,0,0
2002282,"eingefangen[a] Seeschlange",3,"eingefangen[a] Seeschlangen",1,0,1,1,0,False,"Eingefangene Seeschlange",26110,0,3,1,68216,0,0,0
2002283,"Landratten-Medizin",3,"Landratten-Medizin",1,0,1,1,0,False,"Landratten-Medizin",25990,0,1,1,68217,0,0,0
2002284,"ausgetrocknet[a] Tierknochen",4,"ausgetrocknet[a] Tierknochen",2,0,1,0,0,False,"Ausgetrockneter Tierknochen",22201,0,4,1,68301,0,0,0
2002285,"Granate[p] Nr. XLII",3,"Granaten[p] Nr. XLII",1,0,1,1,0,False,"Granate Nr. XLII",26015,1276,6,1,68389,3,0,5
2002286,"Kiste[p] mit Pestizidbomben",3,"Kisten[p] mit Pestizidbomben",1,0,1,1,0,False,"Pestizidbomben",26015,1276,8,1,68412,3,0,6
2002287,"Kiste[p] mit Rauchgranaten",3,"Kisten[p] mit Rauchgranaten",1,0,1,1,0,False,"Rauchgranaten",26015,0,1,1,68412,0,0,0
2002288,"verwesend[a] Fisch",4,"verwesend[a] Fische",2,0,1,0,0,False,"Verwesender Fisch",29055,1,2,1,68228,3,0,0
2002289,"Riesen-Korallenschalenbein",4,"Riesen-Korallenschalenbeine",2,0,1,2,0,False,"Riesen-Korallenschalenbein",29201,0,2,1,68228,0,0,0
2002290,"Treibgut",4,"Treibgüter",2,0,1,2,0,False,"Treibgut",21002,0,6,1,68244,0,0,0
2002291,"Kakhol-Zutat",3,"Kakhol-Zutaten",1,0,1,1,0,False,"Kakhol-Zutat",24453,0,1,1,68288,0,0,0
2002292,"Dazkar-Zutat",3,"Dazkar-Zutaten",1,0,1,1,0,False,"Dazkar-Zutat",25157,0,1,1,68288,0,0,0
2002293,"Isari-Zutat",3,"Isari-Zutaten",1,0,1,1,0,False,"Isari-Zutat",24315,0,1,1,68288,0,0,0
2002294,"Balken",4,"Balken",1,0,1,0,0,False,"Balken",22453,0,1,1,68305,0,0,0
2002295,"Mammutfell",4,"Mammutfelle",2,0,1,2,0,False,"Mammutfell",22008,0,3,1,68311,0,0,0
2002296,"Haufen[p] Trockenlaub",4,"Haufen[p] Trockenlaub",1,0,1,0,0,False,"Trockenlaub",25034,0,1,1,68311,0,0,0
2002297,"Feldflasche[p] vergorener Stutenmilch",3,"Feldflaschen[p] vergorener Stutenmilch",1,0,1,1,0,False,"Vergorene Stutenmilch",24454,1,5,1,68312,3,0,0
2002298,"Lederbeutel",4,"Lederbeutel",2,0,1,0,0,False,"Lederbeutel",25991,0,1,1,68315,0,0,0
2002299,"Fläschchen[p] Käfersäure",4,"Fläschchen[p] Käfersäure",1,0,1,2,0,False,"Käfersäure",20642,306,1,1,68315,1,0,0
2002300,"Muu-Shuwuu-Ei",4,"Muu-Shuwuu-Eier",2,0,1,2,0,False,"Muu-Shuwuu-Ei",25252,0,3,1,68338,0,0,0
2002301,"Prismenweiher-Kristall",4,"Prismenweiher-Kristalle",2,0,1,0,0,False,"Prismenweiher-Kristall",20020,0,1,1,68341,0,0,0
2002302,"Flasche[p] Prismenweiher-Wasser",3,"Flaschen[p] Prismenweiher-Wasser",1,0,1,1,0,False,"Prismenweiher-Wasser",22614,0,1,1,68341,0,0,0
2002303,"Fässchen[p] tiefschwarzer Tinte",4,"Fässchen[p] tiefschwarzer Tinte",1,0,1,2,0,False,"Tiefschwarze Tinte",22603,1843,1,1,68343,3,0,0
2002304,"Flasche[p] Gensui-Wein",3,"Flaschen[p] Gensui-Wein",1,0,1,1,0,False,"Gensui-Wein",26514,1,1,1,68344,3,0,0
2002305,"Fläschchen[p] Panzerschmelze",4,"Fläschchen[p] Panzerschmelze",1,0,1,2,0,False,"Panzerschmelze",20661,306,1,1,68346,1,0,0
2002306,"Handzettel",4,"Handzettel",2,0,1,0,0,False,"Handzettel",26151,0,6,1,68349,0,0,0
2002307,"Fläschchen Muhtsu-Fett",4,"Fläschchen[p] Muhtsu-Fett",1,0,1,2,0,False,"Muhtsu-Fett",20673,1,1,1,68382,3,0,0
2002308,"gekühlt[a] Lederbeutel",4,"gekühlt[a] Lederbeutel",2,0,1,0,0,False,"Gekühlter Lederbeutel",26110,0,1,1,68322,0,0,0
2002309,"Namai-Kraut",4,"Namai-Kräuter",2,0,1,2,0,False,"Namai-Kraut",25919,0,3,1,68274,0,0,0
2002310,"garleisch[a] Proviantkiste",3,"garleisch[a] Proviantkisten",1,0,1,1,0,False,"Garleische Proviantkiste",26516,0,1,1,68387,0,0,0
2002311,"Beutel[p] voller Nahrungsmittel",4,"Beutel[p] voller Nahrungsmittel",2,0,1,0,0,False,"Beutel voller Nahrungsmittel",26111,0,1,1,68387,0,0,0
2002312,"Steinmetzhammer",4,"Steinmetzhämmer",2,0,1,0,0,False,"Steinmetzhammer",35052,0,1,1,68406,0,0,0
2002313,"garleisch[a] Materialkiste",4,"garleisch[a] Materialkisten",1,0,1,1,0,False,"Garleische Materialkiste",26516,0,1,1,68417,0,0,0
2002314,"Abaddon-Sehne",3,"Abaddon-Sehnen",1,0,1,1,0,False,"Abaddon-Sehne",21005,0,4,1,68418,0,0,0
2002315,"reißfest[a] Leinensack",4,"reißfest[a] Leinensäcke",2,0,1,0,0,False,"Reißfester Leinensack",26111,1,2,1,68419,1,0,0
2002316,"prall gefüllt[a] Leinensack",4,"prall gefüllt[a] Leinensäcke",2,0,1,0,0,False,"Prall gefüllter Leinensack",26111,0,2,1,68419,0,0,0
2002317,"Päckchen[p] Betäubungspulver",4,"Päckchen[p] Betäubungspulver",1,0,1,2,0,False,"Betäubungspulver",21006,1843,2,1,68221,3,0,0
2002318,"Phiole[p] schwarzbrauner Kräutersud",3,"Phiolen[p] schwarzbrauner Kräutersud",1,0,1,1,0,False,"Schwarzbrauner Kräutersud",20663,1,3,1,68189,3,0,0
2002319,"Baumwolltuch",4,"Baumwolltücher",2,0,1,2,0,False,"Baumwolltuch",21611,0,3,1,68227,0,0,0
2002320,"Rubin-Hornraben-Brustfilet",4,"Rubin-Hornraben-Brustfilets",1,0,1,2,0,False,"Rubin-Hornraben-Brustfilet",25151,0,3,1,68233,0,0,0
2002321,"Brechwurz-Blüte",3,"Brechwurz-Blüten",1,0,1,1,0,False,"Brechwurz-Blüte",25027,0,3,1,68294,0,0,0
2002322,"Panzerstück[p] einer Matamata-Matrone",4,"Panzerstücke[p] einer Matamata-Matrone",2,0,1,2,0,False,"Panzerstück einer Matamata-Matrone",22262,0,1,1,68300,0,0,0
2002323,"Kralle[p] einer Matamata-Matrone",3,"Krallen[p] einer Matamata-Matrone",1,0,1,1,0,False,"Kralle einer Matamata-Matrone",22302,0,1,1,68300,0,0,0
2002324,"leer[a] Sack",4,"leer[a] Säcke",2,0,1,0,0,False,"Leerer Sack",26110,1,3,1,68357,1,0,0
2002325,"prall gefüllt[a] Sack[p]",4,"prall gefüllt[a] Säcke[p]",2,0,1,0,0,False,"Prall gefüllter Sack",26110,0,3,1,68357,0,0,0
2002326,"Versammlungseinladung",3,"Versammlungseinladungen",1,0,1,1,0,False,"Versammlungseinladung",26193,0,4,1,68372,0,0,0
2002327,"Gyorins Angelrute[p]",3,"Gyorins Angelruten[p]",1,0,0,1,1,False,"Gyorins Angelrute",38202,0,1,1,68284,0,0,0
2002328,"Portion[p] Wasserschlangenfleisch",3,"Portionen[p] Wasserschlangenfleisch",1,0,1,1,0,False,"Wasserschlangenfleisch",25151,0,3,1,68286,0,0,0
2002329,"Bauts Ring",3,"Bauts Ringe",2,0,0,0,1,False,"Bauts Ring",54403,0,1,1,68380,0,0,0
2002330,"Erarts Brief",3,"Erarts Briefe",2,0,0,0,1,False,"Erarts Brief",25918,0,1,1,68399,0,0,0
2002331,"Erarts Abschiedsgeschenk",4,"Erarts Abschiedsgeschenke",2,0,0,2,1,False,"Erarts Abschiedsgeschenk",26111,0,1,1,68400,0,0,0
2002332,"Büschel[p] Algen",4,"Büschel[p] Algen",2,0,1,2,0,False,"Algen",29063,1,1,1,68242,3,0,0
2002333,"Schale[p] eines Tonosama-Yumemi",3,"Schalen[p] eines Tonosama-Yumemi",1,0,1,1,0,False,"Schale eines Tonosama-Yumemi",29015,0,1,1,68242,0,0,0
2002334,"Rhalgr-Talisman",4,"Rhalgr-Talismane",2,0,1,0,0,False,"Rhalgr-Talisman",26151,0,1,1,68174,0,0,0
2002335,"Anila-Kern",4,"Anila-Kerne",2,0,1,0,0,False,"Anila-Kern",21262,0,3,1,68181,0,0,0
2002336,"Bodenprobe",3,"Bodenproben",1,0,1,1,0,False,"Bodenprobe",22623,0,3,1,68196,0,0,0
2002337,"Wasserprobe",3,"Wasserproben",1,0,1,1,0,False,"Wasserprobe",22614,0,1,1,68196,0,0,0
2002338,"Laternenkiste",3,"Laternenkisten",1,0,1,1,0,False,"Laternenkiste",21003,0,1,1,68201,0,0,0
2002339,"Eimer[p] kühles Brunnenwasser",4,"Eimer[p] kühles Brunnenwasser",2,0,1,0,0,False,"Kühles Brunnenwasser",29431,1,1,1,68205,3,0,0
2002340,"Büschel[p] Mozuku",4,"Büschel[p] Mozuku",2,0,1,2,0,False,"Mozuku",29063,0,4,1,68237,0,0,0
2002341,"Kiste[p] mit gestohlenen Vorräten",3,"Kisten[p] mit gestohlenen Vorräten",1,0,1,1,0,False,"Gestohlene Vorräte",21003,0,1,1,68340,0,0,0
2002342,"Töpfchen[p] Wundsalbe",4,"Töpfchen[p] Wundsalbe",1,0,1,2,0,False,"Wundsalbe",27605,1,1,1,68350,3,0,0
2002343,"Ampulle[p] Kühlextrakt",3,"Ampullen[p] Kühlextrakt",1,0,1,1,0,False,"Kühlextrakt",26108,0,1,1,68351,0,0,0
2002344,"Iris[p] von Lakshmi",3,"Iris[p] von Lakshmi",1,0,1,1,0,False,"Iris von Lakshmi",25022,0,5,1,68353,0,0,0
2002345,"abgenutzt[a] Werkzeug",4,"abgenutzt[a] Werkzeuge",2,0,1,2,0,False,"Abgenutztes Werkzeug",21003,0,3,1,68365,0,0,0
2002346,"Gazellen-Horn",4,"Gazellen-Hörner",2,0,1,2,0,False,"Gazellen-Horn",22206,0,1,1,68368,0,0,0
2002347,"Sack[p] mit Chapuli-Beinen",4,"Säcke[p] mit Chapuli-Beinen",2,0,1,0,0,False,"Chapuli-Beine",26110,0,3,1,68374,0,0,0
2002348,"Handvoll[p] Morpho-Flügelstaub",3,"Handvoll[p] Morpho-Flügelstaub",1,0,1,1,0,False,"Morpho-Flügelstaub",21219,0,1,1,68385,0,0,0
2002349,"Blütensirup",4,"Blütensirup",1,0,1,0,0,False,"Blütensirup",25102,1,1,1,68385,3,0,0
2002350,"leicht[a] Päckchen",4,"leicht[a] Päckchen",1,0,1,2,0,False,"Leichtes Päckchen",26109,0,1,1,68386,0,0,0
2002351,"Bündel[p] frischen Wildgemüses",4,"Bündel[p] frischen Wildgemüses",2,0,1,2,0,False,"Frisches Wildgemüse",25207,1,1,1,68388,3,0,0
2002352,"Säckchen[p] Schwächungspulver",4,"Säckchen[p] Schwächungspulver",1,0,1,2,0,False,"Schwächungspulver",21006,306,1,1,68388,0,0,0
2002353,"Catblepus-Auge",4,"Catblepus-Auge",1,0,1,2,0,False,"Catblepus-Auge",21274,0,1,1,68388,3,0,0
2002354,"Jhammel-Haut",3,"Jhammel-Häute",1,0,1,1,0,False,"Jhammel-Haut",22003,0,3,1,68390,0,0,0
2002355,"Blasrohr",4,"Blasrohre",2,0,1,2,0,False,"Blasrohr",21002,1,1,1,68392,3,0,0
2002356,"betäubt[a] Foper",4,"betäubt[a] Foper",2,0,1,0,0,False,"Betäubter Foper",59563,0,1,1,68392,0,0,0
2002357,"Stück[p] Greifenfleisch",4,"Stücke[p] Greifenfleisch",2,0,1,2,0,False,"Greifenfleisch",25159,0,3,1,68394,0,0,0
2002358,"Rhalgr-Tagetes",3,"Rhalgr-Tagetes",1,0,1,1,0,False,"Rhalgr-Tagetes",25028,0,3,1,68402,0,0,0
2002359,"Liebesbrief[p] von Kakalai",4,"Liebesbriefe[p] von Kakalai",2,0,1,0,0,False,"Liebesbrief von Kakalai",26174,0,1,1,68407,0,0,0
2002360,"Immertreu",4,"Immertreus",1,0,1,2,0,False,"Immertreu",25003,0,1,1,68407,0,0,0
2002361,"Schillerfasanenfeder",3,"Schillerfasanenfedern",1,0,1,1,0,False,"Schillerfasanenfeder",21904,0,4,1,68415,0,0,0
2002362,"Stück[p] Mammutfleisch",4,"Stücke[p] Mammutfleisch",2,0,1,2,0,False,"Mammutfleisch",25155,0,2,1,68319,0,0,0
2002363,"Brief[p] an Esugen",4,"Briefe[p] an Esugen",2,0,1,0,0,False,"Brief an Esugen",26173,0,1,1,68320,0,0,0
2002364,"Sonnenkuchen",4,"Sonnenkuchen",1,0,1,0,0,False,"Sonnenkuchen",24054,0,1,1,68321,0,0,0
2002365,"Schafknochen",4,"Schafknochen",1,0,1,0,0,False,"Schafknochen",22202,1,1,1,68321,3,0,0
2002366,"Stück[p] Bibao-Brust",4,"Stücke[p] Bibao-Brust",2,0,1,2,0,False,"Bibao-Brust",25151,0,1,1,68321,0,0,0
2002367,"klein[a] Ledersäckchen",4,"klein[a] Ledersäckchen",1,0,1,2,0,False,"Kleines Ledersäckchen",26110,0,1,1,68324,0,0,0
2002368,"garleisch[a] Truhe",3,"garleisch[a] Truhen",1,0,1,1,0,False,"Garleische Truhe",26516,0,1,1,68280,0,0,0
2002369,"Fläschchen[p] Wurmkraut-Sud",4,"Fläschchen[p] Wurmkraut-Sud",1,0,1,2,0,False,"Wurmkraut-Sud",20682,1,2,1,68411,3,0,0
2002370,"Fangseil",4,"Fangseile",2,0,1,2,0,False,"Fangseil",26103,1,2,1,68308,1,0,0
2002371,"Pfeilspitzenbeutel",4,"Pfeilspitzenbeutel",2,0,1,0,0,False,"Pfeilspitzenbeutel",26110,0,1,1,68335,0,0,0
2002372,"Stück[p] Baras-Fleisch",4,"Stücke[p] Baras-Fleisch",2,0,1,2,0,False,"Baras-Fleisch",25153,0,3,1,68331,0,0,0
2002373,"groß[a] Haufen[p] Baras-Fleisch",4,"groß[a] Haufen[p] Baras-Fleisch",1,0,1,0,0,False,"Großer Haufen Baras-Fleisch",25153,0,1,1,68331,0,0,0
2002374,"Kunstköder",4,"Kunstköder",2,0,1,0,0,False,"Kunstköder",27069,0,1,1,68256,0,0,0
2002375,"Nayoshis Angelrute[p] ",3,"Nayoshis Angelruten[p] ",1,0,0,1,1,False,"Nayoshis Angelrute",38202,0,1,1,68257,0,0,0
2002376,"Kadaver[p] des Igelbombers",4,"Kadaver[p] des Igelbombers",2,0,1,0,0,False,"Kadaver des Igelbombers",29046,1,1,1,68257,3,0,0
2002377,"fettig[a] Igelbomber-Kadaver",4,"fettig[a] Igelbomber-Kadaver",2,0,1,0,0,False,"Fettiger Igelbomber-Kadaver",29002,0,1,1,68258,0,0,0
2002378,"Kiste[p] mit Piratenböllern",3,"Kisten[p] mit Piratenböllern",1,0,1,1,0,False,"Piratenböller",26015,1,1,1,68259,3,0,0
2002379,"dick[a] Liebesbrief",4,"dick[a] Liebesbriefe",2,0,1,0,0,False,"Dicker Liebesbrief",26174,0,1,1,68482,0,0,0
2002380,"Kanne[p] frischer Schafsmilch",3,"Kannen[p] frischer Schafsmilch",1,0,1,1,0,False,"Frische Schafsmilch",24453,0,3,1,68318,0,0,0
2002381,"schwarz[a] Schriftrolle",3,"schwarz[a] Schriftrollen",1,0,1,1,0,False,"Schwarze Schriftrolle",26436,0,1,1,68485,0,0,0
2002382,"Kralle[p] eines Doma-Wiesels",3,"Krallen[p] eines Doma-Wiesels",1,0,1,1,0,False,"Kralle eines Doma-Wiesels",22302,0,1,1,68487,0,0,0
2002383,"Haufen[p] Gold",4,"Haufen[p] Gold",1,0,1,0,0,False,"Gold",25919,0,20,1,0,0,0,0
2002384,"Wilreds Schwert",4,"Wilreds Schwerter",2,0,0,2,1,False,"Wilreds Schwert",30416,0,1,1,68422,0,0,0
2002385,"Kanne[p] frischer Schafsmilch",3,"Kannen[p] frischer Schafsmilch",1,0,1,1,0,False,"Frische Schafsmilch",24453,0,99,1,0,0,0,0
2002386,"Äthergramm-Karte",3,"Äthergramm-Karten",1,0,1,1,0,False,"Äthergramm-Karte",26151,1,1,2,0,0,0,0
2002387,"unbeschädigt[a] Pfeil",4,"unbeschädigt[a] Pfeile",2,0,1,0,0,False,"Unbeschädigter Pfeil",27206,0,3,1,68489,0,0,0
2002388,"Stück[p] fettiges Gyuki-Fleisch",4,"Stücke[p] fettiges Gyuki-Fleisch",2,0,1,2,0,False,"Fettiges Gyuki-Fleisch",25153,0,8,1,68489,0,0,0
2002389,"geraubt[a] Opfergabe",3,"geraubt[a] Opfergaben",1,0,1,1,0,False,"Geraubte Opfergabe",23001,0,99,1,0,0,0,0
2002390,"frisch[a] Schellfisch",4,"frisch[a] Schellfische",2,0,1,0,0,False,"Frischer Schellfisch",29012,0,3,1,68495,0,0,0
2002391,"Chapuli-Horn",4,"Chapuli-Hörner",2,0,1,2,0,False,"Chapuli-Horn",22304,0,1,1,68490,0,0,0
2002392,"Hornraben-Kralle",3,"Hornraben-Krallen",1,0,1,1,0,False,"Hornraben-Kralle",22302,0,1,1,68490,0,0,0
2002393,"ziemlich schwer[a] Jutesack",4,"ziemlich schwer[a] Jutesäcke",2,0,1,0,0,False,"Ziemlich schwerer Jutesack",22634,0,1,1,68491,0,0,0
2002394,"Feuerwerkskörper[p] des Ewigen Sommers",4,"Feuerwerkskörper[p] des Ewigen Sommers",2,0,1,0,0,False,"Feuerwerkskörper des Ewigen Sommers",25907,1,1,1,68492,3,0,0
2002395,"Feuerwerkskörper[p] des Ewigen Sommers",4,"Feuerwerkskörper[p] des Ewigen Sommers",2,0,1,0,0,False,"Feuerwerkskörper des Ewigen Sommers",25907,1,3,1,68493,3,0,0
2002396,"Gegerujus Fernrohr",3,"Gegerujus Fernrohre",2,0,0,2,1,False,"Gegerujus Fernrohr",22623,0,1,1,68496,0,0,0
2002397,"Haufen[p] Strandmüll",4,"Haufen[p] Strandmüll",1,0,1,0,0,False,"Strandmüll",26110,0,99,1,0,0,0,0
2002398,"Brocken[p] goldener Sülze",4,"Brocken[p] goldener Sülze",1,0,1,0,0,False,"Goldene Sülze",27008,1843,2,1,68515,3,0,0
2002399,"makellos[a] Perle",3,"makellos[a] Perlen",1,0,1,1,0,False,"Makellose Perle",21287,0,3,1,68516,0,0,0
2002400,"Fläschchen[p] Sui no Mamizu",4,"Fläschchen[p] Sui no Mamizu",1,0,1,2,0,False,"Sui no Mamizu",22653,3140,1,1,68517,3,0,0
2002401,"Stück[p] Austernfleisch",4,"Stücke[p] Austernfleisch",2,0,1,2,0,False,"Austernfleisch",29001,1,2,1,68519,3,0,0
2002402,"glühend heiß[a] Panzer",4,"glühend heiß[a] Panzer",2,0,1,0,0,False,"Glühend heißer Panzer",22258,0,2,1,68519,0,0,0
2002403,"Stück[p] Gyuki-Fleisch",4,"Stücke[p] Gyuki-Fleisch",2,0,1,2,0,False,"Gyuki-Fleisch",25159,0,1,1,68522,0,0,0
2002404,"Topf[p] Lotion",2,"Töpfe[p] Lotion",2,0,1,0,0,False,"Lotion",25051,0,2,1,68523,0,0,0
2002405,"wasserdicht[a] Beutel",4,"wasserdicht[a] Beutel",2,0,1,0,0,False,"Wasserdichter Beutel",26111,1,1,1,68524,3,0,0
2002406,"duftend[a] Substanz",3,"duftend[a] Substanzen",1,0,1,1,0,False,"Duftende Substanz",26111,0,1,1,68524,0,0,0
2002407,"Empfehlungsschreiben[p] von Swyrgeim",4,"Empfehlungsschreiben[p] von Swyrgeim",1,0,1,2,0,False,"Empfehlungsschreiben von Swyrgeim",25918,0,1,1,68554,0,0,0
2002408,"fremdartig[a] Goldmünze",3,"fremdartig[a] Goldmünzen",1,0,1,1,0,False,"Fremdartige Goldmünze",26276,0,2,1,68528,0,0,0
2002409,"fremdartig[a] Silbermünze",3,"fremdartig[a] Silbermünzen",1,0,1,1,0,False,"Fremdartige Silbermünze",26275,0,4,1,68528,0,0,0
2002410,"Dörrfisch[p] aus Isari",4,"Dörrfische[p] aus Isari",2,0,1,0,0,False,"Dörrfisch aus Isari",24315,0,1,1,68529,0,0,0
2002411,"Fischkorb[p] aus Isari",4,"Fischkörbe[p] aus Isari",2,0,1,0,0,False,"Fischkorb aus Isari",22261,0,1,1,68529,0,0,0
2002412,"Holzeimer[p] aus Isari",4,"Holzeimer[p] aus Isari",2,0,1,0,0,False,"Holzeimer aus Isari",22637,0,1,1,68529,0,0,0
2002413,"Mondperle",3,"Mondperlen",1,0,1,1,0,False,"Mondperle",21266,0,3,1,68530,0,0,0
2002414,"Piratensprengstoff",4,"Piratensprengstoffe",2,0,1,0,0,False,"Piratensprengstoff",26015,1,1,1,68531,3,0,0
2002415,"Treibgut",4,"Treibgüter",2,0,1,2,0,False,"Treibgut",25919,0,3,1,68532,0,0,0
2002416,"Karaffe[p] Blutorangensaft",3,"Karaffen[p] Blutorangensaft",1,0,1,1,0,False,"Blutorangensaft",24401,0,1,1,68553,0,0,0
2002417,"Karaffe[p] Mandarinensaft",3,"Karaffen[p] Mandarinensaft",1,0,1,1,0,False,"Mandarinensaft",24401,0,1,1,68554,0,0,0
2002418,"verkrustet[a] Fundstück",4,"verkrustet[a] Fundstücke",2,0,1,2,0,False,"Verkrustetes Fundstück",25975,0,4,1,68533,0,0,0
2002419,"lebhaft[a] Rubingarnele",3,"lebhaft[a] Rubingarnelen",1,0,1,1,0,False,"Lebhafte Rubingarnele",29138,1,2,1,68534,3,0,0
2002420,"Portion[p] Tatsunoko-Kaviar",3,"Portionen[p] Tatsunoko-Kaviar",1,0,1,1,0,False,"Tatsunoko-Kaviar",27031,0,2,1,68534,0,0,0
2002421,"Flasche[p] Hingashi-Reiswein",3,"Flaschen[p] Hingashi-Reiswein",1,0,1,1,0,False,"Hingashi-Reiswein",25051,0,1,1,68534,0,0,0
2002422,"Granate[p] der Konföderation",3,"Granaten[p] der Konföderation",1,0,1,1,0,False,"Granate der Konföderation",26015,1276,3,1,68535,3,0,3
2002423,"groß[a] Koromo-Oktopus",3,"groß[a] Koromo-Oktopusse",2,0,1,0,0,False,"Großer Koromo-Oktopus",29023,0,1,1,68536,0,0,0
2002424,"bitter[a] Rochenpille",3,"bitter[a] Rochenpillen",1,0,1,1,0,False,"Bittere Rochenpille",27008,1843,3,1,68538,3,0,0
2002425,"Sarishas Brief[p]",4,"Sarishas Briefe[p]",2,0,0,0,1,False,"Sarishas Brief",26171,0,1,1,68572,0,0,0
2002426,"Topf[p] Kojin-Eingemachtes",2,"Töpfe[p] Kojin-Eingemachtes",2,0,1,0,0,False,"Kojin-Eingemachtes",25051,0,2,1,68520,0,0,0
2002427,"Qestir-Bogen",4,"Qestir-Bögen",1,0,1,0,0,False,"Qestir-Bogen",32202,0,1,1,68511,0,0,0
2002428,"fett[a] Gilbeutel",4,"fett[a] Gilbeutel",2,0,1,0,0,False,"Fetter Gilbeutel",26001,0,1,1,68516,0,0,0
2002429,"Granate[p] vom Typ XLII",3,"Granaten[p] vom Typ XLII",1,0,1,1,0,False,"Granate vom Typ XLII",26015,1276,1,1,68575,3,0,3
2002430,"Alpas Einladung",3,"Alpas Einladungen",1,0,0,1,1,False,"Alpas Einladung",26171,0,2,1,68577,0,0,0
2002431,"Orakelstein",4,"Orakelsteine",2,0,1,0,0,False,"Orakelstein",21451,0,3,1,68578,0,0,0
2002432,"Cermet-Panzerplatte",3,"Cermet-Panzerplatten",1,0,1,1,0,False,"Cermet-Panzerplatte",20954,0,3,1,68579,0,0,0
2002433,"Vitalelixir",4,"Vitalelixire",2,0,1,2,0,False,"Vitalelixir",20642,1,2,1,68581,3,0,0
2002434,"Moosling-Moosball",4,"Moosling-Moosbälle",1,0,1,0,0,False,"Moosling-Moosball",22801,0,2,1,68582,0,0,0
2002435,"Virdjala-Pilz",2,"Virdjala-Pilze",2,0,1,0,0,False,"Virdjala-Pilz",25408,0,3,1,68584,0,0,0
2002436,"Gazellenkeule",3,"Gazellenkeulen",1,0,1,1,0,False,"Gazellenkeule",25154,0,2,1,68585,0,0,0
2002437,"Beutel[p] mit stinkendem Signalpulver",4,"Beutel[p] mit stinkendem Signalpulver",2,0,1,0,0,False,"Stinkendes Signalpulver",25919,1,2,1,68586,3,0,0
2002438,"Phiole[p] blutroter Augentropfen",3,"Phiolen[p] blutroter Augentropfen",1,0,1,1,0,False,"Blutrote Augentropfen",20670,306,1,1,68592,1,0,0
2002439,"Fläschchen[p] gesegneten Salzwassers",4,"Fläschchen[p] gesegneten Salzwassers",1,0,1,2,0,False,"Gesegnetes Salzwasser",22614,1843,2,1,68593,1,0,0
2002440,"Bündel[p] Tierfutter",4,"Bündel[p] Tierfutter",2,0,1,2,0,False,"Tierfutter",25357,1,1,1,68594,3,0,0
2002441,"Kiste[p] donnernden Sprengstoff",3,"Kisten[p] donnernden Sprengstoff",1,0,1,1,0,False,"Donnernder Sprengstoff",26015,1,1,1,68595,1,0,0
2002442,"verdreckt[a] Bettlaken",4,"verdreckt[a] Bettlaken",1,0,1,2,0,False,"Verdrecktes Bettlaken",23155,0,1,1,68598,0,0,0
2002443,"schmutzig[a] Bettlaken",4,"schmutzig[a] Bettlaken",1,0,1,2,0,False,"Schmutziges Bettlaken",23152,0,1,1,68598,0,0,0
2002444,"befleckt[a] Bettlaken",4,"befleckt[a] Bettlaken",1,0,1,2,0,False,"Beflecktes Bettlaken",23158,0,1,1,68598,0,0,0
2002445,"sauber[a] Bettlaken",4,"sauber[a] Bettlaken",1,0,1,2,0,False,"Sauberes Bettlaken",23153,0,1,1,68598,0,0,0
2002446,"Stück[p] Gazellenfleisch",4,"Stücke[p] Gazellenfleisch",2,0,1,2,0,False,"Gazellenfleisch",25157,1,2,1,68599,3,0,0
2002447,"Klumpen[p] Sarcosuchus-Fett",4,"Klumpen[p] Sarcosuchus-Fett",1,0,1,0,0,False,"Sarcosuchus-Fett",22637,0,2,1,68599,0,0,0
2002448,"Molchschwanz-Blatt",4,"Molchschwanz-Blätter",2,0,1,2,0,False,"Molchschwanz-Blatt",25009,0,4,1,68600,0,0,0
2002449,"Töpfchen[p] Molchschwanz-Salbe",4,"Töpfchen[p] Molchschwanz-Salbe",1,0,1,2,0,False,"Molchschwanz-Salbe",22603,0,1,1,68600,0,0,0
2002450,"Phiole[p] Botanik-Wachstumsformel",3,"Phiolen[p] Botanik-Wachstumsformel",1,0,1,1,0,False,"Botanik-Wachstumsformel",22664,1,3,1,68601,3,0,0
2002451,"Nelken-Blütenblatt",4,"Nelken-Blütenblätter",2,0,1,2,0,False,"Nelken-Blütenblatt",25028,0,3,1,68601,0,0,0
2002452,"Nektarine",3,"Nektarinen",1,0,1,1,0,False,"Nektarine",26574,0,1,1,68833,0,0,0
2002453,"Töpfchen[p] Ananta-Heilsalbe",4,"Töpfchen[p] Ananta-Heilsalbe",1,0,1,2,0,False,"Ananta-Heilsalbe",22852,1,2,1,68603,3,0,0
2002454,"Tonsteinklumpen",4,"Tonsteinklumpen",1,0,1,0,0,False,"Tonsteinklumpen",21455,0,3,1,68604,0,0,0
2002455,"Bündel[p] Gagana-Federn",4,"Bündel[p] Gagana-Federn",2,0,1,2,0,False,"Gagana-Federn",26110,0,2,1,68605,0,0,0
2002456,"königlich[a] Coupon",4,"königlich[a] Coupons",2,0,1,0,0,False,"Königlicher Coupon",26173,0,2,1,68620,0,0,0
2002457,"Singdrossel-Fankleidungsset",4,"Singdrossel-Fankleidungssets",1,0,1,2,0,False,"Singdrossel-Fankleidungsset",26509,0,1,1,68620,0,0,0
2002458,"angelaufen[a] Halskette",3,"angelaufen[a] Halsketten",1,0,1,1,0,False,"Angelaufene Halskette",54919,0,1,1,68621,0,0,0
2002459,"Paar[p] abgenutzter Ohrringe",2,"Paar[p] abgenutzter Ohrringe",1,0,1,2,0,False,"Abgenutzte Ohrringe",55325,0,1,1,68621,0,0,0
2002460,"Paar[p] Magitek-Leuchtstäbe",4,"Paar[p] Magitek-Leuchtstäbe",2,0,1,2,0,False,"Magitek-Leuchtstäbe",21002,0,1,1,68620,0,0,0
2002461,"vergoldet[a] Saliah-Ei",4,"vergoldet[a] Saliah-Eier",2,0,1,2,0,False,"Vergoldetes Saliah-Ei",21310,1,1,1,68616,3,0,0
2002462,"funkelnd[a] Steinsplitter",4,"funkelnd[a] Steinsplitter",2,0,1,0,0,False,"Funkelnder Steinsplitter",26110,0,1,1,68615,0,0,0
2002463,"struppig[a] Haarbüschel",4,"struppig[a] Haarbüschel",2,0,1,2,0,False,"Struppiger Haarbüschel",26110,0,1,1,68615,0,0,0
2002464,"Korb[p] voller Saliah-Eier",4,"Körbe[p] voller Saliah-Eier",2,0,1,0,0,False,"Saliah-Eier",21308,0,1,1,68615,0,0,0
2002465,"Hiens Brief",3,"Hiens Briefe",2,0,0,0,1,False,"Hiens Brief",26439,0,1,1,68622,0,0,0
2002466,"Landschaftszeichnung",3,"Landschaftszeichnungen",1,0,1,1,0,False,"Landschaftszeichnung",25999,3140,1,1,68621,0,0,0
2002467,"",0,"",0,0,0,0,0,False,"",0,0,0,0,0,0,0,0
2002468,"",0,"",0,0,0,0,0,False,"",0,0,0,0,0,0,0,0
2002469,"",0,"",0,0,0,0,0,False,"",0,0,0,0,0,0,0,0
2002470,"Schatulle[p] der rinnenden Zeit",3,"Schatullen[p] der rinnenden Zeit",1,0,1,1,0,False,"Schatulle der rinnenden Zeit",26057,0,1,1,68552,0,0,0
2002471,"erschöpft[a] Namazuo",4,"erschöpft[a] Namazuos",1,0,1,0,0,False,"Erschöpfter Namazuo",25919,0,1,1,68632,0,0,0
2002472,"feierlich[a] Festtagsgewand",4,"feierlich[a] Festtagsgewänder",2,0,1,2,0,False,"Feierliches Festtagsgewand",25919,0,3,1,68634,0,0,0
2002473,"Gyoshin[p]-im-Sack",4,"Gyoshins[p]-im-Sack",1,0,1,0,0,False,"Gyoshin-im-Sack",25919,1,1,1,68635,3,0,0
2002474,"Gyoshin[p]-im-Sack",4,"Gyoshins[p]-im-Sack",1,0,1,0,0,False,"Gyoshin-im-Sack",25919,1,1,1,68637,3,0,0
2002475,"Bauholz",2,"Bauhölzer",2,0,1,2,0,False,"Bauholz",22410,0,1,1,68646,0,0,0
2002476,"groß[a] Dzo-Horn",4,"groß[a] Dzo-Hörner",2,0,1,2,0,False,"Großes Dzo-Horn",22211,0,1,1,68648,0,0,0
2002477,"Tasse[p] Mol-Bohnentee",3,"Tassen[p] Mol-Bohnentee",1,0,1,1,0,False,"Mol-Bohnentee",24408,0,1,1,68650,0,0,0
2002478,"Namazuo-Schlemmerfilet",4,"Namazuo-Schlemmerfilets",1,0,1,2,0,False,"Namazuo-Schlemmerfilet",25919,0,1,1,68658,0,0,0
2002479,"Geisterböller",4,"Geisterböller",2,0,1,0,0,False,"Geisterböller",23001,1,3,1,68663,3,0,0
2002480,"Eimer[p] köstliches Schlammwasser",4,"Eimer[p] köstliches Schlammwasser",2,0,1,0,0,False,"Köstliches Schlammwasser",22637,0,3,1,68666,0,0,0
2002481,"Geschenk[p] für die Uyagir",4,"Geschenke[p] für die Uyagir",2,0,1,2,0,False,"Geschenk für die Uyagir",25919,0,1,1,68644,0,0,0
2002482,"Wünschelmöhre",3,"Wünschelmöhren",1,0,1,1,0,False,"Wünschelmöhre",25207,3140,1,1,0,0,0,0
2002483,"Flasche[p] Lea Monde Valens",3,"Flaschen[p] Lea Monde Valens",1,0,1,1,0,False,"Lea Monde Valens",25057,0,1,1,68626,0,0,0
2002484,"makellos[a] Erdkristall",4,"makellos[a] Erdkristalle",2,0,1,0,0,False,"Makelloser Erdkristall",20012,1,1,1,67245,3,0,0
2002485,"makellos[a] Wasserkristall",4,"makellos[a] Wasserkristalle",2,0,1,0,0,False,"Makelloser Wasserkristall",20008,1,1,1,67245,3,0,0
2002486,"makellos[a] Feuerkristall",4,"makellos[a] Feuerkristalle",2,0,1,0,0,False,"Makelloser Feuerkristall",20007,1,1,1,67245,3,0,0
2002487,"makellos[a] Windkristall",4,"makellos[a] Windkristalle",2,0,1,0,0,False,"Makelloser Windkristall",20010,1,1,1,67245,3,0,0
2002488,"Handvoll[p] Granaten vom Typ XLII",3,"Handvoll[p] Granaten vom Typ XLII",1,0,1,1,0,False,"Granaten vom Typ XLII",26015,1276,1,1,68697,3,0,3
2002489,"",0,"",0,0,0,0,0,False,"",0,0,0,0,0,0,0,0
2002490,"",0,"",0,0,0,0,0,False,"",0,0,0,0,0,0,0,0
2002491,"",0,"",0,0,0,0,0,False,"",0,0,0,0,0,0,0,0
2002492,"",0,"",0,0,0,0,0,False,"",0,0,0,0,0,0,0,0
2002493,"rauchig[a] Rauchbombe",3,"rauchig[a] Rauchbomben",1,0,1,1,0,False,"Rauchige Rauchbombe",26015,1766,1,1,68707,5,0,4
2002494,"Dirigentenstab",4,"Dirigentenstäbe",2,0,1,0,0,False,"Dirigentenstab",21003,0,1,1,68709,0,0,0
2002495,"Stapel[p] Chorhemden",4,"Stapel[p] Chorhemden",2,0,1,0,0,False,"Chorhemden",21005,0,1,1,68709,0,0,0
2002496,"neunzüngig[a] Pfeife",3,"neunzüngig[a] Pfeifen",1,0,1,1,0,False,"Neunzüngige Pfeife",26039,1,1,1,68736,3,0,0
2002497,"Rätselblatt",2,"Rätselblätter",2,0,1,2,0,False,"Rätselblatt",26151,3140,1,1,68739,0,0,0
2002498,"hellblau[a] Saliah-Ei",4,"hellblau[a] Saliah-Eier",2,0,1,2,0,False,"Hellblaues Saliah-Ei",21309,0,1,1,68739,0,0,0
2002499,"Rätselblatt",2,"Rätselblätter",2,0,1,2,0,False,"Rätselblatt",26151,3140,1,1,68740,0,0,0
2002500,"bernsteinfarben[a] Saliah-Ei",4,"bernsteinfarben[a] Saliah-Eier",2,0,1,2,0,False,"Bernsteinfarbenes Saliah-Ei",21310,0,1,1,68740,0,0,0
2002501,"",0,"",0,0,0,0,0,False,"",0,0,0,0,0,0,0,0
2002502,"",0,"",0,0,0,0,0,False,"",0,0,0,0,0,0,0,0
2002503,"Exotenleder-Schatzkarte",3,"Exotenleder-Schatzkarten",1,0,1,1,0,False,"Exotenleder-Schatzkarte",26151,1,1,2,0,0,0,0
2002504,"exotisch[a] Äthergramm-Karte[p] I",3,"exotisch[a] Äthergramm-Karten[p] I",1,0,1,1,0,False,"Exotische Äthergramm-Karte I",26151,1,1,2,0,0,0,0
2002505,"Blumenkrone",3,"Blumenkronen",1,0,1,1,0,False,"Blumenkrone",41750,0,2,1,68744,0,0,0
2002506,"Blumenkrone",3,"Blumenkronen",1,0,1,1,0,False,"Blumenkrone",41750,0,1,1,68745,0,0,0
2002507,"Valention-Einladung",3,"Valention-Einladungen",1,0,1,1,0,False,"Valention-Einladung",26187,0,3,1,68741,0,0,0
2002508,"Flasche[p] Lea Monde Valens",3,"Flaschen[p] Lea Monde Valens",1,0,1,1,0,False,"Lea Monde Valens",25057,0,3,1,68726,0,0,0
2002509,"Stück[p] Päppelwurz",4,"Stücke[p] Päppelwurz",2,0,1,2,0,False,"Päppelwurz",25005,1,1,1,68754,0,0,0
2002510,"",0,"",0,0,0,0,0,False,"",0,0,0,0,0,0,0,0
2002511,"",0,"",0,0,0,0,0,False,"",0,0,0,0,0,0,0,0
2002512,"",0,"",0,0,0,0,0,False,"",0,0,0,0,0,0,0,0
2002513,"",0,"",0,0,0,0,0,False,"",0,0,0,0,0,0,0,0
2002514,"",0,"",0,0,0,0,0,False,"",0,0,0,0,0,0,0,0
2002515,"",0,"",0,0,0,0,0,False,"",0,0,0,0,0,0,0,0
2002516,"",0,"",0,0,0,0,0,False,"",0,0,0,0,0,0,0,0
2002517,"",0,"",0,0,0,0,0,False,"",0,0,0,0,0,0,0,0
2002518,"",0,"",0,0,0,0,0,False,"",0,0,0,0,0,0,0,0
2002519,"Phiole[p] mit Gegengift",3,"Phiolen[p] mit Gegengift",1,0,1,1,0,False,"Phiole mit Gegengift",20601,0,1,1,68980,0,0,0
2002520,"Rinde[p] des alten Baums",3,"Rinden[p] des alten Baums",1,0,1,1,0,False,"Rinde des alten Baums",25005,0,4,1,68976,0,0,0
2002521,"Fläschchen[p] mit kaltem Schwarztee",4,"Fläschchen[p] mit kaltem Schwarztee",1,0,1,2,0,False,"Kalter Schwarztee",20641,1,5,1,68979,3,0,0
2002522,"Teepilz",2,"Teepilze",2,0,1,0,0,False,"Teepilz",25406,0,5,1,68979,0,0,0
2002523,"bunt[a] Pyroxen",4,"bunt[a] Pyroxene",2,0,1,0,0,False,"Bunter Pyroxen",20220,0,5,1,68985,0,0,0
2002524,"Fläschchen[p] mit süßem Honig",4,"Fläschchen[p] mit süßem Honig",1,0,1,2,0,False,"Süßer Honig",20647,1,1,1,68986,3,0,0
2002525,"groß[a] Minzblatt",2,"groß[a] Minzblätter",2,0,1,2,0,False,"Großes Minzblatt",25026,0,2,1,68986,0,0,0
2002526,"neu[a] Kerze",3,"neu[a] Kerzen",1,0,1,1,0,False,"Neue Kerze",26102,1,3,1,68983,3,0,0
2002527,"Abschrift[p] „Über Crystarium“",3,"Abschriften[p] „Über Crystarium“",1,0,1,1,0,False,"Abschrift „Über Crystarium“",26572,0,1,1,68816,0,0,0
2002528,"Abschrift[p] „Über die Lichtflut“",3,"Abschriften[p] „Über die Lichtflut“",1,0,1,1,0,False,"Abschrift „Über die Lichtflut“",26572,0,1,1,68816,0,0,0
2002529,"Abschrift[p] „Über die Bewohner der ersten Splitterwelt“",3,"Abschriften[p] „Über die Bewohner der ersten Splitterwelt“",1,0,1,1,0,False,"Abschrift „Über die Bewohner der ersten Splitterwelt“",26572,0,1,1,68816,0,0,0
2002530,"Foliant[p] „Mythen und Legenden vom Orakel des Lichts“",6,"Folianten[p] „Mythen und Legenden vom Orakel des Lichts“",1,0,1,0,0,False,"„Mythen und Legenden vom Orakel des Lichts“",26002,0,1,1,68838,0,0,0
2002531,"Phiole[p] Prinzenkuss",3,"Phiolen[p] Prinzenkuss",1,0,1,1,0,False,"Phiole Prinzenkuss",20623,3140,1,1,68839,0,0,1
2002532,"Bündel[p] Spezialfutter",4,"Bündel[p] Spezialfutter",2,0,1,2,0,False,"Spezialfutter",27551,0,4,1,68841,0,0,0
2002533,"Find-dich-Farn",4,"Find-dich-Farne",2,0,1,0,0,False,"Find-dich-Farn",26575,0,1,1,68842,0,0,0
2002534,"Immergrün-Samen",4,"Immergrün-Samen",1,0,1,0,0,False,"Immergrün-Samen",27459,1,3,1,68843,3,0,0
2002535,"Glockennuss",3,"Glockennüsse",2,0,1,1,0,False,"Glockennuss",25318,0,2,1,68844,0,0,0
2002536,"Flasche[p] Spiegelwasser",3,"Flaschen[p] Spiegelwasser",1,0,1,1,0,False,"Spiegelwasser",22614,1,2,1,68845,3,0,0
2002537,"Moosfungus-Bein",4,"Moosfungus-Beine",2,0,1,2,0,False,"Moosfungus-Bein",22259,0,2,1,68850,0,0,0
2002538,"Phiole[p] unsichtbarer Magietinte",3,"Phiolen[p] unsichtbarer Magietinte",1,0,1,1,0,False,"Unsichtbare Magietinte",25923,0,6,1,68852,0,0,0
2002539,"Schwert[p] des Vaters",2,"Schwerter[p] des Vaters",2,0,1,2,0,False,"Schwert des Vaters",30428,0,1,1,68981,0,0,0
2002540,"Giftköder",4,"Giftköder",2,0,1,0,0,False,"Giftköder",29017,1,3,1,68982,3,0,0
2002541,"Bund[p] dravanischer Lilien",4,"Bünde[a] dravanischer Lilien",2,0,1,2,0,False,"Dravanische Lilien",25022,0,1,1,68749,0,0,0
2002542,"versiegelt[a] Brief[p] an Cassard",2,"versiegelt[a] Briefe[p] an Cassard",2,0,1,0,0,False,"Versiegelter Brief an Cassard",26171,0,1,1,68827,0,0,0
2002543,"Goldstück[p] aus Voeburt",2,"Goldstücke[p] aus Voeburt",2,0,1,2,0,False,"Goldstück aus Voeburt",26573,0,1,1,68828,0,0,0
2002544,"",0,"",0,0,1,0,0,False,"",26201,0,1,1,0,0,0,0
2002545,"Jadestein",4,"Jadesteine",2,0,1,0,0,False,"Jadestein",21295,0,1,1,68863,0,0,0
2002546,"blau leuchtend[a] Kerze",3,"blau leuchtend[a] Kerzen",1,0,1,1,0,False,"Blau leuchtende Kerze",26102,1,1,1,68864,3,0,0
2002547,"Rauchbombe",3,"Rauchbomben",1,0,1,1,0,False,"Rauchbombe",26015,1,2,1,68865,3,0,0
2002548,"groß[a] Jutesack",4,"groß[a] Jutesäcke",2,0,1,0,0,False,"Großer Jutesack",26110,1,2,1,68865,3,0,0
2002549,"brummend[a] Jutesack",4,"brummend[a] Jutesäcke",2,0,1,0,0,False,"Brummender Jutesack",25919,0,2,1,68865,0,0,0
2002550,"Ronka-Medaillon",4,"Ronka-Medaillons",1,0,1,2,0,False,"Ronka-Medaillon",26576,0,1,1,68868,0,0,0
2002551,"Gespräch[p] „Über den Lichtbringer von Rak'tika“",4,"Gespräche[p] „Über den Lichtbringer von Rak'tika“",2,0,1,2,0,False,"„Über den Lichtbringer von Rak'tika“",26572,0,1,1,68870,0,0,0
2002552,"Tontafel",3,"Tontafeln",1,0,1,1,0,False,"Tontafel",26201,1,4,1,68871,3,1,1
2002553,"Fläschchen[p] mit Gegengift",4,"Fläschchen[p] mit Gegengift",1,0,1,2,0,False,"Fläschchen mit Gegengift",20604,1,1,1,68874,3,0,0
2002554,"Ätherlicht",3,"Ätherlichter",2,0,1,2,0,False,"Ätherlicht",25911,3140,1,1,68875,0,0,0
2002555,"Zweig[p] Elfendill",4,"Zweige[p] Elfendill",2,0,1,0,0,False,"Elfendill",25009,0,2,1,69144,0,0,0
2002556,"Gespräch[p] „Über die Seilbahn“",4,"Gespräche[p] „Über die Seilbahn“",2,0,1,2,0,False,"„Über die Seilbahn“",26572,0,1,1,69146,0,0,0
2002557,"Gespräch[p] „Über die Bergbahn“",4,"Gespräche[p] „Über die Bergbahn“",2,0,1,2,0,False,"„Über die Bergbahn“",26572,0,1,1,69146,0,0,0
2002558,"Gespräch[p] „Über das Luftschiff“",4,"Gespräche[p] „Über das Luftschiff“",2,0,1,2,0,False,"„Über das Luftschiff“",26572,0,1,1,69146,0,0,0
2002559,"Werkzeugkoffer[p] für Schienenarbeiten",4,"Werkzeugkoffer[p] für Schienenarbeiten",2,0,1,0,0,False,"Werkzeugkoffer für Schienenarbeiten",21003,3140,1,1,69149,0,0,0
2002560,"Beutel[p] Steinsplitter",4,"Beutel[p] Steinsplitter",2,0,1,0,0,False,"Steinsplitter",26110,0,3,1,69150,0,0,0
2002561,"Voeburter Mark",3,"Voeburter Mark",1,0,1,1,0,False,"Voeburter Mark",26573,0,1,1,69152,0,0,0
2002562,"Rauchbeutel",4,"Rauchbeutel",2,0,1,0,0,False,"Rauchbeutel",26110,1,3,1,69153,3,0,0
2002563,"funkelnd[a] Gesteinsbrocken",4,"funkelnd[a] Gesteinsbrocken",1,0,1,0,0,False,"Funkelnder Gesteinsbrocken",21452,0,7,1,69153,0,0,0
2002564,"",0,"",0,0,0,0,0,False,"",0,0,0,0,0,0,0,0
2002565,"Löwenauge",4,"Löwenaugen",1,0,1,2,0,False,"Löwenauge",21452,0,1,1,69154,0,0,0
2002566,"Säckchen[p] Entprojizierungspulver",4,"Säckchen[p] Entprojizierungspulver",1,0,1,2,0,False,"Entprojizierungspulver",22623,1,1,1,68774,3,0,0
2002567,"riesig[a] Stoßzahn",4,"riesig[a] Stoßzähne",2,0,1,0,0,False,"Riesiger Stoßzahn",22303,0,1,1,68978,0,0,0
2002568,"Veilchen",4,"Veilchen",1,0,1,2,0,False,"Veilchen",25520,1,4,1,68996,3,0,0
2002569,"Säckchen[p] Wahrsicht-Sporen",4,"Säckchen[p] Wahrsicht-Sporen",1,0,1,2,0,False,"Wahrsicht-Sporen",25919,1,1,1,68784,3,0,0
2002570,"Rückenfilet[p] einer Blauantilopenkuh",4,"Rückenfilets[p] einer Blauantilopenkuh",1,0,1,2,0,False,"Rückenfilet einer Blauantilopenkuh",25159,1,2,1,68997,0,0,0
2002571,"Fläschchen[p] Wüstenluchs-Blut",4,"Fläschchen[p] Wüstenluchs-Blut",1,0,1,2,0,False,"Wüstenluchs-Blut",20641,0,1,1,68997,0,0,0
2002572,"Insektenkiste",3,"Insektenkiste",1,0,1,1,0,False,"Insektenkiste",26544,1,1,1,68847,1,0,0
2002573,"gefangen[a] Mosaikjungfer",3,"gefangen[a] Mosaikjungfern",1,0,1,1,0,False,"Gefangene Mosaikjungfer",26544,0,1,1,68847,0,0,0
2002574,"Schale[p] Seenland-Thymian",3,"Schalen[p] Seenland-Thymian",1,0,1,1,0,False,"Seenland-Thymian",25020,0,1,1,68819,0,0,0
2002575,"stark[a] Duftwasser",4,"stark[a] Duftwässer",2,0,1,2,0,False,"Starkes Duftwasser",20624,3140,1,1,68822,3,0,0
2002576,"Notiz[p] der Sängerin",3,"Notizen[p] der Sängerin",2,0,1,1,0,False,"Notiz der Sängerin",26189,0,1,1,68825,0,0,0
2002577,"Portion[p] Meol",3,"Portionen[p] Meol",1,0,1,1,0,False,"Portion Meol",26110,0,1,1,68825,0,0,0
2002578,"golden[a] Orden",4,"golden[a] Orden",1,0,1,0,0,False,"Goldener Orden",26573,0,1,1,68855,0,0,0
2002579,"anonym[a] Brief",4,"anonym[a] Brief",2,0,1,0,0,False,"Anonymer Brief",25918,0,1,1,68757,0,0,0
2002580,"Phiole[p] Spinnengift",3,"Phiolen[p] Spinnengift",1,0,1,1,0,False,"Spinnengift",20626,812,1,1,69008,1,0,0
2002581,"Flasche[p] Seenlandfeuer",3,"Flaschen[p] Seenlandfeuer",1,0,1,1,0,False,"Seenlandfeuer",25106,0,1,1,68881,0,0,0
2002582,"exotisch[a] riechend[a] Jutesack",4,"exotisch[a] riechend[a] Jutesäcke",2,0,1,0,0,False,"Exotisch riechender Jutesack",27501,0,1,1,68882,0,0,0
2002583,"Jutesack[p] mit Gemüseresten",0,"Jutesäcke[p] mit Gemüseresten",0,0,1,0,0,False,"Jutesack mit Gemüseresten",26110,0,1,1,68882,0,0,0
2002584,"antik[a] Ring",4,"antik[a] Ringe",2,0,1,0,0,False,"Antiker Ring",54401,0,1,1,68911,0,0,0
2002585,"alt[a] Zierschild",4,"alt[a] Zierschilder",2,0,1,0,0,False,"Alter Zierschild",30034,0,1,1,68913,0,0,0
2002586,"rissig[a] Mordh-Statuette",3,"rissig[a] Mordh-Statuetten",1,0,1,1,0,False,"Rissige Mordh-Statuette",25316,0,1,1,68913,0,0,0
2002587,"Flugblatt",2,"Flugblätter",2,0,1,2,0,False,"Flugblatt",26179,0,1,1,68879,0,0,0
2002588,"Glas[p] purpurnen Feenblütennektars",2,"Gläser[p] purpurnen Feenblütennektars",2,0,1,2,0,False,"Purpurner Feenblütennektar",24403,0,1,1,68879,0,0,0
2002589,"Bündel[p] Feenblütenblätter",4,"Bündel[p] Feenblütenblätter",2,0,1,2,0,False,"Feenblütenblätter",25026,0,1,1,68879,0,0,0
2002590,"Crystarium-Wegweiser",4,"Crystarium-Wegweiser",2,0,1,0,0,False,"Crystarium-Wegweiser",26179,0,1,1,68880,0,0,0
2002591,"Beutel mit Krümelresten",4,"Beutel mit Krümelresten",2,0,1,0,0,False,"Beutel mit Krümelresten",27459,0,1,1,68936,0,0,0
2002592,"Bild[p] „Plenum der Pflanzen“",2,"Bilder[p] „Plenum der Pflanzen“",2,0,1,2,0,False,"Plenum der Pflanzen",25999,3140,1,1,68937,0,0,0
2002593,"Bild[p] „Die alte Pflanze und der See“",2,"Bilder[p] „Die alte Pflanze und der See“",2,0,1,2,0,False,"Die alte Pflanze und der See",25999,3140,1,1,68937,0,0,0
2002594,"Grätenleiter",3,"Grätenleitern",1,0,1,1,0,False,"Grätenleiter",22303,0,1,1,69115,0,0,0
2002595,"Muschelbeißerkrebs",2,"Muschelbeißerkrebse",2,0,1,0,0,False,"Muschelbeißerkrebs",29110,1,1,1,69117,1,0,0
2002596,"Krebssuppe",3,"Krebssuppen",1,0,1,1,0,False,"Krebssuppe",24105,0,1,1,69117,0,0,0
2002597,"Eisenschuppen-Mantaleder",4,"Eisenschuppen-Mantaleder",2,0,1,2,0,False,"Eisenschuppen-Mantaleder",21822,0,1,1,69122,0,0,0
2002598,"Kiste[p] mit Ondo-Kleidung",3,"Kisten[p] mit Ondo-Kleidung",1,0,1,1,0,False,"Ondo-Kleidung",21003,0,1,1,69122,0,0,0
2002599,"versiegelt[a] Brief",4,"versiegelt[a] Briefe",2,0,1,0,0,False,"Versiegelter Brief",25918,0,3,1,69055,0,0,0
2002600,"Notiz[p] über einen Voeburt-Kuchen",3,"Notizen[p] über einen Voeburt-Kuchen",1,0,1,1,0,False,"Notiz über einen Voeburt-Kuchen",26572,0,1,1,69056,0,0,0
2002601,"Notiz[p] über eine Empfehlung",3,"Notizen[p] über eine Empfehlung",1,0,1,1,0,False,"Notiz über eine Empfehlung",26572,0,1,1,69056,0,0,0
2002602,"Notiz[p] über eine Kholusia-Fischsuppe",3,"Notizen[p] über eine Kholusia-Fischsuppe",1,0,1,1,0,False,"Notiz über eine Kholusia-Fischsuppe",26572,0,1,1,69056,0,0,0
2002603,"alt[a] Schiffsplanke",3,"alt[a] Schiffsplanken",1,0,1,1,0,False,"Alte Schiffsplanke",22453,0,4,1,69059,0,0,0
2002604,"alt[a] Ring",4,"alt[a] Ringe",2,0,1,0,0,False,"Alter Ring",54407,0,1,1,69059,0,0,0
2002605,"Diadem[p] mit Wappen",4,"Diademe[p] mit Wappen",2,0,1,2,0,False,"Diadem mit Wappen",40789,0,1,1,69060,0,0,0
2002606,"Halskette[p] mit Namensinschrift",3,"Halsketten[p] mit Namensinschrift",1,0,1,1,0,False,"Halskette mit Namensinschrift",54928,0,1,1,69060,0,0,0
2002607,"Amethyst-Ring",4,"Amethyst-Ringe",2,0,1,0,0,False,"Amethyst-Ring",54624,0,1,1,69060,0,0,0
2002608,"Flakon[p] Schweinel Nº 5",4,"Flakons[p] Schweinel Nº 5",1,0,1,0,0,False,"Schweinel Nº 5",20701,3140,1,1,68944,1,0,0
2002609,"Beutel[p] Traumstaub",4,"Beutel[p] Traumstaub",2,0,1,0,0,False,"Traumstaub",21006,1,3,1,69168,0,0,0
2002610,"Beutel[p] Traumstaub",4,"Beutel[p] Traumstaub",2,0,1,0,0,False,"Traumstaub",21006,1,3,1,69175,0,0,1
2002611,"Spitzhacke[p] der Tholls",3,"Spitzhacken[p] der Tholls",1,0,1,1,0,False,"Spitzhacke der Tholls",38019,0,15,1,69176,0,0,0
2002612,"magisch[a] Behältnis",9,"magisch[a] Behältnisse",2,0,1,2,0,False,"Magisches Behältnis",21263,1,1,1,69128,3,0,0
2002613,"Ätherseil",4,"Ätherseile",2,0,1,2,0,False,"Ätherseil",21663,1,1,1,69130,1,0,0
2002614,"gefangen[a] Kubus",3,"gefangen[a] Kuben",1,0,1,0,0,False,"Gefangener Kubus",25979,0,1,1,69130,0,0,0
2002615,"Kanne[p] mit Schafsmilch",3,"Kannen[p] mit Schafsmilch",1,0,1,1,0,False,"Kanne mit Schafsmilch",24453,0,1,1,68932,0,0,0
2002616,"stabil[a] Seefarnseil",4,"stabil[a] Seefarnseile",2,0,1,2,0,False,"Stabiles Seefarnseil",26103,1,3,1,69113,1,0,0
2002617,"Tiertransportkiste",3,"Tiertransportkisten",1,0,1,1,0,False,"Tiertransportkiste",26108,0,3,1,69113,0,0,0
2002618,"bestellt[a] Ware",3,"bestellt[a] Waren[p]",1,0,1,1,0,False,"Bestellte Waren",26108,0,3,1,68829,0,0,0
2002619,"Kiste[p] Sprengstoff",3,"Kisten[p] Sprengstoff",1,0,1,1,0,False,"Sprengstoff",26015,1276,1,1,68897,3,0,3
2002620,"Staubwürmchen",4,"Staubwürmchen",1,0,1,2,0,False,"Staubwürmchen",27032,0,4,1,68897,0,0,0
2002621,"Stück[p] Fleisch eines jungen Riesenkaktors",4,"Stücke[p] Fleisch eines jungen Riesenkaktors",2,0,1,2,0,False,"Fleisch eines jungen Riesenkaktors",25156,0,1,1,68898,0,0,0
2002622,"Beutel[p] Staubwurmpulver",4,"Beutel[p] Staubwurmpulver",2,0,1,0,0,False,"Staubwurmpulver",25977,3140,1,1,68899,1,0,0
2002623,"Brief[p] an Thaymoth",4,"Briefe[p] an Thaymoth",2,0,1,0,0,False,"Brief an Thaymoth",26171,0,1,1,68899,0,0,0
2002624,"Brief[p] an Ghin Gin",4,"Briefe[p] an Ghin Gin",2,0,1,0,0,False,"Brief an Ghin Gin",26173,0,1,1,68900,0,0,0
2002625,"übermäßig schwer[a] Paket",4,"übermäßig schwer[a] Pakete",2,0,1,2,0,False,"Übermäßig schweres Paket",23001,0,1,1,68902,0,0,0
2002626,"bronzen[a] Probennehmer",4,"bronzen[a] Probennehmer",2,0,1,0,0,False,"Bronzener Probennehmer",27602,1,1,1,68903,10,0,0
2002627,"Pflanzenwasser",4,"Pflanzenwässer",2,0,1,2,0,False,"Pflanzenwasser",27602,0,1,1,68903,0,0,0
2002628,"Stapel[p] Kupo-Jagdlizenzen der Klasse 1",4,"Stapel[p] Kupo-Jagdlizenzen der Klasse 1",2,0,1,0,0,False,"Kupo-Jagdlizenzen der Klasse 1",26568,1,1,4,0,0,0,0
2002629,"Stapel[p] Kupo-Jagdlizenzen der Klasse 2",4,"Stapel[p] Kupo-Jagdlizenzen der Klasse 2",2,0,1,0,0,False,"Kupo-Jagdlizenzen der Klasse 2",26569,1,1,4,0,0,0,0
2002630,"Stapel[p] Kupo-Jagdlizenzen der Klasse 3",4,"Stapel[p] Kupo-Jagdlizenzen der Klasse 3",2,0,1,0,0,False,"Kupo-Jagdlizenzen der Klasse 3",26570,1,1,4,0,0,0,0
2002631,"Kupo-Hochwild-Jagdlizenz",3,"Kupo-Hochwild-Jagdlizenzen",1,0,1,1,0,False,"Kupo-Hochwild-Jagdlizenz",26571,1,1,4,0,0,0,0
2002632,"Taubmoos",2,"Taubmoose",2,0,1,2,0,False,"Taubmoos",25919,0,3,1,68748,0,0,0
2002633,"Notiz[p] über Bauholz",3,"Notizen[p] über Bauholz",1,0,1,1,0,False,"Notiz über Bauholz",26572,0,1,1,69169,0,0,0
2002634,"Notiz[p] über Bauholz",3,"Notizen[p] über Bauholz",1,0,1,1,0,False,"Notiz über Bauholz",26572,0,1,1,69169,0,0,0
2002635,"Notiz[p] über Bauholz",3,"Notizen[p] über Bauholz",1,0,1,1,0,False,"Notiz über Bauholz",26572,0,1,1,69169,0,0,0
2002636,"sich ringelnd[a] Schlingpflanze",3,"sich ringelnd[a] Schlingpflanzen",1,0,1,1,0,False,"Sich ringelnde Schlingpflanze",25038,0,4,1,68934,0,0,0
2002637,"Rotblume",3,"Rotblumen",1,0,1,1,0,False,"Rotblume",25991,1,3,1,68934,3,0,0
2002638,"Fernglas",2,"Ferngläser",2,0,1,2,0,False,"Fernglas",26316,0,1,1,68938,0,0,0
2002639,"schwarz[a] Schriftrolle",3,"schwarz[a] Schriftrollen",1,0,1,1,0,False,"Schwarze Schriftrolle",26436,0,1,1,68755,0,0,0
2002640,"Beutel[p] mit Pilzsporen",4,"Beutel[p] mit Pilzsporen",2,0,1,0,0,False,"Beutel mit Pilzsporen",25978,0,5,1,68945,0,0,0
2002641,"Beutel[p] mit Blumensamen",4,"Beutel[p] mit Blumensamen",2,0,1,0,0,False,"Blumensamen",27454,0,6,1,68945,0,0,0
2002642,"Blume[p] in voller Blüte",3,"Blumen[p] in voller Blüte",1,0,1,1,0,False,"Blume in voller Blüte",25519,0,3,1,68949,0,0,0
2002643,"Blume[p] in voller Blüte",3,"Blumen[p] in voller Blüte",1,0,1,1,0,False,"Blume in voller Blüte",25525,0,1,1,0,0,0,0
2002644,"Blume[p] in voller Blüte",3,"Blumen[p] in voller Blüte",1,0,1,1,0,False,"Blume in voller Blüte",25523,0,1,1,0,0,0,0
2002645,"handschriftlich[a] Notiz",4,"handschriftlich[a] Notizen",1,0,1,1,0,False,"Handschriftliche Notiz",26173,0,2,1,68950,0,0,0
2002646,"glattpoliert[a] Schwert",4,"glattpoliert[a] Schwerter",1,0,1,2,0,False,"Glattpoliertes Schwert",30420,1,1,1,68951,1,0,0
2002647,"Stück[p] Bernsteinleguan-Fleisch",4,"Stücke[p] Bernsteinleguan-Fleisch",2,0,1,2,0,False,"Bernsteinleguan-Fleisch",25155,0,2,1,69022,0,0,0
2002648,"Beutel[p] Stinkepulver",4,"Beutel[p] Stinkepulver",2,0,1,0,0,False,"Stinkepulver",25919,0,1,1,69022,0,0,0
2002649,"Wasserflasche",3,"Wasserflaschen",1,0,1,1,0,False,"Wasserflasche",27602,0,1,1,69024,0,0,0
2002650,"abgenutzt[a] Spaten",4,"abgenutzt[a] Spaten",1,0,1,0,0,False,"Abgenutzter Spaten",21003,1,1,1,69025,3,0,0
2002651,"verrottet[a] Holzkiste",3,"verrottet[a] Holzkisten",1,0,1,1,0,False,"Verrottete Holzkiste",21002,0,1,1,69025,0,0,0
2002652,"funkelnd[a] Edelstein",4,"funkelnd[a] Edelsteine",2,0,1,0,0,False,"Funkelnder Edelstein",21210,0,1,1,69026,0,0,0
2002653,"Flasche[p] mit säuerlicher Flüssigkeit",3,"Flaschen[p] mit säuerlicher Flüssigkeit",1,0,1,1,0,False,"Säuerliche Flüssigkeit",20645,812,1,1,69027,1,0,0
2002654,"Quiexie",3,"Quiexie",1,0,0,1,1,False,"Quiexie",26110,0,1,1,68944,0,0,0
2002655,"Spezial-Pilzsauté",4,"Spezial-Pilzsauté",1,0,1,2,0,False,"Spezial-Pilzsauté",24105,1,1,1,68946,3,0,0
2002656,"Phookah-Blut",4,"Phookah-Blut",1,0,1,2,0,False,"Phookah-Blut",22601,0,1,1,68947,0,0,0
2002657,"Undinen-Seelenstein",4,"Undinen-Seelensteine",1,0,1,0,0,False,"Undinen-Seelenstein",20008,0,1,1,68947,0,0,0
2002658,"Samiadenfaden",4,"Samiadenfäden",1,0,1,0,0,False,"Samiadenfaden",21664,0,1,1,68947,0,0,0
2002659,"Bein[p] eines Moosfungus",4,"Beine[p] eines Moosfungus",2,0,1,2,0,False,"Bein eines Moosfungus",22259,0,1,1,68952,0,0,0
2002660,"Stachel[p] eines Hexenkrauts",4,"Stachel[p] eines Hexenkrauts",2,0,1,0,0,False,"Stachel eines Hexenkrauts",22301,0,1,1,68952,0,0,0
2002661,"groß[a] Leinensack",4,"groß[a] Leinensäcke",2,0,1,0,0,False,"Großer Leinensack",21610,1,1,1,68953,1,0,0
2002662,"Echevore[p] im Leinensack",8,"Echevoren[p] im Leinensack",1,0,1,0,0,False,"Echevore im Leinensack",26110,0,1,1,68953,0,0,0
2002663,"Smilodonleder-Schatzkarte",3,"Smilodonleder-Schatzkarten",1,0,1,1,0,False,"Smilodonleder-Schatzkarte",26151,1,1,2,0,0,0,0
2002664,"Glaucusleder-Schatzkarte",3,"Glaucusleder-Schatzkarten",1,0,1,1,0,False,"Glaucusleder-Schatzkarte",26151,1,1,2,0,0,0,0
2002665,"Äthergramm-Karte[p] IV",3,"Äthergramm-Karten[p] IV",1,0,1,1,0,False,"Äthergramm-Karte IV",26151,1,1,2,0,0,0,0
2002666,"Ampulle",3,"Ampullen",1,0,1,1,0,False,"Ampulle",26107,0,1,1,0,0,0,0
2002667,"Ampulle[p] scharlachroten Gifts",3,"Ampullen[p] scharlachroten Gifts",1,0,1,1,0,False,"Scharlachrotes Gift",27607,0,1,1,68994,0,0,0
2002668,"Sibilus-Sehne",3,"Sibilus-Sehnen",1,0,1,1,0,False,"Sibilus-Sehne",21005,1,1,1,69160,0,0,0
2002669,"zerbrochen[a] Angelrute",3,"zerbrochen[a] Angelruten",1,0,1,1,0,False,"Zerbrochene Angelrute",38201,0,1,1,68885,0,0,0
2002670,"alt[a] Halskette",3,"alt[a] Halsketten",1,0,1,1,0,False,"Alte Halskette",54831,0,1,1,68885,0,0,0
2002671,"zerkratzt[a] Ring",4,"zerkratzt[a] Ringe",2,0,1,0,0,False,"Zerkratzter Ring",54401,0,1,1,68885,0,0,0
2002672,"groß[a] Granitmuschel",3,"groß[a] Granitmuscheln",1,0,1,1,0,False,"Große Granitmuschel",29031,0,1,1,68887,0,0,0
2002673,"Mithril-Messer",4,"Mithril-Messer",2,0,1,2,0,False,"Mithril-Messer",30362,1,1,1,69185,3,0,0
2002674,"Kopie[p] der Wandmalereien",3,"Kopien[p] der Wandmalereien",1,0,1,1,0,False,"Kopie der Wandmalereien",26572,3140,1,1,69185,0,0,0
2002675,"Grenoldts Lampe",3,"Grenoldts Lampen",1,0,0,1,1,False,"Grenoldts Lampe",26577,0,1,1,69187,0,0,0
2002676,"Dokument[p] aus dem Büro des Administrators",4,"Dokumente[p] aus dem Büro des Administrators",2,0,1,2,0,False,"Dokument aus dem Büro des Administrators",26178,0,1,1,69189,0,0,0
2002677,"Besucherkarte",3,"Besucherkarten",1,0,1,1,0,False,"Besucherkarte",26176,0,1,1,69189,0,0,0
2002678,"kräftig[a] Seil",4,"kräftig[a] Seile",2,0,1,2,0,False,"Kräftiges Seil",26103,1,1,1,68888,1,0,0
2002679,"groß[a] Leinensack",4,"groß[a] Leinensäcke",2,0,1,0,0,False,"Großer Leinensack",21610,0,1,1,68888,0,0,0
2002680,"gefangen[a] Tragopan",4,"gefangen[a] Tragopane",2,0,1,0,0,False,"Gefangener Tragopan",26110,0,1,1,68888,0,0,0
2002681,"Bündel[p] Kholusia-Salbei",4,"Bündel[p] Kholusia-Salbei",2,0,1,2,0,False,"Kholusia-Salbei",25009,0,2,1,68889,0,0,0
2002682,"Duftbeutel[p] mit Kholusia-Salbei",4,"Duftbeutel[p] mit Kholusia-Salbei",2,0,1,0,0,False,"Duftbeutel mit Kholusia-Salbei",26110,1,1,1,68889,1,0,0
2002683,"Kupfermesser",4,"Kupfermesser",2,0,1,2,0,False,"Kupfermesser",35751,1,1,1,68890,3,0,0
2002684,"Stück[p] trockene Baumrinde",4,"Stücke[p] trockene Baumrinde",2,0,1,2,0,False,"Trockene Baumrinde",22634,0,3,1,68890,0,0,0
2002685,"Beutel[p] mit Magentabletten",4,"Beutel[p] mit Magentabletten",2,0,1,0,0,False,"Magentabletten",22623,0,1,1,68890,0,0,0
2002686,"Ähre[p] goldgelber Gerste",3,"Ähren[p] goldgelber Gerste",1,0,1,1,0,False,"Goldgelbe Gerste",25357,0,3,1,68895,0,0,0
2002687,"Flasche[p] Werfting-Bräu",3,"Flaschen[p] Werfting-Bräu",1,0,1,1,0,False,"Werfting-Bräu",25057,0,1,1,68895,0,0,0
2002688,"Beutel[p] glutrotes Pulver",4,"Beutel[p] glutrotes Pulver",2,0,1,0,0,False,"Glutrotes Pulver",22636,1,6,1,68896,1,0,0
2002689,"schön[a] Blume",3,"schön[a] Blumen",1,0,1,1,0,False,"Schöne Blume",25561,0,3,1,68909,0,0,0
2002690,"Brennstoff[p] für Arbeitsgeister",4,"Brennstoffe[p] für Arbeitsgeister",2,0,1,0,0,False,"Brennstoff für Arbeitsgeister",21462,1,1,1,69093,3,0,0
2002691,"alt[a] Wasserbeutel",4,"alt[a] Wasserbeutel",2,0,1,0,0,False,"Alter Wasserbeutel",26110,0,1,1,68965,0,0,0
2002692,"Brocken[p] Naturphosphat",4,"Brocken[p] Naturphosphate",1,0,1,0,0,False,"Naturphosphat",21453,0,1,1,69096,0,0,0
2002693,"köstlich[a] Köder",4,"köstlich[a] Köder",2,0,1,0,0,False,"Köstlicher Köder",26110,1,1,1,69074,3,0,0
2002694,"nass[a] Sack",4,"nass[a] Säcke",2,0,1,0,0,False,"Nasser Sack",25356,0,3,1,69075,0,0,0
2002695,"ungenutzt[a] Bauholzstapel",4,"ungenutzt[a] Bauholzstapel",2,0,1,0,0,False,"Ungenutzter Bauholzstapel",22408,0,4,1,69076,0,0,0
2002696,"Entschuldigungsbrief",4,"Entschuldigungsbriefe",2,0,1,0,0,False,"Entschuldigungsbrief",26171,0,1,1,69077,0,0,0
2002697,"Gratgleiterflügel",4,"Gratgleiterflügel",2,0,1,0,0,False,"Gratgleiterflügel",21954,0,3,1,69078,0,0,0
2002698,"Huldu-Steinherz",7,"Huldu-Steinherzen",1,0,1,2,0,False,"Huldu-Steinherz",21231,0,3,1,69082,0,0,0
2002699,"versiegelt[a] Brief[p] an Szem Djenmai",2,"versiegelt[a] Briefe[p] an Szem Djenmai",2,0,1,0,0,False,"Versiegelter Brief an Szem Djenmai",25918,0,1,1,68818,0,0,0
2002700,"Dokument[p] A38 zur Registrierung als Arbeitender Eulmores",2,"Dokumente[p] A38 zur Registierung als Arbeitender Eulmores",2,0,1,2,0,False,"Dokument A38 zur Registrierung als Arbeitender Eulmores",26176,0,1,1,68822,0,0,0
2002701,"Watts' Hammer",3,"Watts' Hammer",2,0,0,0,1,False,"Watts' Hammer",35133,0,1,1,69092,0,0,0
2002702,"seltsam[a] magisch[a] Gegenstand",4,"seltsam[a] magisch[a] Gegenstände",2,0,1,0,0,False,"Seltsamer magischer Gegenstand",27616,0,1,1,69194,0,0,0
2002703,"unheilvoll[a] Schriftstück",4,"unheilvoll[a] Schriftstücke",2,0,1,2,0,False,"Unheilvolles Schriftstück",26193,0,1,1,69195,0,0,0
2002704,"Erdfüßler",4,"Erdfüßler",2,0,1,0,0,False,"Erdfüßler",27004,0,1,1,69083,0,0,0
2002705,"groß[a] Jutesack",4,"groß[a] Jutesäcke",2,0,1,0,0,False,"Großer Jutesack",21610,0,1,1,69083,0,0,0
2002706,"Sack[p] mit dem Klippenmull",4,"Säcke[p] mit den Klippenmulls",2,0,1,0,0,False,"Sack mit dem Klippenmull",26110,0,1,1,69083,0,0,0
2002707,"hochenergetisch[a] Brikett",4,"hochenergetisch[a] Briketts",1,0,1,2,0,False,"Hochenergetisches Brikett",21462,1,1,1,69084,1,0,0
2002708,"experimentell[a] Eisenbartkern",4,"experimentell[a] Eisenbartkerne",2,0,1,0,0,False,"Experimenteller Eisenbartkern",21469,0,1,1,69084,0,0,0
2002709,"Spezialsprengstoff",4,"Spezialsprengstoffe",2,0,1,0,0,False,"Spezialsprengstoff",26015,1276,1,1,69085,3,0,3
2002710,"funkelnd[a] Erzbrocken",4,"funkelnd[a] Erzbrocken",1,0,1,0,0,False,"Funkelnder Erzbrocken",21202,0,3,1,69085,0,0,0
2002711,"algenüberwuchert[a] Stein",4,"algenüberwuchert[a] Steine",2,0,1,0,0,False,"Algenüberwucherter Stein",21451,0,3,1,69087,0,0,0
2002712,"Fallendraht",4,"Fallendrähte",2,0,1,0,0,False,"Fallendraht",20901,1,2,1,69089,1,0,0
2002713,"Beutel[p] mit Gulg-Klopfer",4,"Beutel[p] mit Gulg-Klopfer",2,0,1,0,0,False,"Beutel mit Gulg-Klopfer",26110,0,2,1,69089,0,0,0
2002714,"",0,"",0,0,0,0,0,False,"",0,0,0,0,0,0,0,0
2002715,"",0,"",0,0,0,0,0,False,"",0,0,0,0,0,0,0,0
2002716,"Stück[p] Echsenfleisch",4,"Stücke[p] Echsenfleisch",2,0,1,2,0,False,"Echsenfleisch",25157,0,1,1,69027,0,0,0
2002717,"Cassards Einkaufsliste",3,"Cassards Einkaufslisten",2,0,0,1,1,False,"Cassards Einkaufsliste",26151,3140,1,1,68829,0,0,0
2002718,"Stück[p] rohen Leguanfleisches",4,"Stücke[p] rohen Leguanfleisches",2,0,1,2,0,False,"Rohes Leguanfleisch",25152,1,1,1,68809,3,0,0
2002719,"Portion[p] Baumharz",3,"Portionen[p] Baumharz",1,0,1,1,0,False,"Baumharz",22642,0,3,1,68941,0,0,0
2002720,"farbenfroh[a] Blume",3,"farbenfroh[a] Blumen",1,0,1,1,0,False,"Farbenfrohe Blume",25558,0,3,1,68942,0,0,0
2002721,"krakelig[a] Brief",4,"krakelig[a] Briefe",2,0,1,0,0,False,"Krakeliger Brief",26192,0,1,1,69032,0,0,0
2002722,"Geröllhauser-Seelenstein",4,"Geröllhauser-Seelensteine",2,0,1,0,0,False,"Geröllhauser-Seelenstein",21453,0,1,1,69032,0,0,0
2002723,"Flasche[p] Crystarium-Bräu",3,"Flaschen[p] Crystarium-Bräu",1,0,1,1,0,False,"Crystarium-Bräu",26514,0,1,1,69032,0,0,0
2002724,"Prospektionslaterne",3,"Prospektionslaternen",1,0,1,1,0,False,"Prospektionslaterne",51333,3140,1,1,69033,1,0,0
2002725,"Schwarzlicht-Rohedelstein",4,"Schwarzlicht-Rohedelsteine",2,0,1,0,0,False,"Schwarzlicht-Rohedelstein",21452,0,1,1,69033,0,0,0
2002726,"Beutel[p] voller rostiger Münzen",4,"Beutel[p] voller rostiger Münzen",2,0,1,0,0,False,"Rostige Münzen",25919,0,1,1,69040,0,0,0
2002727,"Ronso-Geschirrset",4,"Ronso-Geschirrsets",1,0,1,2,0,False,"Ronso-Geschirrset",26548,0,1,1,69040,0,0,0
2002728,"antik[a] Truhe",3,"antik[a] Truhen",1,0,1,1,0,False,"Antike Truhe",21003,0,1,1,69040,0,0,0
2002729,"schmal[a] Messer",4,"schmal[a] Messer",2,0,1,2,0,False,"Schmales Messer",35754,1,1,1,69041,3,0,0
2002730,"Felsenwurm",4,"Felsenwürmer",2,0,1,0,0,False,"Felsenwurm",27016,0,2,1,69041,0,0,0
2002731,"gestreift[a] Edelstein",4,"gestreift[a] Edelsteine",2,0,1,0,0,False,"Gestreifter Edelstein",21327,0,1,1,69045,0,0,0
2002732,"ausgegraben[a] Schmuckkiste",3,"ausgegraben[a] Schmuckkisten",1,0,1,1,0,False,"Ausgegrabene Schmuckkiste",25916,0,1,1,69046,0,0,0
2002733,"Katzenaugen-Amulett",4,"Katzenaugen-Amulette",2,0,1,2,0,False,"Katzenaugen-Amulett",26112,0,1,1,69047,0,0,0
2002734,"Krug[p] Lampenöl",4,"Krüge[p] Lampenöl",2,0,1,0,0,False,"Krug Lampenöl",22636,1,4,1,69048,3,0,0
2002735,"verziert[a] Holzhorn",4,"verziert[a] Holzhörner",2,0,1,2,0,False,"Verziertes Holzhorn",26038,0,1,1,69050,0,0,0
2002736,"unbeschädigt[a] Talosziegel",4,"unbeschädigt[a] Talosziegel",2,0,1,0,0,False,"Unbeschädigter Talosziegel",26108,0,1,1,69066,0,0,0
2002737,"beschädigt[a] Talosziegel",4,"beschädigt[a] Talosziegel",2,0,1,0,0,False,"Beschädigter Talosziegel",26108,0,2,1,69066,0,0,0
2002738,"Werkzeug[p] der Steinhauerei",4,"Werkzeuge[p] der Steinhauerei",2,0,1,2,0,False,"Werkzeug der Steinhauerei",35315,1,1,1,69066,3,0,0
2002739,"Eisenschnabel-Feder",3,"Eisenschnabel-Federn",1,0,1,1,0,False,"Eisenschnabel-Feder",21903,0,1,1,69043,0,0,0
2002740,"Beutel[p] für den Kaktor-Händler",4,"Beutel[p] für den Kaktor-Händler",2,0,1,0,0,False,"Beutel für den Kaktor-Händler",25919,0,1,1,69030,0,0,0
2002741,"Raupen-Kaktor",4,"Raupen-Kaktor",3,0,1,0,0,False,"Raupen-Kaktor",25978,0,1,1,69030,0,0,0
2002742,"Klumpen[p] Dornenmull-Fett",4,"Klumpen[p] Dornenmull-Fette",1,0,1,0,0,False,"Dornenmull-Fett",22609,0,1,1,69034,0,0,0
2002743,"Tiegel[p] Achsen-Schmierfett",4,"Tiegel[p] Achsen-Schmierfett",2,0,1,0,0,False,"Achsen-Schmierfett",27605,1,1,1,69034,5,0,0
2002744,"Blauantilopenhaxe",3,"Blauantilopenhaxen",1,0,1,1,0,False,"Blauantilopenhaxe",25153,0,3,1,69016,0,0,0
2002745,"Lebenspilz",2,"Lebenspilze",2,0,1,0,0,False,"Lebenspilz",25405,0,3,1,69016,0,0,0
2002746,"Myniri-Leber",3,"Myniri-Lebern",1,0,1,1,0,False,"Myniri-Leber",29002,0,1,1,69125,0,0,0
2002747,"rosarot[a] Muschelschale",3,"rosarot[a] Muschelschalen",1,0,1,1,0,False,"Rosarote Muschelschale",22254,0,1,1,69126,0,0,0
2002748,"Seeanemonen-Tentakel",4,"Seeanemonen-Tentakel",2,0,1,0,0,False,"Tentakel einer Seeanemone",21662,0,3,1,69127,0,0,0
2002749,"speziell gefertigt[a] Geburtsseil",4,"speziell gefertigt[a] Geburtsseile",2,0,1,2,0,False,"Speziell gefertigtes Geburtsseil",21672,0,1,1,69127,0,0,0
2002750,"gefüllt[a] Wasserbeutel",4,"gefüllt[a] Wasserbeutel",2,0,1,0,0,False,"Gefüllter Wasserbeutel",26110,0,1,1,68965,0,0,0
2002751,"Feenlaterne",3,"Feenlaternen",1,0,1,1,0,False,"Feenlaterne",22618,0,1,1,68966,0,0,0
2002752,"Anhänger[p] aus Bergziegenhorn",4,"Anhänger[p] aus Bergziegenhorn",2,0,1,0,0,False,"Anhänger aus Bergziegenhorn",54969,0,1,1,68915,0,0,0
2002753,"Geschenk[p] der Händler",4,"Geschenke[p] der Händler",2,0,1,2,0,False,"Geschenk der Händler",23001,0,1,1,69100,0,0,0
2002754,"Geschenk[p] der Gärtner",4,"Geschenke[p] der Gärtner",2,0,1,2,0,False,"Geschenk der Gärtner",23001,0,1,1,69100,0,0,0
2002755,"Geschenk[p] der Obstbauern",4,"Geschenke[p] der Obstbauern",2,0,1,2,0,False,"Geschenk der Obstbauern",23001,0,1,1,69100,0,0,0
2002756,"Phiole[p] erquickenden Tonikums",3,"Phiolen[p] erquickenden Tonikums",1,0,1,1,0,False,"Erquickendes Tonikum",20685,3140,2,1,69101,0,0,1
2002757,"Räucherkugel",3,"Räucherkugeln",1,0,1,1,0,False,"Räucherkugel",26015,1276,3,1,69051,3,0,4
2002758,"belegt[a] Brot",4,"belegt[a] Brote",2,0,1,2,0,False,"Belegtes Brot",24009,0,1,1,69103,0,0,0
2002759,"Portion[p] Schattenpfeffer",3,"Portionen[p] Schattenpfeffer",1,0,1,1,0,False,"Schattenpfeffer",25007,1,99,1,0,0,0,0
2002760,"Portion[p] hochwertigen Schattenpfeffers",3,"Portionen[p] hochwertigen Schattenpfeffers",1,0,1,1,0,False,"Hochwertiger Schattenpfeffer",21458,1,99,1,0,0,0,0
2002761,"Bündel[p] Kholusia-Salbei",4,"Bündel[p] Kholusia-Salbei",2,0,1,2,0,False,"Kholusia-Salbei",25579,1,99,1,0,0,0,0
2002762,"Bündel[p] Kholusia-Altholz",4,"Bündel[p] Kholusia-Altholz",2,0,1,2,0,False,"Kholusia-Altholz",22457,1,99,1,0,0,0,0
2002763,"Bündel[p] gutes Kholusia-Altholz",4,"Bündel[p] gutes Kholusia-Altholz",2,0,1,2,0,False,"Gutes Kholusia-Altholz",22464,1,99,1,0,0,0,0
2002764,"Portion[p] Schneewollbaumharz",3,"Portionen[p] Schneewollbaumharz",1,0,1,1,0,False,"Schneewollbaumharz",22637,1,99,1,0,0,0,0
2002765,"Portion[p] reines Schneewollbaumharz",3,"Portionen[p] reines Schneewollbaumharz",1,0,1,1,0,False,"Reines Schneewollbaumharz",22636,1,99,1,0,0,0,0
2002766,"Bündel[p] Schwemmholz",4,"Bündel[p] Schwemmholz",2,0,1,2,0,False,"Schwemmholz",22402,1,99,1,0,0,0,0
2002767,"Feensamen",4,"Feensamen",1,0,1,0,0,False,"Feensamen",27459,1,99,1,0,0,0,0
2002768,"Büschel[p] Yx'Lokwas Tränen",4,"Büschel[p] Yx'Lokwas Tränen",2,0,1,2,0,False,"Yx'Lokwas Tränen",25002,1,99,1,0,0,0,0
2002769,"duftend[a] Büschel[p] Yx'Lokwas Tränen",4,"duftend[a] Büschel[p] Yx'Lokwas Tränen",2,0,1,2,0,False,"Yx'Lokwas duftende Tränen",25578,1,99,1,0,0,0,0
2002770,"Aloe Ronka",3,"Aloe Ronka",1,0,1,1,0,False,"Aloe Ronka",22652,1,99,1,0,0,0,0
2002771,"Traumalge",3,"Traumalgen",1,0,1,1,0,False,"Traumalge",25225,1,99,1,0,0,0,0
2002772,"hochwertig[a] Traumalge",3,"hochwertig[a] Traumalgen",1,0,1,1,0,False,"Hochwertige Traumalge",25217,1,99,1,0,0,0,0
2002773,"Bündel[p] altes Holz aus Amh Araeng",4,"Bündel[p] altes Holz aus Amh Araeng",2,0,1,2,0,False,"Altes Holz aus Amh Araeng",22414,1,99,1,0,0,0,0
2002774,"Handvoll[p] Ölsamen",3,"Handvoll[p] Ölsamen",1,0,1,1,0,False,"Ölsamen",27451,1,99,1,0,0,0,0
2002775,"Mordh-Schwanz",2,"Mordh-Schwänze",2,0,1,0,0,False,"Mordh-Schwanz",25031,1,99,1,0,0,0,0
2002776,"unversehrt[a] Mordh-Schwanz",2,"unversehrt[a] Mordh-Schwänze",2,0,1,0,0,False,"Unversehrter Mordh-Schwanz",25028,1,99,1,0,0,0,0
2002777,"Seenland-Eichenholzscheit",4,"Seenland-Eichenholzscheite",2,0,1,0,0,False,"Seenland-Eichenholz",22401,1,99,1,0,0,0,0
2002778,"hochwertig[a] Seenland-Eichenholzscheit",4,"hochwertig[a] Seenland-Eichenholzscheite",2,0,1,0,0,False,"Hochwertiges Seenland-Eichenholz",22409,1,99,1,0,0,0,0
2002779,"Stängel[p] Elfenkraut",4,"Stängel[p] Elfenkraut",2,0,1,0,0,False,"Elfenkraut",25224,1,99,1,0,0,0,0
2002780,"Wassergras-Spross",2,"Wassergras-Sprossen",1,0,1,0,0,False,"Wassergras-Spross",25225,1,99,1,0,0,0,0
2002781,"jung[a] Wassergras-Spross",2,"jung[a] Wassergras-Sprossen",1,0,1,0,0,False,"Junger Wassergras-Spross",25217,1,99,1,0,0,0,0
2002782,"Roh-Callais",3,"Roh-Callais",1,0,1,0,0,False,"Roh-Callais",21224,1,99,1,0,0,0,0
2002783,"groß[a] Roh-Callais",3,"groß[a] Roh-Callais",1,0,1,0,0,False,"Großer Roh-Callais",21228,1,99,1,0,0,0,0
2002784,"Kholusia-Gesteinsprobe",3,"Kholusia-Gesteinsproben",1,0,1,1,0,False,"Kholusia-Gesteinsprobe",21455,1,99,1,0,0,0,0
2002785,"Kholusia-Eisenerzklumpen",4,"Kholusia-Eisenerzklumpen",1,0,1,0,0,False,"Kholusia-Eisenerzklumpen",21202,1,99,1,0,0,0,0
2002786,"hochwertig[a] Kholusia-Eisenerzklumpen",4,"hochwertig[a] Kholusia-Eisenerzklumpen",1,0,1,0,0,False,"Hochwertiger Kholusia-Eisenerzklumpen",21205,1,99,1,0,0,0,0
2002787,"Voeburt-Mauerstein",4,"Voeburt-Mauersteine",2,0,1,0,0,False,"Voeburt-Mauerstein",21251,1,99,1,0,0,0,0
2002788,"fest[a] Voeburt-Mauerstein",4,"fest[a] Voeburt-Mauersteine",2,0,1,0,0,False,"Fester Voeburt-Mauerstein",21470,1,99,1,0,0,0,0
2002789,"rosarot[a] Roh-Saphir",4,"rosarot[a] Roh-Saphire",2,0,1,0,0,False,"Rosaroter Roh-Saphir",21225,1,99,1,0,0,0,0
2002790,"Il Mheg-Kristallscherbe",3,"Il Mheg-Kristallscherben",1,0,1,1,0,False,"Il Mheg-Kristallscherbe",21291,1,99,1,0,0,0,0
2002791,"Handvoll[p] kontaminierter Kies",3,"Handvoll[p] kontaminierter Kies",1,0,1,1,0,False,"Kontaminierter Kies",21456,1,99,1,0,0,0,0
2002792,"Handvoll[p] stark kontaminierter Kies",3,"Handvoll[p] stark kontaminierter Kies",1,0,1,1,0,False,"Stark kontaminierter Kies",21461,1,99,1,0,0,0,0
2002793,"Rak'tika-Jadestein",4,"Rak'tika-Jadesteine",2,0,1,0,0,False,"Rak'tika-Jadestein",21252,1,99,1,0,0,0,0
2002794,"Klumpen[p] Aquaserpentin",4,"Klumpen[p] Aquaserpentin",1,0,1,0,0,False,"Aquaserpentin",21217,1,99,1,0,0,0,0
2002795,"Klumpen[p] reines Aquaserpentin",4,"Klumpen[p] reines Aquaserpentin",1,0,1,0,0,False,"Reines Aquaserpentin",21223,1,99,1,0,0,0,0
2002796,"Klumpen[p] Purifit",4,"Klumpen[p] Purifit",1,0,1,0,0,False,"Purifit",21201,1,99,1,0,0,0,0
2002797,"Roh-Nabaathrit",4,"Roh-Nabaathrite",2,0,1,0,0,False,"Roh-Nabaathrit",21208,1,99,1,0,0,0,0
2002798,"Talos-Teil",4,"Talos-Teile",2,0,1,0,0,False,"Talos-Teil",20912,1,99,1,0,0,0,0
2002799,"neuwertig[a] Talos-Teil",4,"neuwertig[a] Talos-Teile",2,0,1,0,0,False,"Neuwertiges Talos-Teil",20915,1,99,1,0,0,0,0
2002800,"Seenland-Baustoff",4,"Seenland-Baustoffe",2,0,1,0,0,False,"Seenland-Baustoff",21453,1,99,1,0,0,0,0
2002801,"fein[a] Seenland-Baustoff",4,"fein[a] Seenland-Baustoffe",2,0,1,0,0,False,"Feiner Seenland-Baustoff",21454,1,99,1,0,0,0,0
2002802,"Roh-Prasiolith",4,"Roh-Prasiolithe",2,0,1,0,0,False,"Roh-Prasiolith",21207,1,99,1,0,0,0,0
2002803,"Quellsee-Kristallscherbe",3,"Quellsee-Kristallscherben",1,0,1,1,0,False,"Quellsee-Kristallscherbe",20026,1,99,1,0,0,0,0
2002804,"Quellsee-Kristall",4,"Quellsee-Kristalle",2,0,1,0,0,False,"Quellsee-Kristall",20022,1,99,1,0,0,0,0
2002805,"Magmablüte",3,"Magmablüten",1,0,1,1,0,False,"Magmablüte",26110,0,4,1,69097,0,0,0
2002806,"Leguan-Schwanz",2,"Leguan-Schwänze",2,0,1,0,0,False,"Leguan-Schwanz",25038,0,2,1,69098,0,0,0
2002807,"Fass[p] junges Zwergenbräu",2,"Fässer[p] junges Zwergenbräu",2,0,1,2,0,False,"Junges Zwergenbräu",26547,0,1,1,69098,0,0,0
2002808,"Wanderstock",4,"Wanderstöcke",2,0,1,0,0,False,"Wanderstock",32609,0,1,1,69105,0,0,0
2002809,"Protokollheft",3,"Protokollhefte",2,0,1,2,0,False,"Protokollheft",26002,0,1,1,69105,0,0,0
2002810,"Beutel[p] mit Proben",4,"Beutel[p] mit Proben",2,0,1,0,0,False,"Beutel mit Proben",26110,0,1,1,69105,0,0,0
2002811,"verrostet[a] Eisenkette",3,"verrostet[a] Eisenketten",1,0,1,1,0,False,"Verrostete Eisenkette",20921,0,1,1,69106,0,0,0
2002812,"Krikelkrakelstein",4,"Krikelkrakelsteine",2,0,1,0,0,False,"Krikelkrakelstein",26201,0,1,1,69106,0,0,0
2002813,"klein[a] Schlüssel",3,"klein[a] Schlüssel",2,0,1,0,0,False,"Kleiner Schlüssel",25904,0,1,1,69106,0,0,0
2002814,"Bestellschein[p] der Wachmannschaft",4,"Bestellscheine[p] der Wachmannschaft",2,0,1,0,0,False,"Bestellschein der Wachmannschaft",25918,0,3,1,69107,0,0,0
2002815,"Grantel-Dörrfisch",4,"Grantel-Dörrfische",2,0,1,0,0,False,"Grantel-Dörrfisch",24315,0,1,1,69107,0,0,0
2002816,"Flasche[p] mit Fischöl",3,"Flaschen[p] mit Fischöl",1,0,1,1,0,False,"Flasche mit Fischöl",27608,0,1,1,69110,0,0,0
2002817,"Beutel[p] mit Regenwürmern",4,"Beutel[p] mit Regenwürmern",2,0,1,0,0,False,"Beutel mit Regenwürmern",26110,0,1,1,69110,0,0,0
2002818,"modrig[a] Holzkiste",3,"modrig[a] Holzkisten",1,0,1,1,0,False,"Modrige Holzkiste",21003,0,1,1,69108,0,0,0
2002819,"Topf[p] Goldblumennektar",4,"Töpfe[p] Goldblumennektar",2,0,1,0,0,False,"Goldblumennektar",22642,0,99,1,0,0,0,0
2002820,"Scherbe[p] eines Giftgefäßes",3,"Scherben[p] eines Giftgefäßes",1,0,1,1,0,False,"Scherbe eines Giftgefäßes",25975,0,99,1,0,0,0,0
2002821,"Ronka-Relikt",4,"Ronka-Relikte",2,0,1,2,0,False,"Ronka-Relikt",21205,0,99,1,0,0,0,0
2002822,"Tarichuk-Feder",3,"Tarichuk-Federn",1,0,1,1,0,False,"Tarichuk-Feder",21902,0,99,1,0,0,0,0
2002823,"Blutkoralle",3,"Blutkorallen",1,0,1,1,0,False,"Blutkoralle",22207,0,99,1,0,0,0,0
2002824,"Tempest-Perle",3,"Tempest-Perlen",1,0,1,1,0,False,"Tempest-Perle",21287,0,99,1,0,0,0,0
2002825,"Holzkiste[p] mit Nachschubgütern",3,"Holzkisten[p] mit Nachschubgütern",1,0,1,1,0,False,"Holzkiste mit Nachschubgütern",21003,0,1,1,68923,0,0,0
2002826,"Anemonensamen",4,"Anemonensamen",1,0,1,0,0,False,"Anemonensamen",25302,0,3,1,68924,0,0,0
2002827,"würzig[a] Ale",4,"würzig[a] Ale",1,0,1,2,0,False,"Würziges Ale",20601,0,4,1,68925,0,0,0
2002828,"Haufen[p] Waffen der Stadtwache",4,"Haufen[p] Waffen der Stadtwache",1,0,1,0,0,False,"Waffen der Stadtwache",30436,0,1,1,68926,0,0,0
2002829,"Glühwein[p] aus der Region",4,"Glühweine[p] aus der Region",1,0,1,0,0,False,"Glühwein aus der Region",53039,0,2,1,68927,0,0,0
2002830,"ledern[a] Transportbeutel",4,"ledern[a] Transportbeutel",2,0,1,0,0,False,"Lederner Transportbeutel",26110,0,1,1,68972,0,0,0
2002831,"Reparaturmörtel",4,"Reparaturmörtel",1,0,1,0,0,False,"Reparaturmörtel",21003,1,4,1,68920,3,0,0
2002832,"Heilmittel[p] der Stadtwache",4,"Heilmittel[p] der Stadtwache",2,0,1,2,0,False,"Heilmittel der Stadtwache",26110,1,1,1,68921,3,0,0
2002833,"Bestellformular[p] für Nachschubgüter",4,"Bestellformulare[p] für Nachschubgüter",2,0,1,2,0,False,"Bestellformular",26183,0,1,1,68922,0,0,0
2002834,"Orange[p] aus Kholusia",3,"Orangen[p] aus Kholusia",1,0,1,1,0,False,"Orange aus Kholusia",25312,0,1,1,69121,0,0,0
2002835,"frisch[a] Fang",4,"frisch[a] Fänge",2,0,1,0,0,False,"Frischer Fang",29034,0,1,1,69114,0,0,0
2002836,"Krebsköder",4,"Krebsköder",2,0,1,0,0,False,"Krebsköder",26110,1,1,1,69118,3,0,0
2002837,"Sack[p] Ondo-Ritualsand",4,"Säcke[p] Ondo-Ritualsand",2,0,1,0,0,False,"Ondo-Ritualsand",21266,813,1,1,69118,1,0,0
2002838,"Amphisbaena-Schuppe",3,"Amphisbaena-Schuppen",1,0,1,1,0,False,"Amphisbaena-Schuppe",22262,0,1,1,69118,0,0,0
2002839,"Schatz[p] der Tiefe",2,"Schätze[p] der Tiefe",2,0,1,0,0,False,"Schatz der Tiefe",26316,0,4,1,69120,0,0,0
2002840,"Ronka-Steintafel",3,"Ronka-Steintafeln",1,0,1,1,0,False,"Ronka-Steintafel",26201,0,1,1,69018,0,0,0
2002841,"Anemonen-Kadaver",4,"Anemonen-Kadaver",2,0,1,0,0,False,"Anemonen-Kadaver",26111,0,1,1,0,0,0,0
2002842,"zurückgelassen[a] Papier",4,"zurückgelassen[a] Papiere",1,0,1,2,0,False,"Zurückgelassenes Papier",26110,0,1,1,69196,0,0,0
2002843,"zurückgelassen[a] Angelrute",3,"zurückgelassen[a] Angelruten",1,0,1,1,0,False,"Zurückgelassene Angelrute",25919,0,1,1,69196,0,0,0
2002844,"zurückgelassen[a] Flasche",3,"zurückgelassen[a] Flaschen",1,0,1,1,0,False,"Zurückgelassene Flasche",25930,0,1,1,69196,0,0,0
2002845,"Brief[p] in einer kleinen Flasche",4,"Briefe[p] in einer kleinen Flasche",2,0,1,0,0,False,"Brief in einer kleinen Flasche",25930,0,1,1,69197,0,0,0
2002846,"beschrieben[a] Tontafel",3,"beschrieben[a] Tontafeln",1,0,1,1,0,False,"Beschriebene Tontafel",26201,0,4,1,68871,0,0,0
2002847,"rätselhaft[a] Brief",4,"rätselhaft[a] Briefe",2,0,1,0,0,False,"Rätselhafter Brief",26151,0,1,1,69196,0,0,0
2002848,"liebevoll verschnürt[a] Päckchen",4,"liebevoll verschnürt[a] Päckchen",1,0,1,2,0,False,"Liebevoll verschnürtes Päckchen",23001,0,1,1,68916,0,0,0
2002849,"Portion[p] hausgemachter Brotzeit",3,"Portionen[p] hausgemachter Brotzeit",1,0,1,1,0,False,"Hausgemachte Brotzeit",24009,0,4,1,68916,0,0,0
2002850,"schlicht[a] Pfeife",3,"schlicht[a] Pfeifen",2,0,1,1,0,False,"Schlichte Pfeife",26039,3140,1,1,68918,0,0,0
2002851,"Wurzel[p] voller Triffiden-Saft",3,"Wurzeln[p] voller Triffiden-Saft",1,0,1,1,0,False,"Triffiden-Saft",25005,0,1,1,68919,0,0,0
2002852,"Bündel[p] geschlagenes Holz",4,"Bündel[p] geschlagenes Holz",2,0,1,2,0,False,"Geschlagenes Holz",22453,0,99,1,0,0,0,0
2002853,"Gulg-Prisma",4,"Gulg-Prismen",1,0,1,2,0,False,"Gulg-Prisma",21212,0,99,1,0,0,0,0
2002854,"Hirtenstab",4,"Hirtenstäbe",2,0,1,0,0,False,"Hirtenstab",32609,0,1,1,68917,0,0,0
2002855,"duftend[a] Pixie-Schatz",2,"duftend[a] Pixie-Schätze",2,0,1,0,0,False,"Duftender Pixie-Schatz",25569,0,2,1,68967,0,0,0
2002856,"Anemonen-Kadaver",4,"Anemonen-Kadaver",2,0,1,0,0,False,"Anemonen-Kadaver",26110,0,1,1,68988,0,0,0
2002857,"klein[a] Harpune",3,"klein[a] Harpunen",1,0,1,1,0,False,"Kleine Harpune",30391,0,1,1,69111,0,0,0
2002858,"Samiadenbein",2,"Samiadenbeine",1,0,1,2,0,False,"Samiadenbein",22260,0,2,1,68929,0,0,0
2002859,"nagelneu[a] Holzkiste",3,"nagelneu[a] Holzkisten",1,0,1,1,0,False,"Nagelneue Holzkiste",52546,0,1,1,68990,0,0,0
2002860,"vollgeschrieben[a] Notizblock",4,"vollgeschrieben[a] Notizblöcke",2,0,1,0,0,False,"Vollgeschriebener Notizblock",26161,0,1,1,68991,0,0,0
2002861,"Bündel[p] dekorierter Pfeile",4,"Bündel[p] dekorierter Pfeile",2,0,1,2,0,False,"Dekorierte Pfeile",27212,0,4,1,68999,0,0,0
2002862,"weich[a] Wolltuch",4,"weich[a] Wolltücher",2,0,1,2,0,False,"Weiches Wolltuch",23253,0,1,1,69004,0,0,0
2002863,"Flasche[p] reinen Wassers",3,"Flaschen[p] reinen Wassers",1,0,1,1,0,False,"Reines Wasser",20681,0,1,1,69004,0,0,0
2002864,"geschnitzt[a] Holz-Ohrring",4,"geschnitzt[a] Holz-Ohrringe",2,0,1,0,0,False,"Geschnitzter Holz-Ohrring",55395,0,1,1,69001,0,0,0
2002865,"Ronka-Lilie",3,"Ronka-Lilie",1,0,1,1,0,False,"Ronka-Lilie",25580,0,1,1,69001,0,0,0
2002866,"geschnitzt[a] Ring",4,"geschnitzt[a] Ringe",2,0,1,0,0,False,"Geschnitzter Ring",54483,0,1,1,69001,0,0,0
2002867,"golden[a] Blütennektar",4,"golden[a] Blütennektare",1,0,1,0,0,False,"Goldener Blütennektar",26110,0,1,1,68929,0,0,0
2002868,"Glas[p] magischen Flügelstaubs",2,"Gläser[p] magischen Flügelstaubs",2,0,1,2,0,False,"Magischer Flügelstaub",25011,1,3,1,68935,3,0,0
2002869,"frisch[a] Schellfisch",4,"frisch[a] Schellfische",2,0,1,0,0,False,"Frischer Schellfisch",29012,0,3,1,69203,0,0,0
2002870,"Päckchen[p] mit Pilzen",4,"Päckchen[p] mit Pilzen",1,0,1,2,0,False,"Päckchen mit Pilzen",23001,0,1,1,68954,0,0,0
2002871,"alchemistisch[a] Tinktur",3,"alchemistisch[a] Tinkturen",1,0,1,1,0,False,"Alchemistische Tinktur",20669,0,1,1,68954,0,0,0
2002872,"Voeburtkraut",4,"Voeburtkräuter",2,0,1,2,0,False,"Voeburtkraut",25030,0,4,1,68955,0,0,0
2002873,"blau[a] Blume",3,"blau[a] Blumen",1,0,1,1,0,False,"Blaue Blume",27458,0,1,1,68956,0,0,0
2002874,"gelb[a] Blume",3,"gelb[a] Blumen",1,0,1,1,0,False,"Gelbe Blume",27458,0,1,1,68956,0,0,0
2002875,"rot[a] Blume",3,"rot[a] Blumen",1,0,1,1,0,False,"Rote Blume",27458,0,1,1,68956,0,0,0
2002876,"Schwanzstück[p] eines grünen Gleiters",2,"Schwanzstücke[p] grüner Gleiter",2,0,1,2,0,False,"Schwanzstück eines grünen Gleiters",27001,0,1,1,68958,0,0,0
2002877,"Kuscheldecke",3,"Kuscheldecken",1,0,1,1,0,False,"Kuscheldecke",21615,0,1,1,68959,0,0,0
2002878,"Fell[p] eines Hasenbommel",3,"Felle[p] eines Hasenbommel",2,0,1,2,0,False,"Fell eines Hasenbommel",21654,0,1,1,68960,0,0,0
2002879,"Federkleid[p] eines Schillermähnen-Avis",2,"Federkleider[p] eines Schillermähnen-Avis",2,0,1,2,0,False,"Federkleid eines Schillermähnen-Avis",21908,0,1,1,68960,0,0,0
2002880,"Pelz[p] eines Phookah",2,"Pelze[p] eines Phookah",2,0,1,0,0,False,"Pelz eines Phookah",21616,0,1,1,68960,0,0,0
2002881,"silbern[a] Anhänger",4,"silbern[a] Anhänger",2,0,1,0,0,False,"Silberner Anhänger",54974,0,1,1,68961,0,0,0
2002882,"Eierschale",3,"Eierschalen",2,0,1,1,0,False,"Eierschale",25252,0,4,1,68970,0,0,0
2002883,"Kräutersalbe",3,"Kräutersalben",1,0,1,1,0,False,"Kräutersalbe",20702,1,1,1,69009,3,0,0
2002884,"robust[a] Ledersack",4,"robust[a] Ledersäcke",2,0,1,0,0,False,"Robuster Ledersack",26110,1,1,1,69007,1,0,0
2002885,"gefangen[a] Waldralle",3,"gefangen[a] Waldrallen",1,0,1,1,0,False,"Gefangene Waldralle",26110,0,1,1,69007,0,0,0
2002886,"nass[a] Truhe",3,"nass[a] Truhen",1,0,1,1,0,False,"Nasse Truhe",21003,0,1,1,68968,0,0,0
2002887,"Gewand[p] einer Bogenschützin",4,"Gewänder[p] einer Bogenschützin",2,0,1,2,0,False,"Gewand einer Bogenschützin",23001,0,3,1,69003,0,0,0
2002888,"Fanow-Siegel",4,"Fanow-Siegel",2,0,1,2,0,False,"Fanow-Siegel",25023,0,3,1,69020,0,0,0
2002889,"frisch[a] Nussbrot",4,"frisch[a] Nussbrote",2,0,1,2,0,False,"Frisches Nussbrot",24006,0,1,1,69006,0,0,0
2002890,"Brief[p] mit einer getrockneten Blume",4,"Briefe[p] mit einer getrockneten Blume",2,0,1,0,0,False,"Brief mit einer getrockneten Blume",26171,0,1,1,69006,0,0,0
2002891,"Dschinn-Essenz",3,"Dschinn-Essenzen",1,0,1,1,0,False,"Dschinn-Essenz",21293,0,1,1,69011,0,0,0
2002892,"Yx'Lokwa-Träne",3,"Yx'Lokwa-Tränen",1,0,1,1,0,False,"Yx'Lokwa-Träne",25354,0,1,1,69011,0,0,0
2002893,"Ronka-Lebensstein",4,"Ronka-Lebenssteine",2,0,1,0,0,False,"Ronka-Lebensstein",21292,0,1,1,69013,0,0,0
2002894,"Gnom-Herzkern",4,"Gnom-Herzkerne",2,0,1,0,0,False,"Gnom-Herzkern",21292,0,2,1,69091,0,0,0
2002895,"Flasche[p] Zwergenwasser",3,"Flaschen[p] Zwergenwasser",1,0,1,1,0,False,"Zwergenwasser",25057,1,4,1,69091,3,0,0
2002896,"Drerys Notizzettel",4,"Drerys Notizzettel",2,0,0,0,1,False,"Drerys Notizzettel",26151,3140,1,1,69046,0,0,0
2002897,"hochwertig[a] Bauholz",2,"hochwertig[a] Bauhölzer",2,0,1,2,0,False,"Hochwertiges Bauholz",22454,0,2,1,69036,0,0,0
2002898,"Gepäck[p] des Forschers",4,"Gepäckstücke[p] des Forschers",2,0,1,2,0,False,"Gepäck des Forschers",26553,0,1,1,69038,0,0,0
2002899,"Trauerblume",3,"Trauerblumen",1,0,1,1,0,False,"Trauerblume",26024,1,1,1,69037,1,0,0
2002900,"Eisenbartkern",4,"Eisenbartkerne",2,0,1,0,0,False,"Eisenbartkern",21002,0,1,1,69207,0,0,0
2002901,"Stollenlaterne",4,"Stollenlaternen",1,0,1,1,0,False,"Stollenlaterne",51333,0,1,1,69207,0,0,0
2002902,"Brief[p] in einer mittelgroßen Flasche",4,"Briefe[p] in einer mittelgroßen Flasche",2,0,1,0,0,False,"Brief in einer mittelgroßen Flasche",25930,0,1,1,69197,0,0,0
2002903,"Brief[p] in einer großen Flasche",4,"Briefe[p] in einer großen Flasche",2,0,1,0,0,False,"Brief in einer großen Flasche",25930,0,1,1,69197,0,0,0
2002904,"Arznei[p] von Beq Lugg",3,"Arzneien[p] von Beq Lugg",1,0,1,1,0,False,"Arznei von Beq Lugg",20702,1,3,1,69211,3,0,0
2002905,"Handvoll[p] gut formbaren Lehms",3,"Handvoll[p] gut formbaren Lehms",1,0,1,1,0,False,"Gut formbarer Lehm",26110,0,3,1,69212,0,0,0
2002906,"edelsteinbesetzt[a] Armreif",4,"edelsteinbesetzt[a] Armreife",2,0,1,0,0,False,"Edelsteinbesetzter Armreif",55756,0,1,1,69253,0,0,0
2002907,"kaputt[a] Maschinenteil",4,"kaputtt[a] Maschinenteile",2,0,1,2,0,False,"Kaputtes Maschinenteil",26596,0,1,1,69256,0,0,0
2002908,"verdreckt[a] Maschinenteil",4,"verdreckt[a] Maschinenteile",2,0,1,2,0,False,"Verdrecktes Maschinenteil",26597,0,1,1,69256,0,0,0
2002909,"rostig[a] Maschinenteil",4,"rostig[a] Maschinenteile",2,0,1,2,0,False,"Rostiges Maschinenteil",26598,0,1,1,69256,0,0,0
2002910,"kaputt[a] Maschinenteil",4,"kaputtt[a] Maschinenteile",2,0,1,2,0,False,"Kaputtes Maschinenteil",26596,0,1,1,69257,0,0,0
2002911,"verdreckt[a] Maschinenteil",4,"verdreckt[a] Maschinenteile",2,0,1,2,0,False,"Verdrecktes Maschinenteil",26597,0,1,1,69257,0,0,0
2002912,"rostig[a] Maschinenteil",4,"rostig[a] Maschinenteile",2,0,1,2,0,False,"Rostiges Maschinenteil",26598,0,1,1,69257,0,0,0
2002913,"",0,"",0,0,0,0,0,False,"",0,0,0,0,0,0,0,0
2002914,"",0,"",0,0,0,0,0,False,"",0,0,0,0,0,0,0,0
2002915,"",0,"",0,0,0,0,0,False,"",0,0,0,0,0,0,0,0
2002916,"",0,"",0,0,0,0,0,False,"",0,0,0,0,0,0,0,0
2002917,"Aussage „Sorgen um die Wirtschaft“",3,"Aussagen „Sorgen um die Wirtschaft“",1,0,1,1,0,False,"Aussage „Sorgen um die Wirtschaft“",26572,0,1,1,69214,0,0,0
2002918,"Aussage „Sorgen um die Sicherheit“",3,"Aussagen „Sorgen um die Sicherheit“",1,0,1,1,0,False,"Aussage „Sorgen um die Sicherheit“",26572,0,1,1,69214,0,0,0
2002919,"Aussage „Sorgen um den Wohlstand“",3,"Aussagen „Sorgen um den Wohlstand“",1,0,1,1,0,False,"Aussage „Sorgen um den Wohlstand“",26572,0,1,1,69214,0,0,0
2002920,"flauschig[a] Wollballen",4,"flauschig[a] Wollballen",1,0,1,0,0,False,"Flauschiger Wollballen",21655,0,3,1,69225,0,0,0
2002921,"klein[a] Blumenkorb",4,"klein[a] Blumenkörbe",2,0,1,0,0,False,"Kleiner Blumenkorb",26110,0,1,1,69226,0,0,0
2002922,"Sammlung[p] schillernder Insektenflügel",3,"Sammlungen[p] schillernder Insektenflügel",1,0,1,1,0,False,"Sammlung schillernder Insektenflügel",21951,0,1,1,69227,0,0,0
2002923,"Sammlung[p] von Hochlandblumen",3,"Sammlungen[p] von Hochlandblumen",1,0,1,1,0,False,"Sammlung von Hochlandblumen",25509,0,1,1,69227,0,0,0
2002924,"Sammlung[p] glatter Kieselsteine",3,"Sammlungen[p] glatter Kieselsteine",1,0,1,1,0,False,"Sammlung glatter Kieselsteine",22624,0,1,1,69227,0,0,0
2002925,"Grasgrummelzweig",4,"Grasgrummelzweige",2,0,1,0,0,False,"Grasgrummelzweig",25010,0,2,1,69228,0,0,0
2002926,"Echevoren-Schweif",4,"Echevoren-Schweife",2,0,1,0,0,False,"Echevoren-Schweif",26110,0,1,1,69229,0,0,0
2002927,"Voeburt-Artefakt",4,"Voeburt-Artefakte",2,0,1,2,0,False,"Voeburt-Artefakt",25998,0,1,1,69230,0,0,0
2002928,"Hexenkraut-Blüte",3,"Hexenkraut-Blüten",1,0,1,1,0,False,"Hexenkraut-Blüte",22251,0,1,1,69231,0,0,0
2002929,"defekt[a] Pod",4,"defekt[a] Pods",1,0,1,0,0,False,"Defekter Pod",59764,0,1,1,69256,0,0,0
2002930,"defekt[a] Pod",4,"defekt[a] Pods",1,0,1,0,0,False,"Defekter Pod",59764,0,1,1,69257,0,0,0
2002931,"Bommelblumensetzling",4,"Bommelblumensetzlinge",2,0,1,0,0,False,"Bommelblumensetzling",27453,0,2,1,69232,0,0,0
2002932,"Moosfungus-Kappe",3,"Moosfungus-Kappen",1,0,1,1,0,False,"Moosfungus-Kappe",25406,0,1,1,69233,0,0,0
2002933,"Flügel[p] eines Tiefengleiters",4,"Flügel[p] eines Tiefengleiters",2,0,1,0,0,False,"Flügel eines Tiefengleiters",22004,0,1,1,69236,0,0,0
2002934,"Büschel[p] saftigen Hochlandgrases",4,"Büschel[p] saftigen Hochlandgrases",2,0,1,2,0,False,"Saftiges Hochlandgras",25035,0,2,1,69237,0,0,0
2002935,"glänzend[a] Porzellanscherbe",3,"glänzend[a] Porzellanscherben",1,0,1,1,0,False,"Glänzende Porzellanscherbe",21265,0,1,1,69238,0,0,0
2002936,"glatt[a] Zweig",4,"glatt[a] Zweige",2,0,1,0,0,False,"Glatter Zweig",22416,0,1,1,69238,0,0,0
2002937,"glänzend[a] Apfel",4,"glänzend[a] Äpfel",2,0,1,0,0,False,"Glänzender Apfel",25308,0,1,1,69238,0,0,0
2002938,"glitzernd[a] Stein",4,"glitzernd[a] Steine",2,0,1,0,0,False,"Glitzernder Stein",21472,0,1,1,69240,0,0,0
2002939,"Fischfalle",3,"Fischfallen",1,0,1,1,0,False,"Fischfalle",22261,0,1,1,69241,0,0,0
2002940,"Undinen-Seelenstein",4,"Undinen-Seelensteine",2,0,1,0,0,False,"Undinen-Seelenstein",20008,0,1,1,69242,0,0,0
2002941,"Blume[p] der Blumengräfin",3,"Blumen[p] der Blumengräfin",1,0,1,1,0,False,"Blume der Blumengräfin",25542,0,3,1,69244,0,0,0
2002942,"frisch[a] Anemonenranke",3,"frisch[a] Anemonenranken",1,0,1,1,0,False,"Frische Anemonenranke",21662,0,1,1,69245,0,0,0
2002943,"honigsüß[a] Liebestrank",4,"honigsüß[a] Liebestränke",2,0,1,0,0,False,"Honigsüßer Liebestrank",22654,1,1,1,69252,3,0,0
2002944,"Liebesbrief[p] eines Nu Mou",2,"Liebesbriefe[p] eines Nu Mou",2,0,1,0,0,False,"Liebesbrief eines Nu Mou",25918,0,1,1,69252,0,0,0
2002945,"Tragesack",4,"Tragesäcke",2,0,1,0,0,False,"Tragesack",26110,1,2,1,69246,3,0,0
2002946,"gefangen[a] Phooka",3,"gefangen[a] Phooka",1,0,1,0,0,False,"Gefangener Phooka",26110,0,2,1,69246,0,0,0
2002947,"Beutel[p] voller Pilzsporen",4,"Beutel[p] voller Pilzsporen",2,0,1,0,0,False,"Pilzsporen",27459,0,1,1,69247,0,0,0
2002948,"kräftig[a] Samiadenfaden",4,"kräftig[a] Samiadenfäden",1,0,1,0,0,False,"Kräftiger Samiadenfaden",21664,0,1,1,69251,0,0,0
2002949,"",0,"",0,0,0,0,0,False,"",0,0,0,0,0,0,0,0
2002950,"",0,"",0,0,0,0,0,False,"",0,0,0,0,0,0,0,0
2002951,"",0,"",0,0,0,0,0,False,"",0,0,0,0,0,0,0,0
2002952,"",0,"",0,0,0,0,0,False,"",0,0,0,0,0,0,0,0
2002953,"",0,"",0,0,0,0,0,False,"",0,0,0,0,0,0,0,0
2002954,"Bouteille[p] Ishgarder Glühwein",3,"Bouteille[p] Ishgarder Glühwein",1,0,1,1,0,False,"Ishgarder Glühwein",25057,0,1,1,69208,0,0,0
2002955,"Sack[p] mit Festtags-Mochi",4,"Säcke[p] mit Festtags-Mochi",2,0,1,0,0,False,"Sack mit Festtags-Mochi",22640,0,1,1,69287,0,0,0
2002956,"Stück[p] Rohmaterial",4,"Stücke[p] Rohmaterial",2,0,1,2,0,False,"Rohmaterial",22405,0,99,1,0,0,0,0
2002957,"Stück[p] Rohmaterial",4,"Stücke[p] Rohmaterial",2,0,1,2,0,False,"Rohmaterial",22405,0,99,1,0,0,0,0
2002958,"Stück[p] Rohmaterial",4,"Stücke[p] Rohmaterial",2,0,1,2,0,False,"Rohmaterial",22405,0,99,1,0,0,0,0
2002959,"Stück[p] Rohmaterial",4,"Stücke[p] Rohmaterial",2,0,1,2,0,False,"Rohmaterial",22405,0,99,1,0,0,0,0
2002960,"Stück[p] Rohmaterial",4,"Stücke[p] Rohmaterial",2,0,1,2,0,False,"Rohmaterial",22405,0,99,1,0,0,0,0
2002961,"Stück[p] Rohmaterial",4,"Stücke[p] Rohmaterial",2,0,1,2,0,False,"Rohmaterial",22405,0,99,1,0,0,0,0
2002962,"Stück[p] Baumaterial",4,"Stücke[p] Baumaterial",2,0,1,2,0,False,"Baumaterial",22457,0,99,1,0,0,0,0
2002963,"Stück[p] Baumaterial",4,"Stücke[p] Baumaterial",2,0,1,2,0,False,"Baumaterial",22457,0,99,1,0,0,0,0
2002964,"Stück[p] Baumaterial",4,"Stücke[p] Baumaterial",2,0,1,2,0,False,"Baumaterial",22457,0,99,1,0,0,0,0
2002965,"Stück[p] Baumaterial",4,"Stücke[p] Baumaterial",2,0,1,2,0,False,"Baumaterial",22457,0,99,1,0,0,0,0
2002966,"Stück[p] Baumaterial",4,"Stücke[p] Baumaterial",2,0,1,2,0,False,"Baumaterial",22457,0,99,1,0,0,0,0
2002967,"Stapel[p] Brennstoff",4,"Stapel[p] Brennstoff",2,0,1,0,0,False,"Brennstoff",52113,0,99,1,0,0,0,0
2002968,"Voeburt-Artefakt",4,"Voeburt-Artefakte",2,0,1,2,0,False,"Voeburt-Artefakt",25998,0,1,1,69230,0,0,0
2002969,"Voeburt-Artefakt",4,"Voeburt-Artefakte",2,0,1,2,0,False,"Voeburt-Artefakt",25998,0,1,1,69230,0,0,0
2002970,"abgenutzt[a] Besen",4,"abgenutzt[a] Besen",1,0,1,0,0,False,"Abgenutzer Besen",59471,0,1,1,69302,0,0,0
2002971,"Sack[p] mit Myniri-Lebern",4,"Säcke[p] mit Myniri-Lebern",2,0,1,0,0,False,"Myniri-Lebern",26110,0,1,1,69303,0,0,0
2002972,"Klopferkristall",4,"Klopferkristalle",2,0,1,0,0,False,"Klopferkristall",20818,0,1,1,69321,0,0,0
2002973,"unterschrieben[a] Vertrag",4,"unterschrieben[a] Verträge",2,0,1,0,0,False,"Unterschriebener Vertrag",26176,0,1,1,69493,0,0,0
2002974,"Brief[p] mit Rosenwappen",4,"Briefe[p] mit Rosenwappen",2,0,1,0,0,False,"Brief mit Rosenwappen",26176,0,3,1,69261,0,0,0
2002975,"",0,"",0,0,0,0,0,False,"",0,0,0,0,0,0,0,0
2002976,"Bündel[p] Holzreste",4,"Bündel[p] Holzreste",2,0,1,2,0,False,"Holzreste",52113,0,1,1,69376,0,0,0
2002977,"Flasche[p] Qitari-Flüssigdünger",3,"Flaschen[p] Qitari-Flüssigdünger",1,0,1,1,0,False,"Qitari-Flüssigdünger",20661,1,2,1,69346,3,0,0
2002978,"Jadestein",4,"Jadesteine",2,0,1,0,0,False,"Jadestein",21295,0,3,1,69349,0,0,0
2002979,"alt[a] Schatztruhe",3,"alt[a] Schatztruhen",1,0,1,1,0,False,"Alte Schatztruhe",21002,0,1,1,69362,0,0,0
2002980,"groß[a] Jutesack",4,"groß[a] Jutesäcke",2,0,1,0,0,False,"Großer Jutesack",21610,1,1,1,69365,3,0,0
2002981,"Jutesack[p] mit Huhn",4,"Jutesäcke[p] mit Huhn",2,0,1,0,0,False,"Jutesack mit Huhn",25919,0,1,1,69365,0,0,0
2002982,"Eierlieferung",3,"Eierlieferungen",1,0,1,1,0,False,"Eierlieferung",25252,0,1,1,69365,0,0,0
2002983,"Kiste[p] zerschlagener Trümmerteile",3,"Kisten[p]  zerschlagener Trümmerteile",1,0,1,1,0,False,"Zerschlagene Trümmerteile",20406,0,99,1,0,0,0,0
2002984,"Sack[p] voller Pflastermaterial",4,"Säcke[p] voller Pflastermaterial",2,0,1,0,0,False,"Pflastermaterial",21464,0,99,1,0,0,0,0
2002985,"",0,"",0,0,0,0,0,False,"",0,0,0,0,0,0,0,0
2002986,"Behälter[p] Fugensand",4,"Behälter[p] Fugensand",2,0,1,0,0,False,"Fugensand",22616,0,99,1,0,0,0,0
2002987,"unbearbeitet[a] Steinbrocken",4,"unbearbeitet[a] Steinbrocken",1,0,1,0,0,False,"Unbearbeiteter Steinbrocken",21251,0,99,1,0,0,0,0
2002988,"zugesägt[a] Baustein",4,"zugesägt[a] Bausteine",2,0,1,0,0,False,"Zugesägter Baustein",21470,0,99,1,0,0,0,0
2002989,"Gemüsekorb",4,"Gemüsekörbe",2,0,1,0,0,False,"Gemüsekorb",27551,0,1,1,69346,0,0,0
2002990,"Säckchen[p] Pillen aus Fanow",4,"Säckchen[p] Pillen aus Fanow",1,0,1,2,0,False,"Pillen aus Fanow",25919,0,1,1,69334,0,0,0
2002991,"gesegnet[a] Wunderei",4,"gesegnet[a] Wundereier",2,0,1,2,0,False,"Gesegnetes Wunderei",21310,0,1,1,69383,0,0,0
2002992,"schmierig[a] Wunderei",4,"schmierig[a] Wundereier",2,0,1,2,0,False,"Schmieriges Wunderei",21311,0,1,1,69383,0,0,0
2002993,"groß[a] Wunderei",4,"groß[a] Wundereier",2,0,1,2,0,False,"Großes Wunderei",21308,0,1,1,69383,0,0,0
2002994,"Prise[p] Thavnair-Seelenstaub",3,"Prisen[p] Thavnair-Seelenstaub",1,0,1,1,0,False,"Thavnair-Seelenstaub",22650,0,1,1,69380,0,0,0
2002995,"",0,"",0,0,0,0,0,False,"",0,0,0,0,0,0,0,0
2002996,"",0,"",0,0,0,0,0,False,"",0,0,0,0,0,0,0,0
2002997,"Umzugsplan",4,"Umzugspläne",2,0,1,0,0,False,"Umzugsplan",25918,0,1,1,69412,0,0,0
2002998,"Warburtons Heft",4,"Warburtons Hefte",2,0,0,2,1,False,"Warburtons Heft",26002,0,1,1,69414,0,0,0
2002999,"Ehll Tous Hammer",3,"Ehll Tous Hämmer",2,0,0,0,1,False,"Ehll Tous Hammer",21003,0,1,1,69426,0,0,0
2003000,"Handvoll[p] winziger Trauben",3,"Händevoll[p] winziger Trauben",1,0,1,1,0,False,"Winzige Trauben",25309,0,3,1,69307,0,0,0
2003001,"Wärmefalle",3,"Wärmefallen",1,0,1,1,0,False,"Wärmefalle",25977,1,3,1,69308,1,0,0
2003002,"Fledermausfangzahn",4,"Fledermausfangzähne",2,0,1,0,0,False,"Fledermausfangzahn",22303,0,9,1,69308,0,0,0
2003003,"Laib[p] Exegetenbrot",4,"Laibe[p] Exegetenbrot",2,0,1,0,0,False,"Exegetenbrot",24037,0,1,1,69310,0,0,0
2003004,"erloschen[a] Lichtkristall",4,"erloschen[a] Lichtkristalle",2,0,1,0,0,False,"Erloschener Lichtkristall",20019,0,1,1,69316,0,0,0
2003005,"Rothutpilz",2,"Rothutpilze",2,0,1,0,0,False,"Rothutpilz",25406,0,3,1,69394,0,0,0
2003006,"wassergefüllt[a] Holzbottich",4,"wassergefüllt[a] Holzbottiche",2,0,1,0,0,False,"Wassergefüllter Holzbottich",22642,1,1,1,69395,3,0,0
2003007,"frisch[a] Hühnerei",4,"frisch[a] Hühnereier",2,0,1,2,0,False,"Frisches Hühnerei",25252,0,1,1,69396,0,0,0
2003008,"Scharlach-Ohrring",4,"Scharlach-Ohrringe",2,0,1,0,0,False,"Scharlach-Ohrring",55216,0,1,1,69396,0,0,0
2003009,"Coeurl-Schnurrhaar",4,"Coeurl-Schnurrhaare",2,0,1,2,0,False,"Coeurl-Schnurrhaar",25919,0,3,1,69397,0,0,0
2003010,"Adaman-Taimai-Ei",4,"Adaman-Taimai-Eier",2,0,1,2,0,False,"Adaman-Taimai-Ei",25251,0,1,1,69401,0,0,0
2003011,"Aperitif-Bestellzettel",4,"Aperitif-Bestellzettel",2,0,1,0,0,False,"Aperitif-Bestellzettel",25918,0,1,1,69402,0,0,0
2003012,"Spitzmeißel",4,"Spitzmeißel",2,0,1,0,0,False,"Spitzmeißel",23103,0,1,1,69403,0,0,0
2003013,"Spitzzange",3,"Spitzzangen",1,0,1,1,0,False,"Spitzzange",35251,0,1,1,69403,0,0,0
2003014,"klein[a] Lederbeutel",4,"klein[a] Lederbeutel",2,0,1,0,0,False,"Kleiner Lederbeutel",26001,0,1,1,69403,0,0,0
2003015,"repariert[a] Uhr",3,"repariert[a] Uhren",1,0,1,1,0,False,"Reparierte Uhr",21002,0,1,1,69403,0,0,0
2003016,"Brief[p] von Haurchefant",4,"Briefe[p] von Haurchefant",2,0,1,0,0,False,"Brief von Haurchefant",25918,0,1,1,69404,0,0,0
2003017,"Brief[p] von Francel",4,"Briefe[p] von Francel",2,0,1,0,0,False,"Brief von Francel",25918,0,1,1,69404,0,0,0
2003018,"Eis-Exergon-Essenz",3,"Eis-Exergon-Essenzen",1,0,1,1,0,False,"Eis-Exergon-Essenz",21266,0,3,1,69405,0,0,0
2003019,"Treuherz",2,"Treuherzen",1,0,1,2,0,False,"Treuherz",21253,1,1,1,69406,3,0,0
2003020,"denaturiert[a] Kristall",4,"denaturiert[a] Kristalle",2,0,1,0,0,False,"Denaturierter Kristall",20649,0,1,1,69406,0,0,0
2003021,"beschädigt[a] garleisch[a] Uniform",3,"beschädigt[a] garleisch[a] Uniformen",1,0,1,1,0,False,"Beschädigte garleische Uniform",42345,0,3,1,69407,0,0,0
2003022,"beschädigt[a] garleisch[a] Helm",4,"beschädigt[a] garleisch[a] Helme",2,0,1,0,0,False,"Beschädigter garleischer Helm",40128,0,3,1,69407,0,0,0
2003023,"repariert[a] garleisch[a] Uniform",3,"repariert[a] garleisch[a] Uniformen",1,0,1,1,0,False,"Reparierte garleische Uniform",42345,0,3,1,69407,0,0,0
2003024,"repariert[a] garleisch[a] Helm",4,"repariert[a] garleisch[a] Helme",2,0,1,0,0,False,"Reparierter garleischer Helm",40128,0,3,1,69407,0,0,0
2003025,"Stechmücken-Eierbeutel",4,"Stechmücken-Eierbeutel",2,0,1,0,0,False,"Stechmücken-Eierbeutel",22623,0,3,1,69390,0,0,0
2003026,"Anolis-Ei",4,"Anolis-Eier",2,0,1,2,0,False,"Anolis-Ei",25251,0,1,1,69391,0,0,0
2003027,"Fass[p] Holladrio Bartbock Hammerstark",2,"Fässer[p] Holladrio Bartbock Hammerstark",2,0,1,2,0,False,"Holladrio Bartbock Hammerstark",26547,0,3,1,69436,0,0,0
2003028,"Lorathias Brief",3,"Lorathias Briefe",2,0,0,0,1,False,"Lorathias Brief",25918,0,1,1,69434,0,0,0
2003029,"Bündel[p] Festtagsfähnchen",4,"Bündel[p] Festtagsfähnchen",2,0,1,2,0,False,"Festtagsfähnchen",21615,0,3,1,69488,0,0,0
2003030,"Sprengstoff",4,"Sprengstoffe",2,0,1,0,0,False,"Sprengstoff",26015,1276,1,1,69448,3,0,3
2003031,"Fass[p] mit auswärtigem Grog",2,"Fässer[p] mit auswärtigem Grog",2,0,1,2,0,False,"Fass mit auswärtigem Grog",26547,0,1,1,69462,0,0,0
2003032,"Äthermessstation",3,"Äthermessstationen",1,0,1,1,0,False,"Äthermessstation",26108,0,2,1,69486,0,0,0
2003033,"vermisst[a] Eisenbart",4,"vermisst[a] Eisenbärte",2,0,1,0,0,False,"Vermisster Eisenbart",59751,0,2,1,69452,0,0,0
2003034,"Lederbeutel[p] voll Geld",4,"Lederbeutel[p] voll Geld",2,0,1,0,0,False,"Lederbeutel voll Geld",25919,0,1,1,69462,0,0,0
2003035,"kunstvoll[a] Sendschreiben",4,"kunstvoll[a] Sendschreiben",1,0,1,2,0,False,"Kunstvolles Sendschreiben",26182,0,1,1,69496,0,0,0
2003036,"Beutel[p] voll Wolkenmeerkraut",4,"Beutel[p] voll Wolkenmeerkraut",2,0,1,0,0,False,"Beutel voll Wolkenmeerkraut",25979,1,1,1,69497,3,0,0
2003037,"Gremlinscheuche",3,"Gremlinscheuchen",1,0,1,1,0,False,"Gremlinscheuche",25979,0,2,1,69441,0,0,0
2003038,"",0,"",0,0,0,0,0,False,"",0,0,0,0,0,0,0,0
2003039,"",0,"",0,0,0,0,0,False,"",0,0,0,0,0,0,0,0
2003040,"Äthermessstation",3,"Äthermessstationen",1,0,1,1,0,False,"Äthermessstation",26108,0,1,1,69482,0,0,0
2003041,"Äthermessstation",3,"Äthermessstationen",1,0,1,1,0,False,"Äthermessstation",26108,0,1,1,69483,0,0,0
2003042,"Stapel[p] Ausstellungsflugblätter",4,"Stapel[p] Ausstellungsflugblätter",2,0,1,0,0,False,"Ausstellungsflugblätter",26188,0,3,1,69509,0,0,0
2003043,"Waffenteil",4,"Waffenteile",2,0,1,2,0,False,"Waffenteil",26270,0,99,1,0,0,0,0
2003044,"Stapel[p] Ausstellungsflugblätter",4,"Stapel[p] Ausstellungsflugblätter",2,0,1,0,0,False,"Ausstellungsflugblätter",26188,0,1,1,69510,0,0,0
2003045,"",0,"",0,0,0,0,0,False,"",0,0,0,0,0,0,0,0
2003046,"Versorgungskiste",4,"Versorgungskisten",1,0,1,1,0,False,"Versorgungskiste",26108,0,99,1,0,0,0,0
2003047,"Veilchenblau-Kostüm",4,"Veilchenblau-Kostüme",2,0,1,2,0,False,"Veilchenblau-Kostüm",25919,0,1,1,69527,0,0,0
2003048,"Büschel[p] duftender Blumen",4,"Büschel[p] duftender Blumen",2,0,1,2,0,False,"Duftende Blumen",25556,0,1,1,69532,0,0,0
2003049,"funkelnd[a] Wesenskristall",4,"funkelnd[a] Wesenskristalle",2,0,1,0,0,False,"Funkelnder Wesenskristall",26610,0,1,1,69522,0,0,0
2003050,"klein[a] Beutel[p] mit Feuerwerk",4,"klein[a] Beutel[p] mit Feuerwerk",2,0,1,0,0,False,"Feuerwerk",25911,1,3,1,69541,1,0,0
2003051,"Spule[p] mit weichem Wollgarn",3,"Spulen[p] mit weichem Wollgarn",1,0,1,1,0,False,"Spule mit weichem Wollgarn",21656,0,1,1,69539,0,0,0
2003052,"Sack[p] mit Festtags-Mochi",4,"Säcke[p] mit Festtags-Mochi",2,0,1,0,0,False,"Sack mit Festtags-Mochi",22640,0,1,1,69560,0,0,0
2003053,"unpassend[a] Festschmuck",4,"unpassend[a] Festschmuckelemente",2,0,1,0,0,False,"Unpassender Festschmuck",25919,0,3,1,69553,0,0,0
2003054,"Immerfrost-Kristall",4,"Immerfrost-Kristalle",2,0,1,0,0,False,"Immerfrost-Kristall",20015,1,3,1,69556,3,0,0
2003055,"Kiste[p] mit Sternenlichtkränzen",3,"Kisten[p] mit Sternenlichtkränzen",1,0,1,1,0,False,"Sternenlichtkränze",26108,0,1,1,69557,0,0,0
2003056,"gesättigt[a] Blitzscherbe",3,"gesättigt[a] Blitzscherben",1,0,1,1,0,False,"Gesättigte Blitzscherbe",20017,0,1,1,69544,0,0,0
2003057,"Garlond-Eigenwechselschein",4,"Garlond-Eigenwechselscheine",2,0,1,0,0,False,"Garlond-Eigenwechselschein",26179,0,1,1,69545,0,0,0
2003058,"klein[a] Samenbeutel",4,"klein[a] Samenbeutel",2,0,1,0,0,False,"Kleiner Samenbeutel",25919,0,1,1,69542,0,0,0
2003059,"Strauß[p] Nymeia-Lilien",2,"Sträuße[p] Nymeia-Lilien",2,0,1,0,0,False,"Strauß Nymeia-Lilien",22627,0,2,1,69542,0,0,0
2003060,"",0,"",0,0,0,0,0,False,"",0,0,0,0,0,0,0,0
2003061,"antik[a] Taschenuhr",3,"antik[a] Taschenuhren",1,0,1,1,0,False,"Antike Taschenuhr",26108,0,1,1,69572,0,0,0
2003062,"Maschinenwesen-Wrackteil",4,"Maschinenwesen-Wrackteile",2,0,1,2,0,False,"Maschinenwesen-Wrackteil",52546,0,2,1,69586,0,0,0
2003063,"",0,"",0,0,0,0,0,False,"",0,0,0,0,0,0,0,0
2003064,"fremdsprachig[a] Buch",4,"fremdsprachig[a] Bücher",2,0,1,2,0,False,"Fremdsprachiges Buch",26159,0,1,1,69587,0,0,0
2003065,"unidentifizierbar[a] Maschinenteil",4,"unidentifizierbar[a] Maschinenteile",2,0,1,2,0,False,"Unidentifizierbares Maschinenteil",52546,0,1,1,69587,0,0,0
2003066,"eisern[a] Bozja-Artefakt",4,"eisern[a] Bozja-Artefakte",2,0,1,2,0,False,"Eisernes Bozja-Artefakt",26108,0,1,1,69564,0,0,0
2003067,"",0,"",0,0,0,0,0,False,"",0,0,0,0,0,0,0,0
2003068,"ordentlich schwer[a] Container[p]",4,"ordentlich schwer[a] Container[p]",2,0,1,0,0,False,"Ordentlich schwerer Container",52546,0,1,1,69587,0,0,0
2003069,"Ermittlungsbuch",4,"Ermittlungsbücher",2,0,1,2,0,False,"Ermittlungsbuch",26168,3140,1,1,69590,0,0,0
2003070,"experimentell[a] Wesenskristall",4,"experimentell[a] Wesenskristalle",2,0,1,0,0,False,"Experimenteller Wesenskristall",26610,0,1,1,69596,0,0,0
2003071,"riesig[a] Jutesack",4,"riesig[a] Jutesäcke",2,0,1,0,0,False,"Riesiger Jutesack",25919,1,1,1,69588,1,0,0
2003072,"eingesackt[a] Eisenbart",4,"eingesackt[a] Eisenbärte",2,0,1,0,0,False,"Eingesackter Eisenbart",25919,0,1,1,69588,0,0,0
2003073,"nestwarm[a] Ei",3,"nestwarm[a] Eier",2,0,1,2,0,False,"Nestwarmes Ei",25251,0,99,1,0,0,0,0
2003074,"Ermittlungsbuch",4,"Ermittlungsbücher",2,0,1,2,0,False,"Ermittlungsbuch",26168,3140,1,1,69592,0,0,0
2003075,"Mythenleder-Schatzkarte",3,"Mythenleder-Schatzkarten",1,0,1,1,0,False,"Mythenleder-Schatzkarte",26151,1,1,2,0,0,0,0
2003076,"exotisch[a] Äthergramm-Karte[p] II",3,"exotisch[a] Äthergramm-Karten[p] II",1,0,1,1,0,False,"Exotische Äthergramm-Karte II",26151,1,1,2,0,0,0,0
2003077,"Köderkerze",3,"Köderkerzen",1,0,1,1,0,False,"Köderkerze",26102,1,3,1,69611,3,0,0
2003078,"blutverschmiert[a] Ring",4,"blutverschmiert[a] Ringe",2,0,1,0,0,False,"Blutverschmierter Ring",54434,0,1,1,69611,0,0,0
2003079,"Säckchen[p] Lilien-Potpourris",4,"Säckchen[p] Lilien-Potpourris",1,0,1,2,0,False,"Lilien-Potpourri",26110,0,1,1,69627,0,0,0
2003080,"",0,"",0,0,0,0,0,False,"",0,0,0,0,0,0,0,0
2003081,"Bastkorb[p] mit Yak-Wolle",4,"Bastkörbe[p] mit Yak-Wolle",2,0,1,0,0,False,"Yak-Wolle",21655,0,3,1,0,0,0,0
2003082,"Glücksmogry",4,"Glücksmogrys",1,0,1,0,0,False,"Glücksmogry",53359,0,1,1,0,0,0,0
2003083,"",0,"",0,0,0,0,0,False,"",0,0,0,0,0,0,0,0
2003084,"Erdseim-Fass",2,"Erdseim-Fässer",2,0,1,2,0,False,"Erdseim-Fass",25946,0,99,1,0,0,0,0
2003085,"",0,"",0,0,0,0,0,False,"",0,0,0,0,0,0,0,0
2003086,"",0,"",0,0,0,0,0,False,"",0,0,0,0,0,0,0,0
2003087,"Magitek-Bauteil",4,"Magitek-Bauteile",2,0,1,2,0,False,"Magitek-Bauteil",21015,0,99,1,0,0,0,0
2003088,"altbozianisch[a] Rüstungsteil",4,"altbozianisch[a] Rüstungsteile",2,0,1,2,0,False,"Altbozianisches Rüstungsteil",25919,0,1,1,69631,0,0,0
2003089,"altbozianisch[a] Lederhelm",4,"altbozianisch[a] Lederhelme",2,0,1,0,0,False,"Altbozianischer Lederhelm",26110,0,1,1,69631,0,0,0
2003090,"Stapel[p] Klaubergilden-Jagdlizenzen der Klasse 1",4,"Stapel[p] Klaubergilden-Jagdlizenzen der Klasse 1",2,0,1,0,0,False,"Klaubergilden-Jagdlizenzen der Klasse 1",26615,1,1,4,0,0,0,0
2003091,"Stapel[p] Klaubergilden-Jagdlizenzen der Klasse 2",4,"Stapel[p] Klaubergilden-Jagdlizenzen der Klasse 2",2,0,1,0,0,False,"Klaubergilden-Jagdlizenzen der Klasse 2",26616,1,1,4,0,0,0,0
2003092,"Stapel[p] Klaubergilden-Jagdlizenzen der Klasse 3",4,"Stapel[p] Klaubergilden-Jagdlizenzen der Klasse 3",2,0,1,0,0,False,"Klaubergilden-Jagdlizenzen der Klasse 3",26617,1,1,4,0,0,0,0
2003093,"Klaubergilden-Hochwild-Jagdlizenz",3,"Klaubergilden-Hochwild-Jagdlizenzen",1,0,1,1,0,False,"Klaubergilden-Hochwild-Jagdlizenz",26618,1,1,4,0,0,0,0
2003094,"Notiz[p] über Vaindreaus Fundort",3,"Notizen[p] über Vaindreaus Fundort",1,0,1,1,0,False,"Notiz über Vaindreaus Fundort",26572,0,1,1,69665,0,0,0
2003095,"Notiz[p] über die Sichtung eines Luftschiffes",3,"Notizen[p] über die Sichtung eines Luftschiffes",1,0,1,1,0,False,"Notiz über die Sichtung eines Luftschiffes",26572,0,1,1,69665,0,0,0
2003096,"Notiz[p] über Vaindreaus Kleidung",3,"Notizen[p] über Vaindreaus Kleidung",1,0,1,1,0,False,"Notiz über Vaindreaus Kleidung",26572,0,1,1,69665,0,0,0
2003097,"Laib[p] Exegetenbrot",4,"Laib[p] Exegetenbrot",2,0,1,0,0,False,"Exegetenbrot",24037,0,1,1,69689,0,0,0
2003098,"Professor Tankins Brief",3,"Professor Tankins Briefe",1,0,0,0,1,False,"Professor Tankins Brief",26171,0,1,1,69695,0,0,0
2003099,"Heilmittel[p] gegen die Kettenseuche",4,"Heilmittel[p] gegen die Kettenseuche",2,0,1,2,0,False,"Heilmittel gegen die Kettenseuche",27607,0,1,1,69638,0,0,0
2003100,"Zweig[p] des Wächterbaums",4,"Zweige[p] des Wächterbaums",2,0,1,0,0,False,"Zweig des Wächterbaums",22416,0,1,1,69643,0,0,0
2003101,"Exemplar[p] von ""Die Geschichte der Sternwarten""",4,"Exemplare[p] von ""Die Geschichte der Sternwarten""",2,0,1,2,0,False,"Die Geschichte der Sternwarten",26166,0,1,1,69675,0,0,0
2003102,"Exemplar[p] von ""Enzyklopädie der Teleskope""",4,"Exemplare[p] von ""Enzyklopädie der Teleskope""",2,0,1,2,0,False,"Enzyklopädie der Teleskope",26163,0,1,1,69675,0,0,0
2003103,"Exemplar[p] von ""Alles über Sternenbeobachtungsspiegel""",4,"Exemplare[p] von ""Alles über Sternenbeobachtungsspiegel""",2,0,1,2,0,False,"Alles über Sternenbeobachtungsspiegel",26161,0,1,1,69675,0,0,0
2003104,"Brief[p] mit aufgebrochenem Siegel",4,"Briefe[p] mit aufgebrochenem Siegel",2,0,1,0,0,False,"Brief mit aufgebrochenem Siegel",26176,0,1,1,69645,0,0,0
2003105,"dunkelgrau[a] Ring",4,"dunkelgrau[a] Ringe",2,0,1,0,0,False,"Dunkelgrauer Ring",54403,0,1,1,69645,0,0,0
2003106,"Einladungsschreiben[p] von Arenvald",4,"Einladungsschreiben[p] von Arenvald",1,0,1,2,0,False,"Einladungsschreiben von Arenvald",25918,0,2,1,69647,0,0,0
2003107,"Alchemieprodukt[p] aus Ul'dah",4,"Alchemieprodukte[p] aus Ul'dah",2,0,1,2,0,False,"Alchemieprodukt aus Ul'dah",20665,0,1,1,69721,0,0,0
2003108,"reißfest[a] Leinensack",4,"reißfest[a] Leinensäcke",2,0,1,0,0,False,"Reißfester Leinensack",26110,1843,1,1,69727,3,0,0
2003109,"Leinensack mit Kobalos",4,"Leinensäcke mit Kobalos",2,0,1,0,0,False,"Leinensack mit Kobalos",26110,0,1,1,69727,0,0,0
2003110,"Ausgabe[p] von „Handbuch der Ishgarder Astrologie“",3,"Ausgaben[p] von „Handbuch der Ishgarder Astrologie“",1,0,1,1,0,False,"Handbuch der Ishgarder Astrologie",26161,0,1,1,69718,0,0,0
2003111,"Ausgabe[p] von „Reise durch das Wolkenmeer“",3,"Ausgaben[p] von „Reise durch das Wolkenmeer“",1,0,1,1,0,False,"Reise durch das Wolkenmeer",26163,0,1,1,69718,0,0,0
2003112,"Ausgabe[p] von „Reise durch das Gräsermeer“",3,"Ausgaben[p] von „Reise durch das Gräsermeer“",1,0,1,1,0,False,"Reise durch das Gräsermeer",26158,0,1,1,69718,0,0,0
2003113,"gelb[a] Stoff-Karfunkel",4,"gelb[a] Stoff-Karfunkel",2,0,1,2,0,False,"Gelbes Stoff-Karfunkel",59545,0,1,1,69719,0,0,0
2003114,"Handgranate",3,"Handgranaten",1,0,1,1,0,False,"Handgranate",26015,1,1,1,69746,3,0,0
2003115,"mit Ruß verschmiert[a] Briefumschlag[p]",4,"mit Ruß verschmiert[a] Briefumschläge[p]",2,0,1,0,0,False,"Mit Ruß verschmierter Briefumschlag",26174,0,1,1,69747,0,0,0
2003116,"altmodisch[a] Kerze",3,"altmodisch[a] Kerzen",1,0,1,1,0,False,"Altmodische Kerze",26102,0,1,1,69747,0,0,0
2003117,"stolz[a] magische Marionette",3,"stolz[a] magische Marionetten",1,0,1,1,0,False,"Stolze magische Marionette",59520,0,1,1,69748,0,0,0
2003118,"morsch[a] Holz",2,"morsch[a] Hölzer",2,0,1,2,0,False,"Morsches Holz",22408,0,2,1,69724,0,0,0
2003119,"Stück[p] Fleisch",4,"Stücke[p] Fleisch",2,0,1,2,0,False,"Stück Fleisch",25155,1,3,1,69726,3,0,0
2003120,"Sack[p] rotbraunen Lehms",4,"Säcke[p] rotbraunen Lehms",2,0,1,0,0,False,"Rotbrauner Lehm",25919,0,3,1,69730,0,0,0
2003121,"Illustration[p] von Fungus 316",3,"Illustrationen[p] von Fungus 316",1,0,1,1,0,False,"Illustration von Fungus 316",25999,3140,1,1,69731,0,0,0
2003122,"Sack[p] mit Fungi 316",4,"Säcke[p] mit Fungi 316",2,0,1,0,0,False,"Fungi 316",25919,0,1,1,69731,0,0,0
2003123,"Sack[p] mit Früchten",4,"Säcke[p] mit Früchten",2,0,1,0,0,False,"Sack mit Früchten",25919,0,1,1,69729,0,0,0
2003124,"Laib[p] Goldkäse",4,"Laibe[p] Goldkäse",2,0,1,0,0,False,"Goldkäse",24458,0,1,1,69729,0,0,0
2003125,"Sack[p] mit Versuchssetzlingen",4,"Säcke[p] mit Versuchssetzlingen",2,0,1,0,0,False,"Versuchssetzlinge",25979,0,3,1,69728,0,0,0
2003126,"Hinweis[p] „Große außerplanmäßige Inventur“",4,"Hinweise[p] „Große außerplanmäßige Inventur“",2,0,1,0,0,False,"Hinweis „Große außerplanmäßige Inventur“",26572,0,1,1,69897,0,0,0
2003127,"Hinweis[p] „Lagerkoller im Labyrinthos“",0,"Hinweise[p] „Lagerkoller im Labyrinthos“",0,0,1,0,0,False,"Hinweis „Lagerkoller im Labyrinthos“",26572,0,1,1,69897,0,0,0
2003128,"Hinweis[p] „Leiden der Klauber“",4,"Hinweise[p] „Leiden der Klauber“",2,0,1,0,0,False,"Hinweis „Leiden der Klauber“",26572,0,1,1,69897,0,0,0
2003129,"riesig[a] Jutesack",4,"riesig[a] Jutesäcke",2,0,1,0,0,False,"Riesiger Jutesack",25919,1,1,1,69898,3,0,0
2003130,"Jutesack[p] mit Marmormaus",4,"Jutesäcke[p] mit Marmormaus",2,0,1,0,0,False,"Jutesack mit Marmormaus",25919,0,1,1,69898,0,0,0
2003131,"Bündel[p] Holz zur Papierherstellung",4,"Bündel[p] Holz zur Papierherstellung",2,0,1,2,0,False,"Holz zur Papierherstellung",22401,1,99,1,0,0,0,0
2003132,"Bündel[p] Qualitätsholz zur Papierherstellung",4,"Bündel[p]Qualitätsholz zur Papierherstellung",2,0,1,2,0,False,"Qualitätsholz zur Papierherstellung",22409,1,99,1,0,0,0,0
2003133,"Büschel[p] Brunnenkresse",4,"Büschel[p] einer Brunnenkresse",2,0,1,2,0,False,"Brunnenkresse",25206,1,99,1,0,0,0,0
2003134,"Zweig[p] für ökologische Untersuchung",4,"Zweige[p] für ökologische Untersuchung",2,0,1,0,0,False,"Zweig für ökologische Untersuchung",22417,1,99,1,0,0,0,0
2003135,"vielversprechend[a] Zweig[p] für ökologische Untersuchung",4,"vielversprechend[a] Zweige[p] für ökologische Untersuchung",2,0,1,0,0,False,"Vielversprechender Zweig für ökologische Untersuchung",22416,1,99,1,0,0,0,0
2003136,"Büschel[p] Gras aus Thavnair",4,"Büschel[p] Gras aus Thavnair",2,0,1,2,0,False,"Gras aus Thavnair",25035,1,99,1,0,0,0,0
2003137,"Büschel[p] gutes Gras aus Thavnair",4,"Büschel[p] gutes Gras aus Thavnair",2,0,1,2,0,False,"Gutes Gras aus Thavnair",25211,1,99,1,0,0,0,0
2003138,"Beutel[p] scharfer Gewürze",4,"Beutel[p] scharfer Gewürze",2,0,1,0,0,False,"Scharfe Gewürze",25013,1,99,1,0,0,0,0
2003139,"Fass[p] Palmsaft",2,"Fässer[p] Palmsaft",2,0,1,2,0,False,"Palmsaft",22642,1,99,1,0,0,0,0
2003140,"Knolle[p] Rote Bete",3,"Knollen[p] Rote Bete",2,0,1,1,0,False,"Rote Bete",25223,1,99,1,0,0,0,0
2003141,"hochwertig[a] Knolle[p] Rote Bete",3,"hochwertig[a] Knollen[p] Rote Bete",2,0,1,1,0,False,"Hochwertige Rote Bete",25231,1,99,1,0,0,0,0
2003142,"Pinienzweig[p] zum Pfropfen",4,"Pinienzweige[p] zum Pfropfen",2,0,1,0,0,False,"Pinienzweig zum Pfropfen",22417,1,99,1,0,0,0,0
2003143,"verbrannt[a] Stück[p] Holz",4,"verbrannt[a] Stücke[p] Holz",2,0,1,2,0,False,"Verbranntes Stück Holz",22418,1,99,1,0,0,0,0
2003144,"vielversprechend[a] Stück[p] Holz",4,"vielversprechend[a] Stücke[p] Holz",2,0,1,2,0,False,"Vielversprechendes Stück Holz",25004,1,99,1,0,0,0,0
2003145,"Portion[p] Zimt",3,"Portionen[p] Zimt",1,0,1,1,0,False,"Zimt",25019,1,99,1,0,0,0,0
2003146,"Büschel[p] Kraut aus dem Nahen Osten",4,"Büschel[p] Kräuter aus dem Nahen Osten",2,0,1,2,0,False,"Kraut aus dem Nahen Osten",25026,1,99,1,0,0,0,0
2003147,"Stück[p] Sago-Palme",4,"Stücke[p] Sago-Palme",2,0,1,2,0,False,"Stück Sago-Palme",22652,1,99,1,0,0,0,0
2003148,"hochwertig[a] Stück[p] Sago-Palme",4,"hochwertig[a] Stücke[p] Sago-Palme",2,0,1,2,0,False,"Hochwertiges Stück Sago-Palme",22674,1,99,1,0,0,0,0
2003149,"Büschel[p] Faserpflanze",4,"Büschel[p] Faserpflanze",2,0,1,2,0,False,"Faserpflanze",25009,1,99,1,0,0,0,0
2003150,"hochwertig[a] Büschel[p] Faserpflanze",4,"hochwertig[a] Büschel[p]  Faserpflanze",2,0,1,2,0,False,"Hochwertige Faserpflanze",25016,1,99,1,0,0,0,0
2003151,"Stück[p] Holz eines Tenkonto",4,"Stücke[p] Holz eines Tenkonto",2,0,1,2,0,False,"Holz eines Tenkonto",22406,1,99,1,0,0,0,0
2003152,"Töpfchen[p] Goldsaft",4,"Töpfchen[p] Goldsaft",2,0,1,2,0,False,"Goldsaft",22642,1,99,1,0,0,0,0
2003153,"Töpfchen[p] hochwertigen Goldsafts",4,"Töpfchen[p] hochwertigen Goldsafts",2,0,1,2,0,False,"Hochwertiger Goldsaft",22643,1,99,1,0,0,0,0
2003154,"dekorativ[a] Stein",4,"dekorativ[a] Steine",2,0,1,0,0,False,"Dekorativer Stein",21454,1,99,1,0,0,0,0
2003155,"wunderschön[a] Stein",4,"wunderschön[a] Steine",2,0,1,0,0,False,"Wunderschöner Stein",21455,1,99,1,0,0,0,0
2003156,"Ladung[p] Kies",3,"Ladungen[p] Kies",1,0,1,1,0,False,"Kies",21251,1,99,1,0,0,0,0
2003157,"Gesteinsprobe",3,"Gesteinsproben",1,0,1,1,0,False,"Gesteinsprobe",21454,1,99,1,0,0,0,0
2003158,"aufschlussreich[a] Gesteinsprobe",3,"aufschlussreich[a] Gesteinsproben",1,0,1,1,0,False,"Aufschlussreiche Gesteinsprobe",21252,1,99,1,0,0,0,0
2003159,"Gallenerzklumpen[p] aus Thavnair",4,"Gallenerzklumpen[p] aus Thavnair",1,0,1,0,0,False,"Gallenerz aus Thavnair",21226,1,99,1,0,0,0,0
2003160,"ätherreich[a] Gallenerzklumpen[p] aus Thavnair",4,"ätherreich[a] Gallenerzklumpen[p] aus Thavnair",1,0,1,0,0,False,"Ätherreiches Gallenerz aus Thavnair",21225,1,99,1,0,0,0,0
2003161,"Ladung[p] Kalkstein",3,"Ladungen[p] Kalkstein",1,0,1,1,0,False,"Kalkstein",21232,1,99,1,0,0,0,0
2003162,"violett[a] Stein",4,"violett[a] Steine",2,0,1,0,0,False,"Violetter Stein",21225,1,99,1,0,0,0,0
2003163,"Stück[p] der Hülle des Magitek-Zugs XLIX",4,"Stücke[p] der Hülle des Magitek-Zugs XLIX",2,0,1,2,0,False,"Stück der Hülle des Magitek-Zugs XLIX",20969,1,99,1,0,0,0,0
2003164,"gut erhalten[a] Stück[p] der Hülle des Magitek-Zugs XLIX",4,"gut erhalten[a] Stücke[p] der Hülle des Magitek-Zugs XLIX",2,0,1,2,0,False,"Gut erhaltenes Stück der Hülle des Magitek-Zugs XLIX",20966,1,99,1,0,0,0,0
2003165,"dekorativ[a] Nordstein",4,"dekorativ[a] Nordsteine",2,0,1,0,0,False,"Dekorativer Nordstein",21232,1,99,1,0,0,0,0
2003166,"gebraucht[a] Bauteil[p] einer Magitek-Maschine",4,"gebraucht[a] Bauteile[p] einer Magitek-Maschine",2,0,1,2,0,False,"Gebrauchtes Bauteil einer Magitek-Maschine",20910,1,99,1,0,0,0,0
2003167,"neu[a] Bauteil[p] einer Magitek-Maschine",4,"neu[a] Bauteile[p] einer Magitek-Maschine",2,0,1,2,0,False,"Neues Bauteil einer Magitek-Maschine",20913,1,99,1,0,0,0,0
2003168,"dekorativ[a] Stück[p] Vulkangestein",4,"dekorativ[a] Stücke[p] Vulkangestein",2,0,1,2,0,False,"Dekoratives Stück Vulkangestein",21455,1,99,1,0,0,0,0
2003169,"Beutel[p] feinen Sands aus Thavnair",4,"Beutel[p] feinen Sands aus Thavnair",2,0,1,0,0,False,"Feiner Sand aus Thavnair",21006,1,99,1,0,0,0,0
2003170,"Beutel[p] Steinstaub",4,"Beutel[p] Steinstaub",2,0,1,0,0,False,"Beutel Steinstaub",21204,1,99,1,0,0,0,0
2003171,"Beutel[p] hochwertigen Steinstaubs",4,"Beutel[p] hochwertigen Steinstaubs",2,0,1,0,0,False,"Beutel hochwertigen Steinstaubs",21219,1,99,1,0,0,0,0
2003172,"dekorativ[a] Stein aus der Umgebung",4,"dekorativ[a] Steine aus der Umgebung",2,0,1,0,0,False,"Dekorativer Stein aus der Umgebung",21205,1,99,1,0,0,0,0
2003173,"wunderschön[a] Stein aus der Umgebung",4,"wunderschön[a] Steine aus der Umgebung",2,0,1,0,0,False,"Wunderschöner Stein aus der Umgebung",21203,1,99,1,0,0,0,0
2003174,"Beutel[p] Glimmereisen",4,"Beutel[p] Glimmereisen",2,0,1,0,0,False,"Beutel Glimmereisen",21226,1,99,1,0,0,0,0
2003175,"Probe[p] zur Ätheranalyse",3,"Proben[p] zur Ätheranalyse",1,0,1,1,0,False,"Probe zur Ätheranalyse",21453,1,99,1,0,0,0,0
2003176,"aufschlussreich[a] Probe[p] zur Ätheranalyse",3,"aufschlussreich[a] Proben[p] zur Ätheranalyse",1,0,1,1,0,False,"Aufschlussreiche Proben zur Ätheranalyse",21455,1,99,1,0,0,0,0
2003177,"moosbewachsen[a] Kacchapa-Panzer",4,"moosbewachsen[a] Kacchapa-Panzer",1,0,1,0,0,False,"Moosbewachsener Kacchapa-Panzer",25919,0,2,1,69733,0,0,0
2003178,"Stück[p] Sotormurg-Brustfleisch",4,"Stücke[p] Sotormurg-Brustfleisch",2,0,1,2,0,False,"Sotormurg-Brustfleisch",25155,0,1,1,69734,0,0,0
2003179,"",0,"",0,0,0,0,0,False,"",0,0,0,0,0,0,0,0
2003180,"erfrischend[a] Amra-Lassi",4,"erfrischend[a] Amra-Lassis",1,0,1,0,0,False,"Erfrischender Amra-Lassi",24454,0,2,1,69904,0,0,0
2003181,"torkelnd[a] Deepa",3,"torkelnd[a] Deepas",1,0,1,1,0,False,"Torkelnde Deepa",59700,0,1,1,69908,0,0,0
2003182,"Jutesack[p] mit Gallenerz",4,"Jutesäcke[p] mit Gallenerz",2,0,1,0,0,False,"Jutesack mit Gallenerz",25919,0,1,1,69911,0,0,0
2003183,"Holzkiste",3,"Holzkisten",1,0,1,1,0,False,"Holzkiste",52546,0,2,1,69741,0,0,0
2003184,"Jutesack",4,"Jutesäcke",2,0,1,0,0,False,"Jutesack",26110,0,3,1,69741,0,0,0
2003185,"Daemir-Härtungsmittel",4,"Daemir-Härtungsmittel",2,0,1,2,0,False,"Daemir-Härtungsmittel",20645,0,3,1,69744,0,0,0
2003186,"Felsmesser",4,"Felsmesser",2,0,1,2,0,False,"Felsmesser",30362,1,1,1,69745,3,0,0
2003187,"Mutterbaumborke",3,"Mutterbaumborke",1,0,1,1,0,False,"Mutterbaumborke",22418,0,1,1,69745,0,0,0
2003188,"gestohlen[a] Eisenplatte",3,"gestohlen[a] Eisenplatten",1,0,1,1,0,False,"Gestohlene Eisenplatte",20963,0,1,1,69735,0,0,0
2003189,"Gilbeutel",4,"Gilbeutel",2,0,1,0,0,False,"Gilbeutel",25919,0,1,1,69736,0,0,0
2003190,"Beutel[p] mit Glanzsteinen",4,"Beutel[p] mit Glanzsteinen",2,0,1,0,0,False,"Beutel mit Glanzsteinen",25919,0,1,1,69736,0,0,0
2003191,"verirrt[a] Hamsa",3,"verirrt[a] Hamsa",1,0,1,0,0,False,"Verirrter Hamsa",25919,0,1,1,69742,0,0,0
2003192,"",0,"",0,0,0,0,0,False,"",0,0,0,0,0,0,0,0
2003193,"Flakon[p] Perfümöl",4,"Flakons[p] Perfümöl",1,0,1,0,0,False,"Parfümöl",27602,0,1,1,69738,0,0,0
2003194,"Amrafrucht",3,"Amrafrüchte",2,0,1,1,0,False,"Amrafrucht",25325,0,1,1,69738,0,0,0
2003195,"mit Schlafmittel beträufelt[a] Kotelett[p]",4,"mit Schlafmittel beträufelt[a] Koteletts[p]",1,0,1,2,0,False,"Mit Schlafmittel beträufeltes Kotelett",25919,1,3,1,69759,3,0,0
2003196,"Beutel[p] voll mit Buchweizenkörnern",4,"Beutel[p] voll mit Buchweizenkörnern",2,0,1,0,0,False,"Beutel voll mit Buchweizenkörnern",26110,0,1,1,69761,0,0,0
2003197,"",0,"",0,0,0,0,0,False,"",0,0,0,0,0,0,0,0
2003198,"",0,"",0,0,0,0,0,False,"",0,0,0,0,0,0,0,0
2003199,"Schutztinktur",3,"Schutztinkturen",1,0,1,1,0,False,"Schutztinktur",27608,1,6,1,69743,3,0,0
2003200,"Hamsa-Ei",4,"Hamsa-Eier[p]",2,0,1,2,0,False,"Hamsa-Ei",25251,0,1,1,69743,0,0,0
2003201,"Flasche[p] gefüllt mit wärmendem Äther",3,"Flaschen[p] gefüllt mit wärmendem Äther",1,0,1,1,0,False,"Flasche gefüllt mit wärmendem Äther",27602,0,3,1,69757,0,0,0
2003202,"Cermet-Kette",3,"Cermet-Ketten",1,0,1,1,0,False,"Cermet-Kette",20921,1,1,1,69762,1,0,0
2003203,"eingefangen[a] Rotula",3,"eingefangen[a] Rotulas",1,0,1,1,0,False,"Eingefangene Rotula",26110,0,1,1,69762,0,0,0
2003204,"leer[a] Schnapsflasche",3,"leer[a] Schnapsflaschen",1,0,1,1,0,False,"Leere Schnapsflasche",25057,0,1,1,69763,0,0,0
2003205,"leer[a] Flakon",4,"leer[a] Flakons",1,0,1,2,0,False,"Leeres Flakon",20706,0,1,1,69763,0,0,0
2003206,"Brief[p] ohne Adressaten",4,"Briefe[p] ohne Adressaten",2,0,1,0,0,False,"Brief ohne Adressaten",26177,0,1,1,69764,0,0,0
2003207,"Erdseim-Tank",4,"Erdseim-Tanks",1,0,1,0,0,False,"Erdseim-Tank",25946,0,1,1,69765,0,0,0
2003208,"Betäubungspulver",4,"Betäubungspulver",2,0,1,2,0,False,"Betäubungspulver",22603,1843,1,1,69766,3,0,0
2003209,"heiß[a] Suppe",3,"heiß[a] Suppen",1,0,1,1,0,False,"Heiße Suppe",24110,0,3,1,69767,0,0,0
2003210,"Sprengstoff",4,"Sprengstoffe",2,0,1,0,0,False,"Sprengstoff",25907,1,2,1,69771,3,0,0
2003211,"Flasche[p] Alkohol",3,"Flaschen[p] Alkohol",1,0,1,1,0,False,"Alkohol",27608,306,1,1,69772,1,0,0
2003212,"blutig[a] Alma-Klumpen",4,"blutig[a] Alma-Klumpen",1,0,1,0,0,False,"Blutiger Alma-Klumpen",22601,0,1,1,69772,0,0,0
2003213,"niedergelegt[a] Waffe",3,"niedergelegt[a] Waffen",1,0,1,1,0,False,"Niedergelegte Waffe",30416,0,4,1,69773,0,0,0
2003214,"Gallenerz-Amulett",4,"Gallenerz-Amulette",2,0,1,2,0,False,"Gallenerz-Amulett",53030,0,1,1,69792,0,0,0
2003215,"Fangnetz",2,"Fangnetze",2,0,1,2,0,False,"Fangnetz",27002,0,2,1,69800,0,0,0
2003216,"Guhasaya-Kadaver",4,"Guhasaya-Kadaver",2,0,1,0,0,False,"Guhasaya-Kadaver",23001,0,1,1,69801,0,0,0
2003217,"Silberschuppe",3,"Silberschuppen",1,0,1,1,0,False,"Silberschuppe",22262,0,1,1,69801,0,0,0
2003218,"Thavnair-Lorbeerblatt",4,"Thavnair-Lorbeerblätter",2,0,1,2,0,False,"Thavnair-Lorbeerblatt",25978,0,1,1,69802,0,0,0
2003219,"Singabera-Wurzel",3,"Singabera-Wurzeln",1,0,1,1,0,False,"Singabera-Wurzel",25919,0,1,1,69802,0,0,0
2003220,"Talisman-Nadel",3,"Talisman-Nadeln",1,0,1,1,0,False,"Talisman-Nadel",25979,0,1,1,69802,0,0,0
2003221,"",0,"",0,0,0,0,0,False,"",0,0,0,0,0,0,0,0
2003222,"robust[a] Jutesack",4,"robust[a] Jutesäcke",2,0,1,0,0,False,"Robuster Jutesack",21610,1,3,1,69803,3,0,0
2003223,"gefangen[a] Bhujamga",3,"gefangen[a] Bhujamga",1,0,1,1,0,False,"Gefangene Bhujamga",26110,0,3,1,69803,0,0,0
2003224,"Bhujamga-Kadaver",4,"Bhujamga-Kadaver",2,0,1,0,0,False,"Bhujamga-Kadaver",29248,0,1,1,69803,0,0,0
2003225,"",0,"",0,0,0,0,0,False,"",0,0,0,0,0,0,0,0
2003226,"Seelenwächter",4,"Seelenwächter",2,0,1,0,0,False,"Seelenwächter",26065,0,6,1,69918,0,0,0
2003227,"Wärmetrank",4,"Wärmetränke",2,0,1,0,0,False,"Wärmetrank",20675,0,4,1,69921,0,0,0
2003228,"Erdseim-Tank[p] aus dem Teich",4,"Erdseim-Tanks[p] aus dem Teich",1,0,1,0,0,False,"Erdseim-Tank aus dem Teich",25946,0,1,1,69926,0,0,0
2003229,"Ladung[p] Sprengstoff Nr. XXXVII",3,"Ladungen[p] Sprengstoff Nr. XXXVII",1,0,1,1,0,False,"Sprengstoff Nr. XXXVII",26015,1,2,1,69927,3,0,0
2003230,"Erdseim-Tank",4,"Erdseim-Tanks",1,0,1,0,0,False,"Erdseim-Tank",25946,0,1,1,69927,0,0,0
2003231,"magisch[a] Fessel",3,"magisch[a] Fesseln",1,0,1,1,0,False,"Magische Fessel",20923,1843,2,1,69929,3,0,0
2003232,"Ätherseil",4,"Ätherseile",2,0,1,2,0,False,"Ätherseil",21663,1,2,1,69957,1,0,0
2003233,"gefesselt[a] Petalouda",3,"gefesselt[a] Petaloudas",1,0,1,0,0,False,"Gefesselter Petalouda",25979,0,2,1,69957,0,0,0
2003234,"Gewitterkristall",4,"Gewitterkristalle",2,0,1,0,0,False,"Gewitterkristall",20025,1276,2,1,69960,3,0,7
2003235,"Konzeptkristall",4,"Konzeptkristalle",2,0,1,0,0,False,"Konzeptkristall",20026,0,1,1,69965,0,0,0
2003236,"gigantisch[a] Karotte",3,"gigantisch[a] Karotte",1,0,1,1,0,False,"Gigantische Karotte",26110,3140,1,1,69938,0,0,0
2003237,"dampfend[a] Tasse[p] Chai",3,"dampfend[a] Tassen[p] Chai",1,0,1,1,0,False,"Dampfender Chai",24408,0,3,1,69952,0,0,0
2003238,"",0,"",0,0,0,0,0,False,"",0,0,0,0,0,0,0,0
2003239,"",0,"",0,0,0,0,0,False,"",0,0,0,0,0,0,0,0
2003240,"versiegelt[a] Schreiben",4,"versiegelt[a] Schreiben",1,0,1,2,0,False,"Versiegeltes Schreiben",26151,0,1,1,69982,0,0,0
2003241,"geheimnisvoll[a] Kiste",3,"geheimnisvoll[a] Kisten",1,0,1,1,0,False,"Geheimnisvolle Kiste",26108,0,1,1,69796,0,0,0
2003242,"geheimnisvoll[a] Schlüssel",4,"geheimnisvoll[a] Schlüssel",2,0,1,0,0,False,"Geheimnisvoller Schlüssel",25904,0,1,1,69796,0,0,0
2003243,"geheimnisvoll[a] Notiz",3,"geheimnisvoll[a] Notizen",1,0,1,1,0,False,"Geheimnisvolle Notiz",26151,3140,1,1,69796,0,0,1
2003244,"Phiole[p] mit Nottinktur",3,"Phiolen[p] mit Nottinktur",1,0,1,1,0,False,"Nottinktur",20601,1,1,1,69774,1,0,0
2003245,"Gajaleder-Schatzkarte",3,"Gajaleder-Schatzkarten",1,0,1,1,0,False,"Gajaleder-Schatzkarte",26151,1,1,2,0,0,0,0
2003246,"Kumbhilaleder-Schatzkarte",3,"Kumbhilaleder-Schatzkarten",1,0,1,1,0,False,"Kumbhilaleder-Schatzkarte",26151,1,1,2,0,0,0,0
2003247,"Äthergramm-Karte[p] V",3,"Äthergramm-Karten[p] V",1,0,1,1,0,False,"Äthergramm-Karte V",26151,1,1,2,0,0,0,0
2003248,"Manusya-Skulptur",3,"Manusya-Skulpturen",1,0,1,1,0,False,"Manusya-Skulptur",25919,0,1,1,69795,0,0,0
2003249,"Spezialkeks",4,"Spezialkekse",2,0,1,0,0,False,"Spezialkeks",24067,0,1,1,70191,0,0,0
2003250,"Daidalion-Ei",2,"Daidalion-Eier",2,0,1,2,0,False,"Daidalion-Ei",25252,0,1,1,69819,0,0,0
2003251,"",0,"",0,0,0,0,0,False,"",0,0,0,0,0,0,0,0
2003252,"",0,"",0,0,0,0,0,False,"",0,0,0,0,0,0,0,0
2003253,"Enttarner",4,"Enttarner",2,0,1,0,0,False,"Enttarner",20001,1,1,1,69839,3,0,0
2003254,"Eidos-Fragment",4,"Eidos-Fragmente",2,0,1,2,0,False,"Eidos-Fragment",59451,0,1,1,69839,0,0,0
2003255,"Kristallkern[p] eines Luminion",4,"Kristallkerne[p] eines Luminion",2,0,1,0,0,False,"Kristallkern eines Luminion",21263,0,2,1,69883,0,0,0
2003256,"",0,"",0,0,0,0,0,False,"",0,0,0,0,0,0,0,0
2003257,"rot[a] Drachenblume",3,"rot[a] Drachenblumen",1,0,1,1,0,False,"Rote Drachenblume",25633,0,1,1,69876,0,0,0
2003258,"weiß[a] Drachenblume",3,"weiß[a] Drachenblumen",1,0,1,1,0,False,"Weiße Drachenblume",25634,0,1,1,69876,0,0,0
2003259,"geraubt[a] Notizbuch",4,"geraubt[a] Notizbücher",2,0,1,2,0,False,"Geraubtes Notizbuch",26151,0,99,1,0,0,0,0
2003260,"schlummernd[a] Oreias",3,"schlummernd[a] Oreias",1,0,1,2,0,False,"Schlummerndes Oreias",59424,0,3,1,69812,0,0,0
2003261,"alt[a] Kontrollmodul",4,"alt[a] Kontrollmodule",2,0,1,2,0,False,"Altes Kontrollmodul",26108,0,1,1,69789,0,0,0
2003262,"Stück[p] Frischobst",2,"Stücke[p] Frischobst",2,0,1,2,0,False,"Frischobst",25318,0,1,1,69865,0,0,0
2003263,"Herbizid",4,"Herbizid",2,0,1,2,0,False,"Herbizid",20645,306,1,1,69864,1,0,0
2003264,"angeknabbert[a] Kraftkarotte",3,"angeknabbert[a] Kraftkarotten",1,0,1,1,0,False,"Angeknabberte Kraftkarotte",25977,0,1,1,69776,0,0,0
2003265,"Beutelchen[p] Hypnos-Pulver",4,"Beutelchen[p] Hypnos-Pulver",1,0,1,2,0,False,"Hypnos-Pulver",20645,1,3,1,69812,1,0,0
2003266,"",0,"",0,0,0,0,0,False,"",0,0,0,0,0,0,0,0
2003267,"Krug[p] Entwässerungsmittel",4,"Krüge[p] Entwässerungsmittel",2,0,1,0,0,False,"Entwässerungsmittel",27607,1,1,1,69845,3,0,0
2003268,"überlang[a] Ätherseil",4,"überlang[a] Ätherseile",2,0,1,2,0,False,"Überlanges Ätherseil",20905,1843,1,1,69845,3,0,0
2003269,"gefesselt[a] Bryon",4,"gefesselt[a] Bryons",1,0,1,0,0,False,"Gefesselter Bryon",59566,0,1,1,69845,0,0,0
2003270,"Puppenkiste",3,"Puppenkisten",1,0,1,1,0,False,"Puppenkiste",21003,1843,1,1,69868,3,0,0
2003271,"Puppenkiste[p] mit Marionette",3,"Puppenkisten[p] mit Marionette",1,0,1,1,0,False,"Puppenkisten mit Marionette",21003,0,1,1,69868,0,0,0
2003272,"Erdseim-Maschinenbauteil",3,"Erdseim-Maschinenbauteile",2,0,1,2,0,False,"Erdseim-Maschinenbauteil",25946,0,99,1,0,0,0,0
2003273,"Mini-Monitor[p] ohne Daten",3,"Mini-Monitoren[p] ohne Daten",1,0,1,0,0,False,"Mini-Monitor ohne Daten",53266,1843,1,1,69890,3,0,0
2003274,"Mini-Monitor[p] mit Daten",3,"Mini-Monitoren[p] mit Daten",1,0,1,0,0,False,"Mini-Monitor mit Daten",53266,0,1,1,69890,0,0,0
2003275,"",0,"",0,0,0,0,0,False,"",0,0,0,0,0,0,0,0
2003276,"handgefertigt[a] Gilbörse",3,"handgefertigt[a] Gilbörsen",1,0,1,1,0,False,"Handgefertigte Gilbörse",26001,0,1,1,69808,0,0,0
2003277,"Lederbeutel[p] voller Eier",4,"Lederbeutel[p] voller Eier",2,0,1,0,0,False,"Lederbeutel voller Eier",25356,0,1,1,69808,0,0,0
2003278,"Futterbeutel[p] für kleine Hamsas",4,"Futterbeutel[p] für kleine Hamsas",2,0,1,0,0,False,"Futterbeutel für kleine Hamsas",25977,0,1,1,69810,0,0,0
2003279,"Futterbeutel[p] für große Hamsas",4,"Futterbeutel[p] für große Hamsas",2,0,1,0,0,False,"Futterbeutel für große Hamsas",26110,0,1,1,69810,0,0,0
2003280,"",0,"",0,0,0,0,0,False,"",0,0,0,0,0,0,0,0
2003281,"Knotenarmband",4,"Knotenarmbänder",2,0,1,2,0,False,"Knotenarmband",21677,0,1,1,69805,0,0,0
2003282,"",0,"",0,0,0,0,0,False,"",0,0,0,0,0,0,0,0
2003283,"",0,"",0,0,0,0,0,False,"",0,0,0,0,0,0,0,0
2003284,"",0,"",0,0,0,0,0,False,"",0,0,0,0,0,0,0,0
2003285,"Brief[p] an den Tiegel von Al-Kimiya",4,"Briefe[p] an den Tiegel von Al-Kimiya",2,0,1,0,0,False,"Brief an den Tiegel von Al-Kimiya",26177,0,1,1,69807,0,0,0
2003286,"Brief[p] an Familie Balyk",4,"Briefe[p] an Familie Balyk",2,0,1,0,0,False,"Brief an Familie Balyk",26177,0,1,1,69807,0,0,0
2003287,"Mousse-Schleim",4,"Mousse-Schleime",2,0,1,0,0,False,"Mousse-Schleim",22637,0,99,1,0,0,0,0
2003288,"Säckchen[p] mit Betäubungspulver",4,"Säckchen[p] mit Betäubungspulver",1,0,1,2,0,False,"Betäubungspulver",25991,1276,5,1,69751,1,0,4
2003289,"eingesammelt[a] Buch",4,"eingesammelt[a] Bücher",2,0,1,2,0,False,"Eingesammelte Bücher",26002,0,5,1,69751,0,0,0
2003290,"Backform",3,"Backformen",1,0,1,1,0,False,"Backform",20960,0,1,1,69852,0,0,0
2003291,"Ausgabe[p] von „Dellemonts Enzyklopädie der Süßwaren“",3,"Ausgaben[p] von „Dellemonts Enzyklopädie der Süßwaren“",1,0,1,1,0,False,"Dellemonts Enzyklopädie der Süßwaren",26002,0,1,1,69852,0,0,0
2003292,"Flasche[p] frische Yakuh-Milch",3,"Flaschen[p] frische Yakuh-Milch",1,0,1,1,0,False,"Frische Yakuh-Milch",24453,0,1,1,69852,0,0,0
2003293,"anonym[a] Brief",4,"anonym[a] Brief",2,0,1,0,0,False,"Anonymer Brief",26151,3140,1,1,69853,0,0,1
2003294,"Schlüssel",4,"Schlüssel",2,0,1,0,0,False,"Schlüssel",25902,0,3,1,69853,0,0,0
2003295,"",0,"",0,0,0,0,0,False,"",0,0,0,0,0,0,0,0
2003296,"magisch[a] Elixier",4,"magisch[a] Elixiere",2,0,1,2,0,False,"Magisches Elixier",20624,3140,1,1,0,0,0,0
2003297,"Nymeia-Lilien-Knolle",3,"Nymeia-Lilien-Knollen",1,0,1,1,0,False,"Nymeia-Lilien-Knolle",27459,1,2,1,69854,3,0,0
2003298,"belegt[a] Brot",4,"belegt[a] Brote",2,0,1,2,0,False,"Belegtes Brot",24009,0,2,1,69855,0,0,0
2003299,"Glas[p] Anagnorisis-Nektar",2,"Gläser[p] Anagnorisis-Nektar",2,0,1,2,0,False,"Anagnorisis-Nektar",24409,3140,1,1,70045,0,0,1
2003300,"Soma-Blüte",3,"Soma-Blüten",2,0,1,1,0,False,"Soma-Blüte",25039,0,1,1,70030,0,0,0
2003301,"goldverziert[a] Edelstein",4,"goldverzierter Edelsteine",2,0,1,0,0,False,"Goldverzierter Edelstein",20267,0,1,1,70032,0,0,0
2003302,"Archestratos Blume",3,"Archestratos Blumen",1,0,1,1,0,False,"Archestratos Blume",25580,0,3,1,70045,0,0,0
2003303,"",0,"",0,0,0,0,0,False,"",0,0,0,0,0,0,0,0
2003304,"Dosis[p] ätherischen Ergänzungsmittels",3,"Dosen[p] ätherischen Ergänzungsmittels",1,0,1,1,0,False,"Ätherisches Ergänzungsmittel",20673,1,1,1,70049,3,0,0
2003305,"Soma-Splitter",4,"Soma-Splitter",2,0,1,0,0,False,"Soma-Splitter",20037,0,99,1,0,0,0,0
2003306,"Geheimdokument",4,"Geheimdokumente",2,0,1,2,0,False,"Geheimdokument",26603,0,99,1,0,0,0,0
2003307,"Vihara-Blüte",3,"Vihara-Blüten",1,0,1,1,0,False,"Vihara-Blüte",22627,0,99,1,0,0,0,0
2003308,"Krinos",3,"Krinoi",1,0,1,1,0,False,"Krinos",26024,0,3,1,70051,0,0,0
2003309,"Kristall[p] für eine Laterne",4,"Kristalle[p] für eine Laterne",2,0,1,0,0,False,"Kristall für eine Laterne",20007,0,1,1,69856,0,0,0
2003310,"stinkend[a] Stoffbeutel",4,"stinkend[a] Stoffbeutel",1,0,1,0,0,False,"Stinkender Stoffbeutel",26110,1,3,1,69857,0,0,0
2003311,"klein[a] Bündel",4,"klein[a] Bündel",2,0,1,2,0,False,"Kleines Bündel",26110,0,1,1,69858,0,0,0
2003312,"Flasche[p] Goldsirup",3,"Flaschen[p]Goldsirup",1,0,1,1,0,False,"Goldsirup",20707,3140,1,1,69858,0,0,1
2003313,"Ortungskristall",4,"Ortungskristalle",2,0,1,0,0,False,"Ortungskristall",21269,3140,1,1,69859,0,0,0
2003314,"streunend[a] Karfunkel",4,"streunend[a] Karfunkel",2,0,1,2,0,False,"Streunendes Karfunkel",59544,0,1,1,69859,0,0,0
2003315,"flachsfarben[a] Tinktur",1,"flachsfarben[a] Tinkturen",2,0,1,1,0,False,"Flachsfarbene Tinktur",20673,1,1,1,69860,0,0,0
2003316,"robust[a] Leinenbeutel",4,"robust[a] Leinenbeutel",1,0,1,0,0,False,"Robuster Leinenbeutel",21610,1,1,1,69862,0,0,0
2003317,"Leinenbeutel[p] mit Irrtomate",4,"Leinenbeutel[p] mit Irrtomate",1,0,1,0,0,False,"Leinenbeutel mit Irrtomate",26110,0,1,1,69862,0,0,0
2003318,"Familienportrait",4,"Familienportraits",2,0,1,2,0,False,"Familienportrait",26179,0,1,1,69863,0,0,0
2003319,"Säckchen[p] mit Schwefelpulver",4,"Säckchen[p] mit Schwefelpulver",1,0,1,2,0,False,"Schwefelpulver",22629,1276,1,1,69866,1,0,4
2003320,"Riesenapfel",4,"Riesenäpfel",2,0,1,0,0,False,"Riesenapfel",25308,0,5,1,69866,0,0,0
2003321,"Phiole[p] Augentropfen",3,"Phiolen[p] Augentropfen",1,0,1,1,0,False,"Augentropfen",20704,1,1,1,69867,3,0,0
2003322,"Soma-Kristall",4,"Soma-Kristalle",2,0,1,0,0,False,"Soma-Kristall",20015,0,2,1,69870,0,0,0
2003323,"Schrift[p] „Aus den Chroniken des Aitiaskops“",3,"Schriften[p] „Aus den Chroniken des Aitiaskops“",1,0,1,1,0,False,"„Aus den Chroniken des Aitiaskops“",26572,0,1,1,69871,0,0,0
2003324,"Schrift[p] „Aus den Chroniken des Aitiaskops II“",3,"Schriften[p] „Aus den Chroniken des Aitiaskops II“",1,0,1,1,0,False,"„Aus den Chroniken des Aitiaskops II“",26572,0,1,1,69871,0,0,0
2003325,"Schrift[p] „Protokoll zur Planungssitzung der Arche“",3,"Schriften[p] „Protokoll zur Planungssitzung der Arche“",1,0,1,1,0,False,"„Protokoll zur Planungssitzung der Arche“",26572,0,1,1,69871,0,0,0
2003326,"Anila-Herz",7,"Anila-Herzen",1,0,1,2,0,False,"Anila-Herz",21293,0,1,1,69872,0,0,0
2003327,"Haufen[p] Silbersand",2,"Haufen[p] Silbersand",1,0,1,0,0,False,"Silbersand",25990,0,2,1,70053,0,0,0
2003328,"Glückskarottensaat",3,"Glückskarottensaaten",1,0,1,1,0,False,"Glückskarottensaat",27455,1,1,1,70055,3,0,0
2003329,"saftigsüß[a] Glückskarotte",3,"saftigsüß[a] Glückskarotten",1,0,1,1,0,False,"Saftigsüße Glückskarotte",25207,0,2,1,70055,0,0,0
2003330,"Kommunikator-Bauteil",4,"Kommunikator-Bauteile",2,0,1,2,0,False,"Kommunikator-Bauteil",21015,0,99,1,0,0,0,0
2003331,"zerstört[a] Prachtschwinge",3,"zerstört[a] Prachtschwingen",1,0,1,1,0,False,"Zerstörte Prachtschwinge",20973,0,2,1,69891,0,0,0
2003332,"Bergkröten-Giftblase",3,"Bergkröten-Giftblasen",1,0,1,1,0,False,"Bergkröten-Giftblase",22602,0,1,1,70018,0,0,0
2003333,"Kalkstein",4,"Kalksteine",2,0,1,0,0,False,"Kalkstein",22615,0,3,1,70019,0,0,0
2003334,"gestärkt[a] Anala-Herz",7,"gestärkt[a] Anala-Herzen",1,0,1,2,0,False,"Gestärktes Anala-Herz",21261,0,1,1,70022,0,0,0
2003335,"Soma-Herz",7,"Soma-Herzen",1,0,1,2,0,False,"Soma-Herz",21266,0,2,1,70023,0,0,0
2003336,"Feder[p] des Elpisvogels",3,"Federn[p] des Elpisvogels",1,0,1,1,0,False,"Feder des Elpisvogels",27266,0,1,1,69813,0,0,0
2003337,"tierisch[a] Frucht",3,"tierisch[a] Früchte",2,0,1,1,0,False,"Tierische Frucht",25313,0,2,1,69814,0,0,0
2003338,"Fläschchen[p] Eisenhaut-Tinktur",4,"Fläschchen[p] Eisenhaut-Tinktur",1,0,1,2,0,False,"Eisenhaut-Tinktur",20626,3140,1,1,69814,0,0,0
2003339,"Ätherseil",4,"Ätherseile",2,0,1,2,0,False,"Ätherseil",20905,1,3,1,69816,3,0,0
2003340,"",0,"",0,0,0,0,0,False,"",0,0,0,0,0,0,0,0
2003341,"Obstschale",3,"Obstschalen",1,0,1,1,0,False,"Obstschale",25308,0,1,1,69817,0,0,0
2003342,"schwer[a] Ätherseil",4,"schwer[a] Ätherseile",2,0,1,2,0,False,"Schweres Ätherseil",20905,1,3,1,69818,1,0,0
2003343,"gefesselt[a] Ophion",3,"gefesselt[a] Ophions",1,0,1,0,0,False,"Gefesselter Ophion",22623,0,3,1,69818,0,0,0
2003344,"",0,"",0,0,0,0,0,False,"",0,0,0,0,0,0,0,0
2003345,"Konzeptschrift",3,"Konzeptschriften",1,0,1,1,0,False,"Konzeptschrift",20026,0,4,1,69820,0,0,0
2003346,"klein[a] rot[a] Frucht",3,"klein[a] rot[a] Früchte",2,0,1,1,0,False,"Kleine rote Frucht",25310,0,3,1,69821,0,0,0
2003347,"Flakon[p] süßes Parfüm",4,"Flakone[p] süßes Parfüm",1,0,1,0,0,False,"Süßes Parfüm",20626,3140,1,1,69828,0,0,0
2003348,"Äthersphäre",3,"Äthersphären",1,0,1,1,0,False,"Äthersphäre",20006,0,2,1,69829,0,0,0
2003349,"Schriftrolle[p] mit Informationen über giftige Quallen",3,"Schriftrollen[p] mit Informationen über giftige Quallen",1,0,1,1,0,False,"Informationen über giftige Quallen",26572,0,1,1,69830,0,0,0
2003350,"Schriftrolle[p] mit Informationen über Pflanzen mit giftigen Früchten",3,"Schriftrollen[p] mit Informationen über Pflanzen mit giftigen Früchten",1,0,1,1,0,False,"Informationen über Pflanzen mit giftigen Früchten",26572,0,1,1,69830,0,0,0
2003351,"Schriftrolle[p] mit Informationen über den Morbol-Markgraf",3,"Schriftrollen[p] mit Informationen über den Morbol-Markgraf",1,0,1,1,0,False,"Informationen über den Morbol-Markgraf",26572,0,1,1,69830,0,0,0
2003352,"fein[a] Ätherseil",4,"fein[a] Ätherseile",2,0,1,0,0,False,"Feines Ätherseil",20905,1,4,1,69833,3,0,0
2003353,"flüchtig[a] Pflanze",3,"flüchtig[a] Pflanzen",1,0,1,1,0,False,"Flüchtige Pflanze",25978,0,4,1,69833,0,0,0
2003354,"klein[a] Futterbeutel",4,"klein[a] Futterbeutel",2,0,1,0,0,False,"Kleiner Futterbeutel",25977,0,4,1,69834,0,0,0
2003355,"Zephyrling[p] Nr. 72",4,"Zephyrlinge[p] Nr. 72",2,0,1,0,0,False,"Zephyrling Nr. 72",59490,0,4,1,69834,0,0,0
2003356,"Bommelblume",3,"Bommelblumen",1,0,1,1,0,False,"Bommelblume",21801,0,5,1,69835,0,0,0
2003357,"Wünschelkristall",4,"Wünschelkristalle",2,0,1,0,0,False,"Wünschelkristall",20024,3140,1,1,69836,0,0,0
2003358,"Gameira-Blume",3,"Gameira-Blumen",1,0,1,1,0,False,"Gameira-Blume",25543,0,1,1,69836,0,0,0
2003359,"gelb[a] Blume",3,"gelb[a] Blumen",1,0,1,1,0,False,"Gelbe Blume",25512,0,1,1,69840,0,0,0
2003360,"Leitfaden[p] „Willkommen im Hyperboreia“",4,"Leitfäden[p] „Willkommen im Hyperboreia“",2,0,1,0,0,False,"Leitfaden „Willkommen im Hyperboreia“",26170,0,1,1,69840,0,0,0
2003361,"Sprengkristall-Prototyp",4,"Sprengkristall-Prototypen",1,0,1,0,0,False,"Sprengkristall-Prototyp",20001,1276,1,1,69841,3,0,3
2003362,"Erzprobe",3,"Erzproben",1,0,1,1,0,False,"Erzprobe",21210,0,3,1,69841,0,0,0
2003363,"Speude Bradeos",3,"Speude Bradeos",1,0,1,0,0,False,"Speude Bradeos",59775,0,1,1,69842,0,0,0
2003364,"knackig[a] Karotte",3,"knackig[a] Karotten",1,0,1,1,0,False,"Knackige Karotte",25207,0,1,1,69846,0,0,0
2003365,"schlafend[a] Kreatur",3,"schlafend[a] Kreaturen",1,0,1,1,0,False,"Schlafende Kreatur",59669,0,1,1,69851,0,0,0
2003366,"Fungusprobe",3,"Fungusproben",2,0,1,1,0,False,"Fungusprobe",21664,0,1,1,69778,0,0,0
2003367,"synthetisch[a] Blitzkristall",4,"synthetisch[a] Blitzkristalle",2,0,1,0,0,False,"Synthetischer Blitzkristall",20011,0,1,1,69780,0,0,0
2003368,"synthetisch[a] Windkristall",4,"synthetisch[a] Windkristalle",2,0,1,0,0,False,"Synthetischer Windkristall",20010,0,1,1,69780,0,0,0
2003369,"leer[a] Fläschchen",4,"leer[a] Fläschchen",1,0,1,2,0,False,"Leeres Fläschchen",20669,0,1,1,69784,0,0,0
2003370,"Fläschchen[p] Quellwasser",4,"Fläschchen[p] Quellwasser",1,0,1,2,0,False,"Fläschchen Quellwasser",20668,1,1,1,69784,3,0,0
2003371,"erlegt[a] Daphnia",3,"erlegt[a] Daphnias",1,0,1,1,0,False,"Erlegte Daphnia",25977,0,1,1,69786,0,0,0
2003372,"Mondwurz",2,"Mondwurze",2,0,1,0,0,False,"Mondwurz",25993,0,1,1,69787,0,0,0
2003373,"Rotstachler",3,"Rotstachler",1,0,1,0,0,False,"Rotstachler",25991,0,1,1,69787,0,0,0
2003374,"Glimmerschwämmchen",3,"Glimmerschwämmchen",1,0,1,2,0,False,"Glimmerschwämmchen",25992,0,1,1,69787,0,0,0
2003375,"Kristallblume",3,"Kristallblumen",1,0,1,1,0,False,"Kristallblume",22694,0,1,1,69790,0,0,0
2003376,"Manusya-Blume",3,"Manusya-Blumen",1,0,1,1,0,False,"Manusya-Blume",25606,0,1,1,69799,0,0,0
2003377,"Mrga-Blume",3,"Mrga-Blumen",1,0,1,1,0,False,"Mrga-Blume",25564,0,1,1,69799,0,0,0
2003378,"Vergaser",4,"Vergaser",2,0,1,0,0,False,"Vergaser",20916,0,1,1,70035,0,0,0
2003379,"Brief",4,"Briefe",2,0,1,0,0,False,"Brief",26181,0,1,1,70039,0,0,0
2003380,"galaktastisch[a] Kosmoanzug-Set",4,"galaktastisch[a] Kosmoanzug-Sets",1,0,1,2,0,False,"Galaktastisches Kosmoanzug-Set",26111,0,3,1,70859,0,0,0
2003381,"mysteriös[a] Kiste",3,"mysteriös[a] Kisten",1,0,1,1,0,False,"Mysteriöse Kiste",26108,0,1,1,70860,0,0,0
2003382,"gefesselt[a] Agavoides-Jungtier",4,"gefesselt[a] Agavoides-Jungtiere",2,0,1,2,0,False,"Gefesseltes Agavoides-Jungtier",59747,0,3,1,69816,0,0,0
2003383,"Proviantbox[p] aus Metall",3,"Proviantboxen[p] aus Metall",1,0,1,1,0,False,"Proviantbox aus Metall",24453,0,2,1,69797,0,0,0
2003384,"Daemirs Wundsalbe",3,"Daemirs Wundsalben",1,0,0,1,1,False,"Daemirs Wundsalbe",20706,1,1,1,69798,3,0,0
2003385,"Nervengewebe",4,"Nervengewebe",2,0,1,2,0,False,"Nervengewebe",29181,0,1,1,69889,0,0,0
2003386,"Seelenbändiger",4,"Seelenbändiger",2,0,1,0,0,False,"Seelenbändiger",26103,1843,1,1,69887,3,0,0
2003387,"lethargisch[a] Ea",3,"lethargisch[a] Eas",1,0,1,0,0,False,"Lethargischer Ea",26111,0,1,1,69887,0,0,0
2003388,"bewilligt[a] Konzept",4,"bewilligt[a] Konzepte",2,0,1,2,0,False,"Bewilligtes Konzept",20026,0,2,1,69837,0,0,0
2003389,"Ätherseil",4,"Ätherseile",2,0,1,2,0,False,"Ätherseil",20905,0,1,1,69847,0,0,0
2003390,"gefesselt[a] Charybdis",3,"gefesselt[a] Charybdis",1,0,1,0,0,False,"Gefesselter Charybdis",22623,0,1,1,69847,0,0,0
2003391,"Ausgabe[p] von „Das Wunderwerk der Daemir“",3,"Ausgaben[p] von „Das Wunderwerk der Daemir“",1,0,1,1,0,False,"Das Wunderwerk der Daemir",26162,0,1,1,70069,0,0,0
2003392,"Fläschchen[p] astralaspektierten Wassers",4,"Fläschchen[p] astralaspektierten Wassers",1,0,1,2,0,False,"Astralaspektiertes Wasser",24454,0,1,1,70069,0,0,0
2003393,"Hipporaser-Handzettel",4,"Hipporaser-Handzettel",2,0,1,0,0,False,"Hipporaser-Handzettel",26151,0,3,1,70087,0,0,0
2003394,"klein[a] Beutel",4,"klein[a] Beutel",2,0,1,0,0,False,"Kleiner Beutel",26112,0,1,1,70088,0,0,0
2003395,"Sack[p] mit getrockneten Fischen",4,"Säcke[p] mit getrockneten Fischen",2,0,1,0,0,False,"Sack mit getrockneten Fischen",25919,0,1,1,70088,0,0,0
2003396,"Holzkiste[p] von Naldiq & Vymelli",3,"Holzkisten[p] von Naldiq & Vymelli",1,0,1,1,0,False,"Holzkiste von Naldiq & Vymelli",21003,0,1,1,70088,0,0,0
2003397,"kräftig[a] Manjusaka-Ranke",3,"kräftig[a] Manjusaka-Ranken",1,0,1,1,0,False,"Kräftige Manjusaka-Ranke",21672,0,1,1,70089,0,0,0
2003398,"Abschrift[p] von „Die Macht der Zerstörung“",3,"Abschriften[p] von „Die Macht der Zerstörung“",2,0,1,1,0,False,"„Die Macht der Zerstörung“",26156,0,1,1,70074,0,0,0
2003399,"Wasserflasche",3,"Wasserflaschen",1,0,1,1,0,False,"Wasserflasche",24454,0,1,1,70075,0,0,0
2003400,"tiefgrün[a] Acht-Schätze-Blume",3,"tiefgrün[a] Acht-Schätze-Blumen",1,0,1,1,0,False,"Tiefgrüne Acht-Schätze-Blume",25992,0,3,1,70091,0,0,0
2003401,"Flusspferdseife",3,"Flusspferdseifen",1,0,1,1,0,False,"Flusspferdseife",22609,1,1,1,70102,3,0,0
2003402,"Bündel[p] frischen Wassergrases",4,"Bündel[p] frischen Wassergrases",2,0,1,2,0,False,"Frisches Wassergras",25034,0,3,1,70103,0,0,0
2003403,"verdorben[a] Fleischstück",4,"verdorben[a] Fleischstücke",2,0,1,2,0,False,"Verdorbenes Fleischstück",24353,1,1,1,70105,3,0,0
2003404,"Schuppe[p] eines uralten Pisacas",3,"Schuppen[p] eines uralten Pisacas",1,0,1,1,0,False,"Schuppe eines uralten Pisacas",22262,0,1,1,70105,0,0,0
2003405,"Gallenerz-Messer",4,"Gallenerz-Messer",2,0,1,2,0,False,"Gallenerz-Messer",33801,1,1,1,70106,3,0,0
2003406,"Eimer[p] Riesenbaum-Harz",3,"Eimer[p] Riesenbaum-Harz",4,0,2,0,0,False,"Riesenbaum-Harz",22637,0,3,1,70106,0,0,0
2003407,"Daemir-Sprengkugel",3,"Daemir-Sprengkugeln",1,0,1,1,0,False,"Daemir-Sprengkugel",26015,1276,1,1,70107,3,0,3
2003408,"Ksiroda-Tonstein",4,"Ksiroda-Tonsteine",2,0,1,0,0,False,"Ksiroda-Tonstein",21455,0,1,1,70107,0,0,0
2003409,"Odqan-Splitter",4,"Odqan-Splitter",2,0,1,0,0,False,"Odqan-Splitter",25978,0,2,1,70108,0,0,0
2003410,"Moosbeutel",4,"Moosbeutel",2,0,1,0,0,False,"Moosbeutel",22801,0,3,1,70109,0,0,0
2003411,"Beutel[p] mit eingesammelten Schulden",4,"Beutel[p] mit eingesammelten Schulden",2,0,1,0,0,False,"Eingsammelte Schulden",26111,0,2,1,70110,0,0,0
2003412,"nass[a] Gepäckstück",4,"nass[a] Gepäckstücke",2,0,1,2,0,False,"Nasses Gepäckstück",26108,0,3,1,70112,0,0,0
2003413,"duftend[a] Fisch",4,"duftend[a] Fische",2,0,1,0,0,False,"Duftender Fisch",26110,0,1,1,70114,0,0,0
2003414,"Bein[p] einer Akyaali-Krabbe",4,"Beine[p] einer Akyaali-Krabbe",2,0,1,2,0,False,"Bein einer Akyaali-Krabbe",22261,0,2,1,70114,0,0,0
2003415,"Jutesack[p] mit Hamsa-Eiern",4,"Jutesäcke[p] mit Hamsa-Eiern",2,0,1,0,0,False,"Hamsa-Eier",25919,0,1,1,70094,0,0,0
2003416,"rot[a] Meeresblume",3,"rot[a] Meeresblumen",1,0,1,1,0,False,"Rote Meeresblume",28404,0,2,1,70096,0,0,0
2003417,"Proviantbox[p] aus Metall",3,"Proviantboxen[p] aus Metall",1,0,1,1,0,False,"Proviantbox aus Metall",24453,0,2,1,70097,0,0,0
2003418,"Amrafrucht",3,"Amrafrüchte",2,0,1,1,0,False,"Amrafrucht",25325,0,2,1,70097,0,0,0
2003419,"Beutel[p] mit Essensresten",4,"Beutel[p] mit Essensresten",1,0,1,0,0,False,"Beutel mit Essensresten",25919,0,2,1,70098,0,0,0
2003420,"Gegengift[p] aus Daemirs Werk",4,"Gegengifte[p] aus Daemirs Werk",2,0,1,2,0,False,"Gegengift aus Daemirs Werk",20662,1,1,1,70099,3,0,0
2003421,"Asvattha-Knospe",3,"Asvattha-Knospen",1,0,1,1,0,False,"Asvattha-Knospe",25313,0,1,1,70099,0,0,0
2003422,"Flusspferd-Futterbeutel",4,"Flusspferd-Futterbeutel",2,0,1,0,0,False,"Flusspferd-Futterbeutel",25919,0,1,1,70104,0,0,0
2003423,"Nashus Spezialmedizin",3,"Nashus Spezialmedizin",1,0,1,1,0,False,"Nashus Spezialmedizin",26015,0,1,1,70078,0,0,0
2003424,"Hildikristall",4,"Hildikristalle",2,0,1,0,0,False,"Hildikristall",26610,0,1,1,70079,0,0,0
2003425,"",0,"",0,0,0,0,0,False,"",0,0,0,0,0,0,0,0
2003426,"",0,"",0,0,0,0,0,False,"",0,0,0,0,0,0,0,0
2003427,"",0,"",0,0,0,0,0,False,"",0,0,0,0,0,0,0,0
2003428,"",0,"",0,0,0,0,0,False,"",0,0,0,0,0,0,0,0
2003429,"",0,"",0,0,0,0,0,False,"",0,0,0,0,0,0,0,0
2003430,"",0,"",0,0,0,0,0,False,"",0,0,0,0,0,0,0,0
2003431,"",0,"",0,0,0,0,0,False,"",0,0,0,0,0,0,0,0
2003432,"",0,"",0,0,0,0,0,False,"",0,0,0,0,0,0,0,0
2003433,"",0,"",0,0,0,0,0,False,"",0,0,0,0,0,0,0,0
2003434,"",0,"",0,0,0,0,0,False,"",0,0,0,0,0,0,0,0
2003435,"",0,"",0,0,0,0,0,False,"",0,0,0,0,0,0,0,0
2003436,"",0,"",0,0,0,0,0,False,"",0,0,0,0,0,0,0,0
2003437,"",0,"",0,0,0,0,0,False,"",0,0,0,0,0,0,0,0
2003438,"",0,"",0,0,0,0,0,False,"",0,0,0,0,0,0,0,0
2003439,"",0,"",0,0,0,0,0,False,"",0,0,0,0,0,0,0,0
2003440,"Wiegenstern-Lunchbox",3,"Wiegenstern-Lunchboxen",1,0,1,1,0,False,"Wiegenstern-Lunchbox",20974,0,2,1,70149,0,0,0
2003441,"synthetisch[a] Körperbeutel",4,"synthetisch[a] Körperbeutel",2,0,1,0,0,False,"Synthetischer Körperbeutel",26110,1,1,1,70155,3,0,0
2003442,"synthetisch[a] Körperbeutel[p] mit ausgetrocknetem Grebuloff",4,"synthetisch[a] Körperbeutel[p] mit ausgetrocknetem Grebuloff",2,0,1,0,0,False,"Synthetischer Körperbeutel mit ausgetrocknetem Grebuloff",26110,0,1,1,70155,0,0,0
2003443,"Erzsack",4,"Erzsäcke",2,0,1,0,0,False,"Erzsack",26110,0,2,1,0,0,0,0
2003444,"Myrrhe-Räuchergefäß",2,"Myrrhe-Räuchergefäße",2,0,1,2,0,False,"Myrrhe-Räuchergefäß",22851,0,1,1,0,0,0,0
2003445,"Holzfass",2,"Holzfässer",2,0,1,2,0,False,"Holzfass",26547,0,1,1,70211,0,0,0
2003446,"Fass[p] mit Erdseim",2,"Fässer[p] mit Erdseim",2,0,1,2,0,False,"Fass mit Erdseim",26547,0,1,1,70211,0,0,0
2003447,"Saliah-Ei",2,"Saliah-Eier",2,0,1,2,0,False,"Saliah-Ei",21310,0,99,1,0,0,0,0
2003448,"Beutel[p] mit Roboterschrott",4,"Beutel[p] mit Roboterschrott",1,0,1,0,0,False,"Roboterschrott",25990,0,1,1,70233,0,0,0
2003449,"Möhrengranate",3,"Möhrengranaten",1,0,1,1,0,False,"Möhrengranate",26015,1276,1,1,70250,3,0,3
2003450,"Möhrensteak",4,"Möhrensteaks",1,0,1,2,0,False,"Möhrensteak",26109,0,3,1,70240,0,0,0
2003451,"Aufzieh-Godbert",4,"Aufzieh-Godberts",1,0,1,0,0,False,"Aufzieh-Godbert",59876,0,2,1,70263,0,0,0
2003452,"Zuhörerbrief",4,"Zuhörerbriefe",2,0,1,0,0,False,"Zuhörerbrief",26171,0,4,1,70222,0,0,0
2003453,"Set[p] aus Noahs Helferlein",4,"Sets[p] aus Noahs Helferlein",1,0,1,2,0,False,"Noahs Helferlein",26544,0,1,1,70199,0,0,0
2003454,"Thorne-Ära-Fächer",4,"Thorne-Ära-Fächer",2,0,1,0,0,False,"Thorne-Ära-Fächer",26128,0,1,1,70256,0,0,0
2003455,"Legendenleder-Schatzkarte",3,"Legendenleder-Schatzkarten",1,0,1,1,0,False,"Legendenleder-Schatzkarte",26151,1,1,2,0,0,0,0
2003456,"exotisch[a] Äthergramm-Karte[p] III",3,"exotisch[a] Äthergramm-Karten[p] III",1,0,1,1,0,False,"Exotische Äthergramm-Karte III",26151,1,1,2,0,0,0,0
2003457,"Ophiotaurosleder-Schatzkarte",3,"Ophiotaurosleder-Schatzkarten",1,0,1,1,0,False,"Ophiotaurosleder-Schatzkarte",26151,1,1,2,0,0,0,0
2003458,"Äthergramm-Karte[p] VI",3,"Äthergramm-Karten[p] VI",1,0,1,1,0,False,"Äthergramm-Karte VI",26151,1,1,2,0,0,0,0
2003459,"Riesenschildkrötenleber",3,"Riesenschildkrötenlebern",1,0,1,1,0,False,"Riesenschildkrötenleber",25919,0,1,1,70290,0,0,0
2003460,"Shishu-Dogu",3,"Shishu-Dogu",1,0,1,0,0,False,"Shishu-Dogu",25919,0,1,1,0,0,0,0
2003461,"Gewürzbeutelchen",4,"Gewürzbeutelchen",1,0,1,2,0,False,"Gewürzbeutelchen",25979,3140,1,1,70271,0,0,0
2003462,"Brief[p] mit blauer Chocobo-Zeichnung",4,"Briefe[p] mit blauer Chocobo-Zeichnung",2,0,1,0,0,False,"Brief mit blauer Chocobo-Zeichnung",26175,0,1,1,70302,0,0,0
2003463,"Sagenleder-Schatzkarte",3,"Sagenleder-Schatzkarten",1,0,1,1,0,False,"Sagenleder-Schatzkarte",26151,1,1,2,0,0,0,0
2003464,"exotisch[a] Äthergramm-Karte[p] IV",3,"exotisch[a] Äthergramm-Karten[p] IV",1,0,1,1,0,False,"Exotische Äthergramm-Karte IV",26151,1,1,2,0,0,0,0
2003465,"verpackt[a] Geschenk",4,"verpackt[a] Geschenke",2,0,1,2,0,False,"Verpacktes Geschenk",26109,1,1,1,70298,0,0,0
2003466,"geflochten[a] Armband",4,"geflochten[a] Armbänder",2,0,1,2,0,False,"Geflochtenes Armband",26113,0,3,1,70318,0,0,0
2003467,"signiert[a] Armreif",4,"signiert[a] Armreifen",1,0,1,0,0,False,"Signierter Armreif",26107,0,1,1,70318,0,0,0
2003468,"Holzfigur[p] des Finken",3,"Holzfiguren[p] des Finken",1,0,1,1,0,False,"Holzfigur des Finken",25919,0,1,1,0,0,0,0
2003469,"südlich[a] Sägerücken",4,"südlich[a] Sägerücken",1,0,1,0,0,False,"Südlicher Sägerücken",25919,0,1,1,0,0,0,0
2003470,"südlich[a] Wurm",4,"südlich[a] Würmer",2,0,1,0,0,False,"Südlicher Wurm",25919,0,1,1,0,0,0,0
2003471,"Rübikator[p] Mk-1",4,"Rübikatoren[p] Mk-1",1,0,1,0,0,False,"Rübikator Mk-1",25207,1,1,1,70331,0,0,0
2003472,"Apokryph-Horn",4,"Apokryph-Hörner",2,0,1,2,0,False,"Apokryph-Horn",26038,1,1,1,70331,0,0,0
2003473,"",0,"",0,0,0,0,0,False,"",0,0,0,0,0,0,0,0
2003474,"Holzfigur[p] der Schildkröte",3,"Holzfiguren[p] der Schildkröte",1,0,1,1,0,False,"Holzfigur der Schildkröte",25919,0,1,1,0,0,0,0
2003475,"Holzfigur[p] des Wals",3,"Holzfiguren[p] des Wals",1,0,1,1,0,False,"Holzfigur des Wals",25919,0,1,1,0,0,0,0
2003476,"Satz[p] Freizeitklamotten",2,"Sätze[p] Freizeitklamotten",2,0,1,0,0,False,"Freizeitklamotten",26113,0,3,1,70330,0,0,0
2003477,"Bericht[p] über Vylbrands Gewässer",4,"Berichte[p] über Vylbrands Gewässer",2,0,1,0,0,False,"Bericht über Vylbrands Gewässer",26179,0,1,1,70364,0,0,0
2003478,"Strauch[p] Wildblumen",4,"Sträucher[p] Wildblumen",2,0,1,0,0,False,"Wildblumen",21681,0,3,1,70387,0,0,0
2003479,"Ballen[p] Alpakawolle",4,"Ballen[p] Alpakawolle",1,0,1,0,0,False,"Alpakawolle",21655,0,1,1,70409,0,0,0
2003480,"hochwertig[a] Beil",4,"hochwertig[a] Beile",2,0,1,2,0,False,"Hochwertiges Beil",38101,0,1,1,70410,0,0,0
2003481,"Bündel[p] saftig grüner Mate-Teeblätter",4,"Bündel[p] saftig grüner Mate-Teeblätter",2,0,1,2,0,False,"Saftig grüne Mate-Teeblätter",25020,0,5,1,70410,0,0,0
2003482,"Sack[p] Premium-Mate-Teeblätter",4,"Säcke[p] Premium-Mate-Teeblätter",2,0,1,0,0,False,"Premium-Mate-Teeblätter",25992,0,1,1,70411,0,0,0
2003483,"Windkristall",4,"Windkristalle",2,0,1,0,0,False,"Windkristall",20010,0,1,1,70417,0,0,0
2003484,"Handvoll[p] Punutiy-Futter",3,"Handvoll[p] Punutiy-Futter",1,0,1,1,0,False,"Punutiy-Futter",25979,1,2,1,70423,3,0,0
2003485,"Wollponcho",4,"Wollponchos",1,0,1,0,0,False,"Wollponcho",57171,0,1,1,70409,0,0,0
2003486,"Flasche[p] extrareifen Premium-Mezcals",4,"Flaschen[p] extrareifen Premium-Mezcals",1,0,1,1,0,False,"Extrareifer Premium-Mezcal",22671,0,1,1,70412,0,0,0
2003487,"Klauberstein",4,"Klaubersteine",2,0,1,0,0,False,"Klauberstein",21222,1,1,1,70439,3,0,0
2003488,"Meteoritensplitter",4,"Meteoritensplitter",2,0,1,0,0,False,"Meteoritensplitter",20006,0,5,1,70443,0,0,0
2003489,"Bündel[p] Löwenzahn",4,"Bündel[p] Löwenzahn",2,0,1,2,0,False,"Löwenzahn",25029,0,2,1,70357,0,0,0
2003490,"Fläschchen[p] Morbolspeichel",4,"Fläschchen[p] Morbolspeichel",1,0,1,2,0,False,"Morbolspeichel",22603,0,1,1,70357,0,0,0
2003491,"Klumpen[p] Abokixa-Erz",4,"Klumpen[p] Abokixa-Erz",1,0,1,0,0,False,"Abokixa-Erz",21252,0,1,1,70404,0,0,0
2003492,"Beutel[p] Glitzerkiesel",4,"Beutel[p] Glitzerkiesel",1,0,1,0,0,False,"Glitzerkiesel",21458,1,1,1,70370,3,0,0
2003493,"Klumpen[p] Goldquarz",4,"Klumpen[p] Goldquarz",1,0,1,0,0,False,"Goldquarz",20018,0,1,1,70370,0,0,0
2003494,"Klumpen[p] Kopal",4,"Klumpen[p] Kopal",1,0,1,0,0,False,"Kopal",22638,0,1,1,70375,0,0,0
2003495,"Fangnetz",2,"Fangnetze",2,0,1,2,0,False,"Fangnetz",26103,1843,1,1,70380,3,0,0
2003496,"synthetisch[a] Morbol-Knolle",3,"synthetisch[a] Morbol-Knollen",1,0,1,1,0,False,"Synthetische Morbol-Knolle",59412,0,1,1,70380,0,0,0
2003497,"schön[a] Glasscherbe",3,"schön[a] Glasscherben",1,0,1,1,0,False,"Schöne Glasscherbe",26111,0,3,1,70948,0,0,0
2003498,"geweiht[a] Schuppe",3,"geweiht[a] Schuppen",1,0,1,1,0,False,"Geweihte Schuppe",25990,0,1,1,70442,0,0,0
2003499,"Kuhantilopen-Horn",4,"Kuhantilopen-Hörner",2,0,1,2,0,False,"Kuhantilopen-Horn",22204,0,1,1,70392,0,0,0
2003500,"Transportbeutel",4,"Transportbeutel",2,0,1,0,0,False,"Transportbeutel",26648,1,1,1,70393,3,0,0
2003501,"fortgetrieben[a] Kiste",3,"fortgetrieben[a] Kisten",1,0,1,1,0,False,"Fortgetriebene Kiste",21003,0,1,1,70393,0,0,0
2003502,"Ogerkrabben-Panzer",4,"Ogerkrabben-Panzer",2,0,1,0,0,False,"Ogerkrabben-Panzer",22261,0,11,1,70393,0,0,0
2003503,"Transportbeutel",4,"Transportbeutel",2,0,1,0,0,False,"Transportbeutel",26648,1,1,1,70394,3,0,0
2003504,"Verlobungsring[p] endloser Liebe",4,"Verlobungsringe[p] endloser Liebe",2,0,1,0,0,False,"Verlobungsring endloser Liebe",54562,0,1,1,70486,0,0,0
2003505,"klein[a] Jutesack",4,"klein[a] Jutesäcke",2,0,1,0,0,False,"Kleiner Jutesack",26110,0,1,1,70450,0,0,0
2003506,"Jutesack[p] voll Kot",4,"Jutesäcke[p] voll Kot",2,0,1,0,0,False,"Jutesack voll Kot",27404,0,1,1,70450,0,0,0
2003507,"Aromasäckchen",4,"Aromasäckchen",1,0,1,2,0,False,"Aromasäckchen",25977,1766,1,1,70451,3,0,4
2003508,"makellos[a] Kristall",4,"makellos[a] Kristalle",2,0,1,0,0,False,"Makelloser Kristall",20027,0,1,1,70461,0,0,0
2003509,"golden[a] Jagdlizenz[p] ★",3,"golden[a] Jagdlizenzen[p] ★",1,0,1,1,0,False,"Goldene Jagdlizenz ★",26664,1,1,4,0,0,0,0
2003510,"golden[a] Jagdlizenz[p] ★★",3,"golden[a] Jagdlizenzen[p] ★★",1,0,1,1,0,False,"Goldene Jagdlizenz ★★",26665,1,1,4,0,0,0,0
2003511,"golden[a] Jagdlizenz[p] ★★★",3,"golden[a] Jagdlizenzen[p] ★★★",1,0,1,1,0,False,"Goldene Jagdlizenz ★★★",26666,1,1,4,0,0,0,0
2003512,"golden[a] Hochwild-Jagdlizenz",3,"golden[a] Hochwild-Jagdlizenzen",1,0,1,1,0,False,"Goldene Hochwild-Jagdlizenz",26667,1,1,4,0,0,0,0
2003513,"Bündel[p] Goldwirbelschilf",4,"Bündel[p] Goldwirbelschilf",2,0,1,2,0,False,"Goldwirbelschilf",25035,1,99,1,0,0,0,0
2003514,"Bündel[p] dicken Goldwirbelschilfs",4,"Bündel[p] dicken Goldwirbelschilfs",2,0,1,2,0,False,"Dickes Goldwirbelschilf",25234,1,99,1,0,0,0,0
2003515,"Pinselblume",3,"Pinselblumen",1,0,1,1,0,False,"Pinselblume",25501,1,99,1,0,0,0,0
2003516,"Himmelssternblume",3,"Himmelssternblumen",1,0,1,1,0,False,"Himmelssternblume",25587,1,99,1,0,0,0,0
2003517,"Funkelsternblume",3,"Funkelsternblumen",1,0,1,1,0,False,"Funkelsternblume",25589,1,99,1,0,0,0,0
2003518,"Blatt[p] des Ligaka-Scharlachgrases",4,"Blätter[p] des Ligaka-Scharlachgrases",2,0,1,2,0,False,"Blatt des Ligaka-Scharlachgrases",25537,1,99,1,0,0,0,0
2003519,"Jungtrieb[p] des Ligaka-Scharlachgrases",4,"Jungtriebe[p] des Ligaka-Scharlachgrases",2,0,1,0,0,False,"Jungtrieb des Ligaka-Scharlachgrases",25552,1,99,1,0,0,0,0
2003520,"Riesenwasserlilie",3,"Riesenwasserlilien",1,0,1,1,0,False,"Riesenwasserlilie",25020,1,99,1,0,0,0,0
2003521,"befallen[a] Blatt",4,"befallen[a] Blätter",2,0,1,2,0,False,"Befallenes Blatt",25015,1,99,1,0,0,0,0
2003522,"Blüte[p] der Urqopacha-Lupine",3,"Blüten[p] der Urqopacha-Lupine",1,0,1,1,0,False,"Blüte der Urqopacha-Lupine",25002,1,99,1,0,0,0,0
2003523,"Hülse[p] der Urqopacha-Lupine",3,"Hülsen[p] der Urqopacha-Lupine",1,0,1,1,0,False,"Hülse der Urqopacha-Lupine",25021,1,99,1,0,0,0,0
2003524,"Urqopacha-Maiskolben",4,"Urqopacha-Maiskolben",1,0,1,0,0,False,"Urqopacha-Maiskolben",25352,1,99,1,0,0,0,0
2003525,"Baumsamen",4,"Baumsamen",1,0,1,0,0,False,"Baumsamen",25021,1,99,1,0,0,0,0
2003526,"zäh[a] Baumsamen",4,"zäh[a] Baumsamen",1,0,1,0,0,False,"Zäher Baumsamen",25301,1,99,1,0,0,0,0
2003527,"Handvoll[p] Lichtschuppenblätter",3,"Handvoll[p] Lichtschuppenblätter",1,0,1,1,0,False,"Lichtschuppenblätter",25026,1,99,1,0,0,0,0
2003528,"Eimer[p] Baumharz",4,"Eimer[p] Baumharz",2,0,1,0,0,False,"Baumharz",22675,1,99,1,0,0,0,0
2003529,"Xobr'it-Baum",4,"Xobr'it-Bäume",2,0,1,0,0,False,"Xobr'it-Baum",22425,1,99,1,0,0,0,0
2003530,"verkohlt[a] Xobr'it-Baum",4,"verkohlt[a] Xobr'it-Bäume",2,0,1,0,0,False,"Verkohlter Xobr'it-Baum",22426,1,99,1,0,0,0,0
2003531,"Blatt[p] des Seifenkrauts",4,"Blätter[p] des Seifenkrauts",2,0,1,2,0,False,"Blatt des Seifenkrauts",25026,1,99,1,0,0,0,0
2003532,"lang[a] Blatt[p] des Seifenkrauts",4,"lang[a] Blätter[p] des Seifenkrauts",2,0,1,2,0,False,"Langes Blatt des Seifenkrauts",25009,1,99,1,0,0,0,0
2003533,"Nopal",3,"Nopal",1,0,1,0,0,False,"Nopal",25214,1,99,1,0,0,0,0
2003534,"Horn[p] der Erde",4,"Hörner[p] der Erde",2,0,1,2,0,False,"Horn der Erde",22425,1,99,1,0,0,0,0
2003535,"groß[a] Horn[p] der Erde",4,"groß[a] Hörner[p] der Erde",2,0,1,2,0,False,"Großes Horn der Erde",22426,1,99,1,0,0,0,0
2003536,"Hochland-Tuffsteinklumpen",4,"Hochland-Tuffsteinklumpen",1,0,1,0,0,False,"Hochland-Tuffsteinklumpen",21453,1,99,1,0,0,0,0
2003537,"hochwertig[a] Hochland-Tuffsteinklumpen",4,"hochwertig[a] Hochland-Tuffsteinklumpen",1,0,1,0,0,False,"Hochwertiger Hochland-Tuffsteinklumpen",21454,1,99,1,0,0,0,0
2003538,"Brocken[p] Chabayuqeq-Stein",4,"Brocken[p] Chabayuqeq-Stein",1,0,1,0,0,False,"Chabayuqeq-Stein",21203,1,99,1,0,0,0,0
2003539,"Brocken[p] Eruptivgestein",4,"Brocken[p] Eruptivgestein",1,0,1,2,0,False,"Eruptivgestein",21227,1,99,1,0,0,0,0
2003540,"Brocken[p] hochwertigen Eruptivgesteins",4,"Brocken[p] hochwertigen Eruptivgesteins",1,0,1,0,0,False,"Hochwertiges Eruptivgestein",21225,1,99,1,0,0,0,0
2003541,"abgebrochen[a] Baustein",4,"abgebrochen[a] Bausteine",2,0,1,0,0,False,"Abgebrochener Baustein",21252,1,99,1,0,0,0,0
2003542,"groß[a] abgebrochen[a] Baustein",4,"groß[a] abgebrochen[a] Bausteine",2,0,1,0,0,False,"Großer abgebrochener Baustein",21251,1,99,1,0,0,0,0
2003543,"Hochgebirgsfossil",4,"Hochgebirgsfossilien",1,0,1,2,0,False,"Hochgebirgsfossil",22209,1,99,1,0,0,0,0
2003544,"Klumpen[p] Naryor-Obsidian",4,"Klumpen[p] Naryor-Obsidian",1,0,1,0,0,False,"Naryor-Obsidian",21452,1,99,1,0,0,0,0
2003545,"Klumpen[p] rohen Abokixa-Gebrauchserzes",4,"Klumpen[p] rohen Abokixa-Gebrauchserzes",1,0,1,0,0,False,"Rohes Abokixa-Gebrauchserz",21469,1,99,1,0,0,0,0
2003546,"Klumpen[p] rohen Abokixa-Qualitätserzes",4,"Klumpen[p] rohen Abokixa-Qualitätserzes",1,0,1,0,0,False,"Rohes Abokixa-Qualitätserz",21293,1,99,1,0,0,0,0
2003547,"Dammstein",4,"Dammsteine",2,0,1,0,0,False,"Dammstein",21453,1,99,1,0,0,0,0
2003548,"schlicht[a] Rundstein",4,"schlicht[a] Rundsteine",2,0,1,0,0,False,"Schlichter Rundstein",21260,1,99,1,0,0,0,0
2003549,"schimmernd[a] Rundstein",4,"schimmernd[a] Rundsteine",2,0,1,0,0,False,"Schimmernder Rundstein",21274,1,99,1,0,0,0,0
2003550,"Yak T'el-Gesteinsprobe",4,"Yak T'el-Gesteinsproben",1,0,1,1,0,False,"Yak T'el-Gesteinsprobe",21241,1,99,1,0,0,0,0
2003551,"Cenotenkristall",4,"Cenotenkristalle",2,0,1,0,0,False,"Cenotenkristall",21488,1,99,1,0,0,0,0
2003552,"alt[a] Xob'rit-Waffensplitter",4,"alt[a] Xob'rit-Waffensplitter",2,0,1,0,0,False,"Alter Xob'rit-Waffensplitter",21251,1,99,1,0,0,0,0
2003553,"magisch[a] Xob'rit-Waffensplitter",4,"magisch[a] Xob'rit-Waffensplitter",2,0,1,0,0,False,"Magischer Xob'rit-Waffensplitter",21487,1,99,1,0,0,0,0
2003554,"Shaaloani-Gesteinsprobe",4,"Shaaloani-Gesteinsproben",1,0,1,1,0,False,"Shaaloani-Gesteinsprobe",21234,1,99,1,0,0,0,0
2003555,"Shaaloani-Fossil",4,"Shaaloani-Fossilien",1,0,1,2,0,False,"Shaaloani-Fossil",22209,1,99,1,0,0,0,0
2003556,"Shaaloani-Seimkiesel",4,"Shaaloani-Seimkiesel",2,0,1,0,0,False,"Shaaloani-Seimkiesel",21206,1,99,1,0,0,0,0
2003557,"Toari-Pyroxen",4,"Toari-Pyroxene",2,0,1,0,0,False,"Toari-Pyroxen",21285,1,99,1,0,0,0,0
2003558,"durchsichtig[a] Toari-Pyroxen",4,"durchsichtig[a] Toari-Pyroxene",2,0,1,0,0,False,"Durchsichtiger Toari-Pyroxen",21266,1,99,1,0,0,0,0
2003559,"Ogerkrabben-Köder",4,"Ogerkrabben-Köder",2,0,1,0,0,False,"Ogerkrabben-Köder",25978,1,3,1,70393,3,0,0
2003560,"extra-wirksam[a] Energydrink",4,"extra-wirksam[a] Energydrinks",1,0,1,0,0,False,"Extra-wirksamer Energydrink",24421,0,1,1,70473,0,0,0
2003561,"Energydrink[p] für Einsteiger",4,"Energydrinks[p] für Einsteiger",1,0,1,0,0,False,"Energydrink für Einsteiger",24420,3140,1,1,70473,0,0,1
2003562,"Schakalleder-Schatzkarte",3,"Schakalleder-Schatzkarten",1,0,1,1,0,False,"Schakalleder-Schatzkarte",26151,1,1,2,0,0,0,0
2003563,"Br'aaxleder-Schatzkarte",3,"Br'aaxleder-Schatzkarten",1,0,1,1,0,False,"Br'aaxleder-Schatzkarte",26151,1,1,2,0,0,0,0
2003564,"Äthergramm-Karte[p] VII",3,"Äthergramm-Karten[p] VII",1,0,1,1,0,False,"Äthergramm-Karte VII",26151,1,1,2,0,0,0,0
2003565,"aromatisiert[a] Sattel",4,"aromatisiert[a] Sättel",2,0,1,0,0,False,"Aromatisierter Sattel",26661,0,1,1,0,0,0,0
2003566,"alt[a] Münze",3,"alt[a] Münzen",1,0,1,1,0,False,"Alte Münze",26573,1,1,1,70710,3,0,0
2003567,"Exposé[p] über blitzelementare Behandlungsmethoden",4,"Exposés[p] über blitzelementare Behandlungsmethoden",1,0,1,2,0,False,"Exposé über blitzelementare Behandlungsmethoden",26158,0,1,1,70711,0,0,0
2003568,"Exposé[p] über Alexandrias medizinische Geschichte",4,"Exposés[p] über Alexandrias medizinische Geschichte",1,0,1,2,0,False,"Exposé über Alexandrias medizinische Geschichte",26156,0,1,1,70711,0,0,0
2003569,"Exposé[p] über elementare Einseitigkeit",4,"Exposés[p] über elementare Einseitigkeit",1,0,1,2,0,False,"Exposé über elementare Einseitigkeit",26159,0,1,1,70711,0,0,0
2003570,"versteckt[a] Notiz[p] 1",3,"versteckt[a] Notizen[p] 1",1,0,1,1,0,False,"Versteckte Notiz 1",26151,3140,1,1,70712,0,0,0
2003571,"versteckt[a] Notiz[p] 2",3,"versteckt[a] Notizen[p] 2",1,0,1,1,0,False,"Versteckte Notiz 2",26151,3140,1,1,70712,0,0,0
2003572,"versteckt[a] Notiz[p] 3",3,"versteckt[a] Notizen[p] 3",1,0,1,1,0,False,"Versteckte Notiz 3",26151,3140,1,1,70712,0,0,0
2003573,"wichtig[a] Plan",4,"wichtig[a] Pläne",2,0,1,0,0,False,"Wichtiger Plan",26151,0,1,1,70715,0,0,0
2003574,"Beutel[p] Rosenblätter",4,"Beutel[p] Rosenblätter",2,0,1,0,0,False,"Rosenblätter",27454,0,1,1,70717,0,0,0
2003575,"Beutel[p] Sandmännchen-Blätter",4,"Beutel[p] Sandmännchen-Blätter",2,0,1,0,0,False,"Sandmännchen-Blätter",27456,0,1,1,70717,0,0,0
2003576,"Beutel[p] Esmeralda-Blätter",4,"Beutel[p] Esmeralda-Blätter",2,0,1,0,0,False,"Esmeralda-Blätter",27459,0,1,1,70717,0,0,0
2003577,"Stück[p] Wollrücken-Fleisch",4,"Stücke[p] Wollrücken-Fleisch",2,0,1,2,0,False,"Wollrücken-Fleisch",25155,0,1,1,70475,0,0,0
2003578,"Splitter[p] veredelten Elektrobs",4,"Splitter[p] veredelten Elektrobs",2,0,1,0,0,False,"Veredeltes Elektrob",26660,0,5,1,70476,0,0,0
2003579,"Getränke-Wertmarke",3,"Getränke-Wertmarken",1,0,1,1,0,False,"Getränke-Wertmarke",26173,0,2,1,70473,0,0,0
2003580,"kühl[a] Brunnenwasser",4,"kühl[a] Brunnenwasser",2,0,1,2,0,False,"Kühles Brunnenwasser",22614,1,3,1,70656,0,0,0
2003581,"gelb[a] Puder",4,"gelb[a] Puder",2,0,1,0,0,False,"Gelber Puder",21006,1,1,1,70658,3,0,0
2003582,"Feigenkaktor-Tuna",4,"Feigenkaktor-Tunas",1,0,1,2,0,False,"Feigenkaktor-Tuna",25993,0,1,1,70658,0,0,0
2003583,"Ballen[p] Heu für das Rroneek",4,"Ballen[p] Heu für das Rroneek",1,0,1,0,0,False,"Heu für das Rroneek",21653,0,1,1,70659,0,0,0
2003584,"Beutel[p] Mais für das Rroneek",2,"Beutel[p] Mais für das Rroneek",2,0,1,0,0,False,"Mais für das Rroneek",25352,0,1,1,70659,0,0,0
2003585,"Portion[p] Pemmikan",3,"Portionen[p] Pemmikan",1,0,1,1,0,False,"Pemmikan",26110,0,1,1,70665,0,0,0
2003586,"Fischölkerze",3,"Fischölkerzen",1,0,1,1,0,False,"Fischölkerze",26102,0,1,1,70666,0,0,0
2003587,"Phiole[p] Flugtoffel-Abwehrmittel",3,"Phiolen[p] Flugtoffel-Abwehrmittel",1,0,1,1,0,False,"Flugtoffel-Abwehrmittel",25453,1,3,1,70668,3,0,0
2003588,"graviert[a] Spitzhacke",3,"graviert[a] Spitzhacken",1,0,1,1,0,False,"Gravierte Spitzhacke",38003,0,1,1,70669,0,0,0
2003589,"Kadaver[p] einer alten Aspisviper",4,"Kadaver[p] einer alten Aspisviper",2,0,1,0,0,False,"Kadaver einer alten Aspisviper",26110,0,1,1,70671,0,0,0
2003590,"Morgenring",4,"Morgenringe",2,0,1,0,0,False,"Morgenring",54413,3140,1,1,70672,0,0,0
2003591,"Nachtring",4,"Nachtringe",2,0,1,0,0,False,"Nachtring",54429,0,1,1,70672,0,0,0
2003592,"poliert[a] Hornornament",4,"poliert[a] Hornornamente",2,0,1,2,0,False,"Poliertes Hornornament",22206,0,1,1,70675,0,0,0
2003593,"frisch[a] Gemüse",4,"frisch[a] Gemüse",2,0,1,2,0,False,"Frisches Gemüse",25919,0,1,1,70675,0,0,0
2003594,"Flasche[p] Schädlingsbekämpfer",3,"Flaschen[p] Schädlingsbekämpfer",1,0,1,1,0,False,"Schädlingsbekämpfer",20661,1,3,1,70685,3,0,0
2003595,"Gemüsebeutel",4,"Gemüsebeutel",2,0,1,0,0,False,"Gemüsebeutel",25991,0,1,1,70686,0,0,0
2003596,"Silberanhänger",4,"Silberanhänger",2,0,1,0,0,False,"Silberanhänger",55012,0,1,1,70691,0,0,0
2003597,"frisch[a] Tuna",4,"frisch[a] Tunas",1,0,1,2,0,False,"Frisches Tuna",25977,0,2,1,70657,0,0,0
2003598,"frisch[a] Nopal",3,"frisch[a] Nopal",1,0,1,0,0,False,"Frisches Nopal",25214,0,2,1,70657,0,0,0
2003599,"selten[a] Pflanzensamen",4,"selten[a] Pflanzensamen",1,0,1,0,0,False,"Seltener Pflanzensamen",25919,0,99,1,0,0,0,0
2003600,"beruhigt[a] Kaktor",4,"beruhigt[a] Kaktoren",1,0,1,0,0,False,"Beruhigter Kaktor",59429,0,2,1,70719,0,0,0
2003601,"dick[a] Stoffbeutel",4,"dick[a] Stoffbeutel",2,0,1,0,0,False,"Dicker Stoffbeutel",21610,1,2,1,70567,3,0,0
2003602,"Stoffbeutel[p] mit Noto-Kaktor",4,"Stoffbeutel[p] mit Noto-Kaktor",2,0,1,0,0,False,"Stoffbeutel mit Noto-Kaktor",26110,0,2,1,70567,0,0,0
2003603,"Puppe[p] im Stoffbeutel",3,"Puppen[p] im Stoffbeutel",1,0,1,1,0,False,"Puppe im Stoffbeutel",25977,0,1,1,70569,0,0,0
2003604,"Glas[p] Mate-Tee mit Fruchtaroma",2,"Gläser[p] Mate-Tee mit Fruchtaroma",2,0,1,2,0,False,"Mate-Tee mit Fruchtaroma",24412,3140,1,1,70570,1,0,0
2003605,"Glas[p] Mate-Tee mit süßlichem Duft",2,"Gläser[p] Mate-Tee mit süßlichem Duft",2,0,1,2,0,False,"Mate-Tee mit süßlichem Duft",24412,3140,1,1,70570,1,0,0
2003606,"Glas[p] Mate-Tee mit erdigem Duft",2,"Gläser[p] Mate-Tee mit erdigem Duft",2,0,1,2,0,False,"Mate-Tee mit erdigem Duft",24412,3140,1,1,70570,1,0,0
2003607,"Säckchen[p] gestohlene Kaffeebohnen",4,"Säckchen[p] gestohlene Kaffeebohnen",1,0,1,2,0,False,"Gestohlene Kaffeebohnen",26110,0,1,1,70572,0,0,0
2003608,"Monsterschreck-Böller",4,"Monsterschreck-Böller",2,0,1,0,0,False,"Monsterschreck-Böller",26015,1276,1,1,70573,3,0,4
2003609,"Handvoll[p] dreckige Kaffeebohnen",3,"Handvoll[p] dreckige Kaffeebohnen",1,0,1,1,0,False,"Dreckige Kaffeebohnen",25978,0,3,1,70573,0,0,0
2003610,"riesig[a] Knolle",3,"riesig[a] Knollen",1,0,1,1,0,False,"Riesige Knolle",26110,0,1,1,70574,0,0,0
2003611,"Veilchen[p] aus Larh Tortoh",4,"Veilchen[p] aus Larh Tortoh",1,0,1,2,0,False,"Veilchen aus Larh Tortoh",25685,0,3,1,70577,0,0,0
2003612,"Phiole[p] Weihwasser",3,"Phiolen[p] Weihwasser",1,0,1,1,0,False,"Weihwasser",20662,1843,1,1,70579,3,0,0
2003613,"Krug[p] mit Farbpigmenten",4,"Krüge[p] mit Farbpigmenten",2,0,1,0,0,False,"Krug mit Farbpigmenten",27605,0,1,1,70580,0,0,0
2003614,"Handvoll[p] alpine Samen",3,"Handvoll[p] alpine Samen",1,0,1,1,0,False,"Alpine Samen",25919,0,1,1,70581,0,0,0
2003615,"Nest[p] voller Urqobombyx-Larven",4,"Nester[p] voller Urqobombyx-Larven",2,0,1,2,0,False,"Nest voller Urqobombyx-Larven",27036,0,1,1,70581,0,0,0
2003616,"Klumpen[p] Gebirgsheilmoos",4,"Klumpen[p] Gebirgsheilmoos",1,0,1,0,0,False,"Gebirgsheilmoos",22801,0,1,1,70581,0,0,0
2003617,"Stück[p] Turaldil-Fleisch",4,"Stücke[p] Turaldil-Fleisch",2,0,1,2,0,False,"Turaldil-Fleisch",25157,0,2,1,70582,0,0,0
2003618,"Krug[p] mit verzaubertem Salzwasser",4,"Krüge[p] mit verzaubertem Salzwasser",2,0,1,0,0,False,"Verzaubertes Salzwasser",22636,1,3,1,70583,1,0,0
2003619,"heilig[a] Frucht",3,"heilig[a] Früchte",2,0,1,1,0,False,"Heilige Frucht",25991,0,3,1,70586,0,0,0
2003620,"Kadaver[p] eines Vawtsaral Br'aax",4,"Kadaver[p] eines Vawtsaral Br'aax",2,0,1,0,0,False,"Kadaver eines Vawtsaral Br'aax",23001,0,1,1,70646,0,0,0
2003621,"Ty'aitya-Knochen",4,"Ty'aitya-Knochen",1,0,1,0,0,False,"Ty'aitya-Knochen",22202,0,1,1,70647,0,0,0
2003622,"Ty'aitya-Haut",3,"Ty'aitya-Häute",1,0,1,1,0,False,"Ty'aitya-Haut",21815,0,1,1,70647,0,0,0
2003623,"Stück[p] Ty'aitya-Fleisch",4,"Stücke[p] Ty'aitya-Fleisch",2,0,1,2,0,False,"Ty'aitya-Fleisch",25155,0,1,1,70647,0,0,0
2003624,"selbstgemacht[a] Rauchbombe",3,"selbstgemacht[a] Rauchbomben",1,0,1,1,0,False,"Selbstgemachte Rauchbombe",26015,1276,2,1,70653,3,0,4
2003625,"selbstgemacht[a] Stinkbombe",3,"selbstgemacht[a] Stinkbomben",1,0,1,1,0,False,"Selbstgemachte Stinkbombe",26015,1,1,1,70654,3,0,0
2003626,"Flasche[p] wasserabweisenden Harzes",3,"Flaschen[p] wasserabweisenden Harzes",1,0,1,1,0,False,"Wasserabweisendes Harz",20661,1,3,1,70596,3,0,0
2003627,"Marmorkäfer-Panzer",4,"Marmorkäfer-Panzer",2,0,1,0,0,False,"Marmorkäfer-Panzer",22257,0,1,1,70597,0,0,0
2003628,"Bündel[p] frischer Schilfblätter",4,"Bündel[p] frischer Schilfblätter",2,0,1,2,0,False,"Frische Schilfblätter",25009,0,3,1,70599,0,0,0
2003629,"heilig[a] Frucht",3,"heilig[a] Früchte",2,0,1,1,0,False,"Heilige Frucht",25991,0,3,1,70600,0,0,0
2003630,"Sack[p] gesegneter Früchte",4,"Säcke[p] gesegneter Früchte",2,0,1,0,0,False,"Gesegnete Früchte",25993,0,1,1,70600,0,0,0
2003631,"Bündel[p] frisch geschnittenen Schilfs",4,"Bündel[p] frisch geschnittenen Schilfs",2,0,1,2,0,False,"Frisch geschnittenes Schilf",25035,0,1,1,70604,0,0,0
2003632,"Schilfknödel",4,"Schilfknödel",2,0,1,0,0,False,"Schilfknödel",27011,0,3,1,70605,0,0,0
2003633,"Beutel[p] Töpferlehm",4,"Beutel[p] Töpferlehm",2,0,1,0,0,False,"Töpferlehm",22634,0,1,1,70607,0,0,0
2003634,"Kiste[p] Feldspat",3,"Kisten[p] Feldspat",1,0,1,1,0,False,"Feldspat",52546,0,1,1,70607,0,0,0
2003635,"Angelding",4,"Angeldinge",2,0,1,2,0,False,"Angelding",38201,0,1,1,70608,0,0,0
2003636,"Glitzerstein",4,"Glitzersteine",2,0,1,0,0,False,"Glitzerstein",21472,0,2,1,70609,0,0,0
2003637,"Büschel[p] Bittergras",4,"Büschel[p] Bittergras",2,0,1,2,0,False,"Bittergras",25225,0,1,1,70611,0,0,0
2003638,"Büschel[p] Prächtiggras",4,"Büschel[p] Prächtiggras",2,0,1,2,0,False,"Prächtiggras",25217,0,1,1,70611,0,0,0
2003639,"Büschel[p] Grellgras",4,"Büschel[p] Grellgras",2,0,1,2,0,False,"Grellgras",25039,0,1,1,70611,0,0,0
2003640,"Beutel[p] Müffelpulver",4,"Beutel[p] Müffelpulver",2,0,1,0,0,False,"Müffelpulver",21006,0,1,1,70612,0,0,0
2003641,"avantgardistisch[a] Gemälde",4,"avantgardistisch[a] Gemälde",2,0,1,2,0,False,"Avantgardistisches Gemälde",25999,0,1,1,70613,0,0,0
2003642,"Keule[p] eines Ligaka-Vogels",3,"Keulen[p] eines Ligaka-Vogels",1,0,1,1,0,False,"Keule eines Ligaka-Vogels",25157,0,1,1,70615,0,0,0
2003643,"Stück[p] Witwenmacher-Bauchfleisch",4,"Stücke[p] Witwenmacher-Bauchfleisch",2,0,1,2,0,False,"Witwenmacher-Bauchfleisch",25155,0,1,1,70615,0,0,0
2003644,"verloren[a] Habseligkeit",3,"verloren[a] Habseligkeiten",1,0,1,1,0,False,"Verlorene Habseligkeit",25919,0,3,1,70616,0,0,0
2003645,"Wacheinheits-Speicherkarte",3,"Wacheinheits-Speicherkarten",1,0,1,1,0,False,"Wacheinheits-Speicherkarte",20001,0,99,1,0,0,0,0
2003646,"Handvoll[p] Lichtschuppenblätter",3,"Handvoll[p] Lichtschuppenblätter",1,0,1,1,0,False,"Lichtschuppenblätter",25978,0,1,1,70652,0,0,0
2003647,"erlegt[a] Ty'aitya",4,"erlegt[a] Ty'aitya",1,0,1,0,0,False,"Erlegter Ty'aitya",23001,0,2,1,70646,0,0,0
2003648,"erlegt[a] Ty'aitya",4,"erlegt[a] Ty'aitya",1,0,1,0,0,False,"Erlegter Ty'aitya",23001,0,3,1,70646,0,0,0
2003649,"Handwerksmaterial",4,"Handwerkmaterialien",1,0,1,2,0,False,"Handwerksmaterial",25919,0,99,1,0,0,0,0
2003650,"Topfwerker-Material",4,"Topfwerker-Materialien",1,0,1,2,0,False,"Topfwerker-Material",25919,0,99,1,0,0,0,0
2003651,"Ballonbauteil",4,"Ballonbauteile",2,0,1,2,0,False,"Ballonbauteil",26108,0,1,1,70554,0,0,0
2003652,"Bild[p] „Landschaft von der Anhöhe“",2,"Bilder[p] „Landschaft von der Anhöhe“",2,0,1,2,0,False,"Bild „Landschaft von der Anhöhe“",25999,3140,1,1,70557,0,0,0
2003653,"Trommel-Reparaturset ",4,"Trommel-Reparatursets",1,0,1,2,0,False,"Trommel-Reparaturset ",25990,0,1,1,70558,0,0,0
2003654,"Portion[p] Gemüsereste",3,"Portionen[p] Gemüsereste",1,0,1,1,0,False,"Gemüsereste",27501,0,2,1,70560,0,0,0
2003655,"verschlissen[a] Umschlag",4,"verschlissen[a] Umschläge",2,0,1,0,0,False,"Verschlissener Umschlag",26172,3140,1,1,70562,0,0,1
2003656,"",0,"",0,0,0,0,0,False,"",0,0,0,0,0,0,0,0
2003657,"",0,"",0,0,0,0,0,False,"",0,0,0,0,0,0,0,0
2003658,"grün[a] Imitationsring",4,"grün[a] Imitationsringe",2,0,1,0,0,False,"Grüner Imitationsring",54417,0,1,1,70562,0,0,0
2003659,"verstreut[a] Frachtkiste",3,"verstreut[a] Frachtkisten",1,0,1,1,0,False,"Verstreute Frachtkiste",26108,0,3,1,70564,0,0,0
2003660,"Brief[p] an Zeebil Ja",4,"Briefe[p] an Zeebil Ja",2,0,1,0,0,False,"Brief an Zeebil Ja",26171,0,1,1,70564,0,0,0
2003661,"Paket[p] mit Reinigungsprodukten",4,"Paket[p] mit Reinigungsprodukten",2,0,1,2,0,False,"Paket mit Reinigungsprodukten",23001,0,1,1,70529,0,0,0
2003662,"blau[a] Himmelsblüte",3,"blau[a] Himmelsblüte",1,0,1,1,0,False,"Blaue Himmelsblüte",20048,0,1,1,70531,0,0,0
2003663,"Jayunja-Schmetterling",4,"Jayunja-Schmetterlinge",2,0,1,0,0,False,"Jayunja-Schmetterling",59579,0,3,1,70637,0,0,0
2003664,"Büschel[p] Hoobigo-Gras",4,"Büschel[p] Hoobigo-Gras",2,0,1,2,0,False,"Büschel Hoobigo-Gras",25524,0,2,1,70638,0,0,0
2003665,"Büschel[p] Boonewa-Gras",4,"Büschel[p] Boonewa-Gras",2,0,1,2,0,False,"Büschel Boonewa-Gras",25520,0,2,1,70638,0,0,0
2003666,"Jadering",4,"Jaderinge",2,0,1,0,0,False,"Jadering",54631,0,1,1,70640,0,0,0
2003667,"Kiishel Jas Hammer",3,"Kiishel Jas Hammer",2,0,0,0,1,False,"Kiishel Jas Hammer",38051,1,1,1,70642,3,0,0
2003668,"blau[a] Kristallstück",4,"blau[a] Kristallstücke",2,0,1,2,0,False,"Blaues Kristallstück",20026,0,2,1,70642,0,0,0
2003669,"Najool-Sack",4,"Najool-Säcke",2,0,1,0,0,False,"Najool-Sack",21610,1,2,1,70645,1,0,0
2003670,"gefüllt[a] Najool-Sack",4,"gefüllt[a] Najool-Säcke",2,0,1,0,0,False,"Gefüllter Najool-Sack",25919,0,2,1,70645,0,0,0
2003671,"Büschel[p] Yyasulani-Heilkraut",4,"Büschel[p] Yyasulani-Heilkraut",2,0,1,2,0,False,"Yyasulani-Heilkraut",25034,0,99,1,0,0,0,0
2003672,"alt[a] Baumaterial",4,"alt[a] Baumaterialien",1,0,1,2,0,False,"Altes Baumaterial",22453,0,99,1,0,0,0,0
2003673,"Büschel[p] Sonnenbart-Backenhaar",4,"Büschel[p] Sonnenbart-Backenhaar",2,0,1,2,0,False,"Sonnenbart-Backenhaar",25977,0,99,1,0,0,0,0
2003674,"Tropfen[p] Blut des Bodens",4,"Tropfen[p] Blut des Bodens",1,0,1,0,0,False,"Blut des Bodens",25977,0,99,1,0,0,0,0
2003675,"Tegu-Haut",3,"Tegu-Häute",2,0,1,1,0,False,"Tegu-Haut",21803,0,1,1,70623,0,0,0
2003676,"entflohen[a] Kater",4,"entflohen[a] Kater",2,0,1,0,0,False,"Entflohener Kater",59514,0,1,1,70708,0,0,0
2003677,"Ik'iit-Ohr",4,"Ik'iit-Ohren",1,0,1,2,0,False,"Ik'iit-Ohr",25405,0,99,1,0,0,0,0
2003678,"Stück[p] Kozanua-Baumrinde",4,"Stücke[p] Kozanua-Baumrinde",2,0,1,2,0,False,"Kozanua-Baumrinde",22418,0,1,1,70619,0,0,0
2003679,"Naryor-Obsidian",4,"Naryor-Obsidiane",2,0,1,0,0,False,"Naryor-Obsidian",21452,0,3,1,70592,0,0,0
2003680,"Werkzeug",4,"Werkzeuge",2,0,1,2,0,False,"Werkzeug",23001,0,1,1,70629,0,0,0
2003681,"Xbr'aal-Musterrüstung",3,"Xbr'aal-Musterrüstungen",1,0,1,1,0,False,"Xbr'aal-Musterrüstung",21003,0,1,1,70633,0,0,0
2003682,"Iq Br'aax-Musterstoff",4,"Iq Br'aax-Musterstoffe",2,0,1,0,0,False,"Iq Br'aax-Musterstoff",21680,0,1,1,70633,0,0,0
2003683,"Spezial-Insektenmittel",4,"Spezial-Insektenmittel",2,0,1,2,0,False,"Spezial-Insektenmittel",20705,1,3,1,70634,0,0,0
2003684,"weiß[a] Noko-Dekoration",3,"weiß[a] Noko-Dekorationen",1,0,1,1,0,False,"Weiße Noko-Dekoration",59892,0,1,1,70722,0,0,0
2003685,"Napikwes Notizbuch",2,"Napikwes Notizbücher",2,0,0,2,1,False,"Napikwes Notizbuch",26167,0,1,1,70547,0,0,0
2003686,"kristallisiert[a] Fossil",4,"kristallisiert[a] Fossile",2,0,1,2,0,False,"Kristallisiertes Fossil",21477,0,1,1,70684,0,0,0
2003687,"Werkzeugkasten",4,"Werkzeugkästen",1,0,1,0,0,False,"Werkzeugkasten",26108,0,1,1,70622,0,0,0
2003688,"alt[a] Münzbeutel",4,"alt[a] Münzbeutel",2,0,1,0,0,False,"Alter Münzbeutel",25977,0,1,1,70627,0,0,0
2003689,"Arbeitsmaterial",4,"Arbeitsmaterialien",1,0,1,2,0,False,"Arbeitsmaterial",26113,0,1,1,70700,0,0,0
2003690,"graviert[a] Plakette",3,"graviert[a] Plaketten",1,0,1,1,0,False,"Gravierte Plakette",20963,0,1,1,70703,0,0,0
2003691,"Flasche[p] teurer Schnaps",3,"Flaschen[p] teurer Schnaps",1,0,1,1,0,False,"Teurer Schnaps",26550,0,1,1,70703,0,0,0
2003692,"klein[a] Grußkarte",3,"klein[a] Grußkarten",1,0,1,1,0,False,"Kleine Grußkarte",25918,0,1,1,70703,0,0,0
2003693,"Notiz[p] „Arbeitsplatz“",3,"Notizen[p] „Arbeitsplatz“",1,0,1,1,0,False,"Notiz „Arbeitsplatz“",26572,0,1,1,70704,0,0,0
2003694,"Notiz[p] „Seelenvorrat“",3,"Notizen[p] „Seelenvorrat“",1,0,1,1,0,False,"Notiz „Seelenvorrat“",26572,0,1,1,70704,0,0,0
2003695,"Notiz[p] „Erinnerungen“",3,"Notizen[p] „Erinnerungen“",1,0,1,1,0,False,"Notiz „Erinnerungen“",26572,0,1,1,70704,0,0,0
2003696,"Münzbeutel",4,"Münzbeutel",2,0,1,0,0,False,"Münzbeutel",25991,0,1,1,70705,0,0,0
2003697,"Flasche[p] Alexandria-Wein",3,"Flaschen[p] Alexandria-Wein",1,0,1,1,0,False,"Alexandria-Wein",25936,0,1,1,70705,0,0,0
2003698,"Geldbeutel[p] für Bauteile",4,"Geldbeutel[p] für Bauteile",2,0,1,0,0,False,"Geldbeutel für Bauteile",25991,0,1,1,70706,0,0,0
2003699,"Satz[p] Maschinensoldaten-Bauteile",2,"Sätze[p] Maschinensoldaten-Bauteile",2,0,1,0,0,False,"Maschinensoldaten-Bauteile",21003,0,1,1,70706,0,0,0
2003700,"Familienring",4,"Familienringe",2,0,1,0,0,False,"Familienring",54429,0,1,1,70707,0,0,0
2003701,"Wahrlee-Müllbeutel",4,"Wahrlee-Müllbeutel",2,0,1,0,0,False,"Wahrlee-Müllbeutel",26110,0,3,1,70701,0,0,0
2003702,"Phiole[p] mit mysteriöser Tinktur",3,"Phiolen[p] mit mysteriöser Tinktur",1,0,1,1,0,False,"Mysteriöse Tinktur",20625,0,1,1,70723,0,0,0
2003703,"gefüllt[a] Lederbeutel",4,"gefüllt[a] Lederbeutel",2,0,1,0,0,False,"Gefüllter Lederbeutel",25919,0,1,1,70723,0,0,0
2003704,"",0,"",0,0,0,0,0,False,"",0,0,0,0,0,0,0,0
2003705,"",0,"",0,0,0,0,0,False,"",0,0,0,0,0,0,0,0
2003706,"Prüfungshandzettel",4,"Prüfungshandzettel",2,0,1,0,0,False,"Prüfungshandzettel",26151,0,1,1,70724,0,0,0
2003707,"UFO-Zeichnung",3,"UFO-Zeichnungen",1,0,1,1,0,False,"UFO-Zeichnung",26151,3140,1,1,70728,0,0,0
2003708,"kräftig[a] Schilfpflanze",3,"kräftig[a] Schilfpflanzen",1,0,1,1,0,False,"Kräftige Schilfpflanze",25035,0,5,1,70731,0,0,0
2003709,"Schlüsselkarte",3,"Schlüsselkarten",1,0,1,1,0,False,"Schlüsselkarte",20961,0,1,1,70783,0,0,0
2003710,"Nähzeug",4,"Nähzeuge",2,0,1,2,0,False,"Nähzeug",21003,0,1,1,70784,0,0,0
2003711,"Fellbürste",3,"Fellbürsten",1,0,1,1,0,False,"Fellbürste",23719,0,1,1,70784,0,0,0
2003712,"Hinweis[p] „Über den Verbleib der Mamool Ja“",2,"Hinweise[p] „Über den Verbleib der Mamool Ja“",2,0,1,0,0,False,"Hinweis „Über den Verbleib der Mamool Ja“",26572,0,1,1,70782,0,0,0
2003713,"Hinweis[p] „Über die Anhänger Zoraal Jas“",2,"Hinweise[p] „Über die Anhänger Zoraal Jas“",2,0,1,0,0,False,"Hinweis „Über die Anhänger Zoraal Jas“",26572,0,1,1,70782,0,0,0
2003714,"Hinweis[p] „Über die Bedrohung durch ein Ungeheuer“",2,"Hinweise[p] „Über die Bedrohung durch ein Ungeheuer“",2,0,1,0,0,False,"Hinweis „Über die Bedrohung durch ein Ungeheuer“",26572,0,1,1,70782,0,0,0
2003715,"Agentur-Flugblatt",4,"Agentur-Flugblätter",2,0,1,2,0,False,"Agentur-Flugblatt",26151,0,3,1,70735,0,0,0
2003716,"Beutel[p] mit Hanuhanu-Souvenirs",4,"Beutel[p] mit Hanuhanu-Souvenirs",2,0,1,0,0,False,"Hanuhanu-Souvenirs",25979,0,1,1,70736,0,0,0
2003717,"Mittel[p] gegen Alkpakaflöhe",4,"Mittel[p] gegen Alkpakaflöhe",2,0,1,2,0,False,"Mittel gegen Alpakaflöhe",20602,1,3,1,70739,3,0,0
2003718,"verloren[a] Tasche",3,"verloren[a] Taschen",1,0,1,1,0,False,"Verlorene Tasche",25979,0,1,1,70742,0,0,0
2003719,"Notiz[p] über Garulas",3,"Notizen[p] über Garulas",1,0,1,1,0,False,"Notiz über Garulas",26572,0,1,1,70850,0,0,0
2003720,"Umfragezettel",4,"Umfragezettel",2,0,1,0,0,False,"Umfragezettel",26572,0,3,1,70744,0,0,0
2003721,"leer[a] Nektartöpfchen",4,"leer[a] Nektartöpfchen",2,0,1,2,0,False,"Leeres Nektartöpfchen",26108,1,2,1,70747,3,0,0
2003722,"gefüllt[a] Nektartöpfchen",4,"gefüllt[a] Nektartöpfchen",2,0,1,2,0,False,"Gefülltes Nektartöpfchen",22670,0,2,1,70747,0,0,0
2003723,"Holzteil",4,"Holzteile",2,0,1,2,0,False,"Holzteil",22465,0,3,1,70748,0,0,0
2003724,"Punutiy-Leckerchen",4,"Punutiy-Leckerchen",1,0,1,2,0,False,"Punutiy-Leckerchen",25061,0,1,1,70753,0,0,0
2003725,"Portion[p] Futtermais",6,"Portionen[p] Futtermais",1,0,1,1,0,False,"Futtermais",27008,0,1,1,70754,0,0,0
2003726,"gerissen[a] Ausreißer",4,"gerissen[a] Ausreißer",2,0,1,0,0,False,"Gerissener Ausreißer",59909,0,3,1,70755,0,0,0
2003727,"Lockflöte",3,"Lockflöten",1,0,1,1,0,False,"Lockflöte",26039,1,1,1,70756,3,0,8
2003728,"Keule[p] eines Ligaka-Vogels",3,"Keulen[p] eines Ligaka-Vogels",1,0,1,1,0,False,"Keule eines Ligaka-Vogels",25155,0,1,1,70756,0,0,0
2003729,"Beutel[p] Ihuyka-Achote-Samen",4,"Beutel[p] Ihuyka-Achote-Samen",2,0,1,0,0,False,"Ihuyka-Achote-Samen",25023,0,3,1,70761,0,0,0
2003730,"Essenspaket",4,"Essenspakete",2,0,1,2,0,False,"Essenspaket",21005,0,1,1,70759,0,0,0
2003731,"Kiste[p] Schirmmaterialien",3,"Kisten[p] Schirmmaterialien",1,0,1,1,0,False,"Schirmmaterialien",21003,0,1,1,70778,0,0,0
2003732,"Kiste[p] Dankesspektakel-Dekorationen",3,"Kisten[p] Dankesspektakel-Dekorationen",1,0,1,1,0,False,"Dankesspektakel-Dekorationen",52546,0,3,1,70503,0,0,0
2003733,"UFO-Zeichnung",3,"UFO-Zeichnungen",1,0,1,1,0,False,"UFO-Zeichnung",26151,3140,1,1,70831,0,0,0
2003734,"äthererfüllt[a] Festungsstein",4,"äthererfüllt[a] Festungssteine",2,0,1,0,0,False,"Äthererfüllter Festungsstein",21487,0,1,1,70851,0,0,0
2003735,"äthererfüllt[a] Zufluchtsstein",4,"äthererfüllt[a] Zufluchtssteine",2,0,1,0,0,False,"Äthererfüllter Zufluchtsstein",21252,0,1,1,70852,0,0,0
2003736,"äthererfüllt[a] Grottenstein",4,"äthererfüllt[a] Grottensteine",2,0,1,0,0,False,"Äthererfüllter Grottenstein",21455,0,1,1,70852,0,0,0
2003737,"äthererfüllt[a] Schemenstein",4,"äthererfüllt[a] Schemensteine",2,0,1,0,0,False,"Äthererfüllter Schemenstein",21251,0,1,1,70852,0,0,0
2003738,"",0,"",0,0,0,0,0,False,"",0,0,0,0,0,0,0,0
2003739,"Andenken",4,"Andenken",1,0,1,2,0,False,"Andenken",26108,0,4,1,70837,0,0,0
2003740,"Baumaterial",4,"Baumaterialien",1,0,1,2,0,False,"Baumaterial",20802,0,1,1,0,0,0,0
2003741,"veredelt[a] Baumaterial",4,"veredelt[a] Baumaterialien",1,0,1,2,0,False,"Veredeltes Baumaterial",20952,0,1,1,0,0,0,0
2003742,"Energievorrat",4,"Energievorräte",2,0,1,0,0,False,"Energievorrat",23553,0,1,1,0,0,0,0
2003743,"Energievorrat",4,"Energievorräte",2,0,1,0,0,False,"Energievorrat",23553,0,1,1,0,0,0,0
2003744,"",0,"",0,0,0,0,0,False,"",0,0,0,0,0,0,0,0
2003745,"",0,"",0,0,0,0,0,False,"",0,0,0,0,0,0,0,0
2003746,"",0,"",0,0,0,0,0,False,"",0,0,0,0,0,0,0,0
2003747,"",0,"",0,0,0,0,0,False,"",0,0,0,0,0,0,0,0
2003748,"",0,"",0,0,0,0,0,False,"",0,0,0,0,0,0,0,0
2003749,"",0,"",0,0,0,0,0,False,"",0,0,0,0,0,0,0,0
2003750,"König Elmer III.-Karte",3,"König Elmer III.-Karten",1,0,1,1,0,False,"König Elmer III.-Karte",27672,0,1,1,70858,0,0,0
2003751,"Notiz[p] über Flugechsen",3,"Notizen[p] über Flugechsen",1,0,1,1,0,False,"Notiz über Flugechsen",26572,0,1,1,70850,0,0,0
2003752,"Notiz[p] über Bandersnatche",3,"Notizen[p] über Bandersnatche",1,0,1,1,0,False,"Notiz über Bandersnatche",26572,0,1,1,70850,0,0,0
2003753,"Häufchen[p] Wivren-Dung",4,"Häufchen[p] Wivren-Dung",1,0,1,2,0,False,"Wivren-Dung",27501,0,3,1,70798,0,0,0
2003754,"Beutel[p] mit Gemüse",4,"Beutel[p] mit Gemüse",2,0,1,0,0,False,"Gemüseauswahl",26110,0,1,1,70821,0,0,0
2003755,"Beutel[p] mit Fleisch",4,"Beutel[p] mit Fleisch",2,0,1,0,0,False,"Fleischspezialitäten",26111,0,1,1,70821,0,0,0
2003756,"Sack[p] Najool-Stängel",4,"Säcke[p] Najool-Stängel",2,0,1,0,0,False,"Najool-Stängel",26110,0,1,1,70801,0,0,0
2003757,"Mamook-Wickel",4,"Mamook-Wickel",2,0,1,0,0,False,"Mamook-Wickel",26127,0,3,1,70806,0,0,0
2003758,"prall[a] Zweigträger-Frucht",3,"prall[a] Zweigträger-Früchte",2,0,1,1,0,False,"Pralle Zweigträger-Frucht",25331,0,1,1,70816,0,0,0
2003759,"Korb[p] mit frischem Gemüse",4,"Körbe[p] mit frischem Gemüse",2,0,1,0,0,False,"Frisches Gemüse",27551,0,1,1,70823,0,0,0
2003760,"Beutel[p] Süßes für Allerschutzheiligen",4,"Beutel[p] Süßes für Allerschutzheiligen",2,0,1,0,0,False,"Süßes für Allerschutzheiligen",26111,0,1,1,70911,0,0,0
2003761,"Kürbis[p] für Allerschutzheiligen",9,"Kürbisse[p] für Allerschutzheiligen",2,0,1,0,0,False,"Kürbis für Allerschutzheiligen",24153,0,1,1,70911,0,0,0
2003762,"Weinflasche",3,"Weinflaschen",1,0,1,1,0,False,"Weinflasche",25057,0,1,1,70915,0,0,0
2003763,"Sack[p] Feldfrüchte",4,"Säcke[p] Feldfrüchte",2,0,1,0,0,False,"Sack Feldfrüchte",25351,0,1,1,70915,0,0,0
2003764,"Stück[p] Papier",4,"Stücke[p] Papier",2,0,1,2,0,False,"Stück Papier",26151,0,1,1,70915,0,0,0
2003765,"",0,"",0,0,0,0,0,False,"",0,0,0,0,0,0,0,0
2003766,"Sphärentafel",3,"Sphärentafeln",1,0,1,1,0,False,"Sphärentafel",26083,1,1,8,70917,0,0,0
2003767,"Sicherheitspass[p] (?)",2,"Sicherheitspässe[p] (?)",2,0,1,0,0,False,"Sicherheitspass (?)",26078,1,1,1,70904,0,0,1
2003768,"St. II-Sicherheitspass[p]",2,"St. II-Sicherheitspässe[p]",2,0,1,0,0,False,"St. II-Sicherheitspass",26079,1,1,1,70904,0,0,1
2003769,"St. III-Sicherheitspass[p]",2,"St. III-Sicherheitspässe[p]",2,0,1,0,0,False,"St. III-Sicherheitspass",26080,1,1,1,70905,0,0,1
2003770,"Notizschnipsel",4,"Notizschnipsel",2,0,1,0,0,False,"Notizschnipsel",26572,0,1,1,70905,0,0,0
2003771,"Alexandrit",4,"Alexandrite",2,0,1,0,0,False,"Alexandrit",21290,0,1,1,70905,0,0,0
2003772,"",0,"",0,0,0,0,0,False,"",0,0,0,0,0,0,0,0
2003773,"Kühlpatrone",3,"Kühlpatronen",1,0,1,1,0,False,"Kühlpatrone",23569,0,3,1,0,0,0,0
2003774,"Kühlpatrone",3,"Kühlpatronen",1,0,1,1,0,False,"Kühlpatrone",23569,0,5,1,0,0,0,0
2003775,"",0,"",0,0,0,0,0,False,"",0,0,0,0,0,0,0,0
2003776,"",0,"",0,0,0,0,0,False,"",0,0,0,0,0,0,0,0
2003777,"Sack[p] Streusalz",4,"Säcke[p] Streusalz",2,0,1,0,0,False,"Streusalz",26111,1,3,1,70879,0,0,0
2003778,"Flasche[p] Pyroxenpflegemittel",3,"Flaschen[p] Pyroxenpflegemittel",1,0,1,1,0,False,"Flasche Pyroxenpflegemittel",25919,1,4,1,70894,0,0,0
2003779,"rot[a] Karvarhur-Rose",3,"rot[a] Karvarhur-Rosen",1,0,1,1,0,False,"Rote Karvarhur-Rose",25687,0,3,1,70896,0,0,0
2003780,"Chirwagur-Handelsware",3,"Chirwagur-Handelswaren",1,0,1,1,0,False,"Chirwagur-Handelsware",21205,0,1,1,70887,0,0,0
2003781,"Krug[p] Chirwagur-Salz",4,"Krüge[p] Chirwagur-Salz",2,0,1,0,0,False,"Chirwagur-Salz",25104,0,1,1,70887,0,0,0
2003782,"Zirgorteh-Eiszapfen",4,"Zirgorteh-Eiszapfen",2,0,1,0,0,False,"Zirgorteh-Eiszapfen",20015,0,1,1,70890,0,0,0
2003783,"Satz[p] wichtiger Bauvorräte",2,"Sätze[p] wichtiger Bauvorräte",2,0,1,0,0,False,"Wichtige Bauvorräte",21003,0,1,1,70874,0,0,0
2003784,"Klumpen[p] Phosphorit",4,"Klumpen[p] Phosphorit",1,0,1,0,0,False,"Phosphorit",21477,0,1,1,70875,0,0,0
2003785,"Gargantualeder-Schatzkarte",3,"Gargantualeder-Schatzkarten",1,0,1,1,0,False,"Gargantualeder-Schatzkarte",26151,1,1,2,0,0,0,0
2003786,"Äthergramm-Karte[p] VIII",3,"Äthergramm-Karten[p] VIII",1,0,1,1,0,False,"Äthergramm-Karte VIII",26151,1,1,2,0,0,0,0
2003787,"Krug[p] Kirkahryar",4,"Krüge[p] Kirkahryar",2,0,1,0,0,False,"Kirkahryar",22802,0,1,1,70870,0,0,0
2003788,"謎の硬葉",0,"",0,0,1,0,0,False,"",25239,0,1,1,70961,0,0,0
2003789,"St. I-Sicherheitspass[p]",2,"St. I-Sicherheitspässe[p]",2,0,1,0,0,False,"St. I-Sicherheitspass",26078,1,1,1,70904,0,0,1
2003790,"",0,"",0,0,0,0,0,False,"",0,0,0,0,0,0,0,0
2003791,"",0,"",0,0,0,0,0,False,"",0,0,0,0,0,0,0,0
2003792,"",0,"",0,0,0,0,0,False,"",0,0,0,0,0,0,0,0
2003793,"Kräutertrunk",4,"Kräutertrunke",2,0,1,0,0,False,"Kräutertrunk",24413,3140,1,1,70964,0,0,1
2003794,"Kräutertrunk",4,"Kräutertrunke",2,0,1,0,0,False,"Kräutertrunk",24413,0,3,1,70965,0,0,0
2003795,"",0,"",0,0,0,0,0,False,"",0,0,0,0,0,0,0,0
2003796,"",0,"",0,0,0,0,0,False,"",0,0,0,0,0,0,0,0
2003797,"",0,"",0,0,0,0,0,False,"",0,0,0,0,0,0,0,0
2003798,"",0,"",0,0,0,0,0,False,"",0,0,0,0,0,0,0,0
2003799,"",0,"",0,0,0,0,0,False,"",0,0,0,0,0,0,0,0
2003800,"",0,"",0,0,0,0,0,False,"",0,0,0,0,0,0,0,0
2003801,"",0,"",0,0,0,0,0,False,"",0,0,0,0,0,0,0,0
2003802,"",0,"",0,0,0,0,0,False,"",0,0,0,0,0,0,0,0
2003803,"",0,"",0,0,0,0,0,False,"",0,0,0,0,0,0,0,0
2003804,"Beutel[p] Ableitpulver",4,"Beutel[p] Ableitpulver",2,0,1,0,0,False,"Ableitpulver",26110,1276,1,1,70966,1,0,4
2003805,"",0,"",0,0,0,0,0,False,"",0,0,0,0,0,0,0,0
2003806,"",0,"",0,0,0,0,0,False,"",0,0,0,0,0,0,0,0
2003807,"",0,"",0,0,0,0,0,False,"",0,0,0,0,0,0,0,0
2003808,"",0,"",0,0,0,0,0,False,"",0,0,0,0,0,0,0,0
2003809,"",0,"",0,0,0,0,0,False,"",0,0,0,0,0,0,0,0
2003810,"",0,"",0,0,0,0,0,False,"",0,0,0,0,0,0,0,0
2003811,"",0,"",0,0,0,0,0,False,"",0,0,0,0,0,0,0,0
2003812,"",0,"",0,0,0,0,0,False,"",0,0,0,0,0,0,0,0
2003813,"",0,"",0,0,0,0,0,False,"",0,0,0,0,0,0,0,0
2003814,"",0,"",0,0,0,0,0,False,"",0,0,0,0,0,0,0,0
2003815,"",0,"",0,0,0,0,0,False,"",0,0,0,0,0,0,0,0
