key,0,1,2,3,4,5,6,7,8,9,10,11
#,Name,,NameNoArticle,,,,,,,,,MapCondition
offset,0,12,4,13,14,15,16,17,8,22,20,23
Int32,String,Int8,String,Int8,Int8,Int8,Int8,Int8,String,UInt8,UInt16,UInt8
0,"",0,"",0,0,1,0,0,"",0,0,0
1,"",0,"",0,0,0,0,0,"",0,0,0
2,"",0,"",0,0,0,0,0,"",0,0,0
3,"",0,"",0,0,0,0,0,"",0,0,0
4,"",0,"",0,0,0,0,0,"",0,0,0
5,"",0,"",0,0,0,0,0,"",0,0,0
6,"",0,"",0,0,0,0,0,"",0,0,0
7,"",0,"",0,0,0,0,0,"",0,0,0
8,"",0,"",0,0,0,0,0,"",0,0,0
9,"",0,"",0,0,0,0,0,"",0,0,0
10,"",0,"",0,0,0,0,0,"",0,0,0
11,"",0,"",0,0,0,0,0,"",0,0,0
12,"",0,"",0,0,0,0,0,"",0,0,0
13,"",0,"",0,0,0,0,0,"",0,0,0
14,"",0,"",0,0,0,0,0,"",0,0,0
15,"",0,"",0,0,0,0,0,"",0,0,0
16,"",0,"",0,0,0,0,0,"",0,0,0
17,"",0,"",0,0,0,0,0,"",0,0,0
18,"Freibrief",0,"",0,0,1,0,0,"",0,0,0
19,"",0,"",0,0,1,0,0,"",0,0,0
20,"Hydaelyn",0,"",0,0,1,0,0,"",0,0,0
21,"Eorzea",0,"",0,0,1,0,0,"<hex:02091BE802FF0C>nach Eorzea<hex:FF0A>in Eorzea<hex:03>",0,0,0
22,"La Noscea",0,"",0,0,1,0,0,"<hex:020921E802FF0F>nach La Noscea<hex:FF0D>in La Noscea<hex:03>",0,100,0
23,"Finsterwald",0,"",0,0,1,0,0,"<hex:020924E802FF10>zum Finsterwald<hex:FF0F>im Finsterwald<hex:03>",0,200,0
24,"Thanalan",0,"",0,0,1,0,0,"<hex:02091FE802FF0E>nach Thanalan<hex:FF0C>in Thanalan<hex:03>",0,300,0
25,"Coerthas",0,"",0,0,1,0,0,"<hex:02091FE802FF0E>nach Coerthas<hex:FF0C>in Coerthas<hex:03>",0,400,0
26,"Mor Dhona",0,"",0,0,1,0,0,"<hex:020921E802FF0F>nach Mor Dhona<hex:FF0D>in Mor Dhona<hex:03>",0,500,0
27,"Limsa Lominsa",0,"",0,0,1,0,0,"<hex:020929E802FF13>nach Limsa Lominsa<hex:FF11>in Limsa Lominsa<hex:03>",0,0,0
28,"Obere Decks",0,"",0,0,1,0,0,"<hex:02092DE802FF14>zu den Oberen Decks<hex:FF14>in den Oberen Decks<hex:03>",0,0,0
29,"Untere Decks",0,"",0,0,1,0,0,"<hex:02092FE802FF15>zu den Unteren Decks<hex:FF15>in den Unteren Decks<hex:03>",0,0,0
30,"Zentrales La Noscea",0,"",0,0,1,0,0,"<hex:02092FE802FF15>ins untere La Noscea<hex:FF15>im unteren La Noscea<hex:03>",0,0,0
31,"Unteres La Noscea",0,"",0,0,1,0,0,"<hex:02092FE802FF15>ins untere La Noscea<hex:FF15>im unteren La Noscea<hex:03>",0,0,0
32,"Östliches La Noscea",0,"",0,0,1,0,0,"<hex:020935E802FF18>ins östliche La Noscea<hex:FF18>im östlichen La Noscea<hex:03>",0,0,0
33,"Westliches La Noscea",0,"",0,0,1,0,0,"<hex:020935E802FF18>ins westliche La Noscea<hex:FF18>im westlichen La Noscea<hex:03>",0,0,0
34,"Oberes La Noscea",0,"",0,0,1,0,0,"<hex:02092DE802FF14>ins obere La Noscea<hex:FF14>im oberen La Noscea<hex:03>",0,0,0
35,"Sastasha-Höhle",0,"",0,0,1,0,0,"<hex:020945E802FF14>zur Sastasha-Höhle<hex:FF17>in der Sastasha-Höhle<hex:FF14>die Sastasha-Höhle<hex:03>",0,0,0
36,"Brüllvolx' Langrast",0,"",0,0,1,0,0,"<hex:02094BE802FF18>zu Brüllvolx' Langrast<hex:FF18>an Brüllvolx' Langrast<hex:FF15>Brüllvolx' Langrast<hex:03>",0,0,0
37,"Palast des Wanderers",0,"",0,0,1,0,0,"<hex:020950E802FF19>zum Palast des Wanderers<hex:FF18>im Palast des Wanderers<hex:FF19>der Palast des Wanderers<hex:03>",0,0,0
38,"",0,"",0,0,0,0,0,"",0,0,0
39,"Gridania",0,"",0,0,1,0,0,"<hex:02091FE802FF0E>nach Gridania<hex:FF0C>in Gridania<hex:03>",0,0,0
40,"Nald-Kreuzgang",0,"",0,0,1,0,0,"<hex:020960E802FF2E>zum Nald-Kreuzganz auf der Ebene der Händler<hex:FF2D>im Nald-Kreuzgang auf der Ebene der Händler<hex:03>",0,0,0
41,"Thal-Kreuzgang",0,"",0,0,1,0,0,"<hex:020960E802FF2E>zum Thal-Kreuzgang auf der Ebene der Händler<hex:FF2D>im Thal-Kreuzgang auf der Ebene der Händler<hex:03>",0,0,0
42,"Westliches Thanalan",0,"",0,0,1,0,0,"<hex:020933E802FF17>ins westliche Thanalan<hex:FF17>im westlichen Thanalan<hex:03>",0,0,0
43,"Zentrales Thanalan",0,"",0,0,1,0,0,"<hex:020931E802FF16>ins zentrale Thanalan<hex:FF16>im zentralen Thanalan<hex:03>",0,0,0
44,"Östliches Thanalan",0,"",0,0,1,0,0,"<hex:020933E802FF17>ins östliche Thanalan<hex:FF17>im östlichen Thanalan<hex:03>",0,0,0
45,"Südliches Thanalan",0,"",0,0,1,0,0,"<hex:020933E802FF17>ins südliche Thanalan<hex:FF17>im südlichen Thanalan<hex:03>",0,0,0
46,"Nördliches Thanalan",0,"",0,0,1,0,0,"<hex:020935E802FF18>ins nördliche Thanalan<hex:FF18>im nördlichen Thanalan<hex:03>",0,0,0
47,"Sägerschrei",0,"",0,0,1,0,0,"<hex:020938E802FF11>zum Sägerschrei<hex:FF10>im Sägerschrei<hex:FF11>der Sägerschrei<hex:03>",0,0,0
48,"Kupferglocken-Mine",0,"",0,0,1,0,0,"<hex:02094EE802FF17>zur Kupferglocken-Mine<hex:FF1A>an der Kupferglocken-Mine<hex:FF17>die Kupferglocken-Mine<hex:03>",0,0,0
49,"Halatali",0,"",0,0,1,0,0,"<hex:02091FE802FF0E>nach Halatali<hex:FF0C>in Halatali<hex:03>",0,0,0
50,"Versunkener Tempel von Qarn",0,"",0,0,1,0,0,"<hex:020964E802FF20>zum Versunkenen Tempel von Qarn<hex:FF1F>im Versunkenen Tempel von Qarn<hex:FF1F>der Versunkene Tempel von Qarn<hex:03>",0,0,0
51,"Ul'dah",0,"",0,0,1,0,0,"<hex:02091BE802FF0C>nach Ul'dah<hex:FF0A>in Ul'dah<hex:03>",0,0,0
52,"Neu-Gridania",0,"",0,0,1,0,0,"<hex:020927E802FF12>nach Neu-Gridania<hex:FF10>in Neu-Gridania<hex:03>",0,0,0
53,"Alt-Gridania",0,"",0,0,1,0,0,"<hex:020927E802FF12>nach Alt-Gridania<hex:FF10>in Alt-Gridania<hex:03>",0,0,0
54,"Tiefer Wald",0,"",0,0,1,0,0,"<hex:020927E802FF13>in den Tiefen Wald<hex:FF0F>im Tiefen Wald<hex:03>",0,0,0
55,"Ostwald",0,"",0,0,1,0,0,"<hex:02091FE802FF0F>in den Ostwald<hex:FF0B>im Ostwald<hex:03>",0,0,0
56,"Südwald",0,"",0,0,1,0,0,"<hex:020921E802FF10>in den Südwald<hex:FF0C>im Südwald<hex:03>",0,0,0
57,"Nordwald",0,"",0,0,1,0,0,"<hex:020921E802FF10>in den Nordwald<hex:FF0C>im Nordwald<hex:03>",0,0,0
58,"Totenacker Tam-Tara",0,"",0,0,1,0,0,"<hex:02094DE802FF18>zum Totenacker Tam-Tara<hex:FF17>am Totenacker Tam-Tara<hex:FF18>der Totenacker Tam-Tara<hex:03>",0,0,0
59,"Haukke-Herrenhaus",0,"",0,0,1,0,0,"<hex:020947E802FF16>zum Haukke-Herrenhaus<hex:FF15>im Haukke-Herrenhaus<hex:FF16>das Haukke-Herrenhaus<hex:03>",0,0,0
60,"",0,"",0,0,0,0,0,"",0,0,0
61,"Tausend Löcher von Toto-Rak",0,"",0,0,1,0,0,"<hex:020972E802FF25>zu den Tausend Löchern von Toto-Rak<hex:FF26>bei den Tausend Löchern von Toto-Rak<hex:FF21>die Tausend Löcher von Toto-Rak<hex:03>",0,0,0
62,"Ishgard",0,"",0,0,1,0,0,"<hex:02091DE802FF0D>nach Ishgard<hex:FF0B>in Ishgard<hex:03>",0,0,0
63,"Zentrales Hochland von Coerthas",0,"",0,0,1,0,0,"<hex:02094CE802FF24>zum zentralen Hochland von Coerthas<hex:FF23>im zentralen Hochland von Coerthas<hex:03>",0,0,0
64,"Feste Dzemael",0,"",0,0,1,0,0,"<hex:02093FE802FF12>zur Feste Dzemael<hex:FF15>in der Feste Dzemael<hex:FF12>die Feste Dzemael<hex:03>",0,0,0
65,"Goldklamm",0,"",0,0,1,0,0,"<hex:020933E802FF0E>zur Goldklamm<hex:FF11>in der Goldklamm<hex:FF0E>die Goldklamm<hex:03>",0,0,0
66,"Ferner Osten",0,"",0,0,1,0,0,"<hex:02093AE802FF14>in den Fernen Osten<hex:FF10>im Fernen Osten<hex:FF10>der Ferne Osten<hex:03>",0,0,0
67,"Mor Dhona",0,"",0,0,1,0,0,"<hex:020921E802FF0F>nach Mor Dhona<hex:FF0D>in Mor Dhona<hex:03>",0,0,0
68,"Jadeweiher-Ufer",0,"",0,0,1,0,0,"<hex:02092CE802FF14>ans Jadeweiher-Ufer<hex:FF13>am Jadeweiher-Ufer<hex:03>",0,10,0
69,"Grünzähren",0,"",0,0,1,0,0,"<hex:020928E802FF12>nach Grünzähren<hex:FF11>bei Grünzähren<hex:03>",0,20,0
70,"Zwieselgrund",0,"",0,0,1,0,0,"<hex:020926E802FF11>zum Zwieselgrund<hex:FF10>am Zwieselgrund<hex:03>",0,30,0
71,"Sauerampferweide",0,"",0,0,1,0,0,"<hex:02091EE802FF0D>zum Fuchsbau<hex:FF0C>am Fuchsbau<hex:03>",0,40,0
72,"Der Kohlenwald",0,"",0,0,1,0,0,"<hex:020925E802FF12>in den Kohlenwald<hex:FF0E>im Kohlenwald<hex:03>",0,45,0
73,"Der Honighof",0,"",0,0,1,0,0,"<hex:02091EE802FF0D>zum Honighof<hex:FF0C>am Honighof<hex:03>",0,10,0
74,"Neun Efeuranken",0,"",0,0,1,0,0,"<hex:02092DE802FF15>nach Neun Efeuranken<hex:FF13>in Neun Efeuranken<hex:03>",0,20,0
75,"Brombeerlichtung",0,"",0,0,1,0,0,"<hex:020933E802FF16>nach Brombeerlichtung<hex:FF18>an der Brombeerlichtung<hex:03>",0,30,0
76,"Lerchenruf",0,"",0,0,1,0,0,"<hex:020923E802FF10>nach Lerchenruf<hex:FF0E>in Lerchenruf<hex:03>",0,40,0
77,"Sylphenland",0,"",0,0,1,0,0,"<hex:020924E802FF10>ins Sylphenland<hex:FF0F>im Sylphenland<hex:03>",0,50,0
78,"Obere Pfade",0,"",0,0,1,0,0,"<hex:02092EE802FF12>nach Untere Pfade<hex:FF17>bei den Unteren Pfaden<hex:03>",0,10,0
79,"Untere Pfade",0,"",0,0,1,0,0,"<hex:02092CE802FF11>nach Obere Pfade<hex:FF16>bei den Oberen Pfaden<hex:03>",0,30,0
80,"Natternhain",0,"",0,0,1,0,0,"<hex:020924E802FF10>zum Natternhain<hex:FF0F>im Natternhain<hex:03>",0,40,0
81,"Florarium der Stille",0,"",0,0,1,0,0,"<hex:020936E802FF19>zum Florarium der Stille<hex:FF18>am Florarium der Stille<hex:03>",0,20,0
82,"Urths Segen",0,"",0,0,1,0,0,"<hex:020926E802FF11>nach Urths Segen<hex:FF10>bei Urths Segen<hex:03>",0,50,0
83,"Flüsterhain",0,"",0,0,1,0,0,"<hex:020926E802FF11>zum Flüsterhain<hex:FF10>im Flüsterhain<hex:03>",0,10,0
84,"Friedensgarten",0,"",0,0,1,0,0,"<hex:02092AE802FF13>zum Friedensgarten<hex:FF12>am Friedensgarten<hex:03>",0,20,0
85,"Erlenbrunnen",0,"",0,0,1,0,0,"<hex:020926E802FF11>zum Erlenbrunnen<hex:FF10>am Erlenbrunnen<hex:03>",0,30,0
86,"Stolzbach",0,"",0,0,1,0,0,"<hex:020920E802FF0E>zum Stolzbach<hex:FF0D>am Stolzbach<hex:03>",0,40,0
87,"Blaudachs-Pforte",0,"",0,0,1,0,0,"<hex:020932E802FF15>zur Blaudachs-Pforte<hex:FF18>an der Blaudachs-Pforte<hex:03>",0,0,0
88,"Weißwolf-Pforte",0,"",0,0,1,0,0,"<hex:020932E802FF15>zur Weißwolf-Pforte<hex:FF18>an der Weißwolf-Pforte<hex:03>",0,0,0
89,"Gilberts Wachturm",0,"",0,0,1,0,0,"<hex:02092FE802FF15>zu Gilberts Wachturm<hex:FF15>in Gilberts Wachturm<hex:03>",0,0,0
90,"Der Stubben",0,"",0,0,1,0,0,"<hex:02091CE802FF0C>zum Stubben<hex:FF0B>am Stubben<hex:03>",0,0,0
91,"Gabineauxs Laube",0,"",0,0,1,0,0,"<hex:02092DE802FF14>zu Gabineauxs Laube<hex:FF14>in Gabineauxs Laube<hex:03>",0,0,0
92,"Blankenfels",0,"",0,0,1,0,0,"<hex:020925E802FF11>nach Blankenfels<hex:FF0F>am Blankenfels<hex:03>",0,0,0
93,"Geisterkerker",0,"",0,0,1,0,0,"<hex:020928E802FF12>zum Geisterkerker<hex:FF11>im Geisterkerker<hex:03>",0,0,0
94,"Gut Zwieselgrund",0,"",0,0,1,0,0,"<hex:02092EE802FF14>zu Gut Zwieselgrund<hex:FF15>auf Gut Zwieselgrund<hex:03>",0,0,0
95,"Galvanths Wachturm",0,"",0,0,1,0,0,"<hex:020945E802FF16>zu Galvanths Wachturm<hex:FF16>in Galvanths Wachturm<hex:FF13>Galvanths Wachturm<hex:03>",0,0,0
96,"Nophicas Lethe",0,"",0,0,1,0,0,"<hex:020929E802FF12>zu Nophicas Lethe<hex:FF12>in Nophicas Lethe<hex:03>",0,0,0
97,"Der Totenacker Tam-Tara",0,"",0,0,1,0,0,"<hex:02094DE802FF18>zum Totenacker Tam-Tara<hex:FF17>am Totenacker Tam-Tara<hex:FF18>der Totenacker Tam-Tara<hex:03>",0,0,0
98,"Spiegelsee-Steg",0,"",0,0,1,0,0,"<hex:02092CE802FF14>zum Spiegelsee-Steg<hex:FF13>am Spiegelsee-Steg<hex:03>",0,0,0
99,"Lilienstein",0,"",0,0,1,0,0,"<hex:020925E802FF11>nach Lilienstein<hex:FF0F>in Lilienstein<hex:03>",0,0,0
100,"Hagebaum",0,"",0,0,1,0,0,"<hex:02091EE802FF0D>zum Hagebaum<hex:FF0C>am Hagebaum<hex:03>",0,0,0
101,"Immerschatten",0,"",0,0,1,0,0,"<hex:020929E802FF13>nach Immerschatten<hex:FF11>in Immerschatten<hex:03>",0,0,0
102,"Haukke-Herrenhaus",0,"",0,0,1,0,0,"<hex:020947E802FF16>zum Haukke-Herrenhaus<hex:FF15>am Haukke-Herrenhaus<hex:FF16>das Haukke-Herrenhaus<hex:03>",0,0,0
103,"Blutstätte",0,"",0,0,1,0,0,"<hex:020925E802FF11>nach Blutstätte<hex:FF0F>in Blutstätte<hex:03>",0,0,0
104,"Hoffnungs<hex:02160103>schimmer-Teich",0,"",0,0,1,0,0,"<hex:020944E802FF20>zum Hoffnungs<hex:02160103>schimmer-Teich<hex:FF1F>am Hoffnungs<hex:02160103>schimmer-Teich<hex:03>",0,0,0
105,"Drachentrappe",0,"",0,0,1,0,0,"<hex:02092CE802FF12>zur Drachentrappe<hex:FF15>an der Drachentrappe<hex:03>",0,0,0
106,"Spriggan-Nest",0,"",0,0,1,0,0,"<hex:02092BE802FF13>nach Spriggan-Nest<hex:FF13>beim Spriggan-Nest<hex:03>",0,0,0
107,"Jagdhütte der Hawthornes",0,"",0,0,1,0,0,"<hex:020963E802FF1E>zur Jagdhütte der Hawthornes<hex:FF21>an der Jagdhütte der Hawthornes<hex:FF1E>die Jagdhütte der Hawthornes<hex:03>",0,0,0
108,"Hagebaum",0,"",0,0,1,0,0,"<hex:02091EE802FF0D>zum Hagebaum<hex:FF0C>am Hagebaum<hex:03>",0,0,0
109,"",0,"",0,0,0,0,0,"",0,0,0
110,"Amarissaixes Wachturm",0,"",0,0,1,0,0,"<hex:020937E802FF19>zu Amarissaixes Wachturm<hex:FF19>an Amarissaixes Wachturm<hex:03>",0,0,0
111,"Castrum Oriens",0,"",0,0,1,0,0,"<hex:02092BE802FF14>nach Castrum Oriens<hex:FF12>in Castrum Oriens<hex:03>",0,0,0
112,"Dom der Einkehr",0,"",0,0,1,0,0,"<hex:02092CE802FF14>zum Dom der Einkehr<hex:FF13>am Dom der Einkehr<hex:03>",0,0,0
113,"Sylphen-Zuflucht",0,"",0,0,1,0,0,"<hex:020932E802FF15>zur Sylphen-Zuflucht<hex:FF18>in der Sylphen-Zuflucht<hex:03>",0,0,0
114,"Mondsporenforst",0,"",0,0,1,0,0,"<hex:02092CE802FF14>zum Mondsporenforst<hex:FF13>im Mondsporenforst<hex:03>",0,0,0
115,"Sprösslings-Wiege",0,"",0,0,1,0,0,"<hex:020937E802FF17>zur Sprösslings-Wiege<hex:FF1B>bei der Sprösslings-Wiege<hex:03>",0,0,0
116,"Goldblatt-Estrade",0,"",0,0,1,0,0,"<hex:020934E802FF16>zur Goldblatt-Estrade<hex:FF19>an der Goldblatt-Estrade<hex:03>",0,0,0
117,"Die hängenden Gärten",0,"",0,0,1,0,0,"<hex:020939E802FF1A>zu den Hängenden Gärten<hex:FF1A>in den hängenden Gärten<hex:03>",0,0,0
118,"Buscarrons Narbe",0,"",0,0,1,0,0,"<hex:02092FE802FF16>nach Buscarrons Narbe<hex:FF14>in Buscarrons Narbe<hex:03>",0,0,0
119,"Buscarrons Horst",0,"",0,0,1,0,0,"<hex:02092FE802FF16>nach Buscarrons Horst<hex:FF14>in Buscarrons Horst<hex:03>",0,0,0
120,"Tausend Löcher von Toto-Rak",0,"",0,0,1,0,0,"<hex:020950E802FF25>zu den Tausend Löchern von Toto-Rak<hex:FF26>bei den Tausend Löchern von Toto-Rak<hex:03>",0,0,0
121,"Issom-Har",0,"",0,0,1,0,0,"<hex:020921E802FF0F>nach Issom-Har<hex:FF0D>in Issom-Har<hex:03>",0,0,0
122,"Niemandshöhle",0,"",0,0,1,0,0,"<hex:020931E802FF16>in die Niemandshöhle<hex:FF16>in der Niemandshöhle<hex:03>",0,0,0
123,"Camp Seelenruhe",0,"",0,0,1,0,0,"<hex:02092CE802FF14>zum Camp Seelenruhe<hex:FF13>im Camp Seelenruhe<hex:03>",0,0,0
124,"",0,"",0,0,0,0,0,"",0,0,0
125,"Historisches Amdapor",0,"",0,0,1,0,0,"<hex:020951E802FF19>zum historischen Amdapor<hex:FF1A>beim historischen Amdapor<hex:FF18>das historische Amdapor<hex:03>",0,0,0
126,"Wurzelmoor",0,"",0,0,1,0,0,"<hex:020922E802FF0F>zum Wurzelmoor<hex:FF0E>am Wurzelmoor<hex:03>",0,0,0
127,"Luftschiff-Landeplatz (Südwald)",0,"",0,0,1,0,0,"<hex:020950E802FF26>zum Luftschiff-Landeplatz im Südwald<hex:FF25>am Luftschiff-Landeplatz im Südwald<hex:03>",0,0,0
128,"Ruinen von Amdapor",0,"",0,0,1,0,0,"<hex:020951E802FF1A>zu den Ruinen von Amdapor<hex:FF1A>in den Ruinen von Amdapor<hex:FF17>die Ruinen von Amdapor<hex:03>",0,0,0
129,"Mühlenbruch",0,"",0,0,1,0,0,"<hex:020927E802FF12>nach Mühlenbruch<hex:FF10>in Mühlenbruch<hex:03>",0,0,0
130,"Rotbauch-Nest",0,"",0,0,1,0,0,"<hex:020928E802FF12>zum Rotbauch-Nest<hex:FF11>am Rotbauch-Nest<hex:03>",0,0,0
131,"Goblin-Treff",0,"",0,0,1,0,0,"<hex:020927E802FF12>nach Goblin-Treff<hex:FF10>in Goblin-Treff<hex:03>",0,0,0
132,"Rotthaufen",0,"",0,0,1,0,0,"<hex:020922E802FF0F>zum Rotthaufen<hex:FF0E>am Rotthaufen<hex:03>",0,0,0
133,"Urths Quelle",0,"",0,0,1,0,0,"<hex:020926E802FF10>zu Urths Quelle<hex:FF11>bei Urths Quelle<hex:03>",0,0,0
134,"",0,"",0,0,0,0,0,"",0,0,0
135,"Gelbschlangen-Pforte",0,"",0,0,1,0,0,"<hex:020954E802FF19>zur Gelbschlangen-Pforte<hex:FF1C>an der Gelbschlangen-Pforte<hex:FF19>die Gelbschlangen-Pforte<hex:03>",0,0,0
136,"Flüsterhain-Stallung",0,"",0,0,1,0,0,"<hex:02093CE802FF1A>zur Flüsterhain-Stallung<hex:FF1D>an der Flüsterhain-Stallung<hex:03>",0,0,0
137,"E-Tatts Wachturm",0,"",0,0,1,0,0,"<hex:02092EE802FF14>zu E-Tatts Wachturm<hex:FF15>bei E-Tatts Wachturm<hex:03>",0,0,0
138,"Hagebaum",0,"",0,0,1,0,0,"<hex:02091EE802FF0D>zum Hagebaum<hex:FF0C>am Hagebaum<hex:03>",0,0,0
139,"Mühlenhain",0,"",0,0,1,0,0,"<hex:020925E802FF11>nach Mühlenhain<hex:FF0F>in Mühlenhain<hex:03>",0,0,0
140,"Herbstkürbis-See",0,"",0,0,1,0,0,"<hex:020930E802FF16>zum Herbstkürbis-See<hex:FF15>am Herbstkürbis-See<hex:03>",0,0,0
141,"Der Schwimmende Korken",0,"",0,0,1,0,0,"<hex:020934E802FF18>zum Schwimmenden Korken<hex:FF17>im Schwimmenden Korken<hex:03>",0,0,0
142,"Florentels Wachturm",0,"",0,0,1,0,0,"<hex:020934E802FF17>zu Florentels Wachturm<hex:FF18>bei Florentels Wachturm<hex:03>",0,0,0
143,"Prospektoren-Höhle",0,"",0,0,1,0,0,"<hex:020938E802FF18>zur Prospektoren-Höhle<hex:FF1B>in der Prospektoren-Höhle<hex:03>",0,0,0
144,"Ruinen von Gelmorra",0,"",0,0,1,0,0,"<hex:02093BE802FF1B>zu den Ruinen von Gelmorra<hex:FF1B>in den Ruinen von Gelmorra<hex:03>",0,1,0
145,"Ixal-Kahlhieb",0,"",0,0,1,0,0,"<hex:020928E802FF12>zum Ixal-Kahlhieb<hex:FF11>am Ixal-Kahlhieb<hex:03>",0,0,0
146,"Eugenias Wachturm",0,"",0,0,1,0,0,"<hex:020930E802FF15>zu Eugenias Wachturm<hex:FF16>bei Eugenias Wachturm<hex:03>",0,0,0
147,"Anfänger-Arena",0,"",0,0,1,0,0,"<hex:020948E802FF17>in die Anfänger-Arena<hex:FF17>in der Anfänger-Arena<hex:FF14>die Anfänger-Arena<hex:03>",0,0,0
148,"",0,"",0,0,0,0,0,"",0,0,0
149,"",0,"",0,0,0,0,0,"",0,0,0
150,"",0,"",0,0,0,0,0,"",0,0,0
151,"Der Traumbaum",0,"",0,0,1,0,0,"<hex:020923E802FF11>in den Traumbaum<hex:FF0D>im Traumbaum<hex:03>",0,0,0
152,"Tiefstes Inneres",0,"",0,0,1,0,0,"<hex:02092CE802FF13>ins Tiefste Innere<hex:FF14>im Tiefsten Inneren<hex:03>",0,0,0
153,"Mordion-Kerker",0,"",0,0,1,0,0,"<hex:02092AE802FF13>zum Mordion-Kerker<hex:FF12>im Mordion-Kerker<hex:03>",0,0,0
154,"Wolfspferch (The Fold)",0,"",0,0,1,0,0,"<hex:020956E802FF1B>zum Wolfspferch (The Fold)<hex:FF1A>im Wolfspferch (The Fold)<hex:FF1B>der Wolfspferch (The Fold)<hex:03>",0,0,0
155,"Honigblumen-Steg",0,"",0,0,1,0,0,"<hex:02092EE802FF15>zum Honigblumen-Steg<hex:FF14>am Honigblumen-Steg<hex:03>",0,0,0
156,"Westliche Blattader",0,"",0,0,1,0,0,"<hex:02093BE802FF19>zur Westlichen Blattader<hex:FF1D>bei der Westlichen Blattader<hex:03>",0,0,0
157,"Östliche Blattader",0,"",0,0,1,0,0,"<hex:02093BE802FF19>zur Östlichen Blattader<hex:FF1D>bei der Östlichen Blattader<hex:03>",0,0,0
158,"Josselins Wachturm",0,"",0,0,1,0,0,"<hex:020931E802FF16>zu Josselins Wachturm<hex:FF16>an Josselins Wachturm<hex:03>",0,0,0
159,"Imkerei Blütengold",0,"",0,0,1,0,0,"<hex:020938E802FF18>zur Imkerei Blütengold<hex:FF1B>in der Imkerei Blütengold<hex:03>",0,0,0
160,"Gesegneter Jungbaum",0,"",0,0,1,0,0,"<hex:020934E802FF18>zum Gesegneten Jungbaum<hex:FF17>am Gesegneten Jungbaum<hex:03>",0,0,0
161,"Zephyr-Schneise",0,"",0,0,1,0,0,"<hex:020930E802FF14>zur Zephyr-Schneise<hex:FF17>in der Zephyr-Schneise<hex:03>",0,10,0
162,"Sommerfurt",0,"",0,0,1,0,0,"<hex:020926E802FF0F>zur Sommerfurt<hex:FF12>an der Sommerfurt<hex:03>",0,20,0
163,"Drei-Malme-Biegung",0,"",0,0,1,0,0,"<hex:020936E802FF17>zur Drei-Malme-Biegung<hex:FF1A>an der Drei-Malme-Biegung<hex:03>",0,30,0
164,"Moraby-Bucht",0,"",0,0,1,0,0,"<hex:02092AE802FF11>zur Moraby-Bucht<hex:FF14>in der Moraby-Bucht<hex:03>",0,10,0
165,"Zedernwald",0,"",0,0,1,0,0,"<hex:020922E802FF0F>zum Zedernwald<hex:FF0E>im Zedernwald<hex:03>",0,20,0
166,"Gottes Griff",0,"",0,0,1,0,0,"<hex:020927E802FF12>nach Gottes Griff<hex:FF10>an Gottes Griff<hex:03>",0,30,0
167,"Rotgischt",0,"",0,0,1,0,0,"<hex:020921E802FF0F>nach Rotgischt<hex:FF0D>in Rotgischt<hex:03>",0,10,0
168,"Regenfänger-Rinne",0,"",0,0,1,0,0,"<hex:020936E802FF17>zur Regenfänger-Rinne<hex:FF1A>in der Regenfänger-Rinne<hex:03>",0,20,0
169,"Zeitloser Pfad",0,"",0,0,1,0,0,"<hex:02092AE802FF13>zum Zeitlosen Pfad<hex:FF12>am Zeitlosen Pfad<hex:03>",0,30,0
170,"Viertelstein",0,"",0,0,1,0,0,"<hex:020927E802FF12>nach Viertelstein<hex:FF10>in Viertelstein<hex:03>",0,10,0
171,"Schädeltal",0,"",0,0,1,0,0,"<hex:020924E802FF10>zum Schädeltal<hex:FF0F>im Schädeltal<hex:03>",0,20,0
172,"Halbstein",0,"",0,0,1,0,0,"<hex:020921E802FF0F>nach Halbstein<hex:FF0D>in Halbstein<hex:03>",0,40,0
173,"Die Phantominseln",0,"",0,0,1,0,0,"<hex:020930E802FF15>zu den Phantominseln<hex:FF16>auf den Phantominseln<hex:03>",0,30,0
174,"Eichenwald",0,"",0,0,1,0,0,"<hex:020922E802FF0F>zum Eichenwald<hex:FF0E>im Eichenwald<hex:03>",0,10,0
175,"Himmelsstiege",0,"",0,0,1,0,0,"<hex:02092DE802FF12>zur Himmelsstiege<hex:FF16>auf der Himmelsstiege<hex:03>",0,10,0
176,"Eisensee",0,"",0,0,1,0,0,"<hex:02091EE802FF0D>zum Eisensee<hex:FF0C>am Eisensee<hex:03>",0,20,0
177,"Bronzesee",0,"",0,0,1,0,0,"<hex:020920E802FF0E>zum Bronzesee<hex:FF0D>am Bronzesee<hex:03>",0,20,0
178,"Zelmas Klamm",0,"",0,0,1,0,0,"<hex:020925E802FF10>zu Zelmas Klamm<hex:FF10>in Zelmas Klamm<hex:03>",0,30,0
179,"Zephyr-Tor",0,"",0,0,1,0,0,"<hex:020922E802FF0F>zum Zephyr-Tor<hex:FF0E>am Zephyr-Tor<hex:03>",0,0,0
180,"Galadion-Bucht",0,"",0,0,1,0,0,"<hex:02092EE802FF13>zur Galadion-Bucht<hex:FF16>in der Galadion-Bucht<hex:03>",0,0,0
181,"De Nevelle-Landstraße",0,"",0,0,1,0,0,"<hex:02093EE802FF1B>zur De Nevelle-Landstraße<hex:FF1E>an der De Nevelle-Landstraße<hex:03>",0,0,0
182,"Schurkenstrom",0,"",0,0,1,0,0,"<hex:020928E802FF12>zum Schurkenstrom<hex:FF11>am Schurkenstrom<hex:03>",0,0,0
183,"La Thagran-Grenzposten",0,"",0,0,1,0,0,"<hex:02093AE802FF1B>zum La Thagran-Grenzposten<hex:FF1A>am La Thagran-Grenzposten<hex:03>",0,0,0
184,"Sommerfurt-Höfe",0,"",0,0,1,0,0,"<hex:020937E802FF19>zu den Sommerfurt-Höfen<hex:FF19>an den Sommerfurt-Höfen<hex:03>",0,0,0
185,"Klagegrotte",0,"",0,0,1,0,0,"<hex:020928E802FF10>zur Klagegrotte<hex:FF13>in der Klagegrotte<hex:03>",0,0,0
186,"Der Agelyss",0,"",0,0,1,0,0,"<hex:020928E802FF12>zum Fluss Agelyss<hex:FF11>am Fluss Agelyss<hex:03>",0,0,0
187,"Der Kochkessel",0,"",0,0,1,0,0,"<hex:020922E802FF0F>zum Kochkessel<hex:FF0E>im Kochkessel<hex:03>",0,0,0
188,"Feldscheune",0,"",0,0,1,0,0,"<hex:020928E802FF10>zur Feldscheune<hex:FF13>an der Feldscheune<hex:03>",0,0,0
189,"Der Abstieg",0,"",0,0,1,0,0,"<hex:02091CE802FF0C>zum Abstieg<hex:FF0B>am Abstieg<hex:03>",0,0,0
190,"Himmelszug",0,"",0,0,1,0,0,"<hex:020922E802FF0F>zum Himmelszug<hex:FF0E>am Himmelszug<hex:03>",0,0,0
191,"De Nevelle-Grenzposten",0,"",0,0,1,0,0,"<hex:02093AE802FF1B>zum De Neville-Grenzposten<hex:FF1A>am De Neville-Grenzposten<hex:03>",0,0,0
192,"Flüsterklamm",0,"",0,0,1,0,0,"<hex:02092CE802FF12>zur Flüsterklamm<hex:FF15>in der Flüsterklamm<hex:03>",0,0,0
193,"Der Nymquell",0,"",0,0,1,0,0,"<hex:02091EE802FF0D>zum Nymquell<hex:FF0C>am Nymquell<hex:03>",0,0,0
194,"Fockmast",0,"",0,0,1,0,0,"<hex:02091EE802FF0D>zum Fockmast<hex:FF0C>im Fockmast<hex:03>",0,0,0
195,"Verrückte Brücke",0,"",0,0,1,0,0,"<hex:020938E802FF18>zur Verrückten Brücke<hex:FF1B>an der Verrückten Brücke<hex:03>",0,0,0
196,"Die Augen",0,"",0,0,1,0,0,"<hex:02091FE802FF0D>zu den Augen<hex:FF0D>an den Augen<hex:03>",0,0,0
197,"Die Trauernde Witwe",0,"",0,0,1,0,0,"<hex:020933E802FF15>zur Trauernden Witwe<hex:FF19>bei der Trauernden Witwe<hex:03>",0,0,0
198,"Sturmtor",0,"",0,0,1,0,0,"<hex:02091EE802FF0D>zum Sturmtor<hex:FF0C>am Sturmtor<hex:03>",0,0,0
199,"Oschons Klammer",0,"",0,0,1,0,0,"<hex:02092BE802FF13>zu Oschons Klammer<hex:FF13>an Oschons Klammer<hex:03>",0,0,0
200,"Gockelburg",0,"",0,0,1,0,0,"<hex:020926E802FF0F>zur Gockelburg<hex:FF12>an der Gockelburg<hex:03>",0,0,0
201,"Die Graue Flotte",0,"",0,0,1,0,0,"<hex:02092DE802FF12>zur Grauen Flotte<hex:FF16>bei der Grauen Flotte<hex:03>",0,0,0
202,"Finstereisenmine",0,"",0,0,1,0,0,"<hex:020932E802FF15>zur Finstereisenmine<hex:FF18>in der Finstereisenmine<hex:03>",0,0,0
203,"La Thagran-Landstraße",0,"",0,0,1,0,0,"<hex:02093EE802FF1B>zur La Thagran-Landstraße<hex:FF1E>an der La Thagran-Landstraße<hex:03>",0,0,0
204,"Steckenschuppen",0,"",0,0,1,0,0,"<hex:02092CE802FF14>zum Steckenschuppen<hex:FF13>am Steckenschuppen<hex:03>",0,0,0
205,"Sturmvogelturm",0,"",0,0,1,0,0,"<hex:02092AE802FF13>zum Sturmvogelturm<hex:FF12>am Sturmvogelturm<hex:03>",0,0,0
206,"Sonnenküste",0,"",0,0,1,0,0,"<hex:02092AE802FF11>zur Sonnenküste<hex:FF14>an der Sonnenküste<hex:03>",0,0,0
207,"Der Agelyss",0,"",0,0,1,0,0,"<hex:02091CE802FF0C>zum Agelyss<hex:FF0B>am Agelyss<hex:03>",0,0,0
208,"Fähranleger",0,"",0,0,1,0,0,"<hex:020926E802FF11>zum Fähranleger<hex:FF10>am Fähranleger<hex:03>",0,0,0
209,"Garloks Höhle",0,"",0,0,1,0,0,"<hex:020929E802FF12>zu Garloks Höhle<hex:FF12>an Garloks Höhle<hex:03>",0,0,0
210,"Fähranleger - Verborgener Wasserfall",0,"",0,0,1,0,0,"<hex:02095AE802FF2B>zum Fähranleger am Verborgenen Wasserfall<hex:FF2A>am Fähranleger am Verborgenen Wasserfall<hex:03>",0,0,0
211,"Verborgener Wasserfall",0,"",0,0,1,0,0,"<hex:02093AE802FF1B>zum Verborgenen Wasserfall<hex:FF1A>am Verborgenen Wasserfall<hex:03>",0,0,0
212,"Brüllvolx' Langrast",0,"",0,0,1,0,0,"<hex:02094BE802FF18>zu Brüllvolx' Langrast<hex:FF18>an Brüllvolx' Langrast<hex:FF15>Brüllvolx' Langrast<hex:03>",0,0,0
213,"Durchtrennte Bande",0,"",0,0,1,0,0,"<hex:020938E802FF18>zur Durchtrennten Bande<hex:FF1B>an der Durchtrennten Bande<hex:03>",0,0,0
214,"Mantisfall",0,"",0,0,1,0,0,"<hex:020922E802FF0F>zum Mantisfall<hex:FF0E>am Mantisfall<hex:03>",0,0,0
215,"Fähranleger - Regenfänger",0,"",0,0,1,0,0,"<hex:020946E802FF21>zum Fähranleger am Regenfänger<hex:FF20>am Fähranleger am Regenfänger<hex:03>",0,0,0
216,"Weinhafen",0,"",0,0,1,0,0,"<hex:020920E802FF0E>zum Weinhafen<hex:FF0D>im Weinhafen<hex:03>",0,0,0
217,"Castrum Occidens",0,"",0,0,1,0,0,"<hex:02092EE802FF15>zum Castrum Occidens<hex:FF14>am Castrum Occidens<hex:03>",0,0,0
218,"Tölpelturm-Siedlung",0,"",0,0,1,0,0,"<hex:02093AE802FF19>zur Tölpelturm-Siedlung<hex:FF1C>in der Tölpelturm-Siedlung<hex:03>",0,0,0
219,"Dodo-Nistgebiet",0,"",0,0,1,0,0,"<hex:02092CE802FF14>zum Dodo-Nistgebiet<hex:FF13>im Dodo-Nistgebiet<hex:03>",0,0,0
220,"Leuchtturm Braubake",0,"",0,0,1,0,0,"<hex:020934E802FF18>zum Leuchtturm Braubake<hex:FF17>am Leuchtturm Braubake<hex:03>",0,0,0
221,"De Nevelle-Landstraße",0,"",0,0,1,0,0,"<hex:02093EE802FF1B>zur De Nevelle-Landstraße<hex:FF1E>an der De Nevelle-Landstraße<hex:03>",0,0,0
222,"Sastasha-Höhle",0,"",0,0,1,0,0,"<hex:020945E802FF14>zur Sastasha-Höhle<hex:FF17>in der Sastasha-Höhle<hex:FF14>die Sastasha-Höhle<hex:03>",0,0,0
223,"Bierhafen",0,"",0,0,1,0,0,"<hex:020921E802FF0F>nach Bierhafen<hex:FF0D>in Bierhafen<hex:03>",0,0,0
224,"Camp Schädeltal",0,"",0,0,1,0,0,"<hex:02092EE802FF15>zum Camp Schädeltal<hex:FF14>im Camp Schädeltal<hex:03>",0,0,0
225,"Aerghaems Gruft",0,"",0,0,1,0,0,"<hex:02092BE802FF13>zu Aerghaems Gruft<hex:FF13>in Aerghaems Gruft<hex:03>",0,0,0
226,"Norddamm",0,"",0,0,1,0,0,"<hex:02091EE802FF0D>zum Norddamm<hex:FF0C>am Norddamm<hex:03>",0,0,0
227,"Süddamm",0,"",0,0,1,0,0,"<hex:02091EE802FF0D>zum Süddamm<hex:FF0C>am Süddamm<hex:03>",0,0,0
228,"Schiffsfriedhof",0,"",0,0,1,0,0,"<hex:02092CE802FF14>zum Schiffsfriedhof<hex:FF13>am Schiffsfriedhof<hex:03>",0,0,0
229,"Insel des Ewigen Sommers",0,"",0,0,1,0,0,"<hex:020943E802FF1D>zur Insel des Ewigen Sommers<hex:FF21>auf der Insel des Ewigen Sommers<hex:03>",0,0,0
230,"Pharos Sirius",0,"",0,0,1,0,0,"<hex:020928E802FF12>zum Pharos Sirius<hex:FF11>am Pharos Sirius<hex:03>",0,0,0
231,"Memeroons Handelsposten",0,"",0,0,1,0,0,"<hex:02093CE802FF1B>zu Memeroons Handelsposten<hex:FF1C>bei Memeroons Handelsposten<hex:03>",0,0,0
232,"Witwenmühle",0,"",0,0,1,0,0,"<hex:02092AE802FF11>zur Witwenmühle<hex:FF14>an der Witwenmühle<hex:03>",0,0,0
233,"Thalaos",0,"",0,0,1,0,0,"<hex:02091DE802FF0D>nach Thalaos<hex:FF0B>in Thalaos<hex:03>",0,0,0
234,"Narrenfall",0,"",0,0,1,0,0,"<hex:020922E802FF0F>zum Narrenfall<hex:FF0E>am Narrenfall<hex:03>",0,10,0
235,"Einsiedlerhütte",0,"",0,0,1,0,0,"<hex:020932E802FF15>zur Einsiedlerhütte<hex:FF18>an der Einsiedlerhütte<hex:03>",0,0,0
236,"Die Schwebende Stadt Nym",0,"",0,0,1,0,0,"<hex:02093CE802FF1A>zur Schwebenden Stadt Nym<hex:FF1D>in der Schwebenden Stadt Nym<hex:03>",0,0,0
237,"Camp Ausblick",0,"",0,0,1,0,0,"<hex:020928E802FF12>zum Camp Ausblick<hex:FF11>im Camp Ausblick<hex:03>",0,0,0
238,"U'Ghamaro-Minen",0,"",0,0,1,0,0,"<hex:02092AE802FF13>zum Camp Bronzesee<hex:FF12>im Camp Bronzesee<hex:03>",0,30,0
239,"Camp Bronzesee",0,"",0,0,1,0,0,"<hex:020936E802FF19>zum Palast des Wanderers<hex:FF18>im Palast des Wanderers<hex:03>",0,0,0
240,"Palast des Wanderers",0,"",0,0,1,0,0,"<hex:020928E802FF12>zum Camp Ausblick<hex:FF11>im Camp Ausblick<hex:03>",0,0,0
241,"Jijiroons Handelsposten",0,"",0,0,1,0,0,"<hex:02093CE802FF1B>zu Jijiroons Handelsposten<hex:FF1C>bei Jijiroons Handelsposten<hex:03>",0,0,0
242,"Koboldgrube",0,"",0,0,1,0,0,"<hex:020928E802FF10>zur Koboldgrube<hex:FF13>in der Koboldgrube<hex:03>",0,0,0
243,"Hämmerweide",0,"",0,0,1,0,0,"<hex:02092BE802FF11>zur Hämmerweide<hex:FF15>auf der Hämmerweide<hex:03>",0,20,0
244,"Horizontblick",0,"",0,0,1,0,0,"<hex:020929E802FF13>nach Horizontblick<hex:FF11>in Horizontblick<hex:03>",0,40,0
245,"Tal der Spuren",0,"",0,0,1,0,0,"<hex:02092AE802FF13>zum Tal der Spuren<hex:FF12>im Tal der Spuren<hex:03>",0,50,0
246,"Kap Westwind",0,"",0,0,1,0,0,"<hex:020926E802FF11>zum Kap Westwind<hex:FF10>am Kap Westwind<hex:03>",0,60,0
247,"Kakteenmulde",0,"",0,0,1,0,0,"<hex:02092AE802FF11>zur Kakteenmulde<hex:FF14>an der Kakteenmulde<hex:03>",0,10,0
248,"Kohlenstaub",0,"",0,0,1,0,0,"<hex:020925E802FF11>nach Kohlenstaub<hex:FF0F>in Kohlenstaub<hex:03>",0,20,0
249,"Die Klaue",0,"",0,0,1,0,0,"<hex:02091CE802FF0A>zur Klaue<hex:FF0D>an der Klaue<hex:03>",0,30,0
250,"Knochenbleich",0,"",0,0,1,0,0,"<hex:020929E802FF13>nach Knochenbleich<hex:FF11>in Knochenbleich<hex:03>",0,10,0
251,"Sandtor",0,"",0,0,1,0,0,"<hex:02091CE802FF0C>zum Sandtor<hex:FF0B>am Sandtor<hex:03>",0,20,0
252,"Wellwick-Forst",0,"",0,0,1,0,0,"<hex:02092AE802FF13>zum Wellwick-Forst<hex:FF12>im Wellwick-Forst<hex:03>",0,30,0
253,"Der Feuerwall",0,"",0,0,1,0,0,"<hex:020920E802FF0E>zum Feuerwall<hex:FF0D>am Feuerwall<hex:03>",0,40,0
254,"Mordsdurst",0,"",0,0,1,0,0,"<hex:020923E802FF10>nach Mordsdurst<hex:FF0E>in Mordsdurst<hex:03>",0,10,0
255,"Zanr'ak",0,"",0,0,1,0,0,"<hex:02091DE802FF0D>nach Zanr'ak<hex:FF0B>in Zanr'ak<hex:03>",0,40,0
256,"Das Rote Labyrinth",0,"",0,0,1,0,0,"<hex:02092CE802FF14>zum Roten Labyrinth<hex:FF13>am Roten Labyrinth<hex:03>",0,20,0
257,"Sagolii-Wüste",0,"",0,0,1,0,0,"<hex:02092EE802FF13>zur Sagolii-Wüste<hex:FF16>in der Sagolii-Wüste<hex:03>",0,30,0
258,"Blauer Dunst",0,"",0,0,1,0,0,"<hex:020927E802FF12>nach Blauer Dunst<hex:FF10>in Blauer Dunst<hex:03>",0,10,0
259,"Raubahns Trutz",0,"",0,0,1,0,0,"<hex:02092BE802FF14>nach Raubahns Trutz<hex:FF12>in Raubahns Trutz<hex:03>",0,20,0
260,"Castrum Meridianum",0,"",0,0,1,0,0,"<hex:020932E802FF17>zum Castrum Meridianum<hex:FF16>am Castrum Meridianum<hex:03>",0,0,0
261,"Sasamos 80 Sünden",0,"",0,0,1,0,0,"<hex:020932E802FF16>zu Sasamos 80 Sünden<hex:FF17>bei Sasamos 80 Sünden<hex:03>",0,10,0
262,"Leuchtturm Bakenberg",0,"",0,0,1,0,0,"<hex:020936E802FF19>zum Leuchtturm Bakenberg<hex:FF18>am Leuchtturm Bakenberg<hex:03>",0,0,0
263,"Skorpionen-Treff",0,"",0,0,1,0,0,"<hex:02092EE802FF15>zum Skorpionen-Treff<hex:FF14>am Skorpionen-Treff<hex:03>",0,0,0
264,"Nophicas Brunnen",0,"",0,0,1,0,0,"<hex:02092DE802FF14>zu Nophicas Brunnen<hex:FF14>an Nophicas Brunnen<hex:03>",0,30,0
265,"Dampframme I",0,"",0,0,1,0,0,"<hex:020926E802FF0F>zur Dampframme<hex:FF12>an der Dampframme<hex:03>",0,0,0
266,"Der Silberbasar",0,"",0,0,1,0,0,"<hex:020924E802FF10>zum Silberbasar<hex:FF0F>am Silberbasar<hex:03>",0,1,0
267,"Kupferglocken-Mine",0,"",0,0,1,0,0,"<hex:020936E802FF17>zur Kupferglocken-Mine<hex:FF1A>in der Kupferglocken-Mine<hex:03>",0,0,0
268,"Morgenrot-Tor",0,"",0,0,1,0,0,"<hex:020928E802FF12>zum Morgenrot-Tor<hex:FF11>am Morgenrot-Tor<hex:03>",0,0,0
269,"Abendrot-Tor",0,"",0,0,1,0,0,"<hex:020926E802FF11>zum Abendrot-Tor<hex:FF10>am Abendrot-Tor<hex:03>",0,0,0
270,"Allagischer Sonnenweg",0,"",0,0,1,0,0,"<hex:020938E802FF1A>zum Allagischen Sonnenweg<hex:FF19>am Allagischen Sonnenweg<hex:03>",0,0,0
271,"Horizont",0,"",0,0,1,0,0,"<hex:02091FE802FF0E>nach Horizont<hex:FF0C>in Horizont<hex:03>",0,0,0
272,"Mondsichel-Bucht",0,"",0,0,1,0,0,"<hex:020932E802FF15>zur Mondsichel-Bucht<hex:FF18>in der Mondsichel-Bucht<hex:03>",0,0,0
273,"Der Schweigsame König",0,"",0,0,1,0,0,"<hex:020934E802FF18>zum Schweigsamen König<hex:FF17>am Schweigsamen König<hex:03>",0,0,0
274,"Bucht des Abendsterns",0,"",0,0,1,0,0,"<hex:02093CE802FF1A>zur Bucht des Abendsterns<hex:FF1D>an der Bucht des Abendsterns<hex:03>",0,0,0
275,"Mondtropfen-Höhle",0,"",0,0,1,0,0,"<hex:020936E802FF17>zur Mondtropfen-Höhle<hex:FF1A>in der Mondtropfen-Höhle<hex:03>",0,0,0
276,"Paratas Friede",0,"",0,0,1,0,0,"<hex:02092AE802FF12>zu Paratas Friede<hex:FF13>bei Paratas Friede<hex:03>",0,0,0
277,"Garleischer Außenposten",0,"",0,0,1,0,0,"<hex:02093EE802FF1D>zum Garleischen Außenposten<hex:FF1C>am Garleischen Außenposten<hex:03>",0,0,0
278,"Steinwurf-Slum",0,"",0,0,1,0,0,"<hex:02092AE802FF13>zum Steinwurf-Slum<hex:FF12>im Steinwurf-Slum<hex:03>",0,0,0
279,"Camp Fesca",0,"",0,0,1,0,0,"<hex:020922E802FF0F>zum Camp Fesca<hex:FF0E>im Camp Fesca<hex:03>",0,0,0
280,"Die Vier Schwestern",0,"",0,0,1,0,0,"<hex:020934E802FF17>zu den Vier Schwestern<hex:FF18>bei den Vier Schwestern<hex:03>",0,0,0
281,"Rußrinne",0,"",0,0,1,0,0,"<hex:020924E802FF0E>zur Rußrinne<hex:FF11>an der Rußrinne<hex:03>",0,0,0
282,"Garten der Sultana",0,"",0,0,1,0,0,"<hex:020932E802FF17>zum Garten der Sultana<hex:FF16>im Garten der Sultana<hex:03>",0,0,0
283,"Ul'dah-Rangierbahnhof",0,"",0,0,1,0,0,"<hex:020938E802FF1A>zum Ul'dah-Rangierbahnhof<hex:FF19>am Ul'dah-Rangierbahnhof<hex:03>",0,0,0
284,"Allagischer Sternenweg",0,"",0,0,1,0,0,"<hex:02093AE802FF1B>zum Allagischen Sternenweg<hex:FF1A>am Allagischen Sternenweg<hex:03>",0,0,0
285,"Fescas Aussicht",0,"",0,0,1,0,0,"<hex:02092BE802FF13>zu Fescas Aussicht<hex:FF13>an Fescas Aussicht<hex:03>",0,0,0
286,"Baum des Sultans",0,"",0,0,1,0,0,"<hex:02092EE802FF15>zum Baum des Sultans<hex:FF14>am Baum des Sultans<hex:03>",0,0,0
287,"Sagolii-Grenzposten",0,"",0,0,1,0,0,"<hex:020934E802FF18>zum Sagolii-Grenzposten<hex:FF17>am Sagolii-Grenzposten<hex:03>",0,0,0
288,"Allagischer Sonnenweg",0,"",0,0,1,0,0,"<hex:020938E802FF1A>zum Allagischen Sonnenweg<hex:FF19>am Allagischen Sonnenweg<hex:03>",0,0,0
289,"Zum Würfel & Becher",0,"",0,0,1,0,0,"<hex:02095EE802FF2B>zur Raststätte „Zum Würfel & Becher“<hex:FF2E>an der Raststätte „Zum Würfel & Becher“<hex:03>",0,0,0
290,"Kohlenstaub-Bahnhof",0,"",0,0,1,0,0,"<hex:020934E802FF18>zum Kohlenstaub-Bahnhof<hex:FF17>am Kohlenstaub-Bahnhof<hex:03>",0,0,0
291,"Sil'dih-Ruinen",0,"",0,0,1,0,0,"<hex:020932E802FF16>zu den Sil'dih-Ruinen<hex:FF17>bei den Sil'dih-Ruinen<hex:03>",0,0,0
292,"Das Rattennest",0,"",0,0,1,0,0,"<hex:020922E802FF0F>zum Rattennest<hex:FF0E>am Rattennest<hex:03>",0,0,0
293,"Höllenbrut-Grotten",0,"",0,0,1,0,0,"<hex:02093CE802FF1B>zu den Höllenbrut-Grotten<hex:FF1C>bei den Höllenbrut-Grotten<hex:03>",0,0,0
294,"Verlorene Hoffnung",0,"",0,0,1,0,0,"<hex:020962E802FF2F>zum Flüchtlingslager „Verlorene Hoffnung“<hex:FF2E>im Flüchtlingslager „Verlorene Hoffnung“<hex:03>",0,0,0
295,"Der Feuerhügel",0,"",0,0,1,0,0,"<hex:020924E802FF10>zum Feuerhügel<hex:FF0F>am Feuerhügel<hex:03>",0,0,0
296,"Nanawa-Mine",0,"",0,0,1,0,0,"<hex:020928E802FF10>zur Nanawa-Mine<hex:FF13>in der Nanawa-Mine<hex:03>",0,0,0
297,"Der Unheilige Erbe",0,"",0,0,1,0,0,"<hex:02092EE802FF15>zum Unheiligen Erben<hex:FF14>am Unheiligen Erben<hex:03>",0,0,0
298,"Quiverons Pfarrhaus",0,"",0,0,1,0,0,"<hex:020934E802FF17>zu Quiverons Pfarrhaus<hex:FF18>bei Quiverons Pfarrhaus<hex:03>",0,0,0
299,"Allagischer Sonnenweg",0,"",0,0,1,0,0,"<hex:020938E802FF1A>zum Allagischen Sonnenweg<hex:FF19>am Allagischen Sonnenweg<hex:03>",0,0,0
300,"Camp Knochenbleich",0,"",0,0,1,0,0,"<hex:020932E802FF17>zum Camp Knochenbleich<hex:FF16>im Camp Knochenbleich<hex:03>",0,0,0
301,"Die Unsichtbare Stadt",0,"",0,0,1,0,0,"<hex:020936E802FF17>zur Unsichtbaren Stadt<hex:FF1A>in der Unsichtbaren Stadt<hex:03>",0,0,0
302,"Sankt Adama Landama-Kirche",0,"",0,0,1,0,0,"<hex:020946E802FF1F>zur Sankt Adama Landama-Kirche<hex:FF22>an der Sankt Adama Landama-Kirche<hex:03>",0,0,0
303,"Dornsee",0,"",0,0,1,0,0,"<hex:02091CE802FF0C>zum Dornsee<hex:FF0B>am Dornsee<hex:03>",0,0,0
304,"Der Goldbasar",0,"",0,0,1,0,0,"<hex:020920E802FF0E>zum Goldbasar<hex:FF0D>am Goldbasar<hex:03>",0,0,0
305,"Halatali",0,"",0,0,1,0,0,"<hex:020929E802FF0E>nach Halatali<hex:FF0C>in Halatali<hex:FF09>Halatali<hex:03>",0,0,0
306,"Amalj'aa-Feldlager",0,"",0,0,1,0,0,"<hex:020932E802FF17>zum Amalj'aa-Feldlager<hex:FF16>am Amalj'aa-Feldlager<hex:03>",0,0,0
307,"Hohenbrück",0,"",0,0,1,0,0,"<hex:020925E802FF11>nach Hohenbrück<hex:FF0F>in Hohenbrück<hex:03>",0,0,0
308,"Der Yugr'am",0,"",0,0,1,0,0,"<hex:02091CE802FF0C>zum Yugr'am<hex:FF0B>am Yugr'am<hex:03>",0,0,0
309,"Thals Rast",0,"",0,0,1,0,0,"<hex:020923E802FF10>nach Thals Rast<hex:FF0E>in Thals Rast<hex:03>",0,0,0
310,"Rothfall",0,"",0,0,1,0,0,"<hex:02091EE802FF0D>zum Rothfall<hex:FF0C>am Rothfall<hex:03>",0,0,0
311,"Das Letzte Gebet",0,"",0,0,1,0,0,"<hex:020928E802FF12>zum Letzten Gebet<hex:FF11>am Letzten Gebet<hex:03>",0,0,0
312,"Versunkener Tempel von Qarn",0,"",0,0,1,0,0,"<hex:020944E802FF20>zum Versunkenen Tempel von Qarn<hex:FF1F>im Versunkenen Tempel von Qarn<hex:03>",0,0,0
313,"Klein-Ala Mhigo",0,"",0,0,1,0,0,"<hex:02092DE802FF15>nach Klein-Ala Mhigo<hex:FF13>in Klein-Ala Mhigo<hex:03>",0,0,0
314,"Echsenbach",0,"",0,0,1,0,0,"<hex:020922E802FF0F>zum Echsenbach<hex:FF0E>am Echsenbach<hex:03>",0,0,0
315,"Vagabundengruft",0,"",0,0,1,0,0,"<hex:020930E802FF14>zur Vagabundengruft<hex:FF17>an der Vagabundengruft<hex:03>",0,0,0
316,"Dorf der Gebrandmarkten",0,"",0,0,1,0,0,"<hex:02093CE802FF1C>zum Dorf der Gebrandmarkten<hex:FF1B>am Dorf der Gebrandmarkten<hex:03>",0,0,0
317,"Geistersee",0,"",0,0,1,0,0,"<hex:020922E802FF0F>zum Geistersee<hex:FF0E>am Geistersee<hex:03>",0,0,0
318,"Zanr'ak-Nebenlager",0,"",0,0,1,0,0,"<hex:02094AE802FF17>zum Zanr'ak-Nebenlager<hex:FF16>im Zanr'ak-Nebenlager<hex:FF17>das Zanr'ak-Nebenlager<hex:03>",0,0,0
319,"Zanr'ak-Altar",0,"",0,0,1,0,0,"<hex:02093BE802FF12>zum Zanr'ak-Altar<hex:FF11>am Zanr'ak-Altar<hex:FF12>der Zanr'ak-Altar<hex:03>",0,0,0
320,"Zahar'ak",0,"",0,0,1,0,0,"<hex:02091FE802FF0E>nach Zahar'ak<hex:FF0C>in Zahar'ak<hex:03>",0,50,0
321,"Nalds Besinnung",0,"",0,0,1,0,0,"<hex:02092CE802FF14>nach Nals Besinnung<hex:FF13>bei Nals Besinnung<hex:03>",0,0,0
322,"Minotauren-Malm",0,"",0,0,1,0,0,"<hex:02092EE802FF15>nach Minotauren-Malm<hex:FF14>bei Minotauren-Malm<hex:03>",0,0,0
323,"Die Vergessene Oase",0,"",0,0,1,0,0,"<hex:020932E802FF15>zur Vergessenen Oase<hex:FF18>an der Vergessenen Oase<hex:03>",0,0,0
324,"Byregots Schlag",0,"",0,0,1,0,0,"<hex:02092EE802FF15>nach Byregots Schlag<hex:FF14>bei Myregots Schlag<hex:03>",0,0,0
325,"Camp Blauer Dunst",0,"",0,0,1,0,0,"<hex:020930E802FF16>zum Camp Blauer Dunst<hex:FF15>im Camp Blauer Dunst<hex:03>",0,0,0
326,"Östlicher Wachturm",0,"",0,0,1,0,0,"<hex:020934E802FF18>zum Östlichen Wachturm<hex:FF17>am Östlichen Wachturm<hex:03>",0,0,0
327,"Westlicher Wachturm",0,"",0,0,1,0,0,"<hex:020934E802FF18>zum Westlichen Wachturm<hex:FF17>am Westlichen Wachturm<hex:03>",0,0,0
328,"Verlassene Amajina-Mithrilmine",0,"",0,0,1,0,0,"<hex:020950E802FF24>zur Verlassenen Amajina-Mithrilmine<hex:FF27>an der Verlassenen Amajina-Mithrilmine<hex:03>",0,0,0
329,"Dalamuds Klauen",0,"",0,0,1,0,0,"<hex:02092BE802FF13>zu Dalamuds Klauen<hex:FF13>an Dalamuds Klauen<hex:03>",0,0,0
330,"Erdseim-Felder",0,"",0,0,1,0,0,"<hex:020933E802FF17>zu den Erdseim-Feldern<hex:FF17>an den Erdseim-Feldern<hex:03>",0,0,0
331,"Erdseim-Fabrik",0,"",0,0,1,0,0,"<hex:02092EE802FF13>zur Erdseim-Fabrik<hex:FF16>an der Erdseim-Fabrik<hex:03>",0,0,0
332,"Haupttor",0,"",0,0,1,0,0,"<hex:02092CE802FF0D>zum Haupttor<hex:FF0C>am Haupttor<hex:FF0D>das Haupttor<hex:03>",0,0,0
333,"Castrum Meridianum",0,"",0,0,1,0,0,"<hex:020946E802FF17>zum Castrum Meridianum<hex:FF16>am Castrum Meridianum<hex:FF13>Castrum Meridianum<hex:03>",0,0,0
334,"Dornsee",0,"",0,0,1,0,0,"<hex:02091CE802FF0C>zum Dornsee<hex:FF0B>am Dornsee<hex:03>",0,0,0
335,"Laderampe",0,"",0,0,1,0,0,"<hex:020924E802FF0E>zur Laderampe<hex:FF11>an der Laderampe<hex:03>",0,0,0
336,"Garleischer Luftschiff-Landeplatz",0,"",0,0,1,0,0,"<hex:020950E802FF26>zum Garleischen Luftschiff-Landeplatz<hex:FF25>am Garleischen Luftschiff-Landeplatz<hex:03>",0,0,0
337,"Moraby-Trockendocks",0,"",0,0,1,0,0,"<hex:02093BE802FF1B>zu den Moraby-Trockendocks<hex:FF1B>an den Moraby-Trockendocks<hex:03>",0,0,0
338,"Der Salzstrand",0,"",0,0,1,0,0,"<hex:020922E802FF0F>zum Salzstrand<hex:FF0E>am Salzstrand<hex:03>",0,0,0
339,"Kerzenwacht-Kai",0,"",0,0,1,0,0,"<hex:02092CE802FF14>zum Kerzenwacht-Kai<hex:FF13>am Kerzenwacht-Kai<hex:03>",0,0,0
340,"Leeres Herz",0,"",0,0,1,0,0,"<hex:020924E802FF10>zum Leeren Herz<hex:FF0F>am Leeren Herz<hex:03>",0,0,0
341,"Oschons Fackel",0,"",0,0,1,0,0,"<hex:020929E802FF12>zu Oschons Fackel<hex:FF12>an Oschons Fackel<hex:03>",0,0,0
342,"Erdseim-Bohrturm",0,"",0,0,1,0,0,"<hex:02092EE802FF15>zum Erdseim-Bohrturm<hex:FF14>am Erdseim-Bohrturm<hex:03>",0,0,0
343,"Haukke-Herrenhaus: Erdgeschoss",0,"",0,0,1,0,0,"<hex:02096CE802FF23>zum Haukke-Herrenhaus: Erdgeschoss<hex:FF22>im Haukke-Herrenhaus: Erdgeschoss<hex:FF21>das Erdgeschoss des Herrenhauses<hex:03>",0,0,0
344,"Haukke-Herrenhaus: Obergeschoss",0,"",0,0,1,0,0,"<hex:02096FE802FF24>zum Haukke-Herrenhaus: Obergeschoss<hex:FF23>im Haukke-Herrenhaus: Obergeschoss<hex:FF22>das Obergeschoss des Herrenhauses<hex:03>",0,0,0
345,"Haukke-Herrenhaus: Keller",0,"",0,0,1,0,0,"<hex:02095DE802FF1E>zum Haukke-Herrenhaus: Keller<hex:FF1D>im Haukke-Herrenhaus: Keller<hex:FF1C>der Keller des Herrenhauses<hex:03>",0,0,0
346,"Kommandozimmer von Nophicas Schar ",0,"",0,0,1,0,0,"<hex:020977E802FF26>zum Kommandozimmer von Nophicas Schar<hex:FF25>im Kommandozimmer von Nophicas Schar<hex:FF26>das Kommandozimmer von Nophicas Schar<hex:03>",0,0,0
347,"Wasserrosentisch",0,"",0,0,1,0,0,"<hex:02092EE802FF15>zum Wasserrosentisch<hex:FF14>am Wasserrosentisch<hex:03>",0,0,0
348,"Mogry-Stubben",0,"",0,0,1,0,0,"<hex:020928E802FF12>zum Mogry-Stubben<hex:FF11>am Mogry-Stubben<hex:03>",0,0,0
349,"Castrum Marinum",0,"",0,0,1,0,0,"<hex:02092CE802FF14>zum Castrum Marinum<hex:FF13>am Castrum Marinum<hex:03>",0,0,0
350,"Äußeres La Noscea",0,"",0,0,1,0,0,"<hex:020934E802FF18>zum äußeren La Noscea<hex:FF17>im äußeren La Noscea<hex:03>",0,0,0
351,"Admiralsbrücke",0,"",0,0,1,0,0,"<hex:020946E802FF14>zur Admiralsbrücke<hex:FF18>auf der Admiralsbrücke<hex:FF14>die Admiralsbrücke<hex:03>",0,0,0
352,"Besprechungszimmer",0,"",0,0,1,0,0,"<hex:02094AE802FF17>zum Besprechungszimmer<hex:FF16>im Besprechungszimmer<hex:FF17>das Besprechungszimmer<hex:03>",0,0,0
353,"Verkündungszimmer",0,"",0,0,1,0,0,"<hex:02094AE802FF17>zum Verkündungszimmer<hex:FF16>im Verkündungszimmer<hex:FF17>das Verkündungszimmer<hex:03>",0,0,0
354,"Hauptquartier der Palastwache",0,"",0,0,1,0,0,"<hex:020939E802FF10>zur Silberhalle<hex:FF13>in der Silberhalle<hex:FF10>die Silberhalle<hex:03>",0,0,0
355,"Die Weihrauchkammer",0,"",0,0,1,0,0,"<hex:020945E802FF14>zur Weihrauchkammer<hex:FF17>in der Weihrauchkammer<hex:FF14>die Weihrauchkammer<hex:03>",0,0,0
356,"Sonnenwind",0,"",0,0,1,0,0,"<hex:020932E802FF0F>zum Sonnenwind<hex:FF0E>im Sonnenwind<hex:FF0F>der Sonnenwind<hex:03>",0,0,0
357,"Das Grab der Lohe",0,"",0,0,1,0,0,"<hex:02093BE802FF12>zum Grab der Lohe<hex:FF11>am Grab der Lohe<hex:FF12>das Grab der Lohe<hex:03>",0,0,0
358,"Wolfshöhlen-Pier",0,"",0,0,1,0,0,"<hex:020947E802FF16>zum Wolfshöhlen-Pier<hex:FF15>am Wolfshöhlen-Pier<hex:FF16>der Wolfshöhlen-Pier<hex:03>",0,0,0
359,"Der Nabel",0,"",0,0,1,0,0,"<hex:020923E802FF0A>zum Nabel<hex:FF09>im Nabel<hex:FF0A>der Nabel<hex:03>",0,0,0
360,"Dornmarsch",0,"",0,0,1,0,0,"<hex:020936E802FF0F>zur Dornmarsch<hex:FF12>in der Dornmarsch<hex:FF0F>die Dornmarsch<hex:03>",0,0,0
361,"Das Tosende Auge",0,"",0,0,1,0,0,"<hex:02093AE802FF12>zum Tosenden Auge<hex:FF11>am Tosenden Auge<hex:FF11>das Tosende Auge<hex:03>",0,0,0
362,"Das Schlangennest",0,"",0,0,1,0,0,"<hex:020928E802FF12>zum Schlangennest<hex:FF11>im Schlangennest<hex:03>",0,0,0
363,"Sapsa-Laichplatz",0,"",0,0,1,0,0,"<hex:02092EE802FF15>zum Sapsa-Laichplatz<hex:FF14>am Sapsa-Laichplatz<hex:03>",0,50,0
364,"Sahagin-Feldlager",0,"",0,0,1,0,0,"<hex:020930E802FF16>zum Sahagin-Feldlager<hex:FF15>im Sahagin-Feldlager<hex:03>",0,0,0
365,"Hafen der Geborgenheit",0,"",0,0,1,0,0,"<hex:02093AE802FF1B>zum Hafen der Geborgenheit<hex:FF1A>am Hafen der Geborgenheit<hex:03>",0,0,0
366,"Warmwein-Sanatorium",0,"",0,0,1,0,0,"<hex:020934E802FF18>zum Warmwein-Sanatorium<hex:FF17>im Warmwein-Sanatorium<hex:03>",0,0,0
367,"",0,"",0,0,0,0,0,"",0,0,0
368,"Fähranleger - Bierhafen",0,"",0,0,1,0,0,"<hex:020928E802FF12>zum Bierhafen-Kai<hex:FF11>am Bierhafen-Kai<hex:03>",0,0,0
369,"",0,"",0,0,0,0,0,"",0,0,0
370,"Pier - Mondsichel-Bucht",0,"",0,0,1,0,0,"<hex:020938E802FF1A>zum Mondsichel-Bucht-Pier<hex:FF19>am Mondsichel-Bucht-Pier<hex:03>",0,0,0
371,"Pier - Silberbasar",0,"",0,0,1,0,0,"<hex:02092EE802FF15>zum Silberbasar-Pier<hex:FF14>am Silberbasar-Pier<hex:03>",0,0,0
372,"2. Untergeschoss",0,"",0,0,1,0,0,"<hex:02092EE802FF15>ins 2. Untergeschoss<hex:FF14>im 2. Untergeschoss<hex:03>",0,0,0
373,"Thal-Kreuzgang",0,"",0,0,1,0,0,"<hex:020960E802FF2E>zum Thal-Kreuzgang auf der Ebene der Händler<hex:FF2D>im Thal-Kreuzgang auf der Ebene der Händler<hex:03>",0,0,0
374,"Saal der Morgenröte",0,"",0,0,1,0,0,"<hex:020950E802FF19>zum Saal der Morgenröte<hex:FF18>im Saal der Morgenröte<hex:FF19>der Saal der Morgenröte<hex:03>",0,0,0
375,"Dampframme II",0,"",0,0,1,0,0,"<hex:02092CE802FF12>zur Dampframme II<hex:FF15>an der Dampframme II<hex:03>",0,0,0
376,"Dampframme III",0,"",0,0,1,0,0,"<hex:02092EE802FF13>zur Dampframme III<hex:FF16>an der Dampframme III<hex:03>",0,0,0
377,"Sägerschrei",0,"",0,0,1,0,0,"<hex:020938E802FF11>zum Sägerschrei<hex:FF10>im Sägerschrei<hex:FF11>der Sägerschrei<hex:03>",0,0,0
378,"Ätherytenplatz",0,"",0,0,1,0,0,"<hex:02092CE802FF14>zum Ätherytenplatz<hex:FF13>am Ätherytenplatz<hex:03>",0,0,0
379,"Halle der Beschwörung",0,"",0,0,1,0,0,"<hex:02095AE802FF1B>zur Halle der Beschwörung<hex:FF1E>in der Halle der Beschwörung<hex:FF1B>die Halle der Beschwörung<hex:03>",0,0,0
380,"Drachenkopf",0,"",0,0,1,0,0,"<hex:020924E802FF10>zum Drachenkopf<hex:FF0F>am Drachenkopf<hex:03>",0,10,0
381,"Stätte der Vorsehung",0,"",0,0,1,0,0,"<hex:020957E802FF1A>zur Stätte der Vorsehung<hex:FF1D>an der Stätte der Vorsehung<hex:FF1A>die Stätte der Vorsehung<hex:03>",0,20,0
382,"Rothbruch",0,"",0,0,1,0,0,"<hex:020925E802FF0E>zum Rothbruch<hex:FF12>auf dem Rothbruch<hex:03>",0,40,0
383,"Weißenfels",0,"",0,0,1,0,0,"<hex:020929E802FF10>zum Weißenfels<hex:FF14>auf dem Weißenfels<hex:03>",0,30,0
384,"Haldraths Marsch",0,"",0,0,1,0,0,"<hex:02092DE802FF14>zu Haldraths Marsch<hex:FF14>an Haldraths Marsch<hex:03>",0,0,0
385,"Observatorium für Ätherische und Astrologische Phänomene",0,"",0,0,1,0,0,"<hex:020984E802FF40>zum Observatorium für Ätherische und Astrologische Phänomene<hex:FF3F>am Observatorium für Ätherische und Astrologische Phänomene<hex:03>",0,0,0
386,"Greifenbrücke",0,"",0,0,1,0,0,"<hex:02092FE802FF13>zur Greifenbrücke<hex:FF17>auf der Greifenbrücke<hex:03>",0,0,0
387,"Himmelswehr",0,"",0,0,1,0,0,"<hex:020928E802FF10>zur Himmelswehr<hex:FF13>an der Himmelswehr<hex:03>",0,0,0
388,"Camp Drachenkopf",0,"",0,0,1,0,0,"<hex:02092DE802FF14>zu Camp Drachenkopf<hex:FF14>in Camp Drachenkopf<hex:03>",0,0,0
389,"Hexenschlund",0,"",0,0,1,0,0,"<hex:020926E802FF11>zum Hexenschlund<hex:FF10>am Hexenschlund<hex:03>",0,0,0
390,"Stählerne Wacht",0,"",0,0,1,0,0,"<hex:020934E802FF16>zur Stählernen Wacht<hex:FF19>an der Stählernen Wacht<hex:03>",0,0,0
391,"Ogerbauch",0,"",0,0,1,0,0,"<hex:020920E802FF0E>zum Ogerbauch<hex:FF0D>am Ogerbauch<hex:03>",0,0,0
392,"Der Trauernde Heilige ",0,"",0,0,1,0,0,"<hex:020936E802FF18>zum Trauernden Heiligen<hex:FF19>beim Trauernden Heiligen<hex:03>",0,0,0
393,"Natalan",0,"",0,0,1,0,0,"<hex:02091DE802FF0D>nach Natalan<hex:FF0B>in Natalan<hex:03>",0,50,0
394,"Die Goldklamm",0,"",0,0,1,0,0,"<hex:020933E802FF0E>zur Goldklamm<hex:FF11>in der Goldklamm<hex:FF0E>die Goldklamm<hex:03>",0,0,0
395,"Sieben Echos",0,"",0,0,1,0,0,"<hex:020925E802FF10>zu Sieben Echos<hex:FF10>in Sieben Echos<hex:03>",0,0,0
396,"Das Mal",0,"",0,0,1,0,0,"<hex:020914E802FF08>zum Mal<hex:FF07>am Mal<hex:03>",0,0,0
397,"Blick der Furie",0,"",0,0,1,0,0,"<hex:02092CE802FF14>zum Blick der Furie<hex:FF13>am Blick der Furie<hex:03>",0,0,0
398,"Daniffen-Pass",0,"",0,0,1,0,0,"<hex:02092DE802FF12>zum Daniffen-Pass<hex:FF16>auf dem Daniffen-Pass<hex:03>",0,0,0
399,"Feste Dzemael",0,"",0,0,1,0,0,"<hex:02093FE802FF12>zur Feste Dzemael<hex:FF15>in der Feste Dzemael<hex:FF12>die Feste Dzemael<hex:03>",0,0,0
400,"Tor des Urteils",0,"",0,0,1,0,0,"<hex:020941E802FF14>zum Tor des Urteils<hex:FF13>am Tor des Urteils<hex:FF14>das Tor des Urteils<hex:03>",0,0,0
401,"Steinerne Wacht",0,"",0,0,1,0,0,"<hex:020932E802FF15>zur Steinernen Wacht<hex:FF18>an der Steinernen Wacht<hex:03>",0,0,0
402,"Weißenfels-Front",0,"",0,0,1,0,0,"<hex:020934E802FF16>zur Weißenfels-Front<hex:FF19>an der Weißenfels-Front<hex:03>",0,0,0
403,"Behemoth-Dominium",0,"",0,0,1,0,0,"<hex:020930E802FF16>zum Behemoth-Dominium<hex:FF15>im Behemoth-Dominium<hex:03>",0,0,0
404,"Schneekleid",0,"",0,0,1,0,0,"<hex:020924E802FF10>zum Schneekleid<hex:FF0F>am Schneekleid<hex:03>",0,0,0
405,"Der Schwertrücken",0,"",0,0,1,0,0,"<hex:02092AE802FF13>zum Schwertrücken<hex:FF12>am Schwertrücken<hex:03>",0,0,0
406,"Schicksalsweg",0,"",0,0,1,0,0,"<hex:02092DE802FF12>zum Schicksalsweg<hex:FF16>auf dem Schicksalsweg<hex:03>",0,0,0
407,"Wolkenmeer",0,"",0,0,1,0,0,"<hex:020922E802FF0F>zum Wolkenmeer<hex:FF0E>im Wolkenmeer<hex:03>",0,0,0
408,"Weißwolf-Pforte (zum Tiefen Wald / West)",0,"",0,0,1,0,0,"<hex:020948E802FF15>zur Weißwolf-Pforte<hex:FF18>an der Weißwolf-Pforte<hex:FF15>die Weißwolf-Pforte<hex:03>",0,0,0
409,"Nebelmoor",0,"",0,0,1,0,0,"<hex:020920E802FF0E>zum Nebelmoor<hex:FF0D>im Nebelmoor<hex:03>",0,10,0
410,"Silbertränen-Nordufer",0,"",0,0,1,0,0,"<hex:02093AE802FF1B>zum Silbertränen-Nordufer<hex:FF1A>am Silbertränen-Nordufer<hex:03>",0,20,0
411,"Geisterzoll",0,"",0,0,1,0,0,"<hex:020925E802FF11>nach Geisterzoll<hex:FF0F>in Geisterzoll<hex:03>",0,0,0
412,"Zerstörtes Camp",0,"",0,0,1,0,0,"<hex:02092EE802FF15>zum zerstörten Camp<hex:FF14>am zerstörten Camp<hex:03>",0,0,0
413,"Der Schlingwald",0,"",0,0,1,0,0,"<hex:020924E802FF10>zum Schlingwald<hex:FF0F>im Schlingwald<hex:03>",0,1,0
414,"Früher Frost",0,"",0,0,1,0,0,"<hex:020928E802FF12>zum Frühen Frost<hex:FF11>am Frühen Frost<hex:03>",0,0,0
415,"Castrum Centri",0,"",0,0,1,0,0,"<hex:02093AE802FF13>zum Castrum Centri<hex:FF12>im Castrum Centri<hex:FF0F>Castrum Centri<hex:03>",0,0,0
416,"Sankt Coinach-Forschungslager",0,"",0,0,1,0,0,"<hex:020948E802FF22>zum Sankt Coinach-Forschungslager<hex:FF21>im Sankt Coinach-Forschungslager<hex:03>",0,0,0
417,"Singende Scherben",0,"",0,0,1,0,0,"<hex:020931E802FF17>nach Singende Scherben<hex:FF15>in Singende Scherben<hex:03>",0,0,0
418,"Der Hüter des Sees",0,"",0,0,1,0,0,"<hex:02092CE802FF14>zum Hüter des Sees<hex:FF13>am Hüter des Sees<hex:03>",0,0,0
419,"Immerschatten <hex:02100103>(Wächterbaum)",0,"",0,0,1,0,0,"<hex:020929E802FF13>nach Immerschatten<hex:FF11>in Immerschatten<hex:03>",0,0,0
420,"Kristallturm",0,"",0,0,1,0,0,"<hex:020926E802FF11>zum Kristallturm<hex:FF10>am Kristallturm<hex:03>",0,0,0
421,"Silbertränenfälle",0,"",0,0,1,0,0,"<hex:02093DE802FF1C>zu den Silbertränenfällen<hex:FF1C>an den Silbertränenfällen<hex:03>",0,0,0
422,"Die <hex:021A020203>Braveheart<hex:021A020103>",0,"",0,0,1,0,0,"<hex:02093BE802FF19>zur <hex:021A020203>Braveheart<hex:021A020103><hex:FF1D>auf der <hex:021A020203>Braveheart<hex:021A020103><hex:03>",0,0,0
423,"Teilnahmeschalter",0,"",0,0,1,0,0,"<hex:020930E802FF16>zum Teilnahmeschalter<hex:FF15>am Teilnahmeschalter<hex:03>",0,0,0
424,"Die Wolfshöhle",0,"",0,0,1,0,0,"<hex:020939E802FF10>zur Wolfshöhle<hex:FF13>in der Wolfshöhle<hex:FF10>die Wolfshöhle<hex:03>",0,0,0
425,"Dorf des Nebels",0,"",0,0,1,0,0,"<hex:020941E802FF14>ins Dorf des Nebels<hex:FF13>im Dorf des Nebels<hex:FF14>das Dorf des Nebels<hex:03>",0,0,0
426,"Lavendelbeete",0,"",0,0,1,0,0,"<hex:020944E802FF16>zu den Lavendelbeeten<hex:FF16>an den Lavendelbeeten<hex:FF12>die Lavendelbeete<hex:03>",0,0,0
427,"Kelchkuppe",0,"",0,0,1,0,0,"<hex:020933E802FF10>nach Kelchkuppe<hex:FF0E>in Kelchkuppe<hex:FF0F>die Kelchkuppe<hex:03>",0,0,0
428,"Paradeplatz",0,"",0,0,1,0,0,"<hex:020945E802FF10>zum Paradeplatz<hex:FF14>auf dem Paradeplatz<hex:FF1B>der Zugang zum Paradeplatz<hex:03>",0,0,0
429,"Via Praetoria",0,"",0,0,1,0,0,"<hex:02093FE802FF12>zur Via Praetoria<hex:FF16>auf der Via Praetoria<hex:FF11>dieVia Praetoria<hex:03>",0,0,0
430,"Praetorium",0,"",0,0,1,0,0,"<hex:020932E802FF0F>zum Praetorium<hex:FF0E>im Praetorium<hex:FF0F>das Praetorium<hex:03>",0,0,0
431,"Müllentsorgungsanlage",0,"",0,0,1,0,0,"<hex:02095AE802FF1B>zur Müllentsorgungsanlage<hex:FF1E>in der Müllentsorgungsanlage<hex:FF1B>die Müllentsorgungsanlage<hex:03>",0,0,0
432,"Via Principalis",0,"",0,0,1,0,0,"<hex:020946E802FF14>zur Via Principalis<hex:FF18>auf der Via Principalis<hex:FF14>die Via Principalis<hex:03>",0,0,0
433,"Areal V",0,"",0,0,1,0,0,"<hex:020925E802FF0C>zum Areal V<hex:FF0B>im Areal V<hex:FF08>Areal V<hex:03>",0,0,0
434,"Hauptkreuzung",0,"",0,0,1,0,0,"<hex:02094AE802FF12>zur Hauptkreuzung<hex:FF15>an der Hauptkreuzung<hex:FF1D>der Zugang zur Hauptkreuzung<hex:03>",0,0,0
435,"Zugremise",0,"",0,0,1,0,0,"<hex:020925E802FF0E>zur Zugremise<hex:FF12>bei der Zugremise<hex:03>",0,0,0
436,"Armamentarium",0,"",0,0,1,0,0,"<hex:02093BE802FF12>zum Armamentarium<hex:FF11>im Armamentarium<hex:FF12>das Armamentarium<hex:03>",0,0,0
437,"Garleischer Luftschiff-Landeplatz",0,"",0,0,1,0,0,"<hex:020950E802FF26>zum Garleischen Luftschiff-Landeplatz<hex:FF25>am Garleischen Luftschiff-Landeplatz<hex:03>",0,0,0
438,"Erdseim-Pumpe",0,"",0,0,1,0,0,"<hex:02092DE802FF12>zur Erdseim-Pumpe<hex:FF16>bei der Erdseim-Pumpe<hex:03>",0,0,0
439,"Dunstans Wachturm",0,"",0,0,1,0,0,"<hex:02092FE802FF15>zu Dunstans Wachturm<hex:FF15>an Dunstans Wachturm<hex:03>",0,0,0
440,"Praetorium",0,"",0,0,1,0,0,"<hex:020932E802FF0F>zum Praetorium<hex:FF0E>im Praetorium<hex:FF0F>das Praetorium<hex:03>",0,0,0
441,"Oberste Ebene",0,"",0,0,1,0,0,"<hex:02092FE802FF13>zur obersten Ebene<hex:FF17>auf der obersten Ebene<hex:03>",0,0,0
442,"Kontrollebene",0,"",0,0,1,0,0,"<hex:020940E802FF12>zur Kontrollebene<hex:FF16>auf der Kontrollebene<hex:FF12>die Kontrollebene<hex:03>",0,0,0
443,"Verteidigungsebene",0,"",0,0,1,0,0,"<hex:02094FE802FF17>zur Verteidigungsebene<hex:FF1B>auf der Verteidigungsebene<hex:FF17>die Verteidigungsebene<hex:03>",0,0,0
444,"Hauptebene",0,"",0,0,1,0,0,"<hex:020937E802FF0F>zur Hauptebene<hex:FF13>auf der Hauptebene<hex:FF0F>die Hauptebene<hex:03>",0,0,0
445,"Grundebene",0,"",0,0,1,0,0,"<hex:020927E802FF0F>zur Grundebene<hex:FF13>auf der Grundebene<hex:03>",0,0,0
446,"Forschungsebene",0,"",0,0,1,0,0,"<hex:020946E802FF14>zur Forschungsebene<hex:FF18>auf der Forschungsebene<hex:FF14>die Forschungsebene<hex:03>",0,0,0
447,"Luftschiff-Plattform",0,"",0,0,1,0,0,"<hex:020955E802FF19>zur Luftschiff-Plattform<hex:FF1D>auf der Luftschiff-Plattform<hex:FF19>die Luftschiff-Plattform<hex:03>",0,0,0
448,"Luftabwehr-Station",0,"",0,0,1,0,0,"<hex:02094FE802FF17>zur Luftabwehr-Station<hex:FF1B>auf der Luftabwehr-Station<hex:FF17>die Luftabwehr-Station<hex:03>",0,0,0
449,"Kampf<hex:02160103>maschinen-Wartungsbereich",0,"",0,0,1,0,0,"<hex:02097AE802FF27>zum Kampf<hex:02160103>maschinen-Wartungsbereich<hex:FF26>im Kampf<hex:02160103>maschinen-Wartungsbereich<hex:FF27>der Kampf<hex:02160103>maschinen-Wartungsbereich<hex:03>",0,0,0
450,"Äußerer Gang",0,"",0,0,1,0,0,"<hex:02093CE802FF12>zum Außeren Gang<hex:FF12>im Äußeren Gang<hex:FF12>der Äußere Gang<hex:03>",0,0,0
451,"Kommandoraum",0,"",0,0,1,0,0,"<hex:02093BE802FF14>in den Kommandoraum<hex:FF10>im Kommandoraum<hex:FF11>der Kommandoraum<hex:03>",0,0,0
452,"Zentrale Halle",0,"",0,0,1,0,0,"<hex:020946E802FF16>in die Zentrale Halle<hex:FF17>in der Zentralen Halle<hex:FF13>die Zentrale Halle<hex:03>",0,0,0
453,"Echelon-Lift",0,"",0,0,1,0,0,"<hex:020943E802FF11>zum Echelon-Lift<hex:FF10>am Echelon-Lift<hex:FF1C>der Zugang zum Echelon-Lift<hex:03>",0,0,0
454,"Laboratorium Primum",0,"",0,0,1,0,0,"<hex:02094DE802FF18>ins Laboratorium Primum<hex:FF17>im Laboratorium Primum<hex:FF18>das Laboratorium Primum<hex:03>",0,0,0
455,"Magitek-Forschungsbereich",0,"",0,0,1,0,0,"<hex:020962E802FF21>in den Magitek-Forschungsbereich<hex:FF1D>im Magitek-Forschungsbereich<hex:FF1E>der Magitek-Forschungsbereich<hex:03>",0,0,0
456,"Magitek-Lift",0,"",0,0,1,0,0,"<hex:020928E802FF11>zum Magitek-Lift<hex:FF12>beim Magitek-Lift<hex:03>",0,0,0
457,"Porta Decumana",0,"",0,0,1,0,0,"<hex:020942E802FF13>zur Porta Decumana<hex:FF16>an der Porta Decumana<hex:FF13>die Porta Decumana<hex:03>",0,0,0
458,"Waffenerkennungskammer",0,"",0,0,1,0,0,"<hex:02095AE802FF1B>zur Waffenerkennungskammer<hex:FF1E>in der Waffenerkennungskammer<hex:FF1B>die Waffenerkennungskammer<hex:03>",0,0,0
459,"Das Tosende Auge",0,"",0,0,1,0,0,"<hex:02093AE802FF12>zum Tosenden Auge<hex:FF11>im Tosenden Auge<hex:FF11>das Tosende Auge<hex:03>",0,0,0
460,"Landeplatz Moraby-Trockendocks",0,"",0,0,1,0,0,"<hex:02094AE802FF23>zum Landeplatz Moraby-Trockendocks<hex:FF22>am Landeplatz Moraby-Trockendocks<hex:03>",0,0,0
461,"Fähranleger - Phantominseln",0,"",0,0,1,0,0,"<hex:02094AE802FF23>zum Fähranleger der Phantominseln<hex:FF22>am Fähranleger der Phantominseln<hex:03>",0,0,0
462,"Rhotano-See",0,"",0,0,1,0,0,"<hex:020928E802FF10>zur Rhotano-See<hex:FF13>an der Rhotano-See<hex:03>",0,0,0
463,"Die <hex:021A020203>Ragnarök<hex:021A020103>",0,"",0,0,1,0,0,"<hex:020952E802FF18>zur <hex:021A020203>Ragnarök<hex:021A020103><hex:FF1C>auf der <hex:021A020203>Ragnarök<hex:021A020103><hex:FF18>die <hex:021A020203>Ragnarök<hex:021A020103><hex:03>",0,0,0
464,"Obere ätheroakustische Grabung",0,"",0,0,1,0,0,"<hex:020954E802FF26>zur oberen ätheroakustischen Grabung<hex:FF29>in der oberen ätheroakustischen Grabung<hex:03>",0,0,0
465,"Untere ätheroakustische Grabung",0,"",0,0,1,0,0,"<hex:020956E802FF27>zur unteren ätheroakustischen Grabung<hex:FF2A>in der unteren ätheroakustischen Grabung<hex:03>",0,0,0
466,"Die <hex:021A020203>Ragnarök<hex:021A020103>",0,"",0,0,1,0,0,"<hex:020948E802FF18>zur <hex:021A020203>Ragnarök<hex:021A020103><hex:FF1C>auf der <hex:021A020203>Ragnarök<hex:021A020103><hex:FF0E>die Ragnarök<hex:03>",0,0,0
467,"Antriebszylinder der <hex:021A020203>Ragnarök<hex:021A020103>",0,"",0,0,1,0,0,"<hex:020960E802FF2D>zum Antriebszylinder der <hex:021A020203>Ragnarök<hex:021A020103><hex:FF2E>beim Antriebszylinder der <hex:021A020203>Ragnarök<hex:021A020103><hex:03>",0,0,0
468,"Kernsektor der <hex:021A020203>Ragnarök<hex:021A020103>",0,"",0,0,1,0,0,"<hex:02097DE802FF2A>in den Kernsektor der <hex:021A020203>Ragnarök<hex:021A020103><hex:FF26>im Kernsektor der <hex:021A020203>Ragnarök<hex:021A020103><hex:FF27>der Kernsektor der <hex:021A020203>Ragnarök<hex:021A020103><hex:03>",0,0,0
469,"Kommandobrücke der <hex:021A020203>Ragnarök<hex:021A020103>",0,"",0,0,1,0,0,"<hex:02098EE802FF2C>zur Kommandobrücke der <hex:021A020203>Ragnarök<hex:021A020103><hex:FF30>auf der Kommandobrücke der <hex:021A020203>Ragnarök<hex:021A020103><hex:FF2C>die Kommandobrücke der <hex:021A020203>Ragnarök<hex:021A020103><hex:03>",0,0,0
470,"Labyrinthführer (zum Minotauren-Malm)",0,"",0,0,1,0,0,"<hex:020930E802FF15>zum Labyrinthführer<hex:FF16>beim Labyrinthführer<hex:03>",0,0,0
471,"Labyrinthführer (nach Nalds Besinnung)",0,"",0,0,1,0,0,"<hex:020930E802FF15>zum Labyrinthführer<hex:FF16>beim Labyrinthführer<hex:03>",0,0,0
472,"Sonnenwind",0,"",0,0,1,0,0,"<hex:020932E802FF0F>zum Sonnenwind<hex:FF0E>im Sonnenwind<hex:FF0F>der Sonnenwind<hex:03>",0,0,0
473,"Torwache",0,"",0,0,1,0,0,"<hex:020923E802FF0D>zur Torwache<hex:FF11>bei der Torwache<hex:03>",0,0,0
474,"Ausbildungsplatz",0,"",0,0,1,0,0,"<hex:020946E802FF15>zum Ausbildungsplatz<hex:FF16>beim Ausbildungsplatz<hex:FF15>der Ausbildungsplatz<hex:03>",0,0,0
475,"Spiegelsee-Pier",0,"",0,0,1,0,0,"<hex:020941E802FF14>zum Spiegelsee-Pier<hex:FF13>am Spiegelsee-Pier<hex:FF14>das Spiegelsee-Pier<hex:03>",0,0,0
476,"Lavendelbeet-Pier",0,"",0,0,1,0,0,"<hex:020949E802FF16>zum Lavendelbeet-Pier<hex:FF17>beim Lavendelbeet-Pier<hex:FF16>das Lavendelbeet-Pier<hex:03>",0,0,0
477,"Porta Decumana",0,"",0,0,1,0,0,"<hex:020942E802FF13>zur Porta Decumana<hex:FF16>an der Porta Decumana<hex:FF13>die Porta Decumana<hex:03>",0,0,0
478,"Labyrinth der Alten",0,"",0,0,1,0,0,"<hex:02094DE802FF18>zum Labyrinth der Alten<hex:FF17>im Labyrinth der Alten<hex:FF18>das Labyrinth der Alten<hex:03>",0,0,0
479,"Erste Ebene",0,"",0,0,1,0,0,"<hex:02093CE802FF11>zur Ersten Ebene<hex:FF15>auf der Ersten Ebene<hex:FF10>die Erste Ebene<hex:03>",0,0,0
480,"Zweite Ebene",0,"",0,0,1,0,0,"<hex:02093FE802FF12>zur Zweiten Ebene<hex:FF16>auf der Zweiten Ebene<hex:FF11>die Zweite Ebene<hex:03>",0,0,0
481,"Sonnenstein",0,"",0,0,1,0,0,"<hex:020935E802FF10>zum Sonnenstein<hex:FF0F>im Sonnenstein<hex:FF10>der Sonnenstein<hex:03>",0,0,0
482,"Ring der Asche",0,"",0,0,1,0,0,"<hex:02093EE802FF13>zum Ring der Asche<hex:FF12>im Ring der Asche<hex:FF13>der Ring der Asche<hex:03>",0,0,0
483,"Kupferglocken-Mine (schwer)",0,"",0,0,1,0,0,"<hex:020958E802FF17>zur Kupferglocken-Mine<hex:FF1A>in der Kupferglocken-Mine<hex:FF21>der Zugang zur Kupferglockenmine<hex:03>",0,0,0
484,"Haukke-Herrenhaus (schwer)",0,"",0,0,1,0,0,"<hex:020947E802FF16>zum Haukke-Herrenhaus<hex:FF15>im Haukke-Herrenhaus<hex:FF16>das Haukke-Herrenhaus<hex:03>",0,0,0
485,"Untere Ebene I",0,"",0,0,1,0,0,"<hex:020945E802FF14>zur Unteren Ebene I<hex:FF18>auf der Unteren Ebene I<hex:FF13>die Untere Ebene I<hex:03>",0,0,0
486,"Untere Ebene II",0,"",0,0,1,0,0,"<hex:020948E802FF15>zur Unteren Ebene II<hex:FF19>auf der Unteren Ebene II<hex:FF14>die Untere Ebene II<hex:03>",0,0,0
487,"Untere Ebene III",0,"",0,0,1,0,0,"<hex:02094BE802FF16>zur Unteren Ebene III<hex:FF1A>auf der Unteren Ebene III<hex:FF15>die Untere Ebene III<hex:03>",0,0,0
488,"Mittlere Ebene I",0,"",0,0,1,0,0,"<hex:02094BE802FF16>zur Mittleren Ebene I<hex:FF1A>auf der Mittleren Ebene I<hex:FF15>die Mittlere Ebene I<hex:03>",0,0,0
489,"Mittlere Ebene II",0,"",0,0,1,0,0,"<hex:02094EE802FF17>zur Mittleren Ebene II<hex:FF1B>auf der Mittleren Ebene II<hex:FF16>die Mittlere Ebene II<hex:03>",0,0,0
490,"Mittlere Ebene III",0,"",0,0,1,0,0,"<hex:020951E802FF18>zur Mittleren Ebene III<hex:FF1C>auf der Mittleren Ebene III<hex:FF17>die Mittlere Ebene III<hex:03>",0,0,0
491,"Obere Ebene",0,"",0,0,1,0,0,"<hex:02093CE802FF11>zur Oberen Ebene<hex:FF15>auf der Oberen Ebene<hex:FF10>die Obere Ebene<hex:03>",0,0,0
492,"山スポット25",0,"",0,0,1,0,0,"",0,0,0
493,"Syrcus-Turm",0,"",0,0,1,0,0,"<hex:020935E802FF10>zum Syrcus-Turm<hex:FF0F>im Syrcus-Turm<hex:FF10>der Syrcus-Turm<hex:03>",0,0,0
494,"Sastasha-Höhle (schwer)",0,"",0,0,1,0,0,"<hex:020945E802FF14>zur Sastasha-Höhle<hex:FF17>in der Sastasha-Höhle<hex:FF14>die Sastasha-Höhle<hex:03>",0,0,0
495,"Palast des Wanderers (schwer)",0,"",0,0,1,0,0,"<hex:020950E802FF19>zum Palast des Wanderers<hex:FF18>im Palast des Wanderers<hex:FF19>der Palast des Wanderers<hex:03>",0,0,0
496,"Robbenholm",0,"",0,0,1,0,0,"<hex:020930E802FF10>nach Robbenholm<hex:FF0F>auf Robbenholm<hex:FF0B>Robbenholm<hex:03>",0,0,0
497,"Abalathia",0,"",0,0,1,0,0,"<hex:020921E802FF0F>nach Abalathia<hex:FF0D>in Abalathia<hex:03>",0,600,0
498,"Dravania",0,"",0,0,1,0,0,"<hex:02091FE802FF0E>nach Dravania<hex:FF0C>in Dravania<hex:03>",0,700,0
499,"Pharos Sirius (schwer)",0,"",0,0,1,0,0,"<hex:020928E802FF12>zum Pharos Sirius<hex:FF11>am Pharos Sirius<hex:03>",0,0,0
500,"Limsa Lominsa",0,"",0,0,1,0,0,"<hex:020929E802FF13>nach Limsa Lominsa<hex:FF11>in Limsa Lominsa<hex:03>",0,0,0
501,"Wolfshöhle",0,"",0,0,1,0,0,"<hex:02093CE802FF13>in die Wolfshöhle<hex:FF13>in der Wolfshöhle<hex:FF10>die Wolfshöhle<hex:03>",0,0,0
502,"La Noscea",0,"",0,0,1,0,0,"<hex:020921E802FF0F>nach La Noscea<hex:FF0D>in La Noscea<hex:03>",0,0,0
503,"Goldsaucer",0,"",0,0,1,0,0,"<hex:020935E802FF12>in den Goldsaucer<hex:FF0E>im Goldsaucer<hex:FF0F>der Goldsaucer<hex:03>",0,0,0
504,"Ul'dah",0,"",0,0,1,0,0,"<hex:02091BE802FF0C>nach Ul'dah<hex:FF0A>in Ul'dah<hex:03>",0,0,0
505,"Thanalan",0,"",0,0,1,0,0,"<hex:02091FE802FF0E>nach Thanalan<hex:FF0C>in Thanalan<hex:03>",0,0,0
506,"Gridania",0,"",0,0,1,0,0,"<hex:02091FE802FF0E>nach Gridania<hex:FF0C>in Gridania<hex:03>",0,0,0
507,"Finsterwald",0,"",0,0,1,0,0,"<hex:020927E802FF13>in den Finsterwald<hex:FF0F>im Finsterwald<hex:03>",0,0,0
508,"Coerthas",0,"",0,0,1,0,0,"<hex:02091FE802FF0E>nach Coerthas<hex:FF0C>in Coerthas<hex:03>",0,0,0
509,"Mor Dhona",0,"",0,0,1,0,0,"<hex:020921E802FF0F>nach Mor Dhona<hex:FF0D>in Mor Dhona<hex:03>",0,0,0
510,"Abalathia",0,"",0,0,1,0,0,"<hex:020921E802FF0F>nach Abalathia<hex:FF0D>in Abalathia<hex:03>",0,0,0
511,"Dravania",0,"",0,0,1,0,0,"<hex:02091FE802FF0E>nach Dravania<hex:FF0C>in Dravania<hex:03>",0,0,0
512,"Ishgard",0,"",0,0,1,0,0,"<hex:02091DE802FF0D>nach Ishgard<hex:FF0B>in Ishgard<hex:03>",0,0,0
513,"Kugane",0,"",0,0,1,0,0,"<hex:02091BE802FF0C>nach Kugane<hex:FF0A>in Kugane<hex:03>",0,0,0
514,"Gyr Abania",0,"",0,0,1,0,0,"<hex:020923E802FF10>nach Gyr Abania<hex:FF0E>in Gyr Abania<hex:03>",0,0,0
515,"Othard",0,"",0,0,1,0,0,"<hex:02091BE802FF0C>nach Othard<hex:FF0A>in Othard<hex:03>",0,0,0
516,"Crystarium",0,"",0,0,1,0,0,"<hex:02092FE802FF10>nach Crystarium<hex:FF0E>in Crystarium<hex:FF0B>Crystarium<hex:03>",0,0,0
517,"Eulmore",0,"",0,0,1,0,0,"<hex:020926E802FF0D>nach Eulmore<hex:FF0B>in Eulmore<hex:FF08>Eulmore<hex:03>",0,0,0
518,"Norvrandt",0,"",0,0,1,0,0,"<hex:02092CE802FF0F>nach Norvrandt<hex:FF0D>in Norvrandt<hex:FF0A>Norvrandt<hex:03>",0,0,0
519,"",0,"",0,0,1,0,0,"",0,0,0
520,"Pfad der Buße",0,"",0,0,1,0,0,"<hex:02092FE802FF13>zum Pfad der Buße<hex:FF17>auf dem Pfad der Buße<hex:03>",0,0,0
521,"Pfad der Vergebung",0,"",0,0,1,0,0,"<hex:020937E802FF17>zum Pfad der Vergebung<hex:FF1B>auf dem Pfad der Vergebung<hex:03>",0,0,0
522,"Ruhestatt der Narren",0,"",0,0,1,0,0,"<hex:020954E802FF19>zur Ruhestatt der Narren<hex:FF1C>in der Ruhestatt der Narren<hex:FF19>die Ruhestatt der Narren<hex:03>",0,0,0
523,"Ruhestatt der Gepeinigten",0,"",0,0,1,0,0,"<hex:020963E802FF1E>zur Ruhestatt der Gepeinigten<hex:FF21>in der Ruhestatt der Gepeinigten<hex:FF1E>die Ruhestatt der Gepeinigten<hex:03>",0,0,0
524,"Verhörkammer",0,"",0,0,1,0,0,"<hex:02093FE802FF12>zur Verhörkammer<hex:FF15>in der Verhörkammer<hex:FF12>die Verhörkammer<hex:03>",0,0,0
525,"Hinrichtungskammer",0,"",0,0,1,0,0,"<hex:02094EE802FF17>zur Hinrichtungskammer<hex:FF1A>in der Hinrichtungskammer<hex:FF17>die Hinrichtungskammer<hex:03>",0,0,0
526,"Pfad der Erlösung",0,"",0,0,1,0,0,"<hex:020937E802FF17>zum Pfad der Erlösung<hex:FF1B>auf dem Pfad der Erlösung<hex:03>",0,0,0
527,"Beichtkammer",0,"",0,0,1,0,0,"<hex:02093CE802FF11>zur Beichtkammer<hex:FF14>in der Beichtkammer<hex:FF11>die Beichtkammer<hex:03>",0,0,0
528,"Ausgang",0,"",0,0,1,0,0,"<hex:020929E802FF0C>zum Ausgang<hex:FF0B>am Ausgang<hex:FF0C>der Ausgang<hex:03>",0,0,0
529,"Sir Auchefornes Zelle",0,"",0,0,1,0,0,"<hex:02094EE802FF19>zu Sir Auchefornes Zelle<hex:FF19>an Sir Auchefornes Zelle<hex:FF16>Sir Auchefornes Zelle<hex:03>",0,0,0
530,"Zelle von Bergand dem Tollpatsch",0,"",0,0,1,0,0,"<hex:020952E802FF25>zur Zelle von Bergand dem Tollpatsch<hex:FF28>an der Zelle von Bergand dem Tollpatsch<hex:03>",0,0,0
531,"Zelle von Strauchritter Tatabi",0,"",0,0,1,0,0,"<hex:020972E802FF23>zur Zelle von Strauchritter Tatabi<hex:FF26>an der Zelle von Strauchritter Tatabi<hex:FF23>die Zelle von Strauchritter Tatabi<hex:03>",0,0,0
532,"Zelle von Joukil Halbmoor",0,"",0,0,1,0,0,"<hex:020963E802FF1E>zur Zelle von Joukil Halbmoor<hex:FF21>an der Zelle von Joukil Halbmoor<hex:FF1E>die Zelle von Joukil Halbmoor<hex:03>",0,0,0
533,"Lady Cliaie d'Arlendres Zelle",0,"",0,0,1,0,0,"<hex:020966E802FF21>zu Lady Cliaie d'Arlendres Zelle<hex:FF21>an Lady Cliaie d'Arlendres Zelle<hex:FF1E>Lady Cliaie d'Arlendres Zelle<hex:03>",0,0,0
534,"Ausgang",0,"",0,0,1,0,0,"<hex:020929E802FF0C>zum Ausgang<hex:FF0B>am Ausgang<hex:FF0C>der Ausgang<hex:03>",0,0,0
535,"Grünholz-Altar",0,"",0,0,1,0,0,"<hex:02094BE802FF14>zum Grünholz-Altar<hex:FF13>am Grünholz-Altar<hex:FF1E>der Zugang zum Grünholzaltar<hex:03>",0,0,0
536,"Namenlose Gruft",0,"",0,0,1,0,0,"<hex:020947E802FF15>zur Namenlosen Gruft<hex:FF18>in der Namenlosen Gruft<hex:FF14>die Namenlose Gruft<hex:03>",0,0,0
537,"Großkönig Galvanths Gruft",0,"",0,0,1,0,0,"<hex:020960E802FF1F>zu Großkönig Galvanths Gruft<hex:FF1F>in Großkönig Galvanths Gruft<hex:FF1C>Großkönig Galvanths Gruft<hex:03>",0,0,0
538,"Die Ak-Inik-Gruft",0,"",0,0,1,0,0,"<hex:02093FE802FF12>zur Ak-Inik-Gruft<hex:FF15>in der Ak-Inik-Gruft<hex:FF12>die Ak-Inik-Gruft<hex:03>",0,0,0
539,"Derbholz-Altar",0,"",0,0,1,0,0,"<hex:020949E802FF13>zum Derbholz-Altar<hex:FF12>am Derbholz-Altar<hex:FF1E>der Zugang zum Derbholz-Altar<hex:03>",0,0,0
540,"Die Ak-Mena-Gruft",0,"",0,0,1,0,0,"<hex:02093FE802FF12>zur Ak-Mena-Gruft<hex:FF15>in der Ak-Mena-Gruft<hex:FF12>die Ak-Mena-Gruft<hex:03>",0,0,0
541,"Wurmholz-Altar",0,"",0,0,1,0,0,"<hex:020949E802FF13>zum Wurmholz-Altar<hex:FF12>am Wurmholz-Altar<hex:FF1E>der Zugang zum Wurmholz-Altar<hex:03>",0,0,0
542,"Steinbrücke",0,"",0,0,1,0,0,"<hex:02092AE802FF11>zur Steinbrücke<hex:FF14>an der Steinbrücke<hex:03>",0,0,0
543,"Ewige Ruhe",0,"",0,0,1,0,0,"<hex:020944E802FF10>zur Ewigen Ruhe<hex:FF13>in der Ewigen Ruhe<hex:FF1B>der Zugang zur Ewigen Ruhe<hex:03>",0,0,0
544,"Bestattungskammer",0,"",0,0,1,0,0,"<hex:02094BE802FF16>zur Bestattungskammer<hex:FF19>in der Bestattungskammer<hex:FF16>die Bestattungskammer<hex:03>",0,0,0
545,"Miounnes Hexenstübchen",0,"",0,0,1,0,0,"<hex:02093BE802FF1B>in Miounnes Hexenstübchen<hex:FF1B>in Miounnes Hexenstübchen<hex:03>",0,0,0
546,"Aben<hex:02160103>teurer<hex:02160103>gilde",0,"",0,0,1,0,0,"<hex:020943E802FF1F>in die Aben<hex:02160103>teurer<hex:02160103>gilde<hex:FF1F>in der Aben<hex:02160103>teurer<hex:02160103>gilde<hex:03>",0,0,0
547,"Miounnes Hexenstübchen <hex:02100103>(Aben<hex:02160103>teurer<hex:02160103>gilde)",0,"",0,0,1,0,0,"",0,0,0
548,"Der Traumbaum",0,"",0,0,1,0,0,"<hex:020920E802FF0E>zum Traumbaum<hex:FF0D>im Traumbaum<hex:03>",0,0,0
549,"Luftschiff-Landeplatz (Gridania)",0,"",0,0,1,0,0,"<hex:020950E802FF26>zum Luftschiff-Landeplatz in Gridania<hex:FF25>am Luftschiff-Landeplatz in Gridania<hex:03>",0,0,0
550,"Mistalles Brücken",0,"",0,0,1,0,0,"<hex:020931E802FF16>zu Mistalles Brücken<hex:FF16>an Mistalles Brücken<hex:03>",0,0,0
551,"Der Knoten",0,"",0,0,1,0,0,"<hex:02091AE802FF0B>zum Knoten<hex:FF0A>am Knoten<hex:03>",0,0,0
552,"Blaudachs-Pforte",0,"",0,0,1,0,0,"<hex:020932E802FF15>zur Blaudachs-Pforte<hex:FF18>an der Blaudachs-Pforte<hex:03>",0,0,0
553,"Atrium der Immergrünen Eichen",0,"",0,0,1,0,0,"<hex:02094AE802FF23>zum Atrium der Immergrünen Eichen<hex:FF22>am Atrium der Immergrünen Eichen<hex:03>",0,0,0
554,"Zimmerergilde",0,"",0,0,1,0,0,"<hex:02092CE802FF12>zur Zimmerergilde<hex:FF15>in der Zimmerergilde<hex:03>",0,0,0
555,"Atrium der Immergrünen Eichen <hex:02100103>(Zimmerergilde)",0,"",0,0,1,0,0,"",0,0,0
556,"Figagas Wasserrad",0,"",0,0,1,0,0,"<hex:02092FE802FF15>zu Figagas Wasserrad<hex:FF15>an Figagas Wasserrad<hex:03>",0,0,0
557,"Spielplatz Eichelmatz",0,"",0,0,1,0,0,"<hex:020938E802FF1A>zum Spielplatz Eichelmatz<hex:FF19>am Spielplatz Eichelmatz<hex:03>",0,0,0
558,"Berlends Brücken",0,"",0,0,1,0,0,"<hex:02092FE802FF15>zu Berlends Brücken<hex:FF15>an Berlends Brücken<hex:03>",0,0,0
559,"Weißwolf-Pforte",0,"",0,0,1,0,0,"<hex:020932E802FF15>zur Weißwolf-Pforte<hex:FF18>an der Weißwolf-Pforte<hex:03>",0,0,0
560,"Rotmarder-Pforte",0,"",0,0,1,0,0,"<hex:020932E802FF15>zur Rotmarder-Pforte<hex:FF18>an der Rotmarder-Pforte<hex:03>",0,0,0
561,"Kleine Waldschanze",0,"",0,0,1,0,0,"<hex:020938E802FF18>zur Kleinen Waldschanze<hex:FF1B>an der Kleinen Waldschanze<hex:03>",0,0,0
562,"Wald<hex:02160103>läufer<hex:02160103>gilde",0,"",0,0,1,0,0,"<hex:020942E802FF1D>zur Wald<hex:02160103>läufer<hex:02160103>gilde<hex:FF20>in der Wald<hex:02160103>läufer<hex:02160103>gilde<hex:03>",0,0,0
563,"Kleine Waldschanze <hex:02100103>(Wald<hex:02160103>läufer<hex:02160103>gilde)",0,"",0,0,1,0,0,"",0,0,0
564,"Ebenholzpassage",0,"",0,0,1,0,0,"<hex:020930E802FF14>zur Ebenholzpassage<hex:FF17>in der Ebenholzpassage<hex:03>",0,0,0
565,"Palisandermarkt",0,"",0,0,1,0,0,"<hex:02092CE802FF14>zum Palisandermarkt<hex:FF13>am Palisandermarkt<hex:03>",0,0,0
566,"Schattenlaube",0,"",0,0,1,0,0,"<hex:02092CE802FF12>zur Schattenlaube<hex:FF15>an der Schattenlaube<hex:03>",0,0,0
567,"Atelier Fen-Yll",0,"",0,0,1,0,0,"<hex:02092CE802FF14>zum Atelier Fen-Yll<hex:FF13>im Atelier Fen-Yll<hex:03>",0,0,0
568,"Gerbergilde",0,"",0,0,1,0,0,"<hex:020928E802FF10>zur Gerbergilde<hex:FF13>in der Gerbergilde<hex:03>",0,0,0
569,"Fen-Yll Lederwaren",0,"",0,0,1,0,0,"<hex:020932E802FF16>zu Fen-Yll Lederwaren<hex:FF17>bei Fen-Yll Lederwaren<hex:03>",0,0,0
570,"Große Waldschanze ",0,"",0,0,1,0,0,"<hex:020938E802FF18>zur Großen Waldschanze<hex:FF1B>an der Großen Waldschanze<hex:03>",0,0,0
571,"Pikeniergilde",0,"",0,0,1,0,0,"<hex:02092CE802FF12>zur Pikeniergilde<hex:FF15>in der Pikeniergilde<hex:03>",0,0,0
572,"Große Waldschanze <hex:02100103>(Pikeniergilde)",0,"",0,0,1,0,0,"",0,0,0
573,"Das Zentaurenauge",0,"",0,0,1,0,0,"<hex:020928E802FF12>zum Zentaurenauge<hex:FF11>im Zentaurenauge<hex:03>",0,0,0
574,"Schwarzeber-Pforte",0,"",0,0,1,0,0,"<hex:020936E802FF17>zur Schwarzeber-Pforte<hex:FF1A>an der Schwarzeber-Pforte<hex:03>",0,0,0
575,"Apkallu-Fälle",0,"",0,0,1,0,0,"<hex:020933E802FF17>zu den Apkallu-Fällen<hex:FF17>an den Apkallu-Fällen<hex:03>",0,0,0
576,"Grotte der Versunkenen Gedanken",0,"",0,0,1,0,0,"<hex:020953E802FF27>in die Grotte der Versunkenen Gedanken<hex:FF27>in der Grotte der Versunkenen Gedanken<hex:03>",0,0,0
577,"Druidengilde",0,"",0,0,1,0,0,"<hex:02092AE802FF11>zur Druidengilde<hex:FF14>in der Druidengilde<hex:03>",0,0,0
578,"Grotte der Versunkenen Gedanken <hex:02100103>(Druidengilde)",0,"",0,0,1,0,0,"",0,0,0
579,"Nophicas Altar",0,"",0,0,1,0,0,"<hex:020929E802FF12>zu Nophicas Altar<hex:FF12>an Nophicas Altar<hex:03>",0,0,0
580,"Mih Khettos Amphitheater",0,"",0,0,1,0,0,"<hex:02093DE802FF1C>in Mih Khettos Amphitheater<hex:FF1C>in Mih Khettos Amphitheater<hex:03>",0,0,0
581,"Ährenkranzkolonie",0,"",0,0,1,0,0,"<hex:020936E802FF17>zur Ährenkranzkolonie<hex:FF1A>in der Ährenkranzkolonie<hex:03>",0,0,0
582,"Gärtnergilde",0,"",0,0,1,0,0,"<hex:02092CE802FF12>zur Gärtnergilde<hex:FF15>in der Gärtnergilde<hex:03>",0,0,0
583,"Ährenkranzkolonie <hex:02100103>(Gärtnergilde)",0,"",0,0,1,0,0,"",0,0,0
584,"Der Trällernde Müller",0,"",0,0,1,0,0,"<hex:020938E802FF19>zum Trällernden Müller<hex:FF1A>beim Trällernden Müller<hex:03>",0,0,0
585,"Schwarztee-Bach",0,"",0,0,1,0,0,"<hex:02092CE802FF14>zum Schwarztee-Bach<hex:FF13>am Schwarztee-Bach<hex:03>",0,0,0
586,"Säuselschlucht",0,"",0,0,1,0,0,"<hex:020930E802FF14>zur Säuselschlucht<hex:FF17>in der Säuselschlucht<hex:03>",0,0,0
587,"Jadeweiher",0,"",0,0,1,0,0,"<hex:020922E802FF0F>zum Jadeweiher<hex:FF0E>am Jadeweiher<hex:03>",0,0,0
588,"Lustgarten",0,"",0,0,1,0,0,"<hex:020922E802FF0F>zum Lustgarten<hex:FF0E>am Lustgarten<hex:03>",0,0,0
589,"Mun-Tuy-Braukeller",0,"",0,0,1,0,0,"<hex:020954E802FF1B>zu den Mun-Tuy-Braukellern<hex:FF1C>bei den Mun-Tuy-Braukellern<hex:FF17>die Mun-Tuy-Braukeller<hex:03>",0,0,0
590,"Ätherytenplatz",0,"",0,0,1,0,0,"<hex:02092CE802FF14>zum Ätherytenplatz<hex:FF13>am Ätherytenplatz<hex:03>",0,0,0
591,"Abaton der Bruderschaft",0,"",0,0,1,0,0,"<hex:02093CE802FF1C>zum Abaton der Bruderschaft<hex:FF1B>im Abaton der Bruderschaft<hex:03>",0,0,0
592,"Süßholz-Steg <hex:02100103>Fähre zum Ostwald",0,"",0,0,1,0,0,"",0,0,0
593,"Chocobo-Ställe",0,"",0,0,1,0,0,"<hex:020935E802FF18>zu den Chocobo-Ställen<hex:FF18>in den Chocobo-Ställen<hex:03>",0,0,0
594,"Atelier Fen-Yll <hex:02100103>(Gerbergilde)",0,"",0,0,1,0,0,"",0,0,0
595,"Süßholz-Steg",0,"",0,0,1,0,0,"<hex:02092AE802FF13>zum Süßholz-Steg<hex:FF12>am Süßholz-Steg<hex:03>",0,0,0
596,"Hier geht es nicht weiter.",0,"",0,0,1,0,0,"",0,0,0
597,"Blaudachs-Pforte (zum Tiefen Wald / Ost)",0,"",0,0,1,0,0,"",0,0,0
598,"Gelbschlangen-Pforte (zum Nordwald)",0,"",0,0,1,0,0,"",0,0,0
599,"Erdgeschoss",0,"",0,0,1,0,0,"<hex:020935E802FF10>ins Erdgeschoss<hex:FF0F>im Erdgeschoss<hex:FF10>das Erdgeschoss<hex:03>",0,0,0
600,"Obergeschoss",0,"",0,0,1,0,0,"<hex:020938E802FF11>ins Obergeschoss<hex:FF10>im Obergeschoss<hex:FF11>das Obergeschoss<hex:03>",0,0,0
601,"Keller",0,"",0,0,1,0,0,"<hex:020929E802FF0E>in den Keller<hex:FF0A>im Keller<hex:FF0B>der Keller<hex:03>",0,0,0
602,"Eingangshalle",0,"",0,0,1,0,0,"<hex:020942E802FF15>in die Eingangshalle<hex:FF15>in der Eingangshalle<hex:FF12>die Eingangshalle<hex:03>",0,0,0
603,"Vorratskammer",0,"",0,0,1,0,0,"<hex:020942E802FF15>in die Vorratskammer<hex:FF15>in der Vorratskammer<hex:FF12>die Vorratskammer<hex:03>",0,0,0
604,"Rote Halle",0,"",0,0,1,0,0,"<hex:020948E802FF10>zur Roten Halle<hex:FF13>in der Roten Halle<hex:FF0F>die Rote Halle<hex:FF0F>die Rote Halle<hex:03>",0,0,0
605,"Lagerraum",0,"",0,0,1,0,0,"<hex:020932E802FF11>in den Lagerraum<hex:FF0D>im Lagerraum<hex:FF0E>der Lagerraum<hex:03>",0,0,0
606,"Musikzimmer",0,"",0,0,1,0,0,"<hex:020935E802FF10>ins Musikzimmer<hex:FF0F>im Musikzimmer<hex:FF10>das Musikzimmer<hex:03>",0,0,0
607,"Bibliothek",0,"",0,0,1,0,0,"<hex:020939E802FF12>in die Bibliothek<hex:FF12>in der Bibliothek<hex:FF0F>die Bibliothek<hex:03>",0,0,0
608,"Weiße Halle",0,"",0,0,1,0,0,"<hex:02093EE802FF12>zur Weißen Halle<hex:FF15>in der Weißen Halle<hex:FF11>die Weiße Halle<hex:03>",0,0,0
609,"Gelbe Halle",0,"",0,0,1,0,0,"<hex:02093BE802FF11>zur Gelben Halle<hex:FF14>in der Gelben Halle<hex:FF10>die Gelbe Halle<hex:03>",0,0,0
610,"Weinlager",0,"",0,0,1,0,0,"<hex:02092FE802FF0E>ins Weinlager<hex:FF0D>im Weinlager<hex:FF0E>das Weinlager<hex:03>",0,0,0
611,"Prozesskammer",0,"",0,0,1,0,0,"<hex:02093FE802FF12>zur Prozesskammer<hex:FF15>in der Prozesskammer<hex:FF12>die Prozesskammer<hex:03>",0,0,0
612,"Folterkammer",0,"",0,0,1,0,0,"<hex:02093CE802FF11>zur Folterkammer<hex:FF14>in der Folterkammer<hex:FF11>die Folterkammer<hex:03>",0,0,0
613,"Tor des Nald",0,"",0,0,1,0,0,"<hex:020926E802FF11>zum Tor des Nald<hex:FF10>am Tor des Nald<hex:03>",0,0,0
614,"Die Ewige Halle",0,"",0,0,1,0,0,"<hex:02092AE802FF11>zur Ewigen Halle<hex:FF14>in der Ewigen Halle<hex:03>",0,0,0
615,"Treibsand",0,"",0,0,1,0,0,"<hex:020920E802FF0E>zum Treibsand<hex:FF0D>am Treibsand<hex:03>",0,0,0
616,"Aben<hex:02160103>teurer<hex:02160103>gilde",0,"",0,0,1,0,0,"<hex:020943E802FF1F>in die Aben<hex:02160103>teurer<hex:02160103>gilde<hex:FF1F>in der Aben<hex:02160103>teurer<hex:02160103>gilde<hex:03>",0,0,0
617,"Die Sanduhr",0,"",0,0,1,0,0,"<hex:020920E802FF0C>zur Sanduhr<hex:FF0F>an der Sanduhr<hex:03>",0,0,0
618,"Palais Platin",0,"",0,0,1,0,0,"<hex:020928E802FF12>zum Palais Platin<hex:FF11>am Palais Platin<hex:03>",0,0,0
619,"Faust<hex:02160103>kämpfer<hex:02160103>gilde",0,"",0,0,1,0,0,"<hex:020946E802FF1F>zur Faust<hex:02160103>kämpfer<hex:02160103>gilde<hex:FF22>in der Faust<hex:02160103>kämpfer<hex:02160103>gilde<hex:03>",0,0,0
620,"Palais Platin <hex:02100103>(Faust<hex:02160103>kämpfer<hex:02160103>gilde)",0,"",0,0,1,0,0,"",0,0,0
621,"Smaragdstraße",0,"",0,0,1,0,0,"<hex:02092EE802FF13>zur Smaragdstraße<hex:FF16>an der Smaragdstraße<hex:03>",0,0,0
622,"Das Kolosseum",0,"",0,0,1,0,0,"<hex:020920E802FF0E>zum Kolosseum<hex:FF0D>im Kolosseum<hex:03>",0,0,0
623,"Gladia<hex:02160103>toren<hex:02160103>gilde",0,"",0,0,1,0,0,"<hex:020942E802FF1D>zur Gladia<hex:02160103>toren<hex:02160103>gilde<hex:FF20>in der Gladia<hex:02160103>toren<hex:02160103>gilde<hex:03>",0,0,0
624,"Das Kolosseum <hex:02100103>(Gladia<hex:02160103>toren<hex:02160103>gilde)",0,"",0,0,1,0,0,"",0,0,0
625,"Das Rudius",0,"",0,0,1,0,0,"<hex:02091AE802FF0B>zum Rudius<hex:FF0A>am Rudius<hex:03>",0,0,0
626,"Neues Sultana-Tor",0,"",0,0,1,0,0,"<hex:020930E802FF16>zum Neuen Sultana-Tor<hex:FF15>am Neuen Sultana-Tor<hex:03>",0,0,0
627,"Arr<hex:02160103>za<hex:02160103>neth-Os<hex:02160103>sari<hex:02160103>um",0,"",0,0,1,0,0,"<hex:020952E802FF27>zum Arr<hex:02160103>za<hex:02160103>neth-Os<hex:02160103>sari<hex:02160103>um<hex:FF26>im Arr<hex:02160103>za<hex:02160103>neth-Os<hex:02160103>sari<hex:02160103>um<hex:03>",0,0,0
628,"Erraligs Grabkammer",0,"",0,0,1,0,0,"<hex:020948E802FF17>zu Erraligs Grabkammer<hex:FF17>in Erraligs Grabkammer<hex:FF14>Erraligs Grabkammer<hex:03>",0,0,0
629,"Thaumaturgengilde",0,"",0,0,1,0,0,"<hex:020934E802FF16>zur Thaumaturgengilde<hex:FF19>in der Thaumaturgengilde<hex:03>",0,0,0
630,"Arr<hex:02160103>za<hex:02160103>neth-Os<hex:02160103>sari<hex:02160103>um <hex:02100103>(Thaumaturgengilde)",0,"",0,0,1,0,0,"",0,0,0
631,"Juwelier<hex:02160103>ge<hex:02160103>schäft Eshtaime",0,"",0,0,1,0,0,"<hex:020952E802FF27>zum Juwelier<hex:02160103>ge<hex:02160103>schäft Eshtaime<hex:FF26>am Juwelier<hex:02160103>ge<hex:02160103>schäft Eshtaime<hex:03>",0,0,0
632,"Edelsteinschleiferei Eshtaime",0,"",0,0,1,0,0,"<hex:02094CE802FF22>zur Edelsteinschleiferei Eshtaime<hex:FF25>in der Edelsteinschleiferei Eshtaime<hex:03>",0,0,0
633,"Gold<hex:02160103>schmiede<hex:02160103>gilde",0,"",0,0,1,0,0,"<hex:020944E802FF1E>zur Gold<hex:02160103>schmiede<hex:02160103>gilde<hex:FF21>in der Gold<hex:02160103>schmiede<hex:02160103>gilde<hex:03>",0,0,0
634,"Edelsteinschleiferei Eshtaime <hex:02100103>(Gold<hex:02160103>schmiede<hex:02160103>gilde)",0,"",0,0,1,0,0,"",0,0,0
635,"Amajina Bergbau AG",0,"",0,0,1,0,0,"<hex:020936E802FF17>zur Amajina Bergbau AG<hex:FF1A>in der Amajina Bergbau AG<hex:03>",0,0,0
636,"Minenarbeitergilde",0,"",0,0,1,0,0,"<hex:020936E802FF17>zur Minenarbeitergilde<hex:FF1A>in der Minenarbeitergilde<hex:03>",0,0,0
637,"Amajina Bergbau AG <hex:02100103>(Minenarbeitergilde)",0,"",0,0,1,0,0,"",0,0,0
638,"Onyxgasse",0,"",0,0,1,0,0,"<hex:020924E802FF0E>zur Onyxgasse<hex:FF11>an der Onyxgasse<hex:03>",0,0,0
639,"Platz der Sultana",0,"",0,0,1,0,0,"<hex:020930E802FF16>zum Platz der Sultana<hex:FF15>am Platz der Sultana<hex:03>",0,0,0
640,"Rubinstraßenmarkt",0,"",0,0,1,0,0,"<hex:020932E802FF17>zum Rubinstraßenmarkt<hex:FF16>am Rubinstraßenmarkt<hex:03>",0,0,0
641,"Zisternenlift",0,"",0,0,1,0,0,"<hex:020928E802FF12>zum Zisternenlift<hex:FF11>am Zisternenlift<hex:03>",0,0,0
642,"Haute Couture Sonnenseide",0,"",0,0,1,0,0,"<hex:020940E802FF1D>zu Haute Couture Sonnenseide<hex:FF1E>bei Haute Couture Sonnenseide<hex:03>",0,0,0
643,"Webergilde",0,"",0,0,1,0,0,"<hex:020926E802FF0F>zur Webergilde<hex:FF12>in der Webergilde<hex:03>",0,0,0
644,"Haute Couture Sonnenseide <hex:02100103>(Webergilde)",0,"",0,0,1,0,0,"",0,0,0
645,"Tor des Thal",0,"",0,0,1,0,0,"<hex:020926E802FF11>zum Tor des Thal<hex:FF10>am Tor des Thal<hex:03>",0,0,0
646,"Saphirstraßenmarkt",0,"",0,0,1,0,0,"<hex:020939E802FF18>zum Saphirstraßenmarkt<hex:FF1C>auf dem Saphirstraßenmarkt<hex:03>",0,0,0
647,"Perlengasse",0,"",0,0,1,0,0,"<hex:020928E802FF10>zur Perlengasse<hex:FF13>in der Perlengasse<hex:03>",0,0,0
648,"Milvaneth-Kapelle",0,"",0,0,1,0,0,"<hex:020934E802FF16>zur Milvaneth-Kapelle<hex:FF19>an der Milvaneth-Kapelle<hex:03>",0,0,0
649,"Frondales Physiatrische Akademie",0,"",0,0,1,0,0,"<hex:02094FE802FF25>zu Frondales Physiatrischer Akademie<hex:FF25>an Frondales Physiatrischer Akademie<hex:03>",0,0,0
650,"Alche<hex:02160103>misten<hex:02160103>gilde",0,"",0,0,1,0,0,"<hex:020942E802FF1D>zur Alche<hex:02160103>misten<hex:02160103>gilde<hex:FF20>in der Alche<hex:02160103>misten<hex:02160103>gilde<hex:03>",0,0,0
651,"Frondales Physiatrische Akademie <hex:02100103>(Alche<hex:02160103>misten<hex:02160103>gilde)",0,"",0,0,1,0,0,"<hex:02094FE802FF25>zu Frondales Physiatrischer Akademie<hex:FF25>an Frondales Physiatrischer Akademie<hex:03>",0,0,0
652,"Studentisches Forum",0,"",0,0,1,0,0,"<hex:020934E802FF18>zum Studentischen Forum<hex:FF17>am Studentischen Forum<hex:03>",0,0,0
653,"Herrscherpromenade",0,"",0,0,1,0,0,"<hex:020936E802FF17>zur Herrscherpromenade<hex:FF1A>an der Herrscherpromenade<hex:03>",0,0,0
654,"Luftschiff-Landeplatz",0,"",0,0,1,0,0,"<hex:02093DE802FF1A>zum Luftschiff-Landeplatz<hex:FF1E>auf dem Luftschiff-Landeplatz<hex:03>",0,0,0
655,"Misteltür",0,"",0,0,1,0,0,"<hex:020932E802FF0B>Misteltür<hex:FF12>an der Misteltür<hex:FF0F>die Misteltür<hex:03>",0,0,0
656,"Sastasha-Höhle",0,"",0,0,1,0,0,"<hex:020945E802FF14>zur Sastasha-Höhle<hex:FF17>in der Sastasha-Höhle<hex:FF14>die Sastasha-Höhle<hex:03>",0,0,0
657,"Rauschebarts Unterschlupf",0,"",0,0,1,0,0,"<hex:02093FE802FF1D>zu Rauschebarts Unterschlupf<hex:FF1D>in Rauschebarts Unterschlupf<hex:03>",0,0,0
658,"Rauschebart-Bucht",0,"",0,0,1,0,0,"<hex:020934E802FF16>zur Rauschebart-Bucht<hex:FF19>in der Rauschebart-Bucht<hex:03>",0,0,0
659,"Sastasha-Höhle",0,"",0,0,1,0,0,"<hex:020945E802FF14>zur Sastasha-Höhle<hex:FF17>in der Sastasha-Höhle<hex:FF14>die Sastasha-Höhle<hex:03>",0,0,0
660,"See der Schreie",0,"",0,0,1,0,0,"<hex:02092CE802FF14>zum See der Schreie<hex:FF13>am See der Schreie<hex:03>",0,0,0
661,"Leerer Raum",0,"",0,0,1,0,0,"<hex:020934E802FF10>zum leeren Raum<hex:FF0F>im leeren Raum<hex:FF0F>der leere Raum<hex:03>",0,0,0
662,"Der Katzenzwinger",0,"",0,0,1,0,0,"<hex:02093BE802FF12>zum Katzenzwinger<hex:FF11>am Katzenzwinger<hex:FF12>der Katzenzwinger<hex:03>",0,0,0
663,"Erstes Fallreeptor",0,"",0,0,1,0,0,"<hex:020949E802FF17>zum Ersten Fallreeptor<hex:FF16>am Ersten Fallreeptor<hex:FF16>das Erste Fallreeptor<hex:03>",0,0,0
664,"Rudererquartier",0,"",0,0,1,0,0,"<hex:020941E802FF14>zum Rudererquartier<hex:FF13>im Rudererquartier<hex:FF14>das Rudererquartier<hex:03>",0,0,0
665,"Ausgang",0,"",0,0,1,0,0,"<hex:020929E802FF0C>zum Ausgang<hex:FF0B>am Ausgang<hex:FF0C>der Ausgang<hex:03>",0,0,0
666,"Navigatorstube",0,"",0,0,1,0,0,"<hex:020942E802FF13>zur Navigatorstube<hex:FF16>in der Navigatorstube<hex:FF13>die Navigatorstube<hex:03>",0,0,0
667,"Mannschaftsquartier",0,"",0,0,1,0,0,"<hex:02094CE802FF17>zum Mannschaftquartier<hex:FF17>im Mannschaftsquartier<hex:FF18>das Mannschaftsquartier<hex:03>",0,0,0
668,"Kapitänsstube",0,"",0,0,1,0,0,"<hex:020942E802FF13>zur Kapitänsstube<hex:FF16>in der Kapitänsstube<hex:FF13>die Kapitänsstube<hex:03>",0,0,0
669,"Der Kerker",0,"",0,0,1,0,0,"<hex:020926E802FF0B>zum Kerker<hex:FF0A>im Kerker<hex:FF0B>der Kerker<hex:03>",0,0,0
670,"Zweites Fallreeptor",0,"",0,0,1,0,0,"<hex:02094CE802FF18>zum Zweiten Fallreeptor<hex:FF17>am Zweiten Fallreeptor<hex:FF17>das Zweite Fallreeptor<hex:03>",0,0,0
671,"Wellenfahrer-Tor",0,"",0,0,1,0,0,"<hex:020944E802FF15>zum Wellenfahrer-Tor<hex:FF14>am Wellenfahrer-Tor<hex:FF15>das Wellenfahrer-Tor<hex:03>",0,0,0
672,"Seemanns-Tor",0,"",0,0,1,0,0,"<hex:020938E802FF11>zum Seemanns-Tor<hex:FF10>am Seemanns-Tor<hex:FF11>das Seemanns-Tor<hex:03>",0,0,0
673,"Stollen A1",0,"",0,0,1,0,0,"<hex:02092EE802FF0F>zum Stollen A1<hex:FF0E>im Stollen A1<hex:FF0B>Stollen A1<hex:03>",0,0,0
674,"Stollen B1",0,"",0,0,1,0,0,"<hex:02092EE802FF0F>zum Stollen B1<hex:FF0E>im Stollen B1<hex:FF0B>Stollen B1<hex:03>",0,0,0
675,"Stollen B4",0,"",0,0,1,0,0,"<hex:02092EE802FF0F>zum Stollen B4<hex:FF0E>im Stollen B4<hex:FF0B>Stollen B4<hex:03>",0,0,0
676,"Stollen E1",0,"",0,0,1,0,0,"<hex:02092EE802FF0F>zum Stollen E1<hex:FF0E>im Stollen E1<hex:FF0B>Stollen E1<hex:03>",0,0,0
677,"Stollen E2",0,"",0,0,1,0,0,"<hex:02092EE802FF0F>zum Stollen E2<hex:FF0E>im Stollen E2<hex:FF0B>Stollen E2<hex:03>",0,0,0
678,"Kannibalenschlund",0,"",0,0,1,0,0,"<hex:020947E802FF16>zum Kannibalenschlund<hex:FF15>im Kannibalenschlund<hex:FF16>der Kannibalenschlund<hex:03>",0,0,0
679,"Schacht der Schreie",0,"",0,0,1,0,0,"<hex:02094DE802FF18>zum Schacht der Schreie<hex:FF17>im Schacht der Schreie<hex:FF18>der Schacht der Schreie<hex:03>",0,0,0
680,"Schacht der Klagen",0,"",0,0,1,0,0,"<hex:02094AE802FF17>zum Schacht der Klagen<hex:FF16>im Schacht der Klagen<hex:FF17>der Schacht der Klagen<hex:03>",0,0,0
681,"Der Eisige Thron",0,"",0,0,1,0,0,"<hex:02093AE802FF12>zum Eisigen Thron<hex:FF11>am Eisigen Thron<hex:FF11>der Eisige Thron<hex:03>",0,0,0
682,"Rankenflur",0,"",0,0,1,0,0,"<hex:020936E802FF0F>zur Rankenflur<hex:FF12>an der Rankenflur<hex:FF0F>die Rankenflur<hex:03>",0,0,0
683,"Brüllvolx' Versteck",0,"",0,0,1,0,0,"<hex:02094BE802FF18>zu Brüllvolx' Versteck<hex:FF18>in Brüllvolx' Versteck<hex:FF15>Brüllvolx' Versteck<hex:03>",0,0,0
684,"Moorseen",0,"",0,0,1,0,0,"<hex:020926E802FF10>zu den Moorseen<hex:FF11>bei den Moorseen<hex:03>",0,0,0
685,"Brüllvolx' Langrast",0,"",0,0,1,0,0,"<hex:02094BE802FF18>zu Brüllvolx' Langrast<hex:FF18>an Brüllvolx' Langrast<hex:FF15>Brüllvolx' Langrast<hex:03>",0,0,0
686,"Brüllvolx' Hauptquartier",0,"",0,0,1,0,0,"<hex:02095AE802FF1D>zu Brüllvolx' Hauptquartier<hex:FF1D>in Brüllvolx' Hauptquartier<hex:FF1A>Brüllvolx' Hauptquartier<hex:03>",0,0,0
687,"Versteck-Vornebereich",0,"",0,0,1,0,0,"<hex:020953E802FF1A>zum Versteck-Vornebereich<hex:FF19>im Versteck-Vornebereich<hex:FF1A>der Versteck-Vornebereich<hex:03>",0,0,0
688,"Versteck-Hintenbereich",0,"",0,0,1,0,0,"<hex:020956E802FF1B>zum Versteck-Hintenbereich<hex:FF1A>im Versteck-Hintenbereich<hex:FF1B>der Versteck-Hintenbereich<hex:03>",0,0,0
689,"Langrast-Vornebereich",0,"",0,0,1,0,0,"<hex:020953E802FF1A>zum Langrast-Vornebereich<hex:FF19>im Langrast-Vornebereich<hex:FF1A>der Langrast-Vornebereich<hex:03>",0,0,0
690,"Drachenhort",0,"",0,0,1,0,0,"<hex:020935E802FF10>zum Drachenhort<hex:FF0F>im Drachenhort<hex:FF10>der Drachenhort<hex:03>",0,0,0
691,"Langrast-Mittenstelle",0,"",0,0,1,0,0,"<hex:020957E802FF1A>zur Langrast-Mittenstelle<hex:FF1D>an der Langrast-Mittenstelle<hex:FF1A>die Langrast-Mittenstelle<hex:03>",0,0,0
692,"Halle der Faust",0,"",0,0,1,0,0,"<hex:020945E802FF14>zur Halle der Faust<hex:FF17>in der Halle der Faust<hex:FF14>die Halle der Faust<hex:03>",0,0,0
693,"Halle des Schwerts",0,"",0,0,1,0,0,"<hex:02094EE802FF17>zur Halle des Schwerts<hex:FF1A>in der Halle des Schwerts<hex:FF17>die Halle des Schwerts<hex:03>",0,0,0
694,"Halle der Bestie",0,"",0,0,1,0,0,"<hex:020948E802FF15>zur Halle der Bestie<hex:FF18>in der Halle der Bestie<hex:FF15>die Halle der Bestie<hex:03>",0,0,0
695,"Frondales Physiatrische Akademie",0,"",0,0,1,0,0,"<hex:020970E802FF24>zu Frondales Physiatrische Akademie<hex:FF25>in Frondales Physiatrischer Akademie<hex:FF21>Frondales Physiatrische Akademie<hex:03>",0,0,0
696,"",0,"",0,0,0,0,0,"",0,0,0
697,"",0,"",0,0,0,0,0,"",0,0,0
698,"Ebene der Redner",0,"",0,0,1,0,0,"<hex:020933E802FF15>zur Ebene der Redner<hex:FF19>auf der Ebene der Redner<hex:03>",0,0,0
699,"",0,"",0,0,0,0,0,"",0,0,0
700,"Obere Decks",0,"",0,0,1,0,0,"<hex:02092DE802FF14>zu den Oberen Decks<hex:FF14>in den Oberen Decks<hex:03>",0,0,0
701,"Untere Decks",0,"",0,0,1,0,0,"<hex:02092FE802FF15>zu den Unteren Decks<hex:FF15>in den Unteren Decks<hex:03>",0,0,0
702,"Die <hex:021A020203>Astalicia<hex:021A020103>",0,"",0,0,1,0,0,"<hex:020938E802FF18>zur <hex:021A020203>Astalicia<hex:021A020103><hex:FF1B>in der <hex:021A020203>Astalicia<hex:021A020103><hex:03>",0,0,0
703,"Korallenturm <hex:02100103>(Marodeurgilde)",0,"",0,0,1,0,0,"",0,0,0
704,"Korallenturm",0,"",0,0,1,0,0,"<hex:020926E802FF11>zum Korallenturm<hex:FF10>im Korallenturm<hex:03>",0,0,0
705,"Gilde der Musketiere",0,"",0,0,1,0,0,"<hex:02093AE802FF19>zur Gilde der Musketiere<hex:FF1C>in der Gilde der Musketiere<hex:03>",0,0,0
706,"Mealvaaner Zollbehörde",0,"",0,0,1,0,0,"<hex:020940E802FF1C>zur Maelvaaner Zollbehörde<hex:FF1F>in der Maelvaaner Zollbehörde<hex:03>",0,0,0
707,"Mealvaan-Tor <hex:02100103>(Hermetikergilde)",0,"",0,0,1,0,0,"<hex:02094AE802FF23>zum Maelvaan-Tor (Hermetikergilde)<hex:FF22>im Maelvaan-Tor (Hermetikergilde)<hex:03>",0,0,0
708,"Restaurant Bismarck",0,"",0,0,1,0,0,"<hex:020934E802FF18>zum Restaurant Bismarck<hex:FF17>im Restaurant Bismarck<hex:03>",0,0,0
709,"Restaurant Bismarck <hex:02100103>(Gourmetgilde)",0,"",0,0,1,0,0,"<hex:020950E802FF26>zum Restaurant Bismarck =Gourmetgilde<hex:FF25>im Restaurant Bismarck =Gourmetgilde<hex:03>",0,0,0
710,"Naldiq & Vymelli",0,"",0,0,1,0,0,"<hex:02092EE802FF14>zu Naldiq & Vymelli<hex:FF15>bei Naldiq & Vymelli<hex:03>",0,0,0
711,"Naldiq & Vymelli <hex:02100103>(Grobschmiedegilde)<hex:02100103>(Plattnergilde)",0,"",0,0,1,0,0,"<hex:020954E802FF27>zu Naldiq & Vymelli =Grobschmiedegilde<hex:FF28>bei Naldiq & Vymelli =Grobschmiedegilde<hex:03>",0,0,0
712,"Hermetikergilde",0,"",0,0,1,0,0,"<hex:020945E802FF14>zur Hermetikergilde<hex:FF17>in der Hermetikergilde<hex:FF14>die Hermetikergilde<hex:03>",0,0,0
713,"Fischers Bodden",0,"",0,0,1,0,0,"<hex:02092BE802FF13>zu Fischers Bodden<hex:FF13>in Fischers Bodden<hex:03>",0,0,0
714,"Fischers Bodden <hex:02100103>(Fischergilde)",0,"",0,0,1,0,0,"<hex:020947E802FF21>zu Fischers Bodden =Fischergilde<hex:FF21>in Fischers Bodden =Fischergilde<hex:03>",0,0,0
715,"Zur Ertränkten Sorge",0,"",0,0,1,0,0,"<hex:020940E802FF1C>zur „Ertränkten Sorge“<hex:FF1F>in der „Ertränkten Sorge“<hex:03>",0,0,0
716,"Zur Ertränkten Sorge <hex:02100103>(Aben<hex:02160103>teurer<hex:02160103>gilde)",0,"",0,0,1,0,0,"<hex:020972E802FF35>zur „Ertränkten Sorge“ =Aben<hex:02160103>teurer<hex:02160103>gilde<hex:FF38>in der „Ertränkten Sorge“ =Aben<hex:02160103>teurer<hex:02160103>gilde<hex:03>",0,0,0
717,"Das Wasserglas",0,"",0,0,1,0,0,"<hex:020922E802FF0F>zum Wasserglas<hex:FF0E>am Wasserglas<hex:03>",0,0,0
718,"Kraut und Rüben",0,"",0,0,1,0,0,"<hex:02092EE802FF15>zum Kraut und Rüben<hex:FF14>am Kraut und Rüben<hex:03>",0,0,0
719,"Ewige Jungfer",0,"",0,0,1,0,0,"<hex:02092FE802FF13>zur Ewigen Jungfer<hex:FF17>bei der Ewigen Jungfer<hex:03>",0,0,0
720,"Gourmetgilde",0,"",0,0,1,0,0,"<hex:02092AE802FF11>zur Gourmetgilde<hex:FF14>in der Gourmetgilde<hex:03>",0,0,0
721,"Gaffelschoner",0,"",0,0,1,0,0,"<hex:020928E802FF12>zum Gaffelschoner<hex:FF11>im Gaffelschoner<hex:03>",0,0,0
722,"Admiralsbrücke",0,"",0,0,1,0,0,"<hex:020931E802FF14>zur Admiralsbrücke<hex:FF18>auf der Admiralsbrücke<hex:03>",0,0,0
723,"Prunkgemach",0,"",0,0,1,0,0,"<hex:020924E802FF10>zum Prunkgemach<hex:FF0F>im Prunkgemach<hex:03>",0,0,0
724,"Besprechungszimmer",0,"",0,0,1,0,0,"<hex:02094AE802FF17>zum Besprechungszimmer<hex:FF16>im Besprechungszimmer<hex:FF17>das Besprechungszimmer<hex:03>",0,0,0
725,"Luftschiff-Landeplatz",0,"",0,0,1,0,0,"<hex:020938E802FF1A>zum Luftschiff-Landeplatz<hex:FF19>am Luftschiff-Landeplatz<hex:03>",0,0,0
726,"Chocobo-Ställe",0,"",0,0,1,0,0,"<hex:020936E802FF18>zu den Chocobo-Ställen<hex:FF19>bei den Chocobo-Ställen<hex:03>",0,0,0
727,"Pharos Polaris",0,"",0,0,1,0,0,"<hex:02092AE802FF13>zum Pharos Polaris<hex:FF12>am Pharos Polaris<hex:03>",0,0,0
728,"Fähranleger",0,"",0,0,1,0,0,"<hex:020926E802FF11>zum Fähranleger<hex:FF10>am Fähranleger<hex:03>",0,0,0
729,"Das Fass",0,"",0,0,1,0,0,"<hex:020916E802FF09>zum Fass<hex:FF08>im Fass<hex:03>",0,0,0
730,"Auktionshaus",0,"",0,0,1,0,0,"<hex:020926E802FF11>zum Auktionshaus<hex:FF10>im Auktionshaus<hex:03>",0,0,0
731,"Krähenlift",0,"",0,0,1,0,0,"<hex:020924E802FF10>zum Krähenlift<hex:FF0F>am Krähenlift<hex:03>",0,0,0
732,"Bollwerkhalle",0,"",0,0,1,0,0,"<hex:020942E802FF15>in die Bollwerkhalle<hex:FF15>in der Bollwerkhalle<hex:FF12>die Bollwerkhalle<hex:03>",0,0,0
733,"Gasthaus Gaffelschoner",0,"",0,0,1,0,0,"<hex:02093AE802FF1B>zum Gasthaus Gaffelschoner<hex:FF1A>im Gasthaus Gaffelschoner<hex:03>",0,0,0
734,"Fischergilde",0,"",0,0,1,0,0,"<hex:02092AE802FF11>zur Fischergilde<hex:FF14>in der Fischergilde<hex:03>",0,0,0
735,"Zephyr-Tor",0,"",0,0,1,0,0,"<hex:020922E802FF0F>zum Zephyr-Tor<hex:FF0E>am Zephyr-Tor<hex:03>",0,0,0
736,"Sturmtor",0,"",0,0,1,0,0,"<hex:02091EE802FF0D>zum Sturmtor<hex:FF0C>am Sturmtor<hex:03>",0,0,0
737,"Achterburg",0,"",0,0,1,0,0,"<hex:020936E802FF0F>zur Achterburg<hex:FF12>in der Achterburg<hex:FF0F>die Achterburg<hex:03>",0,0,0
738,"Ätherytenplatz",0,"",0,0,1,0,0,"<hex:02092CE802FF14>zum Ätherytenplatz<hex:FF13>am Ätherytenplatz<hex:03>",0,0,0
739,"Der Oktant",0,"",0,0,1,0,0,"<hex:02091AE802FF0B>zum Oktant<hex:FF0A>am Oktant<hex:03>",0,0,0
740,"",0,"",0,0,0,0,0,"",0,0,0
741,"Ankerplatz",0,"",0,0,1,0,0,"<hex:020922E802FF0F>zum Ankerplatz<hex:FF0E>am Ankerplatz<hex:03>",0,0,0
742,"Prozession der Möwen",0,"",0,0,1,0,0,"<hex:02093CE802FF1A>zur Prozession der Möwen<hex:FF1D>an der Prozession der Möwen<hex:03>",0,0,0
743,"Kaufmannsplatz",0,"",0,0,1,0,0,"<hex:02092AE802FF13>zum Kaufmannsplatz<hex:FF12>am Kaufmannsplatz<hex:03>",0,0,0
744,"Östliche Handelsstraße",0,"",0,0,1,0,0,"<hex:020944E802FF1E>zur Östlichen Handelsstraße<hex:FF21>an der Östlichen Handelsstraße<hex:03>",0,0,0
745,"Westliche Handelsstraße",0,"",0,0,1,0,0,"<hex:020944E802FF1E>zur Westlichen Handelsstraße<hex:FF21>an der Westlichen Handelsstraße<hex:03>",0,0,0
746,"Der Muränensprung",0,"",0,0,1,0,0,"<hex:02092AE802FF13>zum Muränensprung<hex:FF12>am Muränensprung<hex:03>",0,0,0
747,"Der Karpfensprung",0,"",0,0,1,0,0,"<hex:020928E802FF12>zum Karpfensprung<hex:FF11>am Karpfensprung<hex:03>",0,0,0
748,"Limsa Lominsa - Zentrum",0,"",0,0,1,0,0,"<hex:02093DE802FF1D>nach Limsa Lominsa - Zentrum<hex:FF1B>in Limsa Lominsa - Zentrum<hex:03>",0,0,0
749,"Nördliche Inseln",0,"",0,0,1,0,0,"<hex:02093AE802FF1A>zu den nördlichen Inseln<hex:FF1B>bei den nördlichen Inseln<hex:03>",0,0,0
750,"Steuermanns Quartier",0,"",0,0,1,0,0,"<hex:020937E802FF1A>nach Steuermanns Quartier<hex:FF18>in Steuermanns Quartier<hex:03>",0,0,0
751,"Südliche Inseln",0,"",0,0,1,0,0,"<hex:020938E802FF19>zu den südlichen Inseln<hex:FF1A>bei den südlichen Inseln<hex:03>",0,0,0
752,"Schauermanns Quartier",0,"",0,0,1,0,0,"<hex:020939E802FF1B>nach Schauermanns Quartier<hex:FF19>in Schauermanns Quartier<hex:03>",0,0,0
753,"Marktbezirke",0,"",0,0,1,0,0,"<hex:02092FE802FF15>zu den Marktbezirken<hex:FF15>in den Marktbezirken<hex:03>",0,0,0
754,"Fähranleger - Limsa Lominsa",0,"",0,0,1,0,0,"<hex:020948E802FF22>zum Fähranleger in Limsa Lominsa<hex:FF21>am Fähranleger in Limsa Lominsa<hex:03>",0,0,0
755,"Mahlstrom-Flotten<hex:02160103>kommando",0,"",0,0,1,0,0,"<hex:020948E802FF22>zum Mahlstrom-Flotten<hex:02160103>kommando<hex:FF21>im Mahlstrom-Flotten<hex:02160103>kommando<hex:03>",0,0,0
756,"Nelkentür",0,"",0,0,1,0,0,"<hex:020932E802FF0B>Nelkentür<hex:FF12>an der Nelkentür<hex:FF0F>die Nelkentür<hex:03>",0,0,0
757,"Verschlossene Tür",0,"",0,0,1,0,0,"<hex:020942E802FF18>zur verschlossenen Tür<hex:FF1B>an der verschlossenen Tür<hex:FF09>die Tür<hex:03>",0,0,0
758,"Verschlossene Tür",0,"",0,0,1,0,0,"<hex:020942E802FF18>zur verschlossenen Tür<hex:FF1B>an der verschlossenen Tür<hex:FF09>die Tür<hex:03>",0,0,0
759,"Versteck-Haupttor",0,"",0,0,1,0,0,"<hex:02094CE802FF16>zum Versteck-Haupttor<hex:FF15>am Versteck-Haupttor<hex:FF1B>das Haupttor des Verstecks<hex:03>",0,0,0
760,"Versteck-Innentor",0,"",0,0,1,0,0,"<hex:02094CE802FF16>zum Versteck-Innentor<hex:FF15>am Versteck-Innentor<hex:FF1B>das Innentor des Verstecks<hex:03>",0,0,0
761,"Versteck-Hintertor",0,"",0,0,1,0,0,"<hex:02094FE802FF17>zum Versteck-Hintertor<hex:FF16>am Versteck-Hintertor<hex:FF1C>das Hintertor des Verstecks<hex:03>",0,0,0
762,"Langrast-Haupttor",0,"",0,0,1,0,0,"<hex:020947E802FF16>zum Langrast-Haupttor<hex:FF15>am Langrast-Haupttor<hex:FF16>das Langrast-Haupttor<hex:03>",0,0,0
763,"Kapitänsstube",0,"",0,0,1,0,0,"<hex:020942E802FF13>zur Kapitänsstube<hex:FF16>in der Kapitänsstube<hex:FF13>die Kapitänsstube<hex:03>",0,0,0
764,"Achterburg",0,"",0,0,1,0,0,"<hex:020936E802FF0F>zur Achterburg<hex:FF12>in der Achterburg<hex:FF0F>die Achterburg<hex:03>",0,0,0
765,"Gourmetgilde (Restaurant Bismarck)",0,"",0,0,1,0,0,"<hex:020934E802FF18>zum Restaurant Bismarck<hex:FF17>im Restaurant Bismarck<hex:03>",0,0,0
766,"Marodeurgilde (Korallenturm)",0,"",0,0,1,0,0,"<hex:020926E802FF11>zum Korallenturm<hex:FF10>im Korallenturm<hex:03>",0,0,0
767,"Kaufmannsplatz (Markt)",0,"",0,0,1,0,0,"<hex:02092AE802FF13>zum Kaufmannsplatz<hex:FF12>am Kaufmannsplatz<hex:03>",0,0,0
768,"Fischergilde (Schurkengilde)",0,"",0,0,1,0,0,"<hex:02092AE802FF11>zur Fischergilde<hex:FF14>in der Fischergilde<hex:03>",0,0,0
769,"Hermetikergilde (Fähranleger)",0,"",0,0,1,0,0,"<hex:020930E802FF14>zur Hermetikergilde<hex:FF17>in der Hermetikergilde<hex:03>",0,0,0
770,"Zephyr-Tor (Zentrales La Noscea)",0,"",0,0,1,0,0,"<hex:020922E802FF0F>zum Zephyr-Tor<hex:FF0E>am Zephyr-Tor<hex:03>",0,0,0
771,"Sturmtor (Unteres La Noscea)",0,"",0,0,1,0,0,"<hex:02091EE802FF0D>zum Sturmtor<hex:FF0C>am Sturmtor<hex:03>",0,0,0
772,"Aben<hex:02160103>teurer<hex:02160103>gilde",0,"",0,0,1,0,0,"<hex:020940E802FF1C>zur Aben<hex:02160103>teurer<hex:02160103>gilde<hex:FF1F>in der Aben<hex:02160103>teurer<hex:02160103>gilde<hex:03>",0,0,0
773,"Thaumaturgengilde",0,"",0,0,1,0,0,"<hex:020934E802FF16>zur Thaumaturgengilde<hex:FF19>in der Thaumaturgengilde<hex:03>",0,0,0
774,"Gladia<hex:02160103>toren<hex:02160103>gilde (Kolosseum)",0,"",0,0,1,0,0,"<hex:020920E802FF0E>zum Kolosseum<hex:FF0D>im Kolosseum<hex:03>",0,0,0
775,"Minenarbeitergilde (Himmlische Arena)",0,"",0,0,1,0,0,"<hex:020936E802FF17>zur Minenarbeitergilde<hex:FF1A>in der Minenarbeitergilde<hex:03>",0,0,0
776,"Alche<hex:02160103>misten<hex:02160103>gilde",0,"",0,0,1,0,0,"<hex:020942E802FF1D>zur Alche<hex:02160103>misten<hex:02160103>gilde<hex:FF20>in der Alche<hex:02160103>misten<hex:02160103>gilde<hex:03>",0,0,0
777,"Webergilde",0,"",0,0,1,0,0,"<hex:020926E802FF0F>zur Webergilde<hex:FF12>in der Webergilde<hex:03>",0,0,0
778,"Kammer der Regentschaft",0,"",0,0,1,0,0,"<hex:020940E802FF1C>zur Kammer der Regentschaft<hex:FF1F>in der Kammer der Regentschaft<hex:03>",0,0,0
779,"Neues Sultana-Tor (Westliches Thanalan)",0,"",0,0,1,0,0,"<hex:020930E802FF16>zum Neuen Sultana-Tor<hex:FF15>am Neuen Sultana-Tor<hex:03>",0,0,0
780,"Tor des Nald (Zentrales Thanalan)",0,"",0,0,1,0,0,"<hex:020926E802FF11>zum Tor des Nald<hex:FF10>am Tor des Nald<hex:03>",0,0,0
781,"Tor des Thal (Zentrales Thanalan)",0,"",0,0,1,0,0,"<hex:020926E802FF11>zum Tor des Thal<hex:FF10>am Tor des Thal<hex:03>",0,0,0
782,"Wald<hex:02160103>läufer<hex:02160103>gilde",0,"",0,0,1,0,0,"<hex:020942E802FF1D>zur Wald<hex:02160103>läufer<hex:02160103>gilde<hex:FF20>in der Wald<hex:02160103>läufer<hex:02160103>gilde<hex:03>",0,0,0
783,"Gerbergilde (Markt)",0,"",0,0,1,0,0,"<hex:020928E802FF10>zur Gerbergilde<hex:FF13>in der Gerbergilde<hex:03>",0,0,0
784,"Pikeniergilde",0,"",0,0,1,0,0,"<hex:02092CE802FF12>zur Pikeniergilde<hex:FF15>in der Pikeniergilde<hex:03>",0,0,0
785,"Druidengilde",0,"",0,0,1,0,0,"<hex:02092AE802FF11>zur Druidengilde<hex:FF14>in der Druidengilde<hex:03>",0,0,0
786,"Gärtnergilde",0,"",0,0,1,0,0,"<hex:02092CE802FF12>zur Gärtnergilde<hex:FF15>in der Gärtnergilde<hex:03>",0,0,0
787,"Mih Khettos Amphitheater",0,"",0,0,1,0,0,"<hex:02093DE802FF1C>in Mih Khettos Amphitheater<hex:FF1C>in Mih Khettos Amphitheater<hex:03>",0,0,0
788,"Gold<hex:02160103>schmiede<hex:02160103>gilde",0,"",0,0,1,0,0,"<hex:020944E802FF1E>zur Gold<hex:02160103>schmiede<hex:02160103>gilde<hex:FF21>in der Gold<hex:02160103>schmiede<hex:02160103>gilde<hex:03>",0,0,0
789,"Stiller Garten",0,"",0,0,1,0,0,"<hex:02093DE802FF13>zum Stillen Garten<hex:FF12>im Stillen Garten<hex:FF12>der Stille Garten<hex:03>",0,0,0
790,"Lange Halle",0,"",0,0,1,0,0,"<hex:02093BE802FF11>zur Langen Halle<hex:FF14>in der Langen Halle<hex:FF10>die Lange Halle<hex:03>",0,0,0
791,"Stelle des Aufbruchs",0,"",0,0,1,0,0,"<hex:020954E802FF19>zur Stelle des Aufbruchs<hex:FF1C>an der Stelle des Aufbruchs<hex:FF19>die Stelle des Aufbruchs<hex:03>",0,0,0
792,"Stille Wasser",0,"",0,0,1,0,0,"<hex:020957E802FF17>zu den Stillen Wassern<hex:FF18>bei den Stillen Wassern<hex:FF22>der Zugang zu den Stillen Wassern<hex:03>",0,0,0
793,"Endloser Korridor",0,"",0,0,1,0,0,"<hex:020946E802FF16>zum Endlosen Korridor<hex:FF15>im Endlosen Korridor<hex:FF15>der Endlose Korridor<hex:03>",0,0,0
794,"Letzte Raststätte",0,"",0,0,1,0,0,"<hex:020951E802FF18>zur Letzten Raststätte<hex:FF1C>bei der Letzten Raststätte<hex:FF17>die Letzte Raststätte<hex:03>",0,0,0
795,"Kapelle",0,"",0,0,1,0,0,"<hex:02092DE802FF0C>zur Kapelle<hex:FF0F>in der Kapelle<hex:FF0C>die Kapelle<hex:03>",0,0,0
796,"Goldene Sümpfe",0,"",0,0,1,0,0,"<hex:020936E802FF18>in die Goldenen Sümpfe<hex:FF19>in den Goldenen Sümpfen<hex:03>",0,0,0
797,"Leere Tasche",0,"",0,0,1,0,0,"<hex:020940E802FF14>in die Leere Tasche<hex:FF15>in der Leeren Tasche<hex:FF11>die Leere Tasche<hex:03>",0,0,0
798,"Goldgalle-Pfuhl",0,"",0,0,1,0,0,"<hex:020943E802FF14>zum Goldgalle-Pfuhl<hex:FF15>beim Goldgalle-Pfuhl<hex:FF14>der Goldgalle-Pfuhl<hex:03>",0,0,0
799,"Die Falle",0,"",0,0,1,0,0,"<hex:020927E802FF0A>zur Falle<hex:FF0D>an der Falle<hex:FF0A>die Falle<hex:03>",0,0,0
800,"Das Schloss",0,"",0,0,1,0,0,"<hex:020929E802FF0C>zum Schloss<hex:FF0B>im Schloss<hex:FF0C>das Schloss<hex:03>",0,0,0
801,"Der Vorgeschobene Riegel",0,"",0,0,1,0,0,"<hex:020952E802FF1A>zum Vorgeschobenen Riegel<hex:FF19>am Vorgeschobenen Riegel<hex:FF19>der Vorgeschobene Riegel<hex:03>",0,0,0
802,"Geizkragens Truhe",0,"",0,0,1,0,0,"<hex:020942E802FF15>zu Geizkragens Truhe<hex:FF15>in Geizkragens Truhe<hex:FF12>Geizkragens Truhe<hex:03>",0,0,0
803,"Knausers Reserve",0,"",0,0,1,0,0,"<hex:02093FE802FF14>zu Knausers Reserve<hex:FF14>in Knausers Reserve<hex:FF11>Knausers Reserve<hex:03>",0,0,0
804,"Knausers Speicher",0,"",0,0,1,0,0,"<hex:020942E802FF15>zu Knausers Speicher<hex:FF15>in Knausers Speicher<hex:FF12>Knausers Speicher<hex:03>",0,0,0
805,"Wächterhaus",0,"",0,0,1,0,0,"<hex:020938E802FF11>ins Wächterhaus<hex:FF10>im Wächterhaus<hex:FF11>das Wächterhaus<hex:03>",0,0,0
806,"Chocobo-Ställe",0,"",0,0,1,0,0,"<hex:02094AE802FF18>zu den Chocobo-Ställen<hex:FF18>in den Chocobo-Ställen<hex:FF14>die Chocobo-Ställe<hex:03>",0,0,0
807,"Rachen des Löwen",0,"",0,0,1,0,0,"<hex:020947E802FF16>zum Rachen des Löwen<hex:FF15>im Rachen des Löwen<hex:FF16>der Rachen des Löwen<hex:03>",0,0,0
808,"Große Halle",0,"",0,0,1,0,0,"<hex:02093EE802FF12>zur Großen Halle<hex:FF15>in der Großen Halle<hex:FF11>die Große Halle<hex:03>",0,0,0
809,"Drachenhauch-Kaskade",0,"",0,0,1,0,0,"<hex:02094DE802FF19>zur Drachenhauch-Kaskade<hex:FF1D>bei der Drachenhauch-Kaskade<hex:FF11>die Große Halle<hex:03>",0,0,0
810,"Refektorium",0,"",0,0,1,0,0,"<hex:020935E802FF10>ins Refektorium<hex:FF0F>im Refektorium<hex:FF10>das Refektorium<hex:03>",0,0,0
811,"Ritterquartiere",0,"",0,0,1,0,0,"<hex:020949E802FF17>in die Ritterquartiere<hex:FF18>in den Ritterquartieren<hex:FF14>die Ritterquartiere<hex:03>",0,0,0
812,"Sankt Daniffens Altar",0,"",0,0,1,0,0,"<hex:02094EE802FF19>zu Sankt Daniffens Altar<hex:FF19>an Sankt Daniffens Altar<hex:FF16>Sankt Daniffens Altar<hex:03>",0,0,0
813,"Trainingshalle",0,"",0,0,1,0,0,"<hex:020945E802FF16>in die Trainingshalle<hex:FF16>in der Trainingshalle<hex:FF13>die Trainingshalle<hex:03>",0,0,0
814,"Sonnenterrasse",0,"",0,0,1,0,0,"<hex:020947E802FF17>auf die Sonnenterrasse<hex:FF17>auf der Sonnenterrasse<hex:FF13>die Sonnenterrasse<hex:03>",0,0,0
815,"Oratorium von Tatamefu II.",0,"",0,0,1,0,0,"<hex:020962E802FF1F>zum Oratorium von Tatamefu II.<hex:FF1E>im Oratorium von Tatamefu II.<hex:FF1F>das Oratorium von Tatamefu II.<hex:03>",0,0,0
816,"Rosarium von Lalafuto I.",0,"",0,0,1,0,0,"<hex:02095CE802FF1D>zum Rosarium von Lalafuto I.<hex:FF1C>im Rosarium von Lalafuto I.<hex:FF1D>das Rosarium von Lalafuto I.<hex:03>",0,0,0
817,"Adytum von Lalafuto IV.",0,"",0,0,1,0,0,"<hex:020959E802FF1C>zum Adytum von Lalafuto IV.<hex:FF1B>im Adytum von Lalafuto IV.<hex:FF1C>das Adytum von Lalafuto IV.<hex:03>",0,0,0
818,"Stahlgewölbe",0,"",0,0,1,0,0,"<hex:02093BE802FF12>ins Stahlgewölbe<hex:FF11>im Stahlgewölbe<hex:FF12>das Stahlgewölbe<hex:03>",0,0,0
819,"Goldgewölbe",0,"",0,0,1,0,0,"<hex:020938E802FF11>ins Goldgewölbe<hex:FF10>im Goldgewölbe<hex:FF11>das Goldgewölbe<hex:03>",0,0,0
820,"Gewölbe des Äthers",0,"",0,0,1,0,0,"<hex:020950E802FF19>ins Gewölbe des Äthers<hex:FF18>im Gewölbe des Äthers<hex:FF19>das Gewölbe des Äthers<hex:03>",0,0,0
821,"Gewölbe der Geheimnisse",0,"",0,0,1,0,0,"<hex:02095CE802FF1D>ins Gewölbe der Geheimnisse<hex:FF1C>im Gewölbe der Geheimnisse<hex:FF1D>das Gewölbe der Geheimnisse<hex:03>",0,0,0
822,"Rosarium von Lalafuto I.",0,"",0,0,1,0,0,"<hex:02095CE802FF1D>zum Rosarium von Lalafuto I.<hex:FF1C>im Rosarium von Lalafuto I.<hex:FF1D>das Rosarium von Lalafuto I.<hex:03>",0,0,0
823,"Raum des Inquisitors",0,"",0,0,1,0,0,"<hex:020950E802FF19>zum Raum des Inquisitors<hex:FF18>im Raum des Inquisitors<hex:FF19>der Raum des Inquisitors<hex:03>",0,0,0
824,"Oratorium von Memeto der Milden",0,"",0,0,1,0,0,"<hex:020971E802FF24>zum Oratorium von Memeto der Milden<hex:FF23>im Oratorium von Memeto der Milden<hex:FF24>das Oratorium von Memeto der Milden<hex:03>",0,0,0
825,"Choralraum zum Lobe Azeymas",0,"",0,0,1,0,0,"<hex:020965E802FF20>zum Choralraum zum Lobe Azeymas<hex:FF1F>im Choralraum zum Lobe Azeymas<hex:FF20>der Choralraum zum Lobe Azeymas<hex:03>",0,0,0
826,"Tür zum Inneren Sanktum",0,"",0,0,1,0,0,"<hex:020960E802FF1D>zur Tür zum Inneren Sanktum<hex:FF20>an der Tür zum Inneren Sanktum<hex:FF1D>die Tür zum Inneren Sanktum<hex:03>",0,0,0
827,"Verschlossene Tür",0,"",0,0,1,0,0,"<hex:020942E802FF18>zur verschlossenen Tür<hex:FF1B>an der verschlossenen Tür<hex:FF09>die Tür<hex:03>",0,0,0
828,"Verschlossene Tür",0,"",0,0,1,0,0,"<hex:020942E802FF18>zur verschlossenen Tür<hex:FF1B>an der verschlossenen Tür<hex:FF09>die Tür<hex:03>",0,0,0
829,"Verschlossene Tür",0,"",0,0,1,0,0,"<hex:020942E802FF18>zur verschlossenen Tür<hex:FF1B>an der verschlossenen Tür<hex:FF09>die Tür<hex:03>",0,0,0
830,"Verschlossene Tür",0,"",0,0,1,0,0,"<hex:020942E802FF18>zur verschlossenen Tür<hex:FF1B>an der verschlossenen Tür<hex:FF09>die Tür<hex:03>",0,0,0
831,"Verschlossene Tür",0,"",0,0,1,0,0,"<hex:020942E802FF18>zur verschlossenen Tür<hex:FF1B>an der verschlossenen Tür<hex:FF09>die Tür<hex:03>",0,0,0
832,"Tür zum Unteren Sanktum",0,"",0,0,1,0,0,"<hex:020960E802FF1D>zur Tür zum Unteren Sanktum<hex:FF20>an der Tür zum Unteren Sanktum<hex:FF1D>die Tür zum Unteren Sanktum<hex:03>",0,0,0
833,"Stahlgewölbe",0,"",0,0,1,0,0,"<hex:02093BE802FF12>ins Stahlgewölbe<hex:FF11>im Stahlgewölbe<hex:FF12>das Stahlgewölbe<hex:03>",0,0,0
834,"Goldgewölbe",0,"",0,0,1,0,0,"<hex:020938E802FF11>ins Goldgewölbe<hex:FF10>im Goldgewölbe<hex:FF11>das Goldgewölbe<hex:03>",0,0,0
835,"Gewölbe des Äthers",0,"",0,0,1,0,0,"<hex:020950E802FF19>ins Gewölbe des Äthers<hex:FF18>im Gewölbe des Äthers<hex:FF19>das Gewölbe des Äthers<hex:03>",0,0,0
836,"Gewölbe der Geheimnisse",0,"",0,0,1,0,0,"<hex:02095CE802FF1D>ins Gewölbe der Geheimnisse<hex:FF1C>im Gewölbe der Geheimnisse<hex:FF1D>das Gewölbe der Geheimnisse<hex:03>",0,0,0
837,"Weg zur Retribution",0,"",0,0,1,0,0,"<hex:020959E802FF18>zum Weg zur Retribution<hex:FF18>zum Weg zur Retribution<hex:FF23>der Zugang zum Weg zur Retribution<hex:03>",0,0,0
838,"Trockene Sande",0,"",0,0,1,0,0,"<hex:020959E802FF18>zu den Trockenen Sanden<hex:FF18>in den Trockenen Sanden<hex:FF23>der Zugang zu den Trockenen Sanden<hex:03>",0,0,0
839,"Feuchte Sande",0,"",0,0,1,0,0,"<hex:020956E802FF17>zu den Feuchten Sanden<hex:FF17>in den Feuchten Sanden<hex:FF22>der Zugang zu den Feuchten Sanden<hex:03>",0,0,0
840,"Blaue Sande",0,"",0,0,1,0,0,"<hex:020950E802FF15>zu den Blauen Sanden<hex:FF15>in den Blauen Sanden<hex:FF20>der Zugang zu den Blauen Sanden<hex:03>",0,0,0
841,"Futterkammer",0,"",0,0,1,0,0,"<hex:02093CE802FF11>zur Futterkammer<hex:FF14>an der Futterkammer<hex:FF11>die Futterkammer<hex:03>",0,0,0
842,"Versunkene Vorkammer",0,"",0,0,1,0,0,"<hex:020956E802FF1A>zur versunkenen Vorkammer<hex:FF1D>in der versunkenen Vorkammer<hex:FF19>die versunkene Vorkammer<hex:03>",0,0,0
843,"Kammer der Unersättlichen",0,"",0,0,1,0,0,"<hex:020966E802FF1F>zur Kammer der Unersättlichen<hex:FF22>in der Kammer der Unersättlichen<hex:FF1F>die Kammer der Unersättlichen<hex:03>",0,0,0
844,"Tor zu den Chocobo-Ställen",0,"",0,0,1,0,0,"<hex:020965E802FF20>zum Tor zu den Chocobo-Ställen<hex:FF1F>am Tor zu den Chocobo-Ställen<hex:FF20>das Tor zu den Chocobo-Ställen<hex:03>",0,0,0
845,"Tor zum Rachen des Löwen",0,"",0,0,1,0,0,"<hex:02095FE802FF1E>zum Tor zum Rachen des Löwen<hex:FF1D>am Tor zum Rachen des Löwen<hex:FF1E>das Tor zum Rachen des Löwen<hex:03>",0,0,0
846,"Tür zur großen Halle",0,"",0,0,1,0,0,"<hex:02095DE802FF1E>an die Tür zur großen Halle<hex:FF1E>an der Tür zur großen Halle<hex:FF1B>die Tür zur großen Halle<hex:03>",0,0,0
847,"Tür zum Refektorium",0,"",0,0,1,0,0,"<hex:020957E802FF1C>an die Tür zum Refektorium<hex:FF1C>an der Tür zum Refektorium<hex:FF19>die Tür zum Refektorium<hex:03>",0,0,0
848,"Magitek-Feld IV",0,"",0,0,1,0,0,"<hex:020943E802FF14>zum Magitek-Feld IV<hex:FF15>beim Magitek-Feld IV<hex:FF14>das Magitek-Feld IV<hex:03>",0,0,0
849,"Erdgeschoss",0,"",0,0,1,0,0,"<hex:020935E802FF10>ins Erdgeschoss<hex:FF0F>im Erdgeschoss<hex:FF10>das Erdgeschoss<hex:03>",0,0,0
850,"Erster Einfall",0,"",0,0,1,0,0,"<hex:020949E802FF13>zum ersten Einfall<hex:FF12>am ersten Einfall<hex:FF1E>der Zugang zum ersten Einfall<hex:03>",0,0,0
851,"Wolfsgraben",0,"",0,0,1,0,0,"<hex:020935E802FF10>zum Wolfsgraben<hex:FF0F>im Wolfsgraben<hex:FF10>der Wolfsgraben<hex:03>",0,0,0
852,"Käfig der Fänge",0,"",0,0,1,0,0,"<hex:020947E802FF16>zum Käfig der Fänge<hex:FF15>im Käfig der Fänge<hex:FF16>der Käfig der Fänge<hex:03>",0,0,0
853,"Käfig der Klauen",0,"",0,0,1,0,0,"<hex:020947E802FF16>zum Käfig der Klauen<hex:FF15>im Käfig der Klauen<hex:FF16>der Käfig der Klauen<hex:03>",0,0,0
854,"Eingang zum Sanktum",0,"",0,0,1,0,0,"<hex:02094DE802FF18>zum Eingang zum Sanktum<hex:FF17>am Eingang zum Sanktum<hex:FF18>der Eingang zum Sanktum<hex:03>",0,0,0
855,"Inneres Sanktum",0,"",0,0,1,0,0,"<hex:020940E802FF14>zum Inneren Sanktum<hex:FF13>im Inneren Sanktum<hex:FF13>das Innere Sanktum<hex:03>",0,0,0
856,"Unteres Sanktum",0,"",0,0,1,0,0,"<hex:020940E802FF14>zum Unteren Sanktum<hex:FF13>im Unteren Sanktum<hex:FF13>das Untere Sanktum<hex:03>",0,0,0
857,"Die Gabelung",0,"",0,0,1,0,0,"<hex:020930E802FF0D>zur Gabelung<hex:FF10>an der Gabelung<hex:FF0D>die Gabelung<hex:03>",0,0,0
858,"Pfad des Verfalls",0,"",0,0,1,0,0,"<hex:020947E802FF16>zum Pfad des Verfalls<hex:FF15>am Pfad des Verfalls<hex:FF16>der Pfad des Verfalls<hex:03>",0,0,0
859,"Pfad der Sünde",0,"",0,0,1,0,0,"<hex:020941E802FF14>zum Pfad der Sünde<hex:FF13>am Pfad der Sünde<hex:FF14>der Pfad der Sünde<hex:03>",0,0,0
860,"Pfad der Sühne",0,"",0,0,1,0,0,"<hex:020941E802FF14>zum Pfad der Sühne<hex:FF13>am Pfad der Sühne<hex:FF14>der Pfad der Sühne<hex:03>",0,0,0
861,"Pfad der Aszension",0,"",0,0,1,0,0,"<hex:02094AE802FF17>zum Pfad der Aszension<hex:FF16>am Pfad der Aszension<hex:FF17>der Pfad der Aszension<hex:03>",0,0,0
862,"Becken des Todes",0,"",0,0,1,0,0,"<hex:020944E802FF15>zum Becken des Todes<hex:FF14>am Becken des Todes<hex:FF15>das Becken des Todes<hex:03>",0,0,0
863,"入口（仮）",0,"",0,0,1,0,0,"",0,0,0
864,"Becken der Torheit",0,"",0,0,1,0,0,"<hex:02094AE802FF17>zum Becken der Torheit<hex:FF16>am Becken der Torheit<hex:FF17>das Becken der Torheit<hex:03>",0,0,0
865,"Halle der Befleckten",0,"",0,0,1,0,0,"<hex:020954E802FF19>zur Halle der Befleckten<hex:FF1C>in der Halle der Befleckten<hex:FF19>die Halle der Befleckten<hex:03>",0,0,0
866,"Gang der Klagen",0,"",0,0,1,0,0,"<hex:020941E802FF14>zum Gang der Klagen<hex:FF13>am Gang der Klagen<hex:FF14>der Gang der Klagen<hex:03>",0,0,0
867,"Halle der Entarteten",0,"",0,0,1,0,0,"<hex:020954E802FF19>zur Halle der Entarteten<hex:FF1C>in der Halle der Entarteten<hex:FF19>die Halle der Entarteten<hex:03>",0,0,0
868,"Gang des Feuers",0,"",0,0,1,0,0,"<hex:020941E802FF14>zum Gang des Feuers<hex:FF13>am Gang des Feuers<hex:FF14>der Gang des Feuers<hex:03>",0,0,0
869,"Halle der Entfesselten",0,"",0,0,1,0,0,"<hex:02095AE802FF1B>zur Halle der Entfesselten<hex:FF1E>in der Halle der Entfesselten<hex:FF1B>die Halle der Entfesselten<hex:03>",0,0,0
870,"Halle der Verblendeten",0,"",0,0,1,0,0,"<hex:02095DE802FF1E>in die Halle der Verblendeten<hex:FF1E>in der Halle der Verblendeten<hex:FF1B>die Halle der Verblendeten<hex:03>",0,0,0
871,"Seitenflügel",0,"",0,0,1,0,0,"<hex:02093EE802FF15>in den Seitenflügel<hex:FF11>im Seitenflügel<hex:FF12>der Seitenflügel<hex:03>",0,0,0
872,"Audienzsaal",0,"",0,0,1,0,0,"<hex:020935E802FF10>zum Audienzsaal<hex:FF0F>im Audienzsaal<hex:FF10>der Audienzsaal<hex:03>",0,0,0
873,"Erdgeschoss",0,"",0,0,1,0,0,"<hex:020935E802FF10>ins Erdgeschoss<hex:FF0F>im Erdgeschoss<hex:FF10>das Erdgeschoss<hex:03>",0,0,0
874,"Erster Stock",0,"",0,0,1,0,0,"<hex:02093AE802FF14>in den ersten Stock<hex:FF10>im ersten Stock<hex:FF10>der erste Stock<hex:03>",0,0,0
875,"Zweiter Stock",0,"",0,0,1,0,0,"<hex:02093DE802FF15>in den zweiten Stock<hex:FF11>im zweiten Stock<hex:FF11>der zweite Stock<hex:03>",0,0,0
876,"Klagehof",0,"",0,0,1,0,0,"<hex:020935E802FF11>auf den Klagehof<hex:FF11>auf dem Klagehof<hex:FF0D>der Klagehof<hex:03>",0,0,0
877,"Außenwerk",0,"",0,0,1,0,0,"<hex:020932E802FF0F>zum Außenwerk<hex:FF0E>im Außenwerk<hex:FF0F>das Außenwerk<hex:03>",0,0,0
878,"Hinterer Verschlag",0,"",0,0,1,0,0,"<hex:02094CE802FF1A>in den hinteren Verschlag<hex:FF16>im hinteren Verschlag<hex:FF16>der hintere Verschlag<hex:03>",0,0,0
879,"Speicher",0,"",0,0,1,0,0,"<hex:02092CE802FF0D>zum Speicher<hex:FF0C>im Speicher<hex:FF0D>der Speicher<hex:03>",0,0,0
880,"Baracken",0,"",0,0,1,0,0,"<hex:020941E802FF10>zu den Baracken<hex:FF10>in den Baracken<hex:FF1B>der Zugang zu den Baracken<hex:03>",0,0,0
881,"Vorderer Verschlag",0,"",0,0,1,0,0,"<hex:02094CE802FF1A>in den vorderen Verschlag<hex:FF16>im vorderen Verschlag<hex:FF16>der vordere Verschlag<hex:03>",0,0,0
882,"Halle der Tapferkeit",0,"",0,0,1,0,0,"<hex:020954E802FF19>zur Halle der Tapferkeit<hex:FF1C>in der Halle der Tapferkeit<hex:FF19>die Halle der Tapferkeit<hex:03>",0,0,0
883,"Becken des Vergessens",0,"",0,0,1,0,0,"<hex:020953E802FF1A>zum Becken des Vergessens<hex:FF19>am Becken des Vergessens<hex:FF1A>das Becken des Vergessens<hex:03>",0,0,0
884,"Pforte der Anklage",0,"",0,0,1,0,0,"<hex:02094EE802FF17>zur Pforte der Anklage<hex:FF1A>an der Pforte der Anklage<hex:FF17>die Pforte der Anklage<hex:03>",0,0,0
885,"Pforte der Folter",0,"",0,0,1,0,0,"<hex:02094BE802FF16>zur Pforte der Folter<hex:FF19>an der Pforte der Folter<hex:FF16>die Pforte der Folter<hex:03>",0,0,0
886,"Eingang zur Grabung",0,"",0,0,1,0,0,"<hex:02094DE802FF18>zum Eingang zur Grabung<hex:FF17>am Eingang zur Grabung<hex:FF18>der Eingang zur Grabung<hex:03>",0,0,0
887,"Meteor-Fissur",0,"",0,0,1,0,0,"<hex:02094AE802FF12>zur Meteor-Fissur<hex:FF15>an der Meteor-Fissur<hex:FF1D>der Zugang zur Meteor-Fissur<hex:03>",0,0,0
888,"Obere ätheroakustische Grabung",0,"",0,0,1,0,0,"<hex:020979E802FF26>zur oberen ätheroakustischen Grabung<hex:FF29>in der oberen ätheroakustischen Grabung<hex:FF24>die obere ätheroakustische Grabung<hex:03>",0,0,0
889,"Allagische Superstruktur",0,"",0,0,1,0,0,"<hex:020962E802FF1E>zur Allagischen Superstruktur<hex:FF21>in der Allagischen Superstruktur<hex:FF1D>die Allagische Superstruktur<hex:03>",0,0,0
890,"Erste Klinge",0,"",0,0,1,0,0,"<hex:02093FE802FF12>zur ersten Klinge<hex:FF16>bei der ersten Klinge<hex:FF11>die erste Klinge<hex:03>",0,0,0
891,"Untere ätheroakustische Grabung",0,"",0,0,1,0,0,"<hex:02097CE802FF27>zur unteren ätheroakustischen Grabung<hex:FF2A>in der unteren ätheroakustischen Grabung<hex:FF25>die untere ätheroakustische Grabung<hex:03>",0,0,0
892,"Sektor VII",0,"",0,0,1,0,0,"<hex:02092EE802FF0F>zum Sektor VII<hex:FF0E>im Sektor VII<hex:FF0B>Sektor VII<hex:03>",0,0,0
893,"Sektor IV",0,"",0,0,1,0,0,"<hex:02092BE802FF0E>zum Sektor IV<hex:FF0D>im Sektor IV<hex:FF0A>Sektor IV<hex:03>",0,0,0
894,"Sektor II",0,"",0,0,1,0,0,"<hex:02092BE802FF0E>zum Sektor II<hex:FF0D>im Sektor II<hex:FF0A>Sektor II<hex:03>",0,0,0
895,"Sektor I",0,"",0,0,1,0,0,"<hex:020928E802FF0D>zum Sektor I<hex:FF0C>im Sektor I<hex:FF09>Sektor I<hex:03>",0,0,0
896,"Sektor III",0,"",0,0,1,0,0,"<hex:02092EE802FF0F>zum Sektor III<hex:FF0E>im Sektor III<hex:FF0B>Sektor III<hex:03>",0,0,0
897,"Sektor V",0,"",0,0,1,0,0,"<hex:020928E802FF0D>zum Sektor V<hex:FF0C>im Sektor V<hex:FF09>Sektor V<hex:03>",0,0,0
898,"Sektor VI",0,"",0,0,1,0,0,"<hex:02092BE802FF0E>zum Sektor VI<hex:FF0D>im Sektor VI<hex:FF0A>Sektor VI<hex:03>",0,0,0
899,"Maschinenraum",0,"",0,0,1,0,0,"<hex:02093EE802FF15>in den Maschinenraum<hex:FF11>im Maschinenraum<hex:FF12>der Maschinenraum<hex:03>",0,0,0
900,"Kompressionskammer",0,"",0,0,1,0,0,"<hex:020951E802FF1A>in die Kompressionskammer<hex:FF1A>in der Kompressionskammer<hex:FF17>die Kompressionskammer<hex:03>",0,0,0
901,"Antriebskammer",0,"",0,0,1,0,0,"<hex:020945E802FF16>in die Antriebskammer<hex:FF16>in der Antriebskammer<hex:FF13>die Antriebskammer<hex:03>",0,0,0
902,"Antriebszylinder",0,"",0,0,1,0,0,"<hex:02094FE802FF15>zum Antriebszylinder<hex:FF14>am Antriebszylinder<hex:FF20>der Zugang zum Antriebszylinder<hex:03>",0,0,0
903,"Die Rechte Hand von Bahamut",0,"",0,0,1,0,0,"<hex:02096CE802FF1D>zur Rechten Hand von Bahamut<hex:FF21>bei der Rechten Hand von Bahamut<hex:FF28>der Zugang zur Rechten Hand von Bahamut<hex:03>",0,0,0
904,"Kommandobrücke",0,"",0,0,1,0,0,"<hex:020946E802FF14>zur Kommandobrücke<hex:FF18>auf der Kommandobrücke<hex:FF14>die Kommandobrücke<hex:03>",0,0,0
905,"Lifthalle",0,"",0,0,1,0,0,"<hex:020933E802FF0E>zur Lifthalle<hex:FF11>in der Lifthalle<hex:FF0E>die Lifthalle<hex:03>",0,0,0
906,"Zwölfte Klinge",0,"",0,0,1,0,0,"<hex:020933E802FF15>zur zwölften Klinge<hex:FF19>bei der zwölften Klinge<hex:03>",0,0,0
907,"Elfte Klinge",0,"",0,0,1,0,0,"<hex:02092DE802FF12>zur elften Klinge<hex:FF16>bei der elften Klinge<hex:03>",0,0,0
908,"Zehnte Klinge",0,"",0,0,1,0,0,"<hex:02092FE802FF13>zur zehnten Klinge<hex:FF17>bei der zehnten Klinge<hex:03>",0,0,0
909,"Neunte Klinge",0,"",0,0,1,0,0,"<hex:02092FE802FF13>zur neunten Klinge<hex:FF17>bei der neunten Klinge<hex:03>",0,0,0
910,"Achte Klinge",0,"",0,0,1,0,0,"<hex:02092DE802FF12>zur achten Klinge<hex:FF16>bei der achten Klinge<hex:03>",0,0,0
911,"Siebte Klinge",0,"",0,0,1,0,0,"<hex:02092FE802FF13>zur siebten Klinge<hex:FF17>bei der siebten Klinge<hex:03>",0,0,0
912,"Sechste Klinge",0,"",0,0,1,0,0,"<hex:020931E802FF14>zur sechsten Klinge<hex:FF18>bei der sechsten Klinge<hex:03>",0,0,0
913,"Fünfte Klinge",0,"",0,0,1,0,0,"<hex:020931E802FF14>zur fünften Klinge<hex:FF18>bei der fünften Klinge<hex:03>",0,0,0
914,"Vierte Klinge",0,"",0,0,1,0,0,"<hex:02092FE802FF13>zur vierten Klinge<hex:FF17>bei der vierten Klinge<hex:03>",0,0,0
915,"Dritte Klinge",0,"",0,0,1,0,0,"<hex:02092FE802FF13>zur dritten Klinge<hex:FF17>bei der dritten Klinge<hex:03>",0,0,0
916,"Zweite Klinge",0,"",0,0,1,0,0,"<hex:02092FE802FF13>zur zweiten Klinge<hex:FF17>bei der zweiten Klinge<hex:03>",0,0,0
917,"Sicherheitskommando",0,"",0,0,1,0,0,"<hex:020934E802FF18>zum Sicherheitskommando<hex:FF17>im Sicherheitskommando<hex:03>",0,0,0
918,"Wolfspferch (The Fold)",0,"",0,0,1,0,0,"<hex:020956E802FF1B>zum Wolfspferch (The Fold)<hex:FF1A>im Wolfspferch (The Fold)<hex:FF1B>der Wolfspferch (The Fold)<hex:03>",0,0,0
919,"Die <hex:021A020203>Ragnarök<hex:021A020103>",0,"",0,0,1,0,0,"<hex:020938E802FF18>zur <hex:021A020203>Ragnarök<hex:021A020103><hex:FF1B>in der <hex:021A020203>Ragnarök<hex:021A020103><hex:03>",0,0,0
920,"Hexalift",0,"",0,0,1,0,0,"<hex:02091EE802FF0D>zum Hexalift<hex:FF0C>am Hexalift<hex:03>",0,0,0
921,"Außenhülle der Ragnarök",0,"",0,0,1,0,0,"<hex:020966E802FF1F>zur Außenhülle der Ragnarök<hex:FF22>an der Außenhülle der Ragnarök<hex:FF1F>die Außenhülle der Ragnarök<hex:03>",0,0,0
922,"Außenbereich",0,"",0,0,1,0,0,"<hex:02093EE802FF15>in den Außenbereich<hex:FF11>im Außenbereich<hex:FF12>der Außenbereich<hex:03>",0,0,0
923,"Innenbereich",0,"",0,0,1,0,0,"<hex:02093BE802FF14>in den Innenbereich<hex:FF10>im Innenbereich<hex:FF11>der Innenbereich<hex:03>",0,0,0
924,"Maschinenraum",0,"",0,0,1,0,0,"<hex:02093FE802FF12>zum Maschinenraum<hex:FF15>in den Maschinenraum<hex:FF12>der Maschinenraum<hex:03>",0,0,0
925,"Kompressionskammer",0,"",0,0,1,0,0,"<hex:02094EE802FF17>zur Kompressionskammer<hex:FF1A>in der Kompressionskammer<hex:FF17>die Kompressionskammer<hex:03>",0,0,0
926,"Propellerkammer",0,"",0,0,1,0,0,"<hex:020945E802FF14>zur Propellerkammer<hex:FF17>in der Propellerkammer<hex:FF14>die Propellerkammer<hex:03>",0,0,0
927,"Pharos Sirius",0,"",0,0,1,0,0,"<hex:02093FE802FF12>zum Pharos Sirius<hex:FF15>in den Pharos Sirius<hex:FF12>der Pharos Sirius<hex:03>",0,0,0
928,"Zweiter Turmbau",0,"",0,0,1,0,0,"<hex:020944E802FF14>zum zweiten Turmbau<hex:FF17>in den zweiten Turmbau<hex:FF13>der zweite Turmbau<hex:03>",0,0,0
929,"Ätherspeicher",0,"",0,0,1,0,0,"<hex:020942E802FF13>zum Ätherspeicher<hex:FF16>in den Ätherspeicher<hex:FF13>der Ätherspeicher<hex:03>",0,0,0
930,"Ätherpresse",0,"",0,0,1,0,0,"<hex:02093CE802FF11>zur Ätherpresse<hex:FF14>in die Ätherpresse<hex:FF11>die Ätherpresse<hex:03>",0,0,0
931,"Feuerkammer",0,"",0,0,1,0,0,"<hex:020939E802FF10>zur Feuerkammer<hex:FF13>in die Feuerkammer<hex:FF10>die Feuerkammer<hex:03>",0,0,0
932,"Dritter Turmbau",0,"",0,0,1,0,0,"<hex:020944E802FF14>zum dritten Turmbau<hex:FF17>in den dritten Turmbau<hex:FF13>der dritte Turmbau<hex:03>",0,0,0
933,"Vierter Turmbau",0,"",0,0,1,0,0,"<hex:020944E802FF14>zum vierten Turmbau<hex:FF17>in den vierten Turmbau<hex:FF13>der vierte Turmbau<hex:03>",0,0,0
934,"Ätherpumpe",0,"",0,0,1,0,0,"<hex:020939E802FF10>zur Ätherpumpe<hex:FF13>in die Ätherpumpe<hex:FF10>die Ätherpumpe<hex:03>",0,0,0
935,"Fünfter Stock",0,"",0,0,1,0,0,"<hex:020941E802FF13>zum fünften Stock<hex:FF16>in den fünften Stock<hex:FF12>der fünfte Stock<hex:03>",0,0,0
936,"Vierter Stock",0,"",0,0,1,0,0,"<hex:02093EE802FF12>zum vierten Stock<hex:FF15>in den vierten Stock<hex:FF11>der vierte Stock<hex:03>",0,0,0
937,"Dritter Stock",0,"",0,0,1,0,0,"<hex:02093EE802FF12>zum dritten Stock<hex:FF15>in den dritten Stock<hex:FF11>der dritte Stock<hex:03>",0,0,0
938,"Zweiter Stock",0,"",0,0,1,0,0,"<hex:02093EE802FF12>zum zweiten Stock<hex:FF15>in den zweiten Stock<hex:FF11>der zweite Stock<hex:03>",0,0,0
939,"Fundament",0,"",0,0,1,0,0,"<hex:020930E802FF0E>zum Fundament<hex:FF0E>ins Fundament<hex:FF0E>das Fundament<hex:03>",0,0,0
940,"Flutkeller",0,"",0,0,1,0,0,"<hex:020936E802FF0F>zum Flutkeller<hex:FF12>in den Flutkeller<hex:FF0F>der Flutkeller<hex:03>",0,0,0
941,"Kristalltor",0,"",0,0,1,0,0,"<hex:020935E802FF10>zum Kristalltor<hex:FF0F>am Kristalltor<hex:FF10>das Kristalltor<hex:03>",0,0,0
942,"Die Acht Wächter",0,"",0,0,1,0,0,"<hex:020944E802FF17>nach die Acht Wächter<hex:FF15>in die Acht Wächter<hex:FF12>die Acht Wächter<hex:03>",0,0,0
943,"Siebter Himmel",0,"",0,0,1,0,0,"<hex:02093DE802FF13>zum Siebten Himmel<hex:FF12>im Siebten Himmel<hex:FF12>der Siebte Himmel<hex:03>",0,0,0
944,"Abbaugebiet des 789. Ordens",0,"",0,0,1,0,0,"<hex:020944E802FF20>zum Abbaugebiet des 789. Ordens<hex:FF1F>im Abbaugebiet des 789. Ordens<hex:03>",0,0,0
945,"Novvs Aufzucht",0,"",0,0,1,0,0,"<hex:020939E802FF12>zu Novvs Aufzucht<hex:FF12>in Novvs Aufzucht<hex:FF0F>Novvs Aufzucht<hex:03>",0,0,0
946,"Mondschatteninsel",0,"",0,0,1,0,0,"<hex:020957E802FF16>zur Mondschatteninsel<hex:FF1A>auf der Mondschatteninsel<hex:FF21>der Zugang zur Mondschatteninsel<hex:03>",0,0,0
947,"Offene See - Handelsfrachter",0,"",0,0,1,0,0,"<hex:02094AE802FF18>auf den Handelsfrachter<hex:FF18>auf dem Handelsfrachter<hex:FF14>der Handelsfrachter<hex:03>",0,0,0
948,"Offene See - Piratenschiff",0,"",0,0,1,0,0,"<hex:020944E802FF16>auf das Piratenschiff<hex:FF16>auf dem Piratenschiff<hex:FF12>das Piratenschiff<hex:03>",0,0,0
949,"Riff der Ent<hex:02160103>sen<hex:02160103>dung",0,"",0,0,1,0,0,"<hex:020965E802FF20>zum Riff der Ent<hex:02160103>sen<hex:02160103>dung<hex:FF1F>am Riff der Ent<hex:02160103>sen<hex:02160103>dung<hex:FF20>das Riff der Ent<hex:02160103>sen<hex:02160103>dung<hex:03>",0,0,0
950,"Unerforschter Angelplatz",0,"",0,0,1,0,0,"<hex:020949E802FF22>zu einem unerforschten Angelplatz<hex:FF22>an einem unerforschten Angelplatz<hex:03>",0,0,0
951,"Blattader",0,"",0,0,1,0,0,"<hex:020925E802FF0F>nach Blattader<hex:FF11>an der Blattader<hex:03>",0,0,0
952,"Spiegelsee",0,"",0,0,1,0,0,"<hex:020925E802FF12>an den Spiegelsee<hex:FF0E>am Spiegelsee<hex:03>",0,0,0
953,"Lindgrüner Tropfen",0,"",0,0,1,0,0,"<hex:020935E802FF19>nach Lindgrüner Tropfen<hex:FF17>in Lindgrüner Tropfen<hex:03>",0,0,0
954,"Quellenlauf-Bach",0,"",0,0,1,0,0,"<hex:02092EE802FF15>zum Quellenlauf-Bach<hex:FF14>am Quellenlauf-Bach<hex:03>",0,0,0
955,"Sylphenland",0,"",0,0,1,0,0,"<hex:020924E802FF10>ins Sylphenland<hex:FF0F>im Sylphenland<hex:03>",0,0,0
956,"Oberer Hathoeva",0,"",0,0,1,0,0,"<hex:02092CE802FF14>zum oberen Hathoeva<hex:FF13>am oberen Hathoeva<hex:03>",0,0,0
957,"Mittlerer Hathoeva",0,"",0,0,1,0,0,"<hex:020932E802FF17>zum mittleren Hathoeva<hex:FF16>am mittleren Hathoeva<hex:03>",0,0,0
958,"Unterer Hathoeva",0,"",0,0,1,0,0,"<hex:02092EE802FF15>zum unteren Hathoeva<hex:FF14>am unteren Hathoeva<hex:03>",0,0,0
959,"Östlicher Hathoeva",0,"",0,0,1,0,0,"<hex:020934E802FF18>zum östlichen Hathoeva<hex:FF17>am östlichen Hathoeva<hex:03>",0,0,0
960,"Goblinblut",0,"",0,0,1,0,0,"<hex:020922E802FF0F>zum Goblinblut<hex:FF0E>am Goblinblut<hex:03>",0,0,0
961,"Murmellauf",0,"",0,0,1,0,0,"<hex:020922E802FF0F>zum Murmellauf<hex:FF0E>am Murmellauf<hex:03>",0,0,0
962,"Herbstkürbis-See",0,"",0,0,1,0,0,"<hex:020933E802FF19>an den Herbstkürbis-See<hex:FF15>am Herbstkürbis-See<hex:03>",0,0,0
963,"Tahtotl-See",0,"",0,0,1,0,0,"<hex:020927E802FF13>an den Tahtotl-See<hex:FF0F>am Tahtotl-See<hex:03>",0,0,0
964,"Jadeweiher-Ufer",0,"",0,0,1,0,0,"<hex:02092CE802FF14>ans Jadeweiher-Ufer<hex:FF13>am Jadeweiher-Ufer<hex:03>",0,0,0
965,"Unterer Schwarztee-Bach",0,"",0,0,1,0,0,"<hex:02093CE802FF1C>zum unteren Schwarztee-Bach<hex:FF1B>am unteren Schwarztee-Bach<hex:03>",0,0,0
966,"Tiefer Schlingwald",0,"",0,0,1,0,0,"<hex:020935E802FF1A>in den Tiefen Schlingwald<hex:FF16>im Tiefen Schlingwald<hex:03>",0,0,0
967,"Norden von Singende Scherben",0,"",0,0,1,0,0,"<hex:020949E802FF24>in den Norden von Singende Scherben<hex:FF20>im Norden von Singende Scherben<hex:03>",0,0,0
968,"Der Coerthas",0,"",0,0,1,0,0,"<hex:020921E802FF10>an den Coerthas<hex:FF0C>am Coerthas<hex:03>",0,0,0
969,"Fuß des Schwertrückens",0,"",0,0,1,0,0,"<hex:020941E802FF20>an den Fuß des Schwertrückens<hex:FF1C>am Fuß des Schwertrückens<hex:03>",0,0,0
970,"Drachenkopf-Teich",0,"",0,0,1,0,0,"<hex:020930E802FF16>zum Drachenkopf-Teich<hex:FF15>am Drachenkopf-Teich<hex:03>",0,0,0
971,"Eisloch",0,"",0,0,1,0,0,"<hex:02091CE802FF0C>zum Eisloch<hex:FF0B>im Eisloch<hex:03>",0,0,0
972,"Wolkenmeer",0,"",0,0,1,0,0,"<hex:020922E802FF0F>zum Wolkenmeer<hex:FF0E>im Wolkenmeer<hex:03>",0,0,0
973,"Zephyr-Schneise",0,"",0,0,1,0,0,"<hex:020930E802FF14>zur Zephyr-Schneise<hex:FF17>in der Zephyr-Schneise<hex:03>",0,0,0
974,"Sommerfurt",0,"",0,0,1,0,0,"<hex:020926E802FF0F>zur Sommerfurt<hex:FF12>an der Sommerfurt<hex:03>",0,0,0
975,"Westlicher Agelyss",0,"",0,0,1,0,0,"<hex:020935E802FF1A>an den westlichen Agelyss<hex:FF16>am westlichen Agelyss<hex:03>",0,0,0
976,"Moraby-Bucht",0,"",0,0,1,0,0,"<hex:02092DE802FF14>in die Moraby-Bucht<hex:FF14>in der Moraby-Bucht<hex:03>",0,0,0
977,"Zedernwald-Ufer",0,"",0,0,1,0,0,"<hex:02092CE802FF14>zum Zedernwald-Ufer<hex:FF13>am Zedernwald-Ufer<hex:03>",0,0,0
978,"Südliche Rotgischt",0,"",0,0,1,0,0,"<hex:020935E802FF18>ins südliche Rotgischt<hex:FF18>im südlichen Rotgischt<hex:03>",0,0,0
979,"Nördliche Rotgischt",0,"",0,0,1,0,0,"<hex:020937E802FF19>ins nördliche Rotgischt<hex:FF19>im nördlichen Rotgischt<hex:03>",0,0,0
980,"Östlicher Agelyss",0,"",0,0,1,0,0,"<hex:020935E802FF1A>an den östlichen Agelyss<hex:FF16>am östlichen Agelyss<hex:03>",0,0,0
981,"Der Juggernaut",0,"",0,0,1,0,0,"<hex:020922E802FF0F>zum Juggernaut<hex:FF0E>am Juggernaut<hex:03>",0,0,0
982,"Schädeltal-Ufer",0,"",0,0,1,0,0,"<hex:02092EE802FF15>zum Schädeltal-Ufer<hex:FF14>am Schädeltal-Ufer<hex:03>",0,0,0
983,"Halbstein",0,"",0,0,1,0,0,"<hex:020921E802FF0F>nach Halbstein<hex:FF0D>in Halbstein<hex:03>",0,0,0
984,"Nördliche Phantominseln",0,"",0,0,1,0,0,"<hex:020948E802FF21>zu den nördlichen Phantominseln<hex:FF22>auf den nördlichen Phantominseln<hex:03>",0,0,0
985,"Südliche Phantominseln",0,"",0,0,1,0,0,"<hex:020946E802FF20>zu den südlichen Phantominseln<hex:FF21>auf den südlichen Phantominseln<hex:03>",0,0,0
986,"Bronzesee-Südufer",0,"",0,0,1,0,0,"<hex:020932E802FF17>zum Bronzesee-Südufer<hex:FF16>am Bronzesee-Südufer<hex:03>",0,0,0
987,"Bronzesee-Nordostufer",0,"",0,0,1,0,0,"<hex:020938E802FF1A>zum Bronzesee-Nordostufer<hex:FF19>am Bronzesee-Nordostufer<hex:03>",0,0,0
988,"Bronzesee-Untiefen",0,"",0,0,1,0,0,"<hex:020939E802FF1A>zu den Bronzesee-Untiefen<hex:FF1A>in den Bronzesee-Untiefen<hex:03>",0,0,0
989,"Himmelsstiege",0,"",0,0,1,0,0,"<hex:02092DE802FF12>zur Himmelsstiege<hex:FF16>auf der Himmelsstiege<hex:03>",0,0,0
990,"Obere Rußrinne",0,"",0,0,1,0,0,"<hex:020932E802FF15>zur oberen Rußrinne<hex:FF18>an der oberen Rußrinne<hex:03>",0,0,0
991,"Untere Rußrinne",0,"",0,0,1,0,0,"<hex:020934E802FF16>zur unteren Rußrinne<hex:FF19>an der unteren Rußrinne<hex:03>",0,0,0
992,"Nördliches Knochenbleich",0,"",0,0,1,0,0,"<hex:02093FE802FF1D>ins nördliche Knochenbleich<hex:FF1D>im nördlichen Knochenbleich<hex:03>",0,0,0
993,"Südliches Knochenbleich",0,"",0,0,1,0,0,"<hex:02093DE802FF1C>ins südliche Knochenbleich<hex:FF1C>im südlichen Knochenbleich<hex:03>",0,0,0
994,"Rothfall",0,"",0,0,1,0,0,"<hex:02091EE802FF0D>zum Rothfall<hex:FF0C>am Rothfall<hex:03>",0,0,0
995,"Zahar'ak",0,"",0,0,1,0,0,"<hex:02091FE802FF0E>nach Zahar'ak<hex:FF0C>in Zahar'ak<hex:03>",0,0,0
996,"Sagolii-Wüste",0,"",0,0,1,0,0,"<hex:02092EE802FF13>zur Sagolii-Wüste<hex:FF16>in der Sagolii-Wüste<hex:03>",0,0,0
997,"Sagolii-Dünen",0,"",0,0,1,0,0,"<hex:020932E802FF16>zu den Sagolii-Dünen<hex:FF17>bei den Sagolii-Dünen<hex:03>",0,0,0
998,"Blauer Dunst",0,"",0,0,1,0,0,"<hex:020927E802FF12>nach Blauer Dunst<hex:FF10>in Blauer Dunst<hex:03>",0,0,0
999,"Oberer Schwarztee-Bach",0,"",0,0,1,0,0,"<hex:02093AE802FF1B>zum oberen Schwarztee-Bach<hex:FF1A>am oberen Schwarztee-Bach<hex:03>",0,0,0
1000,"Säuselschlucht",0,"",0,0,1,0,0,"<hex:020930E802FF14>zur Säuselschlucht<hex:FF17>in der Säuselschlucht<hex:03>",0,0,0
1001,"Rhotano-See (Vorderdeck)",0,"",0,0,1,0,0,"<hex:02093DE802FF0F>zum Vorderdeck<hex:FF0E>am Vorderdeck<hex:FF1A>der Zugang zum Vorderdeck<hex:03>",0,0,0
1002,"Rhotano-See (Achterdeck)",0,"",0,0,1,0,0,"<hex:02093DE802FF0F>zum Achterdeck<hex:FF0E>am Achterdeck<hex:FF1A>der Zugang zum Achterdeck<hex:03>",0,0,0
1003,"Coerthas-Taubereich",0,"",0,0,1,0,0,"<hex:020934E802FF18>zum Coerthas-Taubereich<hex:FF17>am Coerthas-Taubereich<hex:03>",0,0,0
1004,"Klarteich",0,"",0,0,1,0,0,"<hex:020920E802FF0E>zum Klarteich<hex:FF0D>am Klarteich<hex:03>",0,0,0
1005,"Südlicher Bannpfuhl",0,"",0,0,1,0,0,"<hex:020936E802FF19>zum südlichen Bannpfuhl<hex:FF18>am südlichen Bannpfuhl<hex:03>",0,0,0
1006,"Westlicher Bannpfuhl",0,"",0,0,1,0,0,"<hex:020936E802FF19>zum westlichen Bannpfuhl<hex:FF18>am westlichen Bannpfuhl<hex:03>",0,0,0
1007,"West-Mourn",0,"",0,0,1,0,0,"<hex:020923E802FF10>nach West-Mourn<hex:FF0E>in West-Mourn<hex:03>",0,0,0
1008,"Thaliak-Oberlauf",0,"",0,0,1,0,0,"<hex:02092DE802FF14>am Thaliak-Oberlauf<hex:FF14>im Thaliak-Oberlauf<hex:03>",0,0,0
1009,"Thaliak-Mittellauf",0,"",0,0,1,0,0,"<hex:020931E802FF16>am Thaliak-Mittellauf<hex:FF16>im Thaliak-Mittellauf<hex:03>",0,0,0
1010,"Sohm Al-Wolkenmeer",0,"",0,0,1,0,0,"<hex:020932E802FF17>zum Sohm Al-Wolkenmeer<hex:FF16>im Sohm Al-Wolkenmeer<hex:03>",0,0,0
1011,"Abwasserbecken",0,"",0,0,1,0,0,"<hex:02092AE802FF13>zum Abwasserbecken<hex:FF12>im Abwasserbecken<hex:03>",0,0,0
1012,"Bronzesee-Nordwestufer",0,"",0,0,1,0,0,"<hex:02093AE802FF1B>zum Bronzesee-Nordwestufer<hex:FF1A>am Bronzesee-Nordwestufer<hex:03>",0,0,0
1013,"Insel des Ewigen Sommers (Nord)",0,"",0,0,1,0,0,"<hex:020951E802FF24>zur Insel des Ewigen Sommers (Nord)<hex:FF28>auf der Insel des Ewigen Sommers (Nord)<hex:03>",0,0,0
1014,"Timmonbach",0,"",0,0,1,0,0,"<hex:020922E802FF0F>zum Timmonbach<hex:FF0E>am Timmonbach<hex:03>",0,0,0
1015,"Dysterwaldt",0,"",0,0,1,0,0,"<hex:020932E802FF11>nach Dysterwaldt<hex:FF0F>in Dysterwaldt<hex:FF0C>Dysterwaldt<hex:03>",0,0,0
1016,"Schweif des Kometen",0,"",0,0,1,0,0,"<hex:020934E802FF18>zum Schweif des Kometen<hex:FF17>am Schweif des Kometen<hex:03>",0,0,0
1017,"Velodyna",0,"",0,0,1,0,0,"<hex:02091EE802FF0D>zum Velodyna<hex:FF0C>am Velodyna<hex:03>",0,0,0
1018,"Trugfluss",0,"",0,0,1,0,0,"<hex:020920E802FF0E>zum Trugfluss<hex:FF0D>am Trugfluss<hex:03>",0,0,0
1019,"Grymm und Enid",0,"",0,0,1,0,0,"<hex:02092BE802FF14>nach Grymm und Enid<hex:FF12>in Grymm und Enid<hex:03>",0,0,0
1020,"Träge Traufe",0,"",0,0,1,0,0,"<hex:02092EE802FF13>zur Trägen Traufe<hex:FF16>in der Trägen Traufe<hex:03>",0,0,0
1021,"Kerbelfall",0,"",0,0,1,0,0,"<hex:020922E802FF0F>zum Kerbelfall<hex:FF0E>am Kerbelfall<hex:03>",0,0,0
1022,"Der Ephor",0,"",0,0,1,0,0,"<hex:020918E802FF0A>zum Ephor<hex:FF09>am Ephor<hex:03>",0,0,0
1023,"Bad des Bullen",0,"",0,0,1,0,0,"<hex:02092AE802FF13>zum Bad des Bullen<hex:FF12>am Bad des Bullen<hex:03>",0,0,0
1024,"Ala Ghiri-Becken",0,"",0,0,1,0,0,"<hex:02092EE802FF15>zum Ala Ghiri-Becken<hex:FF14>am Ala Ghiri-Becken<hex:03>",0,0,0
1025,"Baum der Buße",0,"",0,0,1,0,0,"<hex:02092AE802FF13>zum Baum der Buße<hex:FF12>am Baum der Buße<hex:03>",0,0,0
1026,"Seldsee",0,"",0,0,1,0,0,"<hex:02091CE802FF0C>zum Seldsee<hex:FF0B>am Seldsee<hex:03>",0,0,0
1027,"Rubin-Seefestung",0,"",0,0,1,0,0,"<hex:020932E802FF15>zur Rubin-Seefestung<hex:FF18>an der Rubin-Seefestung<hex:03>",0,0,0
1028,"Höllenspund",0,"",0,0,1,0,0,"<hex:020926E802FF11>zum Höllenspund<hex:FF10>am Höllenspund<hex:03>",0,0,0
1029,"Bekko",0,"",0,0,1,0,0,"<hex:02091AE802FF0B>nach Bekko<hex:FF0A>auf Bekko<hex:03>",0,0,0
1030,"Seichtfels",0,"",0,0,1,0,0,"<hex:020922E802FF0F>zum Seichtfels<hex:FF0E>am Seichtfels<hex:03>",0,0,0
1031,"Onokoro",0,"",0,0,1,0,0,"<hex:02091DE802FF0D>nach Onokoro<hex:FF0B>in Onokoro<hex:03>",0,0,0
1032,"Isari",0,"",0,0,1,0,0,"<hex:020919E802FF0B>nach Isari<hex:FF09>in Isari<hex:03>",0,0,0
1033,"Zekki",0,"",0,0,1,0,0,"<hex:02091AE802FF0B>nach Zekki<hex:FF0A>auf Zekki<hex:03>",0,0,0
1034,"Nest des Reihers",0,"",0,0,1,0,0,"<hex:02092EE802FF15>zum Nest des Reihers<hex:FF14>am Nest des Reihers<hex:03>",0,0,0
1035,"Weg des Reihers",0,"",0,0,1,0,0,"<hex:02092CE802FF14>zum Weg des Reihers<hex:FF13>am Weg des Reihers<hex:03>",0,0,0
1036,"Namai",0,"",0,0,1,0,0,"<hex:020919E802FF0B>nach Namai<hex:FF09>in Namai<hex:03>",0,0,0
1037,"Burg Doma",0,"",0,0,1,0,0,"<hex:020921E802FF0F>nach Burg Doma<hex:FF0D>in Burg Doma<hex:03>",0,0,0
1038,"Frachthafen",0,"",0,0,1,0,0,"<hex:020924E802FF10>zum Frachthafen<hex:FF0F>am Frachthafen<hex:03>",0,0,0
1039,"Der Einzig (Ost)",0,"",0,0,1,0,0,"<hex:020926E802FF11>zum Einzig (Ost)<hex:FF10>am Einzig (Ost)<hex:03>",0,0,0
1040,"Der Einzig (West)",0,"",0,0,1,0,0,"<hex:020928E802FF12>zum Einzig (West)<hex:FF11>am Einzig (West)<hex:03>",0,0,0
1041,"Quelle am Pflaumenbaum",0,"",0,0,1,0,0,"<hex:02093EE802FF1B>zur Quelle am Pflaumenbaum<hex:FF1E>an der Quelle am Pflaumenbaum<hex:03>",0,0,0
1042,"Prismenweiher",0,"",0,0,1,0,0,"<hex:020928E802FF12>zum Prismenweiher<hex:FF11>am Prismenweiher<hex:03>",0,0,0
1043,"Prismenschlucht",0,"",0,0,1,0,0,"<hex:020930E802FF14>zum Prismenschlucht<hex:FF17>an der Prismenschlucht<hex:03>",0,0,0
1044,"Dotharl Khaa",0,"",0,0,1,0,0,"<hex:020927E802FF12>nach Dotharl Khaa<hex:FF10>in Dotharl Khaa<hex:03>",0,0,0
1045,"Azim Khaat",0,"",0,0,1,0,0,"<hex:020923E802FF10>nach Azim Khaat<hex:FF0E>in Azim Khaat<hex:03>",0,0,0
1046,"Nem Khaal",0,"",0,0,1,0,0,"<hex:020921E802FF0F>nach Nem Khaal<hex:FF0D>in Nem Khaal<hex:03>",0,0,0
1047,"Tao Khaal",0,"",0,0,1,0,0,"<hex:020921E802FF0F>nach Tao Khaal<hex:FF0D>in Tao Khaal<hex:03>",0,0,0
1048,"Unterer Yat Khaal",0,"",0,0,1,0,0,"<hex:020930E802FF16>zum unteren Yat Khaal<hex:FF15>am unteren Yat Khaal<hex:03>",0,0,0
1049,"Oberer Yat Khaal",0,"",0,0,1,0,0,"<hex:02092EE802FF15>zum oberen Yat Khaal<hex:FF14>am oberen Yat Khaal<hex:03>",0,0,0
1050,"Tausend Löcher von Toto-Rak",0,"",0,0,1,0,0,"<hex:020971E802FF25>zu den Tausend Löchern von Toto-Rak<hex:FF25>in den Tausend Löchern von Toto-Rak<hex:FF21>die Tausend Löcher von Toto-Rak<hex:03>",0,0,0
1051,"Totenacker Tam-Tara",0,"",0,0,1,0,0,"<hex:02094DE802FF18>zum Totenacker Tam-Tara<hex:FF17>im Totenacker Tam-Tara<hex:FF18>der Totenacker Tam-Tara<hex:03>",0,0,0
1052,"Kupferglocken-Mine",0,"",0,0,1,0,0,"<hex:02094EE802FF17>zur Kupferglocken-Mine<hex:FF1A>in der Kupferglocken-Mine<hex:FF17>die Kupferglocken-Mine<hex:03>",0,0,0
1053,"Sastasha",0,"",0,0,1,0,0,"<hex:020929E802FF0E>nach Sastasha<hex:FF0C>in Sastasha<hex:FF09>Sastasha<hex:03>",0,0,0
1054,"Goldklamm",0,"",0,0,1,0,0,"<hex:020933E802FF0E>zur Goldklamm<hex:FF11>in der Goldklamm<hex:FF0E>die Goldklamm<hex:03>",0,0,0
1055,"Haukke-Herrenhaus",0,"",0,0,1,0,0,"<hex:020947E802FF16>zum Haukke-Herrenhaus<hex:FF15>im Haukke-Herrenhaus<hex:FF16>das Haukke-Herrenhaus<hex:03>",0,0,0
1056,"Halatali",0,"",0,0,1,0,0,"<hex:020929E802FF0E>nach Halatali<hex:FF0C>in Halatali<hex:FF09>Halatali<hex:03>",0,0,0
1057,"Brüllvolx' Langrast",0,"",0,0,1,0,0,"<hex:02094DE802FF1A>nach Brüllvolx' Langrast<hex:FF18>in Brüllvolx' Langrast<hex:FF15>Brüllvolx' Langrast<hex:03>",0,0,0
1058,"Versunkener Tempel von Qarn",0,"",0,0,1,0,0,"<hex:020964E802FF20>zum Versunkenen Tempel von Qarn<hex:FF1F>im Versunkenen Tempel von Qarn<hex:FF1F>der Versunkene Tempel von Qarn<hex:03>",0,0,0
1059,"Palast des Wanderers",0,"",0,0,1,0,0,"<hex:020950E802FF19>zum Palast des Wanderers<hex:FF18>im Palast des Wanderers<hex:FF19>der Palast des Wanderers<hex:03>",0,0,0
1060,"Steinerne Wacht",0,"",0,0,1,0,0,"<hex:020947E802FF15>zur Steinernen Wacht<hex:FF18>in der Steinernen Wacht<hex:FF14>die Steinerne Wacht<hex:03>",0,0,0
1061,"Sägerschrei",0,"",0,0,1,0,0,"<hex:020935E802FF12>nach Sägerschrei<hex:FF10>in Sägerschrei<hex:FF0D>Sägerschrei<hex:03>",0,0,0
1062,"Feste Dzemael",0,"",0,0,1,0,0,"<hex:02093FE802FF12>zur Feste Dzemael<hex:FF15>in der Feste Dzemael<hex:FF12>die Feste Dzemael<hex:03>",0,0,0
1063,"Ruinen von Amdapor",0,"",0,0,1,0,0,"<hex:020951E802FF1A>zu den Ruinen von Amdapor<hex:FF1A>in den Ruinen von Amdapor<hex:FF17>die Ruinen von Amdapor<hex:03>",0,0,0
1064,"Pharos Sirius",0,"",0,0,1,0,0,"<hex:02093BE802FF12>zum Pharos Sirius<hex:FF11>im Pharos Sirius<hex:FF12>der Pharos Sirius<hex:03>",0,0,0
1065,"Kupferglocken-Mine (schwer)",0,"",0,0,1,0,0,"<hex:02094EE802FF17>zur Kupferglocken-Mine<hex:FF1A>in der Kupferglocken-Mine<hex:FF17>die Kupferglocken-Mine<hex:03>",0,0,0
1066,"Haukke-Herrenhaus (schwer)",0,"",0,0,1,0,0,"<hex:020947E802FF16>zum Haukke-Herrenhaus<hex:FF15>im Haukke-Herrenhaus<hex:FF16>das Haukke-Herrenhaus<hex:03>",0,0,0
1067,"Brüllvolx' Langrast (schwer)",0,"",0,0,1,0,0,"<hex:02094DE802FF1A>nach Brüllvolx' Langrast<hex:FF18>in Brüllvolx' Langrast<hex:FF15>Brüllvolx' Langrast<hex:03>",0,0,0
1068,"Halatali (schwer)",0,"",0,0,1,0,0,"<hex:020929E802FF0E>nach Halatali<hex:FF0C>in Halatali<hex:FF09>Halatali<hex:03>",0,0,0
1069,"Historisches Amdapor",0,"",0,0,1,0,0,"<hex:02094FE802FF19>zum Historischen Amdapor<hex:FF18>im Historischen Amdapor<hex:FF18>das Historische Amdapor<hex:03>",0,0,0
1070,"",0,"",0,0,0,0,0,"",0,0,0
1071,"",0,"",0,0,0,0,0,"",0,0,0
1072,"",0,"",0,0,0,0,0,"",0,0,0
1073,"",0,"",0,0,0,0,0,"",0,0,0
1074,"",0,"",0,0,0,0,0,"",0,0,0
1075,"",0,"",0,0,0,0,0,"",0,0,0
1076,"",0,"",0,0,0,0,0,"",0,0,0
1077,"",0,"",0,0,0,0,0,"",0,0,0
1078,"",0,"",0,0,0,0,0,"",0,0,0
1079,"",0,"",0,0,0,0,0,"",0,0,0
1080,"",0,"",0,0,0,0,0,"",0,0,0
1081,"",0,"",0,0,0,0,0,"",0,0,0
1082,"",0,"",0,0,0,0,0,"",0,0,0
1083,"",0,"",0,0,0,0,0,"",0,0,0
1084,"",0,"",0,0,0,0,0,"",0,0,0
1085,"",0,"",0,0,0,0,0,"",0,0,0
1086,"",0,"",0,0,0,0,0,"",0,0,0
1087,"",0,"",0,0,0,0,0,"",0,0,0
1088,"",0,"",0,0,0,0,0,"",0,0,0
1089,"",0,"",0,0,0,0,0,"",0,0,0
1090,"",0,"",0,0,0,0,0,"",0,0,0
1091,"",0,"",0,0,0,0,0,"",0,0,0
1092,"",0,"",0,0,0,0,0,"",0,0,0
1093,"",0,"",0,0,0,0,0,"",0,0,0
1094,"",0,"",0,0,0,0,0,"",0,0,0
1095,"",0,"",0,0,0,0,0,"",0,0,0
1096,"",0,"",0,0,0,0,0,"",0,0,0
1097,"",0,"",0,0,0,0,0,"",0,0,0
1098,"",0,"",0,0,0,0,0,"",0,0,0
1099,"",0,"",0,0,0,0,0,"",0,0,0
1100,"Privathütte (Dorf des Nebels)",0,"",0,0,1,0,0,"<hex:02092DE802FF14>zu der Privathütte<hex:FF14>in der Privathütte<hex:03>",0,0,0
1101,"Privathaus (Dorf des Nebels)",0,"",0,0,1,0,0,"<hex:020929E802FF12>zu dem Privathaus<hex:FF12>in dem Privathaus<hex:03>",0,0,0
1102,"Privatresidenz (Dorf des Nebels)",0,"",0,0,1,0,0,"<hex:020931E802FF16>zu der Privatresidenz<hex:FF16>in der Privatresidenz<hex:03>",0,0,0
1103,"Privathütte (Kelchkuppe)",0,"",0,0,1,0,0,"<hex:02092DE802FF14>zu der Privathütte<hex:FF14>in der Privathütte<hex:03>",0,0,0
1104,"Privathaus (Kelchkuppe)",0,"",0,0,1,0,0,"<hex:020929E802FF12>zu dem Privathaus<hex:FF12>in dem Privathaus<hex:03>",0,0,0
1105,"Privatresidenz (Kelchkuppe)",0,"",0,0,1,0,0,"<hex:020931E802FF16>zu der Privatresidenz<hex:FF16>in der Privatresidenz<hex:03>",0,0,0
1106,"Privathütte (Lavendelbeete)",0,"",0,0,1,0,0,"<hex:02092DE802FF14>zu der Privathütte<hex:FF14>in der Privathütte<hex:03>",0,0,0
1107,"Privathaus (Lavendelbeete)",0,"",0,0,1,0,0,"<hex:020929E802FF12>zu dem Privathaus<hex:FF12>in dem Privathaus<hex:03>",0,0,0
1108,"Privatresidenz (Lavendelbeete)",0,"",0,0,1,0,0,"<hex:020931E802FF16>zu der Privatresidenz<hex:FF16>in der Privatresidenz<hex:03>",0,0,0
1109,"Erdgeschoss",0,"",0,0,1,0,0,"<hex:020924E802FF10>ins Erdgeschoss<hex:FF0F>im Erdgeschoss<hex:03>",0,0,0
1110,"Erster Stock",0,"",0,0,1,0,0,"<hex:020929E802FF14>in den ersten Stock<hex:FF10>im ersten Stock<hex:03>",0,0,0
1111,"Keller",0,"",0,0,1,0,0,"<hex:02091DE802FF0E>in den Keller<hex:FF0A>im Keller<hex:03>",0,0,0
1112,"Erdgeschoss",0,"",0,0,1,0,0,"<hex:020924E802FF10>ins Erdgeschoss<hex:FF0F>im Erdgeschoss<hex:03>",0,0,0
1113,"Erster Stock",0,"",0,0,1,0,0,"<hex:020929E802FF14>in den ersten Stock<hex:FF10>im ersten Stock<hex:03>",0,0,0
1114,"Keller",0,"",0,0,1,0,0,"<hex:02091DE802FF0E>in den Keller<hex:FF0A>im Keller<hex:03>",0,0,0
1115,"1",0,"",0,0,1,0,0,"",0,0,0
1116,"2",0,"",0,0,1,0,0,"",0,0,0
1117,"3",0,"",0,0,1,0,0,"",0,0,0
1118,"4",0,"",0,0,1,0,0,"",0,0,0
1119,"5",0,"",0,0,1,0,0,"",0,0,0
1120,"6",0,"",0,0,1,0,0,"",0,0,0
1121,"7",0,"",0,0,1,0,0,"",0,0,0
1122,"8",0,"",0,0,1,0,0,"",0,0,0
1123,"9",0,"",0,0,1,0,0,"",0,0,0
1124,"10",0,"",0,0,1,0,0,"",0,0,0
1125,"11",0,"",0,0,1,0,0,"",0,0,0
1126,"12",0,"",0,0,1,0,0,"",0,0,0
1127,"13",0,"",0,0,1,0,0,"",0,0,0
1128,"14",0,"",0,0,1,0,0,"",0,0,0
1129,"15",0,"",0,0,1,0,0,"",0,0,0
1130,"16",0,"",0,0,1,0,0,"",0,0,0
1131,"17",0,"",0,0,1,0,0,"",0,0,0
1132,"18",0,"",0,0,1,0,0,"",0,0,0
1133,"19",0,"",0,0,1,0,0,"",0,0,0
1134,"20",0,"",0,0,1,0,0,"",0,0,0
1135,"21",0,"",0,0,1,0,0,"",0,0,0
1136,"22",0,"",0,0,1,0,0,"",0,0,0
1137,"23",0,"",0,0,1,0,0,"",0,0,0
1138,"24",0,"",0,0,1,0,0,"",0,0,0
1139,"25",0,"",0,0,1,0,0,"",0,0,0
1140,"26",0,"",0,0,1,0,0,"",0,0,0
1141,"27",0,"",0,0,1,0,0,"",0,0,0
1142,"28",0,"",0,0,1,0,0,"",0,0,0
1143,"29",0,"",0,0,1,0,0,"",0,0,0
1144,"30",0,"",0,0,1,0,0,"",0,0,0
1145,"Unterkunft (Freie Ge<hex:02160103>sell<hex:02160103>schaft)",0,"",0,0,1,0,0,"<hex:020996E802FF2F>zur Unterkunft der Freien Ge<hex:02160103>sell<hex:02160103>schaft<hex:FF32>in der Unterkunft der Freien Ge<hex:02160103>sell<hex:02160103>schaft<hex:FF2F>die Unterkunft der Freien Ge<hex:02160103>sell<hex:02160103>schaft<hex:03>",0,0,0
1146,"Unterkunftsbeamter",0,"",0,0,1,0,0,"<hex:02093AE802FF1A>zu dem Unterkunftsbeamten<hex:FF1B>bei dem Unterkunftsbeamten<hex:03>",0,0,0
1147,"Erdgeschoss",0,"",0,0,1,0,0,"<hex:020935E802FF10>ins Erdgeschoss<hex:FF0F>im Erdgeschoss<hex:FF10>das Erdgeschoss<hex:03>",0,0,0
1148,"Keller",0,"",0,0,1,0,0,"<hex:020929E802FF0E>in den Keller<hex:FF0A>im Keller<hex:FF0B>der Keller<hex:03>",0,0,0
1149,"Fähranleger - Dorf des Nebels",0,"",0,0,1,0,0,"<hex:02094CE802FF24>zum Fähranleger im Dorf des Nebels<hex:FF23>am Fähranleger im Dorf des Nebels<hex:03>",0,0,0
1150,"Ost-Nebeldorf",0,"",0,0,1,0,0,"<hex:020929E802FF13>nach Ost-Nebeldorf<hex:FF11>in Ost-Nebeldorf<hex:03>",0,0,0
1151,"Östliche Lavendelbeete",0,"",0,0,1,0,0,"<hex:020947E802FF21>zu den östlichen Lavendelbeeten<hex:FF21>an den östlichen Lavendelbeeten<hex:03>",0,0,0
1152,"Kelchkuppe Nord",0,"",0,0,1,0,0,"<hex:02092DE802FF15>nach Kelchkuppe Nord<hex:FF13>in Kelchkuppe Nord<hex:03>",0,0,0
1153,"Kelchkuppe Südost",0,"",0,0,1,0,0,"<hex:020933E802FF18>nach Kelchkuppe Südost<hex:FF16>in Kelchkuppe Südost<hex:03>",0,0,0
1154,"Wohngebietführer (nach Ul'dah - Thal-Kreuzgang)",0,"",0,0,1,0,0,"<hex:020932E802FF16>zum Wohngebietführer<hex:FF17>beim Wohngebietführer<hex:03>",0,0,0
1155,"Süd-Nebeldorf",0,"",0,0,1,0,0,"<hex:02092BE802FF14>nach Süd-Nebeldorf<hex:FF12>in Süd-Nebeldorf<hex:03>",0,0,0
1156,"Süd-Nebeldorf - Fähranleger",0,"",0,0,1,0,0,"<hex:020949E802FF23>nach Süd-Nebeldorf - Fähranleger<hex:FF21>in Süd-Nebeldorf - Fähranleger<hex:03>",0,0,0
1157,"Nebeldorf - Zimmer",0,"",0,0,1,0,0,"<hex:020956E802FF28>in die persönlichen Zimmer (Nebeldorf)<hex:FF29>in den persönlichen Zimmern (Nebeldorf)<hex:03>",0,0,0
1158,"Kelchkuppe - Zimmer",0,"",0,0,1,0,0,"<hex:020958E802FF29>in die persönlichen Zimmer (Kelchkuppe)<hex:FF2A>in den persönlichen Zimmern (Kelchkuppe)<hex:03>",0,0,0
1159,"Lavendelbeete - Zimmer",0,"",0,0,1,0,0,"<hex:02095EE802FF2C>in die persönlichen Zimmer (Lavendelbeete)<hex:FF2D>in den persönlichen Zimmern (Lavendelbeete)<hex:03>",0,0,0
1160,"Unterkunft (persönlich)",0,"",0,0,1,0,0,"<hex:02095FE802FF1D>zur persönlichen Unterkunft<hex:FF20>in der persönlichen Unterkunft<hex:FF1C>die persönliche Unterkunft<hex:03>",0,0,0
1161,"Nebeldorf",0,"",0,0,1,0,0,"",0,0,0
1162,"[Erweiterung] Nebeldorf",0,"",0,0,1,0,0,"",0,0,0
1163,"Kelchkuppe",0,"",0,0,1,0,0,"",0,0,0
1164,"[Erweiterung] Kelchkuppe",0,"",0,0,1,0,0,"",0,0,0
1165,"Lavendelbeete",0,"",0,0,1,0,0,"",0,0,0
1166,"[Erweiterung] Lavendelbeete",0,"",0,0,1,0,0,"",0,0,0
1167,"[Erweiterung] Strand",0,"",0,0,1,0,0,"",0,0,0
1168,"[Erweiterung] Gezeitentor",0,"",0,0,1,0,0,"",0,0,0
1169,"[Erweiterung] Admirals-Aquaedukt",0,"",0,0,1,0,0,"",0,0,0
1170,"[Erweiterung] Seeblick-Markt",0,"",0,0,1,0,0,"",0,0,0
1171,"[Erweiterung] Nordost-Nebeldorf",0,"",0,0,1,0,0,"",0,0,0
1172,"[Erweiterung] Südost-Nebeldorf",0,"",0,0,1,0,0,"",0,0,0
1173,"[Erweiterung] Zentral-Nebeldorf",0,"",0,0,1,0,0,"",0,0,0
1174,"[Erweiterung] Nordwest-Nebeldorf - Fähranleger",0,"",0,0,1,0,0,"",0,0,0
1175,"[Erweiterung] Südwest-Nebeldorf",0,"",0,0,1,0,0,"",0,0,0
1176,"[Erweiterung] Seeblick-Markt",0,"",0,0,1,0,0,"",0,0,0
1177,"[Erweiterung] Stütze der Senna",0,"",0,0,1,0,0,"",0,0,0
1178,"[Erweiterung] Baumkronen-Markt",0,"",0,0,1,0,0,"",0,0,0
1179,"[Erweiterung] Herbstwache",0,"",0,0,1,0,0,"",0,0,0
1180,"[Erweiterung] Wildblumen-Basar",0,"",0,0,1,0,0,"",0,0,0
1181,"[Erweiterung] Nordöstliche Lavendelbeete",0,"",0,0,1,0,0,"",0,0,0
1182,"[Erweiterung] Südliche Lavendelbeete",0,"",0,0,1,0,0,"",0,0,0
1183,"[Erweiterung] Nordwestliche Lavendelbeete",0,"",0,0,1,0,0,"",0,0,0
1184,"[Erweiterung] Südwestliche Lavendelbeete",0,"",0,0,1,0,0,"",0,0,0
1185,"[Erweiterung] Yainu-Par",0,"",0,0,1,0,0,"",0,0,0
1186,"[Erweiterung] Amethyst-Steg",0,"",0,0,1,0,0,"",0,0,0
1187,"[Erweiterung] Baumkronen-Markt",0,"",0,0,1,0,0,"",0,0,0
1188,"[Erweiterung] Die Große Dürre",0,"",0,0,1,0,0,"",0,0,0
1189,"[Erweiterung] Kuppenmarkt",0,"",0,0,1,0,0,"",0,0,0
1190,"[Erweiterung] Das Überströmende Herz",0,"",0,0,1,0,0,"",0,0,0
1191,"[Erweiterung] Nanamo-Windrad",0,"",0,0,1,0,0,"",0,0,0
1192,"[Erweiterung] Raubahns Arm",0,"",0,0,1,0,0,"",0,0,0
1193,"[Erweiterung] Kelchkuppe Ost",0,"",0,0,1,0,0,"",0,0,0
1194,"[Erweiterung] Kelchkuppe Nord",0,"",0,0,1,0,0,"",0,0,0
1195,"[Erweiterung] Kelchkuppe Südost",0,"",0,0,1,0,0,"",0,0,0
1196,"[Erweiterung] Kelchkuppe Süd",0,"",0,0,1,0,0,"",0,0,0
1197,"[Erweiterung] Kelchkuppe Südwest",0,"",0,0,1,0,0,"",0,0,0
1198,"[Erweiterung] Kuppenmarkt",0,"",0,0,1,0,0,"",0,0,0
1199,"[Erweiterung] Dorf des Nebels - Fähranleger",0,"",0,0,1,0,0,"<hex:02094CE802FF24>zum Fähranleger im Dorf des Nebels<hex:FF23>am Fähranleger im Dorf des Nebels<hex:03>",0,0,0
1200,"Gezeitentor",0,"",0,0,1,0,0,"<hex:020924E802FF10>zum Gezeitentor<hex:FF0F>am Gezeitentor<hex:03>",0,0,0
1201,"Admirals-Aquaedukt",0,"",0,0,1,0,0,"<hex:020932E802FF17>zum Admirals-Aquaedukt<hex:FF16>am Admirals-Aquaedukt<hex:03>",0,0,0
1202,"Seeblick-Markt",0,"",0,0,1,0,0,"<hex:02092AE802FF13>zum Seeblick-Markt<hex:FF12>am Seeblick-Markt<hex:03>",0,0,0
1203,"Strand",0,"",0,0,1,0,0,"<hex:02091AE802FF0B>zum Strand<hex:FF0A>am Strand<hex:03>",0,0,0
1204,"West-Nebeldorf",0,"",0,0,1,0,0,"<hex:02092BE802FF14>nach West-Nebeldorf<hex:FF12>in West-Nebeldorf<hex:03>",0,0,0
1205,"Nordost-Nebeldorf",0,"",0,0,1,0,0,"<hex:020931E802FF17>nach Nordost-Nebeldorf<hex:FF15>in Nordost-Nebeldorf<hex:03>",0,0,0
1206,"Seeblick-Markt",0,"",0,0,1,0,0,"<hex:02092AE802FF13>zum Seeblick-Markt<hex:FF12>am Seeblick-Markt<hex:03>",0,0,0
1207,"Südost-Nebeldorf",0,"",0,0,1,0,0,"<hex:020931E802FF17>nach Südost-Nebeldorf<hex:FF15>in Südost-Nebeldorf<hex:03>",0,0,0
1208,"Kuppenmarkt",0,"",0,0,1,0,0,"<hex:020924E802FF10>zum Kuppenmarkt<hex:FF0F>am Kuppenmarkt<hex:03>",0,0,0
1209,"Die Große Dürre",0,"",0,0,1,0,0,"<hex:02092EE802FF13>zur Großen Dürre<hex:FF16>an der Großen Dürre<hex:03>",0,0,0
1210,"Das Überströmende Herz",0,"",0,0,1,0,0,"<hex:02093CE802FF1C>zum Überströmenden Herzen<hex:FF1B>am Überströmenden Herzen<hex:03>",0,0,0
1211,"Nanamo-Windrad",0,"",0,0,1,0,0,"<hex:02092AE802FF13>zum Nanamo-Windrad<hex:FF12>am Nanamo-Windrad<hex:03>",0,0,0
1212,"Raubahns Arm",0,"",0,0,1,0,0,"<hex:020926E802FF10>zu Raubahns Arm<hex:FF11>bei Raubahns Arm<hex:03>",0,0,0
1213,"Kuppenmarkt",0,"",0,0,1,0,0,"<hex:020924E802FF10>zum Kuppenmarkt<hex:FF0F>am Kuppenmarkt<hex:03>",0,0,0
1214,"Kelchkuppe Nordost",0,"",0,0,1,0,0,"<hex:020933E802FF18>nach Kelchkuppe Nordost<hex:FF16>in Kelchkuppe Nordost<hex:03>",0,0,0
1215,"Kelchkuppe West",0,"",0,0,1,0,0,"<hex:02092DE802FF15>nach Kelchkuppe West<hex:FF13>in Kelchkuppe West<hex:03>",0,0,0
1216,"Kelchkuppe Ost",0,"",0,0,1,0,0,"<hex:02092BE802FF14>nach Kelchkuppe Ost<hex:FF12>in Kelchkuppe Ost<hex:03>",0,0,0
1217,"Baumkronen-Markt",0,"",0,0,1,0,0,"<hex:02092EE802FF15>zum Baumkronen-Markt<hex:FF14>am Baumkronen-Markt<hex:03>",0,0,0
1218,"Stütze der Senna",0,"",0,0,1,0,0,"<hex:020934E802FF16>zur Stütze der Senna<hex:FF19>an der Stütze der Senna<hex:03>",0,0,0
1219,"Herbstwache",0,"",0,0,1,0,0,"<hex:020928E802FF10>zur Herbstwache<hex:FF13>an der Herbstwache<hex:03>",0,0,0
1220,"Wildblumen-Basar",0,"",0,0,1,0,0,"<hex:02092EE802FF15>zum Wildblumen-Basar<hex:FF14>am Wildblumen-Basar<hex:03>",0,0,0
1221,"Yainu-Par",0,"",0,0,1,0,0,"<hex:020921E802FF0F>nach Yainu-Par<hex:FF0D>in Yainu-Par<hex:03>",0,0,0
1222,"Amethyst-Steg",0,"",0,0,1,0,0,"<hex:020928E802FF12>zum Amethyst-Steg<hex:FF11>am Amethyst-Steg<hex:03>",0,0,0
1223,"Nordwestliche Lavendelbeete",0,"",0,0,1,0,0,"<hex:02094FE802FF25>zu den nordwestlichen Lavendelbeeten<hex:FF25>in den nordwestlichen Lavendelbeeten<hex:03>",0,0,0
1224,"Südöstliche Lavendelbeete",0,"",0,0,1,0,0,"<hex:02094FE802FF25>zu den südöstlichen Lavendelbeeten<hex:FF25>in den südöstlichen Lavendelbeeten<hex:03>",0,0,0
1225,"Südwestliche Lavendelbeete",0,"",0,0,1,0,0,"<hex:02094FE802FF25>zu den südwestlichen Lavendelbeeten<hex:FF25>in den südwestlichen Lavendelbeeten<hex:03>",0,0,0
1226,"Baumkronen-Markt",0,"",0,0,1,0,0,"<hex:02092EE802FF15>zum Baumkronen-Markt<hex:FF14>am Baumkronen-Markt<hex:03>",0,0,0
1227,"Ge<hex:02160103>sell<hex:02160103>schaftswerkstätte: Dorf des Nebels",0,"",0,0,1,0,0,"",0,0,0
1228,"Ge<hex:02160103>sell<hex:02160103>schaftswerkstätte: Kelchkuppe",0,"",0,0,1,0,0,"",0,0,0
1229,"Ge<hex:02160103>sell<hex:02160103>schaftswerkstätte: Lavendelbeete",0,"",0,0,1,0,0,"",0,0,0
1230,"Ätheryt",0,"",0,0,1,0,0,"",0,0,0
1231,"Stadt-Ätheryt",0,"",0,0,1,0,0,"",0,0,0
1232,"Händler",0,"",0,0,1,0,0,"",0,0,0
1233,"Reparatur",0,"",0,0,1,0,0,"",0,0,0
1234,"Mogry-Post",0,"",0,0,1,0,0,"",0,0,0
1235,"Krämerklingel",0,"",0,0,1,0,0,"",0,0,0
1236,"Gehilfen<hex:02160103>schalter",0,"",0,0,1,0,0,"",0,0,0
1237,"Kontaktperlen-Ausgabe",0,"",0,0,1,0,0,"",0,0,0
1238,"Ge<hex:02160103>sell<hex:02160103>schaftstruhe",0,"",0,0,1,0,0,"",0,0,0
1239,"Krämerklingel",0,"",0,0,1,0,0,"",0,0,0
1240,"Bett",0,"",0,0,1,0,0,"",0,0,0
1241,"Diarium",0,"",0,0,1,0,0,"",0,0,0
1242,"Miniatur-Ätheryt",0,"",0,0,1,0,0,"",0,0,0
1243,"Dungeon",0,"",0,0,1,0,0,"",0,0,0
1244,"Fähranleger",0,"",0,0,1,0,0,"",0,0,0
1245,"Fähranleger",0,"",0,0,1,0,0,"",0,0,0
1246,"Landeplatz",0,"",0,0,1,0,0,"",0,0,0
1247,"Siedlung",0,"",0,0,1,0,0,"",0,0,0
1248,"Herberge",0,"",0,0,1,0,0,"",0,0,0
1249,"Aben<hex:02160103>teurer<hex:02160103>gilde",0,"",0,0,1,0,0,"",0,0,0
1250,"Hoch",0,"",0,0,1,0,0,"",0,0,0
1251,"Runter",0,"",0,0,1,0,0,"",0,0,0
1252,"Benachbartes Areal",0,"",0,0,1,0,0,"",0,0,0
1253,"Amalj'aa-Lager",0,"",0,0,1,0,0,"",0,0,0
1254,"Sylphen-Lager",0,"",0,0,1,0,0,"",0,0,0
1255,"Ixal-Lager",0,"",0,0,1,0,0,"",0,0,0
1256,"Sahagin-Lager",0,"",0,0,1,0,0,"",0,0,0
1257,"Kobold-Lager",0,"",0,0,1,0,0,"",0,0,0
1258,"Gladia<hex:02160103>toren<hex:02160103>gilde",0,"",0,0,1,0,0,"",0,0,0
1259,"Faust<hex:02160103>kämpfer<hex:02160103>gilde",0,"",0,0,1,0,0,"",0,0,0
1260,"Marodeurgilde",0,"",0,0,1,0,0,"",0,0,0
1261,"Pikeniergilde",0,"",0,0,1,0,0,"",0,0,0
1262,"Wald<hex:02160103>läufer<hex:02160103>gilde",0,"",0,0,1,0,0,"",0,0,0
1263,"Druidengilde",0,"",0,0,1,0,0,"",0,0,0
1264,"Thaumaturgengilde",0,"",0,0,1,0,0,"",0,0,0
1265,"Hermetikergilde",0,"",0,0,1,0,0,"",0,0,0
1266,"Zimmerergilde",0,"",0,0,1,0,0,"",0,0,0
1267,"Grobschmiedegilde",0,"",0,0,1,0,0,"",0,0,0
1268,"Plattnergilde",0,"",0,0,1,0,0,"",0,0,0
1269,"Gold<hex:02160103>schmiede<hex:02160103>gilde",0,"",0,0,1,0,0,"",0,0,0
1270,"Gerbergilde",0,"",0,0,1,0,0,"",0,0,0
1271,"Webergilde",0,"",0,0,1,0,0,"",0,0,0
1272,"Alche<hex:02160103>misten<hex:02160103>gilde",0,"",0,0,1,0,0,"",0,0,0
1273,"Gourmetgilde",0,"",0,0,1,0,0,"",0,0,0
1274,"Minenarbeitergilde",0,"",0,0,1,0,0,"",0,0,0
1275,"Gärtnergilde",0,"",0,0,1,0,0,"",0,0,0
1276,"Fischergilde",0,"",0,0,1,0,0,"",0,0,0
1277,"Mahlstrom-Flotten<hex:02160103>kommando",0,"",0,0,1,0,0,"",0,0,0
1278,"Abaton der Bruderschaft",0,"",0,0,1,0,0,"",0,0,0
1279,"Die Ewige Halle",0,"",0,0,1,0,0,"",0,0,0
1280,"Unterkunftsbeamter",0,"",0,0,1,0,0,"",0,0,0
1281,"Marktbrett",0,"",0,0,1,0,0,"",0,0,0
1282,"Duell-Areal",0,"",0,0,1,0,0,"",0,0,0
1283,"Raid",0,"",0,0,1,0,0,"",0,0,0
1284,"Sammelplatz des Mahlstroms",0,"",0,0,1,0,0,"<hex:020962E802FF1F>zum Sammelplatz des Mahlstroms<hex:FF1E>am Sammelplatz des Mahlstroms<hex:FF1F>der Sammelplatz des Mahlstroms<hex:03>",0,0,0
1285,"Sammelplatz der Bruderschaft",0,"",0,0,1,0,0,"<hex:020968E802FF21>zum Sammelplatz der Bruderschaft<hex:FF20>am Sammelplatz der Bruderschaft<hex:FF21>der Sammelplatz der Bruderschaft<hex:03>",0,0,0
1286,"Sammelplatz der Legion",0,"",0,0,1,0,0,"<hex:020956E802FF1B>zum Sammelplatz der Legion<hex:FF1A>am Sammelplatz der Legion<hex:FF1B>der Sammelplatz der Legion<hex:03>",0,0,0
1287,"Jagdbrett",0,"",0,0,1,0,0,"",0,0,0
1288,"Wettervorhersage",0,"",0,0,1,0,0,"",0,0,0
1289,"Schurkengilde",0,"",0,0,1,0,0,"<hex:02093FE802FF12>zur Schurkengilde<hex:FF15>an der Schurkengilde<hex:FF12>die Schurkengilde<hex:03>",0,0,0
1290,"Personal",0,"",0,0,1,0,0,"<hex:02092AE802FF0D>zum Personal<hex:FF0E>beim Personal<hex:FF09>Personal<hex:03>",0,0,0
1291,"Sankt Guenriol-Akademie für Astrologie",0,"",0,0,1,0,0,"<hex:020954E802FF19>zur Gilde der Astrologen<hex:FF1C>an der Gilde der Astrologen<hex:FF19>die Gilde der Astrologen<hex:03>",0,0,0
1292,"Himmelsstahl-Werkstätte",0,"",0,0,1,0,0,"<hex:02095AE802FF1B>zur Gilde der Maschinisten<hex:FF1E>an der Gilde der Maschinisten<hex:FF1B>die Gilde der Maschinisten<hex:03>",0,0,0
1293,"Linien-Reittier",0,"",0,0,1,0,0,"",0,0,0
1294,"Anderes Areal",0,"",0,0,1,0,0,"<hex:020944E802FF15>in ein anderes Areal<hex:FF17>in einem anderen Areal<hex:FF12>ein anderes Areal<hex:03>",0,0,0
1295,"Spezialisten-Prüfstelle",0,"",0,0,1,0,0,"<hex:020960E802FF1D>zur Spezialisten-Prüfstelle<hex:FF20>in der Spezialisten-Prüfstelle<hex:FF1D>die Spezialisten-Prüfstelle<hex:03>",0,0,0
1296,"Materia-Einsetzer",0,"",0,0,1,0,0,"<hex:020957E802FF16>zum Materia-Einsetzer<hex:FF17>beim Materia-Einsetzer<hex:FF24>der Schalter des Materia-Einsetzers<hex:03>",0,0,0
1297,"Khloes Aben<hex:02160103>teuer<hex:02160103>album",0,"",0,0,1,0,0,"",0,0,0
1298,"Wunschlieferungen",0,"",0,0,1,0,0,"",0,0,0
1299,"Händler",0,"",0,0,1,0,0,"",0,0,0
1300,"Ätheryt",0,"",0,0,1,0,0,"<hex:02092EE802FF0F>zum Ätheryten<hex:FF0C>am Ätheryt<hex:FF0D>der Ätheryt<hex:03>",0,0,0
1301,"Meteoritenkrater",0,"",0,0,1,0,0,"<hex:020944E802FF15>zum Meteoritenkrater<hex:FF14>am Meteoritenkrater<hex:FF15>der Meteoritenkrater<hex:03>",0,0,0
1302,"Äußere Schächte",0,"",0,0,1,0,0,"<hex:020956E802FF1C>zu den äußeren Schächten<hex:FF1C>in den äußeren Schächten<hex:FF18>die äußeren Schächte<hex:03>",0,0,0
1303,"Zentrale Decks",0,"",0,0,1,0,0,"<hex:020949E802FF17>zu den zentralen Decks<hex:FF18>auf den zentralen Decks<hex:FF14>die zentralen Decks<hex:03>",0,0,0
1304,"Holosphäre",0,"",0,0,1,0,0,"<hex:02093CE802FF13>in die Holosphäre<hex:FF13>in der Holosphäre<hex:FF10>die Holosphäre<hex:03>",0,0,0
1305,"Kommandobrücke RVH-03",0,"",0,0,1,0,0,"<hex:020946E802FF14>zur Kommandobrücke<hex:FF18>auf der Kommandobrücke<hex:FF14>die Kommandobrücke<hex:03>",0,0,0
1306,"Schwebender Pfad",0,"",0,0,1,0,0,"<hex:020954E802FF15>zum schwebenden Pfad<hex:FF19>auf dem schwebenden Pfad<hex:FF20>der Zugang zum schwebenden Pfad<hex:03>",0,0,0
1307,"Steinweg",0,"",0,0,1,0,0,"<hex:02093CE802FF0D>zum Steinweg<hex:FF11>auf dem Steinweg<hex:FF18>der Zugang zum Steinweg<hex:03>",0,0,0
1308,"Narbenrand",0,"",0,0,1,0,0,"<hex:02093DE802FF0F>zum Narbenrand<hex:FF0E>am Narbenrand<hex:FF1A>der Zugang zum Narbenrand<hex:03>",0,0,0
1309,"Inkubator-Transport",0,"",0,0,1,0,0,"<hex:020958E802FF18>zum Inkubator-Transport<hex:FF17>im Inkubator-Transport<hex:FF23>der Zugang zum Inkubator-Transport<hex:03>",0,0,0
1310,"Biowaffen-Magazin",0,"",0,0,1,0,0,"<hex:020947E802FF16>zum Biowaffen-Magazin<hex:FF15>im Biowaffen-Magazin<hex:FF16>das Biowaffen-Magazin<hex:03>",0,0,0
1311,"Biowaffen-Überstellung",0,"",0,0,1,0,0,"<hex:02095DE802FF1C>zur Biowaffen-Überstellung<hex:FF1F>in der Biowaffen-Überstellung<hex:FF1C>die Biowaffen-Überstellung<hex:03>",0,0,0
1312,"Wrack-Außenhülle",0,"",0,0,1,0,0,"<hex:02094EE802FF17>zur Wrack-Außenhülle<hex:FF1A>in der Wrack-Außenhülle<hex:FF17>die Wrack-Außenhülle<hex:03>",0,0,0
1313,"Oberes Deck",0,"",0,0,1,0,0,"<hex:020939E802FF10>zum oberen Deck<hex:FF14>auf dem oberen Deck<hex:FF0F>das obere Deck<hex:03>",0,0,0
1314,"Hauptdeck",0,"",0,0,1,0,0,"<hex:020934E802FF0E>zum Hauptdeck<hex:FF12>auf dem Hauptdeck<hex:FF0E>das Hauptdeck<hex:03>",0,0,0
1315,"Unteres Deck",0,"",0,0,1,0,0,"<hex:02093CE802FF11>zum unteren Deck<hex:FF15>auf dem unteren Deck<hex:FF10>das untere Deck<hex:03>",0,0,0
1316,"Sektor XIV",0,"",0,0,1,0,0,"<hex:02092DE802FF0E>zu Sektor XIV<hex:FF0E>in Sektor XIV<hex:FF0B>Sektor XIV<hex:03>",0,0,0
1317,"Sektor XIII",0,"",0,0,1,0,0,"<hex:020930E802FF0F>zu Sektor XIII<hex:FF0F>in Sektor XIII<hex:FF0C>Sektor XIII<hex:03>",0,0,0
1318,"Sektor XII",0,"",0,0,1,0,0,"<hex:02092DE802FF0E>zu Sektor XII<hex:FF0E>in Sektor XII<hex:FF0B>Sektor XII<hex:03>",0,0,0
1319,"Sektor XI",0,"",0,0,1,0,0,"<hex:02092AE802FF0D>zu Sektor XI<hex:FF0D>in Sektor XI<hex:FF0A>Sektor XI<hex:03>",0,0,0
1320,"Sektor X",0,"",0,0,1,0,0,"<hex:020927E802FF0C>zu Sektor X<hex:FF0C>in Sektor X<hex:FF09>Sektor X<hex:03>",0,0,0
1321,"Sektor IX",0,"",0,0,1,0,0,"<hex:02092AE802FF0D>zu Sektor IX<hex:FF0D>in Sektor IX<hex:FF0A>Sektor IX<hex:03>",0,0,0
1322,"Sektor VIII",0,"",0,0,1,0,0,"<hex:020930E802FF0F>zu Sektor VIII<hex:FF0F>in Sektor VIII<hex:FF0C>Sektor VIII<hex:03>",0,0,0
1323,"Sektor VII",0,"",0,0,1,0,0,"<hex:02092DE802FF0E>zu Sektor VII<hex:FF0E>in Sektor VII<hex:FF0B>Sektor VII<hex:03>",0,0,0
1324,"Sektor VI",0,"",0,0,1,0,0,"<hex:02092AE802FF0D>zu Sektor VI<hex:FF0D>in Sektor VI<hex:FF0A>Sektor VI<hex:03>",0,0,0
1325,"Sektor V",0,"",0,0,1,0,0,"<hex:020927E802FF0C>zu Sektor V<hex:FF0C>in Sektor V<hex:FF09>Sektor V<hex:03>",0,0,0
1326,"Sektor IV",0,"",0,0,1,0,0,"<hex:02092AE802FF0D>zu Sektor IV<hex:FF0D>in Sektor IV<hex:FF0A>Sektor IV<hex:03>",0,0,0
1327,"Sektor III",0,"",0,0,1,0,0,"<hex:02092DE802FF0E>zu Sektor III<hex:FF0E>in Sektor III<hex:FF0B>Sektor III<hex:03>",0,0,0
1328,"Sektor II",0,"",0,0,1,0,0,"<hex:02092AE802FF0D>zu Sektor II<hex:FF0D>in Sektor II<hex:FF0A>Sektor II<hex:03>",0,0,0
1329,"Sektor I",0,"",0,0,1,0,0,"<hex:020927E802FF0C>zu Sektor I<hex:FF0C>in Sektor I<hex:FF09>Sektor I<hex:03>",0,0,0
1330,"Rumpf-Zentralsektor",0,"",0,0,1,0,0,"<hex:02094DE802FF18>zum Rumpf-Zentralsektor<hex:FF17>im Rumpf-Zentralsektor<hex:FF18>der Rumpf-Zentralsektor<hex:03>",0,0,0
1331,"Halle des Wilden",0,"",0,0,1,0,0,"<hex:020948E802FF15>zur Halle des Wilden<hex:FF18>in der Halle des Wilden<hex:FF15>die Halle des Wilden<hex:03>",0,0,0
1332,"Halle der Heraus<hex:02160103>forde<hex:02160103>rung",0,"",0,0,1,0,0,"<hex:02097BE802FF26>zur Halle der Heraus<hex:02160103>forde<hex:02160103>rung<hex:FF29>in der Halle der Heraus<hex:02160103>forde<hex:02160103>rung<hex:FF26>die Halle der Heraus<hex:02160103>forde<hex:02160103>rung<hex:03>",0,0,0
1333,"Halatali (schwer)",0,"",0,0,1,0,0,"<hex:020929E802FF0E>nach Halatali<hex:FF0C>in Halatali<hex:FF09>Halatali<hex:03>",0,0,0
1334,"Der Wogenbrecher",0,"",0,0,1,0,0,"<hex:02094CE802FF15>auf den Wogenbrecher<hex:FF15>auf dem Wogenbrecher<hex:FF1C>der Zugang zum Wogenbrecher<hex:03>",0,0,0
1335,"Zentrum von Amdapor",0,"",0,0,1,0,0,"<hex:020958E802FF18>zum Zentrum von Amdapor<hex:FF17>im Zentrum von Amdapor<hex:FF23>der Zugang zum Zentrum von Amdapor<hex:03>",0,0,0
1336,"Traum-Sanktuarium",0,"",0,0,1,0,0,"<hex:020947E802FF16>zum Traum-Sanktuarium<hex:FF15>im Traum-Sanktuarium<hex:FF16>das Traum-Sanktuarium<hex:03>",0,0,0
1337,"Pfeilerkopf I",0,"",0,0,1,0,0,"<hex:020937E802FF11>zu Pfeilerkopf I<hex:FF12>auf Pfeilerkopf I<hex:FF0E>Pfeilerkopf I<hex:03>",0,0,0
1338,"Pfeilerkopf II",0,"",0,0,1,0,0,"<hex:02093AE802FF12>zu Pfeilerkopf II<hex:FF13>auf Pfeilerkopf II<hex:FF0F>Pfeilerkopf II<hex:03>",0,0,0
1339,"Moorsee-Schleichpfad",0,"",0,0,1,0,0,"<hex:020954E802FF19>zum Moorsee-Schleichpfad<hex:FF18>am Moorsee-Schleichpfad<hex:FF1D>der zum Moorsee-Schleichpfad<hex:03>",0,0,0
1340,"Brett für Höhewechseln",0,"",0,0,1,0,0,"<hex:02095EE802FF1D>zum Brett für Höhewechseln<hex:FF1E>beim Brett für Höhewechseln<hex:FF1D>das Brett für Höhewechseln<hex:03>",0,0,0
1341,"Müllwerfen-Ort",0,"",0,0,1,0,0,"<hex:020941E802FF14>zum Müllwerfen-Ort<hex:FF13>am Müllwerfen-Ort<hex:FF14>der Müllwerfen-Ort<hex:03>",0,0,0
1342,"Geheimplatz von Schlimmegast",0,"",0,0,1,0,0,"<hex:020968E802FF21>zum Geheimplatz von Schlimmegast<hex:FF20>am Geheimplatz von Schlimmegast<hex:FF21>der Geheimplatz von Schlimmegast<hex:03>",0,0,0
1343,"Die Agora",0,"",0,0,1,0,0,"<hex:020928E802FF0A>zur Agora<hex:FF0E>auf der Agora<hex:FF0A>die Agora<hex:03>",0,0,0
1344,"Friedensplatz",0,"",0,0,1,0,0,"<hex:020946E802FF12>zum Friedensplatz<hex:FF11>am Friedensplatz<hex:FF1D>der Zugang zum Friedensplatz<hex:03>",0,0,0
1345,"Weißmagischer Turm",0,"",0,0,1,0,0,"<hex:02094CE802FF18>zum Weißmagischen Turm<hex:FF17>am Weißmagischen Turm<hex:FF17>der Weißmagische Turm<hex:03>",0,0,0
1346,"Traumschwelle",0,"",0,0,1,0,0,"<hex:02093FE802FF12>zur Traumschwelle<hex:FF15>an der Traumschwelle<hex:FF12>die Traumschwelle<hex:03>",0,0,0
1347,"Siegelgewölbe",0,"",0,0,1,0,0,"<hex:02093EE802FF13>ins Siegelgewölbe<hex:FF12>im Siegelgewölbe<hex:FF13>das Siegelgewölbe<hex:03>",0,0,0
1348,"Arabesken der Angst",0,"",0,0,1,0,0,"<hex:020962E802FF1B>zu den Arabesken der Angst<hex:FF1B>in den Arabesken der Angst<hex:FF26>der Zugang zu den Arabesken der Angst<hex:03>",0,0,0
1349,"Bretterbarrikade",0,"",0,0,1,0,0,"<hex:020948E802FF15>zur Bretterbarrikade<hex:FF18>an der Bretterbarrikade<hex:FF15>die Bretterbarrikade<hex:03>",0,0,0
1350,"Saal der Morgenröte",0,"",0,0,1,0,0,"<hex:020950E802FF19>zum Saal der Morgenröte<hex:FF18>im Saal der Morgenröte<hex:FF19>der Saal der Morgenröte<hex:03>",0,0,0
1351,"Brüllvolx' Langrast",0,"",0,0,1,0,0,"<hex:02094BE802FF18>zu Brüllvolx' Langrast<hex:FF18>in Brüllvolx' Langrast<hex:FF15>Brüllvolx' Langrast<hex:03>",0,0,0
1352,"Wohngebietführer (zur Kelchkuppe)",0,"",0,0,1,0,0,"<hex:020932E802FF16>zum Wohngebietführer<hex:FF17>beim Wohngebietführer<hex:03>",0,0,0
1353,"Inkubatorstation",0,"",0,0,1,0,0,"<hex:020948E802FF15>zur Inkubatorstation<hex:FF18>in der Inkubatorstation<hex:FF15>die Inkubatorstation<hex:03>",0,0,0
1354,"Monitorstation",0,"",0,0,1,0,0,"<hex:020942E802FF13>zur Monitorstation<hex:FF16>in der Monitorstation<hex:FF13>die Monitorstation<hex:03>",0,0,0
1355,"Hauptvorratskammer",0,"",0,0,1,0,0,"<hex:02094EE802FF17>zur Hauptvorratskammer<hex:FF1A>in der Hauptvorratskammer<hex:FF17>die Hauptvorratskammer<hex:03>",0,0,0
1356,"Stufen des Himmels",0,"",0,0,1,0,0,"<hex:020960E802FF1A>zu den Stufen des Himmels<hex:FF1B>auf den Stufen des Himmels<hex:FF25>der Zugang zu den Stufen des Himmels<hex:03>",0,0,0
1357,"Die Versammlung",0,"",0,0,1,0,0,"<hex:020939E802FF10>zur Versammlung<hex:FF13>in der Versammlung<hex:FF10>die Versammlung<hex:03>",0,0,0
1358,"Wendel",0,"",0,0,1,0,0,"<hex:02092AE802FF0B>zur Wendel<hex:FF0E>in der Wendel<hex:FF0B>die Wendel<hex:03>",0,0,0
1359,"Ring des Wächters",0,"",0,0,1,0,0,"<hex:02094AE802FF17>zum Ring des Wächters<hex:FF16>im Ring des Wächters<hex:FF17>der Ring des Wächters<hex:03>",0,0,0
1360,"Goldene Sakristei",0,"",0,0,1,0,0,"<hex:02094DE802FF17>zur Goldenen Sakristei<hex:FF1A>in der Goldenen Sakristei<hex:FF16>die Goldene Sakristei<hex:03>",0,0,0
1361,"Letzter Vorhang",0,"",0,0,1,0,0,"<hex:020940E802FF14>zum Letzten Vorhang<hex:FF13>im Letzten Vorhang<hex:FF13>der Letzte Vorhang<hex:03>",0,0,0
1362,"Der Kaiserliche Thron",0,"",0,0,1,0,0,"<hex:020949E802FF17>zum Kaiserlichen Thron<hex:FF16>am Kaiserlichen Thron<hex:FF16>der Kaiserliche Thron<hex:03>",0,0,0
1363,"Baum des Urteils",0,"",0,0,1,0,0,"<hex:020944E802FF15>zum Baum des Urteils<hex:FF14>am Baum des Urteils<hex:FF15>der Baum des Urteils<hex:03>",0,0,0
1364,"Sammelplatz der Bruderschaft",0,"",0,0,1,0,0,"<hex:020968E802FF21>zum Sammelplatz der Bruderschaft<hex:FF20>am Sammelplatz der Bruderschaft<hex:FF21>der Sammelplatz der Bruderschaft<hex:03>",0,0,0
1365,"Sammelplatz der Legion",0,"",0,0,1,0,0,"<hex:020956E802FF1B>zum Sammelplatz der Legion<hex:FF1A>am Sammelplatz der Legion<hex:FF1B>der Sammelplatz der Legion<hex:03>",0,0,0
1366,"Sammelplatz des Mahlstroms",0,"",0,0,1,0,0,"<hex:020962E802FF1F>zum Sammelplatz des Mahlstroms<hex:FF1E>am Sammelplatz des Mahlstroms<hex:FF1F>der Sammelplatz des Mahlstroms<hex:03>",0,0,0
1367,"Posten der Bruderschaft",0,"",0,0,1,0,0,"<hex:020959E802FF1C>zum Posten der Bruderschaft<hex:FF1B>am Posten der Bruderschaft<hex:FF1C>der Posten der Bruderschaft<hex:03>",0,0,0
1368,"Posten der Legion",0,"",0,0,1,0,0,"<hex:020947E802FF16>zum Posten der Legion<hex:FF15>am Posten der Legion<hex:FF16>der Posten der Legion<hex:03>",0,0,0
1369,"Posten des Mahlstroms",0,"",0,0,1,0,0,"<hex:020953E802FF1A>zum Posten des Mahlstroms<hex:FF19>am Posten des Mahlstroms<hex:FF1A>der Posten des Mahlstroms<hex:03>",0,0,0
1370,"Allagischer Marktplatz",0,"",0,0,1,0,0,"<hex:02095AE802FF1B>zum allagischen Marktplatz<hex:FF1F>auf dem allagischen Marktplatz<hex:FF1A>der allagische Marktplatz<hex:03>",0,0,0
1371,"Allagischer Sonnentempel",0,"",0,0,1,0,0,"<hex:02095BE802FF1D>zum allagischen Sonnentempel<hex:FF1C>im allagischen Sonnentempel<hex:FF1C>der allagische Sonnentempel<hex:03>",0,0,0
1372,"Allagischer Wohnbezirk",0,"",0,0,1,0,0,"<hex:020955E802FF1B>zum allagischen Wohnbezirk<hex:FF1A>im allagischen Wohnbezirk<hex:FF1A>der allagische Wohnbezirk<hex:03>",0,0,0
1373,"Heliodrom",0,"",0,0,1,0,0,"<hex:02093AE802FF0E>zum Heliodrom<hex:FF0D>im Heliodrom<hex:FF19>der Zugang zum Heliodrom<hex:03>",0,0,0
1374,"Äußere Ruinen",0,"",0,0,1,0,0,"<hex:02094CE802FF18>zu den äußeren Ruinen<hex:FF19>bei den äußeren Ruinen<hex:FF15>die äußeren Ruinen<hex:03>",0,0,0
1375,"Totenacker Tam-Tara (schwer)",0,"",0,0,1,0,0,"<hex:02094DE802FF18>zum Totenacker Tam-Tara<hex:FF17>am Totenacker Tam-Tara<hex:FF18>der Totenacker Tam-Tara<hex:03>",0,0,0
1376,"Steinerne Wacht (schwer)",0,"",0,0,1,0,0,"<hex:020947E802FF15>zur Steinernen Wacht<hex:FF18>in der Steinernen Wacht<hex:FF14>die Steinerne Wacht<hex:03>",0,0,0
1377,"Schiffbrecher-Insel",0,"",0,0,1,0,0,"<hex:020952E802FF18>zur Schiffbrecher-Insel<hex:FF1C>auf der Schiffbrecher-Insel<hex:FF18>die Schiffbrecher-Insel<hex:03>",0,0,0
1378,"Schmugglerbucht",0,"",0,0,1,0,0,"<hex:020945E802FF14>zur Schmugglerbucht<hex:FF17>in der Schmugglerbucht<hex:FF14>die Schmugglerbucht<hex:03>",0,0,0
1379,"Geheimversteck",0,"",0,0,1,0,0,"<hex:02093EE802FF13>zum Geheimversteck<hex:FF12>im Geheimversteck<hex:FF13>das Geheimversteck<hex:03>",0,0,0
1380,"Die Küstennebel",0,"",0,0,1,0,0,"<hex:02093DE802FF11>zur Küstennebel<hex:FF15>auf der Küstennebel<hex:FF11>die Küstennebel<hex:03>",0,0,0
1381,"Strand der Rettung",0,"",0,0,1,0,0,"<hex:02094AE802FF17>zum Strand der Rettung<hex:FF16>am Strand der Rettung<hex:FF17>der Strand der Rettung<hex:03>",0,0,0
1382,"Kleiner Saal",0,"",0,0,1,0,0,"<hex:020938E802FF11>zum kleinen Saal<hex:FF10>im kleinen Saal<hex:FF11>ein kleiner Saal<hex:03>",0,0,0
1383,"Ätherytenplatz",0,"",0,0,1,0,0,"<hex:02092CE802FF14>zum Ätherytenplatz<hex:FF13>am Ätherytenplatz<hex:03>",0,0,0
1384,"Ätherytenplatz",0,"",0,0,1,0,0,"<hex:02092CE802FF14>zum Ätherytenplatz<hex:FF13>am Ätherytenplatz<hex:03>",0,0,0
1385,"Ehcatl",0,"",0,0,1,0,0,"<hex:02091AE802FF0B>zum Ehcatl<hex:FF0A>am Ehcatl<hex:03>",0,0,0
1386,"Gellerwatt",0,"",0,0,1,0,0,"<hex:02093DE802FF0F>zum Gellerwatt<hex:FF0E>am Gellerwatt<hex:FF1A>der Zugang zum Gellerwatt<hex:03>",0,0,0
1387,"Haffrinne",0,"",0,0,1,0,0,"<hex:02093EE802FF0E>zur Haffrinne<hex:FF11>an der Haffrinne<hex:FF19>der Zugang zur Haffrinne<hex:03>",0,0,0
1388,"Besetztes Lager",0,"",0,0,1,0,0,"<hex:020940E802FF14>zum besetzten Lager<hex:FF13>im besetzten Lager<hex:FF13>das besetzte Lager<hex:03>",0,0,0
1389,"Seemanns-Tor",0,"",0,0,1,0,0,"<hex:020938E802FF11>zum Seemanns-Tor<hex:FF10>am Seemanns-Tor<hex:FF11>das Seemanns-Tor<hex:03>",0,0,0
1390,"Chrysalis",0,"",0,0,1,0,0,"<hex:020933E802FF0E>zur Chrysalis<hex:FF11>in der Chrysalis<hex:FF0E>die Chrysalis<hex:03>",0,0,0
1391,"Elfenbein-Kapelle",0,"",0,0,1,0,0,"<hex:02094BE802FF16>zur Elfenbein-Kapelle<hex:FF19>in der Elfenbein-Kapelle<hex:FF16>die Elfenbein-Kapelle<hex:03>",0,0,0
1392,"Rowenas Haus der Wunder",0,"",0,0,1,0,0,"<hex:020955E802FF1C>zum Rowenas Haus der Wunder<hex:FF1B>in Rowenas Haus der Wunder<hex:FF18>Rowenas Haus der Wunder<hex:03>",0,0,0
1393,"Die Diamantschmiede",0,"",0,0,1,0,0,"<hex:020945E802FF14>zur Diamantschmiede<hex:FF17>in der Diamantschmiede<hex:FF14>die Diamantschmiede<hex:03>",0,0,0
1394,"Häretiker-Steig",0,"",0,0,1,0,0,"<hex:02094FE802FF15>zum Häretiker-Steig<hex:FF14>am Häretiker-Steig<hex:FF20>der Zugang zum Häretiker-Steig<hex:03>",0,0,0
1395,"Stille Firnhöhle",0,"",0,0,1,0,0,"<hex:020959E802FF17>zur stillen Firnhöhle<hex:FF1A>in der stillen Firnhöhle<hex:FF22>der Zugang zur stillen Firnhöhle<hex:03>",0,0,0
1396,"Schneesturm-Wand",0,"",0,0,1,0,0,"<hex:020953E802FF15>zur Schneesturm-Wand<hex:FF18>an der Schneesturm-Wand<hex:FF20>der Zugang zur Schneesturm-Wand<hex:03>",0,0,0
1397,"Kavernen der Gläubigen",0,"",0,0,1,0,0,"<hex:02096EE802FF1F>zu den Kavernen der Gläubigen<hex:FF1F>in den Kavernen der Gläubigen<hex:FF2A>der Zugang zu den Kavernen der Gläubigen<hex:03>",0,0,0
1398,"Eissäulen-Arena",0,"",0,0,1,0,0,"<hex:020953E802FF15>zur Eissäulen-Arena<hex:FF18>in der Eissäulen-Arena<hex:FF20>der Zugang zur Eissäulen-Arena<hex:03>",0,0,0
1399,"Akh Afah",0,"",0,0,1,0,0,"<hex:020937E802FF0D>zum Akh Afah<hex:FF0C>im Akh Afah<hex:FF18>der Zugang zum Akh Afah<hex:03>",0,0,0
1400,"Zufluchtsstätte",0,"",0,0,1,0,0,"<hex:020948E802FF15>zur Zufluchtsstätte<hex:FF18>in der Zufluchtsstätte<hex:FF15>die Zufluchtsstätte<hex:03>",0,0,0
1401,"Abwasserraum",0,"",0,0,1,0,0,"<hex:020938E802FF11>zum Abwasserraum<hex:FF10>im Abwasserraum<hex:FF11>der Abwasserraum<hex:03>",0,0,0
1402,"",0,"",0,0,0,0,0,"",0,0,0
1403,"Versunkener Tempel von Qarn (schwer)",0,"",0,0,1,0,0,"<hex:020964E802FF20>zum Versunkenen Tempel von Qarn<hex:FF1F>im Versunkenen Tempel von Qarn<hex:FF1F>der Versunkene Tempel von Qarn<hex:03>",0,0,0
1404,"Viridarium von Lalafuto IV.",0,"",0,0,1,0,0,"<hex:020970E802FF20>zum Viridarium von Lalafuto IV.<hex:FF1F>im Viridarium von Lalafuto IV.<hex:FF2B>der Zugang zum Viridarium von Lalafuto IV.<hex:03>",0,0,0
1405,"Rosarium von Lalafuto I.",0,"",0,0,1,0,0,"<hex:02095CE802FF1D>zum Rosarium von Lalafuto I.<hex:FF1C>im Rosarium von Lalafuto I.<hex:FF1D>das Rosarium von Lalafuto I.<hex:03>",0,0,0
1406,"Zentrale Decks RVH-06",0,"",0,0,1,0,0,"<hex:020949E802FF17>zu den zentralen Decks<hex:FF18>auf den zentralen Decks<hex:FF14>die zentralen Decks<hex:03>",0,0,0
1407,"Regenerationssektor RVH-06",0,"",0,0,1,0,0,"<hex:020958E802FF18>zum Regenerationssektor<hex:FF17>im Regenerationssektor<hex:FF23>der Zugang zum Regenerationssektor<hex:03>",0,0,0
1408,"Kommandobrücke RVH-06",0,"",0,0,1,0,0,"<hex:020946E802FF14>zur Kommandobrücke<hex:FF18>auf der Kommandobrücke<hex:FF14>die Kommandobrücke<hex:03>",0,0,0
1409,"Bahamuts Herz",0,"",0,0,1,0,0,"<hex:020945E802FF11>zu Bahamuts Herz<hex:FF12>bei Bahamuts Herz<hex:FF1C>der Zugang zu Bahamuts Herz<hex:03>",0,0,0
1410,"Kommandobrücke RVH-04",0,"",0,0,1,0,0,"<hex:020946E802FF14>zur Kommandobrücke<hex:FF18>auf der Kommandobrücke<hex:FF14>die Kommandobrücke<hex:03>",0,0,0
1411,"Biowaffen-Magazin",0,"",0,0,1,0,0,"<hex:020947E802FF16>zum Biowaffen-Magazin<hex:FF15>im Biowaffen-Magazin<hex:FF16>das Biowaffen-Magazin<hex:03>",0,0,0
1412,"Bio-Sektor VII",0,"",0,0,1,0,0,"<hex:02093AE802FF13>zum Bio-Sektor VII<hex:FF12>im Bio-Sektor VII<hex:FF0F>Bio-Sektor VII<hex:03>",0,0,0
1413,"Bio-Sektor IX",0,"",0,0,1,0,0,"<hex:020937E802FF12>zum Bio-Sektor IX<hex:FF11>im Bio-Sektor IX<hex:FF0E>Bio-Sektor IX<hex:03>",0,0,0
1414,"Bio-Sektor XII",0,"",0,0,1,0,0,"<hex:02093AE802FF13>zum Bio-Sektor XII<hex:FF12>im Bio-Sektor XII<hex:FF0F>Bio-Sektor XII<hex:03>",0,0,0
1415,"Nerven-Schnittstelle",0,"",0,0,1,0,0,"<hex:02095FE802FF19>zur Nerven-Schnittstelle<hex:FF1C>an der Nerven-Schnittstelle<hex:FF24>der Zugang zur Nerven-Schnittstelle<hex:03>",0,0,0
1416,"Alpha-Emergenzzone",0,"",0,0,1,0,0,"<hex:020959E802FF17>zur Alpha-Emergenzzone<hex:FF1A>in der Alpha-Emergenzzone<hex:FF22>der Zugang zur Alpha-Emergenzzone<hex:03>",0,0,0
1417,"Biowaffen-Überstellung",0,"",0,0,1,0,0,"<hex:02095DE802FF1C>zur Biowaffen-Überstellung<hex:FF1F>in der Biowaffen-Überstellung<hex:FF1C>die Biowaffen-Überstellung<hex:03>",0,0,0
1418,"Äußerer Regenerationssektor",0,"",0,0,1,0,0,"<hex:020976E802FF22>zum äußeren Regenerationssektor<hex:FF21>im äußeren Regenerationssektor<hex:FF2D>der Zugang zum äußeren Regenerationssektor<hex:03>",0,0,0
1419,"Innerer Regenerationssektor",0,"",0,0,1,0,0,"<hex:020970E802FF20>zum inneren Regenerationssektor<hex:FF1F>im inneren Regenerationssektor<hex:FF2B>der Zugang zum inneren Regenerationssektor<hex:03>",0,0,0
1420,"Kontrollsektor VH-01",0,"",0,0,1,0,0,"<hex:02095DE802FF19>zum Kontrollsektor VH-01<hex:FF18>im Kontrollsektor VH-01<hex:FF26>der Zugang zur m Kontrollsektor VH-01<hex:03>",0,0,0
1421,"Kontrollsektor VH-08",0,"",0,0,1,0,0,"<hex:02095DE802FF19>zum Kontrollsektor VH-08<hex:FF18>im Kontrollsektor VH-08<hex:FF26>der Zugang zur m Kontrollsektor VH-08<hex:03>",0,0,0
1422,"Kontrollsektor VH-09",0,"",0,0,1,0,0,"<hex:02095DE802FF19>zum Kontrollsektor VH-09<hex:FF18>im Kontrollsektor VH-09<hex:FF26>der Zugang zur m Kontrollsektor VH-09<hex:03>",0,0,0
1423,"Kontrollsektor VH-04",0,"",0,0,1,0,0,"<hex:02095DE802FF19>zum Kontrollsektor VH-04<hex:FF18>im Kontrollsektor VH-04<hex:FF26>der Zugang zur m Kontrollsektor VH-04<hex:03>",0,0,0
1424,"Kontrollsektor VH-02",0,"",0,0,1,0,0,"<hex:02095DE802FF19>zum Kontrollsektor VH-02<hex:FF18>im Kontrollsektor VH-02<hex:FF26>der Zugang zur m Kontrollsektor VH-02<hex:03>",0,0,0
1425,"Verkeilungshulk-Operationsebene",0,"",0,0,1,0,0,"<hex:020980E802FF24>zur Verkeilungshulk-Operationsebene<hex:FF27>in der Verkeilungshulk-Operationsebene<hex:FF2F>der Zugang zur Verkeilungshulk-Operationsebene<hex:03>",0,0,0
1426,"Kern-Steuereinheit",0,"",0,0,1,0,0,"<hex:020959E802FF17>zur Kern-Steuereinheit<hex:FF1A>in der Kern-Steuereinheit<hex:FF22>der Zugang zur Kern-Steuereinheit<hex:03>",0,0,0
1427,"Schwestern von Edelweiß",0,"",0,0,1,0,0,"<hex:020964E802FF20>zu den Schwestern von Edelweiß<hex:FF21>bei den Schwestern von Edelweiß<hex:FF1D>die Schwestern von Edelweiß<hex:03>",0,0,0
1428,"Altes Bootshaus",0,"",0,0,1,0,0,"<hex:02093FE802FF13>ins alte Bootshaus<hex:FF13>im alten Bootshaus<hex:FF13>das alte Bootshaus<hex:03>",0,0,0
1429,"Empfangszimmer",0,"",0,0,1,0,0,"<hex:02093EE802FF13>ins Empfangszimmer<hex:FF12>im Empfangszimmer<hex:FF13>das Empfangszimmer<hex:03>",0,0,0
1430,"Keller",0,"",0,0,1,0,0,"<hex:020929E802FF0E>in den Keller<hex:FF0A>im Keller<hex:FF0B>der Keller<hex:03>",0,0,0
1431,"Welt der Dunkelheit",0,"",0,0,1,0,0,"<hex:020954E802FF1B>in die Welt der Dunkelheit<hex:FF1B>in der Welt der Dunkelheit<hex:FF18>die Welt der Dunkelheit<hex:03>",0,0,0
1432,"Bauch der Bestie",0,"",0,0,1,0,0,"<hex:020947E802FF18>in den Bauch der Bestie<hex:FF14>im Bauch der Bestie<hex:FF15>der Bauch der Bestie<hex:03>",0,0,0
1433,"Sphäre des Düsterblicks",0,"",0,0,1,0,0,"<hex:020966E802FF21>in die Sphäre des Düsterblicks<hex:FF21>in der Sphäre des Düsterblicks<hex:FF1E>die Sphäre des Düsterblicks<hex:03>",0,0,0
1434,"Sphäre des Fünfköpflers",0,"",0,0,1,0,0,"<hex:020969E802FF22>in die Sphäre des Fünfköpflers<hex:FF22>in der Sphäre des Fünfköpflers<hex:FF1F>die Sphäre des Fünfköpflers<hex:03>",0,0,0
1435,"Sphäre des Nichtskläffers",0,"",0,0,1,0,0,"<hex:02096CE802FF23>in die Sphäre des Nichtskläffers<hex:FF23>in der Sphäre des Nichtskläffers<hex:FF20>die Sphäre des Nichtskläffers<hex:03>",0,0,0
1436,"Sphäre der Leere",0,"",0,0,1,0,0,"<hex:02094EE802FF19>in die Sphäre der Leere<hex:FF19>in der Sphäre der Leere<hex:FF16>die Sphäre der Leere<hex:03>",0,0,0
1437,"Bauch der Bestie",0,"",0,0,1,0,0,"<hex:020947E802FF18>in den Bauch der Bestie<hex:FF14>im Bauch der Bestie<hex:FF15>der Bauch der Bestie<hex:03>",0,0,0
1438,"Dunkelwasser",0,"",0,0,1,0,0,"<hex:020938E802FF11>ins Dunkelwasser<hex:FF10>im Dunkelwasser<hex:FF11>das Dunkelwasser<hex:03>",0,0,0
1439,"Das Auge",0,"",0,0,1,0,0,"<hex:020920E802FF09>ins Auge<hex:FF08>im Auge<hex:FF09>das Auge<hex:03>",0,0,0
1440,"Der Ausguck",0,"",0,0,1,0,0,"<hex:02092CE802FF0F>in den Ausguck<hex:FF0B>im Ausguck<hex:FF0C>der Ausguck<hex:03>",0,0,0
1441,"Das Haupt",0,"",0,0,1,0,0,"<hex:020926E802FF0D>in das Haupt<hex:FF09>im Haupt<hex:FF0A>das Haupt<hex:03>",0,0,0
1442,"Der Jagdhof",0,"",0,0,1,0,0,"<hex:02092CE802FF0F>in den Jagdhof<hex:FF0B>im Jagdhof<hex:FF0C>der Jagdhof<hex:03>",0,0,0
1443,"Das Maul",0,"",0,0,1,0,0,"<hex:020920E802FF09>ins Maul<hex:FF08>im Maul<hex:FF09>das Maul<hex:03>",0,0,0
1444,"Plutonium",0,"",0,0,1,0,0,"<hex:020932E802FF11>in das Plutonium<hex:FF0D>im Plutonium<hex:FF0E>das Plutonium<hex:03>",0,0,0
1445,"Der Saum",0,"",0,0,1,0,0,"<hex:020923E802FF0C>in den Saum<hex:FF08>im Saum<hex:FF09>der Saum<hex:03>",0,0,0
1446,"Tiefstes Dunkel",0,"",0,0,1,0,0,"<hex:020942E802FF16>in das Tiefste Dunkel<hex:FF13>im Tiefsten Dunkel<hex:FF13>das Tiefste Dunkel<hex:03>",0,0,0
1447,"Die Ruinen von Amdapor (schwer)",0,"",0,0,1,0,0,"<hex:020951E802FF1A>zu den Ruinen von Amdapor<hex:FF1A>in den Ruinen von Amdapor<hex:FF17>die Ruinen von Amdapor<hex:03>",0,0,0
1448,"Kummergarten",0,"",0,0,1,0,0,"<hex:02093CE802FF11>zum Kummergarten<hex:FF14>in den Kummergarten<hex:FF11>der Kummergarten<hex:03>",0,0,0
1449,"Versammlungshalle",0,"",0,0,1,0,0,"<hex:02094BE802FF16>zur Versammlungshalle<hex:FF19>in die Versammlungshalle<hex:FF16>die Versammlungshalle<hex:03>",0,0,0
1450,"Unheilvolle Kreuzung",0,"",0,0,1,0,0,"<hex:020957E802FF1A>zur unheilvollen Kreuzung<hex:FF1E>auf der unheilvollen Kreuzung<hex:FF19>die unheilvolle Kreuzung<hex:03>",0,0,0
1451,"Blutroter Ballsaal",0,"",0,0,1,0,0,"<hex:02094DE802FF17>zum Blutroten Ballsaal<hex:FF1A>in den Blutroten Ballsaal<hex:FF16>der Blutrote Ballsaal<hex:03>",0,0,0
1452,"Großer Schoner",0,"",0,0,1,0,0,"",0,0,0
1453,"Schwestern von Edelweiß<hex:02100103>(Schurkengilde)",0,"",0,0,1,0,0,"",0,0,0
1454,"31",0,"",0,0,1,0,0,"",0,0,0
1455,"32",0,"",0,0,1,0,0,"",0,0,0
1456,"33",0,"",0,0,1,0,0,"",0,0,0
1457,"34",0,"",0,0,1,0,0,"",0,0,0
1458,"35",0,"",0,0,1,0,0,"",0,0,0
1459,"36",0,"",0,0,1,0,0,"",0,0,0
1460,"37",0,"",0,0,1,0,0,"",0,0,0
1461,"38",0,"",0,0,1,0,0,"",0,0,0
1462,"39",0,"",0,0,1,0,0,"",0,0,0
1463,"40",0,"",0,0,1,0,0,"",0,0,0
1464,"41",0,"",0,0,1,0,0,"",0,0,0
1465,"42",0,"",0,0,1,0,0,"",0,0,0
1466,"43",0,"",0,0,1,0,0,"",0,0,0
1467,"44",0,"",0,0,1,0,0,"",0,0,0
1468,"45",0,"",0,0,1,0,0,"",0,0,0
1469,"46",0,"",0,0,1,0,0,"",0,0,0
1470,"47",0,"",0,0,1,0,0,"",0,0,0
1471,"48",0,"",0,0,1,0,0,"",0,0,0
1472,"49",0,"",0,0,1,0,0,"",0,0,0
1473,"50",0,"",0,0,1,0,0,"",0,0,0
1474,"51",0,"",0,0,1,0,0,"",0,0,0
1475,"52",0,"",0,0,1,0,0,"",0,0,0
1476,"53",0,"",0,0,1,0,0,"",0,0,0
1477,"54",0,"",0,0,1,0,0,"",0,0,0
1478,"55",0,"",0,0,1,0,0,"",0,0,0
1479,"56",0,"",0,0,1,0,0,"",0,0,0
1480,"57",0,"",0,0,1,0,0,"",0,0,0
1481,"58",0,"",0,0,1,0,0,"",0,0,0
1482,"59",0,"",0,0,1,0,0,"",0,0,0
1483,"60",0,"",0,0,1,0,0,"",0,0,0
1484,"Gold Saucer",0,"",0,0,1,0,0,"<hex:020940E802FF10>zum Gold Saucer<hex:FF0F>im Gold Saucer<hex:FF1B>der Zugang zum Gold Saucer<hex:03>",0,0,0
1485,"Foyer",0,"",0,0,1,0,0,"<hex:02092EE802FF0A>ins Foyer<hex:FF09>im Foyer<hex:FF15>der Zugang zum Foyer<hex:03>",0,0,0
1486,"Gold Saucer-Ätherytenplatz",0,"",0,0,1,0,0,"<hex:020975E802FF20>zum Gold Saucer-Ätherytenplatz<hex:FF24>auf dem Gold Saucer-Ätherytenplatz<hex:FF2B>der Zugang zum Gold Saucer-Ätherytenplatz<hex:03>",0,0,0
1487,"Kartenspiel-Salon",0,"",0,0,1,0,0,"<hex:020955E802FF19>in den Kartenspiel-Salon<hex:FF15>im Kartenspiel-Salon<hex:FF21>der Zugang zum Kartenspiel-Salon<hex:03>",0,0,0
1488,"Platz der Wunder",0,"",0,0,1,0,0,"<hex:020954E802FF15>zum Platz der Wunder<hex:FF19>auf dem Platz der Wunder<hex:FF20>der Zugang zum Platz der Wunder<hex:03>",0,0,0
1489,"Rondell",0,"",0,0,1,0,0,"<hex:020939E802FF0C>zum Rondell<hex:FF10>auf dem Rondell<hex:FF17>der Zugang zum Rondell<hex:03>",0,0,0
1490,"Varieté-Saal",0,"",0,0,1,0,0,"<hex:020949E802FF15>in den Varieté-Saal<hex:FF11>im Varieté-Saal<hex:FF1D>der Zugang zum Varieté-Saal<hex:03>",0,0,0
1491,"Luftschiff-Landeplatz",0,"",0,0,1,0,0,"<hex:020963E802FF1A>zum Luftschiff-Landeplatz<hex:FF1E>auf dem Luftschiff-Landeplatz<hex:FF25>der Zugang zum Luftschiff-Landeplatz<hex:03>",0,0,0
1492,"Hauptschalter",0,"",0,0,1,0,0,"<hex:020946E802FF12>zum Hauptschalter<hex:FF11>am Hauptschalter<hex:FF1D>der Zugang zum Hauptschalter<hex:03>",0,0,0
1493,"Chocobo-Lift",0,"",0,0,1,0,0,"<hex:020943E802FF11>zum Chocobo-Lift<hex:FF10>am Chocobo-Lift<hex:FF1C>der Zugang zum Chocobo-Lift<hex:03>",0,0,0
1494,"El Coloso",0,"",0,0,1,0,0,"<hex:020938E802FF0D>zu El Coloso<hex:FF0D>an El Coloso<hex:FF18>der Zugang zu El Coloso<hex:03>",0,0,0
1495,"Mount Corel",0,"",0,0,1,0,0,"<hex:020940E802FF10>zum Mount Corel<hex:FF0F>am Mount Corel<hex:FF1B>der Zugang zum Mount Corel<hex:03>",0,0,0
1496,"Hauptbühne",0,"",0,0,1,0,0,"<hex:020945E802FF10>zur Hauptbühne<hex:FF14>auf der Hauptbühne<hex:FF1B>der Zugang zur Hauptbühne<hex:03>",0,0,0
1497,"Glückskaktor-Schalter",0,"",0,0,1,0,0,"<hex:020961E802FF1B>zum Glückskaktor-Schalter<hex:FF1A>am Glückskaktor-Schalter<hex:FF26>der Zugang zum Glückskaktor-Schalter<hex:03>",0,0,0
1498,"Manderville-Tische",0,"",0,0,1,0,0,"<hex:02093AE802FF1A>an die Manderville-Tische<hex:FF1B>an den Manderville-Tischen<hex:03>",0,0,0
1499,"Manderville-Lounge",0,"",0,0,1,0,0,"<hex:02095CE802FF1A>in die Manderville-Lounge<hex:FF1A>in der Manderville-Lounge<hex:FF22>der Zugang zur Manderville-Lounge<hex:03>",0,0,0
1500,"Chocobo-Platz",0,"",0,0,1,0,0,"<hex:02094FE802FF16>auf den Chocobo-Platz<hex:FF16>auf dem Chocobo-Platz<hex:FF1D>der Zugang zum Chocobo-Platz<hex:03>",0,0,0
1501,"Rennschalter",0,"",0,0,1,0,0,"<hex:020943E802FF11>zum Rennschalter<hex:FF10>am Rennschalter<hex:FF1C>der Zugang zum Rennschalter<hex:03>",0,0,0
1502,"Chocobo-Lift",0,"",0,0,1,0,0,"<hex:020943E802FF11>zum Chocobo-Lift<hex:FF10>am Chocobo-Lift<hex:FF1C>der Zugang zum Chocobo-Lift<hex:03>",0,0,0
1503,"Rumpf der Agrius",0,"",0,0,1,0,0,"<hex:02094FE802FF15>zum Rumpf der Agrius<hex:FF14>am Rumpf der Agrius<hex:FF20>der Zugang zum Rumpf der Agrius<hex:03>",0,0,0
1504,"Provisorisches Forschungslager",0,"",0,0,1,0,0,"<hex:020979E802FF23>zum provisorischen Forschungslager<hex:FF22>im provisorischen Forschungslager<hex:FF2E>der Zugang zum provisorischen Forschungslager<hex:03>",0,0,0
1505,"Erdseim-Versiegelung",0,"",0,0,1,0,0,"<hex:02095FE802FF19>zur Erdseim-Versiegelung<hex:FF1C>an der Erdseim-Versiegelung<hex:FF24>der Zugang zur Erdseim-Versiegelung<hex:03>",0,0,0
1506,"Der Nacken des Hüters",0,"",0,0,1,0,0,"<hex:020955E802FF17>zum Nacken des Hüters<hex:FF16>am Nacken des Hüters<hex:FF22>der Zugang zum Nacken des Hüters<hex:03>",0,0,0
1507,"Stätte des Ersten Bundes",0,"",0,0,1,0,0,"<hex:02096EE802FF1E>zur Stätte des Ersten Bundes<hex:FF21>an der Stätte des Ersten Bundes<hex:FF29>der Zugang zur Stätte des Ersten Bundes<hex:03>",0,0,0
1508,"Erste Magiebarriere",0,"",0,0,1,0,0,"",0,0,0
1509,"Zweite Magiebarriere",0,"",0,0,1,0,0,"",0,0,0
1510,"Flaviens Arm",0,"",0,0,1,0,0,"<hex:020942E802FF10>zu Flaviens Arm<hex:FF11>bei Flaviens Arm<hex:FF1B>der Zugang zu Flaviens Arm<hex:03>",0,0,0
1511,"Dritte Magiebarriere",0,"",0,0,1,0,0,"",0,0,0
1512,"Sylvetrels Arm",0,"",0,0,1,0,0,"<hex:020948E802FF12>zu Sylvetrels Arm<hex:FF13>bei Sylvetrels Arm<hex:FF1D>der Zugang zu Sylvetrels Arm<hex:03>",0,0,0
1513,"Vierte Magiebarriere",0,"",0,0,1,0,0,"",0,0,0
1514,"Haldraths Arm",0,"",0,0,1,0,0,"<hex:020945E802FF11>zu Haldraths Arm<hex:FF12>bei Haldraths Arm<hex:FF1C>der Zugang zu Haldraths Arm<hex:03>",0,0,0
1515,"Der Bogen des Würdigen",0,"",0,0,1,0,0,"",0,0,0
1516,"Der Schicksalsweg",0,"",0,0,1,0,0,"",0,0,0
1517,"Gold Saucer-Ätherytenplatz",0,"",0,0,1,0,0,"<hex:020975E802FF20>zum Gold Saucer-Ätherytenplatz<hex:FF24>auf dem Gold Saucer-Ätherytenplatz<hex:FF2B>der Zugang zum Gold Saucer-Ätherytenplatz<hex:03>",0,0,0
1518,"Foyer und Kartenspiel-Salon",0,"",0,0,1,0,0,"<hex:02092EE802FF0A>ins Foyer<hex:FF09>im Foyer<hex:FF15>der Zugang zum Foyer<hex:03>",0,0,0
1519,"Platz der Wunder (Ost)",0,"",0,0,1,0,0,"<hex:020966E802FF1B>zum Platz der Wunder (Ost)<hex:FF1F>auf dem Platz der Wunder (Ost)<hex:FF26>der Zugang zum Platz der Wunder (Ost)<hex:03>",0,0,0
1520,"Platz der Wunder (West)",0,"",0,0,1,0,0,"<hex:020969E802FF1C>zum Platz der Wunder (West)<hex:FF20>auf dem Platz der Wunder (West)<hex:FF27>der Zugang zum Platz der Wunder (West)<hex:03>",0,0,0
1521,"Varieté-Saal",0,"",0,0,1,0,0,"<hex:020949E802FF15>in den Varieté-Saal<hex:FF11>im Varieté-Saal<hex:FF1D>der Zugang zum Varieté-Saal<hex:03>",0,0,0
1522,"Glückskaktor-Schalter",0,"",0,0,1,0,0,"<hex:020961E802FF1B>zum Glückskaktor-Schalter<hex:FF1A>am Glückskaktor-Schalter<hex:FF26>der Zugang zum Glückskaktor-Schalter<hex:03>",0,0,0
1523,"Rondell",0,"",0,0,1,0,0,"<hex:020939E802FF0C>zum Rondell<hex:FF10>auf dem Rondell<hex:FF17>der Zugang zum Rondell<hex:03>",0,0,0
1524,"Chocobo-Platz",0,"",0,0,1,0,0,"<hex:02094FE802FF16>auf den Chocobo-Platz<hex:FF16>auf dem Chocobo-Platz<hex:FF1D>der Zugang zum Chocobo-Platz<hex:03>",0,0,0
1525,"Vorderdeck",0,"",0,0,1,0,0,"",0,0,0
1526,"Achterdeck",0,"",0,0,1,0,0,"",0,0,0
1527,"Heck",0,"",0,0,1,0,0,"",0,0,0
1528,"Erdgeschoss",0,"",0,0,1,0,0,"<hex:020935E802FF10>zum Erdgeschoss<hex:FF0F>im Erdgeschoss<hex:FF10>das Erdgeschoss<hex:03>",0,0,0
1529,"Zweiter Stock",0,"",0,0,1,0,0,"<hex:02093AE802FF12>zum zweiten Stock<hex:FF11>im zweiten Stock<hex:FF11>der zweite Stock<hex:03>",0,0,0
1530,"Keller",0,"",0,0,1,0,0,"<hex:020926E802FF0B>zum Keller<hex:FF0A>im Keller<hex:FF0B>der Keller<hex:03>",0,0,0
1531,"Vorhof",0,"",0,0,1,0,0,"<hex:020926E802FF0B>zum Vorhof<hex:FF0A>im Vorhof<hex:FF0B>der Vorhof<hex:03>",0,0,0
1532,"Kaserne",0,"",0,0,1,0,0,"<hex:02092DE802FF0C>zur Kaserne<hex:FF0F>in der Kaserne<hex:FF0C>die Kaserne<hex:03>",0,0,0
1533,"Innere Festung",0,"",0,0,1,0,0,"<hex:020944E802FF14>zur inneren Festung<hex:FF17>in der inneren Festung<hex:FF13>die innere Festung<hex:03>",0,0,0
1534,"Paradeplatz",0,"",0,0,1,0,0,"<hex:020945E802FF10>zum Paradeplatz<hex:FF14>auf dem Paradeplatz<hex:FF1B>der Zugang zum Paradeplatz<hex:03>",0,0,0
1535,"Kommandozimmer",0,"",0,0,1,0,0,"<hex:020949E802FF13>ins Kommandozimmer<hex:FF12>im Kommandozimmer<hex:FF1E>der Zugang zum Kommandozimmer<hex:03>",0,0,0
1536,"Sankt Guenriol-Kapelle",0,"",0,0,1,0,0,"<hex:020968E802FF1E>in die Sankt Guenriol-Kapelle<hex:FF1E>in der Sankt Guenriol-Kapelle<hex:FF26>der Zugang zur Sankt Guenriol-Kapelle<hex:03>",0,0,0
1537,"Festungsmauer",0,"",0,0,1,0,0,"<hex:02094AE802FF12>zur Festungsmauer<hex:FF15>an der Festungsmauer<hex:FF1D>der Zugang zur Festungsmauer<hex:03>",0,0,0
1538,"Ziel",0,"",0,0,1,0,0,"<hex:020920E802FF09>zum Ziel<hex:FF08>im Ziel<hex:FF09>das Ziel<hex:03>",0,0,0
1539,"Fliegende Inseln",0,"",0,0,1,0,0,"<hex:02095DE802FF19>zu den fliegenden Inseln<hex:FF1A>auf den fliegenden Inseln<hex:FF24>der Zugang zu den fliegenden Inseln<hex:03>",0,0,0
1540,"Pfad der wogenden Wipfel",0,"",0,0,1,0,0,"<hex:020967E802FF1D>zum Pfad der wogenden Wipfel<hex:FF1C>am Pfad der wogenden Wipfel<hex:FF28>der Zugang zum Pfad der wogenden Wipfel<hex:03>",0,0,0
1541,"See der sprudelnden Wasser",0,"",0,0,1,0,0,"<hex:02096DE802FF1F>zum See der sprudelnden Wasser<hex:FF1E>am See der sprudelnden Wasser<hex:FF2A>der Zugang zum See der sprudelnden Wasser<hex:03>",0,0,0
1542,"Insel des Göttersturms",0,"",0,0,1,0,0,"<hex:020969E802FF1C>zur Insel des Göttersturms<hex:FF20>auf der Insel des Göttersturms<hex:FF27>der Zugang zur Insel des Göttersturms<hex:03>",0,0,0
1543,"Kreis der irrenden Winde",0,"",0,0,1,0,0,"<hex:02095CE802FF1D>zum Kreis der irrenden Winde<hex:FF1C>im Kreis der irrenden Winde<hex:FF1D>der Kreis der irrenden Winde<hex:03>",0,0,0
1544,"Wolkenwiege",0,"",0,0,1,0,0,"<hex:020944E802FF10>zur Wolkenwiege<hex:FF13>in der Wolkenwiege<hex:FF1B>der Zugang zur Wolkenwiege<hex:03>",0,0,0
1545,"Zentraldeck",0,"",0,0,1,0,0,"<hex:020945E802FF10>zum Zentraldeck<hex:FF14>auf dem Zentraldeck<hex:FF1B>der Zugang zum Zentraldeck<hex:03>",0,0,0
1546,"Ziviles Ausstellungsdeck",0,"",0,0,1,0,0,"<hex:02096CE802FF1D>zum zivilen Ausstellungsdeck<hex:FF21>auf dem zivilen Ausstellungsdeck<hex:FF28>der Zugang zum zivilen Ausstellungsdeck<hex:03>",0,0,0
1547,"Militärisches Ausstellungsdeck",0,"",0,0,1,0,0,"<hex:020981E802FF24>zum militärischen Ausstellungsdeck<hex:FF28>auf dem militärischen Ausstellungsdeck<hex:FF2F>der Zugang zum militärischen Ausstellungsdeck<hex:03>",0,0,0
1548,"Verteidigungsdeck",0,"",0,0,1,0,0,"<hex:020953E802FF16>zum Verteidigungsdeck<hex:FF16>auf dem Verteidigungs<hex:FF21>der Zugang zum Verteidigungsdeck<hex:03>",0,0,0
1549,"Ausstellungssektor III",0,"",0,0,1,0,0,"<hex:020961E802FF1B>zum Ausstellungssektor III<hex:FF1A>im Ausstellungssektor III<hex:FF26>der Zugang zum Ausstellungssektor III<hex:03>",0,0,0
1550,"Inkubationskammer",0,"",0,0,1,0,0,"<hex:020956E802FF16>zur Inkubationskammer<hex:FF19>in der Inkubationskammer<hex:FF21>der Zugang zur Inkubationskammer<hex:03>",0,0,0
1551,"Sektor Violett",0,"",0,0,1,0,0,"<hex:020949E802FF13>zum Sektor Violett<hex:FF12>im Sektor Violett<hex:FF1E>der Zugang zum Sektor Violett<hex:03>",0,0,0
1552,"Sektor Rot",0,"",0,0,1,0,0,"<hex:02093DE802FF0F>zum Sektor Rot<hex:FF0E>im Sektor Rot<hex:FF1A>der Zugang zum Sektor Rot<hex:03>",0,0,0
1553,"Sektor Grün",0,"",0,0,1,0,0,"<hex:020943E802FF11>zum Sektor Grün<hex:FF10>im Sektor Grün<hex:FF1C>der Zugang zum Sektor Grün<hex:03>",0,0,0
1554,"Dilatationskammer",0,"",0,0,1,0,0,"<hex:020956E802FF16>zur Dilatationskammer<hex:FF19>in der Dilatationskammer<hex:FF21>der Zugang zur Dilatationskammer<hex:03>",0,0,0
1555,"Bugsektion",0,"",0,0,1,0,0,"<hex:020941E802FF0F>zur Bugsektion<hex:FF12>in der Bugsektion<hex:FF1A>der Zugang zur Bugsektion<hex:03>",0,0,0
1556,"Backbordsektion",0,"",0,0,1,0,0,"<hex:020950E802FF14>zur Backbordsektion<hex:FF17>in der Backbordsektion<hex:FF1F>der Zugang zur Backbordsektion<hex:03>",0,0,0
1557,"Steuerbordsektion",0,"",0,0,1,0,0,"<hex:020956E802FF16>zur Steuerbordsektion<hex:FF19>in der Steuerbordsektion<hex:FF21>der Zugang zur Steuerbordsektion<hex:03>",0,0,0
1558,"Mittelschiff",0,"",0,0,1,0,0,"<hex:020938E802FF11>zum Mittelschiff<hex:FF10>im Mittelschiff<hex:FF11>das Mittelschiff<hex:03>",0,0,0
1559,"Seitenschiff",0,"",0,0,1,0,0,"<hex:020938E802FF11>zum Seitenschiff<hex:FF10>im Seitenschiff<hex:FF11>das Seitenschiff<hex:03>",0,0,0
1560,"Wassergarten",0,"",0,0,1,0,0,"<hex:020938E802FF11>zum Wassergarten<hex:FF10>im Wassergarten<hex:FF11>der Wassergarten<hex:03>",0,0,0
1561,"Göttliches Firmament",0,"",0,0,1,0,0,"<hex:020952E802FF1A>zum göttlichen Firmament<hex:FF19>am göttlichen Firmament<hex:FF19>das göttliche Firmament<hex:03>",0,0,0
1562,"Oberes Mittelschiff",0,"",0,0,1,0,0,"<hex:02094CE802FF18>zum oberen Mittelschiff<hex:FF17>im oberen Mittelschiff<hex:FF17>das obere Mittelschiff<hex:03>",0,0,0
1563,"Unteres Mittelschiff",0,"",0,0,1,0,0,"<hex:02094FE802FF19>zum unteren Mittelschiff<hex:FF18>im unteren Mittelschiff<hex:FF18>das untere Mittelschiff<hex:03>",0,0,0
1564,"Seitliches Treppenhaus",0,"",0,0,1,0,0,"<hex:020955E802FF1B>zum seitlichen Treppenhaus<hex:FF1A>im seitlichen Treppenhaus<hex:FF1A>das seitliche Treppenhaus<hex:03>",0,0,0
1565,"Östliches Treppenhaus",0,"",0,0,1,0,0,"<hex:020955E802FF1B>zum östlichen Treppenhaus<hex:FF1A>im östlichen Treppenhaus<hex:FF1A>das östliche Treppenhaus<hex:03>",0,0,0
1566,"Westliches Treppenhaus",0,"",0,0,1,0,0,"<hex:020955E802FF1B>zum westlichen Treppenhaus<hex:FF1A>im westlichen Treppenhaus<hex:FF1A>das westliche Treppenhaus<hex:03>",0,0,0
1567,"Oberes Treppenhaus",0,"",0,0,1,0,0,"<hex:020949E802FF17>zum oberen Treppenhaus<hex:FF16>im oberen Treppenhaus<hex:FF16>das obere Treppenhaus<hex:03>",0,0,0
1568,"Andachtsraum",0,"",0,0,1,0,0,"<hex:020938E802FF11>zum Andachtsraum<hex:FF10>im Andachtsraum<hex:FF11>der Andachtsraum<hex:03>",0,0,0
1569,"",0,"",0,0,1,0,0,"",0,0,0
1570,"Chorempore",0,"",0,0,1,0,0,"<hex:020942E802FF0F>zur Chorempore<hex:FF13>auf der Chorempore<hex:FF1A>der Zugang zur Chorempore<hex:03>",0,0,0
1571,"Himmelsgewölbe",0,"",0,0,1,0,0,"<hex:02094CE802FF14>zum Himmelsgewölbe<hex:FF13>im Himmelsgewölbe<hex:FF1F>der Zugang zum Himmelsgewölbe<hex:03>",0,0,0
1572,"Bekenntnis des Glaubens",0,"",0,0,1,0,0,"<hex:020969E802FF1C>zum Bekenntnis des Glaubens<hex:FF20>auf dem Bekenntnis des Glaubens<hex:FF27>der Zugang zum Bekenntnis des Glaubens<hex:03>",0,0,0
1573,"Der Schweif",0,"",0,0,1,0,0,"<hex:020939E802FF0C>zum Schweif<hex:FF10>auf dem Schweif<hex:FF17>der Zugang zum Schweif<hex:03>",0,0,0
1574,"Der Bauch",0,"",0,0,1,0,0,"<hex:02092EE802FF0A>zum Bauch<hex:FF09>im Bauch<hex:FF15>der Zugang zum Bauch<hex:03>",0,0,0
1575,"Der Schädel",0,"",0,0,1,0,0,"<hex:02093CE802FF0D>zum Schädel<hex:FF11>auf dem Schädel<hex:FF18>der Zugang zum Schädel<hex:03>",0,0,0
1576,"Gefechtssektion",0,"",0,0,1,0,0,"<hex:020950E802FF14>zur Gefechtssektion<hex:FF17>in der Gefechtssektion<hex:FF1F>der Zugang zur Gefechtssektion<hex:03>",0,0,0
1577,"Akh Fahl Lye",0,"",0,0,1,0,0,"<hex:020943E802FF12>nach Akh Fahl Lye<hex:FF10>in Akh Fahl Lye<hex:FF1B>der Zugang zu Akh Fahl Lye<hex:03>",0,0,0
1578,"Halle der Trabanten",0,"",0,0,1,0,0,"<hex:02095CE802FF18>zur Halle der Trabanten<hex:FF1B>in der Halle der Trabanten<hex:FF23>der Zugang zur Halle der Trabanten<hex:03>",0,0,0
1579,"Inkubatorraum 66",0,"",0,0,1,0,0,"<hex:02094FE802FF15>zum Inkubatorraum 66<hex:FF14>im Inkubatorraum 66<hex:FF20>der Zugang zum Inkubatorraum 66<hex:03>",0,0,0
1580,"Ten Oohr",0,"",0,0,1,0,0,"<hex:020937E802FF0E>nach Ten Oohr<hex:FF0C>in Ten Oohr<hex:FF17>der Zugang zu Ten Oohr<hex:03>",0,0,0
1581,"Errn Scorh",0,"",0,0,1,0,0,"<hex:02093DE802FF10>nach Errn Scorh<hex:FF0E>in Errn Scorh<hex:FF19>der Zugang zu Errn Scorh<hex:03>",0,0,0
1582,"Nidhogg An",0,"",0,0,1,0,0,"<hex:02093DE802FF10>nach Nidhogg An<hex:FF0E>in Nidhogg An<hex:FF19>der Zugang zu Nidhogg An<hex:03>",0,0,0
1583,"Unterbrochene Verbindung",0,"",0,0,1,0,0,"",0,0,0
1584,"Schlangenhals",0,"",0,0,1,0,0,"",0,0,0
1585,"Robbenholm-Landesteg",0,"",0,0,1,0,0,"",0,0,0
1586,"Lange Klamm",0,"",0,0,1,0,0,"",0,0,0
1587,"Schwalbenschwanz-Strand",0,"",0,0,1,0,0,"",0,0,0
1588,"Große Grabung",0,"",0,0,1,0,0,"",0,0,0
1589,"Hauptportal",0,"",0,0,1,0,0,"<hex:020935E802FF10>zum Hauptportal<hex:FF0F>am Hauptportal<hex:FF10>das Hauptportal<hex:03>",0,0,0
1590,"Automachina-Forschungssektor",0,"",0,0,1,0,0,"<hex:020968E802FF21>zum Automachina-Forschungssektor<hex:FF20>im Automachina-Forschungssektor<hex:FF21>der Automachina-Forschungssektor<hex:03>",0,0,0
1591,"Materialtransportrampe",0,"",0,0,1,0,0,"<hex:020966E802FF1B>zur Materialtransportrampe<hex:FF1F>auf der Materialtransportrampe<hex:FF26>der Zugang zur Materialtransportrampe<hex:03>",0,0,0
1592,"Materialverteilung",0,"",0,0,1,0,0,"<hex:020959E802FF17>zur Materialverteilung<hex:FF1A>in der Materialverteilung<hex:FF22>der Zugang zur Materialverteilung<hex:03>",0,0,0
1593,"Biowaffen-Forschungsblock",0,"",0,0,1,0,0,"<hex:02096AE802FF1E>zum Biowaffen-Forschungsblock<hex:FF1D>im Biowaffen-Forschungsblock<hex:FF29>der Zugang zum Biowaffen-Forschungsblock<hex:03>",0,0,0
1594,"Sicherheitsschleuse",0,"",0,0,1,0,0,"<hex:02095CE802FF18>zur Sicherheitsschleuse<hex:FF1B>an der Sicherheitsschleuse<hex:FF23>der Zugang zum Sicherheitsschleuse<hex:03>",0,0,0
1595,"Triaden-Konstriktion",0,"",0,0,1,0,0,"<hex:02095FE802FF19>zur Triaden-Konstriktion<hex:FF1C>in der Triaden-Konstriktion<hex:FF24>der Zugang zur Triaden-Konstriktion<hex:03>",0,0,0
1596,"Neurolink",0,"",0,0,1,0,0,"<hex:02092FE802FF0E>zum Neurolink<hex:FF0D>am Neurolink<hex:FF0E>der Neurolink<hex:03>",0,0,0
1597,"Marvyn-Sphäre",0,"",0,0,1,0,0,"<hex:02094DE802FF13>zur Marvyn-Sphäre<hex:FF16>an der Marvyn-Sphäre<hex:FF1E>der Zugang zur Marvyn-Sphäre<hex:03>",0,0,0
1598,"Prototypentest",0,"",0,0,1,0,0,"<hex:020949E802FF13>zum Prototypentest<hex:FF12>im Prototypentest<hex:FF1E>der Zugang zum Prototypentest<hex:03>",0,0,0
1599,"Evaluation und Zertifikation",0,"",0,0,1,0,0,"<hex:020977E802FF21>zur Evaluation und Zertifikation<hex:FF24>in der Evaluation und Zertifikation<hex:FF2C>der Zugang zur Evaluation und Zertifikation<hex:03>",0,0,0
1600,"Inkubatorstation VII",0,"",0,0,1,0,0,"<hex:020954E802FF19>zur Inkubatorstation VII<hex:FF1C>in der Inkubatorstation VII<hex:FF19>die Inkubatorstation VII<hex:03>",0,0,0
1601,"Inkubatorstation VIII",0,"",0,0,1,0,0,"<hex:020957E802FF1A>zur Inkubatorstation VIII<hex:FF1D>in der Inkubatorstation VIII<hex:FF1A>die Inkubatorstation VIII<hex:03>",0,0,0
1602,"Neurolink-Zelle",0,"",0,0,1,0,0,"<hex:020945E802FF14>zur Neurolink-Zelle<hex:FF17>in der Neurolink-Zelle<hex:FF14>die Neurolink-Zelle<hex:03>",0,0,0
1603,"Automachina-Forschungssektor",0,"",0,0,1,0,0,"<hex:020968E802FF21>zum Automachina-Forschungssektor<hex:FF20>im Automachina-Forschungssektor<hex:FF21>der Automachina-Forschungssektor<hex:03>",0,0,0
1604,"Biowaffen-Forschungsblock",0,"",0,0,1,0,0,"<hex:02095FE802FF1E>zum Biowaffen-Forschungsblock<hex:FF1D>im Biowaffen-Forschungsblock<hex:FF1E>der Biowaffen-Forschungsblock<hex:03>",0,0,0
1605,"Triaden-Konstriktion",0,"",0,0,1,0,0,"<hex:02095FE802FF19>zur Triaden-Konstriktion<hex:FF1C>in der Triaden-Konstriktion<hex:FF24>der Zugang zur Triaden-Konstriktion<hex:03>",0,0,0
1606,"Südwand",0,"",0,0,1,0,0,"<hex:02093BE802FF0D>zur Südwand<hex:FF10>an der Südwand<hex:FF18>der Zugang zur Südwand<hex:03>",0,0,0
1607,"Die Adern",0,"",0,0,1,0,0,"<hex:020938E802FF0D>zu den Adern<hex:FF0D>in den Adern<hex:FF18>der Zugang zu den Adern<hex:03>",0,0,0
1608,"Spur des Unrechts",0,"",0,0,1,0,0,"<hex:020956E802FF16>zur Spur des Unrechts<hex:FF19>in der Spur des Unrechts<hex:FF21>der Zugang zur Spur des Unrechts<hex:03>",0,0,0
1609,"Grünklippe",0,"",0,0,1,0,0,"<hex:020944E802FF10>zur Grünklippe<hex:FF13>an der Grünklippe<hex:FF1B>der Zugang zur Grünklippe<hex:03>",0,0,0
1610,"Rote Krypta",0,"",0,0,1,0,0,"<hex:020947E802FF11>zur roten Krypta<hex:FF14>in der roten Krypta<hex:FF1C>der Zugang zur roten Krypta<hex:03>",0,0,0
1611,"Blaue Krypta",0,"",0,0,1,0,0,"<hex:02094AE802FF12>zur blauen Krypta<hex:FF15>in der blauen Krypta<hex:FF1D>der Zugang zur blauen Krypta<hex:03>",0,0,0
1612,"Wunde",0,"",0,0,1,0,0,"<hex:020932E802FF0A>zur Wunde<hex:FF0D>in der Wunde<hex:FF15>der Zugang zur Wunde<hex:03>",0,0,0
1613,"Hess Afah",0,"",0,0,1,0,0,"<hex:02093CE802FF0F>nach Hess Afah<hex:FF0D>in Hess Afah<hex:FF1A>der Zugang nach Hess Afah<hex:03>",0,0,0
1614,"Sohm Al: Spur des Unrechts",0,"",0,0,1,0,0,"",0,0,0
1615,"Sohm Al: Die Adern",0,"",0,0,1,0,0,"",0,0,0
1616,"Sohm Al: Südwand",0,"",0,0,1,0,0,"",0,0,0
1617,"Lesesaal",0,"",0,0,1,0,0,"<hex:02092CE802FF0D>zum Lesesaal<hex:FF0C>im Lesesaal<hex:FF0D>der Lesesaal<hex:03>",0,0,0
1618,"Schule der Phantasmagorie",0,"",0,0,1,0,0,"<hex:02096EE802FF1E>zur Schule der Phantasmagorie<hex:FF21>in der Schule der Phantasmagorie<hex:FF29>der Zugang zur Schule der Phantasmagorie<hex:03>",0,0,0
1619,"Einberufungsshalle",0,"",0,0,1,0,0,"<hex:02094BE802FF16>zur Einberufungshalle<hex:FF19>in der Einberufungshalle<hex:FF16>die Einberufungshalle<hex:03>",0,0,0
1620,"Ätherologisches Ende",0,"",0,0,1,0,0,"<hex:02095FE802FF1B>zum Ätherologischen Endel<hex:FF19>im Ätherologischen Ende<hex:FF25>der Zugang zum Ätherologischen Ende<hex:03>",0,0,0
1621,"Abteilung für Naturgeschichte",0,"",0,0,1,0,0,"<hex:020972E802FF23>zur Abteilung für Naturgeschichte<hex:FF26>in der Abteilung für Naturgeschichte<hex:FF23>die Abteilung für Naturgeschichte<hex:03>",0,0,0
1622,"Schule des Fantastischen",0,"",0,0,1,0,0,"<hex:02096BE802FF1D>zur Schule des Fantastischen<hex:FF20>in der Schule des Fantastischen<hex:FF28>der Zugang zur Schule des Fantastischen<hex:03>",0,0,0
1623,"Halle der Magie",0,"",0,0,1,0,0,"<hex:020945E802FF14>zur Halle der Magie<hex:FF17>in der Halle der Magie<hex:FF14>die Halle der Magie<hex:03>",0,0,0
1624,"Astrologisches und Astronomisches Gewölbe",0,"",0,0,1,0,0,"<hex:020990E802FF2F>zum Astrologischen und Astronomischen Gewölbe<hex:FF2E>im Astrologischen und Astronomischen Gewölbe<hex:FF2D>das Astrologische und Astronomische Gewölbe<hex:03>",0,0,0
1625,"Rhapsodienhof",0,"",0,0,1,0,0,"<hex:02093BE802FF12>zum Rhapsodienhof<hex:FF11>am Rhapsodienhof<hex:FF12>der Rhapsodienhof<hex:03>",0,0,0
1626,"Autolift",0,"",0,0,1,0,0,"",0,0,0
1627,"Autolift",0,"",0,0,1,0,0,"",0,0,0
1628,"Faust des Vaters",0,"",0,0,1,0,0,"<hex:020948E802FF15>zur Faust des Vaters<hex:FF18>in der Faust des Vaters<hex:FF15>die Faust des Vaters<hex:03>",0,0,0
1629,"Wartungsgang 583",0,"",0,0,1,0,0,"<hex:02094FE802FF15>zum Wartungsgang 583<hex:FF14>im Wartungsgang 583<hex:FF20>der Zugang zum Wartungsgang 583<hex:03>",0,0,0
1630,"Maschinenraum 262",0,"",0,0,1,0,0,"<hex:020947E802FF16>zum Maschinenraum 262<hex:FF15>im Maschinenraum 262<hex:FF16>der Maschinenraum 262<hex:03>",0,0,0
1631,"Kampf<hex:02160103>maschinen-Baracke 44",0,"",0,0,1,0,0,"<hex:02096FE802FF22>zur Kampf<hex:02160103>maschinen-Baracke 44<hex:FF25>in der Kampf<hex:02160103>maschinen-Baracke 44<hex:FF22>die Kampf<hex:02160103>maschinen-Baracke 44<hex:03>",0,0,0
1632,"Lagerhalle 8",0,"",0,0,1,0,0,"<hex:02093CE802FF11>zur Lagerhalle 8<hex:FF14>in der Lagerhalle 8<hex:FF11>die Lagerhalle 8<hex:03>",0,0,0
1633,"Elle des Vaters",0,"",0,0,1,0,0,"<hex:020945E802FF14>zur Elle des Vaters<hex:FF17>in der Elle des Vaters<hex:FF14>die Elle des Vaters<hex:03>",0,0,0
1634,"Wartungsgang 542",0,"",0,0,1,0,0,"<hex:02094FE802FF15>zum Wartungsgang 542<hex:FF14>im Wartungsgang 542<hex:FF20>der Zugang zum Wartungsgang 542<hex:03>",0,0,0
1635,"Wartungsgang 541",0,"",0,0,1,0,0,"<hex:02094FE802FF15>zum Wartungsgang 541<hex:FF14>im Wartungsgang 541<hex:FF20>der Zugang zum Wartungsgang 541<hex:03>",0,0,0
1636,"Wartungsgang 539",0,"",0,0,1,0,0,"<hex:02094FE802FF15>zum Wartungsgang 539<hex:FF14>im Wartungsgang 539<hex:FF20>der Zugang zum Wartungsgang 539<hex:03>",0,0,0
1637,"Lagerhalle 12",0,"",0,0,1,0,0,"<hex:02093FE802FF12>zur Lagerhalle 12<hex:FF15>in der Lagerhalle 12<hex:FF12>die Lagerhalle 12<hex:03>",0,0,0
1638,"Arm des Vaters",0,"",0,0,1,0,0,"<hex:02093EE802FF13>zum Arm des Vaters<hex:FF12>im Arm des Vaters<hex:FF13>der Arm des Vaters<hex:03>",0,0,0
1639,"Wartungsgang 523",0,"",0,0,1,0,0,"<hex:02094FE802FF15>zum Wartungsgang 523<hex:FF14>im Wartungsgang 523<hex:FF20>der Zugang zum Wartungsgang 523<hex:03>",0,0,0
1640,"Strategion - 1. Ebene",0,"",0,0,1,0,0,"<hex:020960E802FF1D>zur 1. Ebene des Strategions<hex:FF20>in der 1. Ebene des Strategions<hex:FF1D>die 1. Ebene des Strategions<hex:03>",0,0,0
1641,"Strategion - 2. Ebene",0,"",0,0,1,0,0,"<hex:020960E802FF1D>zur 2. Ebene des Strategions<hex:FF20>in der 2. Ebene des Strategions<hex:FF1D>die 2. Ebene des Strategions<hex:03>",0,0,0
1642,"Strategion - 3. Ebene",0,"",0,0,1,0,0,"<hex:020960E802FF1D>zur 3. Ebene des Strategions<hex:FF20>in der 3. Ebene des Strategions<hex:FF1D>die 3. Ebene des Strategions<hex:03>",0,0,0
1643,"Strategion - 4. Ebene",0,"",0,0,1,0,0,"<hex:020960E802FF1D>zur 4. Ebene des Strategions<hex:FF20>in der 4. Ebene des Strategions<hex:FF1D>die 4. Ebene des Strategions<hex:03>",0,0,0
1644,"Kondensatoranlage 9",0,"",0,0,1,0,0,"<hex:020951E802FF18>zur Kondensatoranlage 9<hex:FF1B>in der Kondensatoranlage 9<hex:FF18>die Kondensatoranlage 9<hex:03>",0,0,0
1645,"Last des Vaters",0,"",0,0,1,0,0,"<hex:020945E802FF14>zur Last des Vaters<hex:FF17>in der Last des Vaters<hex:FF14>die Last des Vaters<hex:03>",0,0,0
1646,"Chocobo-Platz (Halle der Trabanten)",0,"",0,0,1,0,0,"<hex:02095CE802FF18>zur Halle der Trabanten<hex:FF1B>in der Halle der Trabanten<hex:FF23>der Zugang zur Halle der Trabanten<hex:03>",0,0,0
1647,"Das Diadem",0,"",0,0,1,0,0,"<hex:020936E802FF0B>zum Diadem<hex:FF0F>auf dem Diadem<hex:FF16>der Zugang zum Diadem<hex:03>",0,603,0
1648,"Oberer Ring",0,"",0,0,1,0,0,"",0,0,0
1649,"Unterer Ring",0,"",0,0,1,0,0,"",0,0,0
1650,"Ätherytenplatz",0,"",0,0,1,0,0,"",0,0,0
1651,"Der Vergessene Ritter",0,"",0,0,1,0,0,"",0,0,0
1652,"Himmelsstahl-Werkstätte",0,"",0,0,1,0,0,"",0,0,0
1653,"Die Schwaden",0,"",0,0,1,0,0,"",0,0,0
1654,"Sankt Guenriol-Akademie für Astrologie (Luftschiff-Landeplatz)",0,"",0,0,1,0,0,"",0,0,0
1655,"Ferula-Zeile (Markt)",0,"",0,0,1,0,0,"",0,0,0
1656,"Sankt Reymanaud-Kathedrale (Sankt Endalim-Theologikum)",0,"",0,0,1,0,0,"",0,0,0
1657,"Hochtribunal der Heiligen Inquisition",0,"",0,0,1,0,0,"",0,0,0
1658,"Die Letzte Wacht (Anwesen der Fortemps)",0,"",0,0,1,0,0,"",0,0,0
1659,"Bogen des Würdigen",0,"",0,0,1,0,0,"",0,0,0
1660,"Achtzehnter Stock",0,"",0,0,1,0,0,"",0,0,0
1661,"Büro des Produzenten & Direktors",0,"",0,0,1,0,0,"",0,0,0
1662,"Tonstudio",0,"",0,0,1,0,0,"",0,0,0
1663,"Trabantenschalter",0,"",0,0,1,0,0,"<hex:020947E802FF16>zum Trabantenschalter<hex:FF15>am Trabantenschalter<hex:FF16>der Trabantenschalter<hex:03>",0,0,0
1664,"Kampfplatz",0,"",0,0,1,0,0,"<hex:020937E802FF0F>zum Kampfplatz<hex:FF13>auf dem Kampfplatz<hex:FF0F>der Kampfplatz<hex:03>",0,0,0
1665,"Weltensalon",0,"",0,0,1,0,0,"<hex:020943E802FF13>in den Weltensalon<hex:FF0F>im Weltensalon<hex:FF1B>der Zugang zum Weltensalon<hex:03>",0,0,0
1666,"Alexander - Gelenk",0,"",0,0,1,0,0,"<hex:020926E802FF0B>zum Gelenk<hex:FF0A>im Gelenk<hex:FF0B>das Gelenk<hex:03>",0,0,0
1667,"Gordischer Knoten",0,"",0,0,1,0,0,"<hex:020946E802FF16>zum Gordischen Knoten<hex:FF15>im Gordischen Knoten<hex:FF15>der Gordische Knoten<hex:03>",0,0,0
1668,"Dritter und Vierter Stock",0,"",0,0,1,0,0,"<hex:02093DE802FF15>in den dritten Stock<hex:FF11>im dritten Stock<hex:FF11>der dritte Stock<hex:03>",0,0,0
1669,"Zweiter Stock",0,"",0,0,1,0,0,"<hex:02093DE802FF15>in den zweiten Stock<hex:FF11>im zweiten Stock<hex:FF11>der zweite Stock<hex:03>",0,0,0
1670,"Erster Stock",0,"",0,0,1,0,0,"<hex:02093AE802FF14>in den ersten Stock<hex:FF10>im ersten Stock<hex:FF10>der erste Stock<hex:03>",0,0,0
1671,"Erdgeschoss",0,"",0,0,1,0,0,"<hex:020935E802FF10>ins Erdgeschoss<hex:FF0F>im Erdgeschoss<hex:FF10>das Erdgeschoss<hex:03>",0,0,0
1672,"Telmatologie",0,"",0,0,1,0,0,"<hex:02094DE802FF15>in die Telematologie<hex:FF15>in der Telematologie<hex:FF1D>der Zugang zur Telematologie<hex:03>",0,0,0
1673,"Eremologie",0,"",0,0,1,0,0,"<hex:020944E802FF12>in die Eremologie<hex:FF12>in der Eremologie<hex:FF1A>der Zugang zur Eremologie<hex:03>",0,0,0
1674,"Forschungsturm",0,"",0,0,1,0,0,"<hex:02094CE802FF16>in den Forschungsturm<hex:FF12>im Forschungsturm<hex:FF1E>der Zugang zum Forschungsturm<hex:03>",0,0,0
1675,"Silvologie",0,"",0,0,1,0,0,"<hex:020944E802FF12>in die Silvologie<hex:FF12>in der Silvologie<hex:FF1A>der Zugang zur Silvologie<hex:03>",0,0,0
1676,"Limnologie",0,"",0,0,1,0,0,"<hex:020944E802FF12>in die Limnologie<hex:FF12>in der Limnologie<hex:FF1A>der Zugang zur Limnologie<hex:03>",0,0,0
1677,"Zymologie",0,"",0,0,1,0,0,"<hex:020941E802FF11>in die Zymologie<hex:FF11>in der Zymologie<hex:FF19>der Zugang zur Zymologie<hex:03>",0,0,0
1678,"Bernsteinzimmer",0,"",0,0,1,0,0,"<hex:020941E802FF14>ins Bernsteinzimmer<hex:FF13>im Bernsteinzimmer<hex:FF14>das Bernsteinzimmer<hex:03>",0,0,0
1679,"Gedeckte Tafel",0,"",0,0,1,0,0,"<hex:020950E802FF14>zur Gedeckten Tafel<hex:FF17>an der Gedeckten Tafel<hex:FF1F>der Zugang zur Gedeckten Tafel<hex:03>",0,0,0
1680,"Ätherytenplatz",0,"",0,0,1,0,0,"",0,0,0
1681,"West-Frohehalde",0,"",0,0,1,0,0,"",0,0,0
1682,"Vorworttor (Westliches Hinterland)",0,"",0,0,1,0,0,"",0,0,0
1683,"Nachworttor (Östliches Hinterland)",0,"",0,0,1,0,0,"",0,0,0
1684,"Pionierstollen",0,"",0,0,1,0,0,"<hex:02094CE802FF16>in den Pionierstollen<hex:FF12>im Pionierstollen<hex:FF1E>der Zugang zum Pionierstollen<hex:03>",0,0,0
1685,"Erdgeschoss",0,"",0,0,1,0,0,"<hex:020935E802FF10>ins Erdgeschoss<hex:FF0F>im Erdgeschoss<hex:FF10>das Erdgeschoss<hex:03>",0,0,0
1686,"Keller",0,"",0,0,1,0,0,"<hex:020929E802FF0E>in den Keller<hex:FF0A>im Keller<hex:FF0B>der Keller<hex:03>",0,0,0
1687,"Zentrum von Amdapor",0,"",0,0,1,0,0,"<hex:020958E802FF18>zum Zentrum von Amdapor<hex:FF17>im Zentrum von Amdapor<hex:FF23>der Zugang zum Zentrum von Amdapor<hex:03>",0,0,0
1688,"Schatten der Schwingen",0,"",0,0,1,0,0,"<hex:020961E802FF1B>zum Schatten der Schwingen<hex:FF1A>im Schatten der Schwingen<hex:FF26>der Zugang zum Schatten der Schwingen<hex:03>",0,0,0
1689,"Kristalleum",0,"",0,0,1,0,0,"<hex:020935E802FF10>zum Kristalleum<hex:FF0F>im Kristalleum<hex:FF10>das Kristalleum<hex:03>",0,0,0
1690,"Weihestätte",0,"",0,0,1,0,0,"<hex:02093CE802FF11>zur Weihestätte<hex:FF14>in der Weihestätte<hex:FF11>die Weihestätte<hex:03>",0,0,0
1691,"Sterngestade",0,"",0,0,1,0,0,"<hex:020943E802FF11>zum Sterngestade<hex:FF10>am Sterngestade<hex:FF1C>der Zugang zum Sterngestade<hex:03>",0,0,0
1692,"Unterste Ebene",0,"",0,0,1,0,0,"<hex:020951E802FF14>zur untersten Ebene<hex:FF18>auf der untersten Ebene<hex:FF1F>der Zugang zur untersten Ebene<hex:03>",0,0,0
1693,"Oberste Ebene",0,"",0,0,1,0,0,"<hex:02094EE802FF13>zur obersten Ebene<hex:FF17>auf der obersten Ebene<hex:FF1E>der Zugang zur obersten Ebene<hex:03>",0,0,0
1694,"Ort der Errungenen Weisheit",0,"",0,0,1,0,0,"<hex:020970E802FF20>zum Ort der Errungenen Weisheit<hex:FF1F>am Ort der Errungenen Weisheit<hex:FF2B>der Zugang zum Ort der Errungenen Weisheit<hex:03>",0,0,0
1695,"Ort der Sanften Ruhe",0,"",0,0,1,0,0,"<hex:02095BE802FF19>zum Ort der Sanften Ruhe<hex:FF18>am Ort der Sanften Ruhe<hex:FF24>der Zugang zum Ort der Sanften Ruhe<hex:03>",0,0,0
1696,"Manifestation",0,"",0,0,1,0,0,"<hex:02094AE802FF12>zur Manifestation<hex:FF15>in der Manifestation<hex:FF1D>der Zugang zur Manifestation<hex:03>",0,0,0
1697,"Ort des Leichten Herzens",0,"",0,0,1,0,0,"<hex:020967E802FF1D>zum Ort des Leichten Herzens<hex:FF1C>am Ort des Leichten Herzens<hex:FF28>der Zugang zum Ort des Leichten Herzens<hex:03>",0,0,0
1698,"Ort des Höchsten Gewahrwerdens",0,"",0,0,1,0,0,"<hex:02097CE802FF24>zum Ort des Höchsten Gewahrwerdens<hex:FF23>am Ort des Höchsten Gewahrwerdens<hex:FF2F>der Zugang zum Ort des Höchsten Gewahrwerdens<hex:03>",0,0,0
1699,"Käfig der Klauen",0,"",0,0,1,0,0,"<hex:020947E802FF16>zum Käfig der Klauen<hex:FF15>im Käfig der Klauen<hex:FF16>der Käfig der Klauen<hex:03>",0,0,0
1700,"Käfig der Fänge",0,"",0,0,1,0,0,"<hex:020947E802FF16>zum Käfig der Fänge<hex:FF15>im Käfig der Fänge<hex:FF16>der Käfig der Fänge<hex:03>",0,0,0
1701,"Zentrum von Amdapor",0,"",0,0,1,0,0,"<hex:020958E802FF18>zum Zentrum von Amdapor<hex:FF17>im Zentrum von Amdapor<hex:FF23>der Zugang zum Zentrum von Amdapor<hex:03>",0,0,0
1702,"Traum-Sanktuarium",0,"",0,0,1,0,0,"<hex:020947E802FF16>zum Traum-Sanktuarium<hex:FF15>im Traum-Sanktuarium<hex:FF16>das Traum-Sanktuarium<hex:03>",0,0,0
1703,"Kristalleum",0,"",0,0,1,0,0,"<hex:020935E802FF10>zum Kristalleum<hex:FF0F>im Kristalleum<hex:FF10>das Kristalleum<hex:03>",0,0,0
1704,"Historisches Amdapor (schwer)",0,"",0,0,1,0,0,"<hex:02096CE802FF22>zum historischen Amdapor (schwer)<hex:FF23>beim historischen Amdapor (schwer)<hex:FF21>das historische Amdapor (schwer)<hex:03>",0,0,0
1705,"Aufhebung der Trauer",0,"",0,0,1,0,0,"<hex:02095FE802FF19>zur Aufhebung der Trauer<hex:FF1C>in der Aufhebung der Trauer<hex:FF24>der Zugang zur Aufhebung der Trauer<hex:03>",0,0,0
1706,"Aufhebung des Schweigens",0,"",0,0,1,0,0,"<hex:02096BE802FF1D>zur Aufhebung des Schweigens<hex:FF20>in der Aufhebung des Schweigens<hex:FF28>der Zugang zur Aufhebung des Schweigens<hex:03>",0,0,0
1707,"Aufhebung der Schmach",0,"",0,0,1,0,0,"<hex:020962E802FF1A>zur Aufhebung der Schmach<hex:FF1D>in der Aufhebung der Schmach<hex:FF25>der Zugang zur Aufhebung der Schmach<hex:03>",0,0,0
1708,"Faust des Sohnes",0,"",0,0,1,0,0,"<hex:020947E802FF14>zur Faust des Sohne<hex:FF18>in der Faust des Sohnes<hex:FF15>die Faust des Sohnes<hex:03>",0,0,0
1709,"Wartungsgang 721",0,"",0,0,1,0,0,"<hex:02094FE802FF15>zum Wartungsgang 721<hex:FF14>im Wartungsgang 721<hex:FF20>der Zugang zum Wartungsgang 721<hex:03>",0,0,0
1710,"Maschinenraum 334",0,"",0,0,1,0,0,"<hex:020947E802FF16>zum Maschinenraum 334<hex:FF15>im Maschinenraum 334<hex:FF16>der Maschinenraum 334<hex:03>",0,0,0
1711,"Forschenraum",0,"",0,0,1,0,0,"<hex:020938E802FF11>zum Forschenraum<hex:FF10>im Forschenraum<hex:FF11>der Forschenraum<hex:03>",0,0,0
1712,"Wartungsgang 726",0,"",0,0,1,0,0,"<hex:02094FE802FF15>zum Wartungsgang 726<hex:FF14>im Wartungsgang 726<hex:FF20>der Zugang zum Wartungsgang 726<hex:03>",0,0,0
1713,"Fortschrittene Forschenraum",0,"",0,0,1,0,0,"<hex:020967E802FF21>zum Fortschrittenen Forschenraum<hex:FF20>im Fortschrittenen Forschenraum<hex:FF20>der Fortschrittene Forschenraum<hex:03>",0,0,0
1714,"Elle des Sohnes",0,"",0,0,1,0,0,"<hex:020945E802FF14>zur Elle des Sohnes<hex:FF17>in der Elle des Sohnes<hex:FF14>die Elle des Sohnes<hex:03>",0,0,0
1715,"Vordere Elle",0,"",0,0,1,0,0,"<hex:02093EE802FF12>zur Vorderen Elle<hex:FF15>in der Vorderen Elle<hex:FF11>die Vordere Elle<hex:03>",0,0,0
1716,"Hintere Elle",0,"",0,0,1,0,0,"<hex:02093EE802FF12>zur Hinteren Elle<hex:FF15>in der Hinteren Elle<hex:FF11>die Hintere Elle<hex:03>",0,0,0
1717,"Wartungsgang 763",0,"",0,0,1,0,0,"<hex:02094FE802FF15>zum Wartungsgang 763<hex:FF14>im Wartungsgang 763<hex:FF20>der Zugang zum Wartungsgang 763<hex:03>",0,0,0
1718,"Kampf<hex:02160103>maschinen-Baracke 66",0,"",0,0,1,0,0,"<hex:02097AE802FF22>zur Kampf<hex:02160103>maschinen-Baracke 66<hex:FF25>in der Kampf<hex:02160103>maschinen-Baracke 66<hex:FF2D>der Zugang zur Kampf<hex:02160103>maschinen-Baracke 66<hex:03>",0,0,0
1719,"Kampf<hex:02160103>maschinen-Baracke 67",0,"",0,0,1,0,0,"<hex:02097AE802FF22>zur Kampf<hex:02160103>maschinen-Baracke 67<hex:FF25>in der Kampf<hex:02160103>maschinen-Baracke 67<hex:FF2D>der Zugang zur Kampf<hex:02160103>maschinen-Baracke 67<hex:03>",0,0,0
1720,"Kampf<hex:02160103>maschinen-Baracke 68",0,"",0,0,1,0,0,"<hex:02097AE802FF22>zur Kampf<hex:02160103>maschinen-Baracke 68<hex:FF25>in der Kampf<hex:02160103>maschinen-Baracke 68<hex:FF2D>der Zugang zur Kampf<hex:02160103>maschinen-Baracke 68<hex:03>",0,0,0
1721,"Kampf<hex:02160103>maschinen-Baracke 69",0,"",0,0,1,0,0,"<hex:02097AE802FF22>zur Kampf<hex:02160103>maschinen-Baracke 69<hex:FF25>in der Kampf<hex:02160103>maschinen-Baracke 69<hex:FF2D>der Zugang zur Kampf<hex:02160103>maschinen-Baracke 69<hex:03>",0,0,0
1722,"Kampf<hex:02160103>maschinen-Baracke 70",0,"",0,0,1,0,0,"<hex:02097AE802FF22>zur Kampf<hex:02160103>maschinen-Baracke 70<hex:FF25>in der Kampf<hex:02160103>maschinen-Baracke 70<hex:FF2D>der Zugang zur Kampf<hex:02160103>maschinen-Baracke 70<hex:03>",0,0,0
1723,"Arm des Sohnes",0,"",0,0,1,0,0,"<hex:02093EE802FF13>zum Arm des Sohnes<hex:FF12>im Arm des Sohnes<hex:FF13>der Arm des Sohnes<hex:03>",0,0,0
1724,"Oberarm",0,"",0,0,1,0,0,"<hex:020929E802FF0C>zum Oberarm<hex:FF0B>im Oberarm<hex:FF0C>der Oberarm<hex:03>",0,0,0
1725,"Indigopolis",0,"",0,0,1,0,0,"<hex:020932E802FF11>nach Indigopolis<hex:FF0F>in Indigopolis<hex:FF0C>Indigopolis<hex:03>",0,0,0
1726,"Wartungsgang 796",0,"",0,0,1,0,0,"<hex:02094FE802FF15>zum Wartungsgang 796<hex:FF14>im Wartungsgang 796<hex:FF20>der Zugang zum Wartungsgang 796<hex:03>",0,0,0
1727,"Kontrollturm 5",0,"",0,0,1,0,0,"<hex:02093EE802FF13>zum Kontrollturm 5<hex:FF12>im Kontrollturm 5<hex:FF13>der Kontrollturm 5<hex:03>",0,0,0
1728,"Äußeres Indigopolis",0,"",0,0,1,0,0,"<hex:020951E802FF19>ins Äußere Indigopolis<hex:FF19>im Äußeren Indigopolis<hex:FF19>das Äußere Indigopolis<hex:03>",0,0,0
1729,"Indigopolis",0,"",0,0,1,0,0,"<hex:020932E802FF11>nach Indigopolis<hex:FF0F>in Indigopolis<hex:FF0C>Indigopolis<hex:03>",0,0,0
1730,"Platz für Strafezeigen",0,"",0,0,1,0,0,"<hex:02095EE802FF1C>zum Platz für Strafezeigen<hex:FF20>auf dem Platz für Strafezeigen<hex:FF1C>der Platz für Strafezeigen<hex:03>",0,0,0
1731,"Last des Sohnes",0,"",0,0,1,0,0,"<hex:020945E802FF14>zur Last des Sohnes<hex:FF17>in der Last des Sohnes<hex:FF14>die Last des Sohnes<hex:03>",0,0,0
1732,"Midischer Knoten",0,"",0,0,1,0,0,"<hex:020943E802FF15>zum Midischen Knoten<hex:FF14>im Midischen Knoten<hex:FF14>der Midische Knoten<hex:03>",0,0,0
1733,"Camp Ehre",0,"",0,0,1,0,0,"<hex:02092CE802FF0F>nach Camp Ehre<hex:FF0D>in Camp Ehre<hex:FF0A>Camp Ehre<hex:03>",0,0,0
1734,"Eulennest",0,"",0,0,1,0,0,"<hex:02092CE802FF0F>nach Eulennest<hex:FF0D>in Eulennest<hex:FF0A>Eulennest<hex:03>",0,0,0
1735,"Dümpelschuppenufer",0,"",0,0,1,0,0,"<hex:02094DE802FF18>zum Dümpelschuppenufer<hex:FF17>am Dümpelschuppenufer<hex:FF18>das Dümpelschuppenufer<hex:03>",0,0,0
1736,"Ehre-Ausgrabungen",0,"",0,0,1,0,0,"<hex:02095CE802FF19>zu den Ehre-Ausgrabungen<hex:FF19>an den Ehre-Ausgrabungen<hex:FF24>der Zugang zu den Ehre-Ausgrabungen<hex:03>",0,0,0
1737,"Allagischer Echolith S1",0,"",0,0,1,0,0,"<hex:02095CE802FF1E>zum Allagischen Echolithen S1<hex:FF1D>am Allagischen Echolithen S1<hex:FF1B>der Allagische Echolith S1<hex:03>",0,0,0
1738,"Allagischer Echolith S2",0,"",0,0,1,0,0,"<hex:02095CE802FF1E>zum Allagischen Echolithen S2<hex:FF1D>am Allagischen Echolithen S2<hex:FF1B>der Allagische Echolith S2<hex:03>",0,0,0
1739,"Allagischer Echolith S3",0,"",0,0,1,0,0,"<hex:02095CE802FF1E>zum Allagischen Echolithen S3<hex:FF1D>am Allagischen Echolithen S3<hex:FF1B>der Allagische Echolith S3<hex:03>",0,0,0
1740,"Feld der Ehre",0,"",0,0,1,0,0,"<hex:020944E802FF16>auf das Feld der Ehre<hex:FF16>auf dem Feld der Ehre<hex:FF12>das Feld der Ehre<hex:03>",0,0,0
1741,"Schiffbrecher-Insel (schwer)",0,"",0,0,1,0,0,"<hex:020978E802FF21>zur Schiffbrecher-Insel (schwer)<hex:FF25>auf der Schiffbrecher-Insel (schwer)<hex:FF2C>der Zugang zur Schiffbrecher-Insel (schwer)<hex:03>",0,0,0
1742,"Die Stadt der Tränen",0,"",0,0,1,0,0,"<hex:020956E802FF16>zur Stadt der Tränen<hex:FF19>in der Stadt der Tränen<hex:FF21>der Zugang zur Stadt der Tränen<hex:03>",0,0,0
1743,"Yafaem-Regenmoor",0,"",0,0,1,0,0,"<hex:020944E802FF15>ins Yafaem-Regenmoor<hex:FF14>im Yafaem-Regenmoor<hex:FF15>das Yafaem-Regenmoor<hex:03>",0,0,0
1744,"Ruinen von Mhach",0,"",0,0,1,0,0,"<hex:020959E802FF18>zu den Ruinen von Mhach<hex:FF18>in den Ruinen von Mhach<hex:FF23>der Zugang zu den Ruinen von Mhach<hex:03>",0,0,0
1745,"Pyramidenbasis",0,"",0,0,1,0,0,"<hex:020942E802FF13>zur Pyramidenbasis<hex:FF16>in der Pyramidenbasis<hex:FF13>die Pyramidenbasis<hex:03>",0,0,0
1746,"Aureole",0,"",0,0,1,0,0,"<hex:02092EE802FF0C>zur Aureole<hex:FF10>auf der Aureole<hex:FF0C>die Aureole<hex:03>",0,0,0
1747,"Gelöschte Welt",0,"",0,0,1,0,0,"<hex:020947E802FF15>zur Gelöschten Welt<hex:FF18>in der Gelöschten Welt<hex:FF14>die Gelöschte Welt<hex:03>",0,0,0
1748,"Pyramidenspitze",0,"",0,0,1,0,0,"<hex:020946E802FF14>zur Pyramidenspitze<hex:FF18>auf der Pyramidenspitze<hex:FF14>die Pyramidenspitze<hex:03>",0,0,0
1749,"Moor der Verlorenen",0,"",0,0,1,0,0,"<hex:02094DE802FF18>zum Moor der Verlorenen<hex:FF17>im Moor der Verlorenen<hex:FF18>das Moor der Verlorenen<hex:03>",0,0,0
1750,"Riedsteig",0,"",0,0,1,0,0,"<hex:02092FE802FF0E>zum Riedsteig<hex:FF0D>am Riedsteig<hex:FF0E>der Riedsteig<hex:03>",0,0,0
1751,"Altstadt von Mhach",0,"",0,0,1,0,0,"<hex:02094EE802FF17>zur Altstadt von Mhach<hex:FF1A>in der Altstadt von Mhach<hex:FF17>die Altstadt von Mhach<hex:03>",0,0,0
1752,"Pyramidenbrücke",0,"",0,0,1,0,0,"<hex:020954E802FF15>zur Pyramidenbrücke<hex:FF19>auf der Pyramidenbrücke<hex:FF20>der Zugang zur Pyramidenbrücke<hex:03>",0,0,0
1753,"Hauptkorridor",0,"",0,0,1,0,0,"<hex:02093BE802FF12>zum Hauptkorridor<hex:FF11>im Hauptkorridor<hex:FF12>der Hauptkorridor<hex:03>",0,0,0
1754,"Sicherheitskorridor",0,"",0,0,1,0,0,"<hex:02094DE802FF18>zum Sicherheitskorridor<hex:FF17>im Sicherheitskorridor<hex:FF18>der Sicherheitskorridor<hex:03>",0,0,0
1755,"Galerie",0,"",0,0,1,0,0,"<hex:02092EE802FF0C>zur Galerie<hex:FF10>auf der Galerie<hex:FF0C>die Galerie<hex:03>",0,0,0
1756,"Yadisphäre",0,"",0,0,1,0,0,"<hex:02093CE802FF13>in die Yadisphäre<hex:FF13>in der Yadisphäre<hex:FF10>die Yadisphäre<hex:03>",0,0,0
1757,"Korridor nach oben",0,"",0,0,1,0,0,"<hex:02094DE802FF1A>in den Korridor nach oben<hex:FF16>im Korridor nach oben<hex:FF17>der Korridor nach oben<hex:03>",0,0,0
1758,"[Erweiterung] Lavendelbeet-Pier",0,"",0,0,1,0,0,"",0,0,0
1759,"Die Verschlungenen Schatten von Bahamut",0,"",0,0,1,0,0,"",0,0,0
1760,"Spinnenfalle",0,"",0,0,1,0,0,"<hex:02094AE802FF14>in die Spinnenfalle<hex:FF14>in der Spinnenfalle<hex:FF1C>der Zugang zur Spinnenfalle<hex:03>",0,0,0
1761,"Cessair-Garten",0,"",0,0,1,0,0,"<hex:02093EE802FF13>zum Cessair-Garten<hex:FF12>im Cessair-Garten<hex:FF13>der Cessair-Garten<hex:03>",0,0,0
1762,"Shatotto-Platz",0,"",0,0,1,0,0,"<hex:02094EE802FF13>zum Shatotto-Platz<hex:FF17>auf dem Shatotto-Platz<hex:FF1E>der Zugang zum Shatotto-Platz<hex:03>",0,0,0
1763,"Altar der Goëtie",0,"",0,0,1,0,0,"<hex:020952E802FF16>zum Altar der Goëtie<hex:FF15>am Altar der Goëtie<hex:FF21>der Zugang zum Altar der Goëtie<hex:03>",0,0,0
1764,"Manipulationstor",0,"",0,0,1,0,0,"<hex:020944E802FF15>zum Manipulationstor<hex:FF14>am Manipulationstor<hex:FF15>das Manipulationstor<hex:03>",0,0,0
1765,"Aureole",0,"",0,0,1,0,0,"<hex:020939E802FF0C>zur Aureole<hex:FF10>auf der Aureole<hex:FF17>der Zugang zur Aureole<hex:03>",0,0,0
1766,"Kammer des Nullsteins",0,"",0,0,1,0,0,"<hex:020965E802FF1D>in die Kammer des Nullsteins<hex:FF1D>in der Kammer des Nullsteins<hex:FF25>der Zugang zur Kammer des Nullsteins<hex:03>",0,0,0
1767,"Tiefe Gram",0,"",0,0,1,0,0,"<hex:020944E802FF10>zur Tiefen Gram<hex:FF13>in der Tiefen Gram<hex:FF1B>der Zugang zur Tiefen Gram<hex:03>",0,0,0
1768,"Inniges Gebet",0,"",0,0,1,0,0,"<hex:020946E802FF12>zum Innigen Gebet<hex:FF11>am Innigen Gebet<hex:FF1D>der Zugang zum Innigen Gebet<hex:03>",0,0,0
1769,"Säulen der Erinnerung",0,"",0,0,1,0,0,"<hex:02096CE802FF1E>zu den Säulen der Erinnerung<hex:FF1F>auf den Säulen der Erinnerung<hex:FF29>der Zugang zu den Säulen der Erinnerung<hex:03>",0,0,0
1770,"Garten der Klage",0,"",0,0,1,0,0,"<hex:020944E802FF15>zum Garten der Klage<hex:FF14>im Garten der Klage<hex:FF15>der Garten der Klage<hex:03>",0,0,0
1771,"Ratatoskrs Ruhe",0,"",0,0,1,0,0,"<hex:02094AE802FF13>zu Ratatoskrs Ruhe<hex:FF13>in Ratatoskrs Ruhe<hex:FF1E>der Zugang zu Ratatoskrs Ruhe<hex:03>",0,0,0
1772,"Streichelzoo",0,"",0,0,1,0,0,"<hex:020938E802FF11>zum Streichelzoo<hex:FF10>im Streichelzoo<hex:FF11>der Streichelzoo<hex:03>",0,0,0
1773,"Sonnige Lichtung",0,"",0,0,1,0,0,"<hex:020957E802FF16>zur Sonnigen Lichtung<hex:FF1A>auf der Sonnigen Lichtung<hex:FF21>der Zugang zur Sonnigen Lichtung<hex:03>",0,0,0
1774,"Flöße",0,"",0,0,1,0,0,"<hex:020942E802FF10>zu den Flößen<hex:FF11>auf den Flößen<hex:FF1B>der Zugang zu den Flößen<hex:03>",0,0,0
1775,"Mahlstrom-Techniktraining",0,"",0,0,1,0,0,"<hex:02096AE802FF1E>zum Mahlstrom-Techniktraining<hex:FF1D>im Mahlstrom-Techniktraining<hex:FF29>der Zugang zum Mahlstrom-Techniktraining<hex:03>",0,0,0
1776,"Eingang zur Aquapolis",0,"",0,0,1,0,0,"<hex:020953E802FF1A>zum Eingang zur Aquapolis<hex:FF19>am Eingang zur Aquapolis<hex:FF1A>der Eingang zur Aquapolis<hex:03>",0,0,0
1777,"Erste Kammer",0,"",0,0,1,0,0,"<hex:02094AE802FF12>zur ersten Kammer<hex:FF15>in der ersten Kammer<hex:FF1D>der Zugang zur ersten Kammer<hex:03>",0,0,0
1778,"Zweite Kammer",0,"",0,0,1,0,0,"<hex:02094DE802FF13>zur zweiten Kammer<hex:FF16>in der zweiten Kammer<hex:FF1E>der Zugang zur zweiten Kammer<hex:03>",0,0,0
1779,"Dritte Kammer",0,"",0,0,1,0,0,"<hex:02094DE802FF13>zur dritten Kammer<hex:FF16>in der dritten Kammer<hex:FF1E>der Zugang zur dritten Kammer<hex:03>",0,0,0
1780,"Vierte Kammer",0,"",0,0,1,0,0,"<hex:02094DE802FF13>zur vierten Kammer<hex:FF16>in der vierten Kammer<hex:FF1E>der Zugang zur vierten Kammer<hex:03>",0,0,0
1781,"Fünfte Kammer",0,"",0,0,1,0,0,"<hex:020950E802FF14>zur fünften Kammer<hex:FF17>in der fünften Kammer<hex:FF1F>der Zugang zur fünften Kammer<hex:03>",0,0,0
1782,"Sechste Kammer",0,"",0,0,1,0,0,"<hex:020950E802FF14>zur sechsten Kammer<hex:FF17>in der sechsten Kammer<hex:FF1F>der Zugang zur sechsten Kammer<hex:03>",0,0,0
1783,"Letzte Kammer",0,"",0,0,1,0,0,"<hex:02094DE802FF13>zur letzten Kammer<hex:FF16>in der letzten Kammer<hex:FF1E>der Zugang zur letzten Kammer<hex:03>",0,0,0
1784,"Mittlere Ebenen",0,"",0,0,1,0,0,"<hex:02095AE802FF18>zu den mittleren Ebenen<hex:FF19>auf den mittleren Ebenen<hex:FF23>der Zugang zu den mittleren Ebenen<hex:03>",0,0,0
1785,"Obere Ebenen",0,"",0,0,1,0,0,"<hex:020951E802FF15>zu den oberen Ebenen<hex:FF16>auf den oberen Ebenen<hex:FF20>der Zugang zu den oberen Ebenen<hex:03>",0,0,0
1786,"Das Gabelbein",0,"",0,0,1,0,0,"<hex:02093AE802FF0E>zum Gabelbein<hex:FF0D>am Gabelbein<hex:FF19>der Zugang zum Gabelbein<hex:03>",0,0,0
1787,"Tapaxoli",0,"",0,0,1,0,0,"<hex:020937E802FF0D>zum Tapaxoli<hex:FF0C>im Tapaxoli<hex:FF18>der Zugang zum Tapaxoli<hex:03>",0,0,0
1788,"Der Erste Berg",0,"",0,0,1,0,0,"<hex:020945E802FF10>zum Ersten Berg<hex:FF14>auf dem Ersten Berg<hex:FF1B>der Zugang zum Ersten Berg<hex:03>",0,0,0
1789,"Halbhöhle",0,"",0,0,1,0,0,"<hex:020941E802FF0F>zur Halbhöhle<hex:FF12>in der Halbhöhle<hex:FF1A>der Zugang zur Halbhöhle<hex:03>",0,0,0
1790,"Tlachtli",0,"",0,0,1,0,0,"<hex:02093CE802FF0D>zum Tlachtli<hex:FF11>auf dem Tlachtli<hex:FF18>der Zugang zum Tlachtli<hex:03>",0,0,0
1791,"Ursprung des Windes",0,"",0,0,1,0,0,"<hex:020958E802FF18>zum Ursprung des Windes<hex:FF17>im Ursprung des Windes<hex:FF23>der Zugang zum Ursprung des Windes<hex:03>",0,0,0
1792,"Xelphatol",0,"",0,0,1,0,0,"<hex:02093AE802FF0F>nach Xelphatol<hex:FF0D>in Xelphatol<hex:FF18>der Zugang zu Xelphatol<hex:03>",0,0,0
1793,"Palast der Toten",0,"",0,0,1,0,0,"<hex:020944E802FF15>zum Palast der Toten<hex:FF14>im Palast der Toten<hex:FF15>der Palast der Toten<hex:03>",0,0,0
1794,"Duellierplatz",0,"",0,0,1,0,0,"<hex:020940E802FF12>zum Duellierplatz<hex:FF16>auf dem Duellierplatz<hex:FF12>der Duellierplatz<hex:03>",0,0,0
1795,"Ausleihe seltener Schriften",0,"",0,0,1,0,0,"<hex:020948E802FF20>zur Ausleihe seltener Schriften<hex:FF23>in der Ausleihe seltener Schriften<hex:03>",0,0,0
1796,"Lesesaal der Distraktion",0,"",0,0,1,0,0,"<hex:02093EE802FF1D>zum Lesesaal der Distraktion<hex:FF1C>im Lesesaal der Distraktion<hex:03>",0,0,0
1797,"Kammer des Bibliotheksvorstehers",0,"",0,0,1,0,0,"<hex:020952E802FF25>zur Kammer des Bibliotheksvorstehers<hex:FF28>in der Kammer des Bibliotheksvorstehers<hex:03>",0,0,0
1798,"Abteilung für seltene Schriften",0,"",0,0,1,0,0,"<hex:020983E802FF25>zur Abteilung für seltene Schriften<hex:FF28>in der Abteilung für seltene Schriften<hex:FF30>der Zugang zur Abteilung für seltene Schriften<hex:03>",0,0,0
1799,"Aquapolis",0,"",0,0,1,0,0,"<hex:020933E802FF0E>zur Aquapolis<hex:FF11>in der Aquapolis<hex:FF0E>die Aquapolis<hex:03>",0,0,0
1800,"Wachstube der Bruderschaft",0,"",0,0,1,0,0,"<hex:020966E802FF1F>zur Wachstube der Bruderschaft<hex:FF22>in der Wachstube der Bruderschaft<hex:FF1F>die Wachstube der Bruderschaft<hex:03>",0,0,0
1801,"Wachstube der Legion",0,"",0,0,1,0,0,"<hex:020954E802FF19>zur Wachstube der Legion<hex:FF1C>in der Wachstube der Legion<hex:FF19>die Wachstube der Legion<hex:03>",0,0,0
1802,"Wachstube des Mahlstroms",0,"",0,0,1,0,0,"<hex:020960E802FF1D>zur Wachstube des Mahlstroms<hex:FF20>in der Wachstube des Mahlstroms<hex:FF1D>die Wachstube des Mahlstroms<hex:03>",0,0,0
1803,"Krähennest",0,"",0,0,1,0,0,"<hex:020940E802FF10>zum Krähennest<hex:FF0F>im Krähennest<hex:FF1B>der Zugang zum Krähennest<hex:03>",0,0,0
1804,"Leofards Zimmer",0,"",0,0,1,0,0,"<hex:02093CE802FF13>in Leofards Zimmer<hex:FF13>in Leofards Zimmer<hex:FF10>Leofards Zimmer<hex:03>",0,0,0
1805,"Fockmast",0,"",0,0,1,0,0,"",0,0,0
1806,"[Erweiterung] Fockmast",0,"",0,0,1,0,0,"",0,0,0
1807,"Lilienhügel",0,"",0,0,1,0,0,"",0,0,0
1808,"[Erweiterung] Lilienhügel",0,"",0,0,1,0,0,"",0,0,0
1809,"Nanamo-Windrad",0,"",0,0,1,0,0,"",0,0,0
1810,"[Erweiterung] Nanamo-Windrad",0,"",0,0,1,0,0,"",0,0,0
1811,"Fockmast (Eingangshalle)",0,"",0,0,1,0,0,"<hex:02095FE802FF20>in den Fockmast (Eingangshalle)<hex:FF20>in dem Fockmast (Eingangshalle)<hex:FF19>Fockmast (Eingangshalle)<hex:03>",0,0,0
1812,"Fockmast (Wohnung)",0,"",0,0,1,0,0,"<hex:02094DE802FF1A>in den Fockmast (Wohnung)<hex:FF1A>in dem Fockmast (Wohnung)<hex:FF13>Fockmast (Wohnung)<hex:03>",0,0,0
1813,"Lilienhügel (Eingangshalle)",0,"",0,0,1,0,0,"<hex:020967E802FF20>im Lilienhügel (Eingangshalle)<hex:FF24>in den Lilienhügel (Eingangshalle)<hex:FF1D>Lilienhügel (Eingangshalle)<hex:03>",0,0,0
1814,"Lilienhügel (Wohnung)",0,"",0,0,1,0,0,"<hex:020955E802FF1A>im Lilienhügel (Wohnung)<hex:FF1E>in den Lilienhügel (Wohnung)<hex:FF17>Lilienhügel (Wohnung)<hex:03>",0,0,0
1815,"Nanamo-Windrad (Eingangshalle)",0,"",0,0,1,0,0,"<hex:02096EE802FF22>im Nanamo-Windrad (Eingangshalle)<hex:FF27> in das Nanamo-Windrad (Eingangshalle)<hex:FF1F>Nanamo-Windrad (Eingangshalle)<hex:03>",0,0,0
1816,"Nanamo-Windrad (Wohnung)",0,"",0,0,1,0,0,"<hex:02095CE802FF1C>im Nanamo-Windrad (Wohnung)<hex:FF21> in das Nanamo-Windrad (Wohnung)<hex:FF19>Nanamo-Windrad (Wohnung)<hex:03>",0,0,0
1817,"Zimmer 001",0,"",0,0,1,0,0,"<hex:020931E802FF0E>zu Zimmer 001<hex:FF0E>in Zimmer 001<hex:FF0F>das Zimmer 001<hex:03>",0,0,0
1818,"Zimmer 002",0,"",0,0,1,0,0,"<hex:020931E802FF0E>zu Zimmer 002<hex:FF0E>in Zimmer 002<hex:FF0F>das Zimmer 002<hex:03>",0,0,0
1819,"Zimmer 003",0,"",0,0,1,0,0,"<hex:020931E802FF0E>zu Zimmer 003<hex:FF0E>in Zimmer 003<hex:FF0F>das Zimmer 003<hex:03>",0,0,0
1820,"Zimmer 004",0,"",0,0,1,0,0,"<hex:020931E802FF0E>zu Zimmer 004<hex:FF0E>in Zimmer 004<hex:FF0F>das Zimmer 004<hex:03>",0,0,0
1821,"Zimmer 005",0,"",0,0,1,0,0,"<hex:020931E802FF0E>zu Zimmer 005<hex:FF0E>in Zimmer 005<hex:FF0F>das Zimmer 005<hex:03>",0,0,0
1822,"Zimmer 006",0,"",0,0,1,0,0,"<hex:020931E802FF0E>zu Zimmer 006<hex:FF0E>in Zimmer 006<hex:FF0F>das Zimmer 006<hex:03>",0,0,0
1823,"Zimmer 107",0,"",0,0,1,0,0,"<hex:020931E802FF0E>zu Zimmer 107<hex:FF0E>in Zimmer 107<hex:FF0F>das Zimmer 107<hex:03>",0,0,0
1824,"Zimmer 108",0,"",0,0,1,0,0,"<hex:020931E802FF0E>zu Zimmer 108<hex:FF0E>in Zimmer 108<hex:FF0F>das Zimmer 108<hex:03>",0,0,0
1825,"Zimmer 106",0,"",0,0,1,0,0,"<hex:020931E802FF0E>zu Zimmer 106<hex:FF0E>in Zimmer 106<hex:FF0F>das Zimmer 106<hex:03>",0,0,0
1826,"Zimmer 101",0,"",0,0,1,0,0,"<hex:020931E802FF0E>zu Zimmer 101<hex:FF0E>in Zimmer 101<hex:FF0F>das Zimmer 101<hex:03>",0,0,0
1827,"Zimmer 105",0,"",0,0,1,0,0,"<hex:020931E802FF0E>zu Zimmer 105<hex:FF0E>in Zimmer 105<hex:FF0F>das Zimmer 105<hex:03>",0,0,0
1828,"Zimmer 103",0,"",0,0,1,0,0,"<hex:020931E802FF0E>zu Zimmer 103<hex:FF0E>in Zimmer 103<hex:FF0F>das Zimmer 103<hex:03>",0,0,0
1829,"Zimmer 104",0,"",0,0,1,0,0,"<hex:020931E802FF0E>zu Zimmer 104<hex:FF0E>in Zimmer 104<hex:FF0F>das Zimmer 104<hex:03>",0,0,0
1830,"Zimmer 102",0,"",0,0,1,0,0,"<hex:020931E802FF0E>zu Zimmer 102<hex:FF0E>in Zimmer 102<hex:FF0F>das Zimmer 102<hex:03>",0,0,0
1831,"Zimmer 201",0,"",0,0,1,0,0,"<hex:020931E802FF0E>zu Zimmer 201<hex:FF0E>in Zimmer 201<hex:FF0F>das Zimmer 201<hex:03>",0,0,0
1832,"Zimmer 202",0,"",0,0,1,0,0,"<hex:020931E802FF0E>zu Zimmer 202<hex:FF0E>in Zimmer 202<hex:FF0F>das Zimmer 202<hex:03>",0,0,0
1833,"Bluthalle",0,"",0,0,1,0,0,"<hex:020938E802FF0E>zur Bluthalle<hex:FF16>in die Bluthalle #001<hex:FF0E>die Bluthalle<hex:03>",0,0,0
1834,"Geisterschloss",0,"",0,0,1,0,0,"<hex:02093EE802FF13>zum Geisterschloss<hex:FF12>im Geisterschloss<hex:FF13>das Geisterschloss<hex:03>",0,0,0
1835,"Augen des Schöpfers",0,"",0,0,1,0,0,"<hex:020965E802FF1C>zu den Augen des Schöpfers<hex:FF1C>in den Augen des Schöpfers<hex:FF27>der Zugang zu den Augen des Schöpfers<hex:03>",0,0,0
1836,"Kippender Krug",0,"",0,0,1,0,0,"<hex:020949E802FF13>zum Kippenden Krug<hex:FF12>im Kippenden Krug<hex:FF1E>der Zugang zum Kippenden Krug<hex:03>",0,0,0
1837,"Cranium",0,"",0,0,1,0,0,"<hex:020934E802FF0C>zum Cranium<hex:FF0B>im Cranium<hex:FF17>der Zugang zum Cranium<hex:03>",0,0,0
1838,"Midas-Einheit",0,"",0,0,1,0,0,"<hex:02094AE802FF12>zur Midas-Einheit<hex:FF15>in der Midas-Einheit<hex:FF1D>der Zugang zur Midas-Einheit<hex:03>",0,0,0
1839,"Schädeldecke",0,"",0,0,1,0,0,"<hex:02094BE802FF12>zur Schädeldecke<hex:FF16>auf der Schädeldecke<hex:FF1D>der Zugang zur Schädeldecke<hex:03>",0,0,0
1840,"Wiederaufbereitungsanlage",0,"",0,0,1,0,0,"<hex:02096EE802FF1E>zur Wiederaufbereitungsanlage<hex:FF21>in der Wiederaufbereitungsanlage<hex:FF29>der Zugang zur Wiederaufbereitungsanlage<hex:03>",0,0,0
1841,"Atem des Schöpfers",0,"",0,0,1,0,0,"<hex:020958E802FF18>zum Atem des Schöpfers<hex:FF17>im Atem des Schöpfers<hex:FF23>der Zugang zum Atem des Schöpfers<hex:03>",0,0,0
1842,"Turm für Strafezeigen",0,"",0,0,1,0,0,"<hex:020961E802FF1B>zum Turm für Strafezeigen<hex:FF1A>im Turm für Strafezeigen<hex:FF26>der Zugang zum Turm für Strafezeigen<hex:03>",0,0,0
1843,"Indigopolis - Bezirk 4",0,"",0,0,1,0,0,"<hex:020965E802FF1C>zu Bezirk 4 der Indigopolis<hex:FF1C>in Bezirk 4 der Indigopolis<hex:FF27>der Zugang zu Bezirk 4 der Indigopolis<hex:03>",0,0,0
1844,"Indigopolis - Bezirk 11",0,"",0,0,1,0,0,"<hex:020968E802FF1D>zu Bezirk 11 der Indigopolis<hex:FF1D>in Bezirk 11 der Indigopolis<hex:FF28>der Zugang zu Bezirk 11 der Indigopolis<hex:03>",0,0,0
1845,"Rutschenweg",0,"",0,0,1,0,0,"<hex:020940E802FF10>zum Rutschenweg<hex:FF0F>im Rutschenweg<hex:FF1B>der Zugang zum Rutschenweg<hex:03>",0,0,0
1846,"Multi-Martyrium",0,"",0,0,1,0,0,"<hex:02094CE802FF14>zum Multi-Martyrium<hex:FF13>im Multi-Martyrium<hex:FF1F>der Zugang zum Multi-Martyrium<hex:03>",0,0,0
1847,"Herz des Schöpfers",0,"",0,0,1,0,0,"<hex:02095EE802FF1A>zum Herzen des Schöpfers<hex:FF19>im Herzen des Schöpfers<hex:FF25>der Zugang zum Herzen des Schöpfers<hex:03>",0,0,0
1848,"Obere Rumpf-Ebene",0,"",0,0,1,0,0,"<hex:02095AE802FF17>zur oberen Rumpf-Ebene<hex:FF1B>auf der oberen Rumpf-Ebene<hex:FF22>der Zugang zur oberen Rumpf-Ebene<hex:03>",0,0,0
1849,"Untere Rumpf-Ebene",0,"",0,0,1,0,0,"<hex:02095DE802FF18>zur unteren Rumpf-Ebene<hex:FF1C>auf der unteren Rumpf-Ebene<hex:FF23>der Zugang zur unteren Rumpf-Ebene<hex:03>",0,0,0
1850,"Kern-Fertigungsanlage",0,"",0,0,1,0,0,"<hex:020962E802FF1A>zur Kern-Fertigungsanlage<hex:FF1D>in der Kern-Fertigungsanlage<hex:FF25>der Zugang zur Kern-Fertigungsanlage<hex:03>",0,0,0
1851,"Energieversorgung",0,"",0,0,1,0,0,"<hex:020956E802FF16>zur Energieversorgung<hex:FF19>in der Energieversorgung<hex:FF21>der Zugang zur Energieversorgung<hex:03>",0,0,0
1852,"Hauptantriebsraum",0,"",0,0,1,0,0,"<hex:020952E802FF16>zum Hauptantriebsraum<hex:FF15>im Hauptantriebsraum<hex:FF21>der Zugang zum Hauptantriebsraum<hex:03>",0,0,0
1853,"Seele des Schöpfers",0,"",0,0,1,0,0,"<hex:02095FE802FF19>zur Seele des Schöpfers<hex:FF1C>in der Seele des Schöpfers<hex:FF24>der Zugang zur Seele des Schöpfers<hex:03>",0,0,0
1854,"Entropie",0,"",0,0,1,0,0,"<hex:02093BE802FF0D>zur Entropie<hex:FF10>in der Entropie<hex:FF18>der Zugang zur Entropie<hex:03>",0,0,0
1855,"Zentraler Steuerraum",0,"",0,0,1,0,0,"<hex:02095BE802FF19>zum zentralen Steuerraum<hex:FF18>im zentralen Steuerraum<hex:FF24>der Zugang zum zentralen Steuerraum<hex:03>",0,0,0
1856,"Herz des Schöpfers",0,"",0,0,1,0,0,"<hex:02095EE802FF1A>zum Herzen des Schöpfers<hex:FF19>im Herzen des Schöpfers<hex:FF25>der Zugang zum Herzen des Schöpfers<hex:03>",0,0,0
1857,"Baelsar-Wall",0,"",0,0,1,0,0,"<hex:02093DE802FF11>zum Baelsar-Wall<hex:FF15>auf dem Baelsar-Wall<hex:FF11>der Baelsar-Wall<hex:03>",0,0,0
1858,"Unterer Wall",0,"",0,0,1,0,0,"<hex:02093CE802FF11>zum unteren Wall<hex:FF15>auf dem unteren Wall<hex:FF10>der untere Wall<hex:03>",0,0,0
1859,"Äußerer Wall",0,"",0,0,1,0,0,"<hex:020942E802FF13>zum äußeren Wall<hex:FF17>auf dem äußeren Wall<hex:FF12>der äußere Wall<hex:03>",0,0,0
1860,"Innerer Wall",0,"",0,0,1,0,0,"<hex:02093CE802FF11>zum inneren Wall<hex:FF15>auf dem inneren Wall<hex:FF10>der innere Wall<hex:03>",0,0,0
1861,"Wehrgang",0,"",0,0,1,0,0,"<hex:020931E802FF0D>zum Wehrgang<hex:FF11>auf dem Wehrgang<hex:FF0D>der Wehrgang<hex:03>",0,0,0
1862,"Via Praetoria",0,"",0,0,1,0,0,"<hex:020940E802FF12>zur Via Praetoria<hex:FF16>auf der Via Praetoria<hex:FF12>die Via Praetoria<hex:03>",0,0,0
1863,"Magitek-Lager",0,"",0,0,1,0,0,"<hex:02093BE802FF12>zum Magitek-Lager<hex:FF11>im Magitek-Lager<hex:FF12>das Magitek-Lager<hex:03>",0,0,0
1864,"Luftschiff-Landeplatz",0,"",0,0,1,0,0,"<hex:020958E802FF1A>zum Luftschiff-Landeplatz<hex:FF1E>auf dem Luftschiff-Landeplatz<hex:FF1A>der Luftschiff-Landeplatz<hex:03>",0,0,0
1865,"Castrum Oriens",0,"",0,0,1,0,0,"<hex:02092AE802FF13>zum Castrum Oriens<hex:FF12>am Castrum Oriens<hex:03>",0,0,0
1866,"Waffenkammer",0,"",0,0,1,0,0,"<hex:02093CE802FF11>zur Waffenkammer<hex:FF14>in der Waffenkammer<hex:FF11>die Waffenkammer<hex:03>",0,0,0
1867,"Brustwehr",0,"",0,0,1,0,0,"<hex:020934E802FF0E>zur Brustwehr<hex:FF12>auf der Brustwehr<hex:FF0E>die Brustwehr<hex:03>",0,0,0
1868,"Dun Scaith",0,"",0,0,1,0,0,"<hex:02093DE802FF10>nach Dun Scaith<hex:FF0E>in Dun Scaith<hex:FF19>der Zugang zu Dun Scaith<hex:03>",0,0,0
1869,"Lady Radlia",0,"",0,0,1,0,0,"<hex:020945E802FF10>zur Lady Radlia<hex:FF14>auf der Lady Radlia<hex:FF1B>der Zugang zur Lady Radlia<hex:03>",0,0,0
1870,"Ruinen von Dun Scaith",0,"",0,0,1,0,0,"<hex:020968E802FF1D>zu den Ruinen von Dun Scaith<hex:FF1D>in den Ruinen von Dun Scaith<hex:FF28>der Zugang zu den Ruinen von Dun Scaith<hex:03>",0,0,0
1871,"Befestigung",0,"",0,0,1,0,0,"<hex:020945E802FF10>zur Befestigung<hex:FF14>auf der Befestigung<hex:FF1B>der Zugang zur Befestigung<hex:03>",0,0,0
1872,"Dachfeste",0,"",0,0,1,0,0,"<hex:02093FE802FF0E>zur Dachfeste<hex:FF12>auf der Dachfeste<hex:FF19>der Zugang zur Dachfeste<hex:03>",0,0,0
1873,"Nirgendwo",0,"",0,0,1,0,0,"<hex:02093FE802FF0E>zum Nirgendwo<hex:FF12>auf dem Nirgendwo<hex:FF19>der Zugang zum Nirgendwo<hex:03>",0,0,0
1874,"Glockenturm",0,"",0,0,1,0,0,"<hex:020945E802FF10>zum Glockenturm<hex:FF14>auf dem Glockenturm<hex:FF1B>der Zugang zum Glockenturm<hex:03>",0,0,0
1875,"Hofgarten der Schwarzen Rose",0,"",0,0,1,0,0,"<hex:020966E802FF1B>zum Hofgarten der Königin<hex:FF1F>auf dem Hofgarten der Königin<hex:FF26>der Zugang zum Hofgarten der Königin<hex:03>",0,0,0
1876,"Halle der Schwarzen Rose",0,"",0,0,1,0,0,"<hex:020961E802FF1D>zur Halle der Schwarzen Rose<hex:FF21>auf der Halle der Schwarzen Rose<hex:FF1D>die Halle der Schwarzen Rose<hex:03>",0,0,0
1877,"Hauptdeck",0,"",0,0,1,0,0,"<hex:02093FE802FF0E>zum Hauptdeck<hex:FF12>auf dem Hauptdeck<hex:FF19>der Zugang zum Hauptdeck<hex:03>",0,0,0
1878,"Schwarzmarkt",0,"",0,0,1,0,0,"<hex:020948E802FF11>zum Schwarzmarkt<hex:FF15>auf dem Schwarzmarkt<hex:FF1C>der Zugang zum Schwarzmarkt<hex:03>",0,0,0
1879,"Handelsbezirk",0,"",0,0,1,0,0,"<hex:02094BE802FF12>zum Handelsbezirk<hex:FF16>auf dem Handelsbezirk<hex:FF1D>der Zugang zum Handelsbezirk<hex:03>",0,0,0
1880,"Podium",0,"",0,0,1,0,0,"<hex:020936E802FF0B>zum Podium<hex:FF0F>auf dem Podium<hex:FF16>der Zugang zum Podium<hex:03>",0,0,0
1881,"Stolz der Königin",0,"",0,0,1,0,0,"<hex:02095AE802FF17>zum Stolz der Königin<hex:FF1B>auf dem Stolz der Königin<hex:FF22>der Zugang zum Stolz der Königin<hex:03>",0,0,0
1882,"Anmut der Königin",0,"",0,0,1,0,0,"<hex:02095AE802FF17>zur Anmut der Königin<hex:FF1B>auf der Anmut der Königin<hex:FF22>der Zugang zur Anmut der Königin<hex:03>",0,0,0
1883,"Lunarplatz",0,"",0,0,1,0,0,"<hex:020942E802FF0F>zum Lunarplatz<hex:FF13>auf dem Lunarplatz<hex:FF1A>der Zugang zum Lunarplatz<hex:03>",0,0,0
1884,"Flechtenhain",0,"",0,0,1,0,0,"<hex:020927E802FF12>nach Flechtenhain<hex:FF10>in Flechtenhain<hex:03>",0,0,0
1885,"Klauenkäfig",0,"",0,0,1,0,0,"<hex:020943E802FF11>zum Klauenkäfig<hex:FF10>im Klauenkäfig<hex:FF1C>der Zugang zum Klauenkäfig<hex:03>",0,0,0
1886,"Fängekäfig",0,"",0,0,1,0,0,"<hex:020943E802FF11>zum Fängekäfig<hex:FF10>im Fängekäfig<hex:FF1C>der Zugang zum Fängekäfig<hex:03>",0,0,0
1887,"Omega-Kontrollraum",0,"",0,0,1,0,0,"<hex:02094AE802FF17>zum Omega-Kontrollraum<hex:FF16>im Omega-Kontrollraum<hex:FF17>der Omega-Kontrollraum<hex:03>",0,0,0
1888,"Sohm Al (schwer)",0,"",0,0,1,0,0,"",0,0,0
1889,"Sohm Al: Das Herz",0,"",0,0,1,0,0,"<hex:020931E802FF0B>zum Herzen<hex:FF0A>im Herzen<hex:FF16>der Zugang zum Herzen<hex:03>",0,0,0
1890,"Das Fieber",0,"",0,0,1,0,0,"<hex:020931E802FF0B>zum Fieber<hex:FF0A>im Fieber<hex:FF16>der Zugang zum Fieber<hex:03>",0,0,0
1891,"Lavagrotte",0,"",0,0,1,0,0,"<hex:020941E802FF0F>zur Lavagrotte<hex:FF12>in der Lavagrotte<hex:FF1A>der Zugang zur Lavagrotte<hex:03>",0,0,0
1892,"Das Herz",0,"",0,0,1,0,0,"<hex:020931E802FF0B>zum Herzen<hex:FF0A>im Herzen<hex:FF16>der Zugang zum Herzen<hex:03>",0,0,0
1893,"Privathütte (Shirogane)",0,"",0,0,1,0,0,"",0,0,0
1894,"Privathaus (Shirogane)",0,"",0,0,1,0,0,"",0,0,0
1895,"Privatresidenz (Shirogane)",0,"",0,0,1,0,0,"",0,0,0
1896,"Akanegumo-Steg",0,"",0,0,1,0,0,"",0,0,0
1897,"Akanezaka-Marktplatz",0,"",0,0,1,0,0,"",0,0,0
1898,"Shirogane-hama",0,"",0,0,1,0,0,"",0,0,0
1899,"Kobun-en",0,"",0,0,1,0,0,"",0,0,0
1900,"Kakurehama",0,"",0,0,1,0,0,"",0,0,0
1901,"Shirakumo-no-yu",0,"",0,0,1,0,0,"",0,0,0
1902,"Akanegumo-Steg",0,"",0,0,1,0,0,"",0,0,0
1903,"Nordwest-Shirogane",0,"",0,0,1,0,0,"",0,0,0
1904,"West-Shirogane",0,"",0,0,1,0,0,"",0,0,0
1905,"Kobai Goten",0,"",0,0,1,0,0,"",0,0,0
1906,"Nordost-Shirogane",0,"",0,0,1,0,0,"",0,0,0
1907,"Südwest-Shirogane",0,"",0,0,1,0,0,"",0,0,0
1908,"Süd-Shirogane",0,"",0,0,1,0,0,"",0,0,0
1909,"Südost-Shirogane",0,"",0,0,1,0,0,"",0,0,0
1910,"[Erweiterung] Akanegumo-Steg",0,"",0,0,1,0,0,"",0,0,0
1911,"[Erweiterung] Akanezaka-Marktplatz",0,"",0,0,1,0,0,"",0,0,0
1912,"[Erweiterung] Shirogane-hama",0,"",0,0,1,0,0,"",0,0,0
1913,"[Erweiterung] Kobun-en",0,"",0,0,1,0,0,"",0,0,0
1914,"[Erweiterung] Kakurehama",0,"",0,0,1,0,0,"",0,0,0
1915,"[Erweiterung] Shirakumo-no-yu",0,"",0,0,1,0,0,"",0,0,0
1916,"[Erweiterung] Nord-Shirogane",0,"",0,0,1,0,0,"",0,0,0
1917,"[Erweiterung] Ost-Shirogane",0,"",0,0,1,0,0,"",0,0,0
1918,"[Erweiterung] Akanegumo-Steg",0,"",0,0,1,0,0,"",0,0,0
1919,"[Erweiterung] Nordost-Shirogane",0,"",0,0,1,0,0,"",0,0,0
1920,"[Erweiterung] West-Shirogane",0,"",0,0,1,0,0,"",0,0,0
1921,"[Erweiterung] Kobai Goten",0,"",0,0,1,0,0,"",0,0,0
1922,"[Erweiterung] Südwest-Shirogane",0,"",0,0,1,0,0,"",0,0,0
1923,"[Erweiterung] Süd-Shirogane",0,"",0,0,1,0,0,"",0,0,0
1924,"Tempel der Faust",0,"",0,0,1,0,0,"<hex:02094FE802FF15>zum Tempel der Faust<hex:FF14>im Tempel der Faust<hex:FF20>der Zugang zum Tempel der Faust<hex:03>",0,0,0
1925,"Rhalgrs Schulter",0,"",0,0,1,0,0,"<hex:02094DE802FF14>zu Rhalgrs Schulter<hex:FF14>in Rhalgrs Schulter<hex:FF1F>der Zugang zu Rhalgrs Schulter<hex:03>",0,0,0
1926,"Pfad der Erleuchtung",0,"",0,0,1,0,0,"<hex:020960E802FF19>zum Pfad der Erleuchtung<hex:FF1D>auf dem Pfad der Erleuchtung<hex:FF24>der Zugang zum Pfad der Erleuchtung<hex:03>",0,0,0
1927,"Die Geschlossene Faust",0,"",0,0,1,0,0,"<hex:02095CE802FF18>zur Geschlossenen Faust<hex:FF1B>in der Geschlossenen Faust<hex:FF23>der Zugang zur Geschlossenen Faust<hex:03>",0,0,0
1928,"Turmalinteich",0,"",0,0,1,0,0,"<hex:020946E802FF12>zum Turmalinteich<hex:FF11>am Turmalinteich<hex:FF1D>der Zugang zum Turmalinteich<hex:03>",0,0,0
1929,"Harmonie",0,"",0,0,1,0,0,"<hex:02093BE802FF0D>zur Harmonie<hex:FF10>in der Harmonie<hex:FF18>der Zugang zur Harmonie<hex:03>",0,0,0
1930,"Unterweisung",0,"",0,0,1,0,0,"<hex:020947E802FF11>zur Unterweisung<hex:FF14>in der Unterweisung<hex:FF1C>der Zugang zur Unterweisung<hex:03>",0,0,0
1931,"Dilemma",0,"",0,0,1,0,0,"<hex:020934E802FF0C>zum Dilemma<hex:FF0B>im Dilemma<hex:FF17>der Zugang zum Dilemma<hex:03>",0,0,0
1932,"Erleuchtung",0,"",0,0,1,0,0,"<hex:020944E802FF10>zur Erleuchtung<hex:FF13>in der Erleuchtung<hex:FF1B>der Zugang zur Erleuchtung<hex:03>",0,0,0
1933,"Lagerkomplex",0,"",0,0,1,0,0,"",0,0,0
1934,"Testgelände",0,"",0,0,1,0,0,"",0,0,0
1935,"Zentralbereich",0,"",0,0,1,0,0,"",0,0,0
1936,"Bodenwaffenentwicklung",0,"",0,0,1,0,0,"<hex:020965E802FF1B>zur Bodenwaffenentwicklung<hex:FF1E>in der Bodenwaffenentwicklung<hex:FF26>der Zugang zur Bodenwaffenentwicklung<hex:03>",0,0,0
1937,"Projekt Aegis",0,"",0,0,1,0,0,"<hex:020944E802FF11>zu Projekt Aegis<hex:FF11>in Projekt Aegis<hex:FF1C>der Zugang zu Projekt Aegis<hex:03>",0,0,0
1938,"Evaluationsgelände",0,"",0,0,1,0,0,"<hex:020958E802FF18>zum Evaluationsgelände<hex:FF17>im Evaluationsgelände<hex:FF23>der Zugang zum Evaluationsgelände<hex:03>",0,0,0
1939,"Sogyoku-Fischgarten",0,"",0,0,1,0,0,"<hex:020958E802FF18>zum Sogyoku-Fischgarten<hex:FF17>im Sogyoku-Fischgarten<hex:FF23>der Zugang zum Sogyoku-Fischgarten<hex:03>",0,0,0
1940,"Kogyoku-Palast",0,"",0,0,1,0,0,"<hex:020949E802FF13>zum Kogyoku-Palast<hex:FF12>im Kogyoku-Palast<hex:FF1E>der Zugang zum Kogyoku-Palast<hex:03>",0,0,0
1941,"Shisui-Tempel",0,"",0,0,1,0,0,"<hex:020946E802FF12>zum Shisui-Tempel<hex:FF11>im Shisui-Tempel<hex:FF1D>der Zugang zum Shisui-Tempel<hex:03>",0,0,0
1942,"Haratsuge-Tor",0,"",0,0,1,0,0,"<hex:020946E802FF12>zum Haratsuge-Tor<hex:FF11>am Haratsuge-Tor<hex:FF1D>der Zugang zum Haratsuge-Tor<hex:03>",0,0,0
1943,"Akashio-Halle",0,"",0,0,1,0,0,"<hex:02094AE802FF12>zur Akashio-Halle<hex:FF15>in der Akashio-Halle<hex:FF1D>der Zugang zur Akashio-Halle<hex:03>",0,0,0
1944,"Shisui Gokagura",0,"",0,0,1,0,0,"<hex:02094CE802FF14>zum Shisui Gokagura<hex:FF13>im Shisui Gokagura<hex:FF1F>der Zugang zum Shisui Gokagura<hex:03>",0,0,0
1945,"Ätherytenplatz",0,"",0,0,1,0,0,"",0,0,0
1946,"Gasthaus Shiokaze",0,"",0,0,1,0,0,"",0,0,0
1947,"Pier 1",0,"",0,0,1,0,0,"",0,0,0
1948,"Konsulat von Thavnair",0,"",0,0,1,0,0,"",0,0,0
1949,"Kogane-dori (Markt)",0,"",0,0,1,0,0,"",0,0,0
1950,"Badehaus Bokairo",0,"",0,0,1,0,0,"",0,0,0
1951,"Ostaldenard-Handelshaus",0,"",0,0,1,0,0,"",0,0,0
1952,"Sekiseigumi-Quartier",0,"",0,0,1,0,0,"",0,0,0
1953,"Rakuza-Bezirk",0,"",0,0,1,0,0,"",0,0,0
1954,"Rubin-Seefestung",0,"",0,0,1,0,0,"",0,0,0
1955,"Ätherytenplatz",0,"",0,0,1,0,0,"",0,0,0
1956,"Rhalgrs Wacht (Westteil)",0,"",0,0,1,0,0,"",0,0,0
1957,"Rhalgrs Wacht (Nordostteil)",0,"",0,0,1,0,0,"",0,0,0
1958,"Tor zum Grenzland",0,"",0,0,1,0,0,"",0,0,0
1959,"Tor zu den Zinnen",0,"",0,0,1,0,0,"",0,0,0
1960,"Die <hex:021A020203>Misery<hex:021A020103>",0,"",0,0,1,0,0,"<hex:020949E802FF15>zur <hex:021A020203>Misery<hex:021A020103><hex:FF19>auf der <hex:021A020203>Misery<hex:021A020103><hex:FF15>die <hex:021A020203>Misery<hex:021A020103><hex:03>",0,0,0
1961,"Gespensterfelsen",0,"",0,0,1,0,0,"<hex:020949E802FF15>zum Gespensterfelsen<hex:FF19>auf dem Gespensterfelsen<hex:FF15>der Gespensterfelsen<hex:03>",0,0,0
1962,"Die <hex:021A020203>Jane Guy<hex:021A020103>",0,"",0,0,1,0,0,"<hex:02094FE802FF17>zur <hex:021A020203>Jane Guy<hex:021A020103><hex:FF1B>auf der <hex:021A020203>Jane Guy<hex:021A020103><hex:FF17>die <hex:021A020203>Jane Guy<hex:021A020103><hex:03>",0,0,0
1963,"Trauersteg",0,"",0,0,1,0,0,"<hex:020937E802FF0F>zum Trauersteg<hex:FF13>auf dem Trauersteg<hex:FF0F>der Trauersteg<hex:03>",0,0,0
1964,"Insel der Toten",0,"",0,0,1,0,0,"<hex:020946E802FF14>zur Insel der Toten<hex:FF18>auf der Insel der Toten<hex:FF14>die Insel der Toten<hex:03>",0,0,0
1965,"Krautz-Leuchtturm",0,"",0,0,1,0,0,"<hex:020947E802FF16>zum Krautz-Leuchtturm<hex:FF15>im Krautz-Leuchtturm<hex:FF16>der Krautz-Leuchtturm<hex:03>",0,0,0
1966,"Ninomaru-Palastgärten",0,"",0,0,1,0,0,"",0,0,0
1967,"Keisen-Garten",0,"",0,0,1,0,0,"<hex:020949E802FF15>in den Keisen-Garten<hex:FF11>im Keisen-Garten<hex:FF1D>der Zugang zum Keisen-Garten<hex:03>",0,0,0
1968,"Honmaru-Halle",0,"",0,0,1,0,0,"",0,0,0
1969,"Die Reißzähne",0,"",0,0,1,0,0,"<hex:02094EE802FF14>zu den Reißzähnen<hex:FF15>auf den Reißzähnen<hex:FF1F>der Zugang zu den Reißzähnen<hex:03>",0,0,0
1970,"Die Nassen Gräber",0,"",0,0,1,0,0,"<hex:020947E802FF17>zu den Nassen Gräbern<hex:FF17>in den Nassen Gräbern<hex:FF13>die Nassen Gräber<hex:03>",0,0,0
1971,"Budokan",0,"",0,0,1,0,0,"<hex:020934E802FF0C>zum Budokan<hex:FF0B>im Budokan<hex:FF17>der Zugang zum Budokan<hex:03>",0,0,0
1972,"Honmaru-Burgfried",0,"",0,0,1,0,0,"",0,0,0
1973,"Noh-Theater",0,"",0,0,1,0,0,"<hex:020940E802FF10>zum Noh-Theater<hex:FF0F>im Noh-Theater<hex:FF1B>der Zugang zum Noh-Theater<hex:03>",0,0,0
1974,"Ninomaru",0,"",0,0,1,0,0,"",0,0,0
1975,"Honmaru",0,"",0,0,1,0,0,"",0,0,0
1976,"Bardams Jagdgrund",0,"",0,0,1,0,0,"<hex:020943E802FF15>zu Bardams Jagdgrund<hex:FF16>auf Bardams Jagdgrund<hex:FF12>Bardams Jagdgrund<hex:03>",0,0,0
1977,"Bardams Wiedergeburt",0,"",0,0,1,0,0,"<hex:02094BE802FF18>zu Bardams Wiedergeburt<hex:FF18>in Bardams Wiedergeburt<hex:FF15>Bardams Wiedergeburt<hex:03>",0,0,0
1978,"Stumme Muse",0,"",0,0,1,0,0,"<hex:02093BE802FF11>zur Stummen Muse<hex:FF14>in der Stummen Muse<hex:FF10>die Stumme Muse<hex:03>",0,0,0
1979,"Die Sprünge des jungen Bardam",0,"",0,0,1,0,0,"<hex:02096BE802FF23>zu den Sprüngen des jungen Bardam<hex:FF23>in den Sprüngen des jungen Bardam<hex:FF1F>die Sprünge des jungen Bardam<hex:03>",0,0,0
1980,"Die Leiden des hochmütigen Bardam",0,"",0,0,1,0,0,"<hex:020975E802FF26>zu den Leiden des hochmütigen Bardam<hex:FF26>in den Leiden des hochmütigen Bardam<hex:FF23>die Leiden des hochmütigen Bardam<hex:03>",0,0,0
1981,"Die Glorie des mutigen Bardam",0,"",0,0,1,0,0,"<hex:020963E802FF1E>zur Glorie des mutigen Bardam<hex:FF21>in der Glorie des mutigen Bardam<hex:FF1E>die Glorie des mutigen Bardam<hex:03>",0,0,0
1982,"Die Prüfung der Morgendämmerung",0,"",0,0,1,0,0,"<hex:02096FE802FF22>zur Prüfung der Morgendämmerung<hex:FF25>in der Prüfung der Morgendämmerung<hex:FF22>die Prüfung der Morgendämmerung<hex:03>",0,0,0
1983,"Die Prüfung der Abend<hex:02160103>dämmerung",0,"",0,0,1,0,0,"<hex:020978E802FF25>zur Prüfung der Abend<hex:02160103>dämmerung<hex:FF28>in der Prüfung der Abend<hex:02160103>dämmerung<hex:FF25>die Prüfung der Abend<hex:02160103>dämmerung<hex:03>",0,0,0
1984,"Der Triumph des großen Bardam",0,"",0,0,1,0,0,"<hex:020962E802FF1F>zum Triumph des großen Bardam<hex:FF1E>im Triumph des großen Bardam<hex:FF1F>der Triumph des großen Bardam<hex:03>",0,0,0
1985,"Dritte Waffenkammer",0,"",0,0,1,0,0,"<hex:020953E802FF19>zur Dritten Waffenkammer<hex:FF1C>in der Dritten Waffenkammer<hex:FF18>die Dritte Waffenkammer<hex:03>",0,0,0
1986,"Exerzierplatz",0,"",0,0,1,0,0,"<hex:020940E802FF12>zum Exerzierplatz<hex:FF16>auf dem Exerzierplatz<hex:FF12>der Exerzierplatz<hex:03>",0,0,0
1987,"Halle der Blutroten Schwalbe",0,"",0,0,1,0,0,"<hex:02096CE802FF21>zur Halle der Blutroten Schwalbe<hex:FF24>in der Halle der Blutroten Schwalbe<hex:FF21>die Halle der Blutroten Schwalbe<hex:03>",0,0,0
1988,"Ninokuruwa",0,"",0,0,1,0,0,"<hex:020937E802FF0F>zum Ninokuruwa<hex:FF13>auf dem Ninokuruwa<hex:FF0F>der Ninokuruwa<hex:03>",0,0,0
1989,"Ichinokuruwa",0,"",0,0,1,0,0,"<hex:02093DE802FF11>zum Ichinokuruwa<hex:FF15>auf dem Ichinokuruwa<hex:FF11>der Ichinokuruwa<hex:03>",0,0,0
1990,"Tenshu",0,"",0,0,1,0,0,"<hex:020926E802FF0B>zum Tenshu<hex:FF0A>im Tenshu<hex:FF0B>der Tenshu<hex:03>",0,0,0
1991,"Halle der Vier Säulen",0,"",0,0,1,0,0,"<hex:02095AE802FF1B>zur Halle der Vier Säulen<hex:FF1E>in der Halle der Vier Säulen<hex:FF1B>die Halle der Vier Säulen<hex:03>",0,0,0
1992,"Kanäle von Uznair (Eingang)",0,"",0,0,1,0,0,"<hex:020938E802FF11>zum Kanaleingang<hex:FF10>am Kanaleingang<hex:FF11>der Kanaleingang<hex:03>",0,0,0
1993,"Erste Kammer",0,"",0,0,1,0,0,"<hex:02094AE802FF12>zur ersten Kammer<hex:FF15>in der ersten Kammer<hex:FF1D>der Zugang zur ersten Kammer<hex:03>",0,0,0
1994,"Zweite Kammer",0,"",0,0,1,0,0,"<hex:02094DE802FF13>zur zweiten Kammer<hex:FF16>in der zweiten Kammer<hex:FF1E>der Zugang zur zweiten Kammer<hex:03>",0,0,0
1995,"Dritte Kammer",0,"",0,0,1,0,0,"<hex:02094DE802FF13>zur dritten Kammer<hex:FF16>in der dritten Kammer<hex:FF1E>der Zugang zur dritten Kammer<hex:03>",0,0,0
1996,"Vierte Kammer",0,"",0,0,1,0,0,"<hex:02094DE802FF13>zur vierten Kammer<hex:FF16>in der vierten Kammer<hex:FF1E>der Zugang zur vierten Kammer<hex:03>",0,0,0
1997,"Fünfte Kammer",0,"",0,0,1,0,0,"<hex:020950E802FF14>zur fünften Kammer<hex:FF17>in der fünften Kammer<hex:FF1F>der Zugang zur fünften Kammer<hex:03>",0,0,0
1998,"Sechste Kammer",0,"",0,0,1,0,0,"<hex:020950E802FF14>zur sechsten Kammer<hex:FF17>in der sechsten Kammer<hex:FF1F>der Zugang zur sechsten Kammer<hex:03>",0,0,0
1999,"Letzte Kammer",0,"",0,0,1,0,0,"<hex:02094DE802FF13>zur letzten Kammer<hex:FF16>in der letzten Kammer<hex:FF1E>der Zugang zur letzten Kammer<hex:03>",0,0,0
2000,"Dravanisches Vorland",0,"",0,0,1,0,0,"<hex:02094FE802FF19>zum Dravanischen Vorland<hex:FF18>im Dravanischen Vorland<hex:FF18>das Dravanische Vorland<hex:03>",0,0,0
2001,"Dravanisches Hinterland",0,"",0,0,1,0,0,"<hex:020958E802FF1C>zum Dravanischen Hinterland<hex:FF1B>im Dravanischen Hinterland<hex:FF1B>das Dravanische Hinterland<hex:03>",0,0,0
2002,"Wallende Nebel",0,"",0,0,1,0,0,"<hex:02094AE802FF18>zu den Wallenden Nebeln<hex:FF18>in den Wallenden Nebeln<hex:FF14>die Wallenden Nebel<hex:03>",0,0,0
2003,"Chocobo-Wald",0,"",0,0,1,0,0,"<hex:020938E802FF11>zum Chocobo-Wald<hex:FF10>im Chocobo-Wald<hex:FF11>der Chocobo-Wald<hex:03>",0,1001,0
2004,"Qualmende Öde",0,"",0,0,1,0,0,"<hex:020930E802FF14>zur Qualmenden Öde<hex:FF17>in der Qualmenden Öde<hex:03>",0,1002,0
2005,"Loth ast Gnath",0,"",0,0,1,0,0,"",0,1003,0
2006,"Abglanz Avalonias",0,"",0,0,1,0,0,"",0,1004,0
2007,"Ausläufer des Sohm Al",0,"",0,0,1,0,0,"",0,1005,0
2008,"Mourn",0,"",0,0,1,0,0,"<hex:020919E802FF0B>nach Mourn<hex:FF09>in Mourn<hex:03>",0,1006,0
2009,"Manufaktur-Viertel",0,"",0,0,1,0,0,"",0,1007,0
2010,"Sammler-Viertel",0,"",0,0,1,0,0,"",0,1008,0
2011,"Meister-Viertel",0,"",0,0,1,0,0,"",0,1009,0
2012,"Gipfel des Sohm Al",0,"",0,0,1,0,0,"<hex:02094FE802FF17>zum Gipfel des Sohm Al<hex:FF1B>auf dem Gipfel des Sohm Al<hex:FF17>der Gipfel des Sohm Al<hex:03>",0,1010,0
2013,"Eil Tohm",0,"",0,0,1,0,0,"<hex:020929E802FF0E>nach Eil Tohm<hex:FF0C>in Eil Tohm<hex:FF09>Eil Tohm<hex:03>",0,1011,0
2014,"Grundherren-Kolonie",0,"",0,0,1,0,0,"<hex:020938E802FF18>zur Grundherren-Kolonie<hex:FF1B>in der Grundherren-Kolonie<hex:03>",0,1012,0
2015,"Vornrum",0,"",0,0,1,0,0,"<hex:020926E802FF0D>nach Vornrum<hex:FF0B>in Vornrum<hex:FF08>Vornrum<hex:03>",0,1013,0
2016,"Ohl Tahn",0,"",0,0,1,0,0,"<hex:020929E802FF0E>nach Ohl Than<hex:FF0C>in Ohl Tahn<hex:FF09>Ohl Tahn<hex:03>",0,1014,0
2017,"Grünwarte",0,"",0,0,1,0,0,"<hex:020926E802FF0F>zur Grünwarte<hex:FF12>an der Grünwarte<hex:03>",0,1015,0
2018,"Fiederhag",0,"",0,0,1,0,0,"<hex:02092CE802FF0F>nach Fiederhag<hex:FF0D>in Fiederhag<hex:FF0A>Fiederhag<hex:03>",0,1001,0
2019,"Hundertfacher Schrei",0,"",0,0,1,0,0,"<hex:020936E802FF19>zum Hundertfachen Schrei<hex:FF18>am Hundertfachen Schrei<hex:03>",0,1002,0
2020,"Der Weiland",0,"",0,0,1,0,0,"<hex:020935E802FF12>zum Fluss Weiland<hex:FF11>am Fluss Weiland<hex:FF0C>der Weiland<hex:03>",0,1003,0
2021,"Loth ast Vath",0,"",0,0,1,0,0,"",0,1004,0
2022,"Der Befleckte",0,"",0,0,1,0,0,"",0,1005,0
2023,"Schwarmhügel",0,"",0,0,1,0,0,"",0,1006,0
2024,"Königshügel",0,"",0,0,1,0,0,"",0,1007,0
2025,"Trinär-Annex",0,"",0,0,1,0,0,"",0,1008,0
2026,"",0,"",0,0,0,0,0,"",0,0,0
2027,"Dannen-Weg",0,"",0,0,1,0,0,"",0,1010,0
2028,"Ehs Daih",0,"",0,0,1,0,0,"",0,1011,0
2029,"Auenfest",0,"",0,0,1,0,0,"<hex:02091EE802FF0D>zum Auenfest<hex:FF0C>am Auenfest<hex:03>",0,1012,0
2030,"Halo",0,"",0,0,1,0,0,"<hex:020917E802FF0A>nach Halo<hex:FF08>in Halo<hex:03>",0,1013,0
2031,"Sohm Al",0,"",0,0,1,0,0,"<hex:02092EE802FF0C>zum Sohm Al<hex:FF10>auf dem Sohm Al<hex:FF0C>der Sohm Al<hex:03>",0,1014,0
2032,"Arkhitekton",0,"",0,0,1,0,0,"",0,1015,0
2033,"Pfad der Schöpfung",0,"",0,0,1,0,0,"<hex:02094DE802FF18>zum Pfad der Schöpfung<hex:FF17>am Pfad der Schöpfung<hex:FF18>der Pfad der Schöpfung<hex:03>",0,1016,0
2034,"Sankt Mocianne-Arboretum",0,"",0,0,1,0,0,"",0,1017,0
2035,"Überlauf-Delta",0,"",0,0,1,0,0,"<hex:02092CE802FF14>zum Überlauf-Delta<hex:FF13>am Überlauf-Delta<hex:03>",0,1018,0
2036,"Matoyas Höhle",0,"",0,0,1,0,0,"",0,1019,0
2037,"Pfad des Wissens",0,"",0,0,1,0,0,"",0,1020,0
2038,"Große Gubal-Bibliothek",0,"",0,0,1,0,0,"",0,1021,0
2039,"Der Thaliak",0,"",0,0,1,0,0,"<hex:020935E802FF12>zum Fluss Thaliak<hex:FF11>am Fluss Thaliak<hex:FF0C>der Thaliak<hex:03>",0,1022,0
2040,"Kippender Krug",0,"",0,0,1,0,0,"",0,1023,0
2041,"Alexander",0,"",0,0,1,0,0,"",0,1024,0
2042,"Moglingen",0,"",0,0,1,0,0,"<hex:02092CE802FF0F>nach Moglingen<hex:FF0D>in Moglingen<hex:FF0A>Moglingen<hex:03>",0,1025,0
2043,"Haus der Blätter",0,"",0,0,1,0,0,"<hex:020947E802FF16>zum Haus der Blätter<hex:FF15>im Haus der Blätter<hex:FF16>das Haus der Blätter<hex:03>",0,1026,0
2044,"Monstaterium",0,"",0,0,1,0,0,"<hex:020938E802FF11>zum Monstaterium<hex:FF10>im Monstaterium<hex:FF11>das Monstateirum<hex:03>",0,1027,0
2045,"Asah-Wolkenweg",0,"",0,0,1,0,0,"<hex:020943E802FF13>zum Asah-Wolkenweg<hex:FF17>auf dem Asah-Wolkenweg<hex:FF13>der Asah-Wolkenweg<hex:03>",0,1028,0
2046,"Kreidetempel",0,"",0,0,1,0,0,"<hex:020938E802FF11>zum Kreidetempel<hex:FF10>im Kreidetempel<hex:FF11>der Kreidetempel<hex:03>",0,1029,0
2047,"Drachen<hex:02160103>korridor",0,"",0,0,1,0,0,"",0,1030,0
2048,"Tharl Oom Khash",0,"",0,0,1,0,0,"<hex:02092DE802FF15>nach Tharl Oom Khash<hex:FF13>in Tharl Oom Khash<hex:03>",0,1031,0
2049,"Ostblick",0,"",0,0,1,0,0,"",0,1032,0
2050,"Nest des Drachen",0,"",0,0,1,0,0,"",0,1033,0
2051,"Mutter Schiefer",0,"",0,0,1,0,0,"<hex:02093EE802FF15>nach Mutter Schiefer<hex:FF13>in Mutter Schiefer<hex:FF10>Mutter Schiefer<hex:03>",0,1034,0
2052,"Akademie-Viertel",0,"",0,0,1,0,0,"",0,1016,0
2053,"Knirschende Kiesel",0,"",0,0,1,0,0,"",0,1035,0
2054,"Bocksbrücke",0,"",0,0,1,0,0,"",0,1036,0
2055,"Mären-Eid",0,"",0,0,1,0,0,"",0,1037,0
2056,"",0,"",0,0,0,0,0,"",0,0,0
2057,"",0,"",0,0,0,0,0,"",0,0,0
2058,"",0,"",0,0,0,0,0,"",0,0,0
2059,"",0,"",0,0,0,0,0,"",0,0,0
2060,"",0,"",0,0,0,0,0,"",0,0,0
2061,"Kleiner Annex",0,"",0,0,1,0,0,"",0,1043,0
2062,"",0,"",0,0,0,0,0,"",0,0,0
2063,"",0,"",0,0,0,0,0,"",0,0,0
2064,"Alter Annex",0,"",0,0,1,0,0,"<hex:020924E802FF10>zum alten Annex<hex:FF0F>im alten Annex<hex:03>",0,1046,0
2065,"Die Dolche",0,"",0,0,1,0,0,"",0,1047,0
2066,"Zenotaph",0,"",0,0,1,0,0,"",0,1048,0
2067,"Großwest Kurzrast",0,"",0,0,1,0,0,"",0,1049,0
2068,"Orn-Busch",0,"",0,0,1,0,0,"",0,1050,0
2069,"Pfad der Kontemplation",0,"",0,0,1,0,0,"",0,1051,0
2070,"Asulon",0,"",0,0,1,0,0,"",0,1052,0
2071,"",0,"",0,0,0,0,0,"",0,0,0
2072,"",0,"",0,0,0,0,0,"",0,0,0
2073,"Pfad der Konviktion",0,"",0,0,1,0,0,"",0,1055,0
2074,"Hoher Gubal",0,"",0,0,1,0,0,"",0,1056,0
2075,"Beibaum",0,"",0,0,1,0,0,"",0,1057,0
2076,"Gron Rhei",0,"",0,0,1,0,0,"",0,1058,0
2077,"Einbaum",0,"",0,0,1,0,0,"",0,1059,0
2078,"Siedewand",0,"",0,0,1,0,0,"",0,1060,0
2079,"Westenwasser",0,"",0,0,1,0,0,"<hex:020927E802FF12>nach Westenwasser<hex:FF10>in Westenwasser<hex:03>",0,1061,0
2080,"Der Verirrte Grundherr",0,"",0,0,1,0,0,"",0,1062,0
2081,"Thok ast Thok",0,"",0,0,1,0,0,"",0,0,0
2082,"Frohehalde",0,"",0,0,1,0,0,"",0,0,0
2083,"Opferkammer",0,"",0,0,1,0,0,"<hex:020944E802FF10>zur Opferkammer<hex:FF13>in der Opferkammer<hex:FF1B>der Zugang zur Opferkammer<hex:03>",0,0,0
2084,"Vorderbrücke",0,"",0,0,1,0,0,"",0,1063,0
2085,"Hinterbrücke",0,"",0,0,1,0,0,"",0,1064,0
2086,"Zenotaph",0,"",0,0,1,0,0,"",0,1065,0
2087,"Ätherytenplatz",0,"",0,0,1,0,0,"<hex:02092CE802FF14>zum Ätherytenplatz<hex:FF13>am Ätherytenplatz<hex:03>",0,1066,0
2088,"Antiturm",0,"",0,0,1,0,0,"<hex:02092CE802FF0D>zum Antiturm<hex:FF0C>im Antiturm<hex:FF0D>der Antiturm<hex:03>",0,1067,0
2089,"Eremitenkreise",0,"",0,0,1,0,0,"<hex:020947E802FF17>zu den Eremitenkreisen<hex:FF17>an den Eremitenkreisen<hex:FF13>die Eremitenkreise<hex:03>",0,1068,0
2090,"Sohr Khai",0,"",0,0,1,0,0,"<hex:02092CE802FF0F>nach Sohr Khai<hex:FF0D>in Sohr Khai<hex:FF0A>Sohr Khai<hex:03>",0,0,0
2091,"Große Gubal-Bibliothek (schwer)",0,"",0,0,1,0,0,"",0,0,0
2092,"Stickix' Werkstatt",0,"",0,0,1,0,0,"<hex:020945E802FF16>zu Stickix' Werkstatt<hex:FF16>in Stickix' Werkstatt<hex:FF13>Stickix' Werkstatt<hex:03>",0,0,0
2093,"Rowenas Kulturzentrum",0,"",0,0,1,0,0,"<hex:02094EE802FF19>zu Rowenas Kulturzentrum<hex:FF19>in Rowenas Kulturzentrum<hex:FF16>Rowenas Kulturzentrum<hex:03>",0,0,0
2094,"Freimarkt",0,"",0,0,1,0,0,"<hex:020920E802FF0E>zum Freimarkt<hex:FF0D>am Freimarkt<hex:03>",0,0,0
2095,"Bahrr Lehs",0,"",0,0,1,0,0,"<hex:020937E802FF0F>zum Bahrr Lehs<hex:FF13>auf dem Bahrr Lehs<hex:FF0F>der Bahrr Lehs<hex:03>",0,0,0
2096,"Klippenhänger",0,"",0,0,1,0,0,"<hex:020942E802FF13>zum Klippenhänger<hex:FF16>in den Klippenhänger<hex:FF13>der Klippenhänger<hex:03>",0,0,0
2097,"Schneckenplatz",0,"",0,0,1,0,0,"<hex:020943E802FF13>zum Schneckenplatz<hex:FF17>auf dem Schneckenplatz<hex:FF13>der Schneckenplatz<hex:03>",0,0,0
2098,"Grünzeug-Gärten",0,"",0,0,1,0,0,"<hex:02094EE802FF19>zu den Grünzeug-Gärten<hex:FF19>in den Grünzeug-Gärten<hex:FF16>die Grünzeug-Gärten<hex:03>",0,0,0
2099,"Astragalos",0,"",0,0,1,0,0,"<hex:02092FE802FF10>nach Astragalos<hex:FF0E>in Astragalos<hex:FF0B>Astragalos<hex:03>",0,0,0
2100,"Abalathisches Wolkenmeer",0,"",0,0,1,0,0,"<hex:02095BE802FF1D>zum Abalathischen Wolkenmeer<hex:FF1C>im Abalathischen Wolkenmeer<hex:FF1C>das Abalathische Wolkenmeer<hex:03>",0,0,0
2101,"Azys Lla",0,"",0,0,1,0,0,"<hex:020929E802FF0E>nach Azys Lla<hex:FF0C>in Azys Lla<hex:FF09>Azys Lla<hex:03>",0,0,0
2102,"Wolkenwipfel",0,"",0,0,1,0,0,"<hex:020935E802FF12>nach Wolkenwipfel<hex:FF10>in Wolkenwipfel<hex:FF0D>Wolkenwipfel<hex:03>",0,1,0
2103,"Voor Sian Siran",0,"",0,0,1,0,0,"<hex:02092DE802FF15>nach Voor Sian Siran<hex:FF13>in Voor Sian Siran<hex:03>",0,2,0
2104,"Vundo Ok' Bendo",0,"",0,0,1,0,0,"",0,3,0
2105,"Himmelblaues Fenster",0,"",0,0,1,0,0,"<hex:02094FE802FF19>zum Himmelblauen Fenster<hex:FF18>am Himmelblauen Fenster<hex:FF18>das Himmelblaue Fenster<hex:03>",0,4,0
2106,"Spießruten-Inseln",0,"",0,0,1,0,0,"",0,5,0
2107,"Ok' Vundo Vana",0,"",0,0,1,0,0,"",0,6,0
2108,"Ok' Vundo Mok",0,"",0,0,1,0,0,"",0,7,0
2109,"Alpha-Quadrant",0,"",0,0,1,0,0,"<hex:02092EE802FF15>zum Alpha-Quadranten<hex:FF14>im Alpha-Quadranten<hex:03>",0,8,0
2110,"Beta-Quadrant",0,"",0,0,1,0,0,"<hex:02092CE802FF14>zum Beta-Quadranten<hex:FF13>im Beta-Quadranten<hex:03>",0,9,0
2111,"Gamma-Quadrant",0,"",0,0,1,0,0,"<hex:02092EE802FF15>zum Gamma-Quadranten<hex:FF14>im Gamma-Quadranten<hex:03>",0,10,0
2112,"Delta-Quadrant",0,"",0,0,1,0,0,"<hex:02092EE802FF15>zum Delta-Quadranten<hex:FF14>im Delta-Quadranten<hex:03>",0,11,0
2113,"Biosphäre",0,"",0,0,1,0,0,"<hex:020926E802FF0F>zur Biosphäre<hex:FF12>in der Biosphäre<hex:03>",0,12,0
2114,"Flaggschiff",0,"",0,0,1,0,0,"<hex:020929E802FF10>zum Flaggschiff<hex:FF14>auf dem Flaggschiff<hex:03>",0,13,0
2115,"Die <hex:021A020203>Protektor<hex:021A020103>",0,"",0,0,1,0,0,"",0,1001,0
2116,"Camp Wolkenwipfel",0,"",0,0,1,0,0,"<hex:020944E802FF17>nach Camp Wolkenwipfel<hex:FF15>in Camp Wolkenwipfel<hex:FF12>Camp Wolkenwipfel<hex:03>",0,1002,0
2117,"Das Rosenhaus",0,"",0,0,1,0,0,"",0,1003,0
2118,"Ok' Gundo",0,"",0,0,1,0,0,"",0,1004,0
2119,"Das Genist",0,"",0,0,1,0,0,"",0,1005,0
2120,"Stauwolken",0,"",0,0,1,0,0,"<hex:020929E802FF12>zu den Stauwolken<hex:FF12>in den Stauwolken<hex:03>",0,1006,0
2121,"Heim des Großen Bendu",0,"",0,0,1,0,0,"",0,1007,0
2122,"Walkrone",0,"",0,0,1,0,0,"",0,1008,0
2123,"Ok' Zundo",0,"",0,0,1,0,0,"",0,1009,0
2124,"Ok' Vundo",0,"",0,0,1,0,0,"",0,1010,0
2125,"Haus der Gefallenen Feder",0,"",0,0,1,0,0,"",0,1011,0
2126,"Megalith",0,"",0,0,1,0,0,"",0,1012,0
2127,"Hengrs Schmelztiegel",0,"",0,0,1,0,0,"",0,1013,0
2128,"Kaltwind",0,"",0,0,1,0,0,"",0,1014,0
2129,"Mok Oogl",0,"",0,0,1,0,0,"<hex:02091FE802FF0E>nach Mok Oogl<hex:FF0C>in Mok Oogl<hex:03>",0,1015,0
2130,"Nimmerreich",0,"",0,0,1,0,0,"",0,1016,0
2131,"Helix",0,"",0,0,1,0,0,"",0,1017,0
2132,"Alpha-Funkbake",0,"",0,0,1,0,0,"",0,1018,0
2133,"Ätherkonduktor-Feld",0,"",0,0,1,0,0,"",0,1019,0
2134,"Partikel-Schleuse II-III",0,"",0,0,1,0,0,"",0,1020,0
2135,"Partikel-Schleuse III-II",0,"",0,0,1,0,0,"",0,1021,0
2136,"Biomasse-Inkubator",0,"",0,0,1,0,0,"",0,1022,0
2137,"Mutagenese-Areal",0,"",0,0,1,0,0,"",0,1023,0
2138,"Partikel-Schleuse IV-V",0,"",0,0,1,0,0,"",0,1024,0
2139,"Partikel-Schleuse V-IV",0,"",0,0,1,0,0,"",0,1025,0
2140,"Die <hex:021A020203>Gration<hex:021A020103>",0,"",0,0,1,0,0,"",0,1026,0
2141,"Schlachtschiff-Landeplatz",0,"",0,0,1,0,0,"",0,1027,0
2142,"Castrum Solus",0,"",0,0,1,0,0,"",0,1028,0
2143,"Partikel-Schleuse VI-VII",0,"",0,0,1,0,0,"",0,1029,0
2144,"Partikel-Schleuse VII-VI",0,"",0,0,1,0,0,"",0,1030,0
2145,"Antithese",0,"",0,0,1,0,0,"",0,1031,0
2146,"Esh Thom",0,"",0,0,1,0,0,"",0,1032,0
2147,"Ätherochemisches For<hex:02160103>schungs<hex:02160103>labor",0,"",0,0,1,0,0,"",0,1033,0
2148,"Die Fraktal-Kontinuum",0,"",0,0,1,0,0,"",0,1034,0
2149,"Neurolink-Zelle",0,"",0,0,1,0,0,"<hex:020945E802FF14>zur Neurolink-Zelle<hex:FF17>in der Neurolink-Zelle<hex:FF14>die Neurolink-Zelle<hex:03>",0,1035,0
2150,"Singularitäts-Reaktor",0,"",0,0,1,0,0,"",0,1036,0
2151,"Grenzenloses Blau",0,"",0,0,1,0,0,"<hex:020952E802FF16>zum Grenzenlosen Blau<hex:FF15>im Grenzenlosen Blau<hex:FF21>der Zugang zum Grenzenlosen Blau<hex:03>",0,0,0
2152,"Letzter Schritt",0,"",0,0,1,0,0,"",0,14,0
2153,"Wisent-Herde",0,"",0,0,1,0,0,"",0,15,0
2154,"Entschwindender Fall",0,"",0,0,1,0,0,"",0,1037,0
2155,"",0,"",0,0,0,0,0,"",0,0,0
2156,"Morgenstaub",0,"",0,0,1,0,0,"",0,1039,0
2157,"",0,"",0,0,0,0,0,"",0,0,0
2158,"",0,"",0,0,0,0,0,"",0,0,0
2159,"Der Gebrochene Rücken",0,"",0,0,1,0,0,"",0,1042,0
2160,"Erste Wiege",0,"",0,0,1,0,0,"",0,1043,0
2161,"Kristall-Zentrifugalreaktor",0,"",0,0,1,0,0,"",0,1044,0
2162,"Kühlstation",0,"",0,0,1,0,0,"",0,1045,0
2163,"",0,"",0,0,0,0,0,"",0,0,0
2164,"Rekombinations-Sektor",0,"",0,0,1,0,0,"",0,1047,0
2165,"",0,"",0,0,0,0,0,"",0,0,0
2166,"Biosphären-Kontrollstation",0,"",0,0,1,0,0,"",0,1049,0
2167,"",0,"",0,0,0,0,0,"",0,0,0
2168,"",0,"",0,0,0,0,0,"",0,0,0
2169,"",0,"",0,0,0,0,0,"",0,0,0
2170,"Kathedrale",0,"",0,0,1,0,0,"",0,1053,0
2171,"",0,"",0,0,0,0,0,"",0,0,0
2172,"Aquädukt",0,"",0,0,1,0,0,"",0,1055,0
2173,"Pappus-Baum",0,"",0,0,1,0,0,"<hex:020924E802FF10>zum Pappus-Baum<hex:FF0F>am Pappus-Baum<hex:03>",0,1056,0
2174,"Kriegstriade",0,"",0,0,1,0,0,"",0,1057,0
2175,"Quarantäne-Block",0,"",0,0,1,0,0,"",0,1058,0
2176,"Versorgungslager",0,"",0,0,1,0,0,"",0,1059,0
2177,"Hyperstellarer Decoder",0,"",0,0,1,0,0,"<hex:02093AE802FF1B>zum hyperstellaren Decoder<hex:FF1A>am hyperstellaren Decoder<hex:03>",0,1060,0
2178,"Singularitäts-Reaktor",0,"",0,0,1,0,0,"",0,0,0
2179,"Zentral-Azys Lla",0,"",0,0,1,0,0,"",0,0,0
2180,"Letzte Überreste",0,"",0,0,1,0,0,"",0,1061,0
2181,"Nichts-Arche",0,"",0,0,1,0,0,"<hex:020948E802FF11>zur Nichts-Arche<hex:FF15>auf der Nichts-Arche<hex:FF1C>der Zugang zur Nichts-Arche<hex:03>",0,0,0
2182,"Heckkastell",0,"",0,0,1,0,0,"<hex:020940E802FF10>zum Heckkastell<hex:FF0F>im Heckkastell<hex:FF1B>der Zugang zum Heckkastell<hex:03>",0,0,0
2183,"Achterdeck",0,"",0,0,1,0,0,"<hex:020942E802FF0F>zum Achterdeck<hex:FF13>auf dem Achterdeck<hex:FF1A>der Zugang zum Achterdeck<hex:03>",0,0,0
2184,"Backbord-Ventilation",0,"",0,0,1,0,0,"<hex:02095FE802FF19>zur Backbord-Ventilation<hex:FF1C>in der Backbord-Ventilation<hex:FF24>der Zugang zur Backbord-Ventilation<hex:03>",0,0,0
2185,"Hybriden-Lager",0,"",0,0,1,0,0,"<hex:020949E802FF13>zum Hybriden-Lager<hex:FF12>im Hybriden-Lager<hex:FF1E>der Zugang zum Hybriden-Lager<hex:03>",0,0,0
2186,"Hypertransportbahn",0,"",0,0,1,0,0,"<hex:02095EE802FF1B>auf die Hypertransportbahn<hex:FF1B>auf der Hypertransportbahn<hex:FF22>der Zugang zur Hypertransportbahn<hex:03>",0,0,0
2187,"Maschinendeck",0,"",0,0,1,0,0,"<hex:02094BE802FF12>zum Maschinendeck<hex:FF16>auf dem Maschinendeck<hex:FF1D>der Zugang zum Maschinendeck<hex:03>",0,0,0
2188,"Nichts-Hauptantrieb",0,"",0,0,1,0,0,"<hex:020958E802FF18>zum Nichts-Hauptantrieb<hex:FF17>im Nichts-Hauptantrieb<hex:FF23>der Zugang zum Nichts-Hauptantrieb<hex:03>",0,0,0
2189,"Das Monstrum",0,"",0,0,1,0,0,"<hex:020939E802FF0D>zum Monstrum<hex:FF0E>beim Monstrum<hex:FF18>der Zugang zum Monstrum<hex:03>",0,0,0
2190,"Vorderer Ventilationsschacht",0,"",0,0,1,0,0,"<hex:020973E802FF21>zum vorderen Ventilationsschacht<hex:FF20>im vorderen Ventilationsschacht<hex:FF2C>der Zugang zum vorderen Ventilationsschacht<hex:03>",0,0,0
2191,"Hinterer Ventilationsschacht",0,"",0,0,1,0,0,"<hex:020973E802FF21>zum hinteren Ventilationsschacht<hex:FF20>im hinteren Ventilationsschacht<hex:FF2C>der Zugang zum hinteren Ventilationsschacht<hex:03>",0,0,0
2192,"Kultivationsraum",0,"",0,0,1,0,0,"<hex:02094FE802FF15>zum Kultivationsraum<hex:FF14>im Kultivationsraum<hex:FF20>der Zugang zum Kultivationsraum<hex:03>",0,0,0
2193,"Zentrale Überstellungseinheit",0,"",0,0,1,0,0,"<hex:020980E802FF24>zur zentralen Überstellungseinheit<hex:FF27>in der zentralen Überstellungseinheit<hex:FF2F>der Zugang zur zentralen Überstellungseinheit<hex:03>",0,0,0
2194,"Konverterraum",0,"",0,0,1,0,0,"<hex:020946E802FF12>zum Konverterraum<hex:FF11>im Konverterraum<hex:FF1D>der Zugang zum Konverterraum<hex:03>",0,0,0
2195,"Gemach der Königin",0,"",0,0,1,0,0,"<hex:020958E802FF18>zum Gemach der Königin<hex:FF17>im Gemach der Königin<hex:FF23>der Zugang zum Gemach der Königin<hex:03>",0,0,0
2196,"Oberdeck",0,"",0,0,1,0,0,"<hex:02093CE802FF0D>zum Oberdeck<hex:FF11>auf dem Oberdeck<hex:FF18>der Zugang zum Oberdeck<hex:03>",0,0,0
2197,"Laderaum",0,"",0,0,1,0,0,"<hex:020937E802FF0D>zum Laderaum<hex:FF0C>im Laderaum<hex:FF18>der Zugang zum Laderaum<hex:03>",0,0,0
2198,"Bugaufbau",0,"",0,0,1,0,0,"<hex:02093AE802FF0E>zum Bugaufbau<hex:FF0D>im Bugaufbau<hex:FF19>der Zugang zum Bugaufbau<hex:03>",0,0,0
2199,"Mitteldeck",0,"",0,0,1,0,0,"<hex:020942E802FF0F>zum Mitteldeck<hex:FF13>auf dem Mitteldeck<hex:FF1A>der Zugang zum Mitteldeck<hex:03>",0,0,0
2200,"Westliches Hochland von Coerthas",0,"",0,0,1,0,0,"<hex:020973E802FF25>zum westlichen Hochland von Coerthas<hex:FF24>im westlichen Hochland von Coerthas<hex:FF24>das westliche Hochland von Coerthas<hex:03>",0,0,0
2201,"Zweistrom",0,"",0,0,1,0,0,"<hex:020920E802FF0E>zum Zweistrom<hex:FF0D>am Zweistrom<hex:03>",0,5,0
2202,"Zwillingsteiche",0,"",0,0,1,0,0,"<hex:020935E802FF18>zu den Zwillingsteichen<hex:FF18>an den Zwillingsteichen<hex:03>",0,6,0
2203,"Rotkar",0,"",0,0,1,0,0,"",0,7,0
2204,"Falkenhorst",0,"",0,0,1,0,0,"",0,1027,0
2205,"Der Coerthas",0,"",0,0,1,0,0,"<hex:02092AE802FF13>zum Coerthas-Fluss<hex:FF12>am Coerthas-Fluss<hex:03>",0,1028,0
2206,"Schnellenstrom",0,"",0,0,1,0,0,"<hex:02092AE802FF13>zum Schnellenstrom<hex:FF12>am Schnellenstrom<hex:03>",0,1029,0
2207,"Gorgagne-Höfe",0,"",0,0,1,0,0,"",0,1030,0
2208,"Tannenhöhe",0,"",0,0,1,0,0,"",0,1031,0
2209,"Camp Zweistrom",0,"",0,0,1,0,0,"",0,1032,0
2210,"Bannpfuhl",0,"",0,0,1,0,0,"",0,1033,0
2211,"Aschenpfuhl",0,"",0,0,1,0,0,"<hex:020935E802FF10>zum Aschenpfuhl<hex:FF0F>am Aschenpfuhl<hex:FF10>der Aschenpfuhl<hex:03>",0,1034,0
2212,"Träumender Drache",0,"",0,0,1,0,0,"<hex:020950E802FF18>zum Träumenden Drachen<hex:FF1C>auf dem Träumenden Drachen<hex:FF16>der Träumende Drache<hex:03>",0,1035,0
2213,"Knochenfeld",0,"",0,0,1,0,0,"",0,1036,0
2214,"Abendrot-Wacht",0,"",0,0,1,0,0,"",0,1037,0
2215,"Die Pike",0,"",0,0,1,0,0,"<hex:020924E802FF09>zur Pike<hex:FF0C>an der Pike<hex:FF09>die Pike<hex:03>",0,1077,0
2216,"Ambosswarte",0,"",0,0,1,0,0,"<hex:020939E802FF10>zur Ambosswarte<hex:FF13>an der Ambosswarte<hex:FF10>die Ambosswarte<hex:03>",0,1078,0
2217,"Grauschwanzfälle",0,"",0,0,1,0,0,"<hex:020939E802FF1A>zu den Grauschwanzfällen<hex:FF1A>an den Grauschwanzfällen<hex:03>",0,1079,0
2218,"Ketzerschlund",0,"",0,0,1,0,0,"",0,1080,0
2219,"Schieferzinnen",0,"",0,0,1,0,0,"",0,1081,0
2220,"Urteilsfels",0,"",0,0,1,0,0,"<hex:020935E802FF10>zum Urteilsfels<hex:FF0F>am Urteilsfels<hex:FF10>der Urteilsfels<hex:03>",0,1082,0
2221,"Schwarzeisen-Brücke",0,"",0,0,1,0,0,"",0,1083,0
2222,"Neuntes Zepter",0,"",0,0,1,0,0,"",0,1084,0
2223,"Gorgagne-Weiden",0,"",0,0,1,0,0,"",0,1085,0
2224,"Die Nordstern",0,"",0,0,1,0,0,"",0,1086,0
2225,"Kalfater-Steg",0,"",0,0,1,0,0,"",0,1087,0
2226,"",0,"",0,0,0,0,0,"",0,0,0
2227,"Drachengeifer",0,"",0,0,1,0,0,"<hex:020929E802FF13>nach Drachengeifer<hex:FF11>in Drachengeifer<hex:03>",0,1089,0
2228,"Der Wächter",0,"",0,0,1,0,0,"",0,1090,0
2229,"",0,"",0,0,0,0,0,"",0,0,0
2230,"",0,"",0,0,0,0,0,"",0,0,0
2231,"",0,"",0,0,0,0,0,"",0,0,0
2232,"",0,"",0,0,0,0,0,"",0,0,0
2233,"",0,"",0,0,0,0,0,"",0,0,0
2234,"",0,"",0,0,0,0,0,"",0,0,0
2235,"",0,"",0,0,0,0,0,"",0,0,0
2236,"",0,"",0,0,0,0,0,"",0,0,0
2237,"Lanzentor",0,"",0,0,1,0,0,"",0,1099,0
2238,"Reittier-Stein",0,"",0,0,1,0,0,"",0,1100,0
2239,"Welldeck",0,"",0,0,1,0,0,"",0,0,0
2240,"Ok' Gundo Nakki",0,"",0,0,1,0,0,"<hex:02093EE802FF15>nach Ok' Gundo Nakki<hex:FF13>in Ok' Gundo Nakki<hex:FF10>Ok' Gundo Nakki<hex:03>",0,0,0
2241,"Nordwest-Quadrant",0,"",0,0,1,0,0,"<hex:020934E802FF18>zum Nordwest-Quadranten<hex:FF17>im Nordwest-Quadranten<hex:03>",0,0,0
2242,"Nordost-Quadrant",0,"",0,0,1,0,0,"<hex:020932E802FF17>zum Nordost-Quadranten<hex:FF16>im Nordost-Quadranten<hex:03>",0,0,0
2243,"Südwest-Quadrant",0,"",0,0,1,0,0,"<hex:020934E802FF18>zum Südwest-Quadranten<hex:FF17>im Südwest-Quadranten<hex:03>",0,0,0
2244,"Südost-Quadrant",0,"",0,0,1,0,0,"<hex:020932E802FF17>zum Südost-Quadranten<hex:FF16>im Südost-Quadranten<hex:03>",0,0,0
2245,"Kronjuwel",0,"",0,0,1,0,0,"<hex:020920E802FF0E>zum Kronjuwel<hex:FF0D>im Kronjuwel<hex:03>",0,0,0
2246,"Landeplatz 06",0,"",0,0,1,0,0,"<hex:020928E802FF12>zum Landeplatz 06<hex:FF11>am Landeplatz 06<hex:03>",0,0,0
2247,"Landeplatz 07",0,"",0,0,1,0,0,"<hex:020928E802FF12>zum Landeplatz 07<hex:FF11>am Landeplatz 07<hex:03>",0,0,0
2248,"Landeplatz 08",0,"",0,0,1,0,0,"<hex:020928E802FF12>zum Landeplatz 08<hex:FF11>am Landeplatz 08<hex:03>",0,0,0
2249,"Landeplatz 09",0,"",0,0,1,0,0,"<hex:020928E802FF12>zum Landeplatz 09<hex:FF11>am Landeplatz 09<hex:03>",0,0,0
2250,"Landeplatz 01",0,"",0,0,1,0,0,"<hex:020928E802FF12>zum Landeplatz 01<hex:FF11>am Landeplatz 01<hex:03>",0,0,0
2251,"Landeplatz 02",0,"",0,0,1,0,0,"<hex:020928E802FF12>zum Landeplatz 02<hex:FF11>am Landeplatz 02<hex:03>",0,0,0
2252,"Landeplatz 03",0,"",0,0,1,0,0,"<hex:020928E802FF12>zum Landeplatz 03<hex:FF11>am Landeplatz 03<hex:03>",0,0,0
2253,"Landeplatz 04",0,"",0,0,1,0,0,"<hex:020928E802FF12>zum Landeplatz 04<hex:FF11>am Landeplatz 04<hex:03>",0,0,0
2254,"Landeplatz 05",0,"",0,0,1,0,0,"<hex:020928E802FF12>zum Landeplatz 05<hex:FF11>am Landeplatz 05<hex:03>",0,0,0
2255,"Die <hex:021A020203>Bounty<hex:021A020103>",0,"",0,0,1,0,0,"<hex:020933E802FF15>zur <hex:021A020203>Bounty<hex:021A020103><hex:FF19>auf der <hex:021A020203>Bounty<hex:021A020103><hex:03>",0,0,0
2256,"Arretur S1T7",0,"",0,0,1,0,0,"<hex:020947E802FF11>zur Arretur S1T7<hex:FF14>an der Arretur S1T7<hex:FF1C>der Zugang zur Arretur S1T7<hex:03>",0,0,0
2257,"Diadem-Himmelsquellen",0,"",0,0,1,0,0,"<hex:02093FE802FF1D>zu den Diadem-Himmelsquellen<hex:FF1D>in den Diadem-Himmelsquellen<hex:03>",0,0,0
2258,"Diadem-Grotte",0,"",0,0,1,0,0,"<hex:02092CE802FF12>zur Diadem-Grotte<hex:FF15>in der Diadem-Grotte<hex:03>",0,0,0
2259,"Südlicher Diademteich",0,"",0,0,1,0,0,"<hex:02093AE802FF1B>zum südlichen Diademteich<hex:FF1A>im südlichen Diademteich<hex:03>",0,0,0
2260,"Abgeschiedener Diademteich",0,"",0,0,1,0,0,"<hex:020942E802FF1F>zum abgeschiedenen Diademteich<hex:FF1E>im abgeschiedenen Diademteich<hex:03>",0,0,0
2261,"Nördlicher Diademteich",0,"",0,0,1,0,0,"<hex:02093CE802FF1C>zum nördlichen Diademteich<hex:FF1B>im nördlichen Diademteich<hex:03>",0,0,0
2262,"Tosende Wolken",0,"",0,0,1,0,0,"<hex:020933E802FF17>zu den tosenden Wolken<hex:FF17>in den tosenden Wolken<hex:03>",0,0,0
2263,"Sanfte Wolken",0,"",0,0,1,0,0,"<hex:020931E802FF16>zu den sanften Wolken<hex:FF16>in den sanften Wolken<hex:03>",0,0,0
2264,"Wirbelnde Wolken",0,"",0,0,1,0,0,"<hex:020937E802FF19>zu den wirbelnden Wolken<hex:FF19>in den wirbelnden Wolken<hex:03>",0,0,0
2265,"Arretur P1T6",0,"",0,0,1,0,0,"<hex:020947E802FF11>zur Arretur P1T6<hex:FF14>an der Arretur P1T6<hex:FF1C>der Zugang zur Arretur P1T6<hex:03>",0,0,0
2266,"Arretur Z1T9",0,"",0,0,1,0,0,"<hex:020947E802FF11>zur Arretur Z1T9<hex:FF14>an der Arretur Z1T9<hex:FF1C>der Zugang zur Arretur Z1T9<hex:03>",0,0,0
2267,"Fehlendes Juwel",0,"",0,0,1,0,0,"<hex:020945E802FF14>zum Fehlenden Juwel<hex:FF18>auf dem Fehlenden Juwel<hex:FF13>das Fehlende Juwel<hex:03>",0,0,0
2268,"Ätherfissur",0,"",0,0,1,0,0,"",0,0,0
2269,"Portal zum Fehlenden Juwel",0,"",0,0,1,0,0,"",0,0,0
2270,"Shirogane - Zimmer",0,"",0,0,1,0,0,"",0,0,0
2271,"Ge<hex:02160103>sell<hex:02160103>schaftswerkstätte: Shirogane",0,"",0,0,1,0,0,"",0,0,0
2272,"Kobai Goten (Eingangshalle)",0,"",0,0,1,0,0,"",0,0,0
2273,"Kobai Goten (Wohnung)",0,"",0,0,1,0,0,"",0,0,0
2274,"Testebene I - Vorstufe",0,"",0,0,1,0,0,"<hex:020944E802FF10>zur Testebene I<hex:FF13>in der Testebene I<hex:FF1B>der Zugang zur Testebene I<hex:03>",0,0,0
2275,"Testebene II",0,"",0,0,1,0,0,"<hex:020947E802FF11>zur Testebene II<hex:FF14>in der Testebene II<hex:FF1C>der Zugang zur Testebene II<hex:03>",0,0,0
2276,"Testebene III",0,"",0,0,1,0,0,"<hex:02094AE802FF12>zur Testebene III<hex:FF15>in der Testebene III<hex:FF1D>der Zugang zur Testebene III<hex:03>",0,0,0
2277,"Provisorisches Lager",0,"",0,0,1,0,0,"",0,0,0
2278,"Deltametrie",0,"",0,0,1,0,0,"<hex:020944E802FF10>zur Deltametrie<hex:FF13>in der Deltametrie<hex:FF1B>der Zugang zur Deltametrie<hex:03>",0,0,0
2279,"Dimensionsschloss",0,"",0,0,1,0,0,"<hex:020952E802FF16>zum Dimensionsschloss<hex:FF15>im Dimensionsschloss<hex:FF21>der Zugang zum Dimensionsschloss<hex:03>",0,0,0
2280,"Kerker",0,"",0,0,1,0,0,"<hex:020931E802FF0B>zum Kerker<hex:FF0A>im Kerker<hex:FF16>der Zugang zum Kerker<hex:03>",0,0,0
2281,"Thronsaal",0,"",0,0,1,0,0,"<hex:02093AE802FF0E>zum Thronsaal<hex:FF0D>im Thronsaal<hex:FF19>der Zugang zum Thronsaal<hex:03>",0,0,0
2282,"Dach",0,"",0,0,1,0,0,"<hex:020930E802FF09>zum Dach<hex:FF0D>auf dem Dach<hex:FF14>der Zugang zum Dach<hex:03>",0,0,0
2283,"Saphirstraße (Markt)",0,"",0,0,1,0,0,"",0,0,0
2284,"Interdimensionaler Riss",0,"",0,0,1,0,0,"<hex:020988E802FF28>zum Inter<hex:02160103>dimen<hex:02160103>sio<hex:02160103>nalen Riss<hex:FF27>im Inter<hex:02160103>dimen<hex:02160103>sio<hex:02160103>nalen Riss<hex:FF33>der Zugang zum Inter<hex:02160103>dimen<hex:02160103>sio<hex:02160103>nalen Riss<hex:03>",0,0,0
2285,"Anshelm-Straße",0,"",0,0,1,0,0,"",0,0,0
2286,"Adelsviertel",0,"",0,0,1,0,0,"",0,0,0
2287,"Palastgarten",0,"",0,0,1,0,0,"",0,0,0
2288,"Palastschatten",0,"",0,0,1,0,0,"<hex:020953E802FF16>in die Palastschatten<hex:FF16>in den Palastschatten<hex:FF21>der Zugang zu den Palastschatten<hex:03>",0,0,0
2289,"Rhalgrs Tor",0,"",0,0,1,0,0,"<hex:02093FE802FF0F>zu Rhalgrs Tor<hex:FF10>bei Rhalgrs Tor<hex:FF1A>der Zugang zu Rhalgrs Tor<hex:03>",0,0,0
2290,"Wiege des Wissens",0,"",0,0,1,0,0,"<hex:020959E802FF19>in die Wiege des Wissens<hex:FF19>in der Wiege des Wissens<hex:FF21>der Zugang zur Wiege des Wissens<hex:03>",0,0,0
2291,"Halle des Greifen",0,"",0,0,1,0,0,"<hex:02094EE802FF19>in die Halle des Greifen<hex:FF19>in der Halle des Greifen<hex:FF16>die Halle des Greifen<hex:03>",0,0,0
2292,"Ala Mhigo",0,"",0,0,1,0,0,"<hex:02092CE802FF0F>nach Ala Mhigo<hex:FF0D>in Ala Mhigo<hex:FF0A>Ala Mhigo<hex:03>",0,0,0
2293,"Handelsbezirk",0,"",0,0,1,0,0,"<hex:020937E802FF12>zum Handelsbezirk<hex:FF11>im Handelsbezirk<hex:FF0E>Handelsbezirk<hex:03>",0,0,0
2294,"Königlicher Palast",0,"",0,0,1,0,0,"",0,0,0
2295,"Schatzkammer",0,"",0,0,1,0,0,"",0,0,0
2296,"Transzendenz-Laboratorium",0,"",0,0,1,0,0,"",0,0,0
2297,"Sirenen-See",0,"",0,0,1,0,0,"<hex:020935E802FF10>zur Sirenen-See<hex:FF13>in der Sirenen-See<hex:FF0C>Sirenen-See<hex:03>",0,0,0
2298,"Schloss Kugane",0,"",0,0,1,0,0,"<hex:02093AE802FF13>zum Schloss Kugane<hex:FF12>im Schloss Kugane<hex:FF0F>Schloss Kugane<hex:03>",0,0,0
2299,"Heiligtum der Qalyana",0,"",0,0,1,0,0,"",0,0,0
2300,"Fundamente",0,"",0,0,1,0,0,"<hex:02093AE802FF12>in die Fundamente<hex:FF13>in den Fundamenten<hex:FF0F>die Fundamente<hex:03>",0,0,0
2301,"Strebewerk",0,"",0,0,1,0,0,"<hex:020932E802FF0F>ins Strebewerk<hex:FF0E>im Strebewerk<hex:FF0F>das Strebewerk<hex:03>",0,0,0
2302,"Bogen des Würdigen",0,"",0,0,1,0,0,"",0,0,0
2303,"Ätherytenplatz",0,"",0,0,1,0,0,"",0,0,0
2304,"Sankt Valeroyant-Platz",0,"",0,0,1,0,0,"",0,0,0
2305,"Sankt Reinette-Platz",0,"",0,0,1,0,0,"",0,0,0
2306,"Sankt Valeroyant-Straße",0,"",0,0,1,0,0,"",0,0,0
2307,"Bogen der Demütigen",0,"",0,0,1,0,0,"",0,0,0
2308,"Gnade der Furie",0,"",0,0,1,0,0,"",0,0,0
2309,"Die Schwaden",0,"",0,0,1,0,0,"<hex:020933E802FF10>in die Schwaden<hex:FF10>in den Schwaden<hex:FF0D>die Schwaden<hex:03>",0,0,0
2310,"Zum Wolkenschäfchen",0,"",0,0,1,0,0,"",0,0,0
2311,"Der Vergessene Ritter",0,"",0,0,1,0,0,"",0,0,0
2312,"Kongregation der Tempelritter",0,"",0,0,1,0,0,"",0,0,0
2313,"Leichtfeder-Arena",0,"",0,0,1,0,0,"",0,0,0
2314,"Himmelsstahl-Werkstätte",0,"",0,0,1,0,0,"",0,0,0
2315,"Chocobo-Stall",0,"",0,0,1,0,0,"",0,0,0
2316,"Heilige Ställe",0,"",0,0,1,0,0,"",0,0,0
2317,"Ferula-Zeile",0,"",0,0,1,0,0,"",0,0,0
2318,"Anwesen der Durendaire",0,"",0,0,1,0,0,"",0,0,0
2319,"Anwesen der Haillenarte",0,"",0,0,1,0,0,"",0,0,0
2320,"Anwesen der Fortemps",0,"",0,0,1,0,0,"",0,0,0
2321,"Anwesen der Dzemael",0,"",0,0,1,0,0,"",0,0,0
2322,"Sankt Guenriol-Akademie für Astrologie",0,"",0,0,1,0,0,"",0,0,0
2323,"Luftschiff-Landeplatz",0,"",0,0,1,0,0,"",0,0,0
2324,"Residenz der Borel",0,"",0,0,1,0,0,"",0,0,0
2325,"Hochtribunal der Heiligen Inquisition",0,"",0,0,1,0,0,"",0,0,0
2326,"Große Aspis",0,"",0,0,1,0,0,"",0,0,0
2327,"Erzbasilika",0,"",0,0,1,0,0,"",0,0,0
2328,"Sankt Reymanaud-Kathedrale",0,"",0,0,1,0,0,"",0,0,0
2329,"Die Zwölf Gründer",0,"",0,0,1,0,0,"",0,0,0
2330,"Die Letzte Wacht",0,"",0,0,1,0,0,"",0,0,0
2331,"Bogen des Erhabenen",0,"",0,0,1,0,0,"",0,0,0
2332,"Edyn",0,"",0,0,1,0,0,"",0,0,0
2333,"Westlicher Säulengang",0,"",0,0,1,0,0,"",0,0,0
2334,"Östlicher Säulengang",0,"",0,0,1,0,0,"",0,0,0
2335,"Kommandantur des Großmeisters",0,"",0,0,1,0,0,"",0,0,0
2336,"Gerichtssaal",0,"",0,0,1,0,0,"",0,0,0
2337,"Sankt Endalim-Theologikum",0,"",0,0,1,0,0,"",0,0,0
2338,"Leichtfeder-Arena",0,"",0,0,1,0,0,"",0,0,0
2339,"Altar von Djanan Qhat",0,"",0,0,1,0,0,"",0,0,0
2340,"Kanäle von Uznair",0,"",0,0,1,0,0,"<hex:02094FE802FF1B>zu den Kanälen von Uznair<hex:FF1B>in den Kanälen von Uznair<hex:FF13>Kanäle von Uznair<hex:03>",0,0,0
2341,"Shirogane",0,"",0,0,1,0,0,"<hex:02092CE802FF0F>nach Shirogane<hex:FF0D>in Shirogane<hex:FF0A>Shirogane<hex:03>",0,0,0
2342,"[Erweiterung] Shirogane",0,"",0,0,1,0,0,"",0,0,0
2343,"Linke Schwinge",0,"",0,0,1,0,0,"",0,0,0
2344,"Rechte Schwinge",0,"",0,0,1,0,0,"",0,0,0
2345,"Schnabel",0,"",0,0,1,0,0,"",0,0,0
2346,"Falkennest",0,"",0,0,1,0,0,"",0,0,0
2347,"Falkenturm Süd",0,"",0,0,1,0,0,"",0,0,0
2348,"Falkenturm Nord",0,"",0,0,1,0,0,"",0,0,0
2349,"Rabennest",0,"",0,0,1,0,0,"",0,0,0
2350,"Rabenturm Nord",0,"",0,0,1,0,0,"",0,0,0
2351,"Rabenturm Süd",0,"",0,0,1,0,0,"",0,0,0
2352,"Generator",0,"",0,0,1,0,0,"",0,0,0
2353,"Luftschiff-Landeplatz",0,"",0,0,1,0,0,"",0,0,0
2354,"Jadelichtung",0,"",0,0,1,0,0,"<hex:020947E802FF11>zur Jadelichtung<hex:FF14>in der Jadelichtung<hex:FF1C>der Zugang zur Jadelichtung<hex:03>",0,0,0
2355,"Testebene IV",0,"",0,0,1,0,0,"<hex:020947E802FF11>zur Testebene IV<hex:FF14>in der Testebene IV<hex:FF1C>der Zugang zur Testebene IV<hex:03>",0,0,0
2356,"Valentionzeremonie",0,"",0,0,1,0,0,"<hex:020959E802FF17>zur Valentionzeremonie<hex:FF1A>in der Valentionzeremonie<hex:FF22>der Zugang zur Valentionzeremonie<hex:03>",0,0,0
2357,"Deltametrie 1.0",0,"",0,0,1,0,0,"<hex:020950E802FF14>zur Deltametrie 1.0<hex:FF17>in der Deltametrie 1.0<hex:FF1F>der Zugang zur Deltametrie 1.0<hex:03>",0,0,0
2358,"Deltametrie 2.0",0,"",0,0,1,0,0,"<hex:020950E802FF14>zur Deltametrie 2.0<hex:FF17>in der Deltametrie 2.0<hex:FF1F>der Zugang zur Deltametrie 2.0<hex:03>",0,0,0
2359,"Deltametrie 3.0",0,"",0,0,1,0,0,"<hex:020950E802FF14>zur Deltametrie 3.0<hex:FF17>in der Deltametrie 3.0<hex:FF1F>der Zugang zur Deltametrie 3.0<hex:03>",0,0,0
2360,"Deltametrie 4.0",0,"",0,0,1,0,0,"<hex:020950E802FF14>zur Deltametrie 4.0<hex:FF17>in der Deltametrie 4.0<hex:FF1F>der Zugang zur Deltametrie 4.0<hex:03>",0,0,0
2361,"Seldsee-Grotte",0,"",0,0,1,0,0,"",0,0,0
2362,"Kelpies Revier",0,"",0,0,1,0,0,"<hex:020947E802FF12>zu Kelpies Revier<hex:FF12>in Kelpies Revier<hex:FF1D>der Zugang zu Kelpies Revier<hex:03>",0,0,0
2363,"Heilige Hallen",0,"",0,0,1,0,0,"",0,0,0
2364,"Siegelpforte",0,"",0,0,1,0,0,"<hex:02093CE802FF11>zur Siegelpforte<hex:FF14>an der Siegelpforte<hex:FF11>die Siegelpforte<hex:03>",0,0,0
2365,"Verbotene Hallen",0,"",0,0,1,0,0,"",0,0,0
2366,"Theoderics Schatzkammer",0,"",0,0,1,0,0,"<hex:020954E802FF1B>zu Theoderics Schatzkammer<hex:FF1B>in Theoderics Schatzkammer<hex:FF18>Theoderics Schatzkammer<hex:03>",0,0,0
2367,"Die versunkene Stadt Skalla",0,"",0,0,1,0,0,"<hex:02095EE802FF1C>zur versunkene Stadt Skalla<hex:FF20>in der versunkenen Stadt Skalla<hex:FF1C>die versunkene Stadt Skalla<hex:03>",0,0,0
2368,"Höhere Ebene",0,"",0,0,1,0,0,"<hex:020942E802FF13>zur höheren Ebene<hex:FF17>auf der höheren Ebene<hex:FF12>die höhere Ebene<hex:03>",0,0,0
2369,"Tiefere Ebene",0,"",0,0,1,0,0,"<hex:020941E802FF13>zur tieferen Ebene<hex:FF17>auf der tieferen Ebene<hex:FF11>die tiefer Ebene<hex:03>",0,0,0
2370,"Theater<hex:02160103>werk<hex:02160103>statt",0,"",0,0,1,0,0,"<hex:020960E802FF1D>zur Theater<hex:02160103>werk<hex:02160103>statt<hex:FF20>in der Theater<hex:02160103>werk<hex:02160103>statt<hex:FF1D>die Theater<hex:02160103>werk<hex:02160103>statt<hex:03>",0,0,0
2371,"Brücke",0,"",0,0,1,0,0,"<hex:02092EE802FF0C>zur Brücke<hex:FF10>auf der Brücke<hex:FF0C>die Brücke<hex:03>",0,0,0
2372,"Die königliche Stadt Rabanastre",0,"",0,0,1,0,0,"<hex:02096EE802FF22>zur königlichen Stadt Rabanastre<hex:FF25>in der königlichen Stadt Rabanastre<hex:FF21>die königliche Stadt Rabanastre<hex:03>",0,0,0
2373,"Verbrannte Ruinen",0,"",0,0,1,0,0,"<hex:02094AE802FF16>zur verbrannten Ruine<hex:FF19>in der verbrannten Ruine<hex:FF15>die verbrannte Ruine<hex:03>",0,0,0
2374,"Garamseys-Kanalisation",0,"",0,0,1,0,0,"<hex:02095AE802FF1B>zur Garamseys-Kanalisation<hex:FF1E>in der Garamseys-Kanalisation<hex:FF1B>die Garamseys-Kanalisation<hex:03>",0,0,0
2375,"Die königliche Stadt Lesalia",0,"",0,0,1,0,0,"<hex:020965E802FF1F>zur königlichen Stadt Lesalia<hex:FF22>in der königlichen Stadt Lesalia<hex:FF1E>die königliche Stadt Lesalia<hex:03>",0,0,0
2376,"Ostwüste Dalmascas",0,"",0,0,1,0,0,"<hex:020951E802FF18>zur Ostwüste Dalmascas<hex:FF1B>in der Ostwüste Dalmascas<hex:FF18>die Ostwüste Dalmascas<hex:03>",0,0,0
2377,"Die verwitterte Brücke",0,"",0,0,1,0,0,"<hex:020954E802FF19>zur verwitterten Brücke<hex:FF1D>auf der verwitterten Brücke<hex:FF18>die verwitterte Brücke<hex:03>",0,0,0
2378,"Muzzur-Basar",0,"",0,0,1,0,0,"<hex:02093EE802FF11>zum Muzzur-Basar<hex:FF16> auf dem Muzzur-Basar<hex:FF11>der Muzzur-Basar<hex:03>",0,0,0
2379,"Nordviertel",0,"",0,0,1,0,0,"<hex:020935E802FF10>zum Nordviertel<hex:FF0F>im Nordviertel<hex:FF10>das Nordviertel<hex:03>",0,0,0
2380,"Palasthof",0,"",0,0,1,0,0,"<hex:02092FE802FF0E>zum Palasthof<hex:FF0D>im Palasthof<hex:FF0E>der Palasthof<hex:03>",0,0,0
2381,"Verfallene Gärten",0,"",0,0,1,0,0,"<hex:020962E802FF1B>zu den verfallenen Gärten<hex:FF1B>in den verfallenen Gärten<hex:FF26>der Zugang zu den verfallenen Gärten<hex:03>",0,0,0
2382,"Tempelruine",0,"",0,0,1,0,0,"<hex:020939E802FF10>zur Tempelruine<hex:FF13>in der Tempelruine<hex:FF10>die Tempelruine<hex:03>",0,0,0
2383,"Kristallturm-Arena",0,"",0,0,1,0,0,"<hex:02094EE802FF17>zur Kristallturm-Arena<hex:FF1A>in der Kristallturm-Arena<hex:FF17>die Kristallturm-Arena<hex:03>",0,0,0
2384,"Käfig der Fänge",0,"",0,0,1,0,0,"<hex:020947E802FF16>zum Käfig der Fänge<hex:FF15>im Käfig der Fänge<hex:FF16>der Käfig der Fänge<hex:03>",0,0,0
2385,"Käfig der Klauen",0,"",0,0,1,0,0,"<hex:020947E802FF16>zum Käfig der Klauen<hex:FF15>im Käfig der Klauen<hex:FF16>der Käfig der Klauen<hex:03>",0,0,0
2386,"Spundkrater",0,"",0,0,1,0,0,"",0,0,0
2387,"Lavasee",0,"",0,0,1,0,0,"",0,0,0
2388,"Dämonentor",0,"",0,0,1,0,0,"<hex:020935E802FF10>zur Dämonentor<hex:FF0F>am Dämonentor<hex:FF10>das Dämonentor<hex:03>",0,0,0
2389,"Lavagrotte",0,"",0,0,1,0,0,"",0,0,0
2390,"Höllenkessel",0,"",0,0,1,0,0,"<hex:02093BE802FF12>zum Höllenkessel<hex:FF11>im Höllenkessel<hex:FF12>der Höllenkessel<hex:03>",0,0,0
2391,"Reisen-Schreinweg",0,"",0,0,1,0,0,"",0,0,0
2392,"Reisen-Schrein",0,"",0,0,1,0,0,"",0,0,0
2393,"Schildpanzer",0,"",0,0,1,0,0,"<hex:020948E802FF11>zum Schildpanzer<hex:FF15>auf dem Schildpanzer<hex:FF1C>der Zugang zum Schildpanzer<hex:03>",0,0,0
2394,"Fraktal-Kontinuum (schwer)",0,"",0,0,1,0,0,"",0,0,0
2395,"Waffenkammer",0,"",0,0,1,0,0,"",0,0,0
2396,"Wartungsdeck",0,"",0,0,1,0,0,"",0,0,0
2397,"Ausstellungssektor VIII",0,"",0,0,1,0,0,"<hex:020959E802FF1C>zum Ausstellungssektor VIII<hex:FF1B>im Ausstellungssektor VIII<hex:FF1C>der Ausstellungssektor VIII<hex:03>",0,0,0
2398,"Testkammer",0,"",0,0,1,0,0,"<hex:020936E802FF0F>zur Testkammer<hex:FF12>in der Testkammer<hex:FF0F>die Testkammer<hex:03>",0,0,0
2399,"Heckbereich",0,"",0,0,1,0,0,"",0,0,0
2400,"Gyr Abania",0,"",0,0,1,0,0,"<hex:02092FE802FF10>nach Gyr Abania<hex:FF0E>in Gyr Abania<hex:FF0B>Gyr Abania<hex:03>",0,800,0
2401,"Othard",0,"",0,0,1,0,0,"<hex:020923E802FF0C>nach Othard<hex:FF0A>in Othard<hex:FF07>Othard<hex:03>",0,900,0
2402,"Hingashi",0,"",0,0,1,0,0,"<hex:020929E802FF0E>nach Hingashi<hex:FF0C>in Hingashi<hex:FF09>Hingashi<hex:03>",0,1150,0
2403,"Rhalgrs Wacht",0,"",0,0,1,0,0,"<hex:020938E802FF13>nach Rhalgrs Wacht<hex:FF11>in Rhalgrs Wacht<hex:FF0E>Rhalgrs Wacht<hex:03>",0,0,0
2404,"Kugane",0,"",0,0,1,0,0,"<hex:020923E802FF0C>nach Kugane<hex:FF0A>in Kugane<hex:FF07>Kugane<hex:03>",0,0,0
2405,"???",0,"",0,0,1,0,0,"<hex:02091AE802FF09>nach ???<hex:FF07>in ???<hex:FF04>???<hex:03>",0,0,0
2406,"Abanisches Grenzland",0,"",0,0,1,0,0,"<hex:02094EE802FF18>ins Abanische Grenzland<hex:FF18>im Abanischen Grenzland<hex:FF18>das Abanische Grenzland<hex:03>",0,0,0
2407,"Die Zinnen",0,"",0,0,1,0,0,"<hex:02092DE802FF0E>in die Zinnen<hex:FF0E>in den Zinnen<hex:FF0B>die Zinnen<hex:03>",0,0,0
2408,"Das Fenn",0,"",0,0,1,0,0,"<hex:020920E802FF09>ins Fenn<hex:FF08>im Fenn<hex:FF09>das Fenn<hex:03>",0,0,0
2409,"Rubinsee",0,"",0,0,1,0,0,"<hex:020930E802FF0D>zur Rubinsee<hex:FF10>in der Rubinsee<hex:FF0D>die Rubinsee<hex:03>",0,0,0
2410,"Yanxia",0,"",0,0,1,0,0,"<hex:020923E802FF0C>nach Yanxia<hex:FF0A>in Yanxia<hex:FF07>Yanxia<hex:03>",0,0,0
2411,"Azim-Steppe",0,"",0,0,1,0,0,"<hex:02093CE802FF13>in die Azim-Steppe<hex:FF13>in der Azim-Steppe<hex:FF10>die Azim-Steppe<hex:03>",0,0,0
2412,"Shirogane",0,"",0,0,1,0,0,"<hex:02092CE802FF0F>nach Shirogane<hex:FF0D>in Shirogane<hex:FF0A>Shirogane<hex:03>",0,0,0
2413,"Badehaus Bokairo",0,"",0,0,1,0,0,"<hex:020944E802FF15>ins Badehaus Bokairo<hex:FF14>im Badehaus Bokairo<hex:FF15>das Badehaus Bokairo<hex:03>",0,0,0
2414,"Eureka Anemos",0,"",0,0,1,0,0,"",0,0,0
2415,"Hafentor",0,"",0,0,1,0,0,"",0,0,0
2416,"Pulverdünen",0,"",0,0,1,0,0,"",0,0,0
2417,"Hain der klagenden Herzen",0,"",0,0,1,0,0,"",0,0,0
2418,"Obstgarten",0,"",0,0,1,0,0,"",0,0,0
2419,"Val-Becken",0,"",0,0,1,0,0,"",0,0,0
2420,"Neunichts",0,"",0,0,1,0,0,"",0,0,0
2421,"Klausers Frieden",0,"",0,0,1,0,0,"",0,0,0
2422,"Anemos-Ader",0,"",0,0,1,0,0,"",0,0,0
2423,"Schaudertal",0,"",0,0,1,0,0,"",0,0,0
2424,"Schaftfall",0,"",0,0,1,0,0,"",0,0,0
2425,"Süßer Tropfen",0,"",0,0,1,0,0,"",0,0,0
2426,"Windherz",0,"",0,0,1,0,0,"",0,0,0
2427,"Klausers Mulde",0,"",0,0,1,0,0,"",0,0,0
2428,"Observatorium für Frühe Naturgeschichte",0,"",0,0,1,0,0,"",0,0,0
2429,"Verlassenes Labor",0,"",0,0,1,0,0,"",0,0,0
2430,"Saumfall",0,"",0,0,1,0,0,"",0,0,0
2431,"Ätheryten<hex:02160103>netz-Kontrolle",0,"",0,0,1,0,0,"",0,0,0
2432,"Festhalle",0,"",0,0,1,0,0,"<hex:020933E802FF0E>zur Festhalle<hex:FF11>in der Festhalle<hex:FF0E>die Festhalle<hex:03>",0,0,0
2433,"Frachtwaggon",0,"",0,0,1,0,0,"<hex:02093DE802FF11>zum Frachtwaggon<hex:FF15>auf dem Frachtwaggon<hex:FF11>der Frachtwaggon<hex:03>",0,0,0
2434,"Phantomzug-Frachtwaggon",0,"",0,0,1,0,0,"<hex:02095EE802FF1C>zum Phantomzug-Frachtwaggon<hex:FF20>auf dem Phantomzug-Frachtwaggon<hex:FF1C>der Phantomzug-Frachtwaggon<hex:03>",0,0,0
2435,"Phantomzug",0,"",0,0,1,0,0,"<hex:020937E802FF0F>zum Phantomzug<hex:FF13>auf dem Phantomzug<hex:FF0F>der Phantomzug<hex:03>",0,0,0
2436,"Windschiefe Hütte",0,"",0,0,1,0,0,"",0,0,0
2437,"Kompass der Schwalbe",0,"",0,0,1,0,0,"",0,0,0
2438,"Der Einzig",0,"",0,0,1,0,0,"",0,0,0
2439,"Zacken des Drachen",0,"",0,0,1,0,0,"",0,0,0
2440,"Herz des Wassers",0,"",0,0,1,0,0,"",0,0,0
2441,"Herz der Erde",0,"",0,0,1,0,0,"",0,0,0
2442,"Herz des Windes",0,"",0,0,1,0,0,"",0,0,0
2443,"Herz des Drachen",0,"",0,0,1,0,0,"<hex:02094AE802FF17>zum Herzen des Drachen<hex:FF16>im Herzen des Drachen<hex:FF17>das Herzen des Drachen<hex:03>",0,0,0
2444,"Sanfter Strom",0,"",0,0,1,0,0,"",0,0,0
2445,"Reißender Strom",0,"",0,0,1,0,0,"",0,0,0
2446,"Maul des Drachen",0,"",0,0,1,0,0,"<hex:020944E802FF15>zum Maul des Drachen<hex:FF14>im Maul des Drachen<hex:FF15>das Maul des Drachen<hex:03>",0,0,0
2447,"Die Stille",0,"",0,0,1,0,0,"<hex:02092AE802FF0B>zur Stille<hex:FF0E>in der Stille<hex:FF0B>die Stille<hex:03>",0,0,0
2448,"Revier des Rathalos",0,"",0,0,1,0,0,"<hex:020949E802FF18>zum Revier des Rathalos<hex:FF17>im Revier des Rathalos<hex:FF14>Revier des Rathalos<hex:03>",0,0,0
2449,"Endgültigkeit",0,"",0,0,1,0,0,"<hex:02094DE802FF13>zur Endgültigkeit<hex:FF16>in der Endgültigkeit<hex:FF1E>der Zugang zur Endgültigkeit<hex:03>",0,0,0
2450,"Castrum Fluminis",0,"",0,0,1,0,0,"",0,0,0
2451,"Ridorana-Katarakt",0,"",0,0,1,0,0,"",0,0,0
2452,"Richtfeuer - Sockelebene",0,"",0,0,1,0,0,"",0,0,0
2453,"Richtfeuer - Obere Ebene",0,"",0,0,1,0,0,"",0,0,0
2454,"Gog",0,"",0,0,1,0,0,"",0,0,0
2455,"Stufe der Obstruktion",0,"",0,0,1,0,0,"",0,0,0
2456,"Garten ewiger Zeit",0,"",0,0,1,0,0,"<hex:020955E802FF17>zum Garten ewiger Zeit<hex:FF16>im Garten ewiger Zeit<hex:FF22>der Zugang zum Garten ewiger Zeit<hex:03>",0,0,0
2457,"Gang zum Höhepunkt",0,"",0,0,1,0,0,"",0,0,0
2458,"Katastase",0,"",0,0,1,0,0,"<hex:02093EE802FF0E>zur Katastase<hex:FF11>in der Katastase<hex:FF19>der Zugang zur Katastase<hex:03>",0,0,0
2459,"Götterstiege",0,"",0,0,1,0,0,"<hex:02094BE802FF12>zur Götterstiege<hex:FF16>auf der Götterstiege<hex:FF1D>der Zugang zur Götterstiege<hex:03>",0,0,0
2460,"Kluft entweihender Winde",0,"",0,0,1,0,0,"<hex:02096BE802FF1D>zur Kluft entweihender Winde<hex:FF20>in der Kluft entweihender Winde<hex:FF28>der Zugang zur Kluft entweihender Winde<hex:03>",0,0,0
2461,"Kolosseum von Gog",0,"",0,0,1,0,0,"<hex:020952E802FF16>zum Kolosseum von Gog<hex:FF15>im Kolosseum von Gog<hex:FF21>der Zugang zum Kolosseum von Gog<hex:03>",0,0,0
2462,"Eureka Pagos",0,"",0,0,1,0,0,"",0,0,0
2463,"Eiskuppe",0,"",0,0,1,0,0,"",0,0,0
2464,"Die Kegel",0,"",0,0,1,0,0,"",0,0,0
2465,"Gefrorener See",0,"",0,0,1,0,0,"",0,0,0
2466,"Val-Mittellauf",0,"",0,0,1,0,0,"",0,0,0
2467,"Heißwasser",0,"",0,0,1,0,0,"",0,0,0
2468,"Pinselspitze",0,"",0,0,1,0,0,"",0,0,0
2469,"Blätterpilzfels",0,"",0,0,1,0,0,"",0,0,0
2470,"Totenturm",0,"",0,0,1,0,0,"",0,0,0
2471,"Testgrotte 1-P",0,"",0,0,1,0,0,"",0,0,0
2472,"Geothermische Forschung",0,"",0,0,1,0,0,"",0,0,0
2473,"Gravitationsforschung",0,"",0,0,1,0,0,"",0,0,0
2474,"Vlondettes Refugium",0,"",0,0,1,0,0,"",0,0,0
2475,"Westklippe",0,"",0,0,1,0,0,"",0,0,0
2476,"Minotaurusgarten",0,"",0,0,1,0,0,"",0,0,0
2477,"Frostfall",0,"",0,0,1,0,0,"",0,0,0
2478,"Schwammmulde",0,"",0,0,1,0,0,"",0,0,0
2479,"Ostklippe",0,"",0,0,1,0,0,"",0,0,0
2480,"Eisblumen-Höhle",0,"",0,0,1,0,0,"",0,0,0
2481,"Fumarole",0,"",0,0,1,0,0,"",0,0,0
2482,"Arena der Leere",0,"",0,0,1,0,0,"",0,0,0
2483,"Richtfeuer von Ridorana",0,"",0,0,1,0,0,"",0,0,0
2484,"Sankt Mocianne-Arboretum (schwer)",0,"",0,0,1,0,0,"",0,0,0
2485,"Halle der Glücksaltäre",0,"",0,0,1,0,0,"",0,0,0
2486,"Die Bleichen Felsnadeln",0,"",0,0,1,0,0,"",0,0,0
2487,"Nistplatz der Hedetet",0,"",0,0,1,0,0,"<hex:020953E802FF1A>zum Nistplatz der Hedetet<hex:FF19>am Nistplatz der Hedetet<hex:FF1A>der Nistplatz der Hedetet<hex:03>",0,0,0
2488,"Vergessener Stollen",0,"",0,0,1,0,0,"",0,0,0
2489,"Jagdweg der Sandkäfer",0,"",0,0,1,0,0,"",0,0,0
2490,"Gamma-Isolationsbereich",0,"",0,0,1,0,0,"<hex:020959E802FF1C>zum Gamma-Isolationsbereich<hex:FF1B>am Gamma-Isolationsbereich<hex:FF1C>der Gamma-Isolationsbereich<hex:03>",0,0,0
2491,"Verschüttete Ruinen",0,"",0,0,1,0,0,"",0,0,0
2492,"Ebene der Verbrannten Erde",0,"",0,0,1,0,0,"",0,0,0
2493,"Nebelhort",0,"",0,0,1,0,0,"<hex:02092FE802FF0E>zum Nebelhort<hex:FF0D>am Nebelhort<hex:FF0E>der Nebelhort<hex:03>",0,0,0
2494,"Weißsandfälle",0,"",0,0,1,0,0,"",0,0,0
2495,"Skelett des Großen Sandkäfers",0,"",0,0,1,0,0,"",0,0,0
2496,"Höllengrund",0,"",0,0,1,0,0,"<hex:02093DE802FF11>zum Höllengrund<hex:FF15>auf dem Höllengrund<hex:FF11>der Höllengrund<hex:03>",0,0,0
2497,"Geisterschloss",0,"",0,0,1,0,0,"",0,0,0
2498,"Belah'dias Fall",0,"",0,0,1,0,0,"<hex:02093CE802FF13>zu Belah'dias Fall<hex:FF13>an Belah'dias Fall<hex:FF10>Belah'dias Fall<hex:03>",0,0,0
2499,"Kugane-Brücke",0,"",0,0,1,0,0,"<hex:020943E802FF13>zur Kugane-Brücke<hex:FF17>auf der Kugane-Brücke<hex:FF13>die Kugane-Brücke<hex:03>",0,0,0
2500,"Hak Khaal",0,"",0,0,1,0,0,"<hex:020921E802FF0F>nach Hak Khaal<hex:FF0D>in Hak Khaal<hex:03>",0,0,0
2501,"Hafen Kugane",0,"",0,0,1,0,0,"<hex:02092EE802FF15>zum Hafen von Kugane<hex:FF14>am Hafen von Kugane<hex:03>",0,0,0
2502,"Oberer Trugfluss",0,"",0,0,1,0,0,"<hex:02092EE802FF15>zum oberen Trugfluss<hex:FF14>am oberen Trugfluss<hex:03>",0,0,0
2503,"Zugang zum Tempel der Faust",0,"",0,0,1,0,0,"<hex:020961E802FF20>zum Zugang zum Tempel der Faust<hex:FF1F>am Zugang zum Tempel der Faust<hex:FF1C>Zugang zum Tempel der Faust<hex:03>",0,0,0
2504,"Rhalgrs Wacht",0,"",0,0,1,0,0,"<hex:020938E802FF13>nach Rhalgrs Wacht<hex:FF11>in Rhalgrs Wacht<hex:FF0E>Rhalgrs Wacht<hex:03>",0,0,0
2505,"Shirogane",0,"",0,0,1,0,0,"<hex:02092CE802FF0F>nach Shirogane<hex:FF0D>in Shirogane<hex:FF0A>Shirogane<hex:03>",0,0,0
2506,"Silberkanal",0,"",0,0,1,0,0,"<hex:020931E802FF10>zum Silberkanal<hex:FF0F>am Silberkanal<hex:FF0C>Silberkanal<hex:03>",0,0,0
2507,"Domanische Enklave",0,"",0,0,1,0,0,"<hex:020950E802FF18>zur Domanischen Enklave<hex:FF1B>in der Domanischen Enklave<hex:FF17>die Domanische Enklave<hex:03>",0,0,0
2508,"",0,"",0,0,0,0,0,"",0,0,0
2509,"",0,"",0,0,0,0,0,"",0,0,0
2510,"Heiligtum der Schlange",0,"",0,0,1,0,0,"<hex:020952E802FF1B>ins Heiligtum der Schlange<hex:FF1A>im Heiligtum der Schlange<hex:FF17>Heiligtum der Schlange<hex:03>",0,0,0
2511,"Rubin-Seefestung",0,"",0,0,1,0,0,"<hex:020944E802FF15>zur Rubin-Seefestung<hex:FF18>in der Rubin-Seefestung<hex:FF11>Rubin-Seefestung<hex:03>",0,1,0
2512,"Tamamizu",0,"",0,0,1,0,0,"<hex:020929E802FF0E>nach Tamamizu<hex:FF0C>in Tamamizu<hex:FF09>Tamamizu<hex:03>",0,1,0
2513,"Sui no Sato",0,"",0,0,1,0,0,"<hex:020932E802FF11>nach Sui no Sato<hex:FF0F>in Sui no Sato<hex:FF0C>Sui no Sato<hex:03>",0,1,0
2514,"Die <hex:021A020203>Adventure<hex:021A020103>",0,"",0,0,1,0,0,"",0,1,0
2515,"Shisui-Palast",0,"",0,0,1,0,0,"",0,1,0
2516,"Die <hex:021A020203>Kobayashi-maru<hex:021A020103>",0,"",0,0,1,0,0,"",0,1,0
2517,"Der Einzig (Südwest)",0,"",0,0,1,0,0,"",0,1,0
2518,"Der Einzig (Süd)",0,"",0,0,1,0,0,"",0,1,0
2519,"Überschall-Angriffsvehikel L-XXIII",0,"",0,0,1,0,0,"",0,1,0
2520,"Die Versunkene Dschunke",0,"",0,0,1,0,0,"",0,1,0
2521,"Drachensprung",0,"",0,0,1,0,0,"",0,1,0
2522,"Azim Khaat (West)",0,"",0,0,1,0,0,"",0,1,0
2523,"Azim Khaat (Ost)",0,"",0,0,1,0,0,"",0,1,0
2524,"Seldsee (Nordwest)",0,"",0,0,1,0,0,"",0,1,0
2525,"Seldsee (Mitte)",0,"",0,0,1,0,0,"",0,1,0
2526,"Seldsee (Südost)",0,"",0,0,1,0,0,"",0,1,0
2527,"Schwebende Stadt Nym",0,"",0,0,1,0,0,"",0,0,0
2528,"Sylphenland",0,"",0,0,1,0,0,"",0,0,0
2529,"Eureka Orthos",0,"",0,0,1,0,0,"",0,0,0
2530,"Eureka Pyros",0,"",0,0,1,0,0,"",0,0,0
2531,"Nordkuppe",0,"",0,0,1,0,0,"",0,0,0
2532,"Schneewehen",0,"",0,0,1,0,0,"",0,0,0
2533,"Nordöstliche Eisnadeln",0,"",0,0,1,0,0,"",0,0,0
2534,"Südwestliche Eisnadeln",0,"",0,0,1,0,0,"",0,0,0
2535,"Singende Eisgrotte",0,"",0,0,1,0,0,"",0,0,0
2536,"Leuchtfeuer",0,"",0,0,1,0,0,"",0,0,0
2537,"Westlicher Flammenfels",0,"",0,0,1,0,0,"",0,0,0
2538,"Östlicher Flammenfels",0,"",0,0,1,0,0,"",0,0,0
2539,"Magielabor",0,"",0,0,1,0,0,"",0,0,0
2540,"Drachenstern-Observatorium",0,"",0,0,1,0,0,"",0,0,0
2541,"Brennkammer",0,"",0,0,1,0,0,"",0,0,0
2542,"Karbonatit-Steinbruch",0,"",0,0,1,0,0,"",0,0,0
2543,"Surgate-Landhaus",0,"",0,0,1,0,0,"",0,0,0
2544,"Garten des Trotzes",0,"",0,0,1,0,0,"",0,0,0
2545,"Eureka Hydatos",0,"",0,0,1,0,0,"",0,0,0
2546,"Partisanenpfand",0,"",0,0,1,0,0,"",0,0,0
2547,"Feuerring",0,"",0,0,1,0,0,"",0,0,0
2548,"Himmlische Arena",0,"",0,0,1,0,0,"",0,0,0
2549,"Manderville-Tische",0,"",0,0,1,0,0,"",0,0,0
2550,"Kleiderkritik",0,"",0,0,1,0,0,"",0,0,0
2551,"Magia-Fusionator",0,"",0,0,1,0,0,"",0,0,0
2552,"Sammelkiste",0,"",0,0,1,0,0,"",0,0,0
2553,"Errungenschaften",0,"",0,0,1,0,0,"",0,0,0
2554,"Ausgang",0,"",0,0,1,0,0,"",0,0,0
2555,"Reisender Mogry",0,"",0,0,1,0,0,"",0,0,0
2556,"Blaumagier",0,"",0,0,1,0,0,"",0,0,0
2557,"Quartier",0,"",0,0,1,0,0,"<hex:02092CE802FF0D>ins Quartier<hex:FF0C>im Quartier<hex:FF0D>das Quartier<hex:03>",0,0,0
2558,"Manufaktur der Gemeinschaft",0,"",0,0,1,0,0,"<hex:02096CE802FF23>in die Manufaktur der Gemeinschaft<hex:FF23>in der Manufaktur der Gemeinschaft<hex:FF20>die Manufaktur der Gemeinschaft<hex:03>",0,0,0
2559,"Schwarzes Brett der Himmelsstadt",0,"",0,0,1,0,0,"<hex:020970E802FF25>zum Schwarzen Brett der Himmelsstadt<hex:FF24>am Schwarzen Brett der Himmelsstadt<hex:FF21>Schwarzes Brett der Himmelsstadt<hex:03>",0,0,0
2560,"Glücks-Kupo",0,"",0,0,1,0,0,"<hex:020938E802FF11>zum Glücks-Kupo<hex:FF10>am Glücks-Kupo<hex:FF11>das Glücks-Kupo<hex:03>",0,0,0
2561,"Traumtafel",0,"",0,0,1,0,0,"",0,0,0
2562,"Tauschhaus der Wunder",0,"",0,0,1,0,0,"<hex:020953E802FF1A>zum Tauschhaus der Wunder<hex:FF19>am Tauschhaus der Wunder<hex:FF1A>das Tauschhaus der Wunder<hex:03>",0,0,0
2563,"Kiste für Verschollenes",0,"",0,0,1,0,0,"",0,0,0
2564,"Informationen",0,"",0,0,1,0,0,"",0,0,0
2565,"Ruheräume",0,"",0,0,1,0,0,"<hex:02093BE802FF13>zu den Ruheräumen<hex:FF13>in den Ruheräumen<hex:FF0F>die Ruheräume<hex:03>",0,0,0
2566,"Inselparadies",0,"",0,0,1,0,0,"<hex:02093BE802FF12>zum Inselparadies<hex:FF11>im Inselparadies<hex:FF12>das Inselparadies<hex:03>",0,0,0
2567,"Anzeige der Außerordentlichen",0,"",0,0,1,0,0,"<hex:020972E802FF23>zur Anzeige der Außerordentlichen<hex:FF26>an der Anzeige der Außerordentlichen<hex:FF23>die Anzeige der Außerordentlichen<hex:03>",0,0,0
2568,"Kosmo-Glück",0,"",0,0,1,0,0,"<hex:020938E802FF11>zum Kosmo-Glück<hex:FF10>am Kosmo-Glück<hex:FF11>das Kosmo-Glück<hex:03>",0,0,0
2569,"Kosmo-Forschung",0,"",0,0,1,0,0,"<hex:020945E802FF14>zur Kosmo-Forschung<hex:FF17>in der Kosmo-Forschung<hex:FF14>die Kosmo-Forschung<hex:03>",0,0,0
2570,"Das Verbotene Land Eureka (Feldexkursion)",0,"",0,0,1,0,0,"",0,0,0
2571,"Die Königinnenwache (Feldexkursion)",0,"",0,0,1,0,0,"",0,0,0
2572,"Palast der Toten (Tiefes Gewölbe)",0,"",0,0,1,0,0,"",0,0,0
2573,"Himmelssäule (Tiefes Gewölbe)",0,"",0,0,1,0,0,"",0,0,0
2574,"Eureka Orthos (Tiefes Gewölbe)",0,"",0,0,1,0,0,"",0,0,0
2575,"Unterstadt von Sil'dih (Gewölbesuche)",0,"",0,0,1,0,0,"",0,0,0
2576,"Der Rokkon (Gewölbesuche)",0,"",0,0,1,0,0,"",0,0,0
2577,"Aloalo (Gewölbesuche)",0,"",0,0,1,0,0,"",0,0,0
2578,"Nördlicher Allagischer Marktplatz",0,"",0,0,1,0,0,"<hex:02097DE802FF27>zum nördlichen Allagischen Marktplatz<hex:FF2B>auf dem nördlichen Allagischen Marktplatz<hex:FF25>der nördliche Allagische Marktplatz<hex:03>",0,0,0
2579,"Südlicher Allagischer Marktplatz",0,"",0,0,1,0,0,"<hex:02097AE802FF26>zum südlichen Allagischen Marktplatz<hex:FF2A>auf dem südlichen Allagischen Marktplatz<hex:FF24>der südliche Allagische Marktplatz<hex:03>",0,0,0
2580,"Östlicher Allagischer Sonnentempel",0,"",0,0,1,0,0,"<hex:02097BE802FF28>zum östlichen Allagischen Sonnentempel<hex:FF27>am östlichen Allagischen Sonnentempel<hex:FF26>der östliche Allagische Sonnentempel<hex:03>",0,0,0
2581,"Westlicher Allagischer Sonnentempel",0,"",0,0,1,0,0,"<hex:02097BE802FF28>zum westlichen Allagischen Sonnentempel<hex:FF27>am westlichen Allagischen Sonnentempel<hex:FF26>der westliche Allagische Sonnentempel<hex:03>",0,0,0
2582,"Südlicher Allagischer Wohnbezirk",0,"",0,0,1,0,0,"<hex:020975E802FF26>zum südlichen Allagischen Wohnbezirk<hex:FF25>am südlichen Allagischen Wohnbezirk<hex:FF24>der südliche Allagische Wohnbezirk<hex:03>",0,0,0
2583,"Nördlicher Allagischer Wohnbezirk",0,"",0,0,1,0,0,"<hex:020978E802FF27>zum nördlichen Allagischen Wohnbezirk<hex:FF26>am nördlichen Allagischen Wohnbezirk<hex:FF25>der nördliche Allagische Wohnbezirk<hex:03>",0,0,0
2584,"Kreszentia (Feldexkursion)",0,"",0,0,1,0,0,"",0,0,0
2585,"Pilgers Pfad (Tiefes Gewölbe)",0,"",0,0,1,0,0,"",0,0,0
2586,"Ghimlyt-Finsternis",0,"",0,0,1,0,0,"<hex:02094DE802FF1A>in die Ghimlyt-Finsternis<hex:FF1A>in der Ghimlyt-Finsternis<hex:FF13>Ghimlyt-Finsternis<hex:03>",0,0,0
2587,"Söldnerlager Nord",0,"",0,0,1,0,0,"",0,0,0
2588,"Söldnerlager Süd",0,"",0,0,1,0,0,"",0,0,0
2589,"Verborgene Schlucht",0,"",0,0,1,0,0,"<hex:020951E802FF1B>in die Verborgene Schlucht<hex:FF1C>in der Verborgenen Schlucht<hex:FF14>Verborgene Schlucht<hex:03>",0,0,0
2590,"Linke Schwinge",0,"",0,0,1,0,0,"",0,0,0
2591,"Rechte Schwinge",0,"",0,0,1,0,0,"",0,0,0
2592,"Schnabel",0,"",0,0,1,0,0,"",0,0,0
2593,"Falkennest",0,"",0,0,1,0,0,"",0,0,0
2594,"Falkenturm Nord",0,"",0,0,1,0,0,"",0,0,0
2595,"Falkenturm Süd",0,"",0,0,1,0,0,"",0,0,0
2596,"Rabennest",0,"",0,0,1,0,0,"",0,0,0
2597,"Rabenturm Nord",0,"",0,0,1,0,0,"",0,0,0
2598,"Rabenturm Süd",0,"",0,0,1,0,0,"",0,0,0
2599,"Verladestation",0,"",0,0,1,0,0,"",0,0,0
2600,"Ostend-Mischwald",0,"",0,0,1,0,0,"<hex:020941E802FF16>nach Ostend-Mischwald<hex:FF14>im Ostend-Mischwald<hex:FF11>Ostend-Mischwald<hex:03>",0,801,0
2601,"Pikensturz",0,"",0,0,1,0,0,"<hex:02092FE802FF10>nach Pikensturz<hex:FF0E>in Pikensturz<hex:FF0B>Pikensturz<hex:03>",0,802,0
2602,"Die Gestreiften Hügel",0,"",0,0,1,0,0,"<hex:020953E802FF1B>zu den Gestreiften Hügeln<hex:FF1B>in den Gestreiften Hügeln<hex:FF17>die Gestreiften Hügel<hex:03>",0,803,0
2603,"Virdjala",0,"",0,0,1,0,0,"<hex:020929E802FF0E>nach Virdjala<hex:FF0C>in Virdjala<hex:FF09>Virdjala<hex:03>",0,804,0
2604,"Der Letzte Wald",0,"",0,0,1,0,0,"<hex:020937E802FF11>zum Letzten Wald<hex:FF10>im Letzten Wald<hex:FF10>der Letzte Wald<hex:03>",0,805,0
2605,"Roststein",0,"",0,0,1,0,0,"<hex:02092CE802FF0F>nach Roststein<hex:FF0D>in Roststein<hex:FF0A>Roststein<hex:03>",0,806,0
2606,"Reifstein",0,"",0,0,1,0,0,"<hex:02092CE802FF0F>nach Reifstein<hex:FF0D>in Reifstein<hex:FF0A>Reifstein<hex:03>",0,807,0
2607,"Yorn",0,"",0,0,1,0,0,"<hex:02091CE802FF09>zum Yorn<hex:FF08>am Yorn<hex:FF05>Yorn<hex:03>",0,808,0
2608,"Hohes Ufer",0,"",0,0,1,0,0,"<hex:02092EE802FF0F>zum Hohen Ufer<hex:FF0E>am Hohen Ufer<hex:FF0B>Hohes Ufer<hex:03>",0,809,0
2609,"Seldsee",0,"",0,0,1,0,0,"<hex:020925E802FF0C>zum Seldsee<hex:FF0B>am Seldsee<hex:FF08>Seldsee<hex:03>",0,810,0
2610,"Mhigisches Wohn<hex:02160103>viertel",0,"",0,0,1,0,0,"<hex:020961E802FF1F>zum mhigischen Wohn<hex:02160103>viertel<hex:FF1E>im mhigischen Wohn<hex:02160103>viertel<hex:FF1E>das mhigische Wohn<hex:02160103>viertel<hex:03>",0,811,0
2611,"Abalathias Schädel",0,"",0,0,1,0,0,"<hex:02094AE802FF19>nach Abalathias Schädel<hex:FF17>in Abalathias Schädel<hex:FF14>Abalathias Schädel<hex:03>",0,812,0
2612,"Baelsar-Wall",0,"",0,0,1,0,0,"<hex:020934E802FF11>zum Baelsar-Wall<hex:FF10>am Baelsar-Wall<hex:FF0D>Baelsar-Wall<hex:03>",0,813,0
2613,"Castrum Oriens",0,"",0,0,1,0,0,"<hex:02093BE802FF14>nach Castrum Oriens<hex:FF12>in Castrum Oriens<hex:FF0F>Castrum Oriens<hex:03>",0,814,0
2614,"Tor zur Freiheit",0,"",0,0,1,0,0,"<hex:020940E802FF15>zum Tor zur Freiheit<hex:FF14>am Tor zur Freiheit<hex:FF11>Tor zur Freiheit<hex:03>",0,815,0
2615,"Bittermühl",0,"",0,0,1,0,0,"<hex:020932E802FF11>nach Bittermühl<hex:FF0F>in Bittermühl<hex:FF0C>Bittermühl<hex:03>",0,816,0
2616,"Morgendunkel-Felsen",0,"",0,0,1,0,0,"<hex:020949E802FF18>zum Morgendunkel-Felsen<hex:FF17>am Morgendunkel-Felsen<hex:FF14>Morgendunkel-Felsen<hex:03>",0,817,0
2617,"Timmonbach",0,"",0,0,1,0,0,"<hex:02092EE802FF0F>zum Timmonbach<hex:FF0E>am Timmonbach<hex:FF0B>Timmonbach<hex:03>",0,818,0
2618,"Owyns Versteck",0,"",0,0,1,0,0,"<hex:02093BE802FF14>nach Owyns Versteck<hex:FF12>in Owyns Versteck<hex:FF0F>Owyns Versteck<hex:03>",0,819,0
2619,"Geisterplanken",0,"",0,0,1,0,0,"<hex:020941E802FF16>zu den Geisterplanken<hex:FF16>an den Geisterplanken<hex:FF0F>Geisterplanken<hex:03>",0,820,0
2620,"Baum der Weisheit",0,"",0,0,1,0,0,"<hex:020943E802FF16>zum Baum der Weisheit<hex:FF15>am Baum der Weisheit<hex:FF12>Baum der Weisheit<hex:03>",0,821,0
2621,"Dysterwaldt",0,"",0,0,1,0,0,"<hex:020932E802FF11>nach Dysterwaldt<hex:FF0F>in Dysterwaldt<hex:FF0C>Dysterwaldt<hex:03>",0,822,0
2622,"Jägerhütte",0,"",0,0,1,0,0,"<hex:020938E802FF11>zur Jägerhütte<hex:FF14>an der Jägerhütte<hex:FF0D>Jägerhütte<hex:03>",0,823,0
2623,"Castellum Corvi",0,"",0,0,1,0,0,"<hex:02093EE802FF15>nach Castellum Corvi<hex:FF13>in Castellum Corvi<hex:FF10>Castellum Corvi<hex:03>",0,824,0
2624,"Schweif des Kometen",0,"",0,0,1,0,0,"<hex:020949E802FF18>zum Schweif des Kometen<hex:FF17>am Schweif des Kometen<hex:FF14>Schweif des Kometen<hex:03>",0,825,0
2625,"Schleier der Erkenntnis",0,"",0,0,1,0,0,"<hex:020955E802FF1C>zum Schleier der Erkenntnis<hex:FF1B>am Schleier der Erkenntnis<hex:FF18>Schleier der Erkenntnis<hex:03>",0,826,0
2626,"Velodyna",0,"",0,0,1,0,0,"<hex:020928E802FF0D>zum Velodyna<hex:FF0C>am Velodyna<hex:FF09>Velodyna<hex:03>",0,827,0
2627,"Schisma",0,"",0,0,1,0,0,"<hex:020925E802FF0C>zum Schisma<hex:FF0B>am Schisma<hex:FF08>Schisma<hex:03>",0,828,0
2628,"Kreise der Klarsicht",0,"",0,0,1,0,0,"<hex:020956E802FF1D>zu den Kreisen der Klarsicht<hex:FF1D>an den Kreisen der Klarsicht<hex:FF16>Kreisen der Klarsicht<hex:03>",0,829,0
2629,"Löwenfels",0,"",0,0,1,0,0,"<hex:02092EE802FF0F>zum Löwenfels<hex:FF0E>am Löwenfels<hex:FF0B>Löwenfels<hex:03>",0,830,0
2630,"Trugfluss",0,"",0,0,1,0,0,"<hex:02092BE802FF0E>zum Trugfluss<hex:FF0D>am Trugfluss<hex:FF0A>Trugfluss<hex:03>",0,831,0
2631,"Gyr Kehim",0,"",0,0,1,0,0,"<hex:02092CE802FF0F>nach Gyr Kehim<hex:FF0D>in Gyr Kehim<hex:FF0A>Gyr Kehim<hex:03>",0,832,0
2632,"Castellum Velodyna",0,"",0,0,1,0,0,"<hex:020947E802FF18>nach Castellum Velodyna<hex:FF16>in Castellum Velodyna<hex:FF13>Castellum Velodyna<hex:03>",0,833,0
2633,"Die Drei Brüder",0,"",0,0,1,0,0,"<hex:020941E802FF15>zu den Drei Brüdern<hex:FF15>an den Drei Brüdern<hex:FF11>Die Drei Brüder<hex:03>",0,834,0
2634,"Die Spähenden Steine",0,"",0,0,1,0,0,"<hex:020950E802FF1A>zu den Spähenden Steinen<hex:FF1A>an den Spähenden Steinen<hex:FF16>die Spähenden Steine<hex:03>",0,835,0
2635,"Vira Nilya",0,"",0,0,1,0,0,"<hex:02092FE802FF10>nach Vira Nilya<hex:FF0E>in Vira Nilya<hex:FF0B>Vira Nilya<hex:03>",0,836,0
2636,"Qalyana Nilya",0,"",0,0,1,0,0,"<hex:020938E802FF13>nach Qalyana Nilya<hex:FF11>in Qalyana Nilya<hex:FF0E>Qalyana Nilya<hex:03>",0,837,0
2637,"Djanan Qhat",0,"",0,0,1,0,0,"<hex:020932E802FF11>nach Djanan Qhat<hex:FF0F>in Djanan Qhat<hex:FF0C>Djanan Qhat<hex:03>",0,838,0
2638,"Qudhi Maga",0,"",0,0,1,0,0,"<hex:02092FE802FF10>nach Qudhi Maga<hex:FF0E>in Qudhi Maga<hex:FF0B>Qudhi Maga<hex:03>",0,839,0
2639,"Sathya Maga",0,"",0,0,1,0,0,"<hex:020932E802FF11>nach Sathya Maga<hex:FF0F>in Sathya Maga<hex:FF0C>Sathya Maga<hex:03>",0,840,0
2640,"Gähnender Schlund",0,"",0,0,1,0,0,"<hex:020932E802FF17>zum Gähnenden Schlund<hex:FF16>am Gähnenden Schlund<hex:03>",0,841,0
2641,"Aufbruch",0,"",0,0,1,0,0,"<hex:02091FE802FF0E>nach Aufbruch<hex:FF0C>in Aufbruch<hex:03>",0,842,0
2642,"Grymm und Enid",0,"",0,0,1,0,0,"<hex:02092BE802FF14>nach Grymm und Enid<hex:FF12>in Grymm und Enid<hex:03>",0,843,0
2643,"Byrons Brot",0,"",0,0,1,0,0,"<hex:020925E802FF11>nach Byrons Brot<hex:FF0F>in Byrons Brot<hex:03>",0,844,0
2644,"Zikkurat",0,"",0,0,1,0,0,"<hex:020922E802FF0D>zur Zikkurat<hex:FF10>an der Zikkurat<hex:03>",0,845,0
2645,"Karmesinküche",0,"",0,0,1,0,0,"<hex:02092EE802FF13>zur Karmesinküche<hex:FF16>an der Karmesinküche<hex:03>",0,846,0
2646,"Ala Gannha",0,"",0,0,1,0,0,"<hex:02092FE802FF10>nach Ala Gannha<hex:FF0E>in Ala Gannha<hex:FF0B>Ala Gannha<hex:03>",0,847,0
2647,"Träge Traufe",0,"",0,0,1,0,0,"<hex:02092EE802FF13>zur Trägen Traufe<hex:FF16>in der Trägen Traufe<hex:03>",0,848,0
2648,"Steinspalterfall",0,"",0,0,1,0,0,"<hex:02092EE802FF15>zum Steinspalterfall<hex:FF14>am Steinspalterfall<hex:03>",0,849,0
2649,"Kerbelfälle",0,"",0,0,1,0,0,"<hex:020922E802FF0F>zum Kerbelfall<hex:FF0E>am Kerbelfall<hex:03>",0,850,0
2650,"Durstloser Pfad",0,"",0,0,1,0,0,"<hex:02092CE802FF14>zum Durstlosen Pfad<hex:FF13>am Durstlosen Pfad<hex:03>",0,851,0
2651,"Verborgene Tränen",0,"",0,0,1,0,0,"<hex:02093CE802FF1B>zu den Verborgenen Tränen<hex:FF1C>bei den Verborgenen Tränen<hex:03>",0,852,0
2652,"Die Schlafenden Steine",0,"",0,0,1,0,0,"<hex:02093BE802FF1B>zu den Schlafenden Steinen<hex:FF1B>an den Schlafenden Steinen<hex:03>",0,853,0
2653,"Der Ephor",0,"",0,0,1,0,0,"<hex:020918E802FF0A>zum Ephor<hex:FF09>am Ephor<hex:03>",0,854,0
2654,"Pfad zum Selbst",0,"",0,0,1,0,0,"<hex:020931E802FF14>zum Pfad zum Selbst<hex:FF18>auf dem Pfad zum Selbst<hex:03>",0,855,0
2655,"Messerspitzen",0,"",0,0,1,0,0,"<hex:02092FE802FF15>zu den Messerspitzen<hex:FF15>in den Messerspitzen<hex:03>",0,856,0
2656,"Momoroons Milch",0,"",0,0,1,0,0,"<hex:02092DE802FF15>nach Momoroons Milch<hex:FF13>in Momoroons Milch<hex:03>",0,857,0
2657,"Wetzstein",0,"",0,0,1,0,0,"<hex:020921E802FF0F>nach Wetzstein<hex:FF0D>in Wetzstein<hex:03>",0,858,0
2658,"Miriams Glück",0,"",0,0,1,0,0,"<hex:02092BE802FF14>nach Miriams Glück<hex:FF12>in Miriams Glück<hex:03>",0,859,0
2659,"Die Galle",0,"",0,0,1,0,0,"<hex:02091CE802FF0A>zur Galle<hex:FF0D>an der Galle<hex:03>",0,860,0
2660,"Ala Ghiri",0,"",0,0,1,0,0,"<hex:020921E802FF0F>nach Ala Ghiri<hex:FF0D>in Ala Ghiri<hex:03>",0,861,0
2661,"Die Schwertscheide",0,"",0,0,1,0,0,"<hex:02092EE802FF13>zur Schwertscheide<hex:FF16>an der Schwertscheide<hex:03>",0,862,0
2662,"Specula Imperatoris",0,"",0,0,1,0,0,"<hex:020935E802FF19>nach Specula Imperatoris<hex:FF17>in Specula Imperatoris<hex:03>",0,863,0
2663,"Baum der Buße",0,"",0,0,1,0,0,"<hex:02092AE802FF13>zum Baum der Buße<hex:FF12>am Baum der Buße<hex:03>",0,864,0
2664,"<hex:021A020203>Nyunkrepfs Rettung<hex:021A020103>",0,"",0,0,1,0,0,"<hex:020947E802FF22>nach <hex:021A020203>Nyunkrepfs Rettung<hex:021A020103><hex:FF20>in <hex:021A020203>Nyunkrepfs Rettung<hex:021A020103><hex:03>",0,865,0
2665,"Castrum Abania",0,"",0,0,1,0,0,"<hex:02092BE802FF14>nach Castrum Abania<hex:FF12>in Castrum Abania<hex:03>",0,866,0
2666,"Radiata",0,"",0,0,1,0,0,"<hex:02091DE802FF0D>nach Radiata<hex:FF0B>in Radiata<hex:03>",0,867,0
2667,"Eisenstraße",0,"",0,0,1,0,0,"<hex:02092BE802FF11>zur Eisenstraße<hex:FF15>auf der Eisenstraße<hex:03>",0,868,0
2668,"Bad des Bullen",0,"",0,0,1,0,0,"<hex:02092AE802FF13>zum Bad des Bullen<hex:FF12>am Bad des Bullen<hex:03>",0,869,0
2669,"Kaltherd",0,"",0,0,1,0,0,"<hex:02091FE802FF0E>nach Kaltherd<hex:FF0C>in Kaltherd<hex:03>",0,870,0
2670,"Porta Praetoria",0,"",0,0,1,0,0,"<hex:02092DE802FF15>nach Porta Praetoria<hex:FF13>in Porta Praetoria<hex:03>",0,871,0
2671,"Bierfass-Batterie",0,"",0,0,1,0,0,"<hex:020934E802FF16>zur Bierfass-Batterie<hex:FF19>an der Bierfass-Batterie<hex:03>",0,872,0
2672,"Langer Lüstling",0,"",0,0,1,0,0,"<hex:02092FE802FF16>nach Langer Lüstling<hex:FF14>in Langer Lüstling<hex:03>",0,873,0
2673,"Sicheltal",0,"",0,0,1,0,0,"<hex:020921E802FF0F>nach Sicheltal<hex:FF0D>in Sicheltal<hex:03>",0,874,0
2674,"Sudwacht",0,"",0,0,1,0,0,"<hex:020922E802FF0D>zur Sudwacht<hex:FF10>an der Sudwacht<hex:03>",0,875,0
2675,"Sali-Kloster",0,"",0,0,1,0,0,"<hex:020926E802FF11>zum Sali-Kloster<hex:FF10>am Sali-Kloster<hex:03>",0,876,0
2676,"Die Monstranz",0,"",0,0,1,0,0,"<hex:020924E802FF0E>zur Monstranz<hex:FF11>an der Monstranz<hex:03>",0,877,0
2677,"Bürde im Dunkel",0,"",0,0,1,0,0,"<hex:020932E802FF15>zur Bürde im Dunkel<hex:FF18>an der Bürde im Dunkel<hex:03>",0,878,0
2678,"Der Habit",0,"",0,0,1,0,0,"<hex:020918E802FF0A>zum Habit<hex:FF09>am Habit<hex:03>",0,879,0
2679,"Aenadem Ei",0,"",0,0,1,0,0,"<hex:020923E802FF10>nach Aenadem Ei<hex:FF0E>in Aenadem Ei<hex:03>",0,880,0
2680,"Rothlyt",0,"",0,0,1,0,0,"<hex:02091DE802FF0D>nach Rothlyt<hex:FF0B>in Rothlyt<hex:03>",0,881,0
2681,"Bettlers Katzengold",0,"",0,0,1,0,0,"<hex:020935E802FF19>nach Bettlers Katzengold<hex:FF17>in Bettlers Katzengold<hex:03>",0,882,0
2682,"Süßwasser",0,"",0,0,1,0,0,"<hex:020926E802FF11>nach Süßwasser<hex:FF10>in Süßwasserd<hex:03>",0,883,0
2683,"Die Stämme",0,"",0,0,1,0,0,"<hex:020931E802FF17>nach „Die Stämme“<hex:FF15>in „Die Stämme“<hex:03>",0,884,0
2684,"Die Leuchte",0,"",0,0,1,0,0,"<hex:020920E802FF0C>zur Leuchte<hex:FF0F>an der Leuchte<hex:03>",0,885,0
2685,"Salzgarten",0,"",0,0,1,0,0,"<hex:020922E802FF0F>zum Salzgarten<hex:FF0E>im Salzgarten<hex:03>",0,886,0
2686,"Fenngucker",0,"",0,0,1,0,0,"<hex:020922E802FF0F>zum Fenngucker<hex:FF0E>am Fenngucker<hex:03>",0,887,0
2687,"Der Zerstörer",0,"",0,0,1,0,0,"<hex:020922E802FF0F>zum Zerstörer<hex:FF0E>am Zerstörer<hex:03>",0,888,0
2688,"Platz der Verehrung",0,"",0,0,1,0,0,"<hex:020922E802FF0F>zum Fenngucker<hex:FF0E>am Fenngucker<hex:03>",0,889,0
2689,"Der Tyrann",0,"",0,0,1,0,0,"<hex:02091EE802FF0D>zum Tyrannen<hex:FF0C>am Tyrannen<hex:03>",0,890,0
2690,"Brautwegbrücke",0,"",0,0,1,0,0,"<hex:020930E802FF14>zur Brautwegbrücke<hex:FF17>an der Brautwegbrücke<hex:03>",0,891,0
2691,"Ala Mhigo",0,"",0,0,1,0,0,"<hex:020921E802FF0F>nach Ala Mhigo<hex:FF0D>in Ala Mhigo<hex:03>",0,892,0
2692,"Garten der Königin",0,"",0,0,1,0,0,"<hex:020934E802FF18>zum Garten der Königin<hex:FF17>im Garten der Königin<hex:03>",0,893,0
2693,"Mhigisches Wohn<hex:02160103>viertel",0,"",0,0,1,0,0,"<hex:020942E802FF1F>zum mhigischen Wohn<hex:02160103>viertel<hex:FF1E>im mhigischen Wohn<hex:02160103>viertel<hex:03>",0,894,0
2694,"Gylbardes Tor",0,"",0,0,1,0,0,"<hex:020927E802FF11>zu Gylbardes Tor<hex:FF11>an Gylbardes Tor<hex:03>",0,895,0
2695,"4. Königliche Kaserne",0,"",0,0,1,0,0,"<hex:020940E802FF1C>zur 4. Königlichen Kaserne<hex:FF1F>in der 4. Königlichen Kaserne<hex:03>",0,896,0
2696,"3. Königliche Kaserne",0,"",0,0,1,0,0,"<hex:020940E802FF1C>zur 3. Königlichen Kaserne<hex:FF1F>in der 3. Königlichen Kaserne<hex:03>",0,897,0
2697,"Cotters Hügel",0,"",0,0,1,0,0,"<hex:020929E802FF12>zu Cotters Hügel<hex:FF12>an Cotters Hügel<hex:03>",0,898,0
2698,"Aenadem Ol",0,"",0,0,1,0,0,"<hex:020923E802FF10>nach Aenadem Ol<hex:FF0E>in Aenadem Ol<hex:03>",0,899,0
2699,"Blutsenke",0,"",0,0,1,0,0,"<hex:020921E802FF0F>nach Blutsenke<hex:FF0D>in Blutsenke<hex:03>",0,900,0
2700,"Grabstein des Fahrenden Kriegers",0,"",0,0,1,0,0,"<hex:02094EE802FF25>zum Grabstein des Fahrenden Kriegers<hex:FF24>am Grabstein des Fahrenden Kriegers<hex:03>",0,901,0
2701,"Ossarium",0,"",0,0,1,0,0,"<hex:02091EE802FF0D>zum Ossarium<hex:FF0C>im Ossarium<hex:03>",0,902,0
2702,"Psalm der Könige",0,"",0,0,1,0,0,"",0,903,0
2703,"König Manfreds Grab",0,"",0,0,1,0,0,"",0,904,0
2704,"Königliches Jagdrevier",0,"",0,0,1,0,0,"",0,905,0
2705,"Ätherytenplatz",0,"",0,0,1,0,0,"",0,906,0
2706,"Lazarett",0,"",0,0,1,0,0,"",0,907,0
2707,"Tempel der Faust",0,"",0,0,1,0,0,"",0,908,0
2708,"Königlicher Luftschiff-Landeplatz",0,"",0,0,1,0,0,"",0,0,0
2709,"Königliche Menagerie",0,"",0,0,1,0,0,"",0,0,0
2710,"Der Zerstörer",0,"",0,0,1,0,0,"",0,0,0
2711,"Blutsturm",0,"",0,0,1,0,0,"",0,0,0
2712,"Kammer der Wieder<hex:02160103>gut<hex:02160103>machung",0,"",0,0,1,0,0,"",0,0,0
2713,"Kratersee",0,"",0,0,1,0,0,"",0,0,0
2714,"Chakra-Wasserfall",0,"",0,0,1,0,0,"",0,0,0
2715,"Raum der Transparenz",0,"",0,0,1,0,0,"",0,0,0
2716,"Mythos",0,"",0,0,1,0,0,"<hex:02091AE802FF0B>zum Mythos<hex:FF0A>im Mythos<hex:03>",0,0,0
2717,"Sigmametrie 1.0",0,"",0,0,1,0,0,"<hex:020950E802FF14>zur Sigmametrie 1.0<hex:FF17>in der Sigmametrie 1.0<hex:FF1F>der Zugang zur Sigmametrie 1.0<hex:03>",0,0,0
2718,"Sigmametrie 2.0",0,"",0,0,1,0,0,"<hex:020950E802FF14>zur Sigmametrie 2.0<hex:FF17>in der Sigmametrie 2.0<hex:FF1F>der Zugang zur Sigmametrie 2.0<hex:03>",0,0,0
2719,"Sigmametrie 3.0",0,"",0,0,1,0,0,"<hex:020950E802FF14>zur Sigmametrie 3.0<hex:FF17>in der Sigmametrie 3.0<hex:FF1F>der Zugang zur Sigmametrie 3.0<hex:03>",0,0,0
2720,"Sigmametrie 4.0",0,"",0,0,1,0,0,"<hex:020950E802FF14>zur Sigmametrie 4.0<hex:FF17>in der Sigmametrie 4.0<hex:FF1F>der Zugang zur Sigmametrie 4.0<hex:03>",0,0,0
2721,"Phantomwald",0,"",0,0,1,0,0,"",0,0,0
2722,"Herrenhauskeller",0,"",0,0,1,0,0,"",0,0,0
2723,"Unterer Turm des Ruins",0,"",0,0,1,0,0,"",0,0,0
2724,"Oberer Turm des Ruins",0,"",0,0,1,0,0,"",0,0,0
2725,"Psimetrie 1.0",0,"",0,0,1,0,0,"<hex:02094AE802FF12>zur Psimetrie 1.0<hex:FF15>in der Psimetrie 1.0<hex:FF1D>der Zugang zur Psimetrie 1.0<hex:03>",0,0,0
2726,"Chaosschrein",0,"",0,0,1,0,0,"<hex:020926E802FF11>zum Chaosschrein<hex:FF10>im Chaosschrein<hex:03>",0,0,0
2727,"Interdimensionaler Riss",0,"",0,0,1,0,0,"<hex:020988E802FF28>zum Inter<hex:02160103>dimen<hex:02160103>sio<hex:02160103>nalen Riss<hex:FF27>im Inter<hex:02160103>dimen<hex:02160103>sio<hex:02160103>nalen Riss<hex:FF33>der Zugang zum Inter<hex:02160103>dimen<hex:02160103>sio<hex:02160103>nalen Riss<hex:03>",0,0,0
2728,"Finale Verifikation",0,"",0,0,1,0,0,"<hex:02093AE802FF19>zur Finalen Verifikation<hex:FF1C>in der Finalen Verifikation<hex:03>",0,0,0
2729,"Letzte Verteidigungslinie",0,"",0,0,1,0,0,"<hex:020971E802FF1F>zur Letzten Verteidigungslinie<hex:FF22>an der Letzten Verteidigungslinie<hex:FF2A>der Zugang zur Letzten Verteidigungslinie<hex:03>",0,0,0
2730,"Das Beet",0,"",0,0,1,0,0,"<hex:02092BE802FF09>zum Beet<hex:FF08>im Beet<hex:FF14>der Zugang zum Beet<hex:03>",0,0,0
2731,"Umweltkontrollwarte",0,"",0,0,1,0,0,"<hex:020938E802FF18>zur Umweltkontrollwarte<hex:FF1B>in der Umweltkontrollwarte<hex:03>",0,0,0
2732,"Reinigungstank C",0,"",0,0,1,0,0,"<hex:02092EE802FF15>zum Reinigungstank C<hex:FF14>im Reinigungstank C<hex:03>",0,0,0
2733,"Reinigungstank B",0,"",0,0,1,0,0,"<hex:02092EE802FF15>zum Reinigungstank B<hex:FF14>im Reinigungstank B<hex:03>",0,0,0
2734,"Reinigungstank A",0,"",0,0,1,0,0,"<hex:02092EE802FF15>zum Reinigungstank A<hex:FF14>im Reinigungstank A<hex:03>",0,0,0
2735,"Hort des Schlammkönigs",0,"",0,0,1,0,0,"<hex:020959E802FF1C>zum Hort des Schlammkönigs<hex:FF1B>im Hort des Schlammkönigs<hex:FF1C>der Hort des Schlammkönigs<hex:03>",0,0,0
2736,"Psimetrie 2.0",0,"",0,0,1,0,0,"<hex:02094AE802FF12>zur Psimetrie 2.0<hex:FF15>in der Psimetrie 2.0<hex:FF1D>der Zugang zur Psimetrie 2.0<hex:03>",0,0,0
2737,"Interdimensionaler Riss",0,"",0,0,1,0,0,"<hex:020988E802FF28>zum Inter<hex:02160103>dimen<hex:02160103>sio<hex:02160103>nalen Riss<hex:FF27>im Inter<hex:02160103>dimen<hex:02160103>sio<hex:02160103>nalen Riss<hex:FF33>der Zugang zum Inter<hex:02160103>dimen<hex:02160103>sio<hex:02160103>nalen Riss<hex:03>",0,0,0
2738,"Drachenstern",0,"",0,0,1,0,0,"<hex:02092BE802FF11>zum Drachenstern<hex:FF15>auf dem Drachenstern<hex:03>",0,0,0
2739,"Kosmos",0,"",0,0,1,0,0,"<hex:02091AE802FF0B>zum Kosmos<hex:FF0A>im Kosmos<hex:03>",0,0,0
2740,"Erste Verteidigungslinie",0,"",0,0,1,0,0,"<hex:02096EE802FF1E>zur Ersten Verteidigungslinie<hex:FF21>an der Ersten Verteidigungslinie<hex:FF29>der Zugang zur Ersten Verteidigungslinie<hex:03>",0,0,0
2741,"Zweite Verteidigungslinie",0,"",0,0,1,0,0,"<hex:020971E802FF1F>zur Zweiten Verteidigungslinie<hex:FF22>an der Zweiten Verteidigungslinie<hex:FF2A>der Zugang zur Zweiten Verteidigungslinie<hex:03>",0,0,0
2742,"Hauptquartier der Allianz",0,"",0,0,1,0,0,"<hex:02096AE802FF1E>zum Hauptquartier der Allianz<hex:FF1D>im Hauptquartier der Allianz<hex:FF29>der Zugang zum Hauptquartier der Allianz<hex:03>",0,0,0
2743,"Kampfgräben",0,"",0,0,1,0,0,"<hex:02094DE802FF14>zu den Kampfgräben<hex:FF14>in den Kampfgräben<hex:FF1F>der Zugang zu den Kampfgräben<hex:03>",0,0,0
2744,"Feld des Staubs",0,"",0,0,1,0,0,"<hex:020951E802FF14>zum Feld des Staubs<hex:FF18>auf dem Feld des Staubs<hex:FF1F>der Zugang zum Feld des Staubs<hex:03>",0,0,0
2745,"Absturzstelle",0,"",0,0,1,0,0,"<hex:02094AE802FF12>zum Absturzstelle<hex:FF15>an der Absturzstelle<hex:FF1D>der Zugang zur Absturzstelle<hex:03>",0,0,0
2746,"Feld des Rußes",0,"",0,0,1,0,0,"<hex:020951E802FF14>zum Feld des Rußes<hex:FF18>auf dem Feld des Rußes<hex:FF1F>der Zugang zum Feld des Rußes<hex:03>",0,0,0
2747,"Bombenkrater",0,"",0,0,1,0,0,"<hex:020943E802FF11>zum Bombenkrater<hex:FF10>im Bombenkrater<hex:FF1C>der Zugang zum Bombenkrater<hex:03>",0,0,0
2748,"Feld der Asche",0,"",0,0,1,0,0,"<hex:02094EE802FF13>zum Feld der Asche<hex:FF17>auf dem Feld der Asche<hex:FF1E>der Zugang zum Feld der Asche<hex:03>",0,0,0
2749,"Provisorischer Landeplatz",0,"",0,0,1,0,0,"<hex:02096FE802FF1E>zum provisorischen Landeplatz<hex:FF22>auf dem provisorischen Landeplatz<hex:FF29>der Zugang zum provisorischen Landeplatz<hex:03>",0,0,0
2750,"Rasen Kaikyo",0,"",0,0,1,0,0,"<hex:02093CE802FF11>zur Rasen Kaikyo<hex:FF14>in der Rasen Kaikyo<hex:FF11>die Rasen Kaikyo<hex:03>",0,901,0
2751,"Ostküste Othards",0,"",0,0,1,0,0,"<hex:02094BE802FF16>zur Ostküste Othards<hex:FF19>an der Ostküste Othards<hex:FF16>die Ostküste Othards<hex:03>",0,902,0
2752,"Gensui-Gipfelkette",0,"",0,0,1,0,0,"<hex:02094FE802FF17>zur Gensui-Gipfelkette<hex:FF1B>auf der Gensui-Gipfelkette<hex:FF17>die Gensui-Gipfelkette<hex:03>",0,903,0
2753,"Goldbecken",0,"",0,0,1,0,0,"<hex:020932E802FF0F>zum Goldbecken<hex:FF0E>im Goldbecken<hex:FF0F>das Goldbecken<hex:03>",0,904,0
2754,"Regenbogental",0,"",0,0,1,0,0,"<hex:02093BE802FF12>zum Regenbogental<hex:FF11>im Regenbogental<hex:FF12>das Regenbogental<hex:03>",0,905,0
2755,"Doma",0,"",0,0,1,0,0,"<hex:02091DE802FF0A>nach Doma<hex:FF08>in Doma<hex:FF05>Doma<hex:03>",0,906,0
2756,"Das Grüne Meer",0,"",0,0,1,0,0,"<hex:020937E802FF11>zum Grünen Meer<hex:FF10>im Grünen Meer<hex:FF10>das Grüne Meer<hex:03>",0,907,0
2757,"Onsal Hakair",0,"",0,0,1,0,0,"<hex:020935E802FF12>nach Onsal Hakair<hex:FF10>in Onsal Hakair<hex:FF0D>Onsal Hakair<hex:03>",0,908,0
2758,"Windkante",0,"",0,0,1,0,0,"<hex:02092FE802FF0E>zur Windkante<hex:FF11>an der Windkante<hex:FF0A>Windkante<hex:03>",0,909,0
2759,"Nhaamas Zuflucht",0,"",0,0,1,0,0,"<hex:02093FE802FF14>zu Nhaamas Zuflucht<hex:FF14>in Nhaamas Zuflucht<hex:FF11>Nhaamas Zuflucht<hex:03>",0,910,0
2760,"Rubin-Seefestung",0,"",0,0,1,0,0,"<hex:020948E802FF15>zur Rubin-Seefestung<hex:FF18>in der Rubin-Seefestung<hex:FF15>die Rubin-Seefestung<hex:03>",0,911,0
2761,"Grenzinsel",0,"",0,0,1,0,0,"<hex:020937E802FF0F>zur Grenzinsel<hex:FF13>auf der Grenzinsel<hex:FF0F>die Grenzinsel<hex:03>",0,912,0
2762,"Höllenspund",0,"",0,0,1,0,0,"<hex:020938E802FF11>zum Höllenspund<hex:FF10>am Höllenspund<hex:FF11>der Höllenspund<hex:03>",0,913,0
2763,"Krabbenkocher",0,"",0,0,1,0,0,"<hex:020937E802FF12>zum Krabbenkocher<hex:FF11>am Krabbenkocher<hex:FF0E>Krabbenkocher<hex:03>",0,914,0
2764,"Aderlass",0,"",0,0,1,0,0,"<hex:020929E802FF0E>nach Aderlass<hex:FF0C>in Aderlass<hex:FF09>Aderlass<hex:03>",0,915,0
2765,"Der Badende Onio",0,"",0,0,1,0,0,"<hex:02093AE802FF12>zum Badenden Onio<hex:FF11>am Badenden Onio<hex:FF11>der Badende Onio<hex:03>",0,916,0
2766,"Sakazuki",0,"",0,0,1,0,0,"<hex:02092AE802FF0E>nach Sakazuki<hex:FF0D>auf Sakazuki<hex:FF09>Sakazuki<hex:03>",0,917,0
2767,"Bekko",0,"",0,0,1,0,0,"<hex:020921E802FF0B>nach Bekko<hex:FF0A>auf Bekko<hex:FF06>Bekko<hex:03>",0,918,0
2768,"Schildkrötenquell",0,"",0,0,1,0,0,"<hex:020947E802FF18>nach Schildkrötenquell<hex:FF16>in Schildkrötenquell<hex:FF13>Schildkrötenquell<hex:03>",0,919,0
2769,"Tamamizu",0,"",0,0,1,0,0,"<hex:020929E802FF0E>nach Tamamizu<hex:FF0C>in Tamamizu<hex:FF09>Tamamizu<hex:03>",0,920,0
2770,"Korallentafeln",0,"",0,0,1,0,0,"<hex:020945E802FF16>zu den Korallentafeln<hex:FF16>an den Korallentafeln<hex:FF13>die Korallentafeln<hex:03>",0,921,0
2771,"Seichtfels",0,"",0,0,1,0,0,"<hex:02092FE802FF10>nach Seichtfels<hex:FF0E>in Seichtfels<hex:FF0B>Seichtfels<hex:03>",0,922,0
2772,"Sui no Sato",0,"",0,0,1,0,0,"<hex:020932E802FF11>nach Sui no Sato<hex:FF0F>in Sui no Sato<hex:FF0C>Sui no Sato<hex:03>",0,923,0
2773,"Onokoro",0,"",0,0,1,0,0,"<hex:020927E802FF0D>nach Onokoro<hex:FF0C>auf Onokoro<hex:FF08>Onokoro<hex:03>",0,924,0
2774,"Halskehre",0,"",0,0,1,0,0,"<hex:020933E802FF0E>zur Halskehre<hex:FF11>an der Halskehre<hex:FF0E>die Halskehre<hex:03>",0,925,0
2775,"Himmelssäule",0,"",0,0,1,0,0,"<hex:02093FE802FF12>zur Himmelssäule<hex:FF15>an der Himmelssäule<hex:FF12>die Himmelssäule<hex:03>",0,926,0
2776,"Die Zehntausendjährige Kiefer",0,"",0,0,1,0,0,"<hex:020968E802FF20>zur Zehntausendjährigen Kiefer<hex:FF23>an der Zehntausendjährigen Kiefer<hex:FF1F>die Zehntausendjährige Kiefer<hex:03>",0,927,0
2777,"Fluchtsteg",0,"",0,0,1,0,0,"<hex:020932E802FF0F>zum Fluchtsteg<hex:FF0E>am Fluchtsteg<hex:FF0F>der Fluchtsteg<hex:03>",0,928,0
2778,"Türkisgraben",0,"",0,0,1,0,0,"<hex:02093BE802FF12>zum Türkisgraben<hex:FF11>im Türkusgraben<hex:FF12>der Türkisgraben<hex:03>",0,929,0
2779,"Shisui-Palast",0,"",0,0,1,0,0,"<hex:02093BE802FF12>zum Shisui-Palast<hex:FF11>im Shisui-Palast<hex:FF12>der Shisui-Palast<hex:03>",0,930,0
2780,"Die <hex:021A020203>Adventure<hex:021A020103>",0,"",0,0,1,0,0,"<hex:020952E802FF18>zur <hex:021A020203>Adventure<hex:021A020103><hex:FF1C>auf der <hex:021A020203>Adventure<hex:021A020103><hex:FF18>die <hex:021A020203>Adventure<hex:021A020103><hex:03>",0,931,0
2781,"Die <hex:021A020203>Kobayashi-maru<hex:021A020103>",0,"",0,0,1,0,0,"<hex:020961E802FF1D>zur <hex:021A020203>Kobayashi-maru<hex:021A020103><hex:FF21>auf der <hex:021A020203>Kobayashi-maru<hex:021A020103><hex:FF1D>die <hex:021A020203>Kobayashi-maru<hex:021A020103><hex:03>",0,932,0
2782,"Saibai-Höhle",0,"",0,0,1,0,0,"<hex:02093FE802FF12>zur Saibai-Höhle<hex:FF15>in der Saibai-Höhle<hex:FF12>die Saibai-Höhle<hex:03>",0,933,0
2783,"Exil",0,"",0,0,1,0,0,"<hex:02091DE802FF0A>nach Exil<hex:FF08>in Exil<hex:FF05>Exil<hex:03>",0,934,0
2784,"Anemonengärten",0,"",0,0,1,0,0,"<hex:020948E802FF17>zu den Anemonengärten<hex:FF17>in den Anemonengärten<hex:FF14>die Anemonengärten<hex:03>",0,935,0
2785,"Isari",0,"",0,0,1,0,0,"<hex:020920E802FF0B>nach Isari<hex:FF09>in Isari<hex:FF06>Isari<hex:03>",0,936,0
2786,"Zekki",0,"",0,0,1,0,0,"<hex:020921E802FF0B>nach Zekki<hex:FF0A>auf Zekki<hex:FF06>Zekki<hex:03>",0,937,0
2787,"Der Schlund",0,"",0,0,1,0,0,"<hex:020929E802FF0C>zum Schlund<hex:FF0B>im Schlund<hex:FF0C>der Schlund<hex:03>",0,938,0
2788,"Platz der Schätze",0,"",0,0,1,0,0,"<hex:02094FE802FF17>zum Platz der Schätze<hex:FF1B>auf dem Platz der Schätze<hex:FF17>der Platz der Schätze<hex:03>",0,939,0
2789,"Die Trunkene Unke",0,"",0,0,1,0,0,"<hex:020941E802FF13>zur Trunkenen Unke<hex:FF16>in der Trunkenen Unke<hex:FF12>die Trunkene Unke<hex:03>",0,940,0
2790,"Gespött des Jenseits",0,"",0,0,1,0,0,"<hex:020955E802FF1A>zum Gespött des Jenseits<hex:FF1B>beim Gespött des Jenseits<hex:FF1A>das Gespött des Jenseits<hex:03>",0,941,0
2791,"Flug des Reihers",0,"",0,0,1,0,0,"<hex:020944E802FF15>zum Flug des Reihers<hex:FF14>am Flug des Reihers<hex:FF15>der Flug des Reihers<hex:03>",0,942,0
2792,"Weg des Reihers",0,"",0,0,1,0,0,"<hex:020941E802FF14>zum Weg des Reihers<hex:FF13>am Weg des Reihers<hex:FF14>der Weg des Reihers<hex:03>",0,943,0
2793,"Namai",0,"",0,0,1,0,0,"<hex:020920E802FF0B>nach Namai<hex:FF09>in Namai<hex:FF06>Namai<hex:03>",0,944,0
2794,"Quelle am Pflaumenbaum",0,"",0,0,1,0,0,"<hex:02095BE802FF1B>zur Quelle am Pflaumenbaum<hex:FF1F>bei der Quelle am Pflaumenbaum<hex:FF1B>die Quelle am Pflaumenbaum<hex:03>",0,945,0
2795,"Der Einzig",0,"",0,0,1,0,0,"<hex:020926E802FF0B>zum Einzig<hex:FF0A>am Einzig<hex:FF0B>der Einzig<hex:03>",0,946,0
2796,"Westliche Ryurin-Brücke",0,"",0,0,1,0,0,"<hex:020963E802FF1E>zur westlichen Ryurin-Brücke<hex:FF22>auf der westlichen Ryurin-Brücke<hex:FF1D>die westliche Ryurin-Brücke<hex:03>",0,947,0
2797,"Östliche Ryurin-Brücke",0,"",0,0,1,0,0,"<hex:020963E802FF1E>zur östlichen Ryurin-Brücke<hex:FF22>auf der östlichen Ryurin-Brücke<hex:FF1D>die östliche Ryurin-Brücke<hex:03>",0,948,0
2798,"Kusakari",0,"",0,0,1,0,0,"<hex:020929E802FF0E>nach Kusakari<hex:FF0C>in Kusakari<hex:FF09>Kusakari<hex:03>",0,949,0
2799,"Castrum Fluminis",0,"",0,0,1,0,0,"<hex:020941E802FF16>nach Castrum Fluminis<hex:FF14>in Castrum Fluminis<hex:FF11>Castrum Fluminis<hex:03>",0,950,0
2800,"Yuzuka-Herrenhaus",0,"",0,0,1,0,0,"<hex:020947E802FF16>zum Yuzuka-Herrenhaus<hex:FF15>im Yuzuka-Herrenhaus<hex:FF16>das Yuzuka-Herrenhaus<hex:03>",0,951,0
2801,"Kompass der Schwalbe",0,"",0,0,1,0,0,"<hex:020950E802FF19>zum Kompass der Schwalbe<hex:FF18>am Kompass der Schwalbe<hex:FF19>der Kompass der Schwalbe<hex:03>",0,952,0
2802,"Dairyu-Mondtor",0,"",0,0,1,0,0,"<hex:02093EE802FF13>zum Dairyu-Mondtor<hex:FF12>am Dairyu-Mondtor<hex:FF13>das Dairyu-Mondtor<hex:03>",0,953,0
2803,"Erdseim-Depot",0,"",0,0,1,0,0,"<hex:02093DE802FF12>zum Erdseim-Depot<hex:FF13>beim Erdseim-Depot<hex:FF12>das Erdseim-Depot<hex:03>",0,954,0
2804,"Überschall-Angriffsvehikel L-XXIII",0,"",0,0,1,0,0,"<hex:02097FE802FF28>zum Überschall-Angriffsvehikel L-XXIII<hex:FF29>beim Überschall-Angriffsvehikel L-XXIII<hex:FF28>das Überschall-Angriffsvehikel L-XXIII<hex:03>",0,955,0
2805,"Klause der Grimmigen",0,"",0,0,1,0,0,"<hex:020954E802FF19>zur Klause der Grimmigen<hex:FF1C>in der Klause der Grimmigen<hex:FF19>die Klause der Grimmigen<hex:03>",0,956,0
2806,"Goldgarn",0,"",0,0,1,0,0,"<hex:020929E802FF0E>nach Goldgarn<hex:FF0C>in Goldgarn<hex:FF09>Goldgarn<hex:03>",0,957,0
2807,"Prismenweiher",0,"",0,0,1,0,0,"<hex:02093BE802FF12>zum Prismenweiher<hex:FF11>am Prismenweiher<hex:FF12>der Prismenweiher<hex:03>",0,958,0
2808,"Monzen",0,"",0,0,1,0,0,"<hex:020923E802FF0C>nach Monzen<hex:FF0A>in Monzen<hex:FF07>Monzen<hex:03>",0,959,0
2809,"Frachthafen",0,"",0,0,1,0,0,"<hex:020935E802FF10>zum Frachthafen<hex:FF0F>am Frachthafen<hex:FF10>der Frachthafen<hex:03>",0,960,0
2810,"Burg Doma",0,"",0,0,1,0,0,"<hex:02092BE802FF0E>zur Burg Doma<hex:FF0D>in Burg Doma<hex:FF0A>Burg Doma<hex:03>",0,961,0
2811,"Saumtreter-Brücke",0,"",0,0,1,0,0,"<hex:02094FE802FF17>zur Saumtreter-Brücke<hex:FF15>auf der Saum-Brücke<hex:FF1D>die östliche Ryurin-Brücke<hex:03>",0,962,0
2812,"Drachensprung",0,"",0,0,1,0,0,"<hex:020938E802FF13>nach Drachensprung<hex:FF11>in Drachensprung<hex:FF0E>Drachensprung<hex:03>",0,963,0
2813,"Domanische Enklave",0,"",0,0,1,0,0,"<hex:020950E802FF18>zur domanischen Enklave<hex:FF1B>in der domanischen Enklave<hex:FF17>die domanische Enklave<hex:03>",0,964,0
2814,"Reunion",0,"",0,0,1,0,0,"<hex:020926E802FF0D>nach Reunion<hex:FF0B>in Reunion<hex:FF08>Reunion<hex:03>",0,965,0
2815,"Ragills Irrtum",0,"",0,0,1,0,0,"<hex:02093BE802FF14>nach Ragills Irrtum<hex:FF12>in Ragills Irrtum<hex:FF0F>Ragills Irrtum<hex:03>",0,966,0
2816,"Pfad des Feiglings",0,"",0,0,1,0,0,"<hex:02094FE802FF17>zum Pfad des Feiglings<hex:FF1B>auf dem Pfad des Feiglings<hex:FF17>der Pfad des Feiglings<hex:03>",0,967,0
2817,"Hak Khaal",0,"",0,0,1,0,0,"<hex:02092CE802FF0F>nach Hak Khaal<hex:FF0D>in Hak Khaal<hex:FF0A>Hak Khaal<hex:03>",0,968,0
2818,"Rai Khaal",0,"",0,0,1,0,0,"<hex:02092CE802FF0F>nach Rai Khaal<hex:FF0D>in Rai Khaal<hex:FF0A>Rai Khaal<hex:03>",0,969,0
2819,"Nem Khaal",0,"",0,0,1,0,0,"<hex:02092CE802FF0F>nach Nem Khaal<hex:FF0D>in Nem Khaal<hex:FF0A>Nem Khaal<hex:03>",0,970,0
2820,"Kahkol Iloh",0,"",0,0,1,0,0,"<hex:020932E802FF11>nach Kahkol Iloh<hex:FF0F>in Kahkol Iloh<hex:FF0C>Kahkol Iloh<hex:03>",0,971,0
2821,"Mol Iloh",0,"",0,0,1,0,0,"<hex:020929E802FF0E>nach Mol Iloh<hex:FF0C>in Mol Iloh<hex:FF09>Mol Iloh<hex:03>",0,972,0
2822,"Morgenthron",0,"",0,0,1,0,0,"<hex:020935E802FF10>zum Morgenthron<hex:FF0F>am Morgenthron<hex:FF10>der Morgenthron<hex:03>",0,973,0
2823,"Azim Khaat",0,"",0,0,1,0,0,"<hex:02092FE802FF10>nach Azim Khaat<hex:FF0E>in Azim Khaat<hex:FF0B>Azim Khaat<hex:03>",0,974,0
2824,"Brücke der Krieger",0,"",0,0,1,0,0,"<hex:020952E802FF18>zur Brücke der Krieger<hex:FF1C>auf der Brücke der Krieger<hex:FF18>die Brücke der Krieger<hex:03>",0,975,0
2825,"Die Wunde",0,"",0,0,1,0,0,"<hex:020927E802FF0A>zur Wunde<hex:FF0D>in der Wunde<hex:FF0A>die Wunde<hex:03>",0,976,0
2826,"Schlangenschlund",0,"",0,0,1,0,0,"<hex:020944E802FF15>zum Schlangenschlund<hex:FF14>im Schlangenschlund<hex:FF15>der Schlangenschlund<hex:03>",0,977,0
2827,"Nhaamas Keil",0,"",0,0,1,0,0,"<hex:020933E802FF10>zu Nhaamas Keil<hex:FF10>in Nhaamas Keil<hex:FF0D>Nhaamas Keil<hex:03>",0,978,0
2828,"Tao Khaal",0,"",0,0,1,0,0,"<hex:02092CE802FF0F>nach Tao Khaal<hex:FF0D>in Tao Khaal<hex:FF0A>Tao Khaal<hex:03>",0,979,0
2829,"Mondaufgang",0,"",0,0,1,0,0,"<hex:020937E802FF10>zum Mondaufgang<hex:FF11>beim Mondaufgang<hex:FF10>der Mondaufgang<hex:03>",0,980,0
2830,"Das Schwanzende",0,"",0,0,1,0,0,"<hex:020935E802FF10>zum Schwanzende<hex:FF0F>am Schwanzende<hex:FF10>das Schwanzende<hex:03>",0,981,0
2831,"Himmelsdorn",0,"",0,0,1,0,0,"<hex:020937E802FF10>zum Himmelsdorn<hex:FF11>beim Himmelsdorn<hex:FF10>der Himmelsdorn<hex:03>",0,982,0
2832,"Chakha Zoh",0,"",0,0,1,0,0,"<hex:02092FE802FF10>nach Chakha Zoh<hex:FF0E>in Chakha Zoh<hex:FF0B>Chakha Zoh<hex:03>",0,983,0
2833,"Bardams Probe",0,"",0,0,1,0,0,"<hex:020938E802FF13>nach Bardams Probe<hex:FF11>in Bardams Probe<hex:FF0E>Bardams Probe<hex:03>",0,984,0
2834,"Ceol Aen",0,"",0,0,1,0,0,"<hex:020929E802FF0E>nach Ceol Aen<hex:FF0C>in Ceol Aen<hex:FF09>Ceol Aen<hex:03>",0,985,0
2835,"Uyagir-Höhlen",0,"",0,0,1,0,0,"<hex:020945E802FF16>zu den Uyagir-Höhlen<hex:FF16>in den Uyagir-Höhlen<hex:FF13>die Uyagir-Höhlen<hex:03>",0,986,0
2836,"Hundertundeine Offenbarungen",0,"",0,0,1,0,0,"<hex:020965E802FF22>nach Hundertundeine Offenbarungen<hex:FF20>in Hundertundeine Offenbarungen<hex:FF1D>Hundertundeine Offenbarungen<hex:03>",0,987,0
2837,"Qerel Iloh",0,"",0,0,1,0,0,"<hex:02092FE802FF10>nach Qerel Iloh<hex:FF0E>in Qerel Iloh<hex:FF0B>Qerel Iloh<hex:03>",0,988,0
2838,"Abendthron",0,"",0,0,1,0,0,"<hex:020932E802FF0F>zum Abendthron<hex:FF0E>am Abendthron<hex:FF0F>der Abendthron<hex:03>",0,989,0
2839,"Yat Khaal",0,"",0,0,1,0,0,"<hex:02092CE802FF0F>nach Yat Khaal<hex:FF0D>in Yat Khaal<hex:FF0A>Yat Khaal<hex:03>",0,990,0
2840,"Nhaama-Wüste",0,"",0,0,1,0,0,"<hex:02093FE802FF12>zur Nhaama-Wüste<hex:FF15>in der Nhaama-Wüste<hex:FF12>die Nhaama-Wüste<hex:03>",0,991,0
2841,"Behüteter Pfad",0,"",0,0,1,0,0,"<hex:020945E802FF14>zum Behüteten Pfad<hex:FF18>auf dem Behüteten Pfad<hex:FF13>der Behütete Pfad<hex:03>",0,992,0
2842,"Dotharl Khaa",0,"",0,0,1,0,0,"<hex:020935E802FF12>nach Dotharl Khaa<hex:FF10>in Dotharl Khaa<hex:FF0D>Dotharl Khaa<hex:03>",0,993,0
2843,"Fähranleger - Frachthafen",0,"",0,0,1,0,0,"<hex:020944E802FF20>zum Fähranleger am Frachthafen<hex:FF1F>am Fähranleger am Frachthafen<hex:03>",0,0,0
2844,"Fähranleger - Domanische Enklave",0,"",0,0,1,0,0,"<hex:02095CE802FF2C>zum Fähranleger in der domanischen Enklave<hex:FF2B>am Fähranleger in der domanischen Enklave<hex:03>",0,0,0
2845,"Fähranleger - Akanegumo-Steg",0,"",0,0,1,0,0,"<hex:02094AE802FF23>zum Fähranleger am Akanegumo-Steg<hex:FF22>am Fähranleger am Akanegumo-Steg<hex:03>",0,0,0
2846,"[Erweiterung] Fähranleger - Akanegumo-Steg",0,"",0,0,1,0,0,"<hex:02094AE802FF23>zum Fähranleger am Akanegumo-Steg<hex:FF22>am Fähranleger am Akanegumo-Steg<hex:03>",0,0,0
2847,"Kienkan",0,"",0,0,1,0,0,"",0,0,0
2848,"Shazenkai",0,"",0,0,1,0,0,"",0,0,0
2849,"Ätherytenplatz",0,"",0,0,1,0,0,"",0,0,0
2850,"Dhoro Iloh",0,"",0,0,1,0,0,"",0,0,0
2851,"Kargland",0,"",0,0,1,0,0,"",0,0,0
2852,"Die Zehntausend Stände",0,"",0,0,1,0,0,"",0,0,0
2853,"Handwerkerviertel",0,"",0,0,1,0,0,"",0,0,0
2854,"Reisfelder",0,"",0,0,1,0,0,"",0,0,0
2855,"Rissai-Schule",0,"",0,0,1,0,0,"",0,0,0
2856,"Kaserne der Enklavenwache",0,"",0,0,1,0,0,"",0,0,0
2857,"Wachturm",0,"",0,0,1,0,0,"",0,0,0
2858,"Einzig-Garten",0,"",0,0,1,0,0,"",0,0,0
2859,"Enklave Süd (Rissai-Schule)",0,"",0,0,1,0,0,"",0,0,0
2860,"Enklave Nord (Reisfelder und Einzig-Garten)",0,"",0,0,1,0,0,"",0,0,0
2861,"Goldbecken (Yanxia)",0,"",0,0,1,0,0,"",0,0,0
2862,"Hauptquartier der Allianz",0,"",0,0,1,0,0,"<hex:02096AE802FF1E>zum Hauptquartier der Allianz<hex:FF1D>im Hauptquartier der Allianz<hex:FF29>der Zugang zum Hauptquartier der Allianz<hex:03>",0,0,0
2863,"Kommandozelt der Garleischen Armee",0,"",0,0,1,0,0,"<hex:020985E802FF27>zum Kommandozelt der Garleischen Armee<hex:FF26>im Kommandozelt der Garleischen Armee<hex:FF32>der Zugang zum Kommandozelt der Garleischen Armee<hex:03>",0,0,0
2864,"Kloster von Orbonne",0,"",0,0,1,0,0,"",0,0,0
2865,"Golmore-Dschungel",0,"",0,0,1,0,0,"",0,0,0
2866,"Kloster von Orbonne",0,"",0,0,1,0,0,"",0,0,0
2867,"Nekropole",0,"",0,0,1,0,0,"<hex:02093EE802FF0E>zur Nekropole<hex:FF11>in der Nekropole<hex:FF19>der Zugang zur Nekropole<hex:03>",0,0,0
2868,"Flehen des Dschungels",0,"",0,0,1,0,0,"<hex:02095EE802FF1A>zum Flehen des Dschungels<hex:FF19>am Flehen des Dschungels<hex:FF25>der Zugang zum Flehen des Dschungels<hex:03>",0,0,0
2869,"Reich der Maschinisten",0,"",0,0,1,0,0,"<hex:020961E802FF1B>zum Reich der Maschinisten<hex:FF1A>im Reich der Maschinisten<hex:FF26>der Zugang zum Reich der Maschinisten<hex:03>",0,0,0
2870,"Reich der Tempelritter",0,"",0,0,1,0,0,"<hex:020961E802FF1B>zum Reich der Tempelritter<hex:FF1A>im Reich der Tempelritter<hex:FF26>der Zugang zum Reich der Tempelritter<hex:03>",0,0,0
2871,"Lebloser Pfad",0,"",0,0,1,0,0,"<hex:02094BE802FF12>zum Leblosen Pfad<hex:FF16>auf dem Leblosen Pfad<hex:FF1D>der Zugang zum Leblosen Pfad<hex:03>",0,0,0
2872,"Reich des Donnergottes",0,"",0,0,1,0,0,"<hex:020961E802FF1B>zum Reich des Donnergottes<hex:FF1A>im Reich des Donnergottes<hex:FF26>der Zugang zum Reich des Donnergottes<hex:03>",0,0,0
2873,"Kristallkerker",0,"",0,0,1,0,0,"<hex:020949E802FF13>zum Kristallkerker<hex:FF12>im Kristallkerker<hex:FF1E>der Zugang zum Kristallkerker<hex:03>",0,0,0
2874,"Beichtstuhl",0,"",0,0,1,0,0,"<hex:020940E802FF10>zum Beichtstuhl<hex:FF0F>im Beichtstuhl<hex:FF1B>der Zugang zum Beichtstuhl<hex:03>",0,0,0
2875,"Vergessene Arena",0,"",0,0,1,0,0,"<hex:020956E802FF16>zur Vergessenen Arena<hex:FF19>in der Vergessenen Arena<hex:FF21>der Zugang zur Vergessenen Arena<hex:03>",0,0,0
2876,"Zentraler Sammelpunkt",0,"",0,0,1,0,0,"<hex:02095EE802FF1A>zum Zentralen Sammelpunkt<hex:FF19>am Zentralen Sammelpunkt<hex:FF25>der Zugang zum Zentralen Sammelpunkt<hex:03>",0,0,0
2877,"Westufer des Val",0,"",0,0,1,0,0,"<hex:02094FE802FF15>zum Westufer des Val<hex:FF14>am Westufer des Val<hex:FF20>der Zugang zum Westufer des Val<hex:03>",0,0,0
2878,"Val-Delta",0,"",0,0,1,0,0,"<hex:02093AE802FF0E>zum Val-Delta<hex:FF0D>am Val-Delta<hex:FF19>der Zugang zum Val-Delta<hex:03>",0,0,0
2879,"Ostufer des Val",0,"",0,0,1,0,0,"<hex:02094CE802FF14>zum Ostufer des Val<hex:FF13>am Ostufer des Val<hex:FF1F>der Zugang zum Ostufer des Val<hex:03>",0,0,0
2880,"Haupteingang des Hauptquartiers",0,"",0,0,1,0,0,"<hex:02097CE802FF24>zum Haupteingang des Hauptquartiers<hex:FF23>am Haupteingang des Hauptquartiers<hex:FF2F>der Zugang zum Haupteingang des Hauptquartiers<hex:03>",0,0,0
2881,"Grundstratum des Arsenals",0,"",0,0,1,0,0,"<hex:02096AE802FF1E>zum Grundstratum des Arsenals<hex:FF1D>am Grundstratum des Arsenals<hex:FF29>der Zugang zum Grundstratum des Arsenals<hex:03>",0,0,0
2882,"Zentralstratum des Arsenals",0,"",0,0,1,0,0,"<hex:020970E802FF20>zum Zentralstratum des Arsenals<hex:FF1F>am Zentralstratum des Arsenals<hex:FF2B>der Zugang zum Zentralstratum des Arsenals<hex:03>",0,0,0
2883,"Seelenstratum des Arsenals",0,"",0,0,1,0,0,"<hex:02096DE802FF1F>zum Seelenstratum des Arsenals<hex:FF1E>am Seelenstratum des Arsenals<hex:FF2A>der Zugang zum Seelenstratum des Arsenals<hex:03>",0,0,0
2884,"Astralstratum des Arsenals",0,"",0,0,1,0,0,"<hex:02096DE802FF1F>zum Astralstratum des Arsenals<hex:FF1E>am Astralstratum des Arsenals<hex:FF2A>der Zugang zum Astralstratum des Arsenals<hex:03>",0,0,0
2885,"Primäres Stratum des Arsenals",0,"",0,0,1,0,0,"<hex:02096CE802FF23>zum Primären Stratum des Arsenals<hex:FF15>am Primären Stratum<hex:FF2E>der Zugang zum Primären Stratum des Arsenals<hex:03>",0,0,0
2886,"Westplattform",0,"",0,0,1,0,0,"<hex:02094AE802FF12>zur Westplattform<hex:FF15>an der Westplattform<hex:FF1D>der Zugang zur Westplattform<hex:03>",0,0,0
2887,"Zentralplattform",0,"",0,0,1,0,0,"<hex:020953E802FF15>zur Zentralplattform<hex:FF18>an der Zentralplattform<hex:FF20>der Zugang zur Zentralplattform<hex:03>",0,0,0
2888,"Ostplattform",0,"",0,0,1,0,0,"<hex:020947E802FF11>zur Ostplattform<hex:FF14>an der Ostplattform<hex:FF1C>der Zugang zur Ostplattform<hex:03>",0,0,0
2889,"Transportplattform",0,"",0,0,1,0,0,"<hex:020959E802FF17>zur Transportplattform<hex:FF1A>an der Transportplattform<hex:FF22>der Zugang zur Transportplattform<hex:03>",0,0,0
2890,"Kristalldrachenhort",0,"",0,0,1,0,0,"<hex:020958E802FF18>zum Kristalldrachenhort<hex:FF17>im Kristalldrachenhort<hex:FF23>der Zugang zum Kristalldrachenhort<hex:03>",0,0,0
2891,"Ruine des Siegelmagielabors",0,"",0,0,1,0,0,"<hex:020974E802FF20>zur Ruine des Siegelmagielabors<hex:FF23>an der Ruine des Siegelmagielabors<hex:FF2B>der Zugang zur Ruine des Siegelmagielabors<hex:03>",0,0,0
2892,"Verfallenes Wohnquartier",0,"",0,0,1,0,0,"<hex:020967E802FF1D>zum verfallenen Wohnquartier<hex:FF1C>im verfallenen Wohnquartier<hex:FF28>der Zugang zum verfallenen Wohnquartier<hex:03>",0,0,0
2893,"Galufs Arbeitszimmer",0,"",0,0,1,0,0,"<hex:020959E802FF18>zu Galufs Arbeitszimmer<hex:FF18>in Galufs Arbeitszimmer<hex:FF23>der Zugang zu Galufs Arbeitszimmer<hex:03>",0,0,0
2894,"Eingangshalle",0,"",0,0,1,0,0,"<hex:02094AE802FF12>zur Eingangshalle<hex:FF15>an der Eingangshalle<hex:FF1D>der Zugang zur Eingangshalle<hex:03>",0,0,0
2895,"Orlasrach-Quarantäneblock",0,"",0,0,1,0,0,"<hex:02096DE802FF1F>zum Orlasrach-Quarantäneblock<hex:FF1E>im Orlasrach-Quarantäneblock<hex:FF2A>der Zugang zum Orlasrach-Quarantäneblock<hex:03>",0,0,0
2896,"Munderg-Quarantäneblock",0,"",0,0,1,0,0,"<hex:020967E802FF1D>zum Munderg-Quarantäneblock<hex:FF1C>im Munderg-Quarantäneblock<hex:FF28>der Zugang zum Munderg-Quarantäneblock<hex:03>",0,0,0
2897,"Shin-Zantetsuken-Quarantäneblock",0,"",0,0,1,0,0,"<hex:020982E802FF26>zum Shin-Zantetsuken-Quarantäneblock<hex:FF25>im Shin-Zantetsuken-Quarantäneblock<hex:FF31>der Zugang zum Shin-Zantetsuken-Quarantäneblock<hex:03>",0,0,0
2898,"Lanze der Tugend-Quarantäneblock",0,"",0,0,1,0,0,"<hex:020982E802FF26>zum Lanze der Tugend-Quarantäneblock<hex:FF25>im Lanze der Tugend-Quarantäneblock<hex:FF31>der Zugang zum Lanze der Tugend-Quarantäneblock<hex:03>",0,0,0
2899,"Proto-Yadis-Quarantäneblock",0,"",0,0,1,0,0,"<hex:020973E802FF21>zum Proto-Yadis-Quarantäneblock<hex:FF20>im Proto-Yadis-Quarantäneblock<hex:FF2C>der Zugang zum Proto-Yadis-Quarantäneblock<hex:03>",0,0,0
2900,"Pier 2",0,"",0,0,1,0,0,"<hex:020921E802FF0A>zu Pier 2<hex:FF0A>an Pier 2<hex:FF07>Pier 2<hex:03>",0,0,0
2901,"Rakuza-Bezirk",0,"",0,0,1,0,0,"",0,0,0
2902,"Kleiner Pier",0,"",0,0,1,0,0,"",0,0,0
2903,"Kogane-dori",0,"",0,0,1,0,0,"",0,0,0
2904,"Pier 1",0,"",0,0,1,0,0,"<hex:020921E802FF0A>zu Pier 1<hex:FF0A>an Pier 1<hex:FF07>Pier 1<hex:03>",0,0,0
2905,"Ijin-Bezirk",0,"",0,0,1,0,0,"",0,0,0
2906,"Gasthaus Shiokaze",0,"",0,0,1,0,0,"",0,0,0
2907,"Tenkonto",0,"",0,0,1,0,0,"",0,0,0
2908,"Umineko-Teehaus",0,"",0,0,1,0,0,"",0,0,0
2909,"Zuiko-Statue",0,"",0,0,1,0,0,"",0,0,0
2910,"Badehaus Bokairo",0,"",0,0,1,0,0,"",0,0,0
2911,"Bokaisen-Bad",0,"",0,0,1,0,0,"",0,0,0
2912,"Matsuba-Platz",0,"",0,0,1,0,0,"",0,0,0
2913,"Matsuba-Tor",0,"",0,0,1,0,0,"",0,0,0
2914,"Sanjo Hanamachi",0,"",0,0,1,0,0,"",0,0,0
2915,"Sekiseigumi-Quartier",0,"",0,0,1,0,0,"",0,0,0
2916,"Ofunakura-Werft",0,"",0,0,1,0,0,"",0,0,0
2917,"Mujikoza",0,"",0,0,1,0,0,"",0,0,0
2918,"Sanban-kura",0,"",0,0,1,0,0,"",0,0,0
2919,"Goban-kura",0,"",0,0,1,0,0,"",0,0,0
2920,"Kokajiya",0,"",0,0,1,0,0,"",0,0,0
2921,"Kugane Ofunakura",0,"",0,0,1,0,0,"",0,0,0
2922,"Die <hex:021A020203>Kuroboro-maru<hex:021A020103>",0,"",0,0,1,0,0,"",0,0,0
2923,"Ostaldenard-Handelshaus",0,"",0,0,1,0,0,"",0,0,0
2924,"Rakusui-Gärten",0,"",0,0,1,0,0,"",0,0,0
2925,"Konsulat des Garleischen Kaiserreichs",0,"",0,0,1,0,0,"",0,0,0
2926,"Konsulat von Thavnair",0,"",0,0,1,0,0,"",0,0,0
2927,"Handelshaus-Sitzungsraum",0,"",0,0,1,0,0,"",0,0,0
2928,"Tasogare-Brücke",0,"",0,0,1,0,0,"",0,0,0
2929,"Pier 2 - Fähranleger",0,"",0,0,1,0,0,"",0,0,0
2930,"Luftschiff-Landeplatz",0,"",0,0,1,0,0,"",0,0,0
2931,"Ätherytenplatz",0,"",0,0,1,0,0,"",0,0,0
2932,"Revanche in den Ruinen",0,"",0,0,1,0,0,"",0,0,0
2933,"Drachenhals-Kolosseum",0,"",0,0,1,0,0,"",0,0,0
2934,"Fähranleger",0,"",0,0,1,0,0,"",0,0,0
2935,"Gangos",0,"",0,0,1,0,0,"<hex:020923E802FF0C>nach Gangos<hex:FF0A>in Gangos<hex:FF07>Gangos<hex:03>",0,0,0
2936,"Paglth'an",0,"",0,0,1,0,0,"<hex:02092CE802FF0F>nach Paglth'an<hex:FF0D>in Paglth'an<hex:FF0A>Paglth'an<hex:03>",0,0,0
2937,"Zolm'ak",0,"",0,0,1,0,0,"<hex:020926E802FF0D>nach Zolm'ak<hex:FF0B>in Zolm'ak<hex:FF08>Zolm'ak<hex:03>",0,0,0
2938,"Die Große Ebene",0,"",0,0,1,0,0,"<hex:02093EE802FF12>zur Großen Ebene<hex:FF15>in der Großen Ebene<hex:FF11>die Große Ebene<hex:03>",0,0,0
2939,"Festplatz von Zolm'ak",0,"",0,0,1,0,0,"<hex:020958E802FF1A>zum Festplatz von Zolm'ak<hex:FF1E>auf den Festplatz von Zolm'ak<hex:FF1A>der Festplatz von Zolm'ak<hex:03>",0,0,0
2940,"Echsen-Gatter",0,"",0,0,1,0,0,"<hex:02093BE802FF12>zum Echsen-Gatter<hex:FF11>im Echsen-Gatter<hex:FF12>das Echsen-Gatter<hex:03>",0,0,0
2941,"Dämmergarten",0,"",0,0,1,0,0,"<hex:02093BE802FF12>zum Dämmergarten<hex:FF11>im Dämmergarten<hex:FF12>der Dämmergarten<hex:03>",0,0,0
2942,"Tal der Prüfungen",0,"",0,0,1,0,0,"<hex:02094AE802FF17>zum Tal der Prüfungen<hex:FF16>im Tal der Prüfungen<hex:FF17>das Tal der Prüfungen<hex:03>",0,0,0
2943,"Festungsstadt Zolm'ak",0,"",0,0,1,0,0,"<hex:020957E802FF1A>zur Festungsstadt Zolm'ak<hex:FF1D>in der Festungsstadt Zolm'ak<hex:FF1A>die Festungsstadt Zolm'ak<hex:03>",0,0,0
2944,"Goldene Ebene",0,"",0,0,1,0,0,"<hex:020940E802FF12>zur Goldene Ebene<hex:FF16>in der Goldenen Ebene<hex:FF12>die Goldene Ebene<hex:03>",0,0,0
2945,"Amalj'aa Nomadenlager",0,"",0,0,1,0,0,"<hex:020953E802FF1A>zum Amalj'aa Nomadenlager<hex:FF19>im Amalj'aa Nomadenlager<hex:FF1A>das Amalj'aa Nomadenlager<hex:03>",0,0,0
2946,"",0,"",0,0,0,0,0,"",0,0,0
2947,"",0,"",0,0,0,0,0,"",0,0,0
2948,"",0,"",0,0,0,0,0,"",0,0,0
2949,"Norvrandt",0,"",0,0,1,0,0,"<hex:02092CE802FF0F>nach Norvrandt<hex:FF0D>in Norvrandt<hex:FF0A>Norvrandt<hex:03>",0,0,0
2950,"Norvrandt",0,"",0,0,1,0,0,"<hex:02092CE802FF0F>nach Norvrandt<hex:FF0D>in Norvrandt<hex:FF0A>Norvrandt<hex:03>",0,1200,0
2951,"Crystarium",0,"",0,0,1,0,0,"<hex:02092FE802FF10>nach Crystarium<hex:FF0E>in Crystarium<hex:FF0B>Crystarium<hex:03>",0,0,0
2952,"Eulmore",0,"",0,0,1,0,0,"<hex:020926E802FF0D>nach Eulmore<hex:FF0B>in Eulmore<hex:FF08>Eulmore<hex:03>",0,0,0
2953,"Seenland",0,"",0,0,1,0,0,"<hex:02092CE802FF0D>ins Seenland<hex:FF0C>im Seenland<hex:FF0D>das Seenland<hex:03>",0,0,0
2954,"Kholusia",0,"",0,0,1,0,0,"<hex:02092AE802FF0E>nach Kholusia<hex:FF0D>auf Kholusia<hex:FF09>Kholusia<hex:03>",0,0,0
2955,"Amh Araeng",0,"",0,0,1,0,0,"<hex:02092FE802FF10>nach Amh Araeng<hex:FF0E>in Amh Araeng<hex:FF0B>Amh Araeng<hex:03>",0,0,0
2956,"Il Mheg",0,"",0,0,1,0,0,"<hex:020926E802FF0D>nach Il Mheg<hex:FF0B>in Il Mheg<hex:FF08>Il Mheg<hex:03>",0,0,0
2957,"Der Große Wald Rak'tika",0,"",0,0,1,0,0,"<hex:020929E802FF0E>nach Rak'tika<hex:FF0C>in Rak'tika<hex:FF09>Rak'tika<hex:03>",0,0,0
2958,"Tempest",0,"",0,0,1,0,0,"<hex:020926E802FF0D>nach Tempest<hex:FF0B>in Tempest<hex:FF08>Tempest<hex:03>",0,0,4
2959,"Der Geheime Garten",0,"",0,0,1,0,0,"<hex:020943E802FF17>in den Geheimen Garten<hex:FF13>im Geheimen Garten<hex:FF13>der Geheime Garten<hex:03>",0,0,0
2960,"Wanderwald",0,"",0,0,1,0,0,"<hex:020935E802FF12>in den Wanderwald<hex:FF0E>im Wanderwald<hex:FF0F>der Wanderwald<hex:03>",0,0,0
2961,"Dohn Toch",0,"",0,0,1,0,0,"<hex:02092CE802FF0F>nach Dohn Toch<hex:FF0D>in Dohn Toch<hex:FF0A>Dohn Toch<hex:03>",0,0,0
2962,"Dohn Lran",0,"",0,0,1,0,0,"<hex:02092CE802FF0F>nach Dohn Iran<hex:FF0D>in Dohn Iran<hex:FF0A>Dohn Iran<hex:03>",0,0,0
2963,"Teag Gye",0,"",0,0,1,0,0,"<hex:020929E802FF0E>nach Teag Gye<hex:FF0C>in Teag Gye<hex:FF09>Teag Gye<hex:03>",0,0,0
2964,"Die Knorrige Eiche",0,"",0,0,1,0,0,"<hex:020944E802FF14>zur Knorrigen Eiche<hex:FF17>an der Knorrigen Eiche<hex:FF13>die Knorrige Eiche<hex:03>",0,0,0
2965,"Bad der Fuath",0,"",0,0,1,0,0,"<hex:02093BE802FF12>ins Bad der Fuath<hex:FF11>im Bad der Fuath<hex:FF12>das Bad der Fuath<hex:03>",0,0,0
2966,"Griaules Revier",0,"",0,0,1,0,0,"<hex:02094AE802FF13>in Griaules Revier<hex:FF13>in Griaules Revier<hex:FF1E>der Zugang zu Griaules Revier<hex:03>",0,0,0
2967,"Halle der Stillen Wasser",0,"",0,0,1,0,0,"<hex:020963E802FF20>in die Halle der Stillen Wasser<hex:FF20>in der Halle der Stillen Wasser<hex:FF1D>die Halle der Stillen Wasser<hex:03>",0,0,0
2968,"Kronsaal",0,"",0,0,1,0,0,"<hex:02092FE802FF10>in den Kronsaal<hex:FF0C>im Kronsaal<hex:FF0D>der Kronsaal<hex:03>",0,0,0
2969,"Aufgang",0,"",0,0,1,0,0,"",0,0,0
2970,"Topologie",0,"",0,0,1,0,0,"",0,0,0
2971,"Abteilung Umfunktionierung",0,"",0,0,1,0,0,"",0,0,0
2972,"Zerstörtes Möbiusband",0,"",0,0,1,0,0,"",0,0,0
2973,"Dimensionstunneler",0,"",0,0,1,0,0,"",0,0,0
2974,"Annäherung",0,"",0,0,1,0,0,"",0,0,0
2975,"Umrüstanlage",0,"",0,0,1,0,0,"<hex:020942E802FF15>in die Umrüstanlage<hex:FF15>in der Umrüstanlage<hex:FF12>die Umrüstanlage<hex:03>",0,0,0
2976,"Ätherobservationsdeck",0,"",0,0,1,0,0,"<hex:02095FE802FF1F>auf das Ätherobservationsdeck<hex:FF1F>auf dem Ätherobservationsdeck<hex:FF1B>das Ätherobservationsdeck<hex:03>",0,0,0
2977,"Ätherbrennofen",0,"",0,0,1,0,0,"",0,0,0
2978,"Schnittstelle",0,"",0,0,1,0,0,"<hex:020942E802FF15>in die Schnittstelle<hex:FF15>in der Schnittstelle<hex:FF12>die Schnittstelle<hex:03>",0,0,0
2979,"Dohn Mheg",0,"",0,0,1,0,0,"<hex:02092CE802FF0F>nach Dohn Mheg<hex:FF0D>in Dohn Mheg<hex:FF0A>Dohn Mheg<hex:03>",0,0,0
2980,"Lran Mheg",0,"",0,0,1,0,0,"<hex:02092CE802FF0F>nach Lran Mheg<hex:FF0D>in Lran Mheg<hex:FF0A>Lran Mheg<hex:03>",0,0,0
2981,"Dohn Lran",0,"",0,0,1,0,0,"<hex:02092CE802FF0F>nach Dohn Lran<hex:FF0D>in Dohn Lran<hex:FF0A>Dohn Lran<hex:03>",0,0,0
2982,"Kristallzwilling",0,"",0,0,1,0,0,"<hex:020947E802FF18>in den Kristallzwilling<hex:FF14>im Kristallzwilling<hex:FF15>der Kristallzwilling<hex:03>",0,0,0
2983,"Mannigfaltigkeit U1",0,"",0,0,1,0,0,"",0,0,0
2984,"Mannigfaltigkeit U2",0,"",0,0,1,0,0,"",0,0,0
2985,"Amaurot",0,"",0,0,1,0,0,"<hex:020926E802FF0D>nach Amaurot<hex:FF0B>in Amaurot<hex:FF08>Amaurot<hex:03>",0,0,0
2986,"Schwindende Stadt",0,"",0,0,1,0,0,"<hex:02094FE802FF19>in die Schwindende Stadt<hex:FF1A>in der Schwindenden Stadt<hex:FF16>die Schwindende Stadt<hex:03>",0,0,0
2987,"Schwindender Planet",0,"",0,0,1,0,0,"<hex:020955E802FF1A>zum Schwindenden Planeten<hex:FF1E>auf dem Schwindenden Planeten<hex:FF17>der Schwindende Planet<hex:03>",0,0,0
2988,"Die Kräfte der Schöpfung gebaren absurde Kreaturen",0,"",0,0,1,0,0,"",0,0,0
2989,"Sie hinterließen nichts als Blut und Asche",0,"",0,0,1,0,0,"",0,0,0
2990,"Dies war das erste Unheil, das uns heimsuchte",0,"",0,0,1,0,0,"",0,0,0
2991,"Doch es sollte nicht das letzte sein",0,"",0,0,1,0,0,"",0,0,0
2992,"Die Sonne senkte sich und brachte die Kontinente zum Glühen",0,"",0,0,1,0,0,"",0,0,0
2993,"Dies war das zweite Unheil, und es brach unseren Willen",0,"",0,0,1,0,0,"",0,0,0
2994,"Doch es waren unsere Sünden, die sich emportürmten",0,"",0,0,1,0,0,"",0,0,0
2995,"Sie verdarben den Himmel und ließen ihn niederstürzen",0,"",0,0,1,0,0,"",0,0,0
2996,"Dies war das dritte Unheil, das uns auslöschte",0,"",0,0,1,0,0,"",0,0,0
2997,"Gulg",0,"",0,0,1,0,0,"<hex:020929E802FF0D>auf den Gulg<hex:FF0D>auf dem Gulg<hex:FF09>der Gulg<hex:03>",0,0,0
2998,"Pfad ohne Halt",0,"",0,0,1,0,0,"<hex:020943E802FF13>zum Pfad ohne Halt<hex:FF17>auf dem Pfad ohne Halt<hex:FF13>der Pfad ohne Halt<hex:03>",0,0,0
2999,"Die Weiße Pforte",0,"",0,0,1,0,0,"<hex:02094DE802FF13>zur Weißen Pforte<hex:FF16>an der Weißen Pforte<hex:FF1E>der Zugang zur Weißen Pforte<hex:03>",0,0,0
3000,"Die Strahlenden Stufen",0,"",0,0,1,0,0,"<hex:020960E802FF1A>zu den Strahlenden Stufen<hex:FF1B>vor den Strahlenden Stufen<hex:FF25>der Zugang zu den Strahlenden Stufen<hex:03>",0,0,0
3001,"Rücken des Talos",0,"",0,0,1,0,0,"<hex:020950E802FF1A>auf den Rücken des Talos<hex:FF1A>auf dem Rücken des Talos<hex:FF16>der Rücken des Talos<hex:03>",0,0,0
3002,"Arm des Talos",0,"",0,0,1,0,0,"<hex:020944E802FF16>auf den Arm des Talos<hex:FF16>auf dem Arm des Talos<hex:FF12>der Arm des Talos<hex:03>",0,0,0
3003,"Pfad ohne Schatten",0,"",0,0,1,0,0,"<hex:02094FE802FF17>zum Pfad ohne Schatten<hex:FF1B>auf dem Pfad ohne Schatten<hex:FF17>der Pfad ohne Schatten<hex:03>",0,0,0
3004,"Pfad ohne Ziel",0,"",0,0,1,0,0,"<hex:020943E802FF13>zum Pfad ohne Ziel<hex:FF17>auf dem Pfad ohne Ziel<hex:FF13>der Pfad ohne Ziel<hex:03>",0,0,0
3005,"Bergpfad",0,"",0,0,1,0,0,"",0,0,0
3006,"Perlmuttweg",0,"",0,0,1,0,0,"",0,0,0
3007,"Akadaemia Anyder",0,"",0,0,1,0,0,"<hex:020948E802FF15>zur Akadaemia Anyder<hex:FF18>in der Akadaemia Anyder<hex:FF15>die Akadaemia Anyder<hex:03>",0,0,0
3008,"Ichthyologie",0,"",0,0,1,0,0,"<hex:02093CE802FF11>zur Ichthyologie<hex:FF14>in der Ichthyologie<hex:FF11>die Ichthyologie<hex:03>",0,0,0
3009,"Phytobiologie",0,"",0,0,1,0,0,"<hex:02093FE802FF12>zur Phytobiologie<hex:FF15>in der Phytobiologie<hex:FF12>die Phytobiologie<hex:03>",0,0,0
3010,"Phantomologie",0,"",0,0,1,0,0,"<hex:02093FE802FF12>zur Phantomologie<hex:FF15>in der Phantomologie<hex:FF12>die Phantomologie<hex:03>",0,0,0
3011,"Haupttor",0,"",0,0,1,0,0,"<hex:02092CE802FF0D>zum Haupttor<hex:FF0C>am Haupttor<hex:FF0D>das Haupttor<hex:03>",0,0,0
3012,"Mitrons Worte",0,"",0,0,1,0,0,"<hex:020939E802FF12>zu Mitrons Worten<hex:FF13>bei Mitrons Worten<hex:FF0E>Mitrons Worte<hex:03>",0,0,0
3013,"Halmarults Worte",0,"",0,0,1,0,0,"<hex:020942E802FF15>zu Halmarults Worten<hex:FF16>bei Halmarults Worten<hex:FF11>Halmarults Worte<hex:03>",0,0,0
3014,"Lahabreas Worte",0,"",0,0,1,0,0,"<hex:02093FE802FF14>zu Lahabreas Worten<hex:FF15>bei Lahabreas Worten<hex:FF10>Lahabreas Worte<hex:03>",0,0,0
3015,"Die Hallen",0,"",0,0,1,0,0,"<hex:02092DE802FF0E>in die Hallen<hex:FF0E>in den Hallen<hex:FF0B>die Hallen<hex:03>",0,0,0
3016,"Das Dach",0,"",0,0,1,0,0,"<hex:020929E802FF0D>auf das Dach<hex:FF0D>auf dem Dach<hex:FF09>das Dach<hex:03>",0,0,0
3017,"Geschlossene Raumzeit",0,"",0,0,1,0,0,"<hex:02095BE802FF1D>in die geschlossene Raumzeit<hex:FF1E>in der geschlossenen Raumzeit<hex:FF1A>die geschlossene Raumzeit<hex:03>",0,0,0
3018,"Irrungen der Qitari",0,"",0,0,1,0,0,"<hex:020954E802FF1B>in die Irrungen der Qitari<hex:FF1B>in den Irrungen der Qitari<hex:FF18>die Irrungen der Qitari<hex:03>",0,0,0
3019,"Frage des Gewissens",0,"",0,0,1,0,0,"<hex:02095CE802FF18>zur Frage des Gewissens<hex:FF1B>in der Frage des Gewissens<hex:FF23>der Zugang zur Frage des Gewissens<hex:03>",0,0,0
3020,"Götterpforte",0,"",0,0,1,0,0,"<hex:02094AE802FF12>zur Götterpforte<hex:FF15>an der Götterpforte<hex:FF1D>der Zugang zur Götterpforte<hex:03>",0,0,0
3021,"Yx'Lokwas Abendruh",0,"",0,0,1,0,0,"<hex:020955E802FF16>zu Yx'Lokwas Abendruh<hex:FF17>in Yx/'Lokwas Abendruh<hex:FF22>der Zugang zu Yx/'Lokwas Abendruh<hex:03>",0,0,0
3022,"Tränen der Götter",0,"",0,0,1,0,0,"<hex:020962E802FF1B>zu den Tränen der Götter<hex:FF1B>in den Tränen der Götter<hex:FF26>der Zugang zu den Tränen der Götter<hex:03>",0,0,0
3023,"Bildnishalle",0,"",0,0,1,0,0,"<hex:02094AE802FF14>in die Bildnishalle<hex:FF14>in der Bildnishalle<hex:FF1C>der Zugang zur Bildnishalle<hex:03>",0,0,0
3024,"Ox'Charls Sprung",0,"",0,0,1,0,0,"<hex:02094EE802FF14>zu Ox'Charls Sprung<hex:FF15>auf Ox'Charls Sprung<hex:FF1F>der Zugang zu Ox'Charls Sprung<hex:03>",0,0,0
3025,"Rak'tika-Fälle",0,"",0,0,1,0,0,"<hex:020959E802FF18>zu den Rak'tika-Fällen<hex:FF18>an den Rak'tika-Fällen<hex:FF23>der Zugang zu den Rak'tika-Fällen<hex:03>",0,0,0
3026,"Altar des Ox'Gatorl",0,"",0,0,1,0,0,"<hex:020958E802FF18>zum Altar des Ox'Gatorl<hex:FF17>am Altar des Ox'Gatorl<hex:FF23>der Zugang zum Altar des Ox'Gatorl<hex:03>",0,0,0
3027,"Altar der Lügen",0,"",0,0,1,0,0,"<hex:02094FE802FF15>zum Altar der Lügen<hex:FF14>am Altar der Lügen<hex:FF20>der Zugang zum Altar der Lügen<hex:03>",0,0,0
3028,"Malikahs Brunnen",0,"",0,0,1,0,0,"<hex:02093FE802FF14>in Malikahs Brunnen<hex:FF14>in Malikahs Brunnen<hex:FF11>Malikahs Brunnen<hex:03>",0,0,0
3029,"Drehscheibe",0,"",0,0,1,0,0,"<hex:020945E802FF10>zur Drehscheibe<hex:FF14>auf der Drehscheibe<hex:FF1B>der Zugang zur Drehscheibe<hex:03>",0,0,0
3030,"Malikahs Quelle",0,"",0,0,1,0,0,"<hex:02093CE802FF13>in Malikahs Quelle<hex:FF13>in Malikahs Quelle<hex:FF10>Malikahs Quelle<hex:03>",0,0,0
3031,"Residenz der Großherzigkeit",0,"",0,0,1,0,0,"<hex:02096FE802FF24>in die Residenz der Großherzigkeit<hex:FF24>in der Residenz der Großherzigkeit<hex:FF21>die Residenz der Großherzigkeit<hex:03>",0,0,0
3032,"Die Roten Wände",0,"",0,0,1,0,0,"<hex:020942E802FF15>zu den Roten Wänden<hex:FF16>bei den Roten Wänden<hex:FF11>die Roten Wände<hex:03>",0,0,0
3033,"Der Grüne Pfad",0,"",0,0,1,0,0,"<hex:02093CE802FF11>zum Grünen Pfad<hex:FF15>auf dem Grünen Pfad<hex:FF10>der Grüne Pfad<hex:03>",0,0,0
3034,"Die Blaue Ader",0,"",0,0,1,0,0,"<hex:020938E802FF10>zur Blauen Ader<hex:FF13>an der Blauen Ader<hex:FF0F>die Blaue Ader<hex:03>",0,0,0
3035,"Die Bleiche Grotte",0,"",0,0,1,0,0,"<hex:020947E802FF17>zu der Bleichen Grotte<hex:FF17>in der Bleichen Grotte<hex:FF13>die Bleiche Grotte<hex:03>",0,0,0
3036,"Wald des Verirrten Hirten",0,"",0,0,1,0,0,"<hex:020962E802FF21>in den Wald des Verirrten Hirten<hex:FF1D>im Wald des Verirrten Hirten<hex:FF1E>der Wald des Verirrten Hirten<hex:03>",0,1201,0
3037,"Tor des Exarchen",0,"",0,0,1,0,0,"<hex:020944E802FF15>zum Tor des Exarchen<hex:FF14>am Tor des Exarchen<hex:FF15>das Tor des Exarchen<hex:03>",0,1202,0
3038,"Die Verwitterten Lande",0,"",0,0,1,0,0,"<hex:020953E802FF1B>zu den Verwitterten Landen<hex:FF1B>in den Verwitterten Landen<hex:FF17>die Verwitterten Lande<hex:03>",0,1203,0
3039,"Quellsee",0,"",0,0,1,0,0,"<hex:02092CE802FF0D>zum Quellsee<hex:FF0C>am Quellsee<hex:FF0D>der Quellsee<hex:03>",0,1204,0
3040,"Schießscharte",0,"",0,0,1,0,0,"<hex:020942E802FF13>zur Schießscharte<hex:FF16>an der Schießscharte<hex:FF13>die Schießscharte<hex:03>",0,1205,0
3041,"Tor der Getreuen",0,"",0,0,1,0,0,"<hex:020944E802FF15>zum Tor der Getreuen<hex:FF14>am Tor der Getreuen<hex:FF15>das Tor der Getreuen<hex:03>",0,1206,0
3042,"Gürtelweg",0,"",0,0,1,0,0,"<hex:020932E802FF0F>zum Gürtelweg<hex:FF0E>am Gürtelweg<hex:FF0F>der Gürtelweg<hex:03>",0,1207,0
3043,"Tausendgipfel",0,"",0,0,1,0,0,"<hex:020939E802FF13>nach Tausendgipfel<hex:FF12>in Tausendgipfeln<hex:FF0E>Tausendgipfel<hex:03>",0,1208,0
3044,"Jobb-Feste",0,"",0,0,1,0,0,"<hex:020936E802FF0F>zur Jobb-Feste<hex:FF12>in der Jobb-Feste<hex:FF0F>die Jobb-Feste<hex:03>",0,1209,0
3045,"Kirche des Strahlenden Lichts",0,"",0,0,1,0,0,"<hex:02096FE802FF22>zur Kirche des Strahlenden Lichts<hex:FF25>in der Kirche des Strahlenden Lichts<hex:FF22>die Kirche des Strahlenden Lichts<hex:03>",0,1210,0
3046,"Felsbrücken",0,"",0,0,1,0,0,"<hex:020935E802FF12>nach Felsbrücken<hex:FF10>in Felsbrücken<hex:FF0D>Felsbrücken<hex:03>",0,1211,0
3047,"Radiscas Rundturm",0,"",0,0,1,0,0,"<hex:020942E802FF15>zu Radiscas Rundturm<hex:FF15>an Radiscas Rundturm<hex:FF12>Radiscas Rundturm<hex:03>",0,1212,0
3048,"Alter Trutzwall",0,"",0,0,1,0,0,"<hex:020940E802FF14>zum Alten Trutzwall<hex:FF13>am Alten Trutzwall<hex:FF13>der Alte Trutzwall<hex:03>",0,1213,0
3049,"Nördlicher Sammelpunkt",0,"",0,0,1,0,0,"<hex:020958E802FF1C>zum Nördlichen Sammelpunkt<hex:FF1B>am Nördlichen Sammelpunkt<hex:FF1B>der Nördliche Sammelpunkt<hex:03>",0,1214,0
3050,"Holminster",0,"",0,0,1,0,0,"<hex:02092FE802FF10>nach Holminster<hex:FF0E>in Holminster<hex:FF0B>Holminster<hex:03>",0,1215,0
3051,"Klarschmelze",0,"",0,0,1,0,0,"<hex:02093CE802FF11>zur Klarschmelze<hex:FF14>an der Klarschmelze<hex:FF11>die Klarschmelze<hex:03>",0,1216,0
3052,"Unbeflecknis",0,"",0,0,1,0,0,"<hex:02093CE802FF11>zur Unbeflecknis<hex:FF14>an der Unbeflecknis<hex:FF11>die Unbeflecknis<hex:03>",0,1217,0
3053,"Burg Selard",0,"",0,0,1,0,0,"<hex:020934E802FF0F>zu Burg Selard<hex:FF0F>in Burg Selard<hex:FF10>die Burg Selard<hex:03>",0,1218,0
3054,"Galgenturm",0,"",0,0,1,0,0,"<hex:020932E802FF0F>zum Galgenturm<hex:FF0E>am Galgenturm<hex:FF0F>der Galgenturm<hex:03>",0,1219,0
3055,"Halle der Dreifachen Wiederkunft",0,"",0,0,1,0,0,"<hex:020978E802FF25>zur Halle der Dreifachen Wiederkunft<hex:FF28>in der Halle der Dreifachen Wiederkunft<hex:FF25>die Halle der Dreifachen Wiederkunft<hex:03>",0,1220,0
3056,"Hasenhütte",0,"",0,0,1,0,0,"<hex:020939E802FF10>zur Hasenhütte<hex:FF13>an der Hasenhütte<hex:FF10>die Hasenhütte<hex:03>",0,1221,0
3057,"Ostalls Befehl",0,"",0,0,1,0,0,"<hex:02093BE802FF14>nach Ostalls Befehl<hex:FF12>in Ostalls Befehl<hex:FF0F>Ostalls Befehl<hex:03>",0,1222,0
3058,"Haus der Schattenwölfe",0,"",0,0,1,0,0,"<hex:020959E802FF1C>zum Haus der Schattenwölfe<hex:FF1B>im Haus der Schattenwölfe<hex:FF1C>das Haus der Schattenwölfe<hex:03>",0,1223,0
3059,"Grantel",0,"",0,0,1,0,0,"<hex:020926E802FF0D>nach Grantel<hex:FF0B>in Grantel<hex:FF08>Grantel<hex:03>",0,1224,0
3060,"Unkrauthügel",0,"",0,0,1,0,0,"<hex:020940E802FF12>zum Unkrauthügel<hex:FF16>auf dem Unkrauthügel<hex:FF12>der Unkrauthügel<hex:03>",0,1225,0
3061,"Backsteininsel",0,"",0,0,1,0,0,"<hex:020943E802FF13>zur Backsteininsel<hex:FF17>auf der Backsteininsel<hex:FF13>die Backsteininsel<hex:03>",0,1226,0
3062,"Buckel",0,"",0,0,1,0,0,"<hex:02092BE802FF0B>zum Buckel<hex:FF0F>auf dem Buckel<hex:FF0B>der Buckel<hex:03>",0,1227,0
3063,"Brandungsfels",0,"",0,0,1,0,0,"<hex:020940E802FF12>zum Brandungsfels<hex:FF16>auf dem Brandungsfels<hex:FF12>der Brandungsfels<hex:03>",0,1228,0
3064,"Klammsohl",0,"",0,0,1,0,0,"<hex:020933E802FF0E>zur Klammsohl<hex:FF11>an der Klammsohl<hex:FF0E>die Klammsohl<hex:03>",0,1229,0
3065,"Kerkerplatte",0,"",0,0,1,0,0,"<hex:02093DE802FF11>zur Kerkerplatte<hex:FF15>auf der Kerkerplatte<hex:FF11>die Kerkerplatte<hex:03>",0,1230,0
3066,"Rostige Eisen",0,"",0,0,1,0,0,"<hex:020938E802FF13>nach Rostige Eisen<hex:FF11>in Rostige Eisen<hex:FF0E>Rostige Eisen<hex:03>",0,1231,0
3067,"Durstlose Küste",0,"",0,0,1,0,0,"<hex:02094AE802FF16>zur Durstlosen Küste<hex:FF19>an der Durstlosen Küste<hex:FF15>die Durstlose Küste<hex:03>",0,1232,0
3068,"Insel der Erkenntnis",0,"",0,0,1,0,0,"<hex:020955E802FF19>zur Insel der Erkenntnis<hex:FF1D>auf der Insel der Erkenntnis<hex:FF19>die Insel der Erkenntnis<hex:03>",0,1233,0
3069,"Nackter Fels",0,"",0,0,1,0,0,"<hex:020937E802FF11>zum Nackten Fels<hex:FF10>am Nackten Fels<hex:FF10>der Nackte Fels<hex:03>",0,1234,0
3070,"Leuchtklippe",0,"",0,0,1,0,0,"<hex:02093DE802FF11>zur Leuchtklippe<hex:FF15>auf der Leuchtklippe<hex:FF11>die Leuchtklippe<hex:03>",0,1201,0
3071,"Schattenfalte",0,"",0,0,1,0,0,"<hex:02093FE802FF12>zur Schattenfalte<hex:FF15>an der Schattenfalte<hex:FF12>die Schattenfalte<hex:03>",0,1202,0
3072,"Schotterfeld",0,"",0,0,1,0,0,"<hex:02093DE802FF11>zum Schotterfeld<hex:FF15>auf dem Schotterfeld<hex:FF11>das Schotterfeld<hex:03>",0,1203,0
3073,"Duergar-Gebirge",0,"",0,0,1,0,0,"<hex:020941E802FF14>zum Duergar-Gebirge<hex:FF13>im Duergar-Gebirge<hex:FF14>das Duergar-Gebirge<hex:03>",0,1204,0
3074,"Splittermuschelstrand",0,"",0,0,1,0,0,"<hex:020953E802FF1A>zum Splittermuschelstrand<hex:FF19>am Splittermuschelstrand<hex:FF1A>der Splittermuschelstrand<hex:03>",0,1205,0
3075,"Stillwasser",0,"",0,0,1,0,0,"<hex:020932E802FF11>nach Stillwasser<hex:FF0F>in Stillwasser<hex:FF0C>Stillwasser<hex:03>",0,1206,0
3076,"Zum Leckenden Kahn",0,"",0,0,1,0,0,"<hex:02093DE802FF13>zum Leckenden Kahn<hex:FF12>im Leckenden Kahn<hex:FF12>der Leckende Kahn<hex:03>",0,1207,0
3077,"Garten des Magistraten",0,"",0,0,1,0,0,"<hex:020956E802FF1B>zum Garten des Magistraten<hex:FF1A>im Garten des Magistraten<hex:FF1B>der Garten des Magistraten<hex:03>",0,1208,0
3078,"Weißölfälle",0,"",0,0,1,0,0,"<hex:020947E802FF17>zu den Weißölfällen<hex:FF17>an den Weißölfällen<hex:FF13>die Weißölfälle<hex:03>",0,1209,0
3079,"Greely-Stallungen",0,"",0,0,1,0,0,"<hex:02094EE802FF19>zu den Greely-Stallungen<hex:FF19>an den Greely-Stallungen<hex:FF16>die Greely-Stallungen<hex:03>",0,1210,0
3080,"Schleichweg",0,"",0,0,1,0,0,"<hex:020935E802FF10>zum Schleichweg<hex:FF0F>am Schleichweg<hex:FF10>der Schleichweg<hex:03>",0,1211,0
3081,"Südfurt",0,"",0,0,1,0,0,"<hex:02092CE802FF0D>zur Südfurt<hex:FF10>an der Südfurt<hex:FF09>Südfurt<hex:03>",0,1212,0
3082,"Greely-Brücke",0,"",0,0,1,0,0,"<hex:020942E802FF13>zur Greely-Brücke<hex:FF16>an der Greely-Brücke<hex:FF13>die Greely-Brücke<hex:03>",0,1213,0
3083,"Watts (Unterlauf)",0,"",0,0,1,0,0,"<hex:020947E802FF16>zum Watts (Unterlauf)<hex:FF15>am Watts (Unterlauf)<hex:FF16>der Watts (Unterlauf)<hex:03>",0,1214,0
3084,"Hütte des Eigenbrötlers",0,"",0,0,1,0,0,"<hex:020963E802FF1E>zur Hütte des Eigenbrötlers<hex:FF21>an der Hütte des Eigenbrötlers<hex:FF1E>die Hütte des Eigenbrötlers<hex:03>",0,1215,0
3085,"Torstadt",0,"",0,0,1,0,0,"<hex:020929E802FF0E>nach Torstadt<hex:FF0C>in Torstadt<hex:FF09>Torstadt<hex:03>",0,1216,0
3086,"Tor der Offenen Arme",0,"",0,0,1,0,0,"<hex:020950E802FF19>zum Tor der Offenen Arme<hex:FF18>am Tor der Offenen Arme<hex:FF19>das Tor der Offenen Arme<hex:03>",0,1217,0
3087,"Walfischklippe",0,"",0,0,1,0,0,"<hex:020943E802FF13>zur Walfischklippe<hex:FF17>auf der Walfischklippe<hex:FF13>die Walfischklippe<hex:03>",0,1218,0
3088,"Ambossbogen",0,"",0,0,1,0,0,"<hex:020935E802FF10>zum Ambossbogen<hex:FF0F>am Ambossbogen<hex:FF10>der Ambossbogen<hex:03>",0,1219,0
3089,"Clavis-Leuchtturm",0,"",0,0,1,0,0,"<hex:020947E802FF16>zum Clavis-Leuchtturm<hex:FF15>am Clavis-Leuchtturm<hex:FF16>der Clavis-Leuchtturm<hex:03>",0,1220,0
3090,"Meerblick",0,"",0,0,1,0,0,"<hex:02092CE802FF0F>nach Meerblick<hex:FF0D>in Meerblick<hex:FF0A>Meerblick<hex:03>",0,1221,0
3091,"Bergblick",0,"",0,0,1,0,0,"<hex:02092CE802FF0F>nach Bergblick<hex:FF0D>in Bergblick<hex:FF0A>Bergblick<hex:03>",0,1222,0
3092,"Venmont-Werft",0,"",0,0,1,0,0,"<hex:02093FE802FF12>zur Venmont-Werft<hex:FF15>in der Venmont-Werft<hex:FF12>die Venmont-Werft<hex:03>",0,1223,0
3093,"Kap Kielbruch",0,"",0,0,1,0,0,"<hex:02093BE802FF12>zum Kap Kielbruch<hex:FF11>am Kap Kielbruch<hex:FF12>das Kap Kielbruch<hex:03>",0,1224,0
3094,"Werfting",0,"",0,0,1,0,0,"<hex:020929E802FF0E>nach Werfting<hex:FF0C>in Werfting<hex:FF09>Werfting<hex:03>",0,1225,0
3095,"Wachssiegelmühlen",0,"",0,0,1,0,0,"<hex:020951E802FF1A>zu den Wachssiegelmühlen<hex:FF1A>an den Wachssiegelmühlen<hex:FF17>die Wachssiegelmühlen<hex:03>",0,1226,0
3096,"Flüsterwindbucht",0,"",0,0,1,0,0,"<hex:02094BE802FF16>zur Flüsterwindbucht<hex:FF19>an der Flüsterwindbucht<hex:FF16>die Flüsterwindbucht<hex:03>",0,1227,0
3097,"Unterste Sprosse",0,"",0,0,1,0,0,"<hex:02094AE802FF16>zur Untersten Sprosse<hex:FF19>an der Untersten Sprosse<hex:FF15>die Unterste Sprosse<hex:03>",0,1228,0
3098,"Die Leiter",0,"",0,0,1,0,0,"<hex:02092AE802FF0B>zur Leiter<hex:FF0E>an der Leiter<hex:FF0B>die Leiter<hex:03>",0,1229,0
3099,"Barrow",0,"",0,0,1,0,0,"<hex:020923E802FF0C>nach Barrow<hex:FF0A>in Barrow<hex:FF07>Barrow<hex:03>",0,1230,0
3100,"Zungenbrennerteich",0,"",0,0,1,0,0,"<hex:02094AE802FF17>zum Zungenbrennerteich<hex:FF16>am Zungenbrennerteich<hex:FF17>der Zungenbrennerteich<hex:03>",0,1231,0
3101,"Spielplatz der Schwestern",0,"",0,0,1,0,0,"<hex:020964E802FF1E>zum Spielplatz der Schwestern<hex:FF22>auf dem Spielplatz der Schwestern<hex:FF1E>der Spielplatz der Schwestern<hex:03>",0,1232,0
3102,"Oberste Sprosse",0,"",0,0,1,0,0,"<hex:020947E802FF15>zur Obersten Sprosse<hex:FF18>an der Obersten Sprosse<hex:FF14>die Oberste Sprosse<hex:03>",0,1233,0
3103,"Eintracht",0,"",0,0,1,0,0,"<hex:02092CE802FF0F>nach Eintracht<hex:FF0D>in Eintracht<hex:FF0A>Eintracht<hex:03>",0,1234,0
3104,"Schacht 8",0,"",0,0,1,0,0,"<hex:02092AE802FF0D>zu Schacht 8<hex:FF0D>an Schacht 8<hex:FF0A>Schacht 8<hex:03>",0,1235,0
3105,"Tomra",0,"",0,0,1,0,0,"<hex:020920E802FF0B>nach Tomra<hex:FF09>in Tomra<hex:FF06>Tomra<hex:03>",0,1236,0
3106,"Schnellweg",0,"",0,0,1,0,0,"<hex:020932E802FF0F>zum Schnellweg<hex:FF0E>am Schnellweg<hex:FF0F>der Schnellweg<hex:03>",0,1237,0
3107,"Südliche Bernsteinhügel",0,"",0,0,1,0,0,"<hex:02096BE802FF23>zu den Südlichen Bernsteinhügeln<hex:FF23>in den Südlichen Bernsteinhügeln<hex:FF1F>die Südlichen Bernsteinhügel<hex:03>",0,1233,0
3108,"Watts (Oberlauf)",0,"",0,0,1,0,0,"<hex:020944E802FF15>zum Watts (Oberlauf)<hex:FF14>am Watts (Oberlauf)<hex:FF15>der Watts (Oberlauf)<hex:03>",0,1238,0
3109,"Euleneintopf-Brücke",0,"",0,0,1,0,0,"<hex:020954E802FF19>zur Euleneintopf-Brücke<hex:FF1C>an der Euleneintopf-Brücke<hex:FF19>die Euleneintopf-Brücke<hex:03>",0,1239,0
3110,"Rußfängerbrücke",0,"",0,0,1,0,0,"<hex:02094EE802FF17>zur Rußfängerbrücke<hex:FF1A>an der Rußfängerbrücke<hex:FF17>die Rußfängerbrücke<hex:03>",0,1240,0
3111,"Komra",0,"",0,0,1,0,0,"<hex:020920E802FF0B>nach Komra<hex:FF09>in Komra<hex:FF06>Komra<hex:03>",0,1241,0
3112,"Duergars Schlot",0,"",0,0,1,0,0,"<hex:02093CE802FF13>zu Duergars Schlot<hex:FF13>an Duergars Schlot<hex:FF10>Duergars Schlot<hex:03>",0,1242,0
3113,"Zwergenhöhle",0,"",0,0,1,0,0,"<hex:02093FE802FF12>zur Zwergenhöhle<hex:FF15>in der Zwergenhöhle<hex:FF12>die Zwergenhöhle<hex:03>",0,1243,0
3114,"Qasr Sharl",0,"",0,0,1,0,0,"<hex:02092FE802FF10>nach Qasr Sharl<hex:FF0E>in Qasr Sharl<hex:FF0B>Qasr Sharl<hex:03>",0,1201,0
3115,"Bernsteinfelder",0,"",0,0,1,0,0,"<hex:02094AE802FF18>zu den Bernsteinfeldern<hex:FF18>in den Bernsteinfeldern<hex:FF14>die Bernsteinfelder<hex:03>",0,1202,0
3116,"Nördliche Bernsteinhügel",0,"",0,0,1,0,0,"<hex:02096EE802FF24>zu den Nördlichen Bernsteinhügeln<hex:FF24>in den Nördlichen Bernsteinhügeln<hex:FF20>die Nördlichen Bernsteinhügel<hex:03>",0,1203,0
3117,"Mittlere Bernsteinhügel",0,"",0,0,1,0,0,"<hex:020968E802FF22>zu den Mittleren Bernsteinhügeln<hex:FF22>in den Mittleren Bernsteinhügeln<hex:FF1E>die Mittleren Bernsteinhügel<hex:03>",0,1204,0
3118,"Nabaath Areng",0,"",0,0,1,0,0,"<hex:020938E802FF13>nach Nabaath Areng<hex:FF11>in Nabaath Areng<hex:FF0E>Nabaath Areng<hex:03>",0,1205,0
3119,"Roter Karawanenhof",0,"",0,0,1,0,0,"<hex:020949E802FF17>zum Roten Karawanenhof<hex:FF16>im Roten Karawanenhof<hex:FF16>der Rote Karawanenhof<hex:03>",0,1206,0
3120,"Fluss aus Sand",0,"",0,0,1,0,0,"<hex:02093EE802FF13>zum Fluss aus Sand<hex:FF12>am Fluss aus Sand<hex:FF13>der Fluss aus Sand<hex:03>",0,1207,0
3121,"Samiels Rest",0,"",0,0,1,0,0,"<hex:020934E802FF10>zu Samiels Rest<hex:FF11>bei Samiels Rest<hex:FF0D>Samiels Rest<hex:03>",0,1208,0
3122,"Mordh Souq",0,"",0,0,1,0,0,"<hex:02092FE802FF10>nach Mordh Souq<hex:FF0E>in Mordh Souq<hex:FF0B>Mordh Souq<hex:03>",0,1209,0
3123,"Hutständer",0,"",0,0,1,0,0,"<hex:020935E802FF10>zum Hutständer<hex:FF0F>am Hutständer<hex:FF10>der Hutständer<hex:03>",0,1210,0
3124,"Reibehandmühle",0,"",0,0,1,0,0,"<hex:020945E802FF14>zur Reibehandmühle<hex:FF17>an der Reibehandmühle<hex:FF14>die Reibehandmühle<hex:03>",0,1211,0
3125,"Trampelfußmühle",0,"",0,0,1,0,0,"<hex:02094BE802FF16>zur Trampelfußmühle<hex:FF19>an der Trampelfußmühle<hex:FF16>die Trampelfußmühle<hex:03>",0,1212,0
3126,"Juckauge",0,"",0,0,1,0,0,"<hex:02092CE802FF0D>zum Juckauge<hex:FF0C>am Juckauge<hex:FF0D>das Juckauge<hex:03>",0,1213,0
3127,"Zwicknase",0,"",0,0,1,0,0,"<hex:020933E802FF0E>zur Zwicknase<hex:FF11>an der Zwicknase<hex:FF0E>die Zwicknase<hex:03>",0,1214,0
3128,"Kratzbart",0,"",0,0,1,0,0,"<hex:02092FE802FF0E>zum Kratzbart<hex:FF0D>am Kratzbart<hex:FF0E>der Kratzbart<hex:03>",0,1215,0
3129,"Ruhstatt vor der Langen Reise",0,"",0,0,1,0,0,"<hex:02096FE802FF22>zur Ruhstatt vor der Langen Reise<hex:FF25>in der Ruhstatt vor der Langen Reise<hex:FF22>die Ruhstatt vor der Langen Reise<hex:03>",0,1216,0
3130,"Ausguck",0,"",0,0,1,0,0,"<hex:02092EE802FF0C>zum Ausguck<hex:FF10>auf dem Ausguck<hex:FF0C>der Ausguck<hex:03>",0,1217,0
3131,"Kluft von Nabaath",0,"",0,0,1,0,0,"<hex:02094BE802FF16>zur Kluft von Nabaath<hex:FF19>an der Kluft von Nabaath<hex:FF16>die Kluft von Nabaath<hex:03>",0,1218,0
3132,"Biran-Mine",0,"",0,0,1,0,0,"<hex:020936E802FF0F>zur Biran-Mine<hex:FF12>in die Biran-Mine<hex:FF0F>die Biran-Mine<hex:03>",0,1219,0
3133,"Garik",0,"",0,0,1,0,0,"<hex:020920E802FF0B>nach Garik<hex:FF09>in Garik<hex:FF06>Garik<hex:03>",0,1220,0
3134,"Struwwelschwanz",0,"",0,0,1,0,0,"<hex:020941E802FF14>zum Struwwelschwanz<hex:FF13>am Struwwelschwanz<hex:FF14>der Struwwelschwanz<hex:03>",0,1221,0
3135,"Pfotenschlag",0,"",0,0,1,0,0,"<hex:020935E802FF12>nach Pfotenschlag<hex:FF10>in Pfotenschlag<hex:FF0D>Pfotenschlag<hex:03>",0,1222,0
3136,"Kelk",0,"",0,0,1,0,0,"<hex:02091DE802FF0A>nach Kelk<hex:FF08>in Kelk<hex:FF05>Kelk<hex:03>",0,1223,0
3137,"Gondelturm",0,"",0,0,1,0,0,"<hex:020932E802FF0F>zum Gondelturm<hex:FF0E>am Gondelturm<hex:FF0F>der Gondelturm<hex:03>",0,1224,0
3138,"Nuvys Grube",0,"",0,0,1,0,0,"<hex:020930E802FF0F>zu Nuvys Grube<hex:FF0F>in Nuvys Grube<hex:FF0C>Nuvys Grube<hex:03>",0,1225,0
3139,"Malikahs Brunnen",0,"",0,0,1,0,0,"<hex:02093FE802FF14>zu Malikahs Brunnen<hex:FF14>in Malikahs Brunnen<hex:FF11>Malikahs Brunnen<hex:03>",0,1226,0
3140,"Der Nasse Bahnhof",0,"",0,0,1,0,0,"<hex:02093DE802FF13>zum Nassen Bahnhof<hex:FF12>am Nassen Bahnhof<hex:FF12>der Nasse Bahnhof<hex:03>",0,1227,0
3141,"Gondelturm",0,"",0,0,1,0,0,"<hex:020932E802FF0F>zum Gondelturm<hex:FF0E>am Gondelturm<hex:FF0F>der Gondelturm<hex:03>",0,1228,0
3142,"Palast von Amh Malik",0,"",0,0,1,0,0,"<hex:020950E802FF19>zum Palast von Amh Malik<hex:FF18>im Palast von Amh Malik<hex:FF19>der Palast von Amh Malik<hex:03>",0,1229,0
3143,"Die Große Leere",0,"",0,0,1,0,0,"<hex:02093FE802FF12>zur Großen Leere<hex:FF15>an der Großen Leere<hex:FF12>die Großen Leere<hex:03>",0,1230,0
3144,"Timh Gyeus",0,"",0,0,1,0,0,"<hex:02092FE802FF10>nach Timh Gyeus<hex:FF0E>in Timh Gyeus<hex:FF0B>Timh Gyeus<hex:03>",0,1201,0
3145,"Großes Spiegelchen",0,"",0,0,1,0,0,"<hex:02094CE802FF18>zum Großen Spiegelchen<hex:FF17>am Großen Spiegelchen<hex:FF17>das Große Spiegelchen<hex:03>",0,1202,0
3146,"Voeburtenburg",0,"",0,0,1,0,0,"<hex:02093FE802FF12>zur Voeburtenburg<hex:FF15>in der Voeburtenburg<hex:FF12>die Voeburtenburg<hex:03>",0,1203,0
3147,"Lydha Lran",0,"",0,0,1,0,0,"<hex:02092FE802FF10>nach Lydha Lran<hex:FF0E>in Lydha Lran<hex:FF0B>Lydha Lran<hex:03>",0,1204,0
3148,"Phisor Lran",0,"",0,0,1,0,0,"<hex:020932E802FF11>nach Phisor Lran<hex:FF0F>in Phisor Lran<hex:FF0C>Phisor Lran<hex:03>",0,1205,0
3149,"Dohn Mheg",0,"",0,0,1,0,0,"<hex:02092CE802FF0F>nach Dohn Mheg<hex:FF0D>in Dohn Mheg<hex:FF0A>Dohn Mheg<hex:03>",0,1206,0
3150,"Lehnsgut des Gelehrten",0,"",0,0,1,0,0,"<hex:02095BE802FF1B>zum Lehnsgut des Gelehrten<hex:FF1F>auf dem Lehnsgut des Gelehrten<hex:FF1B>das Lehnsgut des Gelehrten<hex:03>",0,1207,0
3151,"Spiegelchen",0,"",0,0,1,0,0,"<hex:020935E802FF10>zum Spiegelchen<hex:FF0F>am Spiegelchen<hex:FF10>das Spiegelchen<hex:03>",0,1208,0
3152,"Thysm Lran",0,"",0,0,1,0,0,"<hex:02092FE802FF10>nach Thysm Lran<hex:FF0E>in Thysm Lran<hex:FF0B>Thysm Lran<hex:03>",0,1209,0
3153,"Haus des Strahlenden Lichts",0,"",0,0,1,0,0,"<hex:020965E802FF20>zum Haus des Strahlenden Lichts<hex:FF1F>am Haus des Strahlenden Lichts<hex:FF20>das Haus des Strahlenden Lichts<hex:03>",0,1210,0
3154,"Stadt am Grund",0,"",0,0,1,0,0,"<hex:020942E802FF13>zur Stadt am Grund<hex:FF16>in der Stadt am Grund<hex:FF13>die Stadt am Grund<hex:03>",0,1211,0
3155,"Jenannas Glanz",0,"",0,0,1,0,0,"<hex:02093AE802FF12>zu Jenannas Glanz<hex:FF13>bei Jenannas Glanz<hex:FF0F>Jenannas Glanz<hex:03>",0,1212,0
3156,"Pla Enni",0,"",0,0,1,0,0,"<hex:020929E802FF0E>nach Pla Enni<hex:FF0C>in Pla Enni<hex:FF09>Pla Enni<hex:03>",0,1213,0
3157,"Wolekdorf",0,"",0,0,1,0,0,"<hex:02092CE802FF0F>nach Wolekdorf<hex:FF0D>in Wolekdorf<hex:FF0A>Wolekdorf<hex:03>",0,1214,0
3158,"Sechslingssyrte",0,"",0,0,1,0,0,"<hex:020948E802FF15>zur Sechslingssysrte<hex:FF18>in der Sechslingssysrte<hex:FF15>die Sechslingssysrte<hex:03>",0,1215,0
3159,"Wallfahrtskirche von Dammroen",0,"",0,0,1,0,0,"<hex:02096FE802FF22>zur Wallfahrtskirche von Dammroen<hex:FF25>in der Wallfahrtskirche von Dammroen<hex:FF22>die Wallfahrtskirche von Dammroen<hex:03>",0,1216,0
3160,"Collards Kammer",0,"",0,0,1,0,0,"<hex:02093CE802FF13>zu Collards Kammer<hex:FF13>in Collards Kammer<hex:FF10>Collards Kammer<hex:03>",0,1217,0
3161,"Tempel des Heiligen Fathric",0,"",0,0,1,0,0,"<hex:020965E802FF20>zum Tempel des Heiligen Fathric<hex:FF1F>im Tempel des Heiligen Fathric<hex:FF20>der Tempel des Heiligen Fathric<hex:03>",0,1218,0
3162,"Andens Schäferhütte",0,"",0,0,1,0,0,"<hex:02094EE802FF19>zu Andens Schäferhütte<hex:FF19>in Andens Schäferhütte<hex:FF16>Andens Schäferhütte<hex:03>",0,1219,0
3163,"Earra-Aufweg",0,"",0,0,1,0,0,"<hex:020938E802FF11>zum Earra-Aufweg<hex:FF10>am Earra-Aufweg<hex:FF11>der Earra-Aufweg<hex:03>",0,1220,0
3164,"Schloss Lyhe Ghiah",0,"",0,0,1,0,0,"<hex:020946E802FF16>zu Schloss Lyhe Ghiah<hex:FF17>bei Schloss Lyhe Ghiah<hex:FF13>Schloss Lyhe Ghiah<hex:03>",0,1221,0
3165,"Citia-Sumpfland",0,"",0,0,1,0,0,"<hex:020941E802FF14>zum Citia-Sumpfland<hex:FF13>im Citia-Sumpfland<hex:FF14>das Citia-Sumpfland<hex:03>",0,1201,0
3166,"Schlangensee Tusi Mek'ta",0,"",0,0,1,0,0,"<hex:02095CE802FF1D>zum Schlangensee Tusi Mek'ta<hex:FF1C>am Schlangensee Tusi Mek'ta<hex:FF1D>der Schlangensee Tusi Mek'ta<hex:03>",0,1202,0
3167,"Der Ungesehene Wald von Yx'Maja",0,"",0,0,1,0,0,"<hex:020967E802FF21>zum Ungesehenen Wald von Yx'Maja<hex:FF20>im Ungesehenen Wald von Yx'Maja<hex:FF20>der Ungesehene Wald von Yx'Maja<hex:03>",0,1203,0
3168,"K'mul-Astropolis",0,"",0,0,1,0,0,"<hex:020948E802FF15>zur K'mul-Astropolis<hex:FF18>in der K'mul-Astropolis<hex:FF15>die K'mul-Astropolis<hex:03>",0,1204,0
3169,"Gohn-Feste",0,"",0,0,1,0,0,"<hex:020936E802FF0F>zur Gohn-Feste<hex:FF12>in der Gohn-Feste<hex:FF0F>die Gohn-Feste<hex:03>",0,1205,0
3170,"Schlangenzweig",0,"",0,0,1,0,0,"<hex:02093EE802FF13>zum Schlangenzweig<hex:FF12>am Schlangenzweig<hex:FF13>der Schlangenzweig<hex:03>",0,1206,0
3171,"Im Inneren der Dunkelheit",0,"",0,0,1,0,0,"<hex:020954E802FF1A>ins Innere der Dunkelheit<hex:FF1A>im Inneren der Dunkelheit<hex:FF1A>im Inneren der Dunkelheit<hex:03>",0,1207,0
3172,"Baum der Abgeschiedenheit",0,"",0,0,1,0,0,"<hex:02095FE802FF1E>zum Baum der Abgeschiedenheit<hex:FF1D>am Baum der Abgeschiedenheit<hex:FF1E>der Baum der Abgeschiedenheit<hex:03>",0,1208,0
3173,"Treppe des Lozatl",0,"",0,0,1,0,0,"<hex:02094CE802FF16>zur Treppe des Lozatl<hex:FF1A>auf der Treppe des Lozatl<hex:FF16>die Treppe des Lozatl<hex:03>",0,1209,0
3174,"Eidbund",0,"",0,0,1,0,0,"<hex:020926E802FF0D>nach Eidbund<hex:FF0B>in Eidbund<hex:FF08>Eidbund<hex:03>",0,1210,0
3175,"Austadias Schoß",0,"",0,0,1,0,0,"<hex:02093FE802FF14>zu Austadias Schoß<hex:FF14>in Austadias Schoß<hex:FF11>Austadias Schoß<hex:03>",0,1211,0
3176,"Kleinod der Beschützerin",0,"",0,0,1,0,0,"<hex:02095FE802FF1E>zum Kleinod der Beschützerin<hex:FF1D>am Kleinod der Beschützerin<hex:FF1E>das Kleinod der Beschützerin<hex:03>",0,1212,0
3177,"Das Verlorene Juwel",0,"",0,0,1,0,0,"<hex:020943E802FF15>zum Verlorenen Juwel<hex:FF14>am Verlorenen Juwel<hex:FF14>das Verlorene Juwel<hex:03>",0,1213,0
3178,"Versunkenes Heiligtum von Dwatl",0,"",0,0,1,0,0,"<hex:020970E802FF24>zum Versunkenen Heiligtum von Dwatl<hex:FF23>am Versunkenen Heiligtum von Dwatl<hex:FF23>das Versunkene Heiligtum von Dwatl<hex:03>",0,1214,0
3179,"Fanow",0,"",0,0,1,0,0,"<hex:020920E802FF0B>nach Fanow<hex:FF09>in Fanow<hex:FF06>Fanow<hex:03>",0,1215,0
3180,"Schlummerlaube",0,"",0,0,1,0,0,"<hex:020942E802FF13>zur Schlummerlaube<hex:FF16>in der Schlummerlaube<hex:FF13>die Schlummerlaube<hex:03>",0,1216,0
3181,"Wildgarten",0,"",0,0,1,0,0,"<hex:020935E802FF12>in den Wildgarten<hex:FF0E>im Wildgarten<hex:FF0F>der Wildgarten<hex:03>",0,1217,0
3182,"Bogenruh",0,"",0,0,1,0,0,"<hex:020929E802FF0E>nach Bogenruh<hex:FF0C>in Bogenruh<hex:FF09>Bogenruh<hex:03>",0,1218,0
3183,"Mjrls Sehnsucht",0,"",0,0,1,0,0,"<hex:02093EE802FF15>nach Mjrls Sehnsucht<hex:FF13>in Mjrls Sehnsucht<hex:FF10>Mjrls Sehnsucht<hex:03>",0,1219,0
3184,"Wirbelwind",0,"",0,0,1,0,0,"<hex:02092FE802FF10>nach Wirbelwind<hex:FF0E>in Wirbelwind<hex:FF0B>Wirbelwind<hex:03>",0,0,0
3185,"Morgensterne",0,"",0,0,1,0,0,"<hex:020941E802FF15>zu den Morgensternen<hex:FF15>an den Morgensternen<hex:FF11>die Morgensterne<hex:03>",0,1220,0
3186,"Ox'Gatorl Mul",0,"",0,0,1,0,0,"<hex:020937E802FF11>zu Ox'Gatorl Mul<hex:FF12>bei Ox'Gatorl Mul<hex:FF0E>Ox'Gatorl Mul<hex:03>",0,1221,0
3187,"Yx'Lokwa Mul",0,"",0,0,1,0,0,"<hex:020934E802FF10>zu Yx'Lokwa Mul<hex:FF11>bei Yx'Lokwa Mul<hex:FF0D>Yx'Lokwa Mul<hex:03>",0,1222,0
3188,"Ox'Charl Mul",0,"",0,0,1,0,0,"<hex:020934E802FF10>zu Ox'Gharl Mul<hex:FF11>bei Ox'Charl Mul<hex:FF0D>Ox'Charl Mul<hex:03>",0,1223,0
3189,"Yx'Anpa Mul",0,"",0,0,1,0,0,"<hex:020931E802FF0F>zu Yx'Anpa Mul<hex:FF10>bei Yx'Anpa Mul<hex:FF0C>Yx'Anpa Mul<hex:03>",0,1224,0
3190,"Große Pyramide von Ux'ner",0,"",0,0,1,0,0,"<hex:020968E802FF20>zur Großen Pyramide von Ux'ner<hex:FF23>an der Großen Pyramide von Ux'ner<hex:FF1F>die Große Pyramide von Ux'ner<hex:03>",0,1225,0
3191,"Beichtstuhl von Toupasa dem Älteren",0,"",0,0,1,0,0,"<hex:020980E802FF29>zum Beichtstuhl von Toupasa dem Älteren<hex:FF28>am Beichtstuhl von Toupasa dem Älteren<hex:FF29>der Beichtstuhl von Toupasa dem Älteren<hex:03>",0,1226,0
3192,"Norvrandt-Hang",0,"",0,0,1,0,0,"<hex:02093EE802FF13>zum Norvrandt-Hang<hex:FF12>am Norvrandt-Hang<hex:FF13>der Norvrandt-Hang<hex:03>",0,1201,0
3193,"Caliban-Furche",0,"",0,0,1,0,0,"<hex:020942E802FF13>zur Caliban-Furche<hex:FF16>in der Caliban-Furche<hex:FF13>die Caliban-Furche<hex:03>",0,1202,0
3194,"Amaurot",0,"",0,0,1,0,0,"<hex:020926E802FF0D>nach Amaurot<hex:FF0B>in Amaurot<hex:FF08>Amaurot<hex:03>",0,1203,0
3195,"Ondo-Becken",0,"",0,0,1,0,0,"<hex:02093CE802FF13>zu den Ondo-Becken<hex:FF13>in den Ondo-Becken<hex:FF10>die Ondo-Becken<hex:03>",0,1204,0
3196,"Flundergrotte",0,"",0,0,1,0,0,"<hex:020942E802FF15>in die Flundergrotte<hex:FF15>in der Flundergrotte<hex:FF12>die Flundergrotte<hex:03>",0,1205,0
3197,"Die Werkstatt",0,"",0,0,1,0,0,"<hex:020936E802FF11>in die Werkstatt<hex:FF11>in der Werkstatt<hex:FF0E>die Werkstatt<hex:03>",0,1206,0
3198,"Perlenbeutel",0,"",0,0,1,0,0,"<hex:02093BE802FF14>in den Perlenbeutel<hex:FF10>im Perlenbeutel<hex:FF11>der Perlenbeutel<hex:03>",0,1207,0
3199,"Seelenruh der Landler",0,"",0,0,1,0,0,"<hex:020953E802FF1A>ins Seelenruh der Landler<hex:FF19>im Seelenruh der Landler<hex:FF1A>das Seelenruh der Landler<hex:03>",0,1208,0
3200,"Mauern der Vergessenen",0,"",0,0,1,0,0,"<hex:02095EE802FF1E>zu den Mauern der Vergessenen<hex:FF1F>bei den Mauern der Vergessenen<hex:FF1B>die Mauern der Vergessenen<hex:03>",0,1209,0
3201,"Purpurhöhle",0,"",0,0,1,0,0,"<hex:02093FE802FF14>in die Purpurhöhle<hex:FF14>in der Purpurhöhle<hex:FF11>die Purpurhöhle<hex:03>",0,1210,0
3202,"Calibans Nistplatz",0,"",0,0,1,0,0,"<hex:020945E802FF16>zu Calibans Nistplatz<hex:FF16>in Calibans Nistplatz<hex:FF13>Calibans Nistplatz<hex:03>",0,1211,0
3203,"Achora-Turm",0,"",0,0,1,0,0,"<hex:020935E802FF10>zum Achora-Turm<hex:FF0F>am Achora-Turm<hex:FF10>der Achora-Turm<hex:03>",0,1212,0
3204,"Polyleritae-Distrikt",0,"",0,0,1,0,0,"<hex:020953E802FF1C>in den Polyleritae-Distrikt<hex:FF18>im Polyleritae-Distrikt<hex:FF19>der Polyleritae-Distrikt<hex:03>",0,1213,0
3205,"Macarenses-Forum",0,"",0,0,1,0,0,"<hex:020949E802FF15>zum Macarenses-Forum<hex:FF19>auf dem Macarenses-Forum<hex:FF15>das Macarenses-Forum<hex:03>",0,1214,0
3206,"Palast der Rede",0,"",0,0,1,0,0,"<hex:020944E802FF17>in den Palast der Rede<hex:FF13>im Palast der Rede<hex:FF14>der Palast der Rede<hex:03>",0,1215,0
3207,"Büro des Architekten",0,"",0,0,1,0,0,"<hex:020952E802FF19>ins Büro des Achitekten<hex:FF19>im Büro des Architekten<hex:FF1A>das Büro des Architekten<hex:03>",0,1216,0
3208,"Büro des Administrators",0,"",0,0,1,0,0,"<hex:02095CE802FF1D>ins Büro des Administrators<hex:FF1C>im Büro des Administrators<hex:FF1D>das Büro des Administrators<hex:03>",0,1217,0
3209,"Büro des Sekretärs",0,"",0,0,1,0,0,"<hex:020950E802FF19>ins Büro des Sekretärs<hex:FF18>im Büro des Sekretärs<hex:FF19>das Büro des Sekretärs<hex:03>",0,1218,0
3210,"Kapitol",0,"",0,0,1,0,0,"<hex:020929E802FF0C>zum Kapitol<hex:FF0B>am Kapitol<hex:FF0C>das Kapitol<hex:03>",0,1219,0
3211,"Erstes Unheil",0,"",0,0,1,0,0,"<hex:020946E802FF12>zum Ersten Unheil<hex:FF11>im Ersten Unheil<hex:FF1D>der Zugang zum Ersten Unheil<hex:03>",0,0,0
3212,"Zweites Unheil",0,"",0,0,1,0,0,"<hex:020949E802FF13>zum Zweiten Unheil<hex:FF12>im Zweiten Unheil<hex:FF1E>der Zugang zum Zweiten Unheil<hex:03>",0,0,0
3213,"Drittes Unheil",0,"",0,0,1,0,0,"<hex:020949E802FF13>zum Dritten Unheil<hex:FF12>im Dritten Unheil<hex:FF1E>der Zugang zum Dritten Unheil<hex:03>",0,0,0
3214,"Das Herz",0,"",0,0,1,0,0,"<hex:02092FE802FF09>ins Herz<hex:FF0A>im Herzen<hex:FF16>der Zugang zum Herzen<hex:03>",0,0,0
3215,"Das Deck",0,"",0,0,1,0,0,"<hex:02092CE802FF09>zum Deck<hex:FF09>das Deck<hex:FF14>der Zugang zum Deck<hex:03>",0,0,0
3216,"Nereus-Graben",0,"",0,0,1,0,0,"<hex:020949E802FF13>zum Dritten Unheil<hex:FF12>im Dritten Unheil<hex:FF1E>der Zugang zum Dritten Unheil<hex:03>",0,0,0
3217,"Atlas-Gipfel",0,"",0,0,1,0,0,"<hex:02094CE802FF15>auf den Atlas-Gipfel<hex:FF15>auf dem Atlas-Gipfel<hex:FF1C>der Zugang zum Atlas-Gipfel<hex:03>",0,0,0
3218,"Königlicher Tanzgarten",0,"",0,0,1,0,0,"<hex:02095BE802FF1F>in den Königlichen Tanzgarten<hex:FF1B>im Königlichen Tanzgarten<hex:FF1B>der Königliche Tanzgarten<hex:03>",0,0,0
3219,"Strahlenkranz der Makellosigkeit",0,"",0,0,1,0,0,"<hex:020974E802FF25>zum Strahlenkranz der Makellosigkeit<hex:FF24>im Strahlenkranz der Makellosigkeit<hex:FF25>der Strahlenkranz der Makellosigkeit<hex:03>",0,0,0
3220,"Die Letzten Tage von Amaurot",0,"",0,0,1,0,0,"<hex:020971E802FF20>in die Letzten Tage von Amaurot<hex:FF20>in den Letzten Tage von Amaurot<hex:FF2B>der Zugang zu den Letzten Tage von Amaurot<hex:03>",0,0,0
3221,"Syrcus-Schlucht",0,"",0,0,1,0,0,"<hex:020945E802FF14>zur Syrcus-Schlucht<hex:FF17>in der Syrcus-Schlucht<hex:FF14>die Syrcus-Schlucht<hex:03>",0,0,0
3222,"Isomorph-Quartiere",0,"",0,0,1,0,0,"<hex:020952E802FF1A>in die Isomorph-Quartiere<hex:FF1B>in den Isomorph-Quartieren<hex:FF17>die Isomorph-Quartiere<hex:03>",0,0,0
3223,"Okular",0,"",0,0,1,0,0,"<hex:020926E802FF0B>ins Okular<hex:FF0A>im Okular<hex:FF0B>das Okular<hex:03>",0,0,0
3224,"Sanktuarium",0,"",0,0,1,0,0,"<hex:020935E802FF10>ins Sanktuarium<hex:FF0F>im Sanktuarium<hex:FF10>das Sanktuarium<hex:03>",0,1244,0
3225,"Die Große Leere",0,"",0,0,1,0,0,"<hex:020940E802FF14>in die Große Leere<hex:FF15>in der Großen Leere<hex:FF11>die Große Leere<hex:03>",0,0,0
3226,"Nabaath-Mine",0,"",0,0,1,0,0,"<hex:02093FE802FF14>in die Nabaath-Mine<hex:FF14>in der Nabaath-Mine<hex:FF11>die Nabaath-Mine<hex:03>",0,0,0
3227,"Ruinen von Ronka",0,"",0,0,1,0,0,"<hex:02094BE802FF18>in die Ruinen von Ronka<hex:FF18>in den Ruinen von Ronka<hex:FF15>die Ruinen von Ronka<hex:03>",0,1227,0
3228,"Beichtstuhl von Toupasa dem Älteren",0,"",0,0,1,0,0,"<hex:020980E802FF29>zum Beichtstuhl von Toupasa dem Älteren<hex:FF28>am Beichtstuhl von Toupasa dem Älteren<hex:FF29>der Beichtstuhl von Toupasa dem Älteren<hex:03>",0,1228,0
3229,"Verliese von Lyhe Ghiah",0,"",0,0,1,0,0,"<hex:020960E802FF1F>in die Verliese von Lyhe Ghiah<hex:FF1F>in den Verliese von Lyhe Ghiah<hex:FF1C>die Verliese von Lyhe Ghiah<hex:03>",0,0,0
3230,"Ort ohne Rückkehr",0,"",0,0,1,0,0,"<hex:02094AE802FF17>zum Ort ohne Rückkehr<hex:FF16>am Ort ohne Rückkehr<hex:FF17>der Ort ohne Rückkehr<hex:03>",0,0,0
3231,"Erste Kammer",0,"",0,0,1,0,0,"<hex:020940E802FF14>in die erste Kammer<hex:FF15>in der ersten Kammer<hex:FF11>die erste Kammer<hex:03>",0,0,0
3232,"Zweite Kammer",0,"",0,0,1,0,0,"<hex:020943E802FF15>in die zweite Kammer<hex:FF16>in der zweiten Kammer<hex:FF12>die zweite Kammer<hex:03>",0,0,0
3233,"Dritte Kammer",0,"",0,0,1,0,0,"<hex:020943E802FF15>in die dritte Kammer<hex:FF16>in der dritten Kammer<hex:FF12>die dritte Kammer<hex:03>",0,0,0
3234,"Vierte Kammer",0,"",0,0,1,0,0,"<hex:020943E802FF15>in die vierte Kammer<hex:FF16>in der vierten Kammer<hex:FF12>die vierte Kammer<hex:03>",0,0,0
3235,"Verdammnis",0,"",0,0,1,0,0,"<hex:020939E802FF12>in die Verdammnis<hex:FF12>in der Verdammnis<hex:FF0F>die Verdammnis<hex:03>",0,0,0
3236,"Die Rotunde",0,"",0,0,1,0,0,"<hex:02092EE802FF0C>zur Rotunde<hex:FF10>auf der Rotunde<hex:FF0C>die Rotunde<hex:03>",0,0,0
3237,"Der Baldachin",0,"",0,0,1,0,0,"<hex:02092FE802FF0E>zum Baldachin<hex:FF0D>am Baldachin<hex:FF0E>der Baldachin<hex:03>",0,0,0
3238,"Trivium",0,"",0,0,1,0,0,"<hex:020929E802FF0C>zum Trivium<hex:FF0B>im Trivium<hex:FF0C>das Trivium<hex:03>",0,0,0
3239,"Quadrivium",0,"",0,0,1,0,0,"<hex:020932E802FF0F>zum Quadrivium<hex:FF0E>im Quadrivium<hex:FF0F>das Quadrivium<hex:03>",0,0,0
3240,"Mosaikbrücke",0,"",0,0,1,0,0,"<hex:020940E802FF12>zur Mosaikbrücke<hex:FF16>auf der Mosaikbrücke<hex:FF12>die Mosaikbrücke<hex:03>",0,0,0
3241,"Ätherytenplatz",0,"",0,0,1,0,0,"<hex:020946E802FF14>zum Ätherytenplatz<hex:FF18>auf dem Ätherytenplatz<hex:FF14>der Ätherytenplatz<hex:03>",0,0,0
3242,"Exedra",0,"",0,0,1,0,0,"<hex:02092BE802FF0B>zur Exedra<hex:FF0F>auf der Exedra<hex:FF0B>die Exedra<hex:03>",0,0,0
3243,"Umbilicus",0,"",0,0,1,0,0,"<hex:02092FE802FF0E>zum Umbilicus<hex:FF0D>im Umbilicus<hex:FF0E>der Umbilicus<hex:03>",0,0,0
3244,"Propylaeum",0,"",0,0,1,0,0,"<hex:020937E802FF0F>zum Propylaeum<hex:FF13>auf dem Propylaeum<hex:FF0F>das Propylaeum<hex:03>",0,0,0
3245,"Syrcus-Turm",0,"",0,0,1,0,0,"<hex:020938E802FF13>in den Syrcus-Turm<hex:FF0F>im Syrcus-Turm<hex:FF10>der Syrcus-Turm<hex:03>",0,0,0
3246,"Tierhof Temenos",0,"",0,0,1,0,0,"<hex:020941E802FF14>zum Tierhof Temenos<hex:FF13>am Tierhof Temenos<hex:FF14>der Tierhof Temenos<hex:03>",0,0,0
3247,"Amaro-Flugsteig",0,"",0,0,1,0,0,"<hex:020946E802FF14>zum Amaro-Flugsteig<hex:FF18>auf dem Amaro-Flugsteig<hex:FF14>der Amaro-Flugsteig<hex:03>",0,0,0
3248,"Manufaktur der Gemeinschaft",0,"",0,0,1,0,0,"<hex:02096CE802FF23>in die Manufaktur der Gemeinschaft<hex:FF23>in der Manufaktur der Gemeinschaft<hex:FF20>die Manufaktur der Gemeinschaft<hex:03>",0,0,0
3249,"Spagyrik",0,"",0,0,1,0,0,"<hex:020933E802FF10>in die Spagyrik<hex:FF10>in der Spagyrik<hex:FF0D>die Spagyrik<hex:03>",0,0,0
3250,"Ballistik",0,"",0,0,1,0,0,"<hex:020936E802FF11>in die Ballistik<hex:FF11>in der Ballistik<hex:FF0E>die Ballistik<hex:03>",0,0,0
3251,"Kabinett der Kuriositäten",0,"",0,0,1,0,0,"<hex:020962E802FF1F>ins Kabinett der Kuriositäten<hex:FF1E>im Kabinett der Kuriositäten<hex:FF1F>das Kabinett der Kuriositäten<hex:03>",0,0,0
3252,"Forum der Freien Rede",0,"",0,0,1,0,0,"<hex:020953E802FF1A>ins Forum der Freien Rede<hex:FF19>im Forum der Freien Rede<hex:FF1A>das Forum der Freien Rede<hex:03>",0,0,0
3253,"Hortorium",0,"",0,0,1,0,0,"<hex:02092FE802FF0E>ins Hortorium<hex:FF0D>im Hortorium<hex:FF0E>das Hortorium<hex:03>",0,0,0
3254,"Musica Universalis",0,"",0,0,1,0,0,"<hex:020947E802FF18>nach Musica Universalis<hex:FF16>in Musica Universalis<hex:FF13>Musica Universalis<hex:03>",0,0,0
3255,"Sternenhagel",0,"",0,0,1,0,0,"<hex:02093BE802FF14>in den Sternenhagel<hex:FF10>im Sternenhagel<hex:FF11>der Sternenhagel<hex:03>",0,0,0
3256,"Ikosagon-Quartiere",0,"",0,0,1,0,0,"<hex:020952E802FF1A>in die Ikosagon-Quartiere<hex:FF1B>in den Ikosagon-Quartieren<hex:FF17>die Ikosagon-Quartiere<hex:03>",0,0,0
3257,"Süßraspelhain",0,"",0,0,1,0,0,"<hex:020944E802FF17>in den Süßraspelhain<hex:FF13>im Süßraspelhain<hex:FF14>der Süßraspelhain<hex:03>",0,0,0
3258,"Wrackstadt",0,"",0,0,1,0,0,"<hex:02092FE802FF10>nach Wrackstadt<hex:FF0E>in Wrackstadt<hex:FF0B>Wrackstadt<hex:03>",0,0,0
3259,"Die Wurzeln",0,"",0,0,1,0,0,"<hex:020930E802FF0F>in die Wurzeln<hex:FF0F>in den Wurzeln<hex:FF0C>die Wurzeln<hex:03>",0,0,0
3260,"Der Stamm",0,"",0,0,1,0,0,"<hex:020926E802FF0D>in den Stamm<hex:FF09>im Stamm<hex:FF0A>der Stamm<hex:03>",0,0,0
3261,"Die Baumkrone",0,"",0,0,1,0,0,"<hex:020936E802FF11>in die Baumkrone<hex:FF11>in der Baumkrone<hex:FF0E>die Baumkrone<hex:03>",0,0,0
3262,"Der Himmlische Wipfel",0,"",0,0,1,0,0,"<hex:02094CE802FF1A>in den Himmlischen Wipfel<hex:FF16>im Himmlischen Wipfel<hex:FF16>der Himmlische Wipfel<hex:03>",0,0,0
3263,"Tor der Herrlichkeit",0,"",0,0,1,0,0,"<hex:020950E802FF19>zum Tor der Herrlichkeit<hex:FF18>am Tor der Herrlichkeit<hex:FF19>das Tor der Herrlichkeit<hex:03>",0,0,0
3264,"Gärten der Gestrigen Genüsse",0,"",0,0,1,0,0,"<hex:02096EE802FF23>zum Gärten der Gestrigen Genüsse<hex:FF22>im Gärten der Gestrigen Genüsse<hex:FF23>der Gärten der Gestrigen Genüsse<hex:03>",0,0,0
3265,"Halle der Glückseligkeit",0,"",0,0,1,0,0,"<hex:020966E802FF21>in die Halle der Glückseligkeit<hex:FF21>in der Halle der Glückseligkeit<hex:FF1E>die Halle der Glückseligkeit<hex:03>",0,0,0
3266,"Einbürgerungsamt",0,"",0,0,1,0,0,"<hex:020947E802FF16>zum Einbürgerungsamt<hex:FF15>im Einbürgerungsamt<hex:FF16>das Einbürgerungsamt<hex:03>",0,0,0
3267,"Meldebehörde",0,"",0,0,1,0,0,"<hex:02093FE802FF12>zur Meldebehörde<hex:FF15>in der Meldebehörde<hex:FF12>die Meldebehörde<hex:03>",0,0,0
3268,"Hygienestation",0,"",0,0,1,0,0,"<hex:020942E802FF13>zur Hygienestation<hex:FF16>in der Hygienestation<hex:FF13>die Hygienestation<hex:03>",0,0,0
3269,"Warenkontrolle A-1",0,"",0,0,1,0,0,"<hex:02094EE802FF17>zur Warenkontrolle A-1<hex:FF1A>in der Warenkontrolle A-1<hex:FF17>die Warenkontrolle A-1<hex:03>",0,0,0
3270,"Warenkontrolle A-2",0,"",0,0,1,0,0,"<hex:02094EE802FF17>zur Warenkontrolle A-2<hex:FF1A>in der Warenkontrolle A-2<hex:FF17>die Warenkontrolle A-2<hex:03>",0,0,0
3271,"Zolllager",0,"",0,0,1,0,0,"<hex:02092FE802FF0E>ins Zolllager<hex:FF0D>im Zolllager<hex:FF0E>das Zolllager<hex:03>",0,0,0
3272,"Xylem-Aufzug",0,"",0,0,1,0,0,"<hex:020938E802FF11>zum Xylem-Aufzug<hex:FF10>im Xylem-Aufzug<hex:FF11>der Xylem-Aufzug<hex:03>",0,0,0
3273,"Hauptquartier der Hochrühmlichen Armee von Eulmore",0,"",0,0,1,0,0,"<hex:0209ADE802FF38>ins Hauptquartier der Hochrühmlichen Armee von Eulmore<hex:FF37>im Hauptquartier der Hochrühmlichen Armee von Eulmore<hex:FF38>das Hauptquartier der Hochrühmlichen Armee von Eulmore<hex:03>",0,0,0
3274,"Grundpfeiler der Ordnung",0,"",0,0,1,0,0,"<hex:02095CE802FF1D>zum Grundpfeiler der Ordnung<hex:FF1C>am Grundpfeiler der Ordnung<hex:FF1D>der Grundpfeiler der Ordnung<hex:03>",0,0,0
3275,"Ätherytenplatz",0,"",0,0,1,0,0,"<hex:020946E802FF14>zum Ätherytenplatz<hex:FF18>auf dem Ätherytenplatz<hex:FF14>der Ätherytenplatz<hex:03>",0,0,0
3276,"Salon der Edlen Dame",0,"",0,0,1,0,0,"<hex:020950E802FF19>zum Salon der Edlen Dame<hex:FF18>im Salon der Edlen Dame<hex:FF19>der Salon der Edlen Dame<hex:03>",0,0,0
3277,"Lustspielhaus Bienenstock",0,"",0,0,1,0,0,"<hex:02095FE802FF1E>zum Lustspielhaus Bienenstock<hex:FF1D>im Lustspielhaus Bienenstock<hex:FF1E>das Lustspielhaus Bienenstock<hex:03>",0,0,0
3278,"Baumkronen-Aufzug",0,"",0,0,1,0,0,"<hex:020947E802FF16>zum Baumkronen-Aufzug<hex:FF15>im Baumkronen-Aufzug<hex:FF16>der Baumkronen-Aufzug<hex:03>",0,0,0
3279,"Balustrade „Himmelblick“",0,"",0,0,1,0,0,"<hex:02096DE802FF21>zur Balustrade „Himmelblick“<hex:FF25>auf der Balustrade „Himmelblick“<hex:FF21>die Balustrade „Himmelblick“<hex:03>",0,0,0
3280,"Audienzsaal",0,"",0,0,1,0,0,"<hex:020938E802FF13>in den Audienzsaal<hex:FF0F>im Audienzsaal<hex:FF10>der Audienzsaal<hex:03>",0,0,0
3281,"Purpurwald",0,"",0,0,1,0,0,"<hex:020934E802FF12>in den Purpurwald<hex:FF0D>imPurpurwald<hex:FF0F>der Purpurwald<hex:03>",0,0,0
3282,"Schwelende Weiden",0,"",0,0,1,0,0,"<hex:020952E802FF1A>in die Schwelenden Weiden<hex:FF1B>auf den Schwelenden Weiden<hex:FF17>die Schwelenden Weiden<hex:03>",0,0,0
3283,"Das Flammenmeer von Holminster",0,"",0,0,1,0,0,"<hex:020965E802FF22>in das Flammenmeer von Holminster<hex:FF1E>im Flammenmeer von Holminster<hex:FF1F>das Flammenmeer von Holminster<hex:03>",0,0,0
3284,"Lavendellichtung",0,"",0,0,1,0,0,"<hex:020957E802FF18>in die Lavendellichtung<hex:FF19>auf der Lavendellichtung<hex:FF20>der Zugang zur Lavendellichtung<hex:03>",0,0,0
3285,"Viehmarkt",0,"",0,0,1,0,0,"<hex:020943E802FF12>auf den Viehmarkt<hex:FF12>auf dem Viehmarkt<hex:FF19>der Zugang zum Viehmarkt<hex:03>",0,0,0
3286,"Lodernde Wegkreuzung",0,"",0,0,1,0,0,"<hex:020959E802FF1D>auf die lodernde Wegkreuzung<hex:FF1E>auf der lodernden Wegkreuzung<hex:FF18>die loderne Wegkreuzung<hex:03>",0,0,0
3287,"Garten des Herrenhauses",0,"",0,0,1,0,0,"<hex:02095CE802FF1F>in den Garten des Herrenhauses<hex:FF1B>im Garten des Herrenhauses<hex:FF1C>der Garten des Herrenhauses<hex:03>",0,0,0
3288,"Isomorph-Quartiere",0,"",0,0,1,0,0,"<hex:020952E802FF1A>in die Isomorph-Quartiere<hex:FF1B>in den Isomorph-Quartieren<hex:FF17>die Isomorph-Quartiere<hex:03>",0,0,0
3289,"Trivium",0,"",0,0,1,0,0,"<hex:020929E802FF0C>zum Trivium<hex:FF0B>im Trivium<hex:FF0C>das Trivium<hex:03>",0,0,0
3290,"Quadrivium",0,"",0,0,1,0,0,"<hex:020932E802FF0F>zum Quadrivium<hex:FF0E>im Quadrivium<hex:FF0F>das Quadrivium<hex:03>",0,0,0
3291,"Quartier",0,"",0,0,1,0,0,"<hex:02092CE802FF0D>ins Quartier<hex:FF0C>im Quartier<hex:FF0D>das Quartier<hex:03>",0,0,0
3292,"Die Verwitterten Lande",0,"",0,0,1,0,0,"<hex:020953E802FF1B>zu den Verwitterten Landen<hex:FF1B>in den Verwitterten Landen<hex:FF17>die Verwitterten Lande<hex:03>",0,0,0
3293,"Rostlache",0,"",0,0,1,0,0,"<hex:020936E802FF11>an die Rostlache<hex:FF11>an der Rostlache<hex:FF0E>die Rostlache<hex:03>",0,0,0
3294,"Quellsee",0,"",0,0,1,0,0,"<hex:02092CE802FF0D>zum Quellsee<hex:FF0C>am Quellsee<hex:FF0D>der Quellsee<hex:03>",0,0,0
3295,"Grantel",0,"",0,0,1,0,0,"<hex:020926E802FF0D>nach Grantel<hex:FF0B>in Grantel<hex:FF08>Grantel<hex:03>",0,0,0
3296,"Insel der Erkenntnis",0,"",0,0,1,0,0,"<hex:020955E802FF19>zur Insel der Erkenntnis<hex:FF1D>auf der Insel der Erkenntnis<hex:FF19>die Insel der Erkenntnis<hex:03>",0,0,0
3297,"Watts (Oberlauf)",0,"",0,0,1,0,0,"<hex:020944E802FF15>zum Watts (Oberlauf)<hex:FF14>am Watts (Oberlauf)<hex:FF15>der Watts (Oberlauf)<hex:03>",0,0,0
3298,"Weißölfälle",0,"",0,0,1,0,0,"<hex:020947E802FF17>zu den Weißölfällen<hex:FF17>an den Weißölfällen<hex:FF13>die Weißölfälle<hex:03>",0,0,0
3299,"Watts (Unterlauf)",0,"",0,0,1,0,0,"<hex:020947E802FF16>zum Watts (Unterlauf)<hex:FF15>am Watts (Unterlauf)<hex:FF16>der Watts (Unterlauf)<hex:03>",0,0,0
3300,"Zungenbrennerteich",0,"",0,0,1,0,0,"<hex:02094AE802FF17>zum Zungenbrennerteich<hex:FF16>am Zungenbrennerteich<hex:FF17>der Zungenbrennerteich<hex:03>",0,0,0
3301,"Kholusia (Westküste)",0,"",0,0,1,0,0,"<hex:02095DE802FF1C>zur Westküste von Kholusia<hex:FF1F>an der Westküste von Kholusia<hex:FF1C>die Westküste von Kholusia<hex:03>",0,0,0
3302,"Bucht von Meerblick",0,"",0,0,1,0,0,"<hex:020951E802FF18>zur Bucht von Meerblick<hex:FF1B>an der Bucht von Meerblick<hex:FF18>die Bucht von Meerblick<hex:03>",0,0,0
3303,"Kholusia (Ostküste)",0,"",0,0,1,0,0,"<hex:02095AE802FF1B>zur Ostküste von Kholusia<hex:FF1E>an der Ostküste von Kholusia<hex:FF1B>die Ostküste von Kholusia<hex:03>",0,0,0
3304,"Wrackstadt",0,"",0,0,1,0,0,"<hex:02092FE802FF10>nach Wrackstadt<hex:FF0E>in Wrackstadt<hex:FF0B>Wrackstadt<hex:03>",0,0,0
3305,"Fluss aus Sand",0,"",0,0,1,0,0,"<hex:02093EE802FF13>zum Fluss aus Sand<hex:FF12>am Fluss aus Sand<hex:FF13>der Fluss aus Sand<hex:03>",0,0,0
3306,"Kluft von Nabaath",0,"",0,0,1,0,0,"<hex:02094BE802FF16>zur Kluft von Nabaath<hex:FF19>an der Kluft von Nabaath<hex:FF16>die Kluft von Nabaath<hex:03>",0,0,0
3307,"Bernsteinhügel",0,"",0,0,1,0,0,"<hex:02094AE802FF18>zu den Bernsteinhügeln<hex:FF18>in den Bernsteinhügeln<hex:FF14>die Bernsteinhügel<hex:03>",0,0,0
3308,"Spiegelchen",0,"",0,0,1,0,0,"<hex:020935E802FF10>zum Spiegelchen<hex:FF0F>am Spiegelchen<hex:FF10>das Spiegelchen<hex:03>",0,0,0
3309,"Großes Spiegelchen",0,"",0,0,1,0,0,"<hex:02094CE802FF18>zum Großen Spiegelchen<hex:FF17>am Großen Spiegelchen<hex:FF17>das Große Spiegelchen<hex:03>",0,0,0
3310,"Hochmütiges Kind",0,"",0,0,1,0,0,"<hex:020946E802FF16>zum Hochmütigen Kind<hex:FF15>am Hochmütigen Kind<hex:FF15>das Hochmütige Kind<hex:03>",0,0,0
3311,"Neidisches Kind",0,"",0,0,1,0,0,"<hex:020940E802FF14>zum Neidischen Kind<hex:FF13>am Neidischen Kind<hex:FF13>das Neidische Kind<hex:03>",0,0,0
3312,"Verwöhntes Kind",0,"",0,0,1,0,0,"<hex:020943E802FF15>zum Verwöhnten Kind<hex:FF14>am Verwöhnten Kind<hex:FF14>das Verwöhnte Kind<hex:03>",0,0,0
3313,"Tempel des Heiligen Fathric",0,"",0,0,1,0,0,"<hex:020965E802FF20>zum Tempel des Heiligen Fathric<hex:FF1F>im Tempel des Heiligen Fathric<hex:FF20>der Tempel des Heiligen Fathric<hex:03>",0,0,0
3314,"Collards Schwäche",0,"",0,0,1,0,0,"<hex:020945E802FF16>zu Collards Schwäche<hex:FF16>in Collards Schwäche<hex:FF13>Collards Schwäche<hex:03>",0,0,0
3315,"Schlangensee Tusi Mek'ta",0,"",0,0,1,0,0,"<hex:02095CE802FF1D>zum Schlangensee Tusi Mek'ta<hex:FF1C>am Schlangensee Tusi Mek'ta<hex:FF1D>der Schlangensee Tusi Mek'ta<hex:03>",0,0,0
3316,"Blutkelch",0,"",0,0,1,0,0,"<hex:02092FE802FF0E>zum Blutkelch<hex:FF0D>am Blutkelch<hex:FF0E>der Blutkelch<hex:03>",0,0,0
3317,"Lozatl",0,"",0,0,1,0,0,"<hex:020926E802FF0B>zum Lozatl<hex:FF0A>am Lozatl<hex:FF0B>der Lozatl<hex:03>",0,0,0
3318,"Mjrls Sehnsucht (Süden)",0,"",0,0,1,0,0,"<hex:020961E802FF22>in den Süden von Mjrls Sehnsucht<hex:FF1E>im Süden von Mjrls Sehnsucht<hex:FF1B>Süden von Mjrls Sehnsucht<hex:03>",0,0,0
3319,"Eidbund",0,"",0,0,1,0,0,"<hex:020926E802FF0D>nach Eidbund<hex:FF0B>in Eidbund<hex:FF08>Eidbund<hex:03>",0,0,0
3320,"Flundergrotte",0,"",0,0,1,0,0,"<hex:020942E802FF15>in die Flundergrotte<hex:FF15>in der Flundergrotte<hex:FF12>die Flundergrotte<hex:03>",0,0,0
3321,"Seelenruh der Landler",0,"",0,0,1,0,0,"<hex:020953E802FF1A>ins Seelenruh der Landler<hex:FF19>im Seelenruh der Landler<hex:FF1A>das Seelenruh der Landler<hex:03>",0,0,0
3322,"Caliban-Furche (Norden)",0,"",0,0,1,0,0,"<hex:02095EE802FF21>in den Norden der Caliban-Furche<hex:FF1D>im Norden der Caliban-Furche<hex:FF1A>Norden der Caliban-Furche<hex:03>",0,0,0
3323,"Calibans Nistplatz (Westen)",0,"",0,0,1,0,0,"<hex:02096AE802FF25>in den Westen von Calibans Nistplatz<hex:FF21>im Westen von Calibans Nistplatz<hex:FF1E>Westen von Calibans Nistplatz<hex:03>",0,0,0
3324,"Calibans Nistplatz (Osten)",0,"",0,0,1,0,0,"<hex:020967E802FF24>in den Osten von Calibans Nistplatz<hex:FF20>im Osten von Calibans Nistplatz<hex:FF1D>Osten von Calibans Nistplatz<hex:03>",0,0,0
3325,"Purpurhöhle",0,"",0,0,1,0,0,"<hex:02093FE802FF14>in die Purpurhöhle<hex:FF14>in der Purpurhöhle<hex:FF11>die Purpurhöhle<hex:03>",0,0,0
3326,"Norvrandt-Hang",0,"",0,0,1,0,0,"<hex:02093EE802FF13>zum Norvrandt-Hang<hex:FF12>am Norvrandt-Hang<hex:FF13>der Norvrandt-Hang<hex:03>",0,0,0
3327,"Ätherytenplatz",0,"",0,0,1,0,0,"",0,0,0
3328,"Musica Universalis (Markt)",0,"",0,0,1,0,0,"",0,0,0
3329,"Tierhof Temenos",0,"",0,0,1,0,0,"",0,0,0
3330,"Propylaeum (Okular)",0,"",0,0,1,0,0,"",0,0,0
3331,"Isomorph-Quartiere",0,"",0,0,1,0,0,"",0,0,0
3332,"Amaro-Flugsteig",0,"",0,0,1,0,0,"",0,0,0
3333,"Manufaktur der Gemeinschaft",0,"",0,0,1,0,0,"",0,0,0
3334,"Kabinett der Kuriositäten",0,"",0,0,1,0,0,"",0,0,0
3335,"Mosaikbrücke (ins Seenland)",0,"",0,0,1,0,0,"",0,0,0
3336,"Ätherytenplatz",0,"",0,0,1,0,0,"",0,0,0
3337,"Wrackstadt (Südosten)",0,"",0,0,1,0,0,"",0,0,0
3338,"Grundpfeiler der Ordnung",0,"",0,0,1,0,0,"",0,0,0
3339,"Gärten der Gestrigen Genüsse",0,"",0,0,1,0,0,"",0,0,0
3340,"Tor der Herrlichkeit",0,"",0,0,1,0,0,"",0,0,0
3341,"Quellsee (Nordosten)",0,"",0,0,1,0,0,"<hex:020958E802FF1F>in den Nordosten des Quellsees<hex:FF1B>im Nordosten des Quellsees<hex:FF18>Nordosten des Quellsees<hex:03>",0,1,0
3342,"Insel der Erkenntnis",0,"",0,0,1,0,0,"<hex:020955E802FF19>zur Insel der Erkenntnis<hex:FF1D>auf der Insel der Erkenntnis<hex:FF19>die Insel der Erkenntnis<hex:03>",0,1,0
3343,"Quellsee (Südosten)",0,"",0,0,1,0,0,"<hex:020958E802FF1F>in den Südosten des Quellsees<hex:FF1B>im Südosten des Quellsees<hex:FF18>Südosten des Quellsees<hex:03>",0,1,0
3344,"Schloss Lyhe Ghiah (Norden)",0,"",0,0,1,0,0,"<hex:02096AE802FF25>in den Norden von Schloss Lyhe Ghiah<hex:FF21>im Norden von Schloss Lyhe Ghiah<hex:FF1E>Norden von Schloss Lyhe Ghiah<hex:03>",0,1,0
3345,"Stadt am Grund",0,"",0,0,1,0,0,"<hex:020942E802FF13>zur Stadt am Grund<hex:FF16>in der Stadt am Grund<hex:FF13>die Stadt am Grund<hex:03>",0,1,0
3346,"Großes Spiegelchen (Mitte)",0,"",0,0,1,0,0,"<hex:020975E802FF26>in die Mitte des Großen Spiegelchens<hex:FF26>in der Mitte des Großen Spiegelchens<hex:FF23>die Mitte des Großen Spiegelchens<hex:03>",0,1,0
3347,"Thysm Lran",0,"",0,0,1,0,0,"<hex:02092FE802FF10>nach Thysm Lran<hex:FF0E>in Thysm Lran<hex:FF0B>Thysm Lran<hex:03>",0,1,0
3348,"Großes Spiegelchen (Süden)",0,"",0,0,1,0,0,"<hex:020970E802FF27>in den Süden des Großen Spiegelchens<hex:FF23>im Süden des Großen Spiegelchens<hex:FF20>Süden des Großen Spiegelchens<hex:03>",0,1,0
3349,"Schlangensee Tusi Mek'ta",0,"",0,0,1,0,0,"<hex:02095CE802FF1D>zum Schlangensee Tusi Mek'ta<hex:FF1C>am Schlangensee Tusi Mek'ta<hex:FF1D>der Schlangensee Tusi Mek'ta<hex:03>",0,1,0
3350,"Versunkenes Heiligtum von Dwatl",0,"",0,0,1,0,0,"<hex:020970E802FF24>zum Versunkenen Heiligtum von Dwatl<hex:FF23>am Versunkenen Heiligtum von Dwatl<hex:FF23>das Versunkene Heiligtum von Dwatl<hex:03>",0,1,0
3351,"Pfad zum Ruhm (Kholusia)",0,"",0,0,1,0,0,"<hex:020961E802FF1D>zum Pfad zum Ruhm (Kholusia)<hex:FF21>auf dem Pfad zum Ruhm (Kholusia)<hex:FF1D>der Pfad zum Ruhm (Kholusia)<hex:03>",0,0,0
3352,"Pfad zum Ruhm",0,"",0,0,1,0,0,"<hex:020940E802FF12>zum Pfad zum Ruhm<hex:FF16>auf dem Pfad zum Ruhm<hex:FF12>der Pfad zum Ruhm<hex:03>",0,0,0
3353,"Zungenbrennerteich",0,"",0,0,1,0,0,"<hex:02094AE802FF17>zum Zungenbrennerteich<hex:FF16>am Zungenbrennerteich<hex:FF17>der Zungenbrennerteich<hex:03>",0,1245,0
3354,"Rat der Langen Bärte",0,"",0,0,1,0,0,"",0,1246,0
3355,"Zechers Zeche",0,"",0,0,1,0,0,"",0,1247,0
3356,"Mithai Glorianda",0,"",0,0,1,0,0,"<hex:020941E802FF16>nach Mithai Glorianda<hex:FF14>in Mithai Glorianda<hex:FF11>Mithai Glorianda<hex:03>",0,1222,0
3357,"Prachtparade der Blumengräfin",0,"",0,0,1,0,0,"",0,1223,0
3358,"Wollweg",0,"",0,0,1,0,0,"",0,1224,0
3359,"Mithai Glorianda",0,"",0,0,1,0,0,"<hex:020941E802FF16>nach Mithai Glorianda<hex:FF14>in Mithai Glorianda<hex:FF11>Mithai Glorianda<hex:03>",0,1225,0
3360,"Klippen des Schweigens",0,"",0,0,1,0,0,"",0,1226,0
3361,"Stolperwald",0,"",0,0,1,0,0,"",0,1229,0
3362,"Färberteich",0,"",0,0,1,0,0,"",0,1230,0
3363,"Hockender Riese",0,"",0,0,1,0,0,"",0,1231,0
3364,"Lozatl",0,"",0,0,1,0,0,"<hex:020926E802FF0B>zum Lozatl<hex:FF0A>am Lozatl<hex:FF0B>der Lozatl<hex:03>",0,1232,0
3365,"Blutkelch",0,"",0,0,1,0,0,"<hex:02092FE802FF0E>zum Blutkelch<hex:FF0D>am Blutkelch<hex:FF0E>der Blutkelch<hex:03>",0,1233,0
3366,"Insel der Bögen",0,"",0,0,1,0,0,"",0,1234,0
3367,"Insel der Schwestern",0,"",0,0,1,0,0,"",0,1235,0
3368,"Insel der Gatten",0,"",0,0,1,0,0,"",0,1236,0
3369,"Trinculo-Plateau",0,"",0,0,1,0,0,"",0,1220,0
3370,"Der Verschlungene Turm",0,"",0,0,1,0,0,"",0,1221,0
3371,"Die Rampe",0,"",0,0,1,0,0,"",0,0,0
3372,"Landeplatz",0,"",0,0,1,0,0,"",0,0,0
3373,"Ox'Dalan-Spalte",0,"",0,0,1,0,0,"",0,1237,0
3374,"Amarogatter",0,"",0,0,1,0,0,"<hex:020935E802FF10>zum Amarogatter<hex:FF0F>am Amarogatter<hex:FF10>das Amarogatter<hex:03>",0,0,0
3375,"Kleine Stufenarkade",0,"",0,0,1,0,0,"<hex:02095FE802FF19>zur Kleinen Stufenarkade<hex:FF1C>an der Kleinen Stufenarkade<hex:FF24>der Zugang zur Kleinen Stufenarkade<hex:03>",0,0,0
3376,"Broderieparterre",0,"",0,0,1,0,0,"<hex:020954E802FF15>zur Broderieparterre<hex:FF19>auf der Broderieparterre<hex:FF20>der Zugang zur Broderieparterre<hex:03>",0,0,0
3377,"Die Großen Vergnügungen",0,"",0,0,1,0,0,"<hex:020968E802FF1D>zu den Großen Vergnügungen<hex:FF1D>in den Großen Vergnügungen<hex:FF28>der Zugang zu den Großen Vergnügungen<hex:03>",0,0,0
3378,"Onsal Hakair",0,"",0,0,1,0,0,"<hex:020935E802FF12>nach Onsal Hakair<hex:FF10>in Onsal Hakair<hex:FF0D>Onsal Hakair<hex:03>",0,0,0
3379,"Westliches Onsal Hakair",0,"",0,0,1,0,0,"<hex:020957E802FF1B>ins westliche Onsal Hakair<hex:FF1B>im westlichen Onsal Hakair<hex:FF1B>das westliche Onsal Hakair<hex:03>",0,0,0
3380,"Östliches Onsal Hakair",0,"",0,0,1,0,0,"<hex:020957E802FF1B>ins östliche Onsal Hakair<hex:FF1B>im östlichen Onsal Hakair<hex:FF1B>das östliche Onsal Hakair<hex:03>",0,0,0
3381,"Südliches Onsal Hakair",0,"",0,0,1,0,0,"<hex:020957E802FF1B>ins südliche Onsal Hakair<hex:FF1B>im südlichen Onsal Hakair<hex:FF1B>das südliche Onsal Hakair<hex:03>",0,0,0
3382,"Bagurchi Abjiya",0,"",0,0,1,0,0,"<hex:02093EE802FF15>nach Bagurchi Abjiya<hex:FF13>in Bagurchi Abjiya<hex:FF10>Bagurchi Abjiya<hex:03>",0,0,0
3383,"Bagurchis Sühne",0,"",0,0,1,0,0,"<hex:020941E802FF16>nach Bagurchis Sühne<hex:FF14>in Bagurchis Sühne<hex:FF11>Bagurchis Sühne<hex:03>",0,0,0
3384,"Bagurchis Vision",0,"",0,0,1,0,0,"<hex:020941E802FF16>nach Bagurchis Vision<hex:FF14>in Bagurchis Vision<hex:FF11>Bagurchis Vision<hex:03>",0,0,0
3385,"Chateau Cosmea",0,"",0,0,1,0,0,"<hex:02093FE802FF14>nach Chateau Cosmea<hex:FF12>in Chateau Cosmea<hex:FF13>das Chateau Cosmea<hex:03>",0,0,0
3386,"Marmorflügel",0,"",0,0,1,0,0,"",0,0,0
3387,"Blumenhof der Königlichen Gattin",0,"",0,0,1,0,0,"",0,0,0
3388,"Palais des Monarchen",0,"",0,0,1,0,0,"",0,0,0
3389,"Rittersaal",0,"",0,0,1,0,0,"",0,0,0
3390,"Waffenkammer",0,"",0,0,1,0,0,"",0,0,0
3391,"Drachenbecken",0,"",0,0,1,0,0,"",0,0,0
3392,"Fliedersaal",0,"",0,0,1,0,0,"",0,0,0
3393,"Heldengalerie",0,"",0,0,1,0,0,"",0,0,0
3394,"Prunksaal",0,"",0,0,1,0,0,"",0,0,0
3395,"Obergeschoss",0,"",0,0,1,0,0,"",0,0,0
3396,"Mittelbau",0,"",0,0,1,0,0,"",0,0,0
3397,"Untergeschoss",0,"",0,0,1,0,0,"",0,0,0
3398,"Fabriktiefen",0,"",0,0,1,0,0,"",0,0,0
3399,"Sektor 1",0,"",0,0,1,0,0,"",0,0,0
3400,"Sektor 2",0,"",0,0,1,0,0,"",0,0,0
3401,"Sektor 3",0,"",0,0,1,0,0,"",0,0,0
3402,"Sektor 4",0,"",0,0,1,0,0,"",0,0,0
3403,"Sektor 5",0,"",0,0,1,0,0,"",0,0,0
3404,"Warenlager A",0,"",0,0,1,0,0,"<hex:020938E802FF11>zum Warenlager A<hex:FF10>im Warenlager A<hex:FF11>das Warenlager A<hex:03>",0,0,0
3405,"Warenlager B",0,"",0,0,1,0,0,"<hex:020938E802FF11>zum Warenlager B<hex:FF10>im Warenlager B<hex:FF11>das Warenlager B<hex:03>",0,0,0
3406,"Warenkontrollhalle",0,"",0,0,1,0,0,"<hex:02094EE802FF17>zur Warenkontrollhalle<hex:FF1A>in der Warenkontrollhalle<hex:FF17>die Warenkontrollhalle<hex:03>",0,0,0
3407,"Abfalldeponie",0,"",0,0,1,0,0,"<hex:02093FE802FF12>zur Abfalldeponie<hex:FF15>in der Abfalldeponie<hex:FF12>die Abfalldeponie<hex:03>",0,0,0
3408,"Warenlager C",0,"",0,0,1,0,0,"<hex:020938E802FF11>zum Warenlager C<hex:FF10>im Warenlager C<hex:FF11>das Warenlager C<hex:03>",0,0,0
3409,"Helixgang",0,"",0,0,1,0,0,"<hex:02092FE802FF0E>zum Helixgang<hex:FF0D>im Helixgang<hex:FF0E>der Helixgang<hex:03>",0,0,0
3410,"Vorderes Deck",0,"",0,0,1,0,0,"<hex:02093FE802FF12>zum vorderen Deck<hex:FF16>auf dem vorderen Deck<hex:FF11>das vordere Deck<hex:03>",0,0,0
3411,"Hinteres Deck",0,"",0,0,1,0,0,"<hex:02093FE802FF12>zum hinteren Deck<hex:FF16>auf dem hinteren Deck<hex:FF11>das hintere Deck<hex:03>",0,0,0
3412,"Unschuldsfleck 1",0,"",0,0,1,0,0,"",0,0,0
3413,"Unschuldsfleck 2",0,"",0,0,1,0,0,"",0,0,0
3414,"Unschuldsfleck 3",0,"",0,0,1,0,0,"",0,0,0
3415,"Unschuldsfleck 4",0,"",0,0,1,0,0,"",0,0,0
3416,"Unschuldsfleck 5",0,"",0,0,1,0,0,"",0,0,0
3417,"Unschuldsfleck 6",0,"",0,0,1,0,0,"",0,0,0
3418,"Unschuldsfleck 7",0,"",0,0,1,0,0,"",0,0,0
3419,"Unschuldsfleck 8",0,"",0,0,1,0,0,"",0,0,0
3420,"Unschuldsfleck 9",0,"",0,0,1,0,0,"",0,0,0
3421,"Unschuldsfleck 10",0,"",0,0,1,0,0,"",0,0,0
3422,"Unschuldsfleck 11",0,"",0,0,1,0,0,"",0,0,0
3423,"Unschuldsfleck 12",0,"",0,0,1,0,0,"",0,0,0
3424,"Unschuldsfleck 13",0,"",0,0,1,0,0,"",0,0,0
3425,"Die kopierte Fabrik",0,"",0,0,1,0,0,"",0,0,0
3426,"Verlassenes Warenlager",0,"",0,0,1,0,0,"",0,0,0
3427,"Alter Stollen",0,"",0,0,1,0,0,"",0,0,0
3428,"Lyhe Mheg",0,"",0,0,1,0,0,"<hex:02092CE802FF0F>nach Lyhe Mheg<hex:FF0D>in Lyhe Mheg<hex:FF0A>Lyhe Mheg<hex:03>",0,0,0
3429,"Kaiserpalast",0,"",0,0,1,0,0,"",0,0,0
3430,"Innere Passage",0,"",0,0,1,0,0,"",0,0,0
3431,"Innerer Kaiserhof",0,"",0,0,1,0,0,"",0,0,0
3432,"Verbindungsgang",0,"",0,0,1,0,0,"",0,0,0
3433,"Hauptversorgung",0,"",0,0,1,0,0,"",0,0,0
3434,"Maschinenhangar",0,"",0,0,1,0,0,"",0,0,0
3435,"Himmelsstadt",0,"",0,0,1,0,0,"",0,0,0
3436,"Platz der Habenichtse",0,"",0,0,1,0,0,"",0,0,0
3437,"Obergeschoss",0,"",0,0,1,0,0,"",0,0,0
3438,"Mittelbau",0,"",0,0,1,0,0,"",0,0,0
3439,"Untergeschoss",0,"",0,0,1,0,0,"",0,0,0
3440,"Fabriktiefen",0,"",0,0,1,0,0,"",0,0,0
3441,"Die kopierte Fabrik",0,"",0,0,1,0,0,"",0,0,0
3442,"Verteidigungslinie Ghimlyt",0,"",0,0,1,0,0,"",0,0,0
3443,"Auf Hoher See",0,"",0,0,1,0,0,"<hex:02092FE802FF0E>zur Hohen See<hex:FF0E>auf Hoher See<hex:FF0D>die Hohe See<hex:03>",0,9000,0
3444,"Galadion-Bucht",0,"",0,0,1,0,0,"<hex:020940E802FF13>zur Galadion-Bucht<hex:FF15>in der Gladion-Bucht<hex:FF12>die Gladion-Bucht<hex:03>",0,0,0
3445,"Merlthorstraße (Süd)",0,"",0,0,1,0,0,"<hex:02095AE802FF1B>zur Merlthorstraße (Süd)<hex:FF1E>in der Merlthorstraße (Süd)<hex:FF1B>die Merlthorstraße (Süd)<hex:03>",0,0,0
3446,"Merlthorstraße (Nord)",0,"",0,0,1,0,0,"<hex:02095AE802FF1B>zur Merlthorstraße (Nord)<hex:FF1E>in der Merlthorstraße (Nord)<hex:FF1B>die Merlthorstraße (Nord)<hex:03>",0,0,0
3447,"Rhotano-See",0,"",0,0,1,0,0,"<hex:02093AE802FF10>zur Rhotano-See<hex:FF14>auf der Rhotano-See<hex:FF10>die Rhotano-See<hex:03>",0,0,0
3448,"Galadion-Bucht - Hochsee",0,"",0,0,1,0,0,"<hex:02095EE802FF1D>zur Galadion-Bucht - Hochsee<hex:FF1F>in der Gladion-Bucht - Hochsee<hex:FF1C>die Gladion-Bucht - Hochsee<hex:03>",0,0,0
3449,"Galadion-Bucht - Phantomströmung",0,"",0,0,1,0,0,"<hex:020979E802FF26>zur Galadion-Bucht - Phantomströmung<hex:FF28>in der Gladion-Bucht - Phantomströmung<hex:FF25>die Gladion-Bucht - Phantomströmung<hex:03>",0,0,0
3450,"Südliche Straße von Merlthor",0,"",0,0,1,0,0,"<hex:020974E802FF24>zur südlichen Straße von Merlthor<hex:FF27>in der südlichen Straße von Merlthor<hex:FF23>die südliche Straße von Merlthor<hex:03>",0,0,0
3451,"Merlthorstraße (Süd) - Phantomströmung",0,"",0,0,1,0,0,"<hex:020993E802FF2E>zur Merlthorstraße (Süd) - Phantomströmung<hex:FF31>in der Merlthorstraße (Süd) - Phantomströmung<hex:FF2E>die Merlthorstraße (Süd) - Phantomströmung<hex:03>",0,0,0
3452,"Nördliche Straße von Merlthor",0,"",0,0,1,0,0,"<hex:020977E802FF25>zur nördlichen Straße von Merlthor<hex:FF28>in der nördlichen Straße von Merlthor<hex:FF24>die nördliche Straße von Merlthor<hex:03>",0,0,0
3453,"Merlthorstraße (Nord) - Phantomströmung",0,"",0,0,1,0,0,"<hex:020993E802FF2E>zur Merlthorstraße (Nord) - Phantomströmung<hex:FF31>in der Merlthorstraße (Nord) - Phantomströmung<hex:FF2E>die Merlthorstraße (Nord) - Phantomströmung<hex:03>",0,0,0
3454,"Rhotano-See - Hochsee",0,"",0,0,1,0,0,"<hex:020958E802FF1A>zur Rhotano-See - Hochsee<hex:FF1E>auf der Rhotano-See - Hochsee<hex:FF1A>die Rhotano-See - Hochsee<hex:03>",0,0,0
3455,"Rhotano-See - Phantomströmung",0,"",0,0,1,0,0,"<hex:020973E802FF23>zur Rhotano-See - Phantomströmung<hex:FF27>auf der Rhotano-See - Phantomströmung<hex:FF23>die Rhotano-See - Phantomströmung<hex:03>",0,0,0
3456,"Tusi Mek'ta (Mitte)",0,"",0,0,1,0,0,"",0,1,0
3457,"Tusi Mek'ta (Süden)",0,"",0,0,1,0,0,"",0,1,0
3458,"Mjrls Tränen",0,"",0,0,1,0,0,"<hex:020938E802FF13>nach Mjrls Tränen<hex:FF11>in Mjrls Tränen<hex:FF0E>Mjrls Tränen<hex:03>",0,0,0
3459,"Bismarcks Stirn",0,"",0,0,1,0,0,"<hex:02093DE802FF13>zu Bismarcks Stirn<hex:FF14>auf Bismarcks Stirn<hex:FF10>Bismarcks Stirn<hex:03>",0,0,0
3460,"Garten der Erinnerungen",0,"",0,0,1,0,0,"<hex:02095DE802FF1C>zum Garten der Erinnerungen<hex:FF1F>in den Garten der Erinnerungen<hex:FF1C>der Garten der Erinnerungen<hex:03>",0,0,0
3461,"Halle der Erinnerungen",0,"",0,0,1,0,0,"<hex:02095AE802FF1B>zur Halle der Erinnerungen<hex:FF1E>in die Halle der Erinnerungen<hex:FF1B>die Halle der Erinnerungen<hex:03>",0,0,0
3462,"Platz der Katharsis",0,"",0,0,1,0,0,"<hex:020952E802FF18>zum Platz der Katharsis<hex:FF1C>auf den Platz der Katharsis<hex:FF18>der Platz der Katharsis<hex:03>",0,0,0
3463,"Platz der Doxa",0,"",0,0,1,0,0,"<hex:020943E802FF13>zum Platz der Doxa<hex:FF17>auf den Platz der Doxa<hex:FF13>der Platz der Doxa<hex:03>",0,0,0
3464,"Halle der Ideen",0,"",0,0,1,0,0,"<hex:020945E802FF14>zur Halle der Ideen<hex:FF17>in die Halle der Ideen<hex:FF14>die Halle der Ideen<hex:03>",0,0,0
3465,"Die Noesis",0,"",0,0,1,0,0,"<hex:02092AE802FF0B>zur Noesis<hex:FF0E>in die Noesis<hex:FF0B>die Noesis<hex:03>",0,0,0
3466,"Setebos-Tiefseegraben",0,"",0,0,1,0,0,"<hex:020957E802FF1A>zum Setebos-Tiefseegraben<hex:FF1D>in den Setebos-Tiefseegraben<hex:FF1A>der Setebos-Tiefseegraben<hex:03>",0,0,0
3467,"Anamnesis Anyder",0,"",0,0,1,0,0,"<hex:020948E802FF15>zur Anamnesis Anyder<hex:FF18>in der Anamnesis Anyder<hex:FF15>die Anamnesis Anyder<hex:03>",0,0,0
3468,"Gandoph-Donnersteppe",0,"",0,0,1,0,0,"<hex:020954E802FF19>zur Gandoph-Donnersteppe<hex:FF1C>in die Gandoph-Donnersteppe<hex:FF19>die Gandoph-Donnersteppe<hex:03>",0,0,0
3469,"Aschenfall",0,"",0,0,1,0,0,"<hex:02092FE802FF10>nach Aschenfall<hex:FF0E>in Aschenfall<hex:FF0B>Aschenfall<hex:03>",0,0,0
3470,"Das Deck",0,"",0,0,1,0,0,"<hex:02092BE802FF09>zum Deck<hex:FF08>im Deck<hex:FF14>der Zugang zum Deck<hex:03>",0,0,0
3471,"Halle der Prüfung",0,"",0,0,1,0,0,"<hex:02094EE802FF17>zur Halle der Prüfung<hex:FF1A>in der Halle der Prüfung<hex:FF17>die Halle der Prüfung<hex:03>",0,0,0
3472,"Hopls Pfropfen",0,"",0,0,1,0,0,"<hex:02093BE802FF14>nach Hopls Pfropfen<hex:FF12>in Hopls Pfropfen<hex:FF0F>Hopls Pfropfen<hex:03>",0,0,0
3473,"Kreuzkarst-Spalier",0,"",0,0,1,0,0,"<hex:02094FE802FF17>zum Kreuzkarst-Spalier<hex:FF1B>auf dem Kreuzkarst-Spalier<hex:FF17>das Kreuzkarst-Spalier<hex:03>",0,0,0
3474,"Estrade der Sankt Roelle",0,"",0,0,1,0,0,"<hex:020961E802FF1D>zur Estrade der Sankt Roelle<hex:FF21>auf der Estrade der Sankt Roelle<hex:FF1D>die Estrade der Sankt Roelle<hex:03>",0,0,0
3475,"Das Genist",0,"",0,0,1,0,0,"<hex:020926E802FF0B>zum Genist<hex:FF0A>im Genist<hex:FF0B>das Genist<hex:03>",0,0,0
3476,"Rolanbeeren-Feld",0,"",0,0,1,0,0,"<hex:020944E802FF15>zum Rolanbeeren-Feld<hex:FF14>im Rolanbeeren-Feld<hex:FF15>das Rolanbeeren-Feld<hex:03>",0,0,0
3477,"Die <hex:021A020203>Endeavor<hex:021A020103>",0,"",0,0,1,0,0,"<hex:020953E802FF1B>auf die <hex:021A020203>Endeavor<hex:021A020103><hex:FF1B>auf der <hex:021A020203>Endeavor<hex:021A020103><hex:FF17>die <hex:021A020203>Endeavor<hex:021A020103><hex:03>",0,0,0
3478,"Gangos",0,"",0,0,1,0,0,"<hex:020923E802FF0C>nach Gangos<hex:FF0A>in Gangos<hex:FF07>Gangos<hex:03>",0,0,0
3479,"Cids Gedächtnis",0,"",0,0,1,0,0,"<hex:02093FE802FF14>in Cids Gedächtnis<hex:FF14>in Cids Gedächtnis<hex:FF11>Cids Gedächtnis<hex:03>",0,0,0
3480,"Cardo Maximus",0,"",0,0,1,0,0,"<hex:020937E802FF12>zum Cardo Maximus<hex:FF11>im Cardo Maximus<hex:FF0E>Cardo Maximus<hex:03>",0,0,0
3481,"Insulae",0,"",0,0,1,0,0,"<hex:020926E802FF0D>nach Insulae<hex:FF0B>in Insulae<hex:FF08>Insulae<hex:03>",0,0,0
3482,"Bozja-Forum",0,"",0,0,1,0,0,"<hex:020935E802FF10>ins Bozja-Forum<hex:FF0F>im Bozja-Forum<hex:FF10>das Bozja-Forum<hex:03>",0,0,0
3483,"Praetentura",0,"",0,0,1,0,0,"<hex:020932E802FF11>nach Praetentura<hex:FF0F>in Praetentura<hex:FF0C>Praetentura<hex:03>",0,0,0
3484,"Principia",0,"",0,0,1,0,0,"<hex:02092CE802FF0F>nach Principia<hex:FF0D>in Principia<hex:FF0A>Principia<hex:03>",0,0,0
3485,"Lunare Sendeanlage",0,"",0,0,1,0,0,"<hex:020950E802FF18>zur lunaren Sendeanlage<hex:FF1B>in der lunaren Sendeanlage<hex:FF17>die lunare Sendeanlage<hex:03>",0,0,0
3486,"Signalkontrollstation",0,"",0,0,1,0,0,"<hex:020957E802FF1A>zur Signalkontrollstation<hex:FF1D>in der Signalkontrollstation<hex:FF1A>die Signalkontrollstation<hex:03>",0,0,0
3487,"Gletscher",0,"",0,0,1,0,0,"<hex:02092FE802FF0E>zum Gletscher<hex:FF0D>im Gletscher<hex:FF0E>der Gletscher<hex:03>",0,0,0
3488,"Gespaltener Gletscher",0,"",0,0,1,0,0,"<hex:020952E802FF1A>zum gespaltenen Gletscher<hex:FF19>im gespaltenen Gletscher<hex:FF19>der gespaltene Gletscher<hex:03>",0,0,0
3489,"Sturmumtostes Wolkenmeer",0,"",0,0,1,0,0,"<hex:02095AE802FF1C>ins sturmumtoste Wolkenmeer<hex:FF1C>im sturmumtosten Wolkenmeer<hex:FF1C>das sturmumtoste Wolkenmeer<hex:03>",0,0,0
3490,"Versunkener Vorplatz",0,"",0,0,1,0,0,"<hex:020954E802FF19>zum versunkenen Vorplatz<hex:FF1D>auf den versunkenen Vorplatz<hex:FF18>der versunkene Vorplatz<hex:03>",0,0,0
3491,"Versunkene Hallen",0,"",0,0,1,0,0,"<hex:02094FE802FF1A>zu den versunkenen Hallen<hex:FF1A>in den versunkenen Hallen<hex:FF15>die versunkene Halle<hex:03>",0,0,0
3492,"Die Puppenfestung",0,"",0,0,1,0,0,"<hex:02093FE802FF12>zur Puppenfestung<hex:FF15>in der Puppenfestung<hex:FF12>die Puppenfestung<hex:03>",0,0,0
3493,"Duergar-Gebirge",0,"",0,0,1,0,0,"<hex:020941E802FF14>zum Duergar-Gebirge<hex:FF13>im Duergar-Gebirge<hex:FF14>das Duergar-Gebirge<hex:03>",0,0,0
3494,"Der Bunker",0,"",0,0,1,0,0,"<hex:020926E802FF0B>zum Bunker<hex:FF0A>im Bunker<hex:FF0B>der Bunker<hex:03>",0,0,0
3495,"Aufzug",0,"",0,0,1,0,0,"<hex:020926E802FF0B>zum Aufzug<hex:FF0A>im Aufzug<hex:FF0B>der Aufzug<hex:03>",0,0,0
3496,"Alien-Schiff",0,"",0,0,1,0,0,"<hex:020938E802FF11>zum Alien-Schiff<hex:FF10>im Alien-Schiff<hex:FF11>das Alien-Schiff<hex:03>",0,0,0
3497,"Krater",0,"",0,0,1,0,0,"<hex:020926E802FF0B>zum Krater<hex:FF0A>im Krater<hex:FF0B>der Krater<hex:03>",0,0,0
3498,"Hangar",0,"",0,0,1,0,0,"<hex:020926E802FF0B>zum Hangar<hex:FF0A>im Hangar<hex:FF0B>der Hangar<hex:03>",0,0,0
3499,"Korridor",0,"",0,0,1,0,0,"<hex:02092CE802FF0D>zum Korridor<hex:FF0C>im Korridor<hex:FF0D>der Korridor<hex:03>",0,0,0
3500,"Kommando",0,"",0,0,1,0,0,"<hex:02092CE802FF0D>zum Kommando<hex:FF0C>im Kommando<hex:FF0D>das Kommando<hex:03>",0,0,0
3501,"Schacht",0,"",0,0,1,0,0,"<hex:020929E802FF0C>zum Schacht<hex:FF0B>im Schacht<hex:FF0C>der Schacht<hex:03>",0,0,0
3502,"Sektor A",0,"",0,0,1,0,0,"<hex:02092CE802FF0D>zum Sektor A<hex:FF0C>im Sektor A<hex:FF0D>der Sektor A<hex:03>",0,0,0
3503,"Sektor B",0,"",0,0,1,0,0,"<hex:02092CE802FF0D>zum Sektor B<hex:FF0C>im Sektor B<hex:FF0D>der Sektor B<hex:03>",0,0,0
3504,"Wrackteil A",0,"",0,0,1,0,0,"<hex:02093AE802FF10>zum Wrackteil A<hex:FF14>auf dem Wrackteil A<hex:FF10>das Wrackteil A<hex:03>",0,0,0
3505,"Wrackteil B",0,"",0,0,1,0,0,"<hex:02093AE802FF10>zum Wrackteil B<hex:FF14>auf dem Wrackteil B<hex:FF10>das Wrackteil B<hex:03>",0,0,0
3506,"Abschussdeck",0,"",0,0,1,0,0,"<hex:02093DE802FF11>zum Abschussdeck<hex:FF15>auf dem Abschussdeck<hex:FF11>das Abschussdeck<hex:03>",0,0,0
3507,"Kommando-II",0,"",0,0,1,0,0,"<hex:020935E802FF10>zum Kommando-II<hex:FF0F>im Kommando-II<hex:FF10>das Kommando-II<hex:03>",0,0,0
3508,"Korridor",0,"",0,0,1,0,0,"<hex:02092CE802FF0D>zum Korridor<hex:FF0C>im Korridor<hex:FF0D>der Korridor<hex:03>",0,0,0
3509,"Brücke",0,"",0,0,1,0,0,"<hex:02092EE802FF0C>zur Brücke<hex:FF10>auf der Brücke<hex:FF0C>die Brücke<hex:03>",0,0,0
3510,"2Bs Zimmer",0,"",0,0,1,0,0,"<hex:02092DE802FF0E>zu 2Bs Zimmer<hex:FF0E>in 2Bs Zimmer<hex:FF0B>2Bs Zimmer<hex:03>",0,0,0
3511,"Schlacht um Norvrandt",0,"",0,0,1,0,0,"<hex:020957E802FF1A>zur Schlacht um Norvrandt<hex:FF1D>in der Schlacht um Norvrandt<hex:FF1A>die Schlacht um Norvrandt<hex:03>",0,0,0
3512,"Amh Araeng",0,"",0,0,1,0,0,"<hex:02092FE802FF10>nach Amh Araeng<hex:FF0E>in Amh Araeng<hex:FF0B>Amh Araeng<hex:03>",0,0,0
3513,"Il Mheg",0,"",0,0,1,0,0,"<hex:020926E802FF0D>nach Il Mheg<hex:FF0B>in Il Mheg<hex:FF08>Il Mheg<hex:03>",0,0,0
3514,"Seenland",0,"",0,0,1,0,0,"<hex:02092CE802FF0D>ins Seenland<hex:FF0C>im Seenland<hex:FF0D>das Seenland<hex:03>",0,0,0
3515,"Vorplatz der Argai-Minen",0,"",0,0,1,0,0,"<hex:02095CE802FF1D>zum Vorplatz der Argai-Minen<hex:FF1C>im Vorplatz der Argai-Minen<hex:FF1D>der Vorplatz der Argai-Minen<hex:03>",0,0,0
3516,"Ballsaal der Grasgrummel",0,"",0,0,1,0,0,"<hex:02095CE802FF1D>zum Ballsaal der Grasgrummel<hex:FF1C>im Ballsaal der Grasgrummel<hex:FF1D>der Ballsaal der Grasgrummel<hex:03>",0,0,0
3517,"Platz der Erleuchteten",0,"",0,0,1,0,0,"<hex:02095BE802FF1B>zum Platz der Erleuchteten<hex:FF1F>auf dem Platz der Erleuchteten<hex:FF1B>der Platz der Erleuchteten<hex:03>",0,0,0
3518,"Verfallene Lorenspur",0,"",0,0,1,0,0,"<hex:020957E802FF1A>zur Verfallenen Lorenspur<hex:FF1E>auf der Verfallenen Lorenspur<hex:FF19>die Verfallene Lorenspur<hex:03>",0,0,0
3519,"Bernsteintal",0,"",0,0,1,0,0,"<hex:020938E802FF11>zum Bernsteintal<hex:FF10>im Bernsteintal<hex:FF11>das Bernsteintal<hex:03>",0,0,0
3520,"A' Milran",0,"",0,0,1,0,0,"<hex:02092CE802FF0F>nach A' Milran<hex:FF0D>in A' Milran<hex:FF0A>A' Milran<hex:03>",0,0,0
3521,"Versunkener Himmelspfad",0,"",0,0,1,0,0,"<hex:02095DE802FF1C>zum Versunkenen Himmelspfad<hex:FF20>auf dem Versunkenen Himmelspfad<hex:FF1B>der Versunkene Himmelspfad<hex:03>",0,0,0
3522,"Staoigh Creach",0,"",0,0,1,0,0,"<hex:02093BE802FF14>nach Staoigh Creach<hex:FF12>in Staoigh Creach<hex:FF0F>Staoigh Creach<hex:03>",0,0,0
3523,"Schlaflose Wacht",0,"",0,0,1,0,0,"<hex:02094AE802FF16>zur Schlaflosen Wacht<hex:FF19>in der Schlaflosen Wacht<hex:FF15>die Schlaflose Wacht<hex:03>",0,0,0
3524,"Erleuchtetes Refugium",0,"",0,0,1,0,0,"<hex:020952E802FF1A>zum Erleuchteten Refugium<hex:FF19>im Erleuchteten Refugium<hex:FF19>das Erleuchtete Refugium<hex:03>",0,0,0
3525,"Federfall-Quartier",0,"",0,0,1,0,0,"",0,0,0
3526,"Zweigstelle der Himmelsstahl-Werkstätte",0,"",0,0,1,0,0,"",0,0,0
3527,"Allee des Abakus",0,"",0,0,1,0,0,"",0,0,0
3528,"Raureif-Refugium",0,"",0,0,1,0,0,"",0,0,0
3529,"Utya-Gemarkung",0,"",0,0,1,0,0,"",0,0,0
3530,"Olana-Trutz",0,"",0,0,1,0,0,"",0,0,0
3531,"Lunya-Trutz",0,"",0,0,1,0,0,"",0,0,0
3532,"Windbrecher-Wolkengipfel",0,"",0,0,1,0,0,"<hex:02095CE802FF1D>zum Windbrecher-Wolkengipfel<hex:FF1C>am Windbrecher-Wolkengipfel<hex:FF1D>der Windbrecher-Wolkengipfel<hex:03>",0,0,0
3533,"Sturmwind-Wolkengipfel",0,"",0,0,1,0,0,"<hex:020956E802FF1B>zum Sturmwind-Wolkengipfel<hex:FF1A>am Sturmwind-Wolkengipfel<hex:FF1B>der Sturmwind-Wolkengipfel<hex:03>",0,0,0
3534,"Bozja-Südfront",0,"",0,0,1,0,0,"",0,0,5
3535,"Castrum Lacus Litore",0,"",0,0,1,0,0,"",0,0,0
3536,"Südschanze",0,"",0,0,1,0,0,"",0,0,0
3537,"Ruinen von Alt-Bozja",0,"",0,0,1,0,0,"",0,0,0
3538,"Burgstadt Alermuc",0,"",0,0,1,0,0,"",0,0,0
3539,"Äußere des Castrums",0,"",0,0,1,0,0,"",0,0,0
3540,"Innere des Castrums",0,"",0,0,1,0,0,"",0,0,0
3541,"Hauptplatz der Wachen",0,"",0,0,1,0,0,"<hex:020958E802FF1A>zum Hauptplatz der Wachen<hex:FF1E>auf dem Hauptplatz der Wachen<hex:FF1A>der Hauptplatz der Wachen<hex:03>",0,0,0
3542,"Verlorene Ruinen",0,"",0,0,1,0,0,"",0,0,0
3543,"Aschepfuhl",0,"",0,0,1,0,0,"",0,0,0
3544,"Platz des Kämpferischen Adlers",0,"",0,0,1,0,0,"<hex:020976E802FF24>zum Platz des Kämpferischen Adlers<hex:FF28>auf dem Platz des Kämpferischen Adlers<hex:FF24>der Platz des Kämpferischen Adlers<hex:03>",0,0,0
3545,"Haupttor",0,"",0,0,1,0,0,"<hex:02092CE802FF0D>zum Haupttor<hex:FF0C>am Haupttor<hex:FF0D>das Haupttor<hex:03>",0,0,0
3546,"Flugplatz",0,"",0,0,1,0,0,"<hex:020934E802FF0E>zum Flugplatz<hex:FF12>auf dem Flugplatz<hex:FF0E>der Flugplatz<hex:03>",0,0,0
3547,"Halle des Bestienkönigs",0,"",0,0,1,0,0,"<hex:020960E802FF1D>zur Halle des Bestienkönigs<hex:FF20>in der Halle des Bestienkönigs<hex:FF1D>die Halle des Bestienkönigs<hex:03>",0,0,0
3548,"Podest des Bestienkönigs",0,"",0,0,1,0,0,"<hex:02095FE802FF1E>zum Podest des Bestienkönigs<hex:FF1D>am Podest des Bestienkönigs<hex:FF1E>der Podest des Bestienkönigs<hex:03>",0,0,0
3549,"Ruinenstadt",0,"",0,0,1,0,0,"",0,0,0
3550,"DII-I",0,"",0,0,1,0,0,"",0,0,0
3551,"DII-II",0,"",0,0,1,0,0,"",0,0,0
3552,"DII-III",0,"",0,0,1,0,0,"",0,0,0
3553,"DII-IV",0,"",0,0,1,0,0,"",0,0,0
3554,"DII-V",0,"",0,0,1,0,0,"",0,0,0
3555,"DII-VI",0,"",0,0,1,0,0,"",0,0,0
3556,"SII-I",0,"",0,0,1,0,0,"",0,0,0
3557,"SII-II",0,"",0,0,1,0,0,"",0,0,0
3558,"SII-III",0,"",0,0,1,0,0,"",0,0,0
3559,"SII-IV",0,"",0,0,1,0,0,"",0,0,0
3560,"SII-V",0,"",0,0,1,0,0,"",0,0,0
3561,"SII-VI",0,"",0,0,1,0,0,"",0,0,0
3562,"DI-I",0,"",0,0,1,0,0,"",0,0,0
3563,"DI-II",0,"",0,0,1,0,0,"",0,0,0
3564,"DI-III",0,"",0,0,1,0,0,"",0,0,0
3565,"SI-I",0,"",0,0,1,0,0,"",0,0,0
3566,"SI-II",0,"",0,0,1,0,0,"",0,0,0
3567,"SI-III",0,"",0,0,1,0,0,"",0,0,0
3568,"Der Kaiserliche Thron",0,"",0,0,1,0,0,"<hex:020949E802FF17>zum Kaiserlichen Thron<hex:FF16>am Kaiserlichen Thron<hex:FF16>der Kaiserliche Thron<hex:03>",0,0,0
3569,"Interdimensionaler Riss",0,"",0,0,1,0,0,"<hex:020988E802FF28>zum Inter<hex:02160103>dimen<hex:02160103>sio<hex:02160103>nalen Riss<hex:FF27>im Inter<hex:02160103>dimen<hex:02160103>sio<hex:02160103>nalen Riss<hex:FF33>der Zugang zum Inter<hex:02160103>dimen<hex:02160103>sio<hex:02160103>nalen Riss<hex:03>",0,0,0
3570,"Wendeklipp-Küste",0,"",0,0,1,0,0,"",0,0,0
3571,"Wendeklipp",0,"",0,0,1,0,0,"",0,0,0
3572,"Anoggs Zimmer",0,"",0,0,1,0,0,"<hex:020936E802FF11>zu Anoggs Zimmer<hex:FF11>in Anoggs Zimmer<hex:FF0E>Anoggs Zimmer<hex:03>",0,0,0
3573,"Zwielichtsaal",0,"",0,0,1,0,0,"<hex:020946E802FF12>zum Zwielichtsaal<hex:FF11>im Zwielichtsaal<hex:FF1D>der Zugang zum Zwielichtsaal<hex:03>",0,0,0
3574,"Watts-Werkstatt für Hammerprojekte",0,"",0,0,1,0,0,"<hex:020981E802FF28>zur Watts-Werkstatt für Hammerprojekte<hex:FF2B>in der Watts-Werkstatt für Hammerprojekte<hex:FF28>die Watts-Werkstatt für Hammerprojekte<hex:03>",0,0,0
3575,"Steva-Feldposten",0,"",0,0,1,0,0,"<hex:020944E802FF15>zum Steva-Feldposten<hex:FF14>am Steva-Feldposten<hex:FF15>der Steva-Feldposten<hex:03>",0,0,0
3576,"Die Puppenfestung",0,"",0,0,1,0,0,"<hex:02093FE802FF12>zur Puppenfestung<hex:FF15>in der Puppenfestung<hex:FF12>die Puppenfestung<hex:03>",0,0,0
3577,"Duergar-Gebirge",0,"",0,0,1,0,0,"<hex:020941E802FF14>zum Duergar-Gebirge<hex:FF13>im Duergar-Gebirge<hex:FF14>das Duergar-Gebirge<hex:03>",0,0,0
3578,"Der Bunker",0,"",0,0,1,0,0,"<hex:020926E802FF0B>zum Bunker<hex:FF0A>im Bunker<hex:FF0B>der Bunker<hex:03>",0,0,0
3579,"Aufzug",0,"",0,0,1,0,0,"<hex:020926E802FF0B>zum Aufzug<hex:FF0A>im Aufzug<hex:FF0B>der Aufzug<hex:03>",0,0,0
3580,"Alien-Schiff",0,"",0,0,1,0,0,"<hex:020938E802FF11>zum Alien-Schiff<hex:FF10>im Alien-Schiff<hex:FF11>das Alien-Schiff<hex:03>",0,0,0
3581,"Trockendock von Castrum Marinum",0,"",0,0,1,0,0,"<hex:020971E802FF24>zum Trockendock von Castrum Marinum<hex:FF23>im Trockendock von Castrum Marinum<hex:FF24>das Trockendock von Castrum Marinum<hex:03>",0,0,0
3582,"Schoß der Erde",0,"",0,0,1,0,0,"<hex:020941E802FF14>zum Schoß der Erde<hex:FF13>im Schoß der Erde<hex:FF14>der Schoß der Erde<hex:03>",0,0,0
3583,"Schoß der Ströme",0,"",0,0,1,0,0,"<hex:02094AE802FF17>zum Schoß der Ströme<hex:FF16>im Schoß der Ströme<hex:FF17>der Schoß der Ströme<hex:03>",0,0,0
3584,"Schoß der Flammen",0,"",0,0,1,0,0,"<hex:02094AE802FF17>zum Schoß der Flammen<hex:FF16>im Schoß der Flammen<hex:FF17>der Schoß der Flammen<hex:03>",0,0,0
3585,"Schoß der Hexerei",0,"",0,0,1,0,0,"<hex:02094AE802FF17>zum Schoß der Hexerei<hex:FF16>im Schoß der Hexerei<hex:FF17>der Schoß der Hexerei<hex:03>",0,0,0
3586,"Lehmgrube",0,"",0,0,1,0,0,"<hex:020933E802FF0E>zur Lehmgrube<hex:FF11>in der Lehmgrube<hex:FF0E>die Lehmgrube<hex:03>",0,0,0
3587,"Stromkreuz",0,"",0,0,1,0,0,"<hex:020932E802FF0F>zum Stromkreuz<hex:FF0E>im Stromkreuz<hex:FF0F>das Stromkreuz<hex:03>",0,0,0
3588,"Glutherz",0,"",0,0,1,0,0,"<hex:02092CE802FF0D>zum Glutherz<hex:FF0C>im Glutherz<hex:FF0D>das Glutherz<hex:03>",0,0,0
3589,"Geht-Weg-Werkstatt",0,"",0,0,1,0,0,"<hex:02094EE802FF17>zur Geht-Weg-Werkstatt<hex:FF1A>in der Geht-Weg-Werkstatt<hex:FF17>die Geht-Weg-Werkstatt<hex:03>",0,0,0
3590,"Matoyas Atelier",0,"",0,0,1,0,0,"<hex:02093CE802FF13>zu Matoyas Atelier<hex:FF13>in Matoyas Atelier<hex:FF10>Matoyas Atelier<hex:03>",0,0,0
3591,"Schoß der Erde",0,"",0,0,1,0,0,"<hex:020941E802FF14>zum Schoß der Erde<hex:FF13>im Schoß der Erde<hex:FF14>der Schoß der Erde<hex:03>",0,0,0
3592,"Schoß der Ströme",0,"",0,0,1,0,0,"<hex:02094AE802FF17>zum Schoß der Ströme<hex:FF16>im Schoß der Ströme<hex:FF17>der Schoß der Ströme<hex:03>",0,0,0
3593,"Schoß der Flammen",0,"",0,0,1,0,0,"<hex:02094AE802FF17>zum Schoß der Flammen<hex:FF16>im Schoß der Flammen<hex:FF17>der Schoß der Flammen<hex:03>",0,0,0
3594,"Schoß der Hexerei",0,"",0,0,1,0,0,"<hex:02094AE802FF17>zum Schoß der Hexerei<hex:FF16>im Schoß der Hexerei<hex:FF17>der Schoß der Hexerei<hex:03>",0,0,0
3595,"Verlies von Eulmore",0,"",0,0,1,0,0,"",0,0,0
3596,"Nichtssphäre",0,"",0,0,1,0,0,"",0,0,0
3597,"Delubrum Reginae",0,"",0,0,1,0,0,"<hex:020944E802FF15>ins Delubrum Reginae<hex:FF14>im Delubrum Reginae<hex:FF15>das Delubrum Reginae<hex:03>",0,0,0
3598,"Obere Ebene",0,"",0,0,1,0,0,"<hex:02093FE802FF14>auf die obere Ebene<hex:FF15>auf der oberen Ebene<hex:FF10>die obere Ebene<hex:03>",0,0,0
3599,"Untere Ebene",0,"",0,0,1,0,0,"<hex:020941E802FF15>auf die untere Ebene<hex:FF15>auf der untere Ebene<hex:FF11>die untere Ebene<hex:03>",0,0,0
3600,"Verborgene Ebene",0,"",0,0,1,0,0,"<hex:02094EE802FF19>auf die verborgene Ebene<hex:FF1A>auf der verborgenen Ebene<hex:FF15>die verborgene Ebene<hex:03>",0,0,0
3601,"Verwilderter Vorhof",0,"",0,0,1,0,0,"<hex:02094FE802FF1B>in den verwilderten Vorhof<hex:FF17>im verwilderten Vorhof<hex:FF17>der verwilderte Vorhof<hex:03>",0,0,0
3602,"Verlassene Kaserne",0,"",0,0,1,0,0,"<hex:020952E802FF1A>in die verlassene Kaserne<hex:FF1B>in der verlassenen Kaserne<hex:FF17>die verlassene Kaserne<hex:03>",0,0,0
3603,"Vergessener Kornspeicher",0,"",0,0,1,0,0,"<hex:02094FE802FF1B>in den verwilderten Vorhof<hex:FF17>im verwilderten Vorhof<hex:FF17>der verwilderte Vorhof<hex:03>",0,0,0
3604,"Verwaiste Kammern",0,"",0,0,1,0,0,"<hex:020951E802FF1A>in die verwaisten Kammern<hex:FF1A>in den verwaisten Kammern<hex:FF17>die verwaisten Kammern<hex:03>",0,0,0
3605,"Verschlossener Eingang",0,"",0,0,1,0,0,"<hex:020958E802FF1E>in den verschlossenen Eingang<hex:FF1A>im verschlossenen Eingang<hex:FF1A>der verschlossene Eingang<hex:03>",0,0,0
3606,"Halle des Schweigenden Gebets",0,"",0,0,1,0,0,"<hex:020972E802FF25>in die Halle des Schweigenden Gebets<hex:FF25>in der Halle des Schweigenden Gebets<hex:FF22>die Halle des Schweigenden Gebets<hex:03>",0,0,0
3607,"Versteckte Treppen",0,"",0,0,1,0,0,"<hex:020956E802FF1C>auf die versteckten Treppen<hex:FF1C>auf den versteckten Treppen<hex:FF18>die versteckten Treppen<hex:03>",0,0,0
3608,"Verschwiegener Schrein",0,"",0,0,1,0,0,"<hex:020958E802FF1E>in den verschwiegenen Schrein<hex:FF1A>im verschwiegenen Schrein<hex:FF1A>der verschwiegene Schrein<hex:03>",0,0,0
3609,"Ruhender Altar",0,"",0,0,1,0,0,"<hex:020940E802FF16>in den Ruhenden Altar<hex:FF12>im Ruhenden Altar<hex:FF12>der Ruhende Altar<hex:03>",0,0,0
3610,"Stilles Sanktum",0,"",0,0,1,0,0,"<hex:02093FE802FF13>ins Stille Sanktum<hex:FF13>im Stillen Sanktum<hex:FF13>das Stille Sanktum<hex:03>",0,0,0
3611,"Einsame Arena",0,"",0,0,1,0,0,"<hex:020943E802FF15>in die Einsame Arena<hex:FF16>in der Einsamen Arena<hex:FF12>die Einsame Arena<hex:03>",0,0,0
3612,"Saal der Löwin",0,"",0,0,1,0,0,"<hex:020944E802FF17>in den Saal der Löwin<hex:FF13>im Saal der Löwin<hex:FF14>der Saal der Löwin<hex:03>",0,0,0
3613,"Große Gebetshalle",0,"",0,0,1,0,0,"<hex:020952E802FF1A>in die große Gebetshalle<hex:FF1B>in der großen Gebetshalle<hex:FF17>die große Gebetshalle<hex:03>",0,0,0
3614,"Halle des Orakels",0,"",0,0,1,0,0,"<hex:02094EE802FF19>in die Halle des Orakels<hex:FF19>in der Halle des Orakels<hex:FF16>die Halle des Orakels<hex:03>",0,0,0
3615,"Saal des Löwen",0,"",0,0,1,0,0,"<hex:020944E802FF17>in den Saal des Löwen<hex:FF13>im Saal des Löwen<hex:FF14>der Saal des Löwen<hex:03>",0,0,0
3616,"Ort des Klingenden Kristalls",0,"",0,0,1,0,0,"<hex:02096BE802FF24>an den Ort des Klingenden Kristalls<hex:FF20>am Ort des Klingenden Kristalls<hex:FF21>der Ort des Klingenden Kristalls<hex:03>",0,0,0
3617,"Zimmer der Abgeschiedenheit",0,"",0,0,1,0,0,"<hex:020965E802FF20>ins Zimmer der Abgeschiedenheit<hex:FF1F>im Zimmer der Abgeschiedenheit<hex:FF20>das Zimmer der Abgeschiedenheit<hex:03>",0,0,0
3618,"Sanktuarium des Lebens",0,"",0,0,1,0,0,"<hex:020956E802FF1B>ins Sanktuarium des Lebens<hex:FF1A>im Sanktuarium des Lebens<hex:FF1B>das Sanktuarium des Lebens<hex:03>",0,0,0
3619,"Saal der Dienerinnen",0,"",0,0,1,0,0,"<hex:020953E802FF1C>in den Saal der Dienerinnen<hex:FF18>im Saal der Dienerinnen<hex:FF19>der Saal der Dienerinnen<hex:03>",0,0,0
3620,"Burg Selard",0,"",0,0,1,0,0,"",0,0,0
3621,"Cieldaläen - Hochsee",0,"",0,0,1,0,0,"<hex:02095AE802FF1D>zu den Cieldaläen - Hochsee<hex:FF1D>in den Cieldaläen - Hochsee<hex:FF1A>die Cieldaläen - Hochsee<hex:03>",0,0,0
3622,"Cieldaläen - Phantomströmung",0,"",0,0,1,0,0,"<hex:020975E802FF26>zu den Cieldaläen - Phantomströmung<hex:FF26>in den Cieldaläen - Phantomströmung<hex:FF23>die Cieldaläen - Phantomströmung<hex:03>",0,0,0
3623,"Schwerblütiges Meer - Hochsee",0,"",0,0,1,0,0,"<hex:02096EE802FF23>zum Schwerblütigen Meer - Hochsee<hex:FF22>im Schwerblütigen Meer - Hochsee<hex:FF23>das Schwerblütigen Meer - Hochsee<hex:03>",0,0,0
3624,"Schwerblütiges Meer - Phantomströmung",0,"",0,0,1,0,0,"<hex:020989E802FF2C>zum Schwerblütigen Meer - Phantomströmung<hex:FF2B>im Schwerblütigen Meer - Phantomströmung<hex:FF2C>das Schwerblütigen Meer - Phantomströmung<hex:03>",0,0,0
3625,"Rothlyt-Meerbusen - Hochsee",0,"",0,0,1,0,0,"<hex:020965E802FF20>zum Rothlyt-Meerbusen - Hochsee<hex:FF1F>im Rothlyt-Meerbusen - Hochsee<hex:FF20>der Rothlyt-Meerbusen - Hochsee<hex:03>",0,0,0
3626,"Rothlyt-Meerbusen - Phantomströmung",0,"",0,0,1,0,0,"<hex:020980E802FF29>zum Rothlyt-Meerbusen - Phantomströmung<hex:FF28>im Rothlyt-Meerbusen - Phantomströmung<hex:FF29>der Rothlyt-Meerbusen - Phantomströmung<hex:03>",0,0,0
3627,"Östliche Rubinsee",0,"",0,0,1,0,0,"",0,1,0
3628,"<hex:021A020203>Kobayashi Maru<hex:021A020103> (Norden)",0,"",0,0,1,0,0,"",0,1,0
3629,"Versunkene Dschunke (Süden)",0,"",0,0,1,0,0,"",0,1,0
3630,"Azim Khaat (Süden)",0,"",0,0,1,0,0,"",0,1,0
3631,"Seldsee (Tiefen)",0,"",0,0,1,0,0,"",0,1,0
3632,"Insel der Erkenntnis (Osten)",0,"",0,0,1,0,0,"",0,1,0
3633,"Großes Spiegelchen (Osten)",0,"",0,0,1,0,0,"",0,1,0
3634,"Tusi Mek'ta (Tiefen)",0,"",0,0,1,0,0,"",0,1,0
3635,"Nimmerwo-Garten",0,"",0,0,1,0,0,"",0,0,0
3636,"Kurhaus Rouchemande",0,"",0,0,1,0,0,"<hex:02094DE802FF18>zum Kurhaus Rouchemande<hex:FF17>im Kurhaus Rouchemande<hex:FF18>das Kurhaus Rouchemande<hex:03>",0,0,0
3637,"Füllfederpfad",0,"",0,0,1,0,0,"<hex:02093EE802FF13>zum Füllfederpfad<hex:FF12>am Füllfederpfad<hex:FF13>der Füllfederpfad<hex:03>",0,0,0
3638,"Balladenpassage",0,"",0,0,1,0,0,"<hex:020945E802FF14>zur Balladenpassage<hex:FF17>in der Balladenpassage<hex:FF14>die Balladenpassage<hex:03>",0,0,0
3639,"Thermalbad Winterwonne",0,"",0,0,1,0,0,"<hex:020956E802FF1B>zum Thermalbad Winterwonne<hex:FF1A>im Thermalbad Winterwonne<hex:FF1B>das Thermalbad Winterwonne<hex:03>",0,0,0
3640,"Himmelsang",0,"",0,0,1,0,0,"<hex:02092FE802FF10>nach Himmelsang<hex:FF0E>in Himmelsang<hex:FF0B>Himmelsang<hex:03>",0,0,0
3641,"Inseln der Cieldaläen",0,"",0,0,1,0,0,"",0,0,0
3642,"Schwerblütiges Meer",0,"",0,0,1,0,0,"",0,0,0
3643,"Rothlyt-Meerbusen",0,"",0,0,1,0,0,"",0,0,0
3644,"Das Karussell von Lyhe Ghiah",0,"",0,0,1,0,0,"<hex:02095FE802FF20>in das Karussell von Lyhe Ghiah<hex:FF1C>im Karussell von Lyhe Ghiah<hex:FF1D>das Karussell von Lyhe Ghiah<hex:03>",0,0,0
3645,"Östliches Himmelsang",0,"",0,0,1,0,0,"<hex:02094FE802FF1A>zum östlichen Himmelsang<hex:FF19>im östlichen Himmelsang<hex:FF16>Östliches Himmelsang<hex:03>",0,0,0
3646,"Westliches Himmelsang",0,"",0,0,1,0,0,"<hex:02094FE802FF1A>zum westlichen Himmelsang<hex:FF19>im westlichen Himmelsang<hex:FF16>Westliches Himmelsang<hex:03>",0,0,0
3647,"Der Turm, Paradigmenbrecher",0,"",0,0,1,0,0,"<hex:020959E802FF1C>zum Turm, Paradigmenbrecher<hex:FF1B>im Turm, Paradigmenbrecher<hex:FF1C>der Turm, Paradigmenbrecher<hex:03>",0,0,0
3648,"Untergeschoss",0,"",0,0,1,0,0,"<hex:02093BE802FF12>zum Untergeschoss<hex:FF11>im Untergeschoss<hex:FF12>das Untergeschoss<hex:03>",0,0,0
3649,"Egokollektiv A",0,"",0,0,1,0,0,"<hex:02093EE802FF13>zum Egokollektiv A<hex:FF12>im Egokollektiv A<hex:FF13>das Egokollektiv A<hex:03>",0,0,0
3650,"Egokollektiv B",0,"",0,0,1,0,0,"<hex:02093EE802FF13>zum Egokollektiv B<hex:FF12>im Egokollektiv B<hex:FF13>das Egokollektiv B<hex:03>",0,0,0
3651,"Einschienenbahn",0,"",0,0,1,0,0,"<hex:020945E802FF14>zur Einschienenbahn<hex:FF17>in der Einschienenbahn<hex:FF14>die Einschienenbahn<hex:03>",0,0,0
3652,"Dachgeschoss",0,"",0,0,1,0,0,"<hex:020938E802FF11>zum Dachgeschoss<hex:FF10>im Dachgeschoss<hex:FF11>das Dachgeschoss<hex:03>",0,0,0
3653,"Egokollektiv C",0,"",0,0,1,0,0,"<hex:02093EE802FF13>zum Egokollektiv C<hex:FF12>im Egokollektiv C<hex:FF13>das Egokollektiv C<hex:03>",0,0,0
3654,"Sperrgebiet A",0,"",0,0,1,0,0,"<hex:02093BE802FF12>zum Sperrgebiet A<hex:FF11>im Sperrgebiet A<hex:FF12>das Sperrgebiet A<hex:03>",0,0,0
3655,"Sperrgebiet B",0,"",0,0,1,0,0,"<hex:02093BE802FF12>zum Sperrgebiet B<hex:FF11>im Sperrgebiet B<hex:FF12>das Sperrgebiet B<hex:03>",0,0,0
3656,"Sammelknoten A",0,"",0,0,1,0,0,"<hex:02093EE802FF13>zum Sammelknoten A<hex:FF12>im Sammelknoten A<hex:FF13>der Sammelknoten A<hex:03>",0,0,0
3657,"Sammelknoten B",0,"",0,0,1,0,0,"<hex:02093EE802FF13>zum Sammelknoten B<hex:FF12>im Sammelknoten B<hex:FF13>der Sammelknoten B<hex:03>",0,0,0
3658,"Sammelknoten C",0,"",0,0,1,0,0,"<hex:02093EE802FF13>zum Sammelknoten C<hex:FF12>im Sammelknoten C<hex:FF13>der Sammelknoten C<hex:03>",0,0,0
3659,"Sammelknoten D",0,"",0,0,1,0,0,"<hex:02093EE802FF13>zum Sammelknoten D<hex:FF12>im Sammelknoten D<hex:FF13>der Sammelknoten D<hex:03>",0,0,0
3660,"Aufzug",0,"",0,0,1,0,0,"<hex:020926E802FF0B>zum Aufzug<hex:FF0A>im Aufzug<hex:FF0B>der Aufzug<hex:03>",0,0,0
3661,"Zenit",0,"",0,0,1,0,0,"<hex:020928E802FF0A>zum Zenit<hex:FF0E>auf dem Zenit<hex:FF0A>der Zenit<hex:03>",0,0,0
3662,"Zadnor-Hochebene",0,"",0,0,1,0,0,"<hex:020949E802FF15>zur Zadnor-Hochebene<hex:FF19>auf der Zadnor-Hochebene<hex:FF15>die Zadnor-Hochebene<hex:03>",0,0,6
3663,"Gefechtsplattform des G-Retters",0,"",0,0,1,0,0,"",0,0,0
3664,"Vrdelnis-Gemarkung",0,"",0,0,1,0,0,"<hex:02094EE802FF17>zur Vrdelnis-Gemarkung<hex:FF1A>in der Vrdelnis-Gemarkung<hex:FF17>die Vrdelnis-Gemarkung<hex:03>",0,0,0
3665,"Außenposten Zuprtik",0,"",0,0,1,0,0,"<hex:020950E802FF19>zum Außenposten Zuprtik<hex:FF18>im Außenposten Zuprtik<hex:FF19>der Außenposten Zuprtik<hex:03>",0,0,0
3666,"Außenposten Ljeban",0,"",0,0,1,0,0,"<hex:02094DE802FF18>zum Außenposten Ljeban<hex:FF17>im Außenposten Ljeban<hex:FF18>der Außenposten Ljeban<hex:03>",0,0,0
3667,"Außenposten Hrmovir",0,"",0,0,1,0,0,"<hex:020950E802FF19>zum Außenposten Hrmovir<hex:FF18>im Außenposten Hrmovir<hex:FF19>der Außenposten Hrmovir<hex:03>",0,0,0
3668,"Südliches Plateau",0,"",0,0,1,0,0,"<hex:02094EE802FF17>zum südlichen Plateau<hex:FF1B>auf dem südlichen Plateau<hex:FF16>das südliche Plateau<hex:03>",0,0,0
3669,"Westliches Plateau",0,"",0,0,1,0,0,"<hex:02094EE802FF17>zum westlichen Plateau<hex:FF1B>auf dem westlichen Plateau<hex:FF16>das westliche Plateau<hex:03>",0,0,0
3670,"Nördliches Plateau",0,"",0,0,1,0,0,"<hex:020951E802FF18>zum nördlichen Plateau<hex:FF1C>auf dem nördlichen Plateau<hex:FF17>das nördliche Plateau<hex:03>",0,0,0
3671,"Castellum Zadnori",0,"",0,0,1,0,0,"<hex:020948E802FF17>nach Castellum Zadnori<hex:FF15>in Castellum Zadnori<hex:FF16>das Castellum Zadnori<hex:03>",0,0,0
3672,"Kriegsbug",0,"",0,0,1,0,0,"<hex:020934E802FF0E>zum Kriegsbug<hex:FF12>auf dem Kriegsbug<hex:FF0E>der Kriegsbug<hex:03>",0,0,0
3673,"Flaggendeck",0,"",0,0,1,0,0,"<hex:02093AE802FF10>zum Flaggendeck<hex:FF14>auf dem Flaggendeck<hex:FF10>das Flaggendeck<hex:03>",0,0,0
3674,"Allagische Gruben",0,"",0,0,1,0,0,"<hex:020951E802FF1A>zu den allagischen Gruben<hex:FF1A>in den allagischen Gruben<hex:FF17>die allagischen Gruben<hex:03>",0,0,0
3675,"Kriegsschiff-Ankerplatz",0,"",0,0,1,0,0,"<hex:02095EE802FF1C>zum Kriegsschiff-Ankerplatz<hex:FF20>auf dem Kriegsschiff-Ankerplatz<hex:FF1C>der Kriegsschiff-Ankerplatz<hex:03>",0,0,0
3676,"Ladebereich",0,"",0,0,1,0,0,"<hex:020935E802FF10>zum Ladebereich<hex:FF0F>im Ladebereich<hex:FF10>der Ladebereich<hex:03>",0,0,0
3677,"Ladekontrollraum",0,"",0,0,1,0,0,"<hex:020944E802FF15>zum Ladekontrollraum<hex:FF14>im Ladekontrollraum<hex:FF15>der Ladekontrollraum<hex:03>",0,0,0
3678,"Bereich Magitek-Forschung",0,"",0,0,1,0,0,"<hex:02095FE802FF1E>zum Bereich Magitek-Forschung<hex:FF1D>im Bereich Magitek-Forschung<hex:FF1E>der Bereich Magitek-Forschung<hex:03>",0,0,0
3679,"Bereich Antriebssteuerung",0,"",0,0,1,0,0,"<hex:02095FE802FF1E>zum Bereich Antriebssteuerung<hex:FF1D>im Bereich Antriebssteuerung<hex:FF1E>der Bereich Antriebssteuerung<hex:03>",0,0,0
3680,"Großer Stauraum",0,"",0,0,1,0,0,"<hex:020943E802FF15>zum Großen Stauraum<hex:FF14>im Großen Stauraum<hex:FF14>der Große Stauraum<hex:03>",0,0,0
3681,"Eingestürzte Grube",0,"",0,0,1,0,0,"<hex:020956E802FF1C>zu der eingestürzten Grube<hex:FF1C>in der eingestürzten Grube<hex:FF18>die eingestürzte Grube<hex:03>",0,0,0
3682,"Die <hex:021A020203>Dalriada<hex:021A020103>",0,"",0,0,1,0,0,"<hex:020951E802FF1A>in die <hex:021A020203>Dalriada<hex:021A020103><hex:FF1A>in der <hex:021A020203>Dalriada<hex:021A020103><hex:FF17>die <hex:021A020203>Dalriada<hex:021A020103><hex:03>",0,0,0
3683,"Hühnerstall der Träumerin ",0,"",0,0,1,0,0,"<hex:020965E802FF20>zum Hühnerstall der Träumerin<hex:FF1F>im Hühnerstall der Träumerin<hex:FF20>der Hühnerstall der Träumerin<hex:03>",0,0,0
3684,"Grund des Mondes",0,"",0,0,1,0,0,"<hex:020944E802FF15>zum Grund des Mondes<hex:FF14>am Grund des Mondes<hex:FF15>der Grund des Mondes<hex:03>",0,0,0
3685,"Urkristall",0,"",0,0,1,0,0,"<hex:020932E802FF0F>zum Urkristall<hex:FF0E>am Urkristall<hex:FF0F>der Urkristall<hex:03>",0,0,0
3686,"Am Rande des Endes",0,"",0,0,1,0,0,"<hex:020940E802FF14>zum Rande des Endes<hex:FF13>am Rande des Endes<hex:FF13>der Rand des Endes<hex:03>",0,0,0
3687,"Empyreum",0,"",0,0,1,0,0,"<hex:02092FE802FF10>in das Empyreum<hex:FF0C>im Empyreum<hex:FF0D>das Empyreum<hex:03>",0,0,0
3688,"[Erweiterung] Empyreum",0,"",0,0,1,0,0,"",0,0,0
3689,"Privathütte (Empyreum)",0,"",0,0,1,0,0,"<hex:02092DE802FF14>zu der Privathütte<hex:FF14>in der Privathütte<hex:03>",0,0,0
3690,"Privathaus (Empyreum)",0,"",0,0,1,0,0,"<hex:020929E802FF12>zu dem Privathaus<hex:FF12>in dem Privathaus<hex:03>",0,0,0
3691,"Privatresidenz (Empyreum)",0,"",0,0,1,0,0,"<hex:020931E802FF16>zu der Privatresidenz<hex:FF16>in der Privatresidenz<hex:03>",0,0,0
3692,"Empyreum - Zimmer",0,"",0,0,1,0,0,"<hex:020954E802FF27>in die persönlichen Zimmer (Empyreum)<hex:FF28>in den persönlichen Zimmern (Empyreum)<hex:03>",0,0,0
3693,"Ge<hex:02160103>sell<hex:02160103>schaftswerkstätte: Empyreum",0,"",0,0,1,0,0,"",0,0,0
3694,"Adlerblick (Eingangshalle)",0,"",0,0,1,0,0,"<hex:020965E802FF22>in den Adlerblick (Eingangshalle)<hex:FF22>in dem Adlerblick (Eingangshalle)<hex:FF1B>Adlerblick (Eingangshalle)<hex:03>",0,0,0
3695,"Adlerblick (Wohnung)",0,"",0,0,1,0,0,"<hex:020953E802FF1C>in den Adlerblick (Wohnung)<hex:FF1C>in dem Adlerblick (Wohnung)<hex:FF15>Adlerblick (Wohnung)<hex:03>",0,0,0
3696,"Lustiges Bankett",0,"",0,0,1,0,0,"<hex:020952E802FF1C>in den Lustigen Bankettsaal<hex:FF18>im Lustigen Bankettsaal<hex:FF18>der Lustige Bankettsaal<hex:03>",0,0,0
3697,"Zimmer von Junior Pierrot",0,"",0,0,1,0,0,"<hex:020962E802FF21>in das Zimmer von Junior Pierrot<hex:FF1D>im Zimmer von Junior Pierrot<hex:FF1E>das Zimmer von Junior Pierrot<hex:03>",0,0,0
3698,"Zimmer von Mama Pierrot",0,"",0,0,1,0,0,"<hex:02095CE802FF1F>in das Zimmer von Mama Pierrot<hex:FF1B>im Zimmer von Mama Pierrot<hex:FF1C>das Zimmer von Mama Pierrot<hex:03>",0,0,0
3699,"Zimmer von Gevatter Pierrot",0,"",0,0,1,0,0,"<hex:020968E802FF23>in das Zimmer von Gevatter Pierrot<hex:FF1F>im Zimmer von Gevatter Pierrot<hex:FF20>das Zimmer von Gevatter Pierrot<hex:03>",0,0,0
3700,"Ursprungs<hex:02160103>welt",0,"",0,0,1,0,0,"<hex:02094EE802FF19>in die Ursprungs<hex:02160103>welt<hex:FF19>in der Ursprungs<hex:02160103>welt<hex:FF16>die Ursprungs<hex:02160103>welt<hex:03>",0,0,0
3701,"Erste Splitter<hex:02160103>welt",0,"",0,0,1,0,0,"<hex:02095FE802FF1F>in die ersten Splitter<hex:02160103>welt<hex:FF1F>in der ersten Splitter<hex:02160103>welt<hex:FF1B>die erste Splitter<hex:02160103>welt<hex:03>",0,0,0
3702,"Nördliche Meere",0,"",0,0,1,0,0,"<hex:020950E802FF19>in die nördlichen Meere<hex:FF1B>auf den nördlichen Meeren<hex:FF16>die nördlichen Meere<hex:03>",0,1300,0
3703,"Ilsabard",0,"",0,0,1,0,0,"<hex:020929E802FF0E>nach Ilsabard<hex:FF0C>in Ilsabard<hex:FF09>Ilsabard<hex:03>",0,1400,0
3704,"Kosmos",0,"",0,0,1,0,0,"<hex:02092AE802FF0E>in den Kosmos<hex:FF0A>im Kosmos<hex:FF0C>der Kosmons<hex:03>",0,1500,7
3705,"Unzersplitterte Welt",0,"",0,0,1,0,0,"<hex:020958E802FF1C>in die unzersplitterte Welt<hex:FF1D>in der unzersplitterten Welt<hex:FF19>die unzersplitterte Welt<hex:03>",0,1600,9
3706,"Alt-Sharlayan",0,"",0,0,1,0,0,"<hex:020938E802FF13>nach Alt-Sharlayan<hex:FF11>in Alt-Sharlayan<hex:FF0E>Alt-Sharlayan<hex:03>",0,0,0
3707,"Radz-at-Han",0,"",0,0,1,0,0,"<hex:020932E802FF11>nach Radz-at-Han<hex:FF0F>in Radz-at-Han<hex:FF0C>Radz-at-Han<hex:03>",0,0,0
3708,"Labyrinthos",0,"",0,0,1,0,0,"<hex:020935E802FF10>zum Labyrinthos<hex:FF0F>im Labyrinthos<hex:FF10>das Labyrinthos<hex:03>",0,0,0
3709,"Thavnair",0,"",0,0,1,0,0,"<hex:020929E802FF0E>nach Thavnair<hex:FF0C>in Thavnair<hex:FF09>Thavnair<hex:03>",0,0,0
3710,"Garlemald",0,"",0,0,1,0,0,"<hex:02092CE802FF0F>nach Garlemald<hex:FF0D>in Garlemald<hex:FF0A>Garlemald<hex:03>",0,0,0
3711,"Mare Lamentorum",0,"",0,0,1,0,0,"<hex:020946E802FF14>ins Mare Lamentorum<hex:FF18>auf dem Mare Lamentorum<hex:FF14>das Mare Lamentorum<hex:03>",0,0,7
3712,"Ultima Thule",0,"",0,0,1,0,0,"<hex:020935E802FF12>nach Ultima Thule<hex:FF10>in Ultima Thule<hex:FF0D>Ultima Thule<hex:03>",0,0,8
3713,"Elpis",0,"",0,0,1,0,0,"<hex:020920E802FF0B>nach Elpis<hex:FF09>in Elpis<hex:FF06>Elpis<hex:03>",0,0,9
3714,"Morgenglanz",0,"",0,0,1,0,0,"",0,0,0
3715,"Südost-Empyreum",0,"",0,0,1,0,0,"",0,0,0
3716,"Zentral-Empyreum",0,"",0,0,1,0,0,"",0,0,0
3717,"Südwest-Empyreum",0,"",0,0,1,0,0,"",0,0,0
3718,"Adlerblick",0,"",0,0,1,0,0,"",0,0,0
3719,"Nordwest-Empyreum",0,"",0,0,1,0,0,"",0,0,0
3720,"Ost-Empyreum",0,"",0,0,1,0,0,"",0,0,0
3721,"Nordost-Empyreum",0,"",0,0,1,0,0,"",0,0,0
3722,"[Erweiterung] Morgenglanz",0,"",0,0,1,0,0,"",0,0,0
3723,"[Erweiterung] Südwest-Empyreum",0,"",0,0,1,0,0,"",0,0,0
3724,"[Erweiterung] Zentral-Empyreum",0,"",0,0,1,0,0,"",0,0,0
3725,"[Erweiterung] Nordwest-Empyreum",0,"",0,0,1,0,0,"",0,0,0
3726,"[Erweiterung] Adlerblick",0,"",0,0,1,0,0,"",0,0,0
3727,"[Erweiterung] Nordost-Empyreum",0,"",0,0,1,0,0,"",0,0,0
3728,"[Erweiterung] Süd-Empyreum",0,"",0,0,1,0,0,"",0,0,0
3729,"[Erweiterung] Südost-Empyreum",0,"",0,0,1,0,0,"",0,0,0
3730,"Ätherregulation",0,"",0,0,1,0,0,"<hex:02094BE802FF18>in die Ätherregulation<hex:FF18>in der Ätherregulation<hex:FF15>die Ätherregulation<hex:03>",0,0,0
3731,"Glaubensextraktion",0,"",0,0,1,0,0,"<hex:020951E802FF1A>in die Glaubensextraktion<hex:FF1A>in der Glaubensextraktion<hex:FF17>die Glaubensextraktion<hex:03>",0,0,0
3732,"Glaubensexpansion",0,"",0,0,1,0,0,"<hex:02094EE802FF19>in die Glaubensexpansion<hex:FF19>in der Glaubensexpansion<hex:FF16>die Glaubensexpansion<hex:03>",0,0,0
3733,"Gelass der Finesse",0,"",0,0,1,0,0,"<hex:02094DE802FF1A>in das Gelass der Finesse<hex:FF16>im Gelass der Finesse<hex:FF17>das Gelass der Finesse<hex:03>",0,0,0
3734,"Gelass des Reichtums",0,"",0,0,1,0,0,"<hex:020953E802FF1C>in das Gelass des Reichtums<hex:FF18>im Gelass des Reichtums<hex:FF19>das Gelass des Reichtums<hex:03>",0,0,0
3735,"Gelass der Weisheit",0,"",0,0,1,0,0,"<hex:020950E802FF1B>in das Gelass der Weisheit<hex:FF17>im Gelass der Weisheit<hex:FF18>das Gelass der Weisheit<hex:03>",0,0,0
3736,"Turm von Zot",0,"",0,0,1,0,0,"<hex:02093BE802FF14>in den Turm von Zot<hex:FF10>im Turm von Zot<hex:FF11>der Turm von Zot<hex:03>",0,0,0
3737,"Basisebene",0,"",0,0,1,0,0,"<hex:020939E802FF12>in die Basisebene<hex:FF12>in der Basisebene<hex:FF0F>die Basisebene<hex:03>",0,0,0
3738,"Zentralebene",0,"",0,0,1,0,0,"<hex:02093FE802FF14>in die Zentralebene<hex:FF14>in der Zentralebene<hex:FF11>die Zentralebene<hex:03>",0,0,0
3739,"Primärebene",0,"",0,0,1,0,0,"<hex:02093FE802FF14>in die Primärebene<hex:FF14>in der Primärebene<hex:FF11>die Primärebene<hex:03>",0,0,0
3740,"Labyrinthos",0,"",0,0,1,0,0,"<hex:020935E802FF10>zum Labyrinthos<hex:FF0F>im Labyrinthos<hex:FF10>das Labyrinthos<hex:03>",0,0,0
3741,"Thavnair",0,"",0,0,1,0,0,"<hex:020929E802FF0E>nach Thavnair<hex:FF0C>in Thavnair<hex:FF09>Thavnair<hex:03>",0,0,0
3742,"Kosmos",0,"",0,0,1,0,0,"<hex:02092AE802FF0E>in den Kosmos<hex:FF0A>im Kosmos<hex:FF0C>der Kosmons<hex:03>",0,0,7
3743,"Unzersplitterte Welt",0,"",0,0,1,0,0,"<hex:020958E802FF1C>in die unzersplitterte Welt<hex:FF1D>in der unzersplitterten Welt<hex:FF19>die unzersplitterte Welt<hex:03>",0,0,9
3744,"Alt-Sharlayan",0,"",0,0,1,0,0,"<hex:020938E802FF13>nach Alt-Sharlayan<hex:FF11>in Alt-Sharlayan<hex:FF0E>Alt-Sharlayan<hex:03>",0,0,0
3745,"Radz-at-Han",0,"",0,0,1,0,0,"<hex:020932E802FF11>nach Radz-at-Han<hex:FF0F>in Radz-at-Han<hex:FF0C>Radz-at-Han<hex:03>",0,0,0
3746,"Akyaali (Süd)",0,"",0,0,1,0,0,"",0,1,0
3747,"Akyaali (West)",0,"",0,0,1,0,0,"",0,1,0
3748,"Daemirs Werk (Süd)",0,"",0,0,1,0,0,"",0,1,0
3749,"Mayaquell",0,"",0,0,1,0,0,"<hex:02092FE802FF0E>zum Mayaquell<hex:FF0D>am Mayaquell<hex:FF0E>der Mayaquell<hex:03>",0,1,0
3750,"Akyaali-See",0,"",0,0,1,0,0,"<hex:02093AE802FF10>zur Akyaali-See<hex:FF14>auf der Akyaali-See<hex:FF10>die Akyaali-See<hex:03>",0,1,0
3751,"Onokoro (Nord)",0,"",0,0,1,0,0,"<hex:02093CE802FF14>nach Onokoro (Nord)<hex:FF13>auf Onokoro (Nord)<hex:FF0F>Onokoro (Nord)<hex:03>",0,1,0
3752,"Isari-Hang",0,"",0,0,1,0,0,"<hex:020932E802FF0F>zum Isari-Hang<hex:FF0E>am Isari-Hang<hex:FF0F>der Isari-Hang<hex:03>",0,1,0
3753,"Exil",0,"",0,0,1,0,0,"<hex:020920E802FF09>ins Exil<hex:FF08>am Exil<hex:FF09>das Exil<hex:03>",0,1,0
3754,"Bekko (Nordost)",0,"",0,0,1,0,0,"<hex:02093FE802FF15>nach Bekko (Nordost)<hex:FF14>auf Bekko (Nordost)<hex:FF10>Bekko (Nordost)<hex:03>",0,1,0
3755,"Grenzinsel (Ost)",0,"",0,0,1,0,0,"<hex:020946E802FF14>zur Grenzinsel (Ost<hex:FF18>auf der Grenzinsel (Ost<hex:FF14>die Grenzinsel (Ost<hex:03>",0,1,0
3756,"Onokoro (Nordwest)",0,"",0,0,1,0,0,"<hex:020948E802FF18>nach Onokoro (Nordwest)<hex:FF17>auf Onokoro (Nordwest)<hex:FF13>Onokoro (Nordwest)<hex:03>",0,1,0
3757,"Anemonengärten",0,"",0,0,1,0,0,"<hex:020948E802FF17>zu den Anemonengärten<hex:FF17>in den Anemonengärten<hex:FF14>die Anemonengärten<hex:03>",0,1,0
3758,"Seldsee (Nordost)",0,"",0,0,1,0,0,"<hex:020943E802FF16>zum Seldsee (Nordost)<hex:FF15>am Seldsee (Nordost)<hex:FF12>Seldsee (Nordost)<hex:03>",0,1,0
3759,"Ktisis Hyperboreia",0,"",0,0,1,0,0,"<hex:02094AE802FF17>ins Ktisis Hyperboreia<hex:FF16>im Ktisis Hyperboreia<hex:FF17>das Ktisis Hyperboreia<hex:03>",0,0,0
3760,"Kontinentalebene",0,"",0,0,1,0,0,"<hex:02094DE802FF19>auf die Kontinentalebene<hex:FF19>auf der Kontinentalebene<hex:FF15>die Kontinentalebene<hex:03>",0,0,0
3761,"Forschungsebene",0,"",0,0,1,0,0,"<hex:02094AE802FF18>auf die Forschungsebene<hex:FF18>auf der Forschungsebene<hex:FF14>die Forschungsebene<hex:03>",0,0,0
3762,"Untere Aerialebene",0,"",0,0,1,0,0,"<hex:020954E802FF1B>auf die untere Aerialebene<hex:FF1C>auf der unteren Aerialebene<hex:FF17>die untere Aerialebene<hex:03>",0,0,0
3763,"Kontinentale Beobachtung",0,"",0,0,1,0,0,"<hex:020962E802FF1E>zur Kontinentalen Beobachtung<hex:FF21>in der Kontinentalen Beobachtung<hex:FF1D>die Kontinentale Beobachtung<hex:03>",0,0,0
3764,"Celestrische Beobachtung",0,"",0,0,1,0,0,"<hex:020962E802FF1E>zur Celestrischen Beobachtung<hex:FF21>in der Celestrischen Beobachtung<hex:FF1D>die Celestrische Beobachtung<hex:03>",0,0,0
3765,"Astrale Beobachtung",0,"",0,0,1,0,0,"<hex:020953E802FF19>zur Astralen Beobachtung<hex:FF1C>in der Astralen Beobachtung<hex:FF18>die Astrale Beobachtung<hex:03>",0,0,0
3766,"Kaltzone",0,"",0,0,1,0,0,"<hex:020933E802FF10>in die Kaltzone<hex:FF10>in der Kaltzone<hex:FF0D>die Kaltzone<hex:03>",0,0,0
3767,"Konzeptbewertung",0,"",0,0,1,0,0,"<hex:020948E802FF15>zur Konzeptbewertung<hex:FF18>in der Konzeptbewertung<hex:FF15>die Konzeptbewertung<hex:03>",0,0,0
3768,"Astralzone",0,"",0,0,1,0,0,"<hex:020939E802FF12>in die Astralzone<hex:FF12>in der Astralzone<hex:FF0F>die Astralzone<hex:03>",0,0,0
3769,"Pforten des Pandæmoniums",0,"",0,0,1,0,0,"<hex:020966E802FF21>zu den Pforten des Pandæmoniums<hex:FF21>an den Pforten des Pandæmoniums<hex:FF1E>die Pforten des Pandæmoniums<hex:03>",0,0,0
3770,"Smileton",0,"",0,0,1,0,0,"<hex:020929E802FF0E>nach Smileton<hex:FF0C>in Smileton<hex:FF09>Smileton<hex:03>",0,0,0
3771,"Draußen",0,"",0,0,1,0,0,"<hex:02092CE802FF0D>ins Draußen<hex:FF0C>im Draußen<hex:FF0D>das Draußen<hex:03>",0,0,0
3772,"Drinnen",0,"",0,0,1,0,0,"<hex:020929E802FF0C>ins Drinnen<hex:FF0B>im Drinnen<hex:FF0C>das Drinnen<hex:03>",0,0,0
3773,"Irgendwo",0,"",0,0,1,0,0,"<hex:02092CE802FF0D>ins Irgendwo<hex:FF0C>im Irgendwo<hex:FF0D>das Irgendwo<hex:03>",0,0,0
3774,"Tor des Breiten Lächelns",0,"",0,0,1,0,0,"<hex:02095FE802FF1E>zum Tor des Breiten Lächelns<hex:FF1D>am Tor des Breiten Lächelns<hex:FF1E>das Tor des Breiten Lächelns<hex:03>",0,0,0
3775,"Herzlich-Willkommen-Halle",0,"",0,0,1,0,0,"<hex:020963E802FF1E>zur Herzlich-Willkommen-Halle<hex:FF21>in der Herzlich-Willkommen-Halle<hex:FF1E>die Herzlich-Willkommen-Halle<hex:03>",0,0,0
3776,"Hauptrahmen",0,"",0,0,1,0,0,"<hex:020935E802FF10>zum Hauptrahmen<hex:FF0F>am Hauptrahmen<hex:FF10>der Hauptrahmen<hex:03>",0,0,0
3777,"Große-Weite-Welt-Stadt",0,"",0,0,1,0,0,"<hex:020961E802FF1E>zur Großen-Weiten-Welt-Stadt<hex:FF21>in der Großen-Weiten-Welt-Stadt<hex:FF1C>die Große-Weite-Welt-Stadt<hex:03>",0,0,0
3778,"Schöner-Wohnen-Stätte",0,"",0,0,1,0,0,"<hex:02095DE802FF1C>zur Schöner-Wohnen-Stätte<hex:FF1F>in der Schöner-Wohnen-Stätte<hex:FF1C>die Schöner-Wohnen-Stätte<hex:03>",0,0,0
3779,"Einfach-Entspannen-Stube",0,"",0,0,1,0,0,"<hex:020960E802FF1D>zur Einfach-Entspannen-Stube<hex:FF20>in der Einfach-Entspannen-Stube<hex:FF1D>die Einfach-Entspannen-Stube<hex:03>",0,0,0
3780,"Süße-Klänge-Konzerthalle",0,"",0,0,1,0,0,"<hex:020969E802FF20>zur Süße-Klänge-Konzerthalle<hex:FF23>in der Süße-Klänge-Konzerthalle<hex:FF20>die Süße-Klänge-Konzerthalle<hex:03>",0,0,0
3781,"Noch-Nicht-Fertig (Tut uns leid!)",0,"",0,0,1,0,0,"<hex:020977E802FF26>ins Noch-Nicht-Fertig (Tut uns leid!)<hex:FF25>im Noch-Nicht-Fertig (Tut uns leid!)<hex:FF26>das Noch-Nicht-Fertig (Tut uns leid!)<hex:03>",0,0,0
3782,"Straße des Glücks",0,"",0,0,1,0,0,"<hex:020951E802FF18>zur Straße des Glücks<hex:FF1B>in der Straße des Glücks<hex:FF18>die Straße des Glücks<hex:03>",0,0,0
3783,"Stigma-4",0,"",0,0,1,0,0,"<hex:02092AE802FF0E>nach Stigma-4<hex:FF0D>auf Stigma-4<hex:FF09>Stigma-4<hex:03>",0,0,0
3784,"Alphatron",0,"",0,0,1,0,0,"<hex:02092DE802FF0F>nach Alphatron<hex:FF0E>auf Alphatron<hex:FF0A>Alphatron<hex:03>",0,0,0
3785,"Asteroidengürtel",0,"",0,0,1,0,0,"<hex:02094AE802FF19>in den Asteroidengürtel<hex:FF15>im Asteroidengürtel<hex:FF16>der Asteroidengürtel<hex:03>",0,0,0
3786,"Drachenstern",0,"",0,0,1,0,0,"<hex:020941E802FF15>auf den Drachenstern<hex:FF15>auf dem Drachenstern<hex:FF11>der Drachenstern<hex:03>",0,0,0
3787,"Alphatron",0,"",0,0,1,0,0,"<hex:02092DE802FF0F>nach Alphatron<hex:FF0E>auf Alphatron<hex:FF0A>Alphatron<hex:03>",0,0,0
3788,"Hauptstadt der Gordona-Zivilisation",0,"",0,0,1,0,0,"<hex:020984E802FF2B>in die Hauptstadt der Gordona-Zivilisation<hex:FF2B>in der Hauptstadt der Gordona-Zivilisation<hex:FF28>die Hauptstadt der Gordona-Zivilisation<hex:03>",0,0,0
3789,"Drachenstern",0,"",0,0,1,0,0,"<hex:020941E802FF15>auf den Drachenstern<hex:FF15>auf dem Drachenstern<hex:FF11>der Drachenstern<hex:03>",0,0,0
3790,"Waffenfabrik",0,"",0,0,1,0,0,"<hex:02093FE802FF14>in die Waffenfabrik<hex:FF14>in der Waffenfabrik<hex:FF11>die Waffenfabrik<hex:03>",0,0,0
3791,"Kommando A4",0,"",0,0,1,0,0,"<hex:020930E802FF0F>zu Kommando A4<hex:FF0F>in Kommando A4<hex:FF0C>Kommando A4<hex:03>",0,0,0
3792,"Operation A4",0,"",0,0,1,0,0,"<hex:020933E802FF10>zu Operation A4<hex:FF10>in Operation A4<hex:FF0D>Operation A4<hex:03>",0,0,0
3793,"Außenposten A4",0,"",0,0,1,0,0,"<hex:02093CE802FF13>zu Außenposten A4<hex:FF13>in Außenposten A4<hex:FF10>Außenposten A4<hex:03>",0,0,0
3794,"Hauptquartier A4",0,"",0,0,1,0,0,"<hex:02093FE802FF14>zu Hauptquartier A4<hex:FF14>in Hauptquartier A4<hex:FF11>Hauptquartier A4<hex:03>",0,0,0
3795,"Hellebardenspalier",0,"",0,0,1,0,0,"<hex:02094AE802FF17>zum Hellebardenspalier<hex:FF16>am Hellebardenspalier<hex:FF17>das Hellebardenspalier<hex:03>",0,0,0
3796,"[Erweiterung] Hellebardenspalier",0,"",0,0,1,0,0,"",0,0,0
3797,"Glühender Limbus",0,"",0,0,1,0,0,"<hex:020946E802FF16>zum glühenden Limbus<hex:FF15>im glühenden Limbus<hex:FF15>der glühende Limbus<hex:03>",0,0,0
3798,"Trister Limbus",0,"",0,0,1,0,0,"<hex:02093DE802FF13>zum tristen Limbus<hex:FF12>im tristen Limbus<hex:FF12>der triste Limbus<hex:03>",0,0,0
3799,"Alexandria",0,"",0,0,1,0,0,"<hex:02092FE802FF10>nach Alexandria<hex:FF0E>in Alexandria<hex:FF0B>Alexandria<hex:03>",0,0,0
3800,"Magieakademie",0,"",0,0,1,0,0,"<hex:020942E802FF15>in die Magieakademie<hex:FF15>in der Magieakademie<hex:FF12>die Magieakademie<hex:03>",0,1301,0
3801,"Phänomenon",0,"",0,0,1,0,0,"<hex:020938E802FF13>in das Phänomenon<hex:FF0F>im Phänomenon<hex:FF10>das Phänomenon<hex:03>",0,1302,0
3802,"Schöpferkolleg",0,"",0,0,1,0,0,"<hex:020944E802FF17>in das Schöpferkolleg<hex:FF13>im Schöpferkolleg<hex:FF14>das Schöpferkolleg<hex:03>",0,1303,0
3803,"Sammlerkolleg",0,"",0,0,1,0,0,"<hex:02093EE802FF15>in das Sammlerkolleg<hex:FF11>im Sammlerkolleg<hex:FF12>das Sammlerkolleg<hex:03>",0,1304,0
3804,"Auditorium",0,"",0,0,1,0,0,"<hex:020932E802FF0F>ins Auditorium<hex:FF0E>im Auditorium<hex:FF0F>das Auditorium<hex:03>",0,1305,0
3805,"Noumenon",0,"",0,0,1,0,0,"<hex:02092FE802FF10>in das Noumenon<hex:FF0C>im Noumenon<hex:FF0D>das Noumenon<hex:03>",0,1306,0
3806,"Monopteros des Diskurses",0,"",0,0,1,0,0,"<hex:02095FE802FF20>in das Monopteros des Diskurses<hex:FF1C>im Monopteros des Diskurses<hex:FF1D>das Monopteros des Diskurses<hex:03>",0,1307,0
3807,"Hain der Einkehr",0,"",0,0,1,0,0,"<hex:020947E802FF18>in den Hain der Einkehr<hex:FF14>im Hain der Einkehr<hex:FF15>der Hain der Einkehr<hex:03>",0,1308,0
3808,"Monopteros der Denker",0,"",0,0,1,0,0,"<hex:020956E802FF1D>in das Monopteros der Denker<hex:FF19>im Monopteros der Denker<hex:FF1A>das Monopteros der Denker<hex:03>",0,1309,0
3809,"Garten der Exegeten",0,"",0,0,1,0,0,"<hex:020950E802FF1B>in den Garten der Exegeten<hex:FF17>im Garten der Exegeten<hex:FF18>der Garten der Exegeten<hex:03>",0,1310,0
3810,"Forum",0,"",0,0,1,0,0,"<hex:020926E802FF0D>in das Forum<hex:FF09>im Forum<hex:FF0A>das Forum<hex:03>",0,1311,0
3811,"Halle der Kunst<hex:02160103>fer<hex:02160103>tig<hex:02160103>keit",0,"",0,0,1,0,0,"<hex:02098AE802FF2D>in die Halle der Kunst<hex:02160103>fer<hex:02160103>tig<hex:02160103>keit<hex:FF2D>in der Halle der Kunst<hex:02160103>fer<hex:02160103>tig<hex:02160103>keit<hex:FF2A>die Halle der Kunst<hex:02160103>fer<hex:02160103>tig<hex:02160103>keit<hex:03>",0,1312,0
3812,"Nymphaeum",0,"",0,0,1,0,0,"<hex:020932E802FF11>in das Nymphaeum<hex:FF0D>im Nymphaeum<hex:FF0E>das Nymphaeum<hex:03>",0,1313,0
3813,"Konfluenz",0,"",0,0,1,0,0,"<hex:020936E802FF11>in die Konfluenz<hex:FF11>in der Konfluenz<hex:FF0E>die Konfluenz<hex:03>",0,1314,0
3814,"Ätherytenplatz",0,"",0,0,1,0,0,"<hex:02092CE802FF14>zum Ätherytenplatz<hex:FF13>am Ätherytenplatz<hex:03>",0,1315,0
3815,"Agora",0,"",0,0,1,0,0,"<hex:02092AE802FF0D>in die Agora<hex:FF0D>in der Agora<hex:FF0A>die Agora<hex:03>",0,1316,0
3816,"Baldesions Annex",0,"",0,0,1,0,0,"<hex:02093FE802FF14>in Baldesions Annex<hex:FF14>in Baldesions Annex<hex:FF11>Baldesions Annex<hex:03>",0,1317,0
3817,"Hauptsaal",0,"",0,0,1,0,0,"<hex:020932E802FF11>in den Hauptsaal<hex:FF0D>im Hauptsaal<hex:FF0E>der Hauptsaal<hex:03>",0,1318,0
3818,"Ruheräume",0,"",0,0,1,0,0,"<hex:020939E802FF12>in die Ruheräume<hex:FF12>in den Ruheräume<hex:FF0F>die Ruheräume<hex:03>",0,1319,0
3819,"Hügel der Gestrandeten",0,"",0,0,1,0,0,"<hex:02095EE802FF1C>zum Hügel der Gestrandeten<hex:FF20>auf dem Hügel der Gestrandeten<hex:FF1C>der Hügel der Gestrandeten<hex:03>",0,1320,0
3820,"Anwesen der Leveilleurs",0,"",0,0,1,0,0,"<hex:020959E802FF1C>zum Anwesen der Leveilleurs<hex:FF1B>im Anwesen der Leveilleurs<hex:FF1C>das Anwesen der Leveilleurs<hex:03>",0,1321,0
3821,"Platz der Papageientaucher",0,"",0,0,1,0,0,"<hex:020967E802FF1F>zum Platz der Papageientaucher<hex:FF23>auf dem Platz der Papageientaucher<hex:FF1F>der Platz der Papageientaucher<hex:03>",0,1322,0
3822,"Thaliaks Pforte",0,"",0,0,1,0,0,"<hex:02093DE802FF13>zu Thaliaks Pforte<hex:FF14>bei Thaliaks Pforte<hex:FF10>Thaliaks Pforte<hex:03>",0,1323,0
3823,"Letzte Bastion",0,"",0,0,1,0,0,"<hex:020945E802FF16>in die Letzte Bastion<hex:FF16>in der Letzte Bastion<hex:FF13>die Letzte Bastion<hex:03>",0,1324,0
3824,"Nyunkrepfs Blick",0,"",0,0,1,0,0,"<hex:020940E802FF14>zu Nyunkrepfs Blick<hex:FF15>bei Nyunkrepfs Blick<hex:FF11>Nyunkrepfs Blick<hex:03>",0,1325,0
3825,"Thaliaks Stoa",0,"",0,0,1,0,0,"<hex:020936E802FF11>zu Thaliaks Stoa<hex:FF11>an Thaliaks Stoa<hex:FF0E>Thaliaks Stoa<hex:03>",0,1326,0
3826,"Der Forscher",0,"",0,0,1,0,0,"<hex:02092CE802FF0D>zum Forscher<hex:FF0C>am Forscher<hex:FF0D>der Forscher<hex:03>",0,1327,0
3827,"Peristyl",0,"",0,0,1,0,0,"<hex:02092FE802FF10>in das Peristyl<hex:FF0C>im Peristyl<hex:FF0D>das Peristyl<hex:03>",0,1328,0
3828,"Immigration",0,"",0,0,1,0,0,"<hex:02093DE802FF13>zu der Immigration<hex:FF14>bei der Immigration<hex:FF10>die Immigration<hex:03>",0,1329,0
3829,"Peripherzirkel",0,"",0,0,1,0,0,"<hex:020941E802FF16>in den Peripherzirkel<hex:FF12>im Peripherzirkel<hex:FF13>der Peripherzirkel<hex:03>",0,1330,0
3830,"Pfad der Kunst<hex:02160103>fer<hex:02160103>tig<hex:02160103>keit",0,"",0,0,1,0,0,"<hex:020989E802FF2D>auf den Pfad der Kunst<hex:02160103>fer<hex:02160103>tig<hex:02160103>keit<hex:FF2D>auf dem Pfad der Kunst<hex:02160103>fer<hex:02160103>tig<hex:02160103>keit<hex:FF29>der Pfad der Kunst<hex:02160103>fer<hex:02160103>tig<hex:02160103>keit<hex:03>",0,1331,0
3831,"Ober-Acrinthos",0,"",0,0,1,0,0,"<hex:02093EE802FF13>ins Ober-Acrinthos<hex:FF12>im Ober-Acrinthos<hex:FF13>das Ober-Acrinthos<hex:03>",0,1332,0
3832,"Phreatischer Kanal",0,"",0,0,1,0,0,"<hex:020949E802FF17>zum phreatischen Kanal<hex:FF16>am phreatischen Kanal<hex:FF16>der phreatische Kanal<hex:03>",0,1333,0
3833,"Archeion",0,"",0,0,1,0,0,"<hex:02092CE802FF0D>ins Archeion<hex:FF0C>im Archeion<hex:FF0D>das Archeion<hex:03>",0,1334,0
3834,"Tholos der Ästheten",0,"",0,0,1,0,0,"<hex:020950E802FF19>zum Tholos der Ästheten<hex:FF18>im Tholos der Ästheten<hex:FF19>der Tholos der Ästheten<hex:03>",0,1335,0
3835,"Passemerrants Zoaponik",0,"",0,0,1,0,0,"<hex:020951E802FF1A>zu Passemerrants Zoaponik<hex:FF1A>in Passemerrants Zoaponik<hex:FF17>Passemerrants Zoaponik<hex:03>",0,1336,0
3836,"Der Laichgrund",0,"",0,0,1,0,0,"<hex:020932E802FF0F>zum Laichgrund<hex:FF0E>im Laichgrund<hex:FF0F>der Laichgrund<hex:03>",0,1337,0
3837,"Grotte der Troglophilen",0,"",0,0,1,0,0,"<hex:020960E802FF1F>in die Grotte der Troglophilen<hex:FF1F>in der Grotte der Troglophilen<hex:FF1C>die Grotte der Troglophilen<hex:03>",0,1338,0
3838,"Stollen 33",0,"",0,0,1,0,0,"<hex:02092DE802FF0E>in Stollen 33<hex:FF0E>in Stollen 33<hex:FF0B>Stollen 33<hex:03>",0,1339,0
3839,"Schleierhain",0,"",0,0,1,0,0,"<hex:02093BE802FF14>in den Schleierhain<hex:FF10>im Schleierhain<hex:FF11>der Schleierhain<hex:03>",0,1340,0
3840,"Nebelturm",0,"",0,0,1,0,0,"<hex:02092FE802FF0E>zum Nebelturm<hex:FF0D>am Nebelturm<hex:FF0E>der Nebelturm<hex:03>",0,1341,0
3841,"Medialzirkel",0,"",0,0,1,0,0,"<hex:02093BE802FF14>in den Medialzirkel<hex:FF10>im Medialzirkel<hex:FF11>der Medialzirkel<hex:03>",0,1342,0
3842,"Meryalls Agrarbotanik",0,"",0,0,1,0,0,"<hex:02095AE802FF1D>in die Meryalls Agrarbotanik<hex:FF1D>in der Meryalls Agrarbotanik<hex:FF1A>die Meryalls Agrarbotanik<hex:03>",0,1343,0
3843,"Psyche",0,"",0,0,1,0,0,"<hex:02092AE802FF0B>zur Psyche<hex:FF0E>an der Psyche<hex:FF0B>die Psyche<hex:03>",0,1344,0
3844,"Phoibos",0,"",0,0,1,0,0,"<hex:020929E802FF0C>zum Phoibos<hex:FF0B>am Phoibos<hex:FF0C>der Phoibos<hex:03>",0,1345,0
3845,"Pneuma",0,"",0,0,1,0,0,"<hex:020926E802FF0B>zum Pneuma<hex:FF0A>am Pneuma<hex:FF0B>der Pneuma<hex:03>",0,1346,0
3846,"Unter-Acrinthos",0,"",0,0,1,0,0,"<hex:020941E802FF14>ins Unter-Acrinthos<hex:FF13>im Unter-Acrinthos<hex:FF14>das Unter-Acrinthos<hex:03>",0,1347,0
3847,"Mitato",0,"",0,0,1,0,0,"<hex:020926E802FF0B>ins Mitato<hex:FF0A>im Mitato<hex:FF0B>das Mitato<hex:03>",0,1348,0
3848,"Zentralzirkel",0,"",0,0,1,0,0,"<hex:02093EE802FF15>in den Zentralzirkel<hex:FF11>im Zentralzirkel<hex:FF12>der Zentralzirkel<hex:03>",0,1349,0
3849,"Logistikon Alpha",0,"",0,0,1,0,0,"<hex:020944E802FF15>ins Logistikon Alpha<hex:FF14>im Logistikon Alpha<hex:FF15>das Logistikon Alpha<hex:03>",0,1350,0
3850,"Klein-Sharlayan",0,"",0,0,1,0,0,"<hex:02093EE802FF15>nach Klein-Sharlayan<hex:FF13>in Klein-Sharlayan<hex:FF10>Klein-Sharlayan<hex:03>",0,1351,0
3851,"Logistikon Beta",0,"",0,0,1,0,0,"<hex:020941E802FF14>ins Logistikon Beta<hex:FF13>im Logistikon Beta<hex:FF14>das Logistikon Beta<hex:03>",0,1352,0
3852,"Aporia",0,"",0,0,1,0,0,"<hex:02092DE802FF0E>in die Aporia<hex:FF0E>in der Aporia<hex:FF0B>die Aporia<hex:03>",0,1353,0
3853,"Logistikon Gamma",0,"",0,0,1,0,0,"<hex:020944E802FF15>ins Logistikon Gamma<hex:FF14>im Logistikon Gamma<hex:FF15>das Logistikon Gamma<hex:03>",0,1354,0
3854,"Kokkols Schmiede",0,"",0,0,1,0,0,"<hex:02093FE802FF14>in Kokkols Schmiede<hex:FF14>in Kokkols Schmiede<hex:FF11>Kokkols Schmiede<hex:03>",0,1355,0
3855,"Thaumazein",0,"",0,0,1,0,0,"<hex:02092FE802FF10>nach Thaumazein<hex:FF0E>in Thaumazein<hex:FF0B>Thaumazein<hex:03>",0,1356,0
3856,"Sternengrund",0,"",0,0,1,0,0,"<hex:02093BE802FF14>in den Sternengrund<hex:FF10>im Sternengrund<hex:FF11>der Sternengrund<hex:03>",0,1357,0
3857,"Gajasimha-Brücke",0,"",0,0,1,0,0,"<hex:02094BE802FF16>zur Gajasimha-Brücke<hex:FF19>an der Gajasimha-Brücke<hex:FF16>die Gajasimha-Brücke<hex:03>",0,1401,0
3858,"Tor des Wahrsehers",0,"",0,0,1,0,0,"<hex:02094AE802FF17>zum Tor des Wahrsehers<hex:FF16>am Tor des Wahrsehers<hex:FF17>das Tor des Wahrsehers<hex:03>",0,1402,0
3859,"Eidstieg",0,"",0,0,1,0,0,"<hex:02092CE802FF0D>zum Eidstieg<hex:FF0C>am Eidstieg<hex:FF0D>der Eidstieg<hex:03>",0,1403,0
3860,"Alzadaals Pfad",0,"",0,0,1,0,0,"<hex:02093AE802FF12>zu Alzadaals Pfad<hex:FF13>auf Alzadaals Pfad<hex:FF0F>Alzadaals Pfad<hex:03>",0,1404,0
3861,"Alzadaals Ruh",0,"",0,0,1,0,0,"<hex:020936E802FF11>zu Alzadaals Ruh<hex:FF11>in Alzadaals Ruh<hex:FF0E>Alzadaals Ruh<hex:03>",0,1405,0
3862,"Paksas Pfad",0,"",0,0,1,0,0,"<hex:020931E802FF0F>zu Paksas Pfad<hex:FF10>auf Paksas Pfad<hex:FF0C>Paksas Pfad<hex:03>",0,1406,0
3863,"Luftschiff-Landeplatz",0,"",0,0,1,0,0,"",0,1407,0
3864,"Dharma",0,"",0,0,1,0,0,"<hex:020923E802FF0C>nach Dharma<hex:FF0A>in Dharma<hex:FF07>Dharma<hex:03>",0,1408,0
3865,"Meghaduta-Tempel",0,"",0,0,1,0,0,"<hex:020947E802FF18>in den Meghaduta-Tempel<hex:FF14>im Meghaduta-Tempel<hex:FF15>der Meghaduta-Tempel<hex:03>",0,1409,0
3866,"Nilopalas Vielfalt ",0,"",0,0,1,0,0,"<hex:020945E802FF16>zu Nilopalas Vielfalt<hex:FF16>an Nilopalas Vielfalt<hex:FF13>Nilopalas Vielfalt<hex:03>",0,1410,0
3867,"Haspelwind",0,"",0,0,1,0,0,"<hex:02092FE802FF10>nach Haspelwind<hex:FF0E>am Haspelwind<hex:FF0B>Haspelwind<hex:03>",0,1411,0
3868,"Ruveydahs Zwirn",0,"",0,0,1,0,0,"<hex:02093EE802FF15>nach Ruveydahs Zwirn<hex:FF13>in Ruveydahs Zwirn<hex:FF10>Ruveydahs Zwirn<hex:03>",0,1412,0
3869,"Artha",0,"",0,0,1,0,0,"<hex:020920E802FF0B>nach Artha<hex:FF09>in Artha<hex:FF06>Artha<hex:03>",0,1413,0
3870,"Halle des Himmelsheers",0,"",0,0,1,0,0,"<hex:02095DE802FF1E>in die Halle des Himmelsheers<hex:FF1E>in der Halle des Himmelsheers<hex:FF1B>die Halle des Himmelsheers<hex:03>",0,1414,0
3871,"Sternschweif",0,"",0,0,1,0,0,"<hex:020935E802FF12>nach Sternschweif<hex:FF10>in Sternschweif<hex:FF0D>Sternschweif<hex:03>",0,1415,0
3872,"Balshahn West-Basar",0,"",0,0,1,0,0,"<hex:020952E802FF18>zum Balshahn West-Basar<hex:FF1C>auf dem Balshahn West-Basar<hex:FF18>der Balshahn West-Basar<hex:03>",0,1416,0
3873,"Balshahn Ost-Basar",0,"",0,0,1,0,0,"<hex:02094FE802FF17>zum Balshahn Ost-Basar<hex:FF1B>auf dem Balshahn Ost-Basar<hex:FF17>der Balshahn Ost-Basar<hex:03>",0,1417,0
3874,"Mehrydes Meyhane",0,"",0,0,1,0,0,"<hex:020941E802FF16>nach Mehrydes Meyhane<hex:FF14>in Mehrydes Meyhane<hex:FF11>Mehrydes Meyhane<hex:03>",0,1418,0
3875,"Ätherytenplatz",0,"",0,0,1,0,0,"<hex:02092CE802FF14>zum Ätherytenplatz<hex:FF13>am Ätherytenplatz<hex:03>",0,1419,0
3876,"Tiegel von Al-Kimiya",0,"",0,0,1,0,0,"<hex:020950E802FF19>zum Tiegel von Al-Kimiya<hex:FF18>im Tiegel von Al-Kimiya<hex:FF19>der Tiegel von Al-Kimiya<hex:03>",0,1420,0
3877,"Yuj",0,"",0,0,1,0,0,"<hex:02091AE802FF09>nach Yuj<hex:FF07>in Yuj<hex:FF04>Yuj<hex:03>",0,1421,0
3878,"Kama",0,"",0,0,1,0,0,"<hex:02091DE802FF0A>nach Kama<hex:FF08>in Kama<hex:FF05>Kama<hex:03>",0,1422,0
3879,"Seebrisenpier",0,"",0,0,1,0,0,"<hex:020940E802FF12>zum Seebrisenpier<hex:FF16>auf dem Seebrisenpier<hex:FF12>der Seebrisenpier<hex:03>",0,1423,0
3880,"Yedlihmad",0,"",0,0,1,0,0,"<hex:02092CE802FF0F>nach Yedlihmad<hex:FF0D>in Yedlihmad<hex:FF0A>Yedlihmad<hex:03>",0,1424,0
3881,"Ussaqeyiq",0,"",0,0,1,0,0,"<hex:02092CE802FF0F>nach Ussaqeyiq<hex:FF0D>in Ussaqeyiq<hex:FF0A>Ussaqeyiq<hex:03>",0,1425,0
3882,"Tebqeyiq",0,"",0,0,1,0,0,"<hex:020929E802FF0E>nach Tebqeyiq<hex:FF0C>in Tebqeyiq<hex:FF09>Tebqeyiq<hex:03>",0,1426,0
3883,"Alnair",0,"",0,0,1,0,0,"<hex:020923E802FF0C>nach Alnair<hex:FF0A>in Alnair<hex:FF07>Alnair<hex:03>",0,1427,0
3884,"Akyaali",0,"",0,0,1,0,0,"<hex:020926E802FF0D>nach Akyaali<hex:FF0B>in Akyaali<hex:FF08>Akyaali<hex:03>",0,1428,0
3885,"Hügel der Düfte",0,"",0,0,1,0,0,"<hex:020950E802FF1A>auf den Hügel der Düfte<hex:FF1A>auf dem Hügel der Düfte<hex:FF16>der Hügel der Düfte<hex:03>",0,1429,0
3886,"Daemirs Werk",0,"",0,0,1,0,0,"<hex:020935E802FF12>nach Daemirs Werk<hex:FF10>in Daemirs Werk<hex:FF0D>Daemirs Werk<hex:03>",0,1430,0
3887,"Kadjayas Bühne",0,"",0,0,1,0,0,"<hex:02093EE802FF14>auf Kadjayas Bühne<hex:FF14>auf Kadjayas Bühne<hex:FF10>Kadjayas Bühne<hex:03>",0,1431,0
3888,"Hamsa-Weide",0,"",0,0,1,0,0,"<hex:02093AE802FF10>zur Hamsa-Weide<hex:FF14>auf der Hamsa-Weide<hex:FF10>die Hamsa-Weide<hex:03>",0,1432,0
3889,"Gallenerz-Feld",0,"",0,0,1,0,0,"<hex:020943E802FF13>zum Gallenerz-Feld<hex:FF17>auf dem Gallenerz-Feld<hex:FF13>das Gallenerz-Feld<hex:03>",0,1433,0
3890,"Turm von Zot",0,"",0,0,1,0,0,"<hex:020938E802FF11>zum Turm von Zot<hex:FF10>am Turm von Zot<hex:FF11>der Turm von Zot<hex:03>",0,1434,0
3891,"Narunnair",0,"",0,0,1,0,0,"<hex:02092CE802FF0F>nach Narunnair<hex:FF0D>in Narunnair<hex:FF0A>Narunnair<hex:03>",0,1435,0
3892,"Schleier der Sangha",0,"",0,0,1,0,0,"<hex:02094DE802FF18>zum Schleier der Sangha<hex:FF17>im Schleier der Sangha<hex:FF18>der Schleier der Sangha<hex:03>",0,1436,0
3893,"Wächter-Torana",0,"",0,0,1,0,0,"<hex:020941E802FF14>zum Wächter-Torana<hex:FF13>am Wächter-Torana<hex:FF14>das Wächter-Torana<hex:03>",0,1437,0
3894,"Palakas Ruh",0,"",0,0,1,0,0,"<hex:020932E802FF11>nach Palakas Ruh<hex:FF0F>in Palakas Ruh<hex:FF0C>Palakas Ruh<hex:03>",0,1438,0
3895,"Pavanas Reue",0,"",0,0,1,0,0,"<hex:020935E802FF12>nach Pavanas Reue<hex:FF10>in Pavanas Reue<hex:FF0D>Pavanas Reue<hex:03>",0,1439,0
3896,"Agama-Tempel",0,"",0,0,1,0,0,"<hex:020938E802FF11>zum Agama-Tempel<hex:FF10>im Agama-Tempel<hex:FF11>der Agama-Tempel<hex:03>",0,1440,0
3897,"Ksiroda",0,"",0,0,1,0,0,"<hex:020929E802FF0C>zum Ksiroda<hex:FF0B>am Ksiroda<hex:FF0C>der Ksiroda<hex:03>",0,1441,0
3898,"Mayaquell",0,"",0,0,1,0,0,"<hex:02092FE802FF0E>zum Mayaquell<hex:FF0D>am Mayaquell<hex:FF0E>der Mayaquell<hex:03>",0,1442,0
3899,"Purusa",0,"",0,0,1,0,0,"<hex:020923E802FF0C>nach Purusa<hex:FF0A>in Purusa<hex:FF07>Purusa<hex:03>",0,1443,0
3900,"Schleifstein",0,"",0,0,1,0,0,"<hex:020938E802FF11>zum Schleifstein<hex:FF10>am Schleifstein<hex:FF11>der Schleifstein<hex:03>",0,1444,0
3901,"Nachtwache",0,"",0,0,1,0,0,"<hex:020936E802FF0F>zur Nachtwache<hex:FF12>an der Nachtwache<hex:FF0F>die Nachtwache<hex:03>",0,1445,0
3902,"Eblans Reif",0,"",0,0,1,0,0,"<hex:020932E802FF11>nach Eblans Reif<hex:FF0F>in Eblans Reif<hex:FF0C>Eblans Reif<hex:03>",0,1446,0
3903,"Camp Splitterglas",0,"",0,0,1,0,0,"<hex:020944E802FF17>nach Camp Splitterglas<hex:FF15>in Camp Splitterglas<hex:FF12>Camp Splitterglas<hex:03>",0,1447,0
3904,"Horrea Campi",0,"",0,0,1,0,0,"<hex:020935E802FF12>nach Horrea Campi<hex:FF10>in Horrea Campi<hex:FF0D>Horrea Campi<hex:03>",0,1448,0
3905,"Direktionsstelle G",0,"",0,0,1,0,0,"<hex:02094EE802FF17>zur Direktionsstelle G<hex:FF1A>in der Direktionsstelle G<hex:FF17>die Direktionsstelle G<hex:03>",0,1449,0
3906,"Siegers Lohn",0,"",0,0,1,0,0,"<hex:020935E802FF12>nach Siegers Lohn<hex:FF10>in Siegers Lohn<hex:FF0D>Siegers Lohn<hex:03>",0,1450,0
3907,"Cerulea Ingens",0,"",0,0,1,0,0,"<hex:02093BE802FF14>nach Cerulea Ingens<hex:FF12>in Cerulea Ingens<hex:FF0F>Cerulea Ingens<hex:03>",0,1451,0
3908,"Zapferhöhle",0,"",0,0,1,0,0,"<hex:02093CE802FF11>zur Zapferhöhle<hex:FF14>in der Zapferhöhle<hex:FF11>die Zapferhöhle<hex:03>",0,1452,0
3909,"Juturna-Plattform G",0,"",0,0,1,0,0,"<hex:02094FE802FF18>zur Juturna-Plattform G<hex:FF1D> auf der Juturna-Plattform G<hex:FF14>Juturna-Plattform G<hex:03>",0,1453,0
3910,"Regio Domorum",0,"",0,0,1,0,0,"<hex:020938E802FF13>nach Regio Domorum<hex:FF11>in Regio Domorum<hex:FF0E>Regio Domorum<hex:03>",0,1454,0
3911,"Enceladeum",0,"",0,0,1,0,0,"<hex:020932E802FF0F>ins Enceladeum<hex:FF0E>im Enceladeum<hex:FF0F>das Enceladeum<hex:03>",0,1455,0
3912,"Forum Patens",0,"",0,0,1,0,0,"<hex:020934E802FF11>ins Forum Patens<hex:FF10>im Forum Patens<hex:FF0D>Forum Patens<hex:03>",0,1456,0
3913,"Exostation IV",0,"",0,0,1,0,0,"<hex:02093FE802FF12>zur Exostation IV<hex:FF15>an der Exostation IV<hex:FF12>die Exostation IV<hex:03>",0,1457,0
3914,"Der entgleiste Zug",0,"",0,0,1,0,0,"<hex:020940E802FF14>zum entgleisten Zug<hex:FF13>am entgleisten Zug<hex:FF13>der entgleiste Zug<hex:03>",0,1458,0
3915,"Tertium",0,"",0,0,1,0,0,"<hex:020929E802FF0C>zum Tertium<hex:FF0B>im Tertium<hex:FF0C>das Tertium<hex:03>",0,1459,0
3916,"Erdseim-Leitung",0,"",0,0,1,0,0,"<hex:020941E802FF16>in den Erdseim-Tunnel<hex:FF12>im Erdseim-Tunnel<hex:FF13>der Erdseim-Tunnel<hex:03>",0,1460,0
3917,"Regio Urbanissima",0,"",0,0,1,0,0,"<hex:020944E802FF17>nach Regio Urbanissima<hex:FF15>in Regio Urbanissima<hex:FF12>Regio Urbanissima<hex:03>",0,1461,0
3918,"Senaculum Imperialis",0,"",0,0,1,0,0,"<hex:020950E802FF19>ins Senaculum Imperialis<hex:FF18>im Senaculum Imperialis<hex:FF19>das Senaculum Imperialis<hex:03>",0,1462,0
3919,"Palatium Novum",0,"",0,0,1,0,0,"<hex:02093BE802FF14>nach Palatium Novum<hex:FF12>in Palatium Novum<hex:FF0F>Palatium Novum<hex:03>",0,1463,0
3920,"Forum Solius",0,"",0,0,1,0,0,"<hex:020938E802FF11>ins Forum Solius<hex:FF10>im Forum Solius<hex:FF11>das Forum Solius<hex:03>",0,1464,0
3921,"Alta Strata",0,"",0,0,1,0,0,"<hex:02093AE802FF10>zur Alta Strata<hex:FF14>auf der Alta Strata<hex:FF10>die Alta Strata<hex:03>",0,1465,0
3922,"Geläuterter Lauf",0,"",0,0,1,0,0,"<hex:020944E802FF17>nach Geläuterter Lauf<hex:FF15>in Geläuterter Lauf<hex:FF12>Geläuterter Lauf<hex:03>",0,1466,0
3923,"Turm von Babil",0,"",0,0,1,0,0,"<hex:020941E802FF16>in den Turm von Babil<hex:FF12>im Turm von Babil<hex:FF13>der Turm von Babil<hex:03>",0,1467,0
3924,"Magna Glacies",0,"",0,0,1,0,0,"<hex:020938E802FF13>nach Magna Glacies<hex:FF11>in Magna Glacies<hex:FF0E>Magna Glacies<hex:03>",0,1468,0
3925,"Philomythes Notos",0,"",0,0,1,0,0,"<hex:020944E802FF17>nach Philomythes Notos<hex:FF15>in Philomythes Notos<hex:FF12>Philomythes Notos<hex:03>",0,1601,0
3926,"Propylaion",0,"",0,0,1,0,0,"<hex:020932E802FF0F>ins Propylaion<hex:FF0E>im Propylaion<hex:FF0F>das Propylaion<hex:03>",0,1602,9
3927,"Königsblüte",0,"",0,0,1,0,0,"<hex:020938E802FF13>nach Königsblüte<hex:FF11>in Königsblüte<hex:FF0E>Königsblüte<hex:03>",0,1603,0
3928,"Anagnorisis",0,"",0,0,1,0,0,"<hex:02093CE802FF13>in die Anagnorisis<hex:FF13>in der Anagnorisis<hex:FF10>die Anagnorisis<hex:03>",0,1604,0
3929,"Die Zwölf Gärten",0,"",0,0,1,0,0,"<hex:020945E802FF16>in die Zwölf Gärten<hex:FF16>in den Zwölf Gärten<hex:FF13>die Zwölf Gärten<hex:03>",0,1605,0
3930,"Noetophoreon",0,"",0,0,1,0,0,"<hex:020938E802FF11>ins Noetophoreon<hex:FF10>im Noetophoreon<hex:FF11>das Noetophoreon<hex:03>",0,1606,0
3931,"Lethes Gruß",0,"",0,0,1,0,0,"<hex:020935E802FF12>nach Lethes Gruß<hex:FF10>in Lethes Gruß<hex:FF0D>Lethes Gruß<hex:03>",0,1607,0
3932,"Schwarzmulchkuppen",0,"",0,0,1,0,0,"<hex:020952E802FF1A>zu den Schwarzmulchkuppen<hex:FF1B>auf den Schwarzmulchkuppen<hex:FF17>die Schwarzmulchkuppen<hex:03>",0,1608,0
3933,"Notoneus",0,"",0,0,1,0,0,"<hex:02092CE802FF0D>zum Notoneus<hex:FF0C>am Notoneus<hex:FF0D>der Notoneus<hex:03>",0,1609,0
3934,"Kallimelios Zephyros",0,"",0,0,1,0,0,"<hex:02094DE802FF1A>nach Kallimelios Zephyros<hex:FF18>in Kallimelios Zephyros<hex:FF15>Kallimelios Zephyros<hex:03>",0,1610,0
3935,"Südlicher Zephyrneus",0,"",0,0,1,0,0,"<hex:020953E802FF1A>zum südlichen Zephyrneus<hex:FF19>am südlichen Zephyrneus<hex:FF1A>der südlichen Zephyrneus<hex:03>",0,1611,0
3936,"Metabaseos Thalassai",0,"",0,0,1,0,0,"<hex:020957E802FF1C>in der Metabaseos Thalassai<hex:FF1C>in der Metabaseos Thalassai<hex:FF19>die Metabaseos Thalassai<hex:03>",0,1612,0
3937,"Peripeteia-Kristallspeicher",0,"",0,0,1,0,0,"<hex:020968E802FF23>in den Peripeteia-Kristallspeicher<hex:FF1F>im Peripeteia-Kristallspeicher<hex:FF20>der Peripeteia-Kristallspeicher<hex:03>",0,1613,0
3938,"Poieten Oikos",0,"",0,0,1,0,0,"<hex:020938E802FF13>nach Poieten Oikos<hex:FF11>in Poieten Oikos<hex:FF0E>Poieten Oikos<hex:03>",0,1614,0
3939,"Nördlicher Zephyrneus",0,"",0,0,1,0,0,"<hex:020956E802FF1B>zum nördlichen Zephyrneus<hex:FF1A>am nördlichen Zephyrneus<hex:FF1B>der nördlichen Zephyrneus<hex:03>",0,1615,0
3940,"Des Wandlers Wogen",0,"",0,0,1,0,0,"<hex:020946E802FF16>zu des Wandlers Wogen<hex:FF17>auf des Wandlers Wogen<hex:FF13>des Wandlers Wogen<hex:03>",0,1616,0
3941,"Ethoseletikos Boreas",0,"",0,0,1,0,0,"<hex:02094DE802FF1A>nach Ethoseletikos Boreas<hex:FF18>in Ethoseletikos Boreas<hex:FF15>Ethoseletikos Boreas<hex:03>",0,1617,0
3942,"Südlicher Boreneus",0,"",0,0,1,0,0,"<hex:02094DE802FF18>zum südlichen Boreneus<hex:FF17>am südlichen Boreneus<hex:FF18>der südlichen Boreneus<hex:03>",0,1618,0
3943,"Hyperboreia",0,"",0,0,1,0,0,"<hex:020935E802FF10>zum Hyperboreia<hex:FF0F>im Hyperboreia<hex:FF10>das Hyperboreia<hex:03>",0,1619,0
3944,"Östlicher Boreneus",0,"",0,0,1,0,0,"<hex:02094DE802FF18>zum östlichen Boreneus<hex:FF17>am östlichen Boreneus<hex:FF18>der östlichen Boreneus<hex:03>",0,1620,0
3945,"Misopses Euros",0,"",0,0,1,0,0,"<hex:02093BE802FF14>nach Misopses Euros<hex:FF12>in Misopses Euros<hex:FF0F>Misopses Euros<hex:03>",0,1621,0
3946,"Garten der tausend Klauen",0,"",0,0,1,0,0,"<hex:020962E802FF21>in den Garten der tausend Klauen<hex:FF1D>im Garten der tausend Klauen<hex:FF1E>der Garten der tausend Klauen<hex:03>",0,1622,0
3947,"Lethe",0,"",0,0,1,0,0,"<hex:02092AE802FF0D>in die Lethe<hex:FF0D>in der Lethe<hex:FF0A>die Lethe<hex:03>",0,1623,0
3948,"Euroneus",0,"",0,0,1,0,0,"<hex:02092CE802FF0D>zum Euroneus<hex:FF0C>am Euroneus<hex:FF0D>der Euroneus<hex:03>",0,1624,0
3949,"Sinus Lacrimarum",0,"",0,0,1,0,0,"<hex:020948E802FF15>zur Sinus Lacrimarum<hex:FF18>an der Sinus Lacrimarum<hex:FF15>die Sinus Lacrimarum<hex:03>",0,1501,0
3950,"Palast des Wächters",0,"",0,0,1,0,0,"<hex:020953E802FF1C>in den Palast des Wächters<hex:FF18>im Palast des Wächters<hex:FF19>der Palast des Wächters<hex:03>",0,1502,0
3951,"Südliches Mare Lamentorum",0,"",0,0,1,0,0,"<hex:020963E802FF21>in das südliche Mare Lamentorum<hex:FF1E>im südlichen Mare Lamentorum<hex:FF1E>das südliche Mare Lamentorum<hex:03>",0,1503,0
3952,"Schwert der Meere",0,"",0,0,1,0,0,"<hex:020947E802FF16>zum Schwert der Meere<hex:FF15>am Schwert der Meere<hex:FF16>das Schwert der Meere<hex:03>",0,1504,0
3953,"Schwert der Gletscher",0,"",0,0,1,0,0,"<hex:020953E802FF1A>zum Schwert der Gletscher<hex:FF19>am Schwert der Gletscher<hex:FF1A>das Schwert der Gletscher<hex:03>",0,1505,0
3954,"Schwert der Erde",0,"",0,0,1,0,0,"<hex:020944E802FF15>zum Schwert der Erde<hex:FF14>am Schwert der Erde<hex:FF15>das Schwert der Erde<hex:03>",0,1506,0
3955,"Chlorophos-Grotte",0,"",0,0,1,0,0,"<hex:02094BE802FF16>zur Chlorophos-Grotte<hex:FF19>an der Chlorophos-Grotte<hex:FF16>die Chlorophos-Grotte<hex:03>",0,1507,0
3956,"Wiege der Dunkelheit",0,"",0,0,1,0,0,"<hex:020957E802FF1C>in die Wiege der Dunkelheit<hex:FF1C>in der Wiege der Dunkelheit<hex:FF19>die Wiege der Dunkelheit<hex:03>",0,1508,0
3957,"Vallis Vulneris",0,"",0,0,1,0,0,"<hex:02093DE802FF14>ins Vallis Vulneris<hex:FF13>im Vallis Vulneris<hex:FF10>Vallis Vulneris<hex:03>",0,1509,0
3958,"Nördliches Mare Lamentorum",0,"",0,0,1,0,0,"<hex:020966E802FF22>in das nördliche Mare Lamentorum<hex:FF1F>im nördlichen Mare Lamentorum<hex:FF1F>das nördliche Mare Lamentorum<hex:03>",0,1510,0
3959,"Schwert der Stürme",0,"",0,0,1,0,0,"<hex:02094DE802FF18>zum Schwert der Stürme<hex:FF17>am Schwert der Stürme<hex:FF18>das Schwert der Stürme<hex:03>",0,1511,0
3960,"Schwert der Gewitter",0,"",0,0,1,0,0,"<hex:020950E802FF19>zum Schwert der Gewitter<hex:FF18>am Schwert der Gewitter<hex:FF19>das Schwert der Gewitter<hex:03>",0,1512,0
3961,"Schwert der Flammen",0,"",0,0,1,0,0,"<hex:02094DE802FF18>zum Schwert der Flammen<hex:FF17>am Schwert der Flammen<hex:FF18>das Schwert der Flammen<hex:03>",0,1513,0
3962,"Kydonias Antlitz",0,"",0,0,1,0,0,"<hex:020940E802FF14>zu Kydonias Antlitz<hex:FF15>bei Kydonias Antlitz<hex:FF11>Kydonias Antlitz<hex:03>",0,1514,0
3963,"Lovingways Schatz",0,"",0,0,1,0,0,"<hex:020942E802FF15>in Lovingways Schatz<hex:FF15>in Lovingways Schatz<hex:FF12>Lovingways Schatz<hex:03>",0,1515,0
3964,"Sinus Tormenti",0,"",0,0,1,0,0,"<hex:020942E802FF13>zur Sinus Tormenti<hex:FF16>an der Sinus Tormenti<hex:FF13>die Sinus Tormenti<hex:03>",0,1516,0
3965,"Heimdalls letzte Ruh",0,"",0,0,1,0,0,"<hex:02094BE802FF18>zu Heimdalls letzte Ruh<hex:FF18>an Heimdalls letzte Ruh<hex:FF15>Heimdalls letzte Ruh<hex:03>",0,1517,0
3966,"Bestways Rast",0,"",0,0,1,0,0,"<hex:020938E802FF13>nach Bestways Rast<hex:FF11>in Bestways Rast<hex:FF0E>Bestways Rast<hex:03>",0,1518,0
3967,"Mondsegel",0,"",0,0,1,0,0,"<hex:02092FE802FF0E>zum Mondsegel<hex:FF0D>am Mondsegel<hex:FF0E>das Mondsegel<hex:03>",0,1519,0
3968,"Carrotorium",0,"",0,0,1,0,0,"<hex:020935E802FF10>ins Carrotorium<hex:FF0F>im Carrotorium<hex:FF10>das Carrotorium<hex:03>",0,1520,0
3969,"Der schönste Wald",0,"",0,0,1,0,0,"<hex:020940E802FF14>zum schönsten Wald<hex:FF13>im schönsten Wald<hex:FF13>der schönste Wald<hex:03>",0,1521,0
3970,"Ostrakon Deka-okto",0,"",0,0,1,0,0,"<hex:020947E802FF18>nach Ostrakon Deka-okto<hex:FF16>in Ostrakon Deka-okto<hex:FF13>Ostrakon Deka-okto<hex:03>",0,1522,0
3971,"Die <hex:021A020203>Ragnarök<hex:021A020103>",0,"",0,0,1,0,0,"<hex:020951E802FF18>zur <hex:021A020203>Ragnarök<hex:021A020103><hex:FF1B>in der <hex:021A020203>Ragnarök<hex:021A020103><hex:FF18>die <hex:021A020203>Ragnarök<hex:021A020103><hex:03>",0,1523,0
3972,"Die Schmelze",0,"",0,0,1,0,0,"<hex:020930E802FF0D>zur Schmelze<hex:FF10>in der Schmelze<hex:FF0D>die Schmelze<hex:03>",0,1524,0
3973,"Reah Tahra",0,"",0,0,1,0,0,"<hex:02092FE802FF10>nach Reah Tahra<hex:FF0E>in Reah Tahra<hex:FF0B>Reah Tahra<hex:03>",0,1525,0
3974,"Ahm Nohl",0,"",0,0,1,0,0,"<hex:020929E802FF0E>nach Ahm Nohl<hex:FF0C>in Ahm Nohl<hex:FF09>Ahm Nohl<hex:03>",0,1526,0
3975,"Ostrakon Tria",0,"",0,0,1,0,0,"<hex:020938E802FF13>nach Ostrakon Tria<hex:FF11>in Ostrakon Tria<hex:FF0E>Ostrakon Tria<hex:03>",0,1527,0
3976,"Quell der Reue",0,"",0,0,1,0,0,"<hex:02093EE802FF13>zum Quell der Reue<hex:FF12>am Quell der Reue<hex:FF13>der Quell der Reue<hex:03>",0,1528,0
3977,"Sehnsucht des Fleisches",0,"",0,0,1,0,0,"<hex:02095DE802FF1C>zur Sehnsucht des Fleisches<hex:FF1F>an der Sehnsucht des Fleisches<hex:FF1C>die Sehnsucht des Fleisches<hex:03>",0,1529,0
3978,"Domizil der Ea",0,"",0,0,1,0,0,"<hex:02093EE802FF13>zum Domizil der Ea<hex:FF12>im Domizil der Ea<hex:FF13>das Domizil der Ea<hex:03>",0,1530,0
3979,"Elegeia",0,"",0,0,1,0,0,"<hex:020926E802FF0D>nach Elegeia<hex:FF0B>in Elegeia<hex:FF08>Elegeia<hex:03>",0,1531,0
3980,"Der Tunnel",0,"",0,0,1,0,0,"<hex:020926E802FF0B>zum Tunnel<hex:FF0A>im Tunnel<hex:FF0B>der Tunnel<hex:03>",0,1532,0
3981,"Ostrakon Deka-hexi",0,"",0,0,1,0,0,"<hex:020947E802FF18>nach Ostrakon Deka-hexi<hex:FF16>in Ostrakon Deka-hexi<hex:FF13>Ostrakon Deka-hexi<hex:03>",0,1533,0
3982,"Portal der Entsagung",0,"",0,0,1,0,0,"<hex:020950E802FF19>zum Portal der Entsagung<hex:FF18>am Portal der Entsagung<hex:FF19>das Portal der Entsagung<hex:03>",0,1534,0
3983,"Omikron-Basis",0,"",0,0,1,0,0,"<hex:020942E802FF15>in die Omikron-Basis<hex:FF15>in der Omikron-Basis<hex:FF12>die Omikron-Basis<hex:03>",0,1535,0
3984,"Portal der Einsamkeit",0,"",0,0,1,0,0,"<hex:020953E802FF1A>zum Portal der Einsamkeit<hex:FF19>am Portal der Einsamkeit<hex:FF1A>das Portal der Einsamkeit<hex:03>",0,1536,0
3985,"Baum des Lebens",0,"",0,0,1,0,0,"<hex:020941E802FF14>zum Baum des Lebens<hex:FF13>am Baum des Lebens<hex:FF14>der Baum des Lebens<hex:03>",0,1537,0
3986,"Stigma-1",0,"",0,0,1,0,0,"<hex:02092AE802FF0E>nach Stigma-1<hex:FF0D>auf Stigma-1<hex:FF09>Stigma-1<hex:03>",0,1538,0
3987,"Portal der Leere",0,"",0,0,1,0,0,"<hex:020944E802FF15>zum Portal der Leere<hex:FF14>am Portal der Leere<hex:FF15>das Portal der Leere<hex:03>",0,1539,0
3988,"Ostrakon Hena",0,"",0,0,1,0,0,"<hex:020938E802FF13>nach Ostrakon Hena<hex:FF11>in Ostrakon Hena<hex:FF0E>Ostrakon Hena<hex:03>",0,1540,0
3989,"Nekropolis",0,"",0,0,1,0,0,"<hex:02092FE802FF10>nach Nekropolis<hex:FF0E>in Nekropolis<hex:FF0B>Nekropolis<hex:03>",0,1541,0
3990,"Ende des Horizonts",0,"",0,0,1,0,0,"<hex:02094AE802FF17>zum Ende des Horizonts<hex:FF16>am Ende des Horizonts<hex:FF17>das Ende des Horizonts<hex:03>",0,1542,0
3991,"Sternengrab",0,"",0,0,1,0,0,"<hex:020935E802FF10>ins Sternengrab<hex:FF0F>im Sternengrab<hex:FF10>das Sternengrab<hex:03>",0,1543,0
3992,"Hauptwarte",0,"",0,0,1,0,0,"<hex:020936E802FF0F>zur Hauptwarte<hex:FF12>an der Hauptwarte<hex:FF0F>die Hauptwarte<hex:03>",0,0,0
3993,"Kristalline Flur",0,"",0,0,1,0,0,"<hex:02094AE802FF16>zur Kristallinen Flur<hex:FF19>an der Kristallinen Flur<hex:FF15>die Kristalline Flur<hex:03>",0,0,0
3994,"Wirbelstrom",0,"",0,0,1,0,0,"<hex:020935E802FF10>zum Wirbelstrom<hex:FF0F>am Wirbelstrom<hex:FF10>der Wirbelstrom<hex:03>",0,0,0
3995,"Auge der Linse",0,"",0,0,1,0,0,"<hex:02093EE802FF13>zum Auge der Linse<hex:FF12>am Auge der Linse<hex:FF13>das Auge der Linse<hex:03>",0,0,0
3996,"Der Abyss",0,"",0,0,1,0,0,"<hex:020923E802FF0A>zum Abyss<hex:FF09>im Abyss<hex:FF0A>der Abyss<hex:03>",0,0,0
3997,"Das Herz",0,"",0,0,1,0,0,"<hex:020924E802FF0B>zum Herzen<hex:FF0A>im Herzen<hex:FF09>das Herz<hex:03>",0,0,0
3998,"Magieakademie von Sharlayan",0,"",0,0,1,0,0,"<hex:020969E802FF20>zur Magieakademie von Sharlayan<hex:FF23>an der Magieakademie von Sharlayan<hex:FF20>die Magieakademie von Sharlayan<hex:03>",0,0,0
3999,"An Baldesions Annex",0,"",0,0,1,0,0,"<hex:02093FE802FF14>zu Baldesions Annex<hex:FF14>an Baldesions Annex<hex:FF11>Baldesions Annex<hex:03>",0,0,0
4000,"Forum",0,"",0,0,1,0,0,"<hex:020926E802FF0D>in das Forum<hex:FF09>im Forum<hex:FF0A>das Forum<hex:03>",0,0,0
4001,"Am Anwesen der Leveilleurs",0,"",0,0,1,0,0,"<hex:020959E802FF1C>zum Anwesen der Leveilleurs<hex:FF1C> am Anwesen der Leveilleurs<hex:FF1B>am Anwesen der Leveilleurs<hex:03>",0,0,0
4002,"Hügel der Gestrandeten",0,"",0,0,1,0,0,"<hex:02095EE802FF1C>zum Hügel der Gestrandeten<hex:FF20>auf dem Hügel der Gestrandeten<hex:FF1C>der Hügel der Gestrandeten<hex:03>",0,0,0
4003,"Thaliaks Pforte",0,"",0,0,1,0,0,"<hex:02093DE802FF13>zu Thaliaks Pforte<hex:FF14>bei Thaliaks Pforte<hex:FF10>Thaliaks Pforte<hex:03>",0,0,0
4004,"Halle der Kunst<hex:02160103>fer<hex:02160103>tig<hex:02160103>keit (zum Labyrinthos)",0,"",0,0,1,0,0,"<hex:0209C0E802FF3F>in die Halle der Kunst<hex:02160103>fer<hex:02160103>tig<hex:02160103>keit (zum Labyrinthos)<hex:FF3F>in der Halle der Kunst<hex:02160103>fer<hex:02160103>tig<hex:02160103>keit (zum Labyrinthos)<hex:FF3C>die Halle der Kunst<hex:02160103>fer<hex:02160103>tig<hex:02160103>keit (zum Labyrinthos)<hex:03>",0,0,0
4005,"Vorplatz des Meghaduta-Tempels",0,"",0,0,1,0,0,"<hex:020973E802FF23>zum Vorplatz des Meghaduta-Tempels<hex:FF27>auf dem Vorplatz des Meghaduta-Tempels<hex:FF23>der Vorplatz des Meghaduta-Tempels<hex:03>",0,0,0
4006,"Ruveydahs Zwirn (Zugang)",0,"",0,0,1,0,0,"<hex:020959E802FF1E>nach Ruveydahs Zwirn (Zugang)<hex:FF1C>in Ruveydahs Zwirn (Zugang)<hex:FF19>Ruveydahs Zwirn (Zugang)<hex:03>",0,0,0
4007,"Luftschiff-Landeplatz",0,"",0,0,1,0,0,"<hex:020955E802FF19>zum Luftschifflandeplatz<hex:FF1D>auf dem Luftschifflandeplatz<hex:FF19>der Luftschifflandeplatz<hex:03>",0,0,0
4008,"Bei Alzadaals Ruh",0,"",0,0,1,0,0,"<hex:020943E802FF15>zu Bei Alzadaals Ruh<hex:FF15>in Bei Alzadaals Ruh<hex:FF13> Bei Alzadaals Ruh<hex:03>",0,0,0
4009,"Vor der Halle des Himmelsheers",0,"",0,0,1,0,0,"<hex:020969E802FF22>zu Vor der Halle des Himmelsheers<hex:FF22>in Vor der Halle des Himmelsheers<hex:FF1F>Vor der Halle des Himmelsheers<hex:03>",0,0,0
4010,"Mehrydes Meyhane",0,"",0,0,1,0,0,"<hex:020941E802FF16>nach Mehrydes Meyhane<hex:FF14>in Mehrydes Meyhane<hex:FF11>Mehrydes Meyhane<hex:03>",0,0,0
4011,"Tor des Wahrsehers (nach Thavnair) ",0,"",0,0,1,0,0,"<hex:02097AE802FF27>zum Tor des Wahrsehers (nach Thavnair)<hex:FF26>am Tor des Wahrsehers (nach Thavnair)<hex:FF27>das Tor des Wahrsehers (nach Thavnair)<hex:03>",0,0,0
4012,"Bucht im Meer der Bäume",0,"",0,0,1,0,0,"<hex:020960E802FF1D>zur Bucht im Meer der Bäume<hex:FF20>an der Bucht im Meer der Bäume<hex:FF1D>die Bucht im Meer der Bäume<hex:03>",0,0,0
4013,"Vor dem Haus des Weisen",0,"",0,0,1,0,0,"<hex:020962E802FF1F>zum Platz vorm Haus des Weisen<hex:FF1E>am Platz vorm Haus des Weisen<hex:FF1F>der Platz vorm Haus des Weisen<hex:03>",0,0,0
4014,"Devatagara",0,"",0,0,1,0,0,"<hex:020932E802FF0F>zum Devatagara<hex:FF0E>am Devatagara<hex:FF0F>der Devatagara<hex:03>",0,0,0
4015,"Vanaspati",0,"",0,0,1,0,0,"<hex:02092CE802FF0F>nach Vanaspati<hex:FF0D>in Vanaspati<hex:FF0A>Vanaspati<hex:03>",0,0,0
4016,"Der Nasse Weg des Pilgers",0,"",0,0,1,0,0,"<hex:02095AE802FF1B>zum Nassen Weg des Pilgers<hex:FF1F>auf dem Nassen Weg des Pilgers<hex:FF1A>der Nasse Weg des Pilgers<hex:03>",0,0,0
4017,"Der Weg des Festen Willens",0,"",0,0,1,0,0,"<hex:02095BE802FF1B>zum Weg des Festen Willens<hex:FF1F>auf dem Weg des Festen Willens<hex:FF1B>der Weg des Festen Willens<hex:03>",0,0,0
4018,"Dorf der Sramana",0,"",0,0,1,0,0,"<hex:020944E802FF15>zum Dorf der Sramana<hex:FF14>im Dorf der Sramana<hex:FF15>das Dorf der Sramana<hex:03>",0,0,0
4019,"Stufen zur Sonne",0,"",0,0,1,0,0,"<hex:02094CE802FF18>zu den Stufen zur Sonne<hex:FF19>auf den Stufen zur Sonne<hex:FF15>die Stufen zur Sonne<hex:03>",0,0,0
4020,"Höhlentempel von Vanaspati",0,"",0,0,1,0,0,"<hex:020944E802FF16>zu den Höhlentempeln<hex:FF16>an den Höhlentempeln<hex:FF12>die Höhlentempel<hex:03>",0,0,0
4021,"Äußerster Rand des Universums",0,"",0,0,1,0,0,"<hex:020970E802FF24>zum äußersten Rand des Universums<hex:FF23>am äußersten Rand des Universums<hex:FF23>der äußerste Rand des Universums<hex:03>",0,0,0
4022,"Hauptquartier der Lemuren",0,"",0,0,1,0,0,"<hex:02095FE802FF1E>ins Hauptquartier der Lemuren<hex:FF1D>im Hauptquartier der Lemuren<hex:FF1E>das Hauptquartier der Lemuren<hex:03>",0,0,0
4023,"Strategieraum",0,"",0,0,1,0,0,"<hex:02093BE802FF12>zum Strategieraum<hex:FF11>im Strategieraum<hex:FF12>der Strategieraum<hex:03>",0,0,0
4024,"Gottesportal",0,"",0,0,1,0,0,"<hex:020938E802FF11>zum Gottesportal<hex:FF10>am Gottesportal<hex:FF11>das Gottesportal<hex:03>",0,0,0
4025,"Sternengrund",0,"",0,0,1,0,0,"<hex:020938E802FF11>zum Sternengrund<hex:FF10>im Sternengrund<hex:FF11>der Sternengrund<hex:03>",0,0,0
4026,"Vergessene Hydraulik",0,"",0,0,1,0,0,"<hex:020956E802FF1A>zur Vergessenen Hydraulik<hex:FF1D>in der Vergessenen Hydraulik<hex:FF19>die Vergessene Hydraulik<hex:03>",0,1544,0
4027,"Jnanamandapa",0,"",0,0,1,0,0,"<hex:020935E802FF12>nach Jnanamandapa<hex:FF10>in Jnanamandapa<hex:FF0D>Jnanamandapa<hex:03>",0,1369,0
4028,"Aitiaskop",0,"",0,0,1,0,0,"<hex:02092FE802FF0E>ins Aitiaskop<hex:FF0D>im Aitiaskop<hex:FF0E>das Aitiaskop<hex:03>",0,0,0
4029,"Portal des Vergessens",0,"",0,0,1,0,0,"<hex:020953E802FF1A>zum Portal des Vergessens<hex:FF19>am Portal des Vergessens<hex:FF1A>das Portal des Vergessens<hex:03>",0,1545,0
4030,"Svarna",0,"",0,0,1,0,0,"<hex:020923E802FF0C>nach Svarna<hex:FF0A>in Svarna<hex:FF07>Svarna<hex:03>",0,0,0
4031,"Omphalos",0,"",0,0,1,0,0,"<hex:02092BE802FF10>in den Omphalos<hex:FF0C>im Omphalos<hex:FF09>Omphalos<hex:03>",0,0,0
4032,"Porta Decumana",0,"",0,0,1,0,0,"<hex:020942E802FF13>zur Porta Decumana<hex:FF16>an der Porta Decumana<hex:FF13>die Porta Decumana<hex:03>",0,0,0
4033,"Pforten des Pandæmoniums",0,"",0,0,1,0,0,"<hex:020966E802FF21>zu den Pforten des Pandæmoniums<hex:FF21>an den Pforten des Pandæmoniums<hex:FF1E>die Pforten des Pandæmoniums<hex:03>",0,0,0
4034,"Verbotener Flügel",0,"",0,0,1,0,0,"<hex:020949E802FF17>zum Verbotenen Flügel<hex:FF16>im Verbotenen Flügel<hex:FF16>der Verbotene Flügel<hex:03>",0,0,0
4035,"Alzadaals Vermächtnis",0,"",0,0,1,0,0,"<hex:020951E802FF1A>zu Alzadaals Vermächtnis<hex:FF1A>in Alzadaals Vermächtnis<hex:FF17>Alzadaals Vermächtnis<hex:03>",0,0,0
4036,"Schwarzer Hof von Troia",0,"",0,0,1,0,0,"<hex:020958E802FF1C>zum Schwarzen Hof von Troia<hex:FF1B>am Schwarzen Hof von Troia<hex:FF1B>der Schwarze Hof von Troia<hex:03>",0,0,0
4037,"Aitiaskop",0,"",0,0,1,0,0,"<hex:02092FE802FF0E>zum Aitiaskop<hex:FF0D>im Aitiaskop<hex:FF0E>das Aitiaskop<hex:03>",0,0,0
4038,"Zeros Unterschlupf",0,"",0,0,1,0,0,"<hex:020945E802FF16>zu Zeros Unterschlupf<hex:FF16>in Zeros Unterschlupf<hex:FF13>Zeros Unterschlupf<hex:03>",0,0,0
4039,"Gästezimmer des Meghaduta-Tempels",0,"",0,0,1,0,0,"<hex:020982E802FF2B>zu den Gästezimmern des Meghaduta-Tempels<hex:FF2A>in den Gästezimmer des Meghaduta-Tempels<hex:FF27>die Gästezimmer des Meghaduta-Tempels<hex:03>",0,0,0
4040,"Versteck der Kürbishexe",0,"",0,0,1,0,0,"<hex:02095CE802FF1D>zum Versteck der Kürbishexe<hex:FF1C>im Versteck der Kürbishexe<hex:FF1D>das Versteck der Kürbishexe<hex:03>",0,0,0
4041,"Plattform A4",0,"",0,0,1,0,0,"<hex:02093DE802FF11>zur Plattform A4<hex:FF15>auf der Plattform A4<hex:FF11>die Plattform A4<hex:03>",0,0,0
4042,"Elysium",0,"",0,0,1,0,0,"<hex:020926E802FF0D>nach Elysium<hex:FF0B>in Elysium<hex:FF08>Elysium<hex:03>",0,0,0
4043,"Einsame Insel",0,"",0,0,1,0,0,"<hex:020942E802FF13>zur einsamen Insel<hex:FF17>auf der einsamen Insel<hex:FF12>die einsame Insel<hex:03>",0,0,0
4044,"Tiegel von Al-Kimiya",0,"",0,0,1,0,0,"<hex:020950E802FF19>zum Tiegel von Al-Kimiya<hex:FF18>im Tiegel von Al-Kimiya<hex:FF19>der Tiegel von Al-Kimiya<hex:03>",0,0,0
4045,"Sturmes Krone",0,"",0,0,1,0,0,"<hex:020937E802FF11>zu Sturmes Krone<hex:FF12>auf Sturmes Krone<hex:FF0E>Sturmes Krone<hex:03>",0,0,0
4046,"Zeros Versteck",0,"",0,0,1,0,0,"<hex:020939E802FF12>zu Zeros Versteck<hex:FF12>in Zeros Versteck<hex:FF0F>Zeros Versteck<hex:03>",0,0,0
4047,"Marktplatz",0,"",0,0,1,0,0,"<hex:020937E802FF0F>zum Marktplatz<hex:FF13>auf dem Marktplatz<hex:FF0F>der Marktplatz<hex:03>",0,0,0
4048,"Café Wiegenstern",0,"",0,0,1,0,0,"<hex:020947E802FF16>zum Café Wiegenstern<hex:FF15>im Café Wiegenstern<hex:FF16>das Café Wiegenstern<hex:03>",0,0,0
4049,"Agrarsektor",0,"",0,0,1,0,0,"<hex:020935E802FF10>zum Agrarsektor<hex:FF0F>im Agrarsektor<hex:FF10>der Agrarsektor<hex:03>",0,0,0
4050,"Thaliaks Pforte",0,"",0,0,1,0,0,"<hex:02093DE802FF13>zu Thaliaks Pforte<hex:FF14>bei Thaliaks Pforte<hex:FF10>Thaliaks Pforte<hex:03>",0,0,0
4051,"Azurtal",0,"",0,0,1,0,0,"<hex:020929E802FF0C>zum Azurtal<hex:FF0B>im Azurtal<hex:FF0C>das Azurtal<hex:03>",0,0,0
4052,"Tümpel des Tiefsinns",0,"",0,0,1,0,0,"<hex:020951E802FF1A>zum Tümpel des Tiefsinns<hex:FF1B>beim Tümpel des Tiefsinns<hex:FF16>Tümpel des Tiefsinns<hex:03>",0,0,0
4053,"Sammelbecken Nr. 1",0,"",0,0,1,0,0,"<hex:020949E802FF16>zu Sammelbecken Nr. 1<hex:FF16>an Sammelbecken Nr. 1<hex:FF17>das Sammelbecken Nr. 1<hex:03>",0,0,0
4054,"Abflusskanal Nr. 1",0,"",0,0,1,0,0,"<hex:02094AE802FF17>zum Abflusskanal Nr. 1<hex:FF16>im Abflusskanal Nr. 1<hex:FF17>der Abflusskanal Nr. 1<hex:03>",0,0,0
4055,"Sammelbecken Nr. 2",0,"",0,0,1,0,0,"<hex:020949E802FF16>zu Sammelbecken Nr. 2<hex:FF16>an Sammelbecken Nr. 2<hex:FF17>das Sammelbecken Nr. 2<hex:03>",0,0,0
4056,"Abflusskanal Nr. 2",0,"",0,0,1,0,0,"<hex:02094AE802FF17>zum Abflusskanal Nr. 2<hex:FF16>im Abflusskanal Nr. 2<hex:FF17>der Abflusskanal Nr. 2<hex:03>",0,0,0
4057,"Tiefer Graben",0,"",0,0,1,0,0,"<hex:020937E802FF12>zum Tiefen Graben<hex:FF11>am Tiefen Graben<hex:FF0E>Tiefer Graben<hex:03>",0,0,0
4058,"Kaskaden des Meghaduta",0,"",0,0,1,0,0,"<hex:02095DE802FF1E>zu den Kaskaden des Meghaduta<hex:FF1E>an den Kaskaden des Meghaduta<hex:FF1B>die Kaskaden des Meghaduta<hex:03>",0,0,0
4059,"Yedlihmad",0,"",0,0,1,0,0,"<hex:02092CE802FF0F>nach Yedlihmad<hex:FF0D>in Yedlihmad<hex:FF0A>Yedlihmad<hex:03>",0,0,0
4060,"Thavnair-Küste",0,"",0,0,1,0,0,"<hex:020945E802FF14>zur Thavnair-Küste<hex:FF17>an der Thavnair-Küste<hex:FF14>die Thavnair-Küste<hex:03>",0,0,0
4061,"Daemirs Bucht",0,"",0,0,1,0,0,"<hex:020936E802FF11>zu Daemirs Bucht<hex:FF11>in Daemirs Bucht<hex:FF0E>Daemirs Bucht<hex:03>",0,0,0
4062,"Gallenerz-Feld",0,"",0,0,1,0,0,"<hex:020943E802FF13>zum Gallenerz-Feld<hex:FF17>auf dem Gallenerz-Feld<hex:FF13>das Gallenerz-Feld<hex:03>",0,0,0
4063,"Wächter-Torana",0,"",0,0,1,0,0,"<hex:020941E802FF14>zum Wächter-Torana<hex:FF13>am Wächter-Torana<hex:FF14>das Wächter-Torana<hex:03>",0,0,0
4064,"Ksiroda",0,"",0,0,1,0,0,"<hex:020929E802FF0C>zum Ksiroda<hex:FF0B>am Ksiroda<hex:FF0C>der Ksiroda<hex:03>",0,0,0
4065,"Pavanas Reue",0,"",0,0,1,0,0,"<hex:020935E802FF12>nach Pavanas Reue<hex:FF10>in Pavanas Reue<hex:FF0D>Pavanas Reue<hex:03>",0,0,0
4066,"Mayaquell",0,"",0,0,1,0,0,"<hex:02092FE802FF0E>zum Mayaquell<hex:FF0D>am Mayaquell<hex:FF0E>der Mayaquell<hex:03>",0,0,0
4067,"Duftende Wogen",0,"",0,0,1,0,0,"<hex:020948E802FF17>zu den Duftenden Wogen<hex:FF17>in den Duftenden Wogen<hex:FF14>die Duftenden Wogen<hex:03>",0,0,0
4068,"Eblana-Schmelze",0,"",0,0,1,0,0,"<hex:020946E802FF14>zur Eblana-Schmelze<hex:FF18>auf der Eblana-Schmelze<hex:FF14>die Eblana-Schmelze<hex:03>",0,0,0
4069,"Geläuterter Lauf",0,"",0,0,1,0,0,"<hex:020946E802FF16>zum Geläuterten Lauf<hex:FF15>am Geläuterten Lauf<hex:FF15>der Geläuterte Lauf<hex:03>",0,0,0
4070,"Der schönste Wald",0,"",0,0,1,0,0,"<hex:020940E802FF14>zum schönsten Wald<hex:FF13>im schönsten Wald<hex:FF13>der schönste Wald<hex:03>",0,0,0
4071,"Chlorophos-Weiher",0,"",0,0,1,0,0,"<hex:020947E802FF16>zum Chlorophos-Weiher<hex:FF15>am Chlorophos-Weiher<hex:FF16>der Chlorophos-Weiher<hex:03>",0,0,0
4072,"Frostkluft",0,"",0,0,1,0,0,"<hex:020936E802FF0F>zur Frostkluft<hex:FF12>in der Frostkluft<hex:FF0F>die Frostkluft<hex:03>",0,0,0
4073,"Des Wandlers Wogen",0,"",0,0,1,0,0,"<hex:020945E802FF16>zu des Wandlers Wogen<hex:FF16>an des Wandlers Wogen<hex:FF13>des Wandlers Wogen<hex:03>",0,0,0
4074,"Garten der tausend Klauen (untere Ebene)",0,"",0,0,1,0,0,"<hex:02098CE802FF2D>zum Garten der tausend Klauen (untere Ebene)<hex:FF2C>im Garten der tausend Klauen (untere Ebene)<hex:FF2D>der Garten der tausend Klauen (untere Ebene)<hex:03>",0,0,0
4075,"Lethe",0,"",0,0,1,0,0,"<hex:02092AE802FF0D>in die Lethe<hex:FF0D>in der Lethe<hex:FF0A>die Lethe<hex:03>",0,0,0
4076,"Apohelos 18-γ",0,"",0,0,1,0,0,"<hex:02093BE802FF14>nach Apohelos 18-γ<hex:FF12>in Apohelos 18-γ<hex:FF0F>Apohelos 18-γ<hex:03>",0,0,0
4077,"Apohelos 18-β",0,"",0,0,1,0,0,"<hex:02093BE802FF14>nach Apohelos 18-β<hex:FF12>in Apohelos 18-β<hex:FF0F>Apohelos 18-β<hex:03>",0,0,0
4078,"Apohelos 18-α",0,"",0,0,1,0,0,"<hex:02093BE802FF14>nach Apohelos 18-α<hex:FF12>in Apohelos 18-α<hex:FF0F>Apohelos 18-α<hex:03>",0,0,0
4079,"Quell der Reue",0,"",0,0,1,0,0,"<hex:020942E802FF13>zur Quell der Reue<hex:FF16>an der Quell der Reue<hex:FF13>die Quell der Reue<hex:03>",0,0,0
4080,"Domizil der Ea",0,"",0,0,1,0,0,"<hex:02093EE802FF13>zum Domizil der Ea<hex:FF12>im Domizil der Ea<hex:FF13>das Domizil der Ea<hex:03>",0,0,0
4081,"Limne 18",0,"",0,0,1,0,0,"<hex:020929E802FF0E>nach Limne 18<hex:FF0C>in Limne 18<hex:FF09>Limne 18<hex:03>",0,0,0
4082,"Limne 3-α",0,"",0,0,1,0,0,"<hex:02092FE802FF10>nach Limne 3-α<hex:FF0E>in Limne 3-α<hex:FF0B>Limne 3-α<hex:03>",0,0,0
4083,"Limne 3-β",0,"",0,0,1,0,0,"<hex:02092FE802FF10>nach Limne 3-β<hex:FF0E>in Limne 3-β<hex:FF0B>Limne 3-β<hex:03>",0,0,0
4084,"Mittlere Aerialebene",0,"",0,0,1,0,0,"<hex:02095AE802FF1D>auf die mittlere Aerialebene<hex:FF1E>auf der mittleren Aerialebene<hex:FF19>die mittlere Aerialebene<hex:03>",0,0,0
4085,"Obere Aerialebene",0,"",0,0,1,0,0,"<hex:020951E802FF1A>auf die obere Aerialebene<hex:FF1B>auf der oberen Aerialebene<hex:FF16>die obere Aerialebene<hex:03>",0,0,0
4086,"Celestrialebene",0,"",0,0,1,0,0,"<hex:02094AE802FF18>auf die Celestrialebene<hex:FF18>auf der Celestrialebene<hex:FF14>die Celestrialebene<hex:03>",0,0,0
4087,"Meeressektor",0,"",0,0,1,0,0,"<hex:020938E802FF11>zum Meeressektor<hex:FF10>im Meeressektor<hex:FF11>der Meeressektor<hex:03>",0,0,0
4088,"Vergnügungssektor",0,"",0,0,1,0,0,"<hex:02094AE802FF17>zum Vergnügungssektor<hex:FF16>im Vergnügungssektor<hex:FF17>der Vergnügungssektor<hex:03>",0,0,0
4089,"Waldsektor",0,"",0,0,1,0,0,"<hex:020932E802FF0F>zum Waldsektor<hex:FF0E>im Waldsektor<hex:FF0F>der Waldsektor<hex:03>",0,0,0
4090,"Die Palästra",0,"",0,0,1,0,0,"<hex:020933E802FF0E>zur Palästra<hex:FF11>in der Palästra<hex:FF0E>die Palästra<hex:03>",0,0,0
4091,"Das Herz des Vulkans",0,"",0,0,1,0,0,"<hex:020948E802FF17>zum Herzen des Vulkans<hex:FF16>im Herzen des Vulkans<hex:FF15>das Herz des Vulkans<hex:03>",0,0,0
4092,"Wolke Sieben",0,"",0,0,1,0,0,"<hex:020936E802FF12>nach Wolke Sieben<hex:FF11>auf Wolke Sieben<hex:FF0D>Wolke Sieben<hex:03>",0,0,0
4093,"Die Mechanische Menagerie",0,"",0,0,1,0,0,"<hex:020959E802FF1B>zur Mechanischen Menagerie<hex:FF1E>in der Mechanischen Menagerie<hex:FF1A>die Mechanische Menagerie<hex:03>",0,0,0
4094,"Die Roten Sande",0,"",0,0,1,0,0,"",0,0,0
4095,"Der Küstenkampf",0,"",0,0,1,0,0,"<hex:020938E802FF11>zum Küstenkampf<hex:FF10>im Küstenkampf<hex:FF11>der Küstenkampf<hex:03>",0,0,0
4096,"",0,"",0,0,1,0,0,"",0,0,0
4097,"",0,"",0,0,1,0,0,"",0,0,0
4098,"Medias Res",0,"",0,0,1,0,0,"<hex:020932E802FF0F>ins Medias Res<hex:FF0E>im Medias Res<hex:FF0F>das Medias Res<hex:03>",0,0,0
4099,"Medias Res",0,"",0,0,1,0,0,"<hex:020932E802FF0F>ins Medias Res<hex:FF0E>im Medias Res<hex:FF0F>das Medias Res<hex:03>",0,0,0
4100,"Das Sternengrab",0,"",0,0,1,0,0,"<hex:020935E802FF10>zum Sternengrab<hex:FF0F>im Sternengrab<hex:FF10>das Sternengrab<hex:03>",0,0,0
4101,"Ostrakon Exi",0,"",0,0,1,0,0,"<hex:020938E802FF11>zum Ostrakon Exi<hex:FF10>im Ostrakon Exi<hex:FF11>das Ostrakon Exi<hex:03>",0,0,0
4102,"Ostrakon Okto",0,"",0,0,1,0,0,"<hex:02093BE802FF12>zum Ostrakon Okto<hex:FF11>im Ostrakon Okto<hex:FF12>das Ostrakon Okto<hex:03>",0,0,0
4103,"Ostrakon Dekaepta",0,"",0,0,1,0,0,"<hex:020947E802FF16>zum Ostrakon Dekaepta<hex:FF15>im Ostrakon Dekaepta<hex:FF16>das Ostrakon Dekaepta<hex:03>",0,0,0
4104,"Verfallenes Muschelhaus",0,"",0,0,1,0,0,"<hex:020958E802FF1C>zum Verfallenen Muschelhaus<hex:FF1B>im Verfallenen Muschelhaus<hex:FF1B>das Verfallene Muschelhaus<hex:03>",0,0,0
4105,"Hügel der Abschreckung",0,"",0,0,1,0,0,"<hex:02095EE802FF1C>zum Hügel der Abschreckung<hex:FF20>auf dem Hügel der Abschreckung<hex:FF1C>der Hügel der Abschreckung<hex:03>",0,0,0
4106,"Garten des Weltenbaums",0,"",0,0,1,0,0,"<hex:020956E802FF1B>zum Garten des Weltenbaums<hex:FF1A>im Garten des Weltenbaums<hex:FF1B>der Garten des Weltenbaums<hex:03>",0,0,0
4107,"Verseuchte Küste",0,"",0,0,1,0,0,"<hex:02094DE802FF17>zur Verseuchten Küste<hex:FF1A>an der Verseuchten Küste<hex:FF16>die Verseuchte Küste<hex:03>",0,0,0
4108,"Grebuloff-Siedlung",0,"",0,0,1,0,0,"<hex:02094EE802FF17>zur Grebuloff-Siedlung<hex:FF1A>in der Grebuloff-Siedlung<hex:FF17>die Grebuloff-Siedlung<hex:03>",0,0,0
4109,"Tag der totalen Vernichtung",0,"",0,0,1,0,0,"<hex:020965E802FF20>zum Tag der totalen Vernichtung<hex:FF1F>am Tag der totalen Vernichtung<hex:FF20>der Tag der totalen Vernichtung<hex:03>",0,0,0
4110,"Die glückliche Welt",0,"",0,0,1,0,0,"<hex:02094BE802FF16>Zur glücklichen Welt<hex:FF19>in der glücklichen Welt<hex:FF16> die glückliche Welt<hex:03>",0,0,0
4111,"Euphoratron",0,"",0,0,1,0,0,"<hex:020935E802FF10>zum Euphoratron<hex:FF0F>im Euphoratron<hex:FF10>das Euphoratron<hex:03>",0,0,0
4112,"Tor zur Euphorie",0,"",0,0,1,0,0,"<hex:020944E802FF15>zum Tor zur Euphorie<hex:FF14>am Tor zur Euphorie<hex:FF15>das Tor zur Euphorie<hex:03>",0,0,0
4113,"Erste Arena",0,"",0,0,1,0,0,"<hex:02093BE802FF11>zur ersten Arena<hex:FF14>in der ersten Arena<hex:FF10>die erste Arena<hex:03>",0,0,0
4114,"Zweite Arena",0,"",0,0,1,0,0,"<hex:02093EE802FF12>zur zweiten Arena<hex:FF15>in der zweiten Arena<hex:FF11>die zweite Arena<hex:03>",0,0,0
4115,"Dritte Arena",0,"",0,0,1,0,0,"<hex:02093EE802FF12>zur dritten Arena<hex:FF15>in der dritten Arena<hex:FF11>die dritte Arena<hex:03>",0,0,0
4116,"Vierte Arena",0,"",0,0,1,0,0,"<hex:02093EE802FF12>zur vierten Arena<hex:FF15>in der vierten Arena<hex:FF11>die vierte Arena<hex:03>",0,0,0
4117,"Arena der Euphorie",0,"",0,0,1,0,0,"<hex:02094EE802FF17>zur Arena der Euphorie<hex:FF1A>in der Arena der Euphorie<hex:FF17>die Arena der Euphorie<hex:03>",0,0,0
4118,"Turm von Babil",0,"",0,0,1,0,0,"<hex:02093EE802FF13>zum Turm von Babil<hex:FF12>im Turm von Babil<hex:FF13>der Turm von Babil<hex:03>",0,0,0
4119,"Magitek-Frachtroute E",0,"",0,0,1,0,0,"<hex:020950E802FF1A>zur Magitek-Frachtroute E<hex:FF1A>auf Magitek-Frachtroute E<hex:FF16>Magitek-Frachtroute E<hex:03>",0,0,0
4120,"Unterirdische Sektion",0,"",0,0,1,0,0,"<hex:020959E802FF1B>zur unterirdischen Sektion<hex:FF1E>in der unterirdischen Sektion<hex:FF1A>die unterirdische Sektion<hex:03>",0,0,0
4121,"Aufzugssektion",0,"",0,0,1,0,0,"<hex:020942E802FF13>zur Aufzugssektion<hex:FF16>in der Aufzugssektion<hex:FF13>die Aufzugssektion<hex:03>",0,0,0
4122,"Palastsektion",0,"",0,0,1,0,0,"<hex:02093FE802FF12>zur Palastsektion<hex:FF15>in der Palastsektion<hex:FF12>die Palastsektion<hex:03>",0,0,0
4123,"Annex-Sektion",0,"",0,0,1,0,0,"<hex:02093FE802FF12>zur Annex-Sektion<hex:FF15>in der Annex-Sektion<hex:FF12>die Annex-Sektion<hex:03>",0,0,0
4124,"Magitek-Wartungsdepot",0,"",0,0,1,0,0,"<hex:020953E802FF1A>zum Magitek-Wartungsdepot<hex:FF19>im Magitek-Wartungsdepot<hex:FF1A>das Magitek-Wartungsdepot<hex:03>",0,0,0
4125,"Kampfhalle",0,"",0,0,1,0,0,"<hex:020936E802FF0F>zur Kampfhalle<hex:FF12>in der Kampfhalle<hex:FF0F>die Kampfhalle<hex:03>",0,0,0
4126,"Eiserner Wanst",0,"",0,0,1,0,0,"<hex:02093DE802FF13>zum Eisernen Wanst<hex:FF12>im Eisernen Wanst<hex:FF12>der Eiserne Wanst<hex:03>",0,0,0
4127,"Güterwagen XLIX",0,"",0,0,1,0,0,"<hex:020944E802FF15>zum Güterwagen XLIX<hex:FF14>im Güterwagen XLIX<hex:FF15>der Güterwagen XLIX<hex:03>",0,0,0
4128,"Frachtbahnsteig",0,"",0,0,1,0,0,"<hex:020946E802FF14>zum Frachtbahnsteig<hex:FF18>auf dem Frachtbahnsteig<hex:FF14>der Frachtbahnsteig<hex:03>",0,0,0
4129,"Aufzug A",0,"",0,0,1,0,0,"<hex:020927E802FF0C>zu Aufzug A<hex:FF0C>in Aufzug A<hex:FF09>Aufzug A<hex:03>",0,0,0
4130,"Verbindungskorridor",0,"",0,0,1,0,0,"<hex:020950E802FF1B>in den Verbindungskorridor<hex:FF17>im Verbindungskorridor<hex:FF18>der Verbindungskorridor<hex:03>",0,0,0
4131,"Palastkorridor",0,"",0,0,1,0,0,"<hex:020941E802FF16>in den Palastkorridor<hex:FF12>im Palastkorridor<hex:FF13>der Palastkorridor<hex:03>",0,0,0
4132,"Halle der Ketten",0,"",0,0,1,0,0,"<hex:020948E802FF15>zur Halle der Ketten<hex:FF18>in der Halle der Ketten<hex:FF15>die Halle der Ketten<hex:03>",0,0,0
4133,"Verzerrte Ader",0,"",0,0,1,0,0,"<hex:020944E802FF14>zur verzerrten Ader<hex:FF17>in der verzerrten Ader<hex:FF13>die verzerrte Ader<hex:03>",0,0,0
4134,"Animas Dimension",0,"",0,0,1,0,0,"<hex:02093FE802FF14>in Animas Dimension<hex:FF14>in Animas Dimension<hex:FF11>Animas Dimension<hex:03>",0,0,0
4135,"Blutender Limbus",0,"",0,0,1,0,0,"<hex:020943E802FF15>zum blutenden Limbus<hex:FF14>im blutenden Limbus<hex:FF14>der blutende Limbus<hex:03>",0,0,0
4136,"Frohehalde",0,"",0,0,1,0,0,"<hex:02092FE802FF10>nach Frohehalde<hex:FF0E>in Frohehalde<hex:FF0B>Frohehalde<hex:03>",0,0,0
4137,"Rhalgrs Wacht",0,"",0,0,1,0,0,"<hex:020938E802FF13>nach Rhalgrs Wacht<hex:FF11>in Rhalgrs Wacht<hex:FF0E>Rhalgrs Wacht<hex:03>",0,0,0
4138,"Garlemald",0,"",0,0,1,0,0,"<hex:02092CE802FF0F>nach Garlemald<hex:FF0D>in Garlemald<hex:FF0A>Garlemald<hex:03>",0,0,0
4139,"Empyreum",0,"",0,0,1,0,0,"<hex:02092CE802FF0D>ins Empyreum<hex:FF0C>im Empyreum<hex:FF0D>das Empyreum<hex:03>",0,0,0
4140,"Drachentor",0,"",0,0,1,0,0,"<hex:020932E802FF0F>zum Drachentor<hex:FF0E>am Drachentor<hex:FF0F>das Drachentor<hex:03>",0,0,0
4141,"Schneehang-Quellen",0,"",0,0,1,0,0,"<hex:020951E802FF1A>zu den Schneehang-Quellen<hex:FF1A>an den Schneehang-Quellen<hex:FF17>die Schneehang-Quellen<hex:03>",0,0,0
4142,"Hellebardenspalier",0,"",0,0,1,0,0,"<hex:02094AE802FF17>zum Hellebardenspalier<hex:FF16>am Hellebardenspalier<hex:FF17>das Hellebardenspalier<hex:03>",0,0,0
4143,"Tor des Heldenmuts",0,"",0,0,1,0,0,"<hex:02094AE802FF17>zum Tor des Heldenmuts<hex:FF16>am Tor des Heldenmuts<hex:FF17>das Tor des Heldenmuts<hex:03>",0,0,0
4144,"Dangoulains Hingabe",0,"",0,0,1,0,0,"<hex:02094AE802FF19>nach Dangoulains Hingabe<hex:FF17>in Dangoulains Hingabe<hex:FF14>Dangoulains Hingabe<hex:03>",0,0,0
4145,"Neuer Drachen<hex:02160103>korridor",0,"",0,0,1,0,0,"<hex:02095EE802FF1E>zum Neuen Drachen<hex:02160103>korridor<hex:FF1D>am Neuen Drachen<hex:02160103>korridor<hex:FF1D>der Neue Drachen<hex:02160103>korridor<hex:03>",0,0,0
4146,"Aitiaskop",0,"",0,0,1,0,0,"<hex:02092FE802FF0E>zum Aitiaskop<hex:FF0D>am Aitiaskop<hex:FF0E>das Aitiaskop<hex:03>",0,0,0
4147,"Untere Ebene",0,"",0,0,1,0,0,"<hex:02093FE802FF12>zur Unteren Ebene<hex:FF16>auf der Unteren Ebene<hex:FF11>die Untere Ebene<hex:03>",0,0,0
4148,"Tiefere Ebene",0,"",0,0,1,0,0,"<hex:020942E802FF13>zur Tieferen Ebene<hex:FF17>auf der Tieferen Ebene<hex:FF12>die Tiefere Ebene<hex:03>",0,0,0
4149,"[Erweiterung] Drachentor",0,"",0,0,1,0,0,"",0,0,0
4150,"[Erweiterung] Schneehang-Quellen",0,"",0,0,1,0,0,"",0,0,0
4151,"[Erweiterung] Tor des Heldenmuts",0,"",0,0,1,0,0,"",0,0,0
4152,"[Erweiterung] Dangoulains Hingabe",0,"",0,0,1,0,0,"",0,0,0
4153,"[Erweiterung] Neuer Drachen<hex:02160103>korridor",0,"",0,0,1,0,0,"",0,0,0
4154,"Alzadaals Vermächtnis",0,"",0,0,1,0,0,"<hex:020951E802FF1A>zu Alzadaals Vermächtnis<hex:FF1A>in Alzadaals Vermächtnis<hex:FF17>Alzadaals Vermächtnis<hex:03>",0,0,0
4155,"Bhaflau-Ruinen",0,"",0,0,1,0,0,"<hex:020945E802FF16>zu den Bhaflau-Ruinen<hex:FF16>in die Bhaflau-Ruinen<hex:FF13>die Bhaflau-Ruinen<hex:03>",0,0,0
4156,"Arrapago-Ruinen",0,"",0,0,1,0,0,"<hex:020948E802FF17>zu den Arrapago-Ruinen<hex:FF17>in die Arrapago-Ruinen<hex:FF14>die Arrapago-Ruinen<hex:03>",0,0,0
4157,"Zhayolm-Ruinen",0,"",0,0,1,0,0,"<hex:020945E802FF16>zu den Zhayolm-Ruinen<hex:FF16>in die Zhayolm-Ruinen<hex:FF13>die Zhayolm-Ruinen<hex:03>",0,0,0
4158,"Versunkene Pforte",0,"",0,0,1,0,0,"<hex:02094DE802FF17>zur Versunkenen Pforte<hex:FF1A>an der Versunkenen Pforte<hex:FF16>die Versunkene Pforte<hex:03>",0,0,0
4159,"Schwelle zum Reichtum",0,"",0,0,1,0,0,"<hex:020957E802FF1A>zur Schwelle zum Reichtum<hex:FF1D>an der Schwelle zum Reichtum<hex:FF1A>die Schwelle zum Reichtum<hex:03>",0,0,0
4160,"Webers Wehr",0,"",0,0,1,0,0,"<hex:020930E802FF0F>zu Webers Wehr<hex:FF0F>in Webers Wehr<hex:FF0C>Webers Wehr<hex:03>",0,0,0
4161,"Bhaflau-Ruinen",0,"",0,0,1,0,0,"<hex:020945E802FF16>zu den Bhaflau-Ruinen<hex:FF16>in die Bhaflau-Ruinen<hex:FF13>die Bhaflau-Ruinen<hex:03>",0,0,0
4162,"Arrapago-Ruinen",0,"",0,0,1,0,0,"<hex:020948E802FF17>zu den Arrapago-Ruinen<hex:FF17>in die Arrapago-Ruinen<hex:FF14>die Arrapago-Ruinen<hex:03>",0,0,0
4163,"Zhayolm-Ruinen",0,"",0,0,1,0,0,"<hex:020945E802FF16>zu den Zhayolm-Ruinen<hex:FF16>in die Zhayolm-Ruinen<hex:FF13>die Zhayolm-Ruinen<hex:03>",0,0,0
4164,"●玉座の間",0,"",0,0,1,0,0,"",0,0,0
4165,"●財宝の間",0,"",0,0,1,0,0,"",0,0,0
4166,"Hort des Alzadaal",0,"",0,0,1,0,0,"<hex:020947E802FF16>zum Hort des Alzadaal<hex:FF15>im Hort des Alzadaal<hex:FF16>der Hort des Alzadaal<hex:03>",0,0,0
4167,"Aglaia",0,"",0,0,1,0,0,"<hex:020923E802FF0C>nach Aglaia<hex:FF0A>in Aglaia<hex:FF07>Aglaia<hex:03>",0,0,0
4168,"Donnerhimmel",0,"",0,0,1,0,0,"<hex:020934E802FF11>zum Donnerhimmel<hex:FF10>im Donnerhimmel<hex:FF0D>Donnerhimmel<hex:03>",0,0,0
4169,"Flammenhimmel",0,"",0,0,1,0,0,"<hex:020937E802FF12>zum Flammenhimmel<hex:FF11>im Flammenhimmel<hex:FF0E>Flammenhimmel<hex:03>",0,0,0
4170,"Schrein der Zwei",0,"",0,0,1,0,0,"<hex:020944E802FF15>zum Schrein der Zwei<hex:FF14>im Schrein der Zwei<hex:FF15>der Schrein der Zwei<hex:03>",0,0,0
4171,"Donnerhimmel",0,"",0,0,1,0,0,"<hex:020934E802FF11>zum Donnerhimmel<hex:FF10>im Donnerhimmel<hex:FF0D>Donnerhimmel<hex:03>",0,0,0
4172,"Flammenhimmel",0,"",0,0,1,0,0,"<hex:020937E802FF12>zum Flammenhimmel<hex:FF11>im Flammenhimmel<hex:FF0E>Flammenhimmel<hex:03>",0,0,0
4173,"Schrein des Handwerks",0,"",0,0,1,0,0,"<hex:020953E802FF1A>zum Schrein des Handwerks<hex:FF19>im Schrein des Handwerks<hex:FF1A>der Schrein des Handwerks<hex:03>",0,0,0
4174,"Pfad der Führung",0,"",0,0,1,0,0,"<hex:02094CE802FF16>zum Pfad der Führung<hex:FF1A>auf dem Pfad der Führung<hex:FF16>der Pfad der Führung<hex:03>",0,0,0
4175,"Schrein des Kometen",0,"",0,0,1,0,0,"<hex:02094DE802FF18>zum Schrein des Kometen<hex:FF17>im Schrein des Kometen<hex:FF18>der Schrein des Kometen<hex:03>",0,0,0
4176,"Stadt der Herrlichkeit",0,"",0,0,1,0,0,"<hex:02095AE802FF1B>zur Stadt der Herrlichkeit<hex:FF1E>in der Stadt der Herrlichkeit<hex:FF1B>die Stadt der Herrlichkeit<hex:03>",0,0,0
4177,"Schrein des Urteils",0,"",0,0,1,0,0,"<hex:02094DE802FF18>zum Schrein des Urteils<hex:FF17>im Schrein des Urteils<hex:FF18>der Schrein des Urteils<hex:03>",0,0,0
4178,"Schrein der Zwei",0,"",0,0,1,0,0,"<hex:020944E802FF15>zum Schrein der Zwei<hex:FF14>im Schrein der Zwei<hex:FF15>der Schrein der Zwei<hex:03>",0,0,0
4179,"Seldsee (Südwest)",0,"",0,0,1,0,0,"<hex:02094AE802FF17>zum Seldsee (Südwest)<hex:FF16>am Seldsee (Südwest)<hex:FF17>der Seldsee (Südwest)<hex:03>",0,1,0
4180,"Schwarzer Hof von Troia",0,"",0,0,1,0,0,"<hex:020958E802FF1C>zum Schwarzen Hof von Troia<hex:FF1B>am Schwarzen Hof von Troia<hex:FF1B>der Schwarze Hof von Troia<hex:03>",0,0,0
4181,"Viertes Burgverlies",0,"",0,0,1,0,0,"<hex:02094CE802FF18>zum vierten Burgverlies<hex:FF17>im vierten Burgverlies<hex:FF17>das vierte Burgverlies<hex:03>",0,0,0
4182,"Burg Troia",0,"",0,0,1,0,0,"<hex:020936E802FF0F>zur Burg Troia<hex:FF12>in der Burg Troia<hex:FF0F>die Burg Troia<hex:03>",0,0,0
4183,"Wassergärten",0,"",0,0,1,0,0,"<hex:020942E802FF15>zu den Wassergärten<hex:FF15>in den Wassergärten<hex:FF12>die Wassergärten<hex:03>",0,0,0
4184,"Sühneshalle",0,"",0,0,1,0,0,"<hex:02093CE802FF11>zur Sühneshalle<hex:FF14>in der Sühneshalle<hex:FF11>die Sühneshalle<hex:03>",0,0,0
4185,"Sitz der Hohepriesterin",0,"",0,0,1,0,0,"<hex:020959E802FF1C>zum Sitz der Hohepriesterin<hex:FF1B>am Sitz der Hohepriesterin<hex:FF1C>der Sitz der Hohepriesterin<hex:03>",0,0,0
4186,"Garten der Schwestern",0,"",0,0,1,0,0,"<hex:020953E802FF1A>zum Garten der Schwestern<hex:FF19>im Garten der Schwestern<hex:FF1A>der Garten der Schwestern<hex:03>",0,0,0
4187,"Gartensteig",0,"",0,0,1,0,0,"<hex:02093AE802FF10>zum Gartensteig<hex:FF14>auf dem Gartensteig<hex:FF10>der Gartensteig<hex:03>",0,0,0
4188,"Viertes Burgverlies",0,"",0,0,1,0,0,"<hex:02094CE802FF18>zum vierten Burgverlies<hex:FF17>im vierten Burgverlies<hex:FF17>das vierte Burgverlies<hex:03>",0,0,0
4189,"Burg Troia",0,"",0,0,1,0,0,"<hex:020936E802FF0F>zur Burg Troia<hex:FF12>in der Burg Troia<hex:FF0F>die Burg Troia<hex:03>",0,0,0
4190,"Wassergärten",0,"",0,0,1,0,0,"<hex:020942E802FF15>zu den Wassergärten<hex:FF15>in den Wassergärten<hex:FF12>die Wassergärten<hex:03>",0,0,0
4191,"Elysischer Agrarsektor",0,"",0,0,1,0,0,"<hex:020955E802FF1B>zum Elysischen Agrarsektor<hex:FF1A>im Elysischen Agrarsektor<hex:FF1A>der Elysische Agrarsektor<hex:03>",0,0,0
4192,"Elysischer Meeressektor α",0,"",0,0,1,0,0,"<hex:020961E802FF1F>zum Elysischen Meeressektor α<hex:FF1E>im Elysischen Meeressektor α<hex:FF1E>der Elysische Meeressektor α<hex:03>",0,0,0
4193,"Elysischer Meeressektor β",0,"",0,0,1,0,0,"<hex:020961E802FF1F>zum Elysischen Meeressektor β<hex:FF1E>im Elysischen Meeressektor β<hex:FF1E>der Elysische Meeressektor β<hex:03>",0,0,0
4194,"Elysischer Vergnügungssektorα",0,"",0,0,1,0,0,"<hex:020973E802FF25>zum Elysischen Vergnügungssektor α<hex:FF24>im Elysischen Vergnügungssektor α<hex:FF24>der Elysische Vergnügungssektor α<hex:03>",0,0,0
4195,"Elysischer Vergnügungssektorβ",0,"",0,0,1,0,0,"<hex:020973E802FF25>zum Elysischen Vergnügungssektor β<hex:FF24>im Elysischen Vergnügungssektor β<hex:FF24>der Elysische Vergnügungssektor β<hex:03>",0,0,0
4196,"Isolationstrakt für parasitäre Lebensformen",0,"",0,0,1,0,0,"<hex:020944E802FF17>in den Isolationstrakt<hex:FF13>im Isolationstrakt<hex:FF14>der Isolationstrakt<hex:03>",0,0,0
4197,"Sturmes Krone",0,"",0,0,1,0,0,"<hex:020937E802FF11>zu Sturmes Krone<hex:FF12>auf Sturmes Krone<hex:FF0E>Sturmes Krone<hex:03>",0,0,0
4198,"Separationstrakt für pflanzliche Lebensformen",0,"",0,0,1,0,0,"<hex:020947E802FF18>in den Separationstrakt<hex:FF14>im Separationstrakt<hex:FF15>der Separationstrakt<hex:03>",0,0,0
4199,"Unterstadt von Sil'dih",0,"",0,0,1,0,0,"<hex:02095AE802FF1B>zur Unterstadt von Sil'dih<hex:FF1E>in der Unterstadt von Sil'dih<hex:FF1B>die Unterstadt von Sil'dih<hex:03>",0,0,0
4200,"Schlickpumpe",0,"",0,0,1,0,0,"<hex:02093CE802FF11>zur Schlickpumpe<hex:FF14>an der Schlickpumpe<hex:FF11>die Schlickpumpe<hex:03>",0,0,0
4201,"Vergessener Vorhof",0,"",0,0,1,0,0,"<hex:020949E802FF17>zum vergessenen Vorhof<hex:FF16>im vergessenen Vorhof<hex:FF16>der vergessene Vorhof<hex:03>",0,0,0
4202,"Malachit-Portikus",0,"",0,0,1,0,0,"<hex:020947E802FF16>zum Malachit-Portikus<hex:FF15>im Malachit-Portikus<hex:FF16>der Malachit-Portikus<hex:03>",0,0,0
4203,"Schattige Einkehr",0,"",0,0,1,0,0,"<hex:02094DE802FF17>zur schattigen Einkehr<hex:FF1A>in der schattigen Einkehr<hex:FF16>die schattige Einkehr<hex:03>",0,0,0
4204,"Sonnengarten",0,"",0,0,1,0,0,"<hex:020938E802FF11>zum Sonnengarten<hex:FF10>im Sonnengarten<hex:FF11>der Sonnengarten<hex:03>",0,0,0
4205,"Absatzbecken",0,"",0,0,1,0,0,"<hex:020938E802FF11>zum Absatzbecken<hex:FF10>am Absatzbecken<hex:FF11>das Absatzbecken<hex:03>",0,0,0
4206,"Ewiger Einklang",0,"",0,0,1,0,0,"<hex:020940E802FF14>zum ewigen Einklang<hex:FF13>im ewigen Einklang<hex:FF13>der ewige Einklang<hex:03>",0,0,0
4207,"Sakristei",0,"",0,0,1,0,0,"<hex:020933E802FF0E>zur Sakristei<hex:FF11>in der Sakristei<hex:FF0E>die Sakristei<hex:03>",0,0,0
4208,"Siebstätte",0,"",0,0,1,0,0,"<hex:020939E802FF10>zur Siebstätte<hex:FF13>an der Siebstätte<hex:FF10>die Siebstätte<hex:03>",0,0,0
4209,"Kranz der Gunst",0,"",0,0,1,0,0,"<hex:020941E802FF14>zum Kranz der Gunst<hex:FF13>am Kranz der Gunst<hex:FF14>der Kranz der Gunst<hex:03>",0,0,0
4210,"Königliches Schlafgemach",0,"",0,0,1,0,0,"<hex:02095EE802FF1E>zum königlichen Schlafgemach<hex:FF1D>im königlichen Schlafgemach<hex:FF1D>das königliche Schlafgemach<hex:03>",0,0,0
4211,"Tafel des Sultans",0,"",0,0,1,0,0,"<hex:02094BE802FF16>zur Tafel des Sultans<hex:FF19>an der Tafel des Sultans<hex:FF16>die Tafel des Sultans<hex:03>",0,0,0
4212,"Audienzhalle",0,"",0,0,1,0,0,"<hex:02093CE802FF11>zur Audienzhalle<hex:FF14>in der Audienzhalle<hex:FF11>die Audienzhalle<hex:03>",0,0,0
4213,"Prosperität",0,"",0,0,1,0,0,"<hex:02093CE802FF11>zur Prosperität<hex:FF14>in der Prosperität<hex:FF11>die Prosperität<hex:03>",0,0,0
4214,"Haus der kalten Waffen",0,"",0,0,1,0,0,"<hex:020956E802FF1B>zum Haus der kalten Waffen<hex:FF1A>im Haus der kalten Waffen<hex:FF1B>das Haus der kalten Waffen<hex:03>",0,0,0
4215,"Gleichgewicht der Flammen",0,"",0,0,1,0,0,"<hex:02095FE802FF1E>zum Gleichgewicht der Flammen<hex:FF1D>im Gleichgewicht der Flammen<hex:FF1E>das Gleichgewicht der Flammen<hex:03>",0,0,0
4216,"Halle der Drei Türen",0,"",0,0,1,0,0,"<hex:020957E802FF1A>zur Halle der Drei Türen<hex:FF1D>in der Halle der Drei Türen<hex:FF1A>die Halle der Drei Türen<hex:03>",0,0,0
4217,"Bewässerungskanäle",0,"",0,0,1,0,0,"<hex:020959E802FF1D>zu den Bewässerungskanälen<hex:FF1D>an den Bewässerungskanälen<hex:FF19>die Bewässerungskanäle<hex:03>",0,0,0
4218,"Gang des Frühlings",0,"",0,0,1,0,0,"<hex:02094DE802FF18>zum Gang des Frühlings<hex:FF17>im Gang des Frühlings<hex:FF18>der Gang des Frühlings<hex:03>",0,0,0
4219,"Grundwasser-Zulauf",0,"",0,0,1,0,0,"<hex:02094AE802FF17>zum Grundwasser-Zulauf<hex:FF16>am Grundwasser-Zulauf<hex:FF17>der Grundwasser-Zulauf<hex:03>",0,0,0
4220,"Klärkanäle",0,"",0,0,1,0,0,"<hex:020941E802FF15>zu den Klärkanälen<hex:FF15>an den Klärkanälen<hex:FF11>die Klärkanäle<hex:03>",0,0,0
4221,"Scheideweg der Flammen",0,"",0,0,1,0,0,"<hex:020956E802FF1B>zum Scheideweg der Flammen<hex:FF1A>am Scheideweg der Flammen<hex:FF1B>der Scheideweg der Flammen<hex:03>",0,0,0
4222,"Feldvorposten",0,"",0,0,1,0,0,"<hex:02093BE802FF12>zum Feldvorposten<hex:FF11>am Feldvorposten<hex:FF12>der Feldvorposten<hex:03>",0,0,0
4223,"Zisternenanlage",0,"",0,0,1,0,0,"<hex:020945E802FF14>zur Zisternenanlage<hex:FF17>an der Zisternenanlage<hex:FF14>die Zisternenanlage<hex:03>",0,0,0
4224,"Kammer der Herrschaft",0,"",0,0,1,0,0,"<hex:020957E802FF1A>zur Kammer der Herrschaft<hex:FF1D>in der Kammer der Herrschaft<hex:FF1A>die Kammer der Herrschaft<hex:03>",0,0,0
4225,"Verborgene Hallen",0,"",0,0,1,0,0,"<hex:020951E802FF1A>zu den verborgenen Hallen<hex:FF1A>in den verborgenen Hallen<hex:FF17>die verborgenen Hallen<hex:03>",0,0,0
4226,"Bundes Zeugnis",0,"",0,0,1,0,0,"<hex:020939E802FF12>zu Bundes Zeugnis<hex:FF12>in Bundes Zeugnis<hex:FF0F>Bundes Zeugnis<hex:03>",0,0,0
4227,"Kuriose Unterstadt von Sil'dih",0,"",0,0,1,0,0,"<hex:020974E802FF24>zur kuriosen Unterstadt von Sil'dih<hex:FF27>in der kuriosen Unterstadt von Sil'dih<hex:FF23>die kuriose Unterstadt von Sil'dih<hex:03>",0,0,0
4228,"Ebene der Weisheit",0,"",0,0,1,0,0,"<hex:02094EE802FF17>zur Ebene der Weisheit<hex:FF1A>in der Ebene der Weisheit<hex:FF17>die Ebene der Weisheit<hex:03>",0,0,0
4229,"Ebene der Macht",0,"",0,0,1,0,0,"<hex:020946E802FF14>zur Ebene der Macht<hex:FF18>auf der Ebene der Macht<hex:FF14>die Ebene der Macht<hex:03>",0,0,0
4230,"Ebene der Gerechtigkeit",0,"",0,0,1,0,0,"<hex:02095EE802FF1C>zur Ebene der Gerechtigkeit<hex:FF20>auf der Ebene der Gerechtigkeit<hex:FF1C>die Ebene der Gerechtigkeit<hex:03>",0,0,0
4231,"Prüfung der Weisheit",0,"",0,0,1,0,0,"<hex:020958E802FF1A>zur Prüfung der Weisheit<hex:FF1E>auf der Prüfung der Weisheit<hex:FF1A>die Prüfung der Weisheit<hex:03>",0,0,0
4232,"Prüfung der Macht",0,"",0,0,1,0,0,"<hex:02094EE802FF17>zur Prüfung der Macht<hex:FF1A>in der Prüfung der Macht<hex:FF17>die Prüfung der Macht<hex:03>",0,0,0
4233,"Prüfung der Gerechtigkeit",0,"",0,0,1,0,0,"<hex:020966E802FF1F>zur Prüfung der Gerechtigkeit<hex:FF22>in der Prüfung der Gerechtigkeit<hex:FF1F>die Prüfung der Gerechtigkeit<hex:03>",0,0,0
4234,"Zuflucht der Weisen",0,"",0,0,1,0,0,"<hex:020951E802FF18>zur Zuflucht der Weisen<hex:FF1B>in der Zuflucht der Weisen<hex:FF18>die Zuflucht der Weisen<hex:03>",0,0,0
4235,"Zuflucht der Mächtigen",0,"",0,0,1,0,0,"<hex:02095DE802FF1C>zur Zuflucht der Mächtigen<hex:FF1F>in der Zuflucht der Mächtigen<hex:FF1C>die Zuflucht der Mächtigen<hex:03>",0,0,0
4236,"Wildnis",0,"",0,0,1,0,0,"<hex:020930E802FF0F>in die Wildnis<hex:FF0F>in der Wildnis<hex:FF0C>die Wildnis<hex:03>",0,0,0
4237,"Trautes Domizil",0,"",0,0,1,0,0,"<hex:020940E802FF14>zum trauten Domizil<hex:FF13>im trauten Domizil<hex:FF13>das traute Domizil<hex:03>",0,0,0
4238,"Bucht der Piraten",0,"",0,0,1,0,0,"<hex:02094BE802FF16>zur Bucht der Piraten<hex:FF19>in der Bucht der Piraten<hex:FF16>die Bucht der Piraten<hex:03>",0,0,0
4239,"Raues Riff",0,"",0,0,1,0,0,"<hex:020931E802FF0F>zum rauen Riff<hex:FF0E>am rauen Riff<hex:FF0E>das raue Riff<hex:03>",0,0,0
4240,"Rollende Hügel",0,"",0,0,1,0,0,"<hex:02094DE802FF19>zu den rollenden Hügeln<hex:FF19>in den rollenden Hügeln<hex:FF15>die rollenden Hügel<hex:03>",0,0,0
4241,"Bergbrunn",0,"",0,0,1,0,0,"<hex:02092FE802FF0E>zum Bergbrunn<hex:FF0D>am Bergbrunn<hex:FF0E>der Bergbrunn<hex:03>",0,0,0
4242,"Piz Paradies",0,"",0,0,1,0,0,"<hex:02093DE802FF11>zum Piz Paradies<hex:FF15>auf dem Piz Paradies<hex:FF11>der Piz Paradies<hex:03>",0,0,0
4243,"Dämmerhang",0,"",0,0,1,0,0,"<hex:020935E802FF10>zum Dämmerhang<hex:FF0F>am Dämmerhang<hex:FF10>der Dämmerhang<hex:03>",0,0,0
4244,"Korallensande",0,"",0,0,1,0,0,"<hex:020944E802FF16>zu den Korallensanden<hex:FF16>in den Korallensanden<hex:FF12>die Korallensande<hex:03>",0,0,0
4245,"Gläserner Teich",0,"",0,0,1,0,0,"<hex:02093FE802FF15>zum gläsernen Teich<hex:FF14>am gläsernen Teich<hex:FF10>der Dämmerhang<hex:03>",0,0,0
4246,"Dreikanten-Kap",0,"",0,0,1,0,0,"<hex:02093EE802FF13>zum Dreikanten-Kap<hex:FF12>am Dreikanten-Kap<hex:FF13>das Dreikanten-Kap<hex:03>",0,0,0
4247,"Nordstrom",0,"",0,0,1,0,0,"<hex:02092FE802FF0E>zum Nordstrom<hex:FF0D>am Nordstrom<hex:FF0E>der Nordstrom<hex:03>",0,0,0
4248,"Oststrom",0,"",0,0,1,0,0,"<hex:02092CE802FF0D>zum Oststrom<hex:FF0C>am Oststrom<hex:FF0D>der Oststrom<hex:03>",0,0,0
4249,"Sicherheitstrakt für toxische Lebenformen",0,"",0,0,1,0,0,"<hex:020947E802FF18>in den Sicherheitstrakt<hex:FF14>im Sicherheitstrakt<hex:FF15>der Sicherheitstrakt<hex:03>",0,0,0
4250,"Forschungstrakt für die Geheimnisse des Lebens",0,"",0,0,1,0,0,"<hex:020944E802FF17>in den Forschungstrakt<hex:FF13>im Forschungstrakt<hex:FF14>der Forschungstrakt<hex:03>",0,0,0
4251,"Elysium",0,"",0,0,1,0,0,"<hex:020927E802FF0D>nach Elysium<hex:FF0C>auf Elysium<hex:FF08>Elysium<hex:03>",0,0,0
4252,"Elysium",0,"",0,0,1,0,0,"<hex:020927E802FF0D>nach Elysium<hex:FF0C>auf Elysium<hex:FF08>Elysium<hex:03>",0,0,0
4253,"Elysium",0,"",0,0,1,0,0,"<hex:020927E802FF0D>nach Elysium<hex:FF0C>auf Elysium<hex:FF08>Elysium<hex:03>",0,0,0
4254,"Elysium",0,"",0,0,1,0,0,"<hex:020927E802FF0D>nach Elysium<hex:FF0C>auf Elysium<hex:FF08>Elysium<hex:03>",0,0,0
4255,"Elysium",0,"",0,0,1,0,0,"<hex:020927E802FF0D>nach Elysium<hex:FF0C>auf Elysium<hex:FF08>Elysium<hex:03>",0,0,0
4256,"Elysium",0,"",0,0,1,0,0,"<hex:020927E802FF0D>nach Elysium<hex:FF0C>auf Elysium<hex:FF08>Elysium<hex:03>",0,0,0
4257,"[Erweiterung] Hellebardenspalier",0,"",0,0,1,0,0,"",0,0,0
4258,"Euphrosyne",0,"",0,0,1,0,0,"<hex:02092FE802FF10>nach Euphrosyne<hex:FF0E>in Euphrosyne<hex:FF0B>Euphrosyne<hex:03>",0,0,0
4259,"Elementarhimmel der Erde",0,"",0,0,1,0,0,"<hex:02095CE802FF1D>zum Elementarhimmel der Erde<hex:FF1C>im Elementarhimmel der Erde<hex:FF1D>der Elementarhimmel der Erde<hex:03>",0,0,0
4260,"Elementarhimmel des Eises",0,"",0,0,1,0,0,"<hex:02095FE802FF1E>zum Elementarhimmel des Eises<hex:FF1D>im Elementarhimmel des Eises<hex:FF1E>der Elementarhimmel des Eises<hex:03>",0,0,0
4261,"Göttliches Firmament",0,"",0,0,1,0,0,"<hex:020952E802FF1A>zum Göttlichen Firmament<hex:FF19>im Göttlichen Firmament<hex:FF19>das Göttliche Firmament<hex:03>",0,0,0
4262,"Spitze des Firmaments",0,"",0,0,1,0,0,"<hex:020958E802FF1A>zur Spitze des Firmaments<hex:FF1E>auf der Spitze des Firmaments<hex:FF1A>die Spitze des Firmaments<hex:03>",0,0,0
4263,"Elementarhimmel der Erde",0,"",0,0,1,0,0,"<hex:02095CE802FF1D>zum Elementarhimmel der Erde<hex:FF1C>im Elementarhimmel der Erde<hex:FF1D>der Elementarhimmel der Erde<hex:03>",0,0,0
4264,"Elementarhimmel des Eises",0,"",0,0,1,0,0,"<hex:020935E802FF10>zum Eisgewölbe<hex:FF0F>im Eisgewölbe<hex:FF10>das Eisgewölbe<hex:03>",0,0,0
4265,"Land der Fruchtbarkeit",0,"",0,0,1,0,0,"<hex:020956E802FF1B>zum Land der Fruchtbarkeit<hex:FF1A>im Land der Fruchtbarkeit<hex:FF1B>das Land der Fruchtbarkeit<hex:03>",0,0,0
4266,"Fuß des Weltenbaums",0,"",0,0,1,0,0,"<hex:02094BE802FF19>zum Fuß des Weltenbaums<hex:FF13>am des Weltenbaums<hex:FF19>der Fuß des Weltenbaums<hex:03>",0,0,0
4267,"Weltenbaum",0,"",0,0,1,0,0,"<hex:020934E802FF0F>zum Weltenbaum<hex:FF10>beim Weltenbaum<hex:FF0F>der Weltenbaum<hex:03>",0,0,0
4268,"Geschabter Gletscher",0,"",0,0,1,0,0,"<hex:02094FE802FF19>zum Geschabten Gletscher<hex:FF18>am Geschabten Gletscher<hex:FF18>der Geschabte Gletscher<hex:03>",0,0,0
4269,"Domäne der Furie",0,"",0,0,1,0,0,"<hex:02094BE802FF16>zur Domäne der Furie<hex:FF19>in der Domäne der Furie<hex:FF16>die Domäne der Furie<hex:03>",0,0,0
4270,"Lapis Manalis",0,"",0,0,1,0,0,"<hex:020938E802FF13>nach Lapis Manalis<hex:FF11>in Lapis Manalis<hex:FF0E>Lapis Manalis<hex:03>",0,0,0
4271,"Hang des Mons Albus",0,"",0,0,1,0,0,"<hex:020952E802FF18>zum Hang des Mons Albus<hex:FF1C>auf dem Hang des Mons Albus<hex:FF18>der Hang des Mons Albus<hex:03>",0,0,0
4272,"Vicus Messorem",0,"",0,0,1,0,0,"<hex:02093BE802FF14>nach Vicus Messorem<hex:FF12>in Vicus Messorem<hex:FF0F>Vicus Messorem<hex:03>",0,0,0
4273,"Fons Manalis",0,"",0,0,1,0,0,"<hex:020935E802FF12>nach Fons Manalis<hex:FF10>in Fons Manalis<hex:FF0D>Fons Manalis<hex:03>",0,0,0
4274,"Thron der Schneebestie",0,"",0,0,1,0,0,"<hex:020956E802FF1B>zum Thron der Schneebestie<hex:FF1A>am Thron der Schneebestie<hex:FF1B>der Thron der Schneebestie<hex:03>",0,0,0
4275,"Forum Messorem",0,"",0,0,1,0,0,"<hex:02093EE802FF13>ins Forum Messorem<hex:FF12>im Forum Messorem<hex:FF13>das Forum Messorem<hex:03>",0,0,0
4276,"Erdseim-Dornen",0,"",0,0,1,0,0,"<hex:02095BE802FF16>zu den Erdseim-Dornen<hex:FF17>bei den Erdseim-Dornen<hex:FF28>der Kampfplatz „Die Erdseim-Dornen“<hex:03>",0,0,0
4277,"Ofen der Ernte",0,"",0,0,1,0,0,"<hex:02093EE802FF13>zum Ofen der Ernte<hex:FF12>am Ofen der Ernte<hex:FF13>der Ofen der Ernte<hex:03>",0,0,0
4278,"Hang des Mons Albus",0,"",0,0,1,0,0,"<hex:020952E802FF18>zum Hang des Mons Albus<hex:FF1C>auf dem Hang des Mons Albus<hex:FF18>der Hang des Mons Albus<hex:03>",0,0,0
4279,"Vicus Messorem",0,"",0,0,1,0,0,"<hex:02093BE802FF14>nach Vicus Messorem<hex:FF12>in Vicus Messorem<hex:FF0F>Vicus Messorem<hex:03>",0,0,0
4280,"Fons Manalis",0,"",0,0,1,0,0,"<hex:020935E802FF12>nach Fons Manalis<hex:FF10>in Fons Manalis<hex:FF0D>Fons Manalis<hex:03>",0,0,0
4281,"Insel der Erkenntnis (Südwesten)",0,"",0,0,1,0,0,"<hex:020979E802FF25>zur Insel der Erkenntnis =Südwesten<hex:FF29>auf der Insel der Erkenntnis =Südwesten<hex:FF25>die Insel der Erkenntnis =Südwesten<hex:03>",0,1,0
4282,"Haus des Strahlenden Lichts",0,"",0,0,1,0,0,"<hex:020965E802FF20>zum Haus des Strahlenden Lichts<hex:FF1F>am Haus des Strahlenden Lichts<hex:FF20>das Haus des Strahlenden Lichts<hex:03>",0,1,0
4283,"Bronzesee (Nordosten)",0,"",0,0,1,0,0,"<hex:020950E802FF19>zum Bronzesee =Nordosten<hex:FF18>am Bronzesee =Nordosten<hex:FF19>der Bronzesee =Nordosten<hex:03>",0,1,0
4284,"Kammer der Zwillingsmonde",0,"",0,0,1,0,0,"<hex:020963E802FF1E>zur Kammer der Zwillingsmonde<hex:FF21>in der Kammer der Zwillingsmonde<hex:FF1E>die Kammer der Zwillingsmonde<hex:03>",0,0,0
4285,"Bergstraße XLVII",0,"",0,0,1,0,0,"<hex:020950E802FF1A>auf die Bergstraße XLVII<hex:FF1A>auf der Bergstraße XLVII<hex:FF16>die Bergstraße XLVII<hex:03>",0,0,0
4286,"Tyrannenwald",0,"",0,0,1,0,0,"<hex:02093BE802FF14>in den Tyrannenwald<hex:FF10>im Tyrannenwald<hex:FF11>der Tyrannenwald<hex:03>",0,0,0
4287,"Gymnasion Agonon",0,"",0,0,1,0,0,"<hex:020944E802FF15>zum Gymnasion Agonon<hex:FF14>im Gymnasion Agonon<hex:FF15>das Gymnasion Agonon<hex:03>",0,0,0
4288,"Interdimensionaler Riss",0,"",0,0,1,0,0,"<hex:020988E802FF28>zum Inter<hex:02160103>dimen<hex:02160103>sio<hex:02160103>nalen Riss<hex:FF27>im Inter<hex:02160103>dimen<hex:02160103>sio<hex:02160103>nalen Riss<hex:FF33>der Zugang zum Inter<hex:02160103>dimen<hex:02160103>sio<hex:02160103>nalen Riss<hex:03>",0,0,0
4289,"Berg der Tortur",0,"",0,0,1,0,0,"<hex:02094AE802FF18>auf den Berg der Tortur<hex:FF18>auf dem Berg der Tortur<hex:FF14>der Berg der Tortur<hex:03>",0,0,0
4290,"Halle der Heiterkeit",0,"",0,0,1,0,0,"<hex:020954E802FF19>zur Halle der Heiterkeit<hex:FF1C>in der Halle der Heiterkeit<hex:FF19>die Halle der Heiterkeit<hex:03>",0,0,0
4291,"Fuß des Mons Albus",0,"",0,0,1,0,0,"<hex:02094DE802FF18>zum Fuß des Mons Albus<hex:FF17>am Fuß des Mons Albus<hex:FF18>der Fuß des Mons Albus<hex:03>",0,0,0
4292,"Fuß des Mons Albus",0,"",0,0,1,0,0,"<hex:02094DE802FF18>zum Fuß des Mons Albus<hex:FF17>am Fuß des Mons Albus<hex:FF18>der Fuß des Mons Albus<hex:03>",0,0,0
4293,"Khadga-Felsen",0,"",0,0,1,0,0,"<hex:020944E802FF16>auf den Khadga-Felsen<hex:FF16>auf dem Khadga-Felsen<hex:FF12>der Khadga-Felsen<hex:03>",0,0,0
4294,"Deck des Schneemobils",0,"",0,0,1,0,0,"<hex:02095CE802FF1E>auf das Deck des Schneemobils<hex:FF1E>auf dem Deck des Schneemobils<hex:FF1A>das Deck des Schneemobils<hex:03>",0,0,0
4295,"Lapis Manalis",0,"",0,0,1,0,0,"<hex:020938E802FF13>nach Lapis Manalis<hex:FF11>in Lapis Manalis<hex:FF0E>Lapis Manalis<hex:03>",0,0,0
4296,"Krone der Schatten",0,"",0,0,1,0,0,"<hex:020953E802FF1B>auf die Krone der Schatten<hex:FF1B>auf der Krone der Schatten<hex:FF17>die Krone der Schatten<hex:03>",0,0,0
4297,"Ätherborn",0,"",0,0,1,0,0,"<hex:02092EE802FF0F>zum Ätherborn<hex:FF0E>im Ätherborn<hex:FF0B>Ätherborn<hex:03>",0,0,0
4298,"Eisscholl-Atoll",0,"",0,0,1,0,0,"<hex:02094AE802FF18>auf das Eisscholl-Atoll<hex:FF18>auf dem Eisscholl-Atoll<hex:FF14>das Eisscholl-Atoll<hex:03>",0,0,0
4299,"Haam",0,"",0,0,1,0,0,"<hex:020928E802FF0A>nach Haam<hex:FF09>auf Haam<hex:FF0F>die Insel Haam<hex:03>",0,0,0
4300,"Geysirgrund",0,"",0,0,1,0,0,"<hex:020935E802FF10>zum Geysirgrund<hex:FF0F>am Geysirgrund<hex:FF10>der Geysirgrund<hex:03>",0,0,0
4301,"Raureif-Rondell",0,"",0,0,1,0,0,"<hex:02094AE802FF18>auf das Raureif-Rondell<hex:FF18>auf dem Raureif-Rondell<hex:FF14>das Raureif-Rondell<hex:03>",0,0,0
4302,"Zyanspitze",0,"",0,0,1,0,0,"<hex:02093BE802FF13>auf die Zyanspitze<hex:FF13>auf der Zyanspitze<hex:FF0F>die Zyanspitze<hex:03>",0,0,0
4303,"Ätherpfuhl",0,"",0,0,1,0,0,"<hex:020935E802FF10>zum Ätherpfuhl<hex:FF0F>am Ätherpfuhl<hex:FF10>der Ätherpfuhl<hex:03>",0,0,0
4304,"Eisscholl-Atoll",0,"",0,0,1,0,0,"<hex:02094AE802FF18>auf das Eisscholl-Atoll<hex:FF18>auf dem Eisscholl-Atoll<hex:FF14>das Eisscholl-Atoll<hex:03>",0,0,0
4305,"Haam",0,"",0,0,1,0,0,"<hex:020928E802FF0A>nach Haam<hex:FF09>auf Haam<hex:FF0F>die Insel Haam<hex:03>",0,0,0
4306,"Geysirgrund",0,"",0,0,1,0,0,"<hex:020935E802FF10>zum Geysirgrund<hex:FF0F>am Geysirgrund<hex:FF10>der Geysirgrund<hex:03>",0,0,0
4307,"Halle der Vierzehn Sitze",0,"",0,0,1,0,0,"<hex:020960E802FF1D>zur Halle der Vierzehn Sitze<hex:FF20>in der Halle der Vierzehn Sitze<hex:FF1D>die Halle der Vierzehn Sitze<hex:03>",0,0,0
4308,"Rokkon",0,"",0,0,1,0,0,"<hex:02092BE802FF0B>zum Rokkon<hex:FF0F>auf dem Rokkon<hex:FF0B>der Rokkon<hex:03>",0,0,0
4309,"Fuß des Rokkon",0,"",0,0,1,0,0,"<hex:020941E802FF14>zum Fuß des Rokkon<hex:FF13>am Fuß des Rokkon<hex:FF14>der Fuß des Rokkon<hex:03>",0,0,0
4310,"Schattiger Aufgang",0,"",0,0,1,0,0,"<hex:020949E802FF17>zum schattigen Aufgang<hex:FF16>im schattigen Aufgang<hex:FF16>der schattige Aufgang<hex:03>",0,0,0
4311,"Untere Pagode",0,"",0,0,1,0,0,"<hex:020941E802FF13>zur unteren Pagode<hex:FF16>in der unteren Pagode<hex:FF12>die untere Pagode<hex:03>",0,0,0
4312,"Obere Pagode",0,"",0,0,1,0,0,"<hex:02093EE802FF12>zur oberen Pagode<hex:FF15>in der oberen Pagode<hex:FF11>die obere Pagode<hex:03>",0,0,0
4313,"Fünfter Stock",0,"",0,0,1,0,0,"<hex:02093DE802FF13>zum fünften Stock<hex:FF12>im fünften Stock<hex:FF12>der fünfte Stock<hex:03>",0,0,0
4314,"Pilgerweg",0,"",0,0,1,0,0,"<hex:020934E802FF0E>zum Pilgerweg<hex:FF12>auf dem Pilgerweg<hex:FF0E>der Pilgerweg<hex:03>",0,0,0
4315,"Aufstieg des Asketen",0,"",0,0,1,0,0,"<hex:020955E802FF19>zum Aufstieg des Asketen<hex:FF1D>auf dem Aufstieg des Asketen<hex:FF19>der Aufstieg des Asketen<hex:03>",0,0,0
4316,"Letzter Blick",0,"",0,0,1,0,0,"<hex:02093AE802FF12>zum Letzten Blick<hex:FF11>im Letzten Blick<hex:FF11>der Letzte Blick<hex:03>",0,0,0
4317,"Halle der Versuchungen",0,"",0,0,1,0,0,"<hex:02095AE802FF1B>zur Halle der Versuchungen<hex:FF1E>in der Halle der Versuchungen<hex:FF1B>die Halle der Versuchungen<hex:03>",0,0,0
4318,"Ufer des Herbstflusses",0,"",0,0,1,0,0,"<hex:020956E802FF1B>zum Ufer des Herbstflusses<hex:FF1A>am Ufer des Herbstflusses<hex:FF1B>das Ufer des Herbstflusses<hex:03>",0,0,0
4319,"Halle der Verhüllung",0,"",0,0,1,0,0,"<hex:020957E802FF1A>zur Halle der Verhüllung<hex:FF1D>in der Halle der Verhüllung<hex:FF1A>die Halle der Verhüllung<hex:03>",0,0,0
4320,"Halle des Werdens",0,"",0,0,1,0,0,"<hex:02094BE802FF16>zur Halle des Werdens<hex:FF19>in der Halle des Werdens<hex:FF16>die Halle des Werdens<hex:03>",0,0,0
4321,"Steines Schweigen",0,"",0,0,1,0,0,"<hex:020942E802FF15>zu Steines Schweigen<hex:FF15>an Steines Schweigen<hex:FF12>Steines Schweigen<hex:03>",0,0,0
4322,"Teich des Frühlingsregens",0,"",0,0,1,0,0,"<hex:020962E802FF1F>zum Teich des Frühlingsregens<hex:FF1E>am Teich des Frühlingsregens<hex:FF1F>der Teich des Frühlingsregens<hex:03>",0,0,0
4323,"Kardinalstor",0,"",0,0,1,0,0,"<hex:020938E802FF11>zum Kardinalstor<hex:FF10>am Kardinalstor<hex:FF11>das Kardinalstor<hex:03>",0,0,0
4324,"Reiner Quell",0,"",0,0,1,0,0,"<hex:020937E802FF11>zum reinen Quell<hex:FF10>am reinen Quell<hex:FF10>der reine Quell<hex:03>",0,0,0
4325,"Schrein des Sechsten Sinnes",0,"",0,0,1,0,0,"<hex:020965E802FF20>zum Schrein des Sechsten Sinnes<hex:FF1F>am Schrein des Sechsten Sinnes<hex:FF20>der Schrein des Sechsten Sinnes<hex:03>",0,0,0
4326,"Fuß des Rokkon",0,"",0,0,1,0,0,"<hex:020941E802FF14>zum Fuß des Rokkon<hex:FF13>am Fuß des Rokkon<hex:FF14>der Fuß des Rokkon<hex:03>",0,0,0
4327,"Malerischer Pfad",0,"",0,0,1,0,0,"<hex:020948E802FF15>zum malerischen Pfad<hex:FF19>auf dem malerischen Pfad<hex:FF14>der malerische Pfad<hex:03>",0,0,0
4328,"Untere Pagode",0,"",0,0,1,0,0,"<hex:020941E802FF13>zur unteren Pagode<hex:FF16>in der unteren Pagode<hex:FF12>die untere Pagode<hex:03>",0,0,0
4329,"Obere Pagode",0,"",0,0,1,0,0,"<hex:02093EE802FF12>zur oberen Pagode<hex:FF15>in der oberen Pagode<hex:FF11>die obere Pagode<hex:03>",0,0,0
4330,"Fünfter Stock",0,"",0,0,1,0,0,"<hex:02093DE802FF13>zum fünften Stock<hex:FF12>im fünften Stock<hex:FF12>der fünfte Stock<hex:03>",0,0,0
4331,"Wald des Wohlgeruchs",0,"",0,0,1,0,0,"<hex:020950E802FF19>zum Wald des Wohlgeruchs<hex:FF18>im Wald des Wohlgeruchs<hex:FF19>der Wald des Wohlgeruchs<hex:03>",0,0,0
4332,"Shojo-in Haupthalle",0,"",0,0,1,0,0,"<hex:020951E802FF18>zur Shojo-in Haupthalle<hex:FF1B>in der Shojo-in Haupthalle<hex:FF18>die Shojo-in Haupthalle<hex:03>",0,0,0
4333,"Weg des Nichts",0,"",0,0,1,0,0,"<hex:020943E802FF13>zum Weg des Nichts<hex:FF17>auf dem Weg des Nichts<hex:FF13>der Weg des Nichts<hex:03>",0,0,0
4334,"Geweihte Lager",0,"",0,0,1,0,0,"<hex:02094AE802FF18>zu den geweihten Lagern<hex:FF18>in den geweihten Lagern<hex:FF14>die geweihten Lager<hex:03>",0,0,0
4335,"Süßer Pfad",0,"",0,0,1,0,0,"<hex:02093CE802FF11>zum Süßen Pfad<hex:FF15>auf dem Süßen Pfad<hex:FF10>der Süße Pfad<hex:03>",0,0,0
4336,"Singender Pfad",0,"",0,0,1,0,0,"<hex:020942E802FF13>zum Singenden Pfad<hex:FF17>auf dem Singenden Pfad<hex:FF12>der Singende Pfad<hex:03>",0,0,0
4337,"Ufer des Weitblicks",0,"",0,0,1,0,0,"<hex:02094DE802FF18>zum Ufer des Weitblicks<hex:FF17>am Ufer des Weitblicks<hex:FF18>das Ufer des Weitblicks<hex:03>",0,0,0
4338,"Kurioser Rokkon",0,"",0,0,1,0,0,"<hex:020945E802FF14>zum kuriosen Rokkon<hex:FF18>auf dem kuriosen Rokkon<hex:FF13>der kuriose Rokkon<hex:03>",0,0,0
4339,"Pfad der Ersten Tugend",0,"",0,0,1,0,0,"<hex:02095BE802FF1B>zum Pfad der Ersten Tugend<hex:FF1F>auf dem Pfad der Ersten Tugend<hex:FF1B>der Pfad der Ersten Tugend<hex:03>",0,0,0
4340,"Pfad der Zweiten Tugend",0,"",0,0,1,0,0,"<hex:02095EE802FF1C>zum Pfad der Zweiten Tugend<hex:FF20>auf dem Pfad der Zweiten Tugend<hex:FF1C>der Pfad der Zweiten Tugend<hex:03>",0,0,0
4341,"Pfad der Dritten Tugend",0,"",0,0,1,0,0,"<hex:02095EE802FF1C>zum Pfad der Dritten Tugend<hex:FF20>auf dem Pfad der Dritten Tugend<hex:FF1C>der Pfad der Dritten Tugend<hex:03>",0,0,0
4342,"Erster Schritt",0,"",0,0,1,0,0,"<hex:020942E802FF13>zum Ersten Schritt<hex:FF17>auf dem Ersten Schritt<hex:FF12>der Erste Schritt<hex:03>",0,0,0
4343,"Letzter Schluss",0,"",0,0,1,0,0,"<hex:020945E802FF14>zum Letzten Schluss<hex:FF18>auf dem Letzten Schluss<hex:FF13>der Letzte Schluss<hex:03>",0,0,0
4344,"Probe der Güte",0,"",0,0,1,0,0,"<hex:020945E802FF14>zur Probe der Güte<hex:FF17>in der Probe der Güte<hex:FF14>die Probe der Güte<hex:03>",0,0,0
4345,"Probe der Weisheit",0,"",0,0,1,0,0,"<hex:02094EE802FF17>zur Probe der Weisheit<hex:FF1A>in der Probe der Weisheit<hex:FF17>die Probe der Weisheit<hex:03>",0,0,0
4346,"Probe der Pflicht",0,"",0,0,1,0,0,"<hex:02094BE802FF16>zur Probe der Pflicht<hex:FF19>in der Probe der Pflicht<hex:FF16>die Probe der Pflicht<hex:03>",0,0,0
4347,"Pfad der Ersten Tugend",0,"",0,0,1,0,0,"<hex:02095BE802FF1B>zum Pfad der Ersten Tugend<hex:FF1F>auf dem Pfad der Ersten Tugend<hex:FF1B>der Pfad der Ersten Tugend<hex:03>",0,0,0
4348,"Pfad der Zweiten Tugend",0,"",0,0,1,0,0,"<hex:02095EE802FF1C>zum Pfad der Zweiten Tugend<hex:FF20>auf dem Pfad der Zweiten Tugend<hex:FF1C>der Pfad der Zweiten Tugend<hex:03>",0,0,0
4349,"Pfad der Dritten Tugend",0,"",0,0,1,0,0,"<hex:02095EE802FF1C>zum Pfad der Dritten Tugend<hex:FF20>auf dem Pfad der Dritten Tugend<hex:FF1C>der Pfad der Dritten Tugend<hex:03>",0,0,0
4350,"Ihr gelebter Traum",0,"",0,0,1,0,0,"<hex:020949E802FF18>zu ihrem gelebten Traum<hex:FF18>in ihrem gelebten Traum<hex:FF13>Ihr gelebter Traum<hex:03>",0,0,0
4351,"Kontaminierungszone III",0,"",0,0,1,0,0,"<hex:02095DE802FF1C>zur Kontaminierungszone III<hex:FF1F>in der Kontaminierungszone III<hex:FF1C>die Kontaminierungszone III<hex:03>",0,0,0
4352,"Ihr verlorener Traum",0,"",0,0,1,0,0,"<hex:02094FE802FF1A>zu ihrem verlorenen Traum<hex:FF1A>in ihrem verlorenem Traum<hex:FF15>Ihr verlorener Traum<hex:03>",0,0,0
4353,"Kontaminierungszone V",0,"",0,0,1,0,0,"<hex:020957E802FF1A>zur Kontaminierungszone V<hex:FF1D>in der Kontaminierungszone V<hex:FF1A>die Kontaminierungszone V<hex:03>",0,0,0
4354,"Mein ewiger Traum",0,"",0,0,1,0,0,"<hex:020946E802FF17>zu meinem ewigen Traum<hex:FF17>in meinem ewigen Traum<hex:FF12>Mein ewiger Traum<hex:03>",0,0,0
4355,"Alexandria",0,"",0,0,1,0,0,"<hex:02092FE802FF10>nach Alexandria<hex:FF0E>in Alexandria<hex:FF0B>Alexandria<hex:03>",0,0,0
4356,"Volatiler Zwischenspeicher",0,"",0,0,1,0,0,"<hex:020961E802FF1F>zum Volatilen Zwischenspeicher<hex:FF1E>im Volatilen Zwischenspeicher<hex:FF1E>der Volatile Zwischenspeicher<hex:03>",0,0,0
4357,"Alexandria",0,"",0,0,1,0,0,"<hex:02092FE802FF10>nach Alexandria<hex:FF0E>in Alexandria<hex:FF0B>Alexandria<hex:03>",0,0,0
4358,"Sphäre des Pandæmoniums",0,"",0,0,1,0,0,"<hex:020963E802FF1E>zur Sphäre des Pandæmoniums<hex:FF21>in der Sphäre des Pandæmoniums<hex:FF1E>die Sphäre des Pandæmoniums<hex:03>",0,0,0
4359,"Piz Paradiesgrotte",0,"",0,0,1,0,0,"<hex:02094EE802FF17>zur Piz Paradiesgrotte<hex:FF1A>in der Piz Paradiesgrotte<hex:FF17>die Piz Paradiesgrotte<hex:03>",0,0,0
4360,"Inselparadies",0,"",0,0,1,0,0,"<hex:02093BE802FF12>zum Inselparadies<hex:FF11>im Inselparadies<hex:FF12>das Inselparadies<hex:03>",0,0,0
4361,"Höhlensystem",0,"",0,0,1,0,0,"<hex:02093BE802FF12>ins Höhlensystem<hex:FF11>im Höhlensystem<hex:FF12>das Höhlensystem<hex:03>",0,0,0
4362,"Dæmonisches Nest",0,"",0,0,1,0,0,"<hex:020945E802FF15>ins Dæmonische Nest<hex:FF15>im Dæmonischen Nest<hex:FF15>das Dæmonische Nest<hex:03>",0,0,0
4363,"Sirenen-See",0,"",0,0,1,0,0,"<hex:020939E802FF10>zur Sirenen-See<hex:FF13>in der Sirenen-See<hex:FF10>die Sirenen-See<hex:03>",0,0,0
4364,"Kugane-Gewässer",0,"",0,0,1,0,0,"<hex:020944E802FF15>zum Kugane-Gewässer<hex:FF14>im Kugane-Gewässer<hex:FF15>das Kugane-Gewässer<hex:03>",0,0,0
4365,"Rubinsee",0,"",0,0,1,0,0,"<hex:020930E802FF0D>zur Rubinsee<hex:FF10>in der Rubinsee<hex:FF0D>die Rubinsee<hex:03>",0,0,0
4366,"Einzig",0,"",0,0,1,0,0,"<hex:020926E802FF0B>zum Einzig<hex:FF0A>im Einzig<hex:FF0B>der Einzig<hex:03>",0,0,0
4367,"Sirenen-See - Hochsee",0,"",0,0,1,0,0,"<hex:020957E802FF1A>zur Sirenen-See - Hochsee<hex:FF1D>in der Sirenen-See - Hochsee<hex:FF1A>die Sirenen-See - Hochsee<hex:03>",0,0,0
4368,"Sirenen-See - Phantomströmung",0,"",0,0,1,0,0,"<hex:020972E802FF23>zur Sirenen-See - Phantomströmung<hex:FF26>in der Sirenen-See - Phantomströmung<hex:FF23>die Sirenen-See - Phantomströmung<hex:03>",0,0,0
4369,"Kugane-Küste",0,"",0,0,1,0,0,"<hex:02093FE802FF12>zur Kugane-Küste<hex:FF15>an der Kugane-Küste<hex:FF12>die Kugane-Küste<hex:03>",0,0,0
4370,"Kugane-Küste - Phantomströmung",0,"",0,0,1,0,0,"<hex:020978E802FF25>zur Kugane-Küste - Phantomströmung<hex:FF28>an der Kugane-Küste - Phantomströmung<hex:FF25>die Kugane-Küste - Phantomströmung<hex:03>",0,0,0
4371,"Rubinsee - Hochsee",0,"",0,0,1,0,0,"<hex:02094EE802FF17>zur Rubinsee - Hochsee<hex:FF1A>in der Rubinsee - Hochsee<hex:FF17>die Rubinsee - Hochsee<hex:03>",0,0,0
4372,"Rubinsee - Phantomströmung",0,"",0,0,1,0,0,"<hex:020969E802FF20>zur Rubinsee - Phantomströmung<hex:FF23>in der Rubinsee - Phantomströmung<hex:FF20>die Rubinsee - Phantomströmung<hex:03>",0,0,0
4373,"Einzig (Unterlauf)",0,"",0,0,1,0,0,"<hex:02094AE802FF17>zum Einzig (Unterlauf)<hex:FF16>im Einzig (Unterlauf)<hex:FF17>der Einzig (Unterlauf)<hex:03>",0,0,0
4374,"Einzig - Phantomströmung",0,"",0,0,1,0,0,"<hex:02095FE802FF1E>zum Einzig - Phantomströmung<hex:FF1D>im Einzig - Phantomströmung<hex:FF1E>der Einzig - Phantomströmung<hex:03>",0,0,0
4375,"Göttlicher Thron",0,"",0,0,1,0,0,"<hex:020946E802FF16>zum Göttlichen Thron<hex:FF15>am Göttlichen Thron<hex:FF15>der Göttliche Thron<hex:03>",0,0,0
4376,"Erschaffene Welt",0,"",0,0,1,0,0,"<hex:02094CE802FF18>in die Erschaffene Welt<hex:FF19>in der Erschaffenen Welt<hex:FF15>die Erschaffene Welt<hex:03>",0,0,0
4377,"Arayas Palast",0,"",0,0,1,0,0,"<hex:020936E802FF11>zu Arayas Palast<hex:FF11>in Arayas Palast<hex:FF0E>Arayas Palast<hex:03>",0,0,0
4378,"Funkelsteinstollen",0,"",0,0,1,0,0,"<hex:02094AE802FF17>zum Funkelsteinstollen<hex:FF16>im Funkelsteinstollen<hex:FF17>der Funkelsteinstollen<hex:03>",0,0,0
4379,"Spitzsteinbau",0,"",0,0,1,0,0,"<hex:02093BE802FF12>zum Spitzsteinbau<hex:FF11>im Spitzsteinbau<hex:FF12>der Spitzsteinbau<hex:03>",0,0,0
4380,"Estiniens Räumlichkeiten",0,"",0,0,1,0,0,"<hex:02095AE802FF1D>zu Estiniens Räumlichkeiten<hex:FF1D>in Estiniens Räumlichkeiten<hex:FF1A>Estiniens Räumlichkeiten<hex:03>",0,0,0
4381,"Senatus",0,"",0,0,1,0,0,"<hex:020929E802FF0C>zum Senatus<hex:FF0B>im Senatus<hex:FF0C>der Senatus<hex:03>",0,0,0
4382,"Roter Mond",0,"",0,0,1,0,0,"<hex:020936E802FF0F>zum Roten Mond<hex:FF13>auf dem Roten Mond<hex:FF0E>der Rote Mond<hex:03>",0,0,0
4383,"Aloalo",0,"",0,0,1,0,0,"<hex:020924E802FF0C>nach Aloalo<hex:FF0B>auf Aloalo<hex:FF07>Aloalo<hex:03>",0,0,0
4384,"Aloalo-Uferland",0,"",0,0,1,0,0,"<hex:020941E802FF14>zum Aloalo-Uferland<hex:FF13>am Aloalo-Uferland<hex:FF14>das Aloalo-Uferland<hex:03>",0,0,0
4385,"Aloalo-Küste",0,"",0,0,1,0,0,"<hex:02093FE802FF12>zur Aloalo-Küste<hex:FF15>an der Aloalo-Küste<hex:FF12>die Aloalo-Küste<hex:03>",0,0,0
4386,"Aufgang des Unerrechenbaren",0,"",0,0,1,0,0,"<hex:02096AE802FF20>zum Aufgang des Unerrechenbaren<hex:FF24>auf dem Aufgang des Unerrechenbaren<hex:FF20>der Aufgang des Unerrechenbaren<hex:03>",0,0,0
4387,"Der Unerrechenbare",0,"",0,0,1,0,0,"<hex:020945E802FF14>zum Unerrechenbaren<hex:FF18>auf dem Unerrechenbaren<hex:FF13>der Unerrechenbare<hex:03>",0,0,0
4388,"Inselinneres",0,"",0,0,1,0,0,"<hex:020937E802FF11>zum Inselinneren<hex:FF10>im Inselinneren<hex:FF10>das Inselinnere<hex:03>",0,0,0
4389,"Reetwurz",0,"",0,0,1,0,0,"<hex:020931E802FF0D>zur Reetwurz<hex:FF11>auf der Reetwurz<hex:FF0D>die Reetwurz<hex:03>",0,0,0
4390,"Baumbau",0,"",0,0,1,0,0,"<hex:020929E802FF0C>zum Baumbau<hex:FF0B>am Baumbau<hex:FF0C>der Baumbau<hex:03>",0,0,0
4391,"Vergessenes Heiligtum",0,"",0,0,1,0,0,"<hex:020952E802FF1A>zum vergessenen Heiligtum<hex:FF19>im vergessenen Heiligtum<hex:FF19>das vergessene Heiligtum<hex:03>",0,0,0
4392,"Ketulu-Bucht",0,"",0,0,1,0,0,"<hex:02093CE802FF11>zur Ketulu-Bucht<hex:FF14>in der Ketulu-Bucht<hex:FF11>die Ketulu-Bucht<hex:03>",0,0,0
4393,"Altenstumpf",0,"",0,0,1,0,0,"<hex:020935E802FF10>zum Altenstumpf<hex:FF0F>am Altenstumpf<hex:FF10>der Altenstumpf<hex:03>",0,0,0
4394,"Altes Forum",0,"",0,0,1,0,0,"<hex:020934E802FF10>zum alten Forum<hex:FF0F>im alten Forum<hex:FF0F>das alte Forum<hex:03>",0,0,0
4395,"Ruh der Seesänger",0,"",0,0,1,0,0,"<hex:02094EE802FF17>zur Ruh der Seesänger<hex:FF1A>an der Ruh der Seesänger<hex:FF17>die Ruh der Seesänger<hex:03>",0,0,0
4396,"Urquell",0,"",0,0,1,0,0,"<hex:020929E802FF0C>zum Urquell<hex:FF0B>am Urquell<hex:FF0C>der Urquell<hex:03>",0,0,0
4397,"Schlafende Krone",0,"",0,0,1,0,0,"<hex:02094AE802FF16>zur schlafenden Krone<hex:FF19>in der schlafenden Krone<hex:FF15>die schlafende Krone<hex:03>",0,0,0
4398,"Kairimai Loquloqai",0,"",0,0,1,0,0,"<hex:020947E802FF18>nach Kairimai Loquloqai<hex:FF16>in Kairimai Loquloqai<hex:FF13>Kairimai Loquloqai<hex:03>",0,0,0
4399,"Alter Pavillon",0,"",0,0,1,0,0,"<hex:02093DE802FF13>zum alten Pavillon<hex:FF12>im alten Pavillon<hex:FF12>der alte Pavillon<hex:03>",0,0,0
4400,"Silberweiß-Strand",0,"",0,0,1,0,0,"<hex:02094FE802FF17>zum Silberweiß-Strand<hex:FF1B>auf dem Silberweiß-Strand<hex:FF17>der Silberweiß-Strand<hex:03>",0,0,0
4401,"Wellenfresser-Grotte",0,"",0,0,1,0,0,"<hex:020954E802FF19>zur Wellenfresser-Grotte<hex:FF1C>in der Wellenfresser-Grotte<hex:FF19>die Wellenfresser-Grotte<hex:03>",0,0,0
4402,"Tesata-Bucht",0,"",0,0,1,0,0,"<hex:02093CE802FF11>zur Tesata-Bucht<hex:FF14>in der Tesata-Bucht<hex:FF11>die Tesata-Bucht<hex:03>",0,0,0
4403,"Schiffswrack-Syrte",0,"",0,0,1,0,0,"<hex:02094EE802FF17>zur Schiffswrack-Syrte<hex:FF1A>an der Schiffswrack-Syrte<hex:FF17>die Schiffswrack-Syrte<hex:03>",0,0,0
4404,"Baleen-Kap",0,"",0,0,1,0,0,"<hex:020935E802FF10>zum Baleen-Kapp<hex:FF0F>am Baleen-Kapp<hex:FF10>das Baleen-Kapp<hex:03>",0,0,0
4405,"Stetes Moor",0,"",0,0,1,0,0,"<hex:020934E802FF10>zum Steten Moor<hex:FF0F>im Steten Moor<hex:FF0F>das Stete Moor<hex:03>",0,0,0
4406,"Unerrechenbare Wurzeln",0,"",0,0,1,0,0,"<hex:020961E802FF1F>zu den Unerrechenbaren Wurzeln<hex:FF20>auf den Unerrechenbaren Wurzeln<hex:FF1C>die Unerrechenbaren Wurzeln<hex:03>",0,0,0
4407,"Zweigdach",0,"",0,0,1,0,0,"<hex:02092FE802FF0E>zum Zweigdach<hex:FF0D>im Zweigdach<hex:FF0E>das Zweigdach<hex:03>",0,0,0
4408,"Krug des Zahlenmeisters",0,"",0,0,1,0,0,"<hex:020959E802FF1C>zum Krug des Zahlenmeisters<hex:FF1B>am Krug des Zahlenmeisters<hex:FF1C>der Krug des Zahlenmeisters<hex:03>",0,0,0
4409,"Unerrechenbare Höhen",0,"",0,0,1,0,0,"<hex:02095DE802FF1E>zu den Unerrechenbaren Höhen<hex:FF1F>auf den Unerrechenbaren Höhen<hex:FF1A>die Unerrechenbare Höhen<hex:03>",0,0,0
4410,"Aloqulo-Dickicht",0,"",0,0,1,0,0,"<hex:020944E802FF15>zum Aloqulo-Dickicht<hex:FF14>im Aloqulo-Dickicht<hex:FF15>das Aloqulo-Dickicht<hex:03>",0,0,0
4411,"Heiligtum",0,"",0,0,1,0,0,"<hex:02092FE802FF0E>zum Heiligtum<hex:FF0D>im Heiligtum<hex:FF0E>das Heiligtum<hex:03>",0,0,0
4412,"Träumende Hallen",0,"",0,0,1,0,0,"<hex:020951E802FF1A>zu den Träumenden Hallen<hex:FF1A>in den Träumenden Hallen<hex:FF17>die Träumenden Hallen<hex:03>",0,0,0
4413,"Alter Pfad",0,"",0,0,1,0,0,"<hex:020936E802FF0F>zum alten Pfad<hex:FF13>auf dem alten Pfad<hex:FF0E>der alte Pfad<hex:03>",0,0,0
4414,"Verhüllte Brücke",0,"",0,0,1,0,0,"<hex:020951E802FF18>zur Verhüllten Brücke<hex:FF1C>auf der Verhüllten Brücke<hex:FF17>die Verhüllte Brücke<hex:03>",0,0,0
4415,"Reich der Sprecherin",0,"",0,0,1,0,0,"<hex:020950E802FF19>zum Reich der Sprecherin<hex:FF18>im Reich der Sprecherin<hex:FF19>das Reich der Sprecherin<hex:03>",0,0,0
4416,"Kurioses Aloalo",0,"",0,0,1,0,0,"<hex:020943E802FF15>nach kurioses Aloalo<hex:FF18>auf dem kuriosen Aloalo<hex:FF10>kurioses Aloalo<hex:03>",0,0,0
4417,"Dilumu",0,"",0,0,1,0,0,"<hex:020923E802FF0C>nach Dilumu<hex:FF0A>in Dilumu<hex:FF07>Dilumu<hex:03>",0,0,0
4418,"Kurupe",0,"",0,0,1,0,0,"<hex:020923E802FF0C>nach Kurupe<hex:FF0A>in Kurupe<hex:FF07>Kurupe<hex:03>",0,0,0
4419,"Nokosero",0,"",0,0,1,0,0,"<hex:020929E802FF0E>nach Nokosero<hex:FF0C>in Nokosero<hex:FF09>Nokosero<hex:03>",0,0,0
4420,"Morgensand",0,"",0,0,1,0,0,"<hex:020937E802FF0F>zum Morgensand<hex:FF13>auf dem Morgensand<hex:FF0F>der Morgensand<hex:03>",0,0,0
4421,"Dämmerwurzelwerk",0,"",0,0,1,0,0,"<hex:02094CE802FF16>zum Dämmerwurzelwerk<hex:FF1A>auf dem Dämmerwurzelwerk<hex:FF16>das Dämmerwurzelwerk<hex:03>",0,0,0
4422,"Morgenrot-Probe",0,"",0,0,1,0,0,"<hex:020945E802FF14>zur Morgenrot-Probe<hex:FF17>in der Morgenrot-Probe<hex:FF14>die Morgenrot-Probe<hex:03>",0,0,0
4423,"Abendrot-Probe",0,"",0,0,1,0,0,"<hex:020942E802FF13>zur Abendrot-Probe<hex:FF16>in der Abendrot-Probe<hex:FF13>die Abendrot-Probe<hex:03>",0,0,0
4424,"Vollmond-Probe",0,"",0,0,1,0,0,"<hex:020942E802FF13>zur Vollmond-Probe<hex:FF16>in der Vollmond-Probe<hex:FF13>die Vollmond-Probe<hex:03>",0,0,0
4425,"Dalu Dilumu",0,"",0,0,1,0,0,"<hex:020932E802FF11>nach Dalu Dilumu<hex:FF0F>in Dalu Dilumu<hex:FF0C>Dalu Dilumu<hex:03>",0,0,0
4426,"Dalu Kurupe",0,"",0,0,1,0,0,"<hex:020932E802FF11>nach Dalu Kurupe<hex:FF0F>in Dalu Kurupe<hex:FF0C>Dalu Kurupe<hex:03>",0,0,0
4427,"Dalo Nokosero",0,"",0,0,1,0,0,"<hex:020938E802FF13>nach Dalu Nokosero<hex:FF11>in Dalu Nokosero<hex:FF0E>Dalu Nokosero<hex:03>",0,0,0
4428,"Haam-For<hex:02160103>schungs<hex:02160103>labor",0,"",0,0,1,0,0,"<hex:020968E802FF21>zum Haam-For<hex:02160103>schungs<hex:02160103>labor<hex:FF20>im Haam-For<hex:02160103>schungs<hex:02160103>labor<hex:FF21>das Haam-For<hex:02160103>schungs<hex:02160103>labor<hex:03>",0,0,0
4429,"Saibai-Höhle",0,"",0,0,1,0,0,"<hex:02093FE802FF12>zur Saibai-Höhle<hex:FF15>in der Saibai-Höhle<hex:FF12>die Saibai-Höhle<hex:03>",0,1,0
4430,"Bronzesee (Nordwesten)",0,"",0,0,1,0,0,"<hex:020953E802FF1A>zum Bronzesee =Nordwesten<hex:FF19>am Bronzesee =Nordwesten<hex:FF1A>der Bronzesee =Nordwesten<hex:03>",0,1,0
4431,"Monduntergrund",0,"",0,0,1,0,0,"<hex:02093EE802FF13>zum Monduntergrund<hex:FF12>im Monduntergrund<hex:FF13>der Monduntergrund<hex:03>",0,0,0
4432,"Tiefen",0,"",0,0,1,0,0,"<hex:02092DE802FF0E>zu den Tiefen<hex:FF0E>in den Tiefen<hex:FF0B>die Tiefen<hex:03>",0,0,0
4433,"Baron",0,"",0,0,1,0,0,"<hex:020920E802FF0B>nach Baron<hex:FF09>in Baron<hex:FF06>Baron<hex:03>",0,0,0
4434,"Schloss Baron",0,"",0,0,1,0,0,"<hex:02093AE802FF11>zu Schloss Baron<hex:FF11>in Schloss Baron<hex:FF12>das Schloss Baron<hex:03>",0,0,0
4435,"Kristall-Platz",0,"",0,0,1,0,0,"<hex:020943E802FF13>zum Kristall-Platz<hex:FF17>auf dem Kristall-Platz<hex:FF13>der Kristall-Platz<hex:03>",0,0,0
4436,"Schlosspforte",0,"",0,0,1,0,0,"<hex:020942E802FF15>zu der Schlosspforte<hex:FF15>an der Schlosspforte<hex:FF12>die Schlosspforte<hex:03>",0,0,0
4437,"Schlossgarten",0,"",0,0,1,0,0,"<hex:02093BE802FF12>zum Schlossgarten<hex:FF11>im Schlossgarten<hex:FF12>der Schlossgarten<hex:03>",0,0,0
4438,"Tiefen",0,"",0,0,1,0,0,"<hex:02092DE802FF0E>zu den Tiefen<hex:FF0E>in den Tiefen<hex:FF0B>die Tiefen<hex:03>",0,0,0
4439,"Baron",0,"",0,0,1,0,0,"<hex:020920E802FF0B>nach Baron<hex:FF09>in Baron<hex:FF06>Baron<hex:03>",0,0,0
4440,"Schloss Baron",0,"",0,0,1,0,0,"<hex:02093AE802FF11>zu Schloss Baron<hex:FF11>in Schloss Baron<hex:FF12>das Schloss Baron<hex:03>",0,0,0
4441,"Tiefen des roten Mondes",0,"",0,0,1,0,0,"<hex:020960E802FF1F>zu den Tiefen des roten Mondes<hex:FF1F>in den Tiefen des roten Mondes<hex:FF1C>die Tiefen des roten Mondes<hex:03>",0,0,0
4442,"Lied der Flammen",0,"",0,0,1,0,0,"<hex:020944E802FF15>zum Lied der Flammen<hex:FF14>im Lied der Flammen<hex:FF15>das Lied der Flammen<hex:03>",0,0,0
4443,"Thaleia",0,"",0,0,1,0,0,"<hex:020926E802FF0D>nach Thaleia<hex:FF0B>in Thaleia<hex:FF08>Thaleia<hex:03>",0,0,0
4444,"Himmel des Wassers",0,"",0,0,1,0,0,"<hex:02094AE802FF17>zum Himmel des Wassers<hex:FF16>im Himmel des Wassers<hex:FF17>der Himmel des Wassers<hex:03>",0,0,0
4445,"Gelehrtenbecken",0,"",0,0,1,0,0,"<hex:020941E802FF14>zum Gelehrtenbecken<hex:FF13>im Gelehrtenbecken<hex:FF14>das Gelehrtenbecken<hex:03>",0,0,0
4446,"Himmel des Windes",0,"",0,0,1,0,0,"<hex:020947E802FF16>zum Himmel des Windes<hex:FF15>im Himmel des Windes<hex:FF16>der Himmel des Windes<hex:03>",0,0,0
4447,"Heilige Gipfel des Wanderers",0,"",0,0,1,0,0,"<hex:020974E802FF26>zu den heiligen Gipfeln des Wanderers<hex:FF26>in den heiligen Gipfeln des Wanderers<hex:FF22>die heiligen Gipfel des Wanderers<hex:03>",0,0,0
4448,"Tempel des Wanderers",0,"",0,0,1,0,0,"<hex:020950E802FF19>zum Tempel des Wanderers<hex:FF18>im Tempel des Wanderers<hex:FF19>der Tempel des Wanderers<hex:03>",0,0,0
4449,"Omphalos",0,"",0,0,1,0,0,"<hex:020929E802FF0E>nach Omphalos<hex:FF0C>im Omphalos<hex:FF09>Omphalos<hex:03>",0,0,0
4450,"Sternenhimmel",0,"",0,0,1,0,0,"<hex:02093BE802FF12>zum Sternenhimmel<hex:FF11>im Sternenhimmel<hex:FF12>der Sternenhimmel<hex:03>",0,0,0
4451,"Himmel des Wassers",0,"",0,0,1,0,0,"<hex:02094AE802FF17>zum Himmel des Wassers<hex:FF16>im Himmel des Wassers<hex:FF17>der Himmel des Wassers<hex:03>",0,0,0
4452,"Gelehrtenbecken",0,"",0,0,1,0,0,"<hex:020941E802FF14>zum Gelehrtenbecken<hex:FF13>im Gelehrtenbecken<hex:FF14>das Gelehrtenbecken<hex:03>",0,0,0
4453,"Himmel des Windes",0,"",0,0,1,0,0,"<hex:020947E802FF16>zum Himmel des Windes<hex:FF15>im Himmel des Windes<hex:FF16>der Himmel des Windes<hex:03>",0,0,0
4454,"Heilige Gipfel des Wanderers",0,"",0,0,1,0,0,"<hex:020974E802FF26>zu den heiligen Gipfeln des Wanderers<hex:FF26>in den heiligen Gipfeln des Wanderers<hex:FF22>die heiligen Gipfel des Wanderers<hex:03>",0,0,0
4455,"Omphalos",0,"",0,0,1,0,0,"<hex:020929E802FF0E>nach Omphalos<hex:FF0C>im Omphalos<hex:FF09>Omphalos<hex:03>",0,0,0
4456,"Sternenhimmel",0,"",0,0,1,0,0,"<hex:02093BE802FF12>zum Sternenhimmel<hex:FF11>im Sternenhimmel<hex:FF12>der Sternenhimmel<hex:03>",0,0,0
4457,"Fluss der Weisheit",0,"",0,0,1,0,0,"<hex:02094AE802FF17>zum Fluss der Weisheit<hex:FF16>am Fluss der Weisheit<hex:FF17>der Fluss der Weisheit<hex:03>",0,0,0
4458,"Auge des Meeres",0,"",0,0,1,0,0,"<hex:020941E802FF14>zum Auge des Meeres<hex:FF13>im Auge des Meeres<hex:FF14>das Auge des Meeres<hex:03>",0,0,0
4459,"Pfad des Windes",0,"",0,0,1,0,0,"<hex:020946E802FF14>zum Pfad des Windes<hex:FF18>auf dem Pfad des Windes<hex:FF14>der Pfad des Windes<hex:03>",0,0,0
4460,"Tempel des Wanderers",0,"",0,0,1,0,0,"<hex:020950E802FF19>zum Tempel des Wanderers<hex:FF18>im Tempel des Wanderers<hex:FF19>der Tempel des Wanderers<hex:03>",0,0,0
4461,"Himmlische Sphäre des Segens",0,"",0,0,1,0,0,"<hex:020971E802FF23>zur himmlischen Sphäre des Segens<hex:FF26>in der himmlischen Sphäre des Segens<hex:FF22>die himmlische Sphäre des Segens<hex:03>",0,0,0
4462,"Kanal des Wissens",0,"",0,0,1,0,0,"<hex:020949E802FF16>zum Kanal des Wissens<hex:FF17>beim Kanal des Wissens<hex:FF16>der Kanal des Wissens<hex:03>",0,0,0
4463,"Pforte zum Firmament",0,"",0,0,1,0,0,"<hex:020954E802FF19>zur Pforte zum Firmament<hex:FF1C>an der Pforte zum Firmament<hex:FF19>die Pforte zum Firmament<hex:03>",0,0,0
4464,"Aufgang zum Firmament",0,"",0,0,1,0,0,"<hex:020953E802FF1A>zum Aufgang zum Firmament<hex:FF19>am Aufgang zum Firmament<hex:FF1A>der Aufgang zum Firmament<hex:03>",0,0,0
4465,"Kristallkratersee",0,"",0,0,1,0,0,"<hex:020947E802FF16>zum Kristallkratersee<hex:FF15>am Kristallkratersee<hex:FF16>der Kristallkratersee<hex:03>",0,0,0
4466,"Golbez' Erinnerungen",0,"",0,0,1,0,0,"<hex:02094BE802FF18>zu Golbez' Erinnerungen<hex:FF18>in Golbez' Erinnerungen<hex:FF15>Golbez' Erinnerungen<hex:03>",0,0,0
4467,"Kratergrund",0,"",0,0,1,0,0,"<hex:02093AE802FF10>zum Kratergrund<hex:FF14>auf dem Kratergrund<hex:FF10>der Kratergrund<hex:03>",0,0,0
4468,"Stolperville-Platz",0,"",0,0,1,0,0,"<hex:02094FE802FF17>zum Stolperville-Platz<hex:FF1B>auf dem Stolperville-Platz<hex:FF17>der Stolperville-Platz<hex:03>",0,0,0
4469,"Stolperville",0,"",0,0,1,0,0,"<hex:020935E802FF12>nach Stolperville<hex:FF10>in Stolperville<hex:FF0D>Stolperville<hex:03>",0,0,0
4470,"Manderville-Parcours",0,"",0,0,1,0,0,"<hex:020955E802FF19>zum Manderville-Parcours<hex:FF1D>auf dem Manderville-Parcours<hex:FF19>der Manderville-Parcours<hex:03>",0,0,0
4471,"Manderville-Rennen",0,"",0,0,1,0,0,"<hex:02094FE802FF17>zum Manderville-Rennen<hex:FF1B>auf dem Manderville-Rennen<hex:FF17>das Manderville-Rennen<hex:03>",0,0,0
4472,"Manderville-Wirbel",0,"",0,0,1,0,0,"<hex:02094FE802FF17>zum Manderville-Wirbel<hex:FF1B>auf dem Manderville-Wirbel<hex:FF17>der Manderville-Wirbel<hex:03>",0,0,0
4473,"Manderville-Burgwacht",0,"",0,0,1,0,0,"<hex:020958E802FF1A>zur Manderville-Burgwacht<hex:FF1E>auf der Manderville-Burgwacht<hex:FF1A>die Manderville-Burgwacht<hex:03>",0,0,0
4474,"Manderville-Spitze",0,"",0,0,1,0,0,"<hex:02094FE802FF17>zur Manderville-Spitze<hex:FF1B>auf der Manderville-Spitze<hex:FF17>die Manderville-Spitze<hex:03>",0,0,0
4475,"Lobbyville",0,"",0,0,1,0,0,"<hex:02092FE802FF10>nach Lobbyville<hex:FF0E>in Lobbyville<hex:FF0B>Lobbyville<hex:03>",0,0,0
4476,"",0,"",0,0,0,0,0,"",0,0,0
4477,"Flinkfuß-Strand",0,"",0,0,1,0,0,"<hex:020949E802FF15>zum Flinkfuß-Strand<hex:FF19>auf dem Flinkfuß-Strand<hex:FF15>der Flinkfuß-Strand<hex:03>",0,0,0
4478,"Vergessener Pfad",0,"",0,0,1,0,0,"<hex:020948E802FF15>zum vergessenen Pfad<hex:FF19>auf dem vergessenen Pfad<hex:FF14>der vergessene Pfad<hex:03>",0,0,0
4479,"Unerrechenbares Geäst",0,"",0,0,1,0,0,"<hex:020955E802FF1B>zum Unerrechenbares Geäst<hex:FF1A>im Unerrechenbaren Geäst<hex:FF1A>das Unerrechenbare Geäst<hex:03>",0,0,0
4480,"Worqor Zormor",0,"",0,0,1,0,0,"<hex:020940E802FF12>zum Worqor Zormor<hex:FF16>auf dem Worqor Zormor<hex:FF12>der Worqor Zormor<hex:03>",0,0,0
4481,"Zirgor Zormor",0,"",0,0,1,0,0,"<hex:020940E802FF12>zum Zirgor Zormor<hex:FF16>auf dem Zirgor Zormor<hex:FF12>der Zirgor Zormor<hex:03>",0,0,0
4482,"Morgardar-Himmelswand",0,"",0,0,1,0,0,"<hex:020957E802FF1A>zur Morgardar-Himmelswand<hex:FF1D>an der Morgardar-Himmelswand<hex:FF1A>die Morgardar-Himmelswand<hex:03>",0,0,0
4483,"Gipfel von Zor",0,"",0,0,1,0,0,"<hex:020943E802FF13>zum Gipfel von Zor<hex:FF17>auf dem Gipfel von Zor<hex:FF13>der Gipfel von Zor<hex:03>",0,0,0
4484,"Zirgor Zormor",0,"",0,0,1,0,0,"<hex:020940E802FF12>zum Zirgor Zormor<hex:FF16>auf dem Zirgor Zormor<hex:FF12>der Zirgor Zormor<hex:03>",0,0,0
4485,"Morgardar-Himmelswand",0,"",0,0,1,0,0,"<hex:020957E802FF1A>zur Morgardar-Himmelswand<hex:FF1D>an der Morgardar-Himmelswand<hex:FF1A>die Morgardar-Himmelswand<hex:03>",0,0,0
4486,"Gipfel von Zor",0,"",0,0,1,0,0,"<hex:020943E802FF13>zum Gipfel von Zor<hex:FF17>auf dem Gipfel von Zor<hex:FF13>der Gipfel von Zor<hex:03>",0,0,0
4487,"Narbe des Wildvogels",0,"",0,0,1,0,0,"<hex:020954E802FF19>zur Narbe des Wildvogels<hex:FF1C>in der Narbe des Wildvogels<hex:FF19>die Narbe des Wildvogels<hex:03>",0,0,0
4488,"Lager der Windstille",0,"",0,0,1,0,0,"<hex:020950E802FF19>zum Lager der Windstille<hex:FF18>im Lager der Windstille<hex:FF19>das Lager der Windstille<hex:03>",0,0,0
4489,"Rückkehr der Windstille",0,"",0,0,1,0,0,"<hex:020961E802FF1D>zur Rückkehr der Windstille<hex:FF21>auf der Rückkehr der Windstille<hex:FF1D>die Rückkehr der Windstille<hex:03>",0,0,0
4490,"Wolkenpfad",0,"",0,0,1,0,0,"<hex:020937E802FF0F>zum Wolkenpfad<hex:FF13>auf dem Wolkenpfad<hex:FF0F>der Wolkenpfad<hex:03>",0,0,0
4491,"Antiker Dunstpfad",0,"",0,0,1,0,0,"<hex:02094BE802FF16>zum antiken Dunstpfad<hex:FF1A>auf dem antiken Dunstpfad<hex:FF15>der antike Dunstpfad<hex:03>",0,0,0
4492,"Weißes Meer von Morgar",0,"",0,0,1,0,0,"<hex:02095DE802FF1C>zum weißen Meer von Morgar<hex:FF20>auf dem weißen Meer von Morgar<hex:FF1B>das weiße Meer von Morgar<hex:03>",0,0,0
4493,"Morgar-Königsquartier",0,"",0,0,1,0,0,"<hex:020956E802FF1B>zum Morgar-Königsquartier<hex:FF1A>im Morgar-Königsquartier<hex:FF1B>das Morgar-Königsquartier<hex:03>",0,0,0
4494,"Karror-Grabstätte",0,"",0,0,1,0,0,"<hex:02094EE802FF17>zur Karror-Grabstätte<hex:FF1A>in der Karror-Grabstätte<hex:FF17>die Karror-Grabstätte<hex:03>",0,0,0
4495,"Korrumpierter Zwischenspeicher",0,"",0,0,1,0,0,"<hex:02096DE802FF23>zum korrumpierten Zwischenspeicher<hex:FF22>im korrumpierten Zwischenspeicher<hex:FF22>der korrumpierte Zwischenspeicher<hex:03>",0,0,0
4496,"Alexandria",0,"",0,0,1,0,0,"<hex:02092FE802FF10>nach Alexandria<hex:FF0E>in Alexandria<hex:FF0B>Alexandria<hex:03>",0,0,0
4497,"Siegesallee",0,"",0,0,1,0,0,"<hex:020939E802FF10>zur Siegesallee<hex:FF13>in der Siegesallee<hex:FF10>die Siegesallee<hex:03>",0,0,0
4498,"Friedschluss",0,"",0,0,1,0,0,"<hex:02093DE802FF11>zum Friedschluss<hex:FF15>auf dem Friedschluss<hex:FF11>der Friedschluss<hex:03>",0,0,0
4499,"Wie<hex:02160103>der<hex:02160103>auf<hex:02160103>er<hex:02160103>steh<hex:02160103>ung",0,"",0,0,1,0,0,"<hex:02098AE802FF2B>zur Wie<hex:02160103>der<hex:02160103>auf<hex:02160103>er<hex:02160103>steh<hex:02160103>ung<hex:FF2E>in der Wie<hex:02160103>der<hex:02160103>auf<hex:02160103>er<hex:02160103>steh<hex:02160103>ung<hex:FF2B>die Wie<hex:02160103>der<hex:02160103>auf<hex:02160103>er<hex:02160103>steh<hex:02160103>ung<hex:03>",0,0,0
4500,"Yok Tural",0,"",0,0,1,0,0,"<hex:02092CE802FF0F>nach Yok Tural<hex:FF0D>in Yok Tural<hex:FF0A>Yok Tural<hex:03>",0,1700,0
4501,"Xak Tural",0,"",0,0,1,0,0,"<hex:02092CE802FF0F>nach Xak Tural<hex:FF0D>in Xak Tural<hex:FF0A>Xak Tural<hex:03>",0,1800,0
4502,"Unverlorene Welt",0,"",0,0,1,0,0,"<hex:020948E802FF15>zur Unverlorene Welt<hex:FF18>in der Unverlorene Welt<hex:FF15>die Unverlorene Welt<hex:03>",0,1900,27
4503,"Lösung Neun",0,"",0,0,1,0,0,"<hex:020935E802FF12>nach Lösung Neun<hex:FF10>in Lösung Neun<hex:FF0D>Lösung Neun<hex:03>",0,0,26
4504,"Tuliyollal",0,"",0,0,1,0,0,"<hex:02092FE802FF10>nach Tuliyollal<hex:FF0E>in Tuliyollal<hex:FF0B>Tuliyollal<hex:03>",0,0,0
4505,"Urqopacha",0,"",0,0,1,0,0,"<hex:02092CE802FF0F>nach Urqopacha<hex:FF0D>in Urqopacha<hex:FF0A>Urqopacha<hex:03>",0,0,0
4506,"Kozama'uka",0,"",0,0,1,0,0,"<hex:02092FE802FF10>nach Kozama'uka<hex:FF0E>in Kozama'uka<hex:FF0B>Kozama'uka<hex:03>",0,0,0
4507,"Yak T'el",0,"",0,0,1,0,0,"<hex:020929E802FF0E>nach Yak T'el<hex:FF0C>in Yak T'el<hex:FF09>Yak T'el<hex:03>",0,0,0
4508,"Shaaloani",0,"",0,0,1,0,0,"<hex:02092CE802FF0F>nach Shaaloani<hex:FF0D>in Shaaloani<hex:FF0A>Shaaloani<hex:03>",0,0,0
4509,"Ewiges Erbe",0,"",0,0,1,0,0,"<hex:020934E802FF10>zum Ewigen Erbe<hex:FF0F>im Ewigen Erbe<hex:FF0F>das Ewige Erbe<hex:03>",0,0,28
4510,"Lebende Erinnerung",0,"",0,0,1,0,0,"<hex:020950E802FF18>zur Lebenden Erinnerung<hex:FF1B>in der Lebenden Erinnerung<hex:FF17>die Lebende Erinnerung<hex:03>",0,0,27
4511,"Yok Tural",0,"",0,0,1,0,0,"<hex:02092CE802FF0F>nach Yok Tural<hex:FF0D>in Yok Tural<hex:FF0A>Yok Tural<hex:03>",0,0,0
4512,"Xak Tural",0,"",0,0,1,0,0,"<hex:02092CE802FF0F>nach Xak Tural<hex:FF0D>in Xak Tural<hex:FF0A>Xak Tural<hex:03>",0,0,0
4513,"Unverlorene Welt",0,"",0,0,1,0,0,"<hex:020948E802FF15>zur Unverlorene Welt<hex:FF18>in der Unverlorene Welt<hex:FF15>die Unverlorene Welt<hex:03>",0,0,27
4514,"Lösung Neun",0,"",0,0,1,0,0,"<hex:020935E802FF12>nach Lösung Neun<hex:FF10>in Lösung Neun<hex:FF0D>Lösung Neun<hex:03>",0,0,26
4515,"Tuliyollal",0,"",0,0,1,0,0,"<hex:02092FE802FF10>nach Tuliyollal<hex:FF0E>in Tuliyollal<hex:FF0B>Tuliyollal<hex:03>",0,0,0
4516,"Hohe Steige",0,"",0,0,1,0,0,"<hex:02093CE802FF11>zur Hohen Steige<hex:FF15>auf der Hohen Steige<hex:FF10>die Hohe Steige<hex:03>",0,2001,0
4517,"Bronzefeste",0,"",0,0,1,0,0,"<hex:020939E802FF10>zur Bronzefeste<hex:FF13>an der Bronzefeste<hex:FF10>die Bronzefeste<hex:03>",0,2002,0
4518,"Hochfluthafen",0,"",0,0,1,0,0,"<hex:02093BE802FF12>zum Hochfluthafen<hex:FF11>am Hochfluthafen<hex:FF12>der Hochfluthafen<hex:03>",0,2003,0
4519,"Glanzfeder-Viertel",0,"",0,0,1,0,0,"<hex:02094AE802FF17>zum Glanzfeder-Viertel<hex:FF16>im Glanzfeder-Viertel<hex:FF17>das Glanzfeder-Viertel<hex:03>",0,2004,0
4520,"Frohlockung",0,"",0,0,1,0,0,"<hex:02093AE802FF10>zur Frohlockung<hex:FF14>auf der Frohlockung<hex:FF10>die Frohlockung<hex:03>",0,2005,0
4521,"Vollok Shoonsa",0,"",0,0,1,0,0,"<hex:02093BE802FF14>nach Vollok Shoonsa<hex:FF12>in Vollok Shoonsa<hex:FF0F>Vollok Shoonsa<hex:03>",0,2006,0
4522,"Fiederplatz",0,"",0,0,1,0,0,"<hex:02093AE802FF10>zum Fiederplatz<hex:FF14>auf dem Fiederplatz<hex:FF10>der Fiederplatz<hex:03>",0,2007,0
4523,"Sonnensitz",0,"",0,0,1,0,0,"<hex:020932E802FF0F>zum Sonnensitz<hex:FF0E>im Sonnensitz<hex:FF0F>der Sonnensitz<hex:03>",0,2008,0
4524,"Alula",0,"",0,0,1,0,0,"<hex:020928E802FF0A>zur Alula<hex:FF0E>auf der Alula<hex:FF0A>die Alula<hex:03>",0,2009,0
4525,"Himmelstor von Xak Tural",0,"",0,0,1,0,0,"<hex:02095CE802FF1D>zum Himmelstor von Xak Tural<hex:FF1C>am Himmelstor von Xak Tural<hex:FF1D>das Himmelstor von Xak Tural<hex:03>",0,2010,0
4526,"Zorgor die Weite",0,"",0,0,1,0,0,"<hex:020942E802FF15>zu Zorgor der Weiten<hex:FF16>auf Zorgor der Weiten<hex:FF11>Zorgor die Weite<hex:03>",0,2011,0
4527,"Grellfeder-Posten",0,"",0,0,1,0,0,"<hex:020947E802FF16>zum Grellfeder-Posten<hex:FF15>am Grellfeder-Posten<hex:FF16>der Grellfeder-Posten<hex:03>",0,2012,0
4528,"Hunu'iliy",0,"",0,0,1,0,0,"<hex:02092CE802FF0F>nach Hunu'iliy<hex:FF0D>an Hunu'iliy<hex:FF0A>Hunu'iliy<hex:03>",0,2013,0
4529,"Platz von Ek-wawya",0,"",0,0,1,0,0,"<hex:02094FE802FF17>zum Platz von Ek-wawya<hex:FF1B>auf dem Platz von Ek-wawya<hex:FF17>der Platz von Ek-wawya<hex:03>",0,2014,0
4530,"Krallfußstraße",0,"",0,0,1,0,0,"<hex:020949E802FF15>zur Krallfußstraße<hex:FF19>auf der Krallfußstraße<hex:FF15>die Krallfußstraße<hex:03>",0,2015,0
4531,"Meerschaumfelder",0,"",0,0,1,0,0,"<hex:02094DE802FF19>zu den Meerschaumfeldern<hex:FF19>an den Meerschaumfeldern<hex:FF15>die Meerschaumfelder<hex:03>",0,2016,0
4532,"Küstenkolonie",0,"",0,0,1,0,0,"<hex:020942E802FF13>zur Küstenkolonie<hex:FF16>in der Küstenkolonie<hex:FF13>die Küstenkolonie<hex:03>",0,2017,0
4533,"Markt von Wachumeqimeqi",0,"",0,0,1,0,0,"<hex:02095EE802FF1C>zum Markt von Wachumeqimeqi<hex:FF20>auf dem Markt von Wachumeqimeqi<hex:FF1C>der Markt von Wachumeqimeqi<hex:03>",0,2018,0
4534,"Tante Tiis Tacos",0,"",0,0,1,0,0,"<hex:020940E802FF14>zu Tante Tiis Tacos<hex:FF15>bei Tante Tiis Tacos<hex:FF11>Tante Tiis Tacos<hex:03>",0,2019,0
4535,"Ätherytenplatz",0,"",0,0,1,0,0,"<hex:020941E802FF14>zum Ätherytenplatz<hex:FF13>am Ätherytenplatz<hex:FF14>der Ätherytenplatz<hex:03>",0,2020,0
4536,"Schnabelhort",0,"",0,0,1,0,0,"<hex:020938E802FF11>zum Schnabelhort<hex:FF10>am Schnabelhort<hex:FF11>der Schnabelhort<hex:03>",0,2021,0
4537,"Xbalyav Ty'e",0,"",0,0,1,0,0,"<hex:020938E802FF11>zum Xbalyav Ty'e<hex:FF10>am Xbalyav Ty'e<hex:FF11>der Xbalyav Ty'e<hex:03>",0,2022,0
4538,"Schimmersande von Gornitruq",0,"",0,0,1,0,0,"<hex:02096FE802FF24>zu den Schimmersanden von Gornitruq<hex:FF25>auf den Schimmersanden von Gornitruq<hex:FF20>die Schimmersande von Gornitruq<hex:03>",0,2023,0
4539,"Kronzeugen",0,"",0,0,1,0,0,"<hex:020939E802FF12>zu den Kronzeugen<hex:FF12>an den Kronzeugen<hex:FF0F>die Kronzeugen<hex:03>",0,2024,0
4540,"Kielkajüten",0,"",0,0,1,0,0,"<hex:02093FE802FF14>zu den Kielkajüten<hex:FF14>an den Kielkajüten<hex:FF11>die Kielkajüten<hex:03>",0,2025,0
4541,"Tor der Morgensonne",0,"",0,0,1,0,0,"<hex:02094DE802FF18>zum Tor der Morgensonne<hex:FF17>am Tor der Morgensonne<hex:FF18>das Tor der Morgensonne<hex:03>",0,2026,0
4542,"Dämmerschlag",0,"",0,0,1,0,0,"<hex:02093DE802FF12>zum Dämmerschlag<hex:FF13>beim Dämmerschlag<hex:FF12>der Dämmerschlag<hex:03>",0,2027,0
4543,"Ballonplatz",0,"",0,0,1,0,0,"<hex:020935E802FF10>zum Ballonplatz<hex:FF0F>am Ballonplatz<hex:FF10>der Ballonplatz<hex:03>",0,2028,0
4544,"Alpakahalt",0,"",0,0,1,0,0,"<hex:020932E802FF0F>zum Alpakahalt<hex:FF0E>am Alpakahalt<hex:FF0F>der Alpakahalt<hex:03>",0,2029,0
4545,"Chabayuqeq",0,"",0,0,1,0,0,"<hex:02092FE802FF10>nach Chabayuqeq<hex:FF0E>in Chabayuqeq<hex:FF0B>Chabayuqeq<hex:03>",0,2030,0
4546,"Chabameki",0,"",0,0,1,0,0,"<hex:02092CE802FF0F>nach Chabameki<hex:FF0D>in Chabameki<hex:FF0A>Chabameki<hex:03>",0,2031,0
4547,"Steter Trost",0,"",0,0,1,0,0,"<hex:02093CE802FF11>zum Steten Trost<hex:FF15>auf dem Steten Trost<hex:FF10>der Stete Trost<hex:03>",0,2032,0
4548,"Ferner Kummer",0,"",0,0,1,0,0,"<hex:02093FE802FF12>zum Fernen Kummer<hex:FF16>auf dem Fernen Kummer<hex:FF11>der Ferne Kummer<hex:03>",0,2033,0
4549,"Larh Tortoh",0,"",0,0,1,0,0,"<hex:020932E802FF11>nach Larh Tortoh<hex:FF0F>in Larh Tortoh<hex:FF0C>Larh Tortoh<hex:03>",0,2034,0
4550,"Wachunpelo",0,"",0,0,1,0,0,"<hex:02092FE802FF10>nach Wachunpelo<hex:FF0E>in Wachunpelo<hex:FF0B>Wachunpelo<hex:03>",0,2035,0
4551,"Mezcal-Brennerei",0,"",0,0,1,0,0,"<hex:020948E802FF15>zur Mezcal-Brennerei<hex:FF18>in der Mezcal-Brennerei<hex:FF15>die Mezcal-Brennerei<hex:03>",0,2036,0
4552,"Freundesfarm",0,"",0,0,1,0,0,"<hex:02093CE802FF11>zur Freundesfarm<hex:FF14>an der Freundesfarm<hex:FF11>die Freundesfarm<hex:03>",0,2037,0
4553,"Haus der Fingerfertigkeit",0,"",0,0,1,0,0,"<hex:02095FE802FF1E>zum Haus der Fingerfertigkeit<hex:FF1D>am Haus der Fingerfertigkeit<hex:FF1E>das Haus der Fingerfertigkeit<hex:03>",0,2038,0
4554,"Icuvlos Karawanserei",0,"",0,0,1,0,0,"<hex:02094BE802FF18>zu Icuvlos Karawanserei<hex:FF18>in Icuvlos Karawanserei<hex:FF15>Icuvlos Karawanserei<hex:03>",0,2039,0
4555,"Agavenfänge",0,"",0,0,1,0,0,"<hex:020941E802FF15>zu den Agavenfängen<hex:FF15>an den Agavenfängen<hex:FF11>die Agavenfänge<hex:03>",0,2040,0
4556,"Panaqpelu-Therme",0,"",0,0,1,0,0,"<hex:020948E802FF15>zur Panaqpelu-Therme<hex:FF18>an der Panaqpelu-Therme<hex:FF15>die Panaqpelu-Therme<hex:03>",0,2041,0
4557,"Povlus Handelshaus",0,"",0,0,1,0,0,"<hex:020945E802FF16>zu Povlus Handelshaus<hex:FF16>in Povlus Handelshaus<hex:FF13>Povlus Handelshaus<hex:03>",0,2042,0
4558,"Ciblus Kaffeehof",0,"",0,0,1,0,0,"<hex:02093FE802FF14>zu Ciblus Kaffeehof<hex:FF14>in Ciblus Kaffeehof<hex:FF11>Ciblus Kaffeehof<hex:03>",0,2043,0
4559,"Miplus Mategarten",0,"",0,0,1,0,0,"<hex:020942E802FF15>zu Miplus Mategarten<hex:FF15>in Miplus Mategarten<hex:FF12>Miplus Mategarten<hex:03>",0,2044,0
4560,"Oruncanca",0,"",0,0,1,0,0,"<hex:02092CE802FF0F>nach Oruncanca<hex:FF0D>in Oruncanca<hex:FF0A>Oruncanca<hex:03>",0,2045,0
4561,"Abertausend Schritte",0,"",0,0,1,0,0,"<hex:02095AE802FF1D>zu den Abertausend Schritten<hex:FF1E>auf den Abertausend Schritten<hex:FF19>die Abertausend Schritte<hex:03>",0,2046,0
4562,"Worlars Echo",0,"",0,0,1,0,0,"<hex:020935E802FF12>nach Worlars Echo<hex:FF10>in Worlars Echo<hex:FF0D>Worlars Echo<hex:03>",0,2047,0
4563,"Karryorzar der Huldvolle",0,"",0,0,1,0,0,"<hex:020959E802FF1D>zu Karryorzar dem Huldvollen<hex:FF1D>in Karryorzar dem Huldvollen<hex:FF19>Karryorzar der Huldvolle<hex:03>",0,2048,0
4564,"Schatten der Trauer",0,"",0,0,1,0,0,"<hex:02094DE802FF18>zum Schatten der Trauer<hex:FF17>am Schatten der Trauer<hex:FF18>der Schatten der Trauer<hex:03>",0,2049,0
4565,"Naryor Gorna",0,"",0,0,1,0,0,"<hex:020938E802FF11>zum Naryor Gorna<hex:FF10>am Naryor Gorna<hex:FF11>der Naryor Gorna<hex:03>",0,2050,0
4566,"Zeugnis",0,"",0,0,1,0,0,"<hex:020929E802FF0C>zum Zeugnis<hex:FF0B>am Zeugnis<hex:FF0C>das Zeugnis<hex:03>",0,2051,0
4567,"Sternentiefe",0,"",0,0,1,0,0,"<hex:02093CE802FF11>zur Sternentiefe<hex:FF14>an der Sternentiefe<hex:FF11>die Sternentiefe<hex:03>",0,2052,0
4568,"Salzgruben der Chirwagur",0,"",0,0,1,0,0,"<hex:020963E802FF20>zu den Salzgruben der Chirwagur<hex:FF20>an den Salzgruben der Chirwagur<hex:FF1D>die Salzgruben der Chirwagur<hex:03>",0,2053,0
4569,"See der Chirwagur",0,"",0,0,1,0,0,"<hex:020947E802FF16>zum See der Chirwagur<hex:FF15>am See der Chirwagur<hex:FF16>der See der Chirwagur<hex:03>",0,2054,0
4570,"Worqor Zormor",0,"",0,0,1,0,0,"<hex:020940E802FF12>zum Worqor Zormor<hex:FF16>auf dem Worqor Zormor<hex:FF12>der Worqor Zormor<hex:03>",0,2055,0
4571,"Schlund des Unvergessens",0,"",0,0,1,0,0,"<hex:02095CE802FF1D>zum Schlund des Unvergessens<hex:FF1C>im Schlund des Unvergessens<hex:FF1D>der Schlund des Unvergessens<hex:03>",0,2056,0
4572,"Blühende Wacht",0,"",0,0,1,0,0,"<hex:020947E802FF15>zur Blühenden Wacht<hex:FF18>an der Blühenden Wacht<hex:FF14>die Blühende Wacht<hex:03>",0,2057,0
4573,"Worqor Lar Dor",0,"",0,0,1,0,0,"<hex:02093BE802FF14>nach Worqor Lar Dor<hex:FF12>in Worqor Lar Dor<hex:FF0F>Worqor Lar Dor<hex:03>",0,2058,0
4574,"Karvarhur die Erste",0,"",0,0,1,0,0,"<hex:02094BE802FF18>zu Karvarhur der Ersten<hex:FF19>bei Karvarhur der Ersten<hex:FF14>Karvarhur die Erste<hex:03>",0,2059,0
4575,"Uyuyub'",0,"",0,0,1,0,0,"<hex:020926E802FF0D>nach Uyuyub'<hex:FF0B>in Uyuyub'<hex:FF08>Uyuyub'<hex:03>",0,2100,0
4576,"Bopo'uihih",0,"",0,0,1,0,0,"<hex:02092FE802FF10>nach Bopo'uihih<hex:FF0E>in Bopo'uihih<hex:FF0B>Bopo'uihih<hex:03>",0,2101,0
4577,"Miyakabek'zu",0,"",0,0,1,0,0,"<hex:020936E802FF12>nach Miyakabek'zu<hex:FF11>auf Miyakabek'zu<hex:FF0D>Miyakabek'zu<hex:03>",0,2102,0
4578,"Uyuypoga",0,"",0,0,1,0,0,"<hex:020929E802FF0E>nach Uyuypoga<hex:FF0C>in Uyuypoga<hex:FF09>Uyuypoga<hex:03>",0,2103,0
4579,"Taustaden",0,"",0,0,1,0,0,"<hex:020937E802FF11>zu den Taustaden<hex:FF12>auf den Taustaden<hex:FF0E>die Taustaden<hex:03>",0,2104,0
4580,"Miyakabek'zoma",0,"",0,0,1,0,0,"<hex:02093BE802FF14>nach Miyakabek'zoma<hex:FF12>in Miyakabek'zoma<hex:FF0F>Miyakabek'zoma<hex:03>",0,2105,0
4581,"Garbrandstaden",0,"",0,0,1,0,0,"<hex:020946E802FF16>zu den Garbrandstaden<hex:FF17>auf den Garbrandstaden<hex:FF13>die Garbrandstaden<hex:03>",0,2106,0
4582,"Ok'hanu",0,"",0,0,1,0,0,"<hex:020926E802FF0D>nach Ok'hanu<hex:FF0B>in Ok'hanu<hex:FF08>Ok'hanu<hex:03>",0,2107,0
4583,"Haus der Wuchernden Winde",0,"",0,0,1,0,0,"<hex:02095FE802FF1E>zum Haus der Wuchernden Winde<hex:FF1D>im Haus der Wuchernden Winde<hex:FF1E>das Haus der Wuchernden Winde<hex:03>",0,2108,0
4584,"Kikitola-Höhle",0,"",0,0,1,0,0,"<hex:020945E802FF14>zur Kikitola-Höhle<hex:FF17>in der Kikitola-Höhle<hex:FF14>die Kikitola-Höhle<hex:03>",0,2109,0
4585,"Xodune",0,"",0,0,1,0,0,"<hex:020921E802FF0A>zu Xodune<hex:FF0A>an Xodune<hex:FF07>Xodune<hex:03>",0,2110,0
4586,"Xo'onu",0,"",0,0,1,0,0,"<hex:020921E802FF0A>zu Xo'onu<hex:FF0A>an Xo'onu<hex:FF07>Xo'onu<hex:03>",0,2111,0
4587,"Xopik'",0,"",0,0,1,0,0,"<hex:020921E802FF0A>zu Xopik'<hex:FF0A>an Xopik'<hex:FF07>Xopik'<hex:03>",0,2112,0
4588,"Ku'uxage",0,"",0,0,1,0,0,"<hex:020929E802FF0E>nach Ku'uxage<hex:FF0C>an Ku'uxage<hex:FF09>Ku'uxage<hex:03>",0,2113,0
4589,"Hängender Kai",0,"",0,0,1,0,0,"<hex:02093DE802FF13>zum Hängenden Kai<hex:FF12>am Hängenden Kai<hex:FF12>der Hängende Kai<hex:03>",0,2114,0
4590,"Puyhu-Brücke",0,"",0,0,1,0,0,"<hex:020940E802FF12>zur Puyhu-Brücke<hex:FF16>auf der Puyhu-Brücke<hex:FF12>die Puyhu-Brücke<hex:03>",0,2115,0
4591,"Goldwirbelfelder",0,"",0,0,1,0,0,"<hex:02094EE802FF19>zu den Goldwirbelfeldern<hex:FF1A>auf den Goldwirbelfeldern<hex:FF15>die Goldwirbelfelder<hex:03>",0,2116,0
4592,"Ok'bek'be",0,"",0,0,1,0,0,"<hex:02092CE802FF0F>nach Ok'bek'be<hex:FF0D>in Ok'bek'be<hex:FF0A>Ok'bek'be<hex:03>",0,2117,0
4593,"Haus des Kristallenen Wassers",0,"",0,0,1,0,0,"<hex:02096BE802FF22>zum Haus des Kristallenen Wassers<hex:FF21>im Haus des Kristallenen Wassers<hex:FF22>das Haus des Kristallenen Wassers<hex:03>",0,2118,0
4594,"Kozanuakiy",0,"",0,0,1,0,0,"<hex:02092FE802FF10>nach Kozanuakiy<hex:FF0E>in Kozanuakiy<hex:FF0B>Kozanuakiy<hex:03>",0,2119,0
4595,"Poga-Dock",0,"",0,0,1,0,0,"<hex:02092FE802FF0E>zum Poga-Dock<hex:FF0D>am Poga-Dock<hex:FF0E>das Poga-Dock<hex:03>",0,2120,0
4596,"Stufen der Schwingenlosen Geschwister",0,"",0,0,1,0,0,"<hex:02098BE802FF2D>zu den Stufen der Schwingenlosen Geschwister<hex:FF2E>auf den Stufen der Schwingenlosen Geschwister<hex:FF2A>die Stufen der Schwingenlosen Geschwister<hex:03>",0,2121,0
4597,"Lauf der Goldenen Sonne",0,"",0,0,1,0,0,"<hex:02095EE802FF1C>zum Lauf der Goldenen Sonne<hex:FF20>auf dem Lauf der Goldenen Sonne<hex:FF1C>der Lauf der Goldenen Sonne<hex:03>",0,2122,0
4598,"Viele Flammen",0,"",0,0,1,0,0,"<hex:020939E802FF13>nach Viele Flammen<hex:FF12>bei Viele Flammen<hex:FF0E>Viele Flammen<hex:03>",0,2123,0
4599,"Tumu-Dock",0,"",0,0,1,0,0,"<hex:02092FE802FF0E>zum Tumu-Dock<hex:FF0D>am Tumu-Dock<hex:FF0E>das Tumu-Dock<hex:03>",0,2124,0
4600,"Ligaka-Bruch",0,"",0,0,1,0,0,"<hex:020938E802FF11>zum Ligaka-Bruch<hex:FF10>im Ligaka-Bruch<hex:FF11>das Ligaka-Bruch<hex:03>",0,2125,0
4601,"Schiffe der Verlorenen",0,"",0,0,1,0,0,"<hex:02095FE802FF1F>zu den Schiffen der Verlorenen<hex:FF1F>an den Schiffen der Verlorenen<hex:FF1B>die Schiffe der Verlorenen<hex:03>",0,2126,0
4602,"Ihuykatumu",0,"",0,0,1,0,0,"<hex:020937E802FF0F>zum Ihuykatumu<hex:FF13>auf dem Ihuykatumu<hex:FF0F>der Ihuykatumu<hex:03>",0,2127,0
4603,"Irdehalde",0,"",0,0,1,0,0,"<hex:02092CE802FF0F>nach Irdehalde<hex:FF0D>in Irdehalde<hex:FF0A>Irdehalde<hex:03>",0,2128,0
4604,"Schmalte",0,"",0,0,1,0,0,"<hex:020930E802FF0D>zur Schmalte<hex:FF10>in der Schmalte<hex:FF0D>die Schmalte<hex:03>",0,2129,0
4605,"Zertrümmerter Topf",0,"",0,0,1,0,0,"<hex:02094CE802FF18>zum Zertrümmerten Topf<hex:FF17>im Zertrümmerten Topf<hex:FF17>der Zertrümmerte Topf<hex:03>",0,2130,0
4606,"Mahnende Schatten",0,"",0,0,1,0,0,"<hex:020951E802FF1A>zu den Mahnenden Schatten<hex:FF1A>an den Mahnenden Schatten<hex:FF17>die Mahnenden Schatten<hex:03>",0,2131,0
4607,"Zollamt",0,"",0,0,1,0,0,"<hex:020929E802FF0C>zum Zollamt<hex:FF0B>im Zollamt<hex:FF0C>das Zollamt<hex:03>",0,2132,0
4608,"Horizont von Ut'ohmu",0,"",0,0,1,0,0,"<hex:020950E802FF19>zum Horizont von Ut'ohmu<hex:FF18>im Horizont von Ut'ohmu<hex:FF19>der Horizont von Ut'ohmu<hex:03>",0,2200,0
4609,"Aschenfront von Xobr'it",0,"",0,0,1,0,0,"<hex:02095EE802FF1C>zur Aschenfront von Xobr'it<hex:FF20>auf der Aschenfront von Xobr'it<hex:FF1C>die Aschenfront von Xobr'it<hex:03>",0,2201,0
4610,"Herz von Ja Tiika",0,"",0,0,1,0,0,"<hex:02094BE802FF18>zum Herzen von Ja Tiika<hex:FF17>im Herzen von Ja Tiika<hex:FF16>das Herz von Ja Tiika<hex:03>",0,2202,0
4611,"Schwarzblauer Cexudross",0,"",0,0,1,0,0,"<hex:020958E802FF1C>zum Schwarzblauen Cexudross<hex:FF1B>im Schwarzblauen Cexudross<hex:FF1B>der Schwarzblaue Cexudross<hex:03>",0,2203,0
4612,"Ballonplatz",0,"",0,0,1,0,0,"<hex:020935E802FF10>zum Ballonplatz<hex:FF0F>am Ballonplatz<hex:FF10>der Ballonplatz<hex:03>",0,2204,0
4613,"Yak Awak Tsoly",0,"",0,0,1,0,0,"<hex:02093BE802FF14>nach Yak Awak Tsoly<hex:FF12>an Yak Awak Tsoly<hex:FF0F>Yak Awak Tsoly<hex:03>",0,2205,0
4614,"Iq Br'aax",0,"",0,0,1,0,0,"<hex:02092CE802FF0F>nach Iq Br'aax<hex:FF0D>in Iq Br'aax<hex:FF0A>Iq Br'aax<hex:03>",0,2206,0
4615,"Sternengarten",0,"",0,0,1,0,0,"<hex:02093BE802FF12>zum Sternengarten<hex:FF11>im Sternengarten<hex:FF12>der Sternengarten<hex:03>",0,2207,0
4616,"Loderfang",0,"",0,0,1,0,0,"<hex:02092FE802FF0E>zum Loderfang<hex:FF0D>im Loderfang<hex:FF0E>der Loderfang<hex:03>",0,2208,0
4617,"Xmun Hojaw",0,"",0,0,1,0,0,"<hex:02092FE802FF10>nach Xmun Hojaw<hex:FF0E>an Xmun Hojaw<hex:FF0B>Xmun Hojaw<hex:03>",0,2209,0
4618,"Nachtwacht",0,"",0,0,1,0,0,"<hex:020937E802FF0F>zur Nachtwacht<hex:FF13>auf der Nachtwacht<hex:FF0F>die Nachtwacht<hex:03>",0,2210,0
4619,"Xd'aa Talat Tsoly",0,"",0,0,1,0,0,"<hex:020944E802FF17>nach Xd'aa Talat Tsoly<hex:FF15>an Xd'aa Talat Tsoly<hex:FF12>Xd'aa Talat Tsoly<hex:03>",0,2211,0
4620,"Iq Rrax Tsoly",0,"",0,0,1,0,0,"<hex:020938E802FF13>nach Iq Rrax Tsoly<hex:FF11>an Iq Rrax Tsoly<hex:FF0E>Iq Rrax Tsoly<hex:03>",0,2212,0
4621,"Ilyon Asoh",0,"",0,0,1,0,0,"<hex:02092FE802FF10>nach Ilyon Asoh<hex:FF0E>in Ilyon Asoh<hex:FF0B>Ilyon Asoh<hex:03>",0,2213,0
4622,"Xobr'it Tsoly",0,"",0,0,1,0,0,"<hex:020938E802FF13>nach Xobr'it Tsoly<hex:FF11>an Xobr'it Tsoly<hex:FF0E>Xobr'it Tsoly<hex:03>",0,2214,0
4623,"Ty'iinbek-Tunnel",0,"",0,0,1,0,0,"<hex:020944E802FF15>zum Ty'iinbek-Tunnel<hex:FF14>im Ty'iinbek-Tunnel<hex:FF15>der Ty'iinbek-Tunnel<hex:03>",0,2215,0
4624,"Xty'iinbek Tsoly",0,"",0,0,1,0,0,"<hex:020941E802FF16>nach Xty'iinbek Tsoly<hex:FF14>an Xty'iinbek Tsoly<hex:FF11>Xty'iinbek Tsoly<hex:03>",0,2216,0
4625,"Mamook",0,"",0,0,1,0,0,"<hex:020923E802FF0C>nach Mamook<hex:FF0A>in Mamook<hex:FF07>Mamook<hex:03>",0,2217,0
4626,"Glorie von Moxuk Reloonuk",0,"",0,0,1,0,0,"<hex:020964E802FF1E>zur Glorie von Moxuk Reloonuk<hex:FF22>auf der Glorie von Moxuk Reloonuk<hex:FF1E>die Glorie von Moxuk Reloonuk<hex:03>",0,2218,0
4627,"Süßquell",0,"",0,0,1,0,0,"<hex:020932E802FF0F>zum Süßquell<hex:FF0E>am Süßquell<hex:FF0F>der Süßquell<hex:03>",0,2219,0
4628,"Haus des Blauauges",0,"",0,0,1,0,0,"<hex:02094AE802FF17>zum Haus des Blauauges<hex:FF16>im Haus des Blauauges<hex:FF17>das Haus des Blauauges<hex:03>",0,2220,0
4629,"Golmajiik-Hain",0,"",0,0,1,0,0,"<hex:02093EE802FF13>zum Golmajiik-Hain<hex:FF12>im Golmajiik-Hain<hex:FF13>der Golmajiik-Hain<hex:03>",0,2221,0
4630,"Baum des Lebenden Lichts",0,"",0,0,1,0,0,"<hex:02095CE802FF1D>zum Baum des Lebenden Lichts<hex:FF1C>am Baum des Lebenden Lichts<hex:FF1D>der Baum des Lebenden Lichts<hex:03>",0,2222,0
4631,"Choliselvaas",0,"",0,0,1,0,0,"<hex:020935E802FF12>nach Choliselvaas<hex:FF10>an Choliselvaas<hex:FF0D>Choliselvaas<hex:03>",0,2223,0
4632,"Cenote Neyozzote",0,"",0,0,1,0,0,"<hex:020944E802FF15>zum Cenote Neyozzote<hex:FF14>am Cenote Neyozzote<hex:FF15>der Cenote Neyozzote<hex:03>",0,2224,0
4633,"Moxutural Zooj",0,"",0,0,1,0,0,"<hex:02093BE802FF14>nach Moxutural Zooj<hex:FF12>in Moxutural Zooj<hex:FF0F>Moxutural Zooj<hex:03>",0,2225,0
4634,"Cenote Jayunja",0,"",0,0,1,0,0,"<hex:02093EE802FF13>zum Cenote Jayunja<hex:FF12>am Cenote Jayunja<hex:FF13>der Cenote Jayunja<hex:03>",0,2226,0
4635,"Schuppenschliff",0,"",0,0,1,0,0,"<hex:020941E802FF14>zum Schuppenschliff<hex:FF13>im Schuppenschliff<hex:FF14>der Schuppenschliff<hex:03>",0,2227,0
4636,"Kleiner Fersenbiss",0,"",0,0,1,0,0,"<hex:020949E802FF17>zum Kleinen Fersenbiss<hex:FF16>im Kleinen Fersenbiss<hex:FF16>der Kleine Fersenbiss<hex:03>",0,2228,0
4637,"Tiefen von Gok Draak",0,"",0,0,1,0,0,"<hex:020957E802FF1C>zu den Tiefen von Gok Draak<hex:FF1C>in den Tiefen von Gok Draak<hex:FF19>die Tiefen von Gok Draak<hex:03>",0,2229,0
4638,"Himmelstiefer Cenote",0,"",0,0,1,0,0,"<hex:02094FE802FF19>zum Himmelstiefen Cenote<hex:FF18>im Himmelstiefen Cenote<hex:FF18>der Himmelstiefe Cenote<hex:03>",0,2230,0
4639,"Scanpass Neun",0,"",0,0,1,0,0,"<hex:02093BE802FF12>zum Scanpass Neun<hex:FF11>im Scanpass Neun<hex:FF12>der Scanpass Neun<hex:03>",0,2300,0
4640,"Wohnsektor",0,"",0,0,1,0,0,"<hex:020932E802FF0F>zum Wohnsektor<hex:FF0E>im Wohnsektor<hex:FF0F>der Wohnsektor<hex:03>",0,2301,0
4641,"Handelssektor",0,"",0,0,1,0,0,"<hex:02093BE802FF12>zum Handelssektor<hex:FF11>im Handelssektor<hex:FF12>der Handelssektor<hex:03>",0,2302,0
4642,"Regierungssektor",0,"",0,0,1,0,0,"<hex:020944E802FF15>zum Regierungssektor<hex:FF14>im Regierungssektor<hex:FF15>der Regierungssektor<hex:03>",0,2303,0
4643,"Erholungszone",0,"",0,0,1,0,0,"<hex:02093FE802FF12>zur Erholungszone<hex:FF15>in der Erholungszone<hex:FF12>die Erholungszone<hex:03>",0,2304,0
4644,"Leyknoten Neun",0,"",0,0,1,0,0,"<hex:02093EE802FF13>zum Leyknoten Neun<hex:FF12>im Leyknoten Neun<hex:FF13>der Leyknoten Neun<hex:03>",0,2305,0
4645,"Auskunft",0,"",0,0,1,0,0,"<hex:020930E802FF0D>zur Auskunft<hex:FF10>in der Auskunft<hex:FF0D>die Auskunft<hex:03>",0,2306,0
4646,"Wohnradius 9-14",0,"",0,0,1,0,0,"<hex:020941E802FF14>zum Wohnradius 9-14<hex:FF13>im Wohnradius 9-14<hex:FF14>der Wohnradius 9-14<hex:03>",0,2307,0
4647,"Nexus-Arkaden",0,"",0,0,1,0,0,"<hex:020942E802FF15>zu den Nexus-Arkaden<hex:FF15>in den Nexus-Arkaden<hex:FF12>die Nexus-Arkaden<hex:03>",0,2308,0
4648,"Café Mosaik",0,"",0,0,1,0,0,"<hex:020938E802FF11>zum Café Mosaik<hex:FF10>im Café Mosaik<hex:FF11>das Café Mosaik<hex:03>",0,2309,0
4649,"Schlichtung",0,"",0,0,1,0,0,"<hex:020939E802FF10>zur Schlichtung<hex:FF13>in der Schlichtung<hex:FF10>die Schlichtung<hex:03>",0,2310,0
4650,"Gestaltungspark",0,"",0,0,1,0,0,"<hex:020941E802FF14>zum Gestaltungspark<hex:FF13>im Gestaltungspark<hex:FF14>der Gestaltungspark<hex:03>",0,2311,0
4651,"Wahrlee",0,"",0,0,1,0,0,"<hex:02092DE802FF0C>zur Wahrlee<hex:FF0F>in der Wahrlee<hex:FF0C>die Wahrlee<hex:03>",0,2312,0
4652,"Arkadion-Ge<hex:02160103>sell<hex:02160103>schaft",0,"",0,0,1,0,0,"<hex:02096FE802FF22>zur Arkadion-Ge<hex:02160103>sell<hex:02160103>schaft<hex:FF25>in der Arkadion-Ge<hex:02160103>sell<hex:02160103>schaft<hex:FF22>die Arkadion-Ge<hex:02160103>sell<hex:02160103>schaft<hex:03>",0,2313,0
4653,"Neonhumpen",0,"",0,0,1,0,0,"<hex:020932E802FF0F>zum Neonhumpen<hex:FF0E>im Neonhumpen<hex:FF0F>der Neonhumpen<hex:03>",0,2314,0
4654,"Hinterzimmer",0,"",0,0,1,0,0,"<hex:020938E802FF11>zum Hinterzimmer<hex:FF10>im Hinterzimmer<hex:FF11>das Hinterzimmer<hex:03>",0,2315,0
4655,"Tatzentrio-Training",0,"",0,0,1,0,0,"<hex:02094DE802FF18>zum Tatzentrio-Training<hex:FF17>im Tatzentrio-Training<hex:FF18>das Tatzentrio-Training<hex:03>",0,2316,0
4656,"Yawtanane-Grassteppe",0,"",0,0,1,0,0,"<hex:020954E802FF19>zur Yawtanane-Grassteppe<hex:FF1C>in der Yawtanane-Grassteppe<hex:FF19>die Yawtanane-Grassteppe<hex:03>",0,2317,0
4657,"Pyariyoanaan-Ebene",0,"",0,0,1,0,0,"<hex:02094FE802FF17>zur Pyariyoanaan-Ebene<hex:FF1B>auf der Pyariyoanaan-Ebene<hex:FF17>die Pyariyoanaan-Ebene<hex:03>",0,2318,0
4658,"Eshceyaani-Ödland",0,"",0,0,1,0,0,"<hex:02094AE802FF17>zum Eshceyaani-Ödland<hex:FF16>im Eshceyaani-Ödland<hex:FF17>das Eshceyaani-Ödland<hex:03>",0,2319,0
4659,"Hhusatahwi",0,"",0,0,1,0,0,"<hex:02092FE802FF10>nach Hhusatahwi<hex:FF0E>in Hhusatahwi<hex:FF0B>Hhusatahwi<hex:03>",0,2320,0
4660,"Luwateninyawawsa",0,"",0,0,1,0,0,"<hex:020941E802FF16>nach Luwateninyawawsa<hex:FF14>in Luwateninyawawsa<hex:FF11>Luwateninyawawsa<hex:03>",0,2321,0
4661,"Schlund von Sansheya",0,"",0,0,1,0,0,"<hex:020950E802FF19>zum Schlund von Sansheya<hex:FF18>am Schlund von Sansheya<hex:FF19>der Schlund von Sansheya<hex:03>",0,2322,0
4662,"Tor von Tuliyollal",0,"",0,0,1,0,0,"<hex:02094AE802FF17>zum Tor von Tuliyollal<hex:FF16>am Tor von Tuliyollal<hex:FF17>das Tor von Tuliyollal<hex:03>",0,2323,0
4663,"Toari-See",0,"",0,0,1,0,0,"<hex:02092FE802FF0E>zum Toari-See<hex:FF0D>am Toari-See<hex:FF0E>der Toari-See<hex:03>",0,2324,0
4664,"Mehwahhetsoan",0,"",0,0,1,0,0,"<hex:020938E802FF13>nach Mehwahhetsoan<hex:FF11>in Mehwahhetsoan<hex:FF0E>Mehwahhetsoan<hex:03>",0,2325,0
4665,"Zaine von Hwittayoanaan",0,"",0,0,1,0,0,"<hex:020962E802FF20>zu den Zainen von Hwittayoanaan<hex:FF20>in den Zainen von Hwittayoanaan<hex:FF1C>die Zaine von Hwittayoanaan<hex:03>",0,2326,0
4666,"Otsekarri-Ufer",0,"",0,0,1,0,0,"<hex:02093EE802FF13>zum Otsekarri-Ufer<hex:FF12>am Otsekarri-Ufer<hex:FF13>das Otsekarri-Ufer<hex:03>",0,2327,0
4667,"Sheshenewezi-Quellen",0,"",0,0,1,0,0,"<hex:020957E802FF1C>zu den Sheshenewezi-Quellen<hex:FF1C>an den Sheshenewezi-Quellen<hex:FF19>die Sheshenewezi-Quellen<hex:03>",0,2328,0
4668,"Bahnhof Shaaloani",0,"",0,0,1,0,0,"<hex:020947E802FF16>zum Bahnhof Shaaloani<hex:FF15>am Bahnhof Shaaloani<hex:FF16>der Bahnhof Shaaloani<hex:03>",0,2329,0
4669,"Tonatenyawi",0,"",0,0,1,0,0,"<hex:020932E802FF11>nach Tonatenyawi<hex:FF0F>in Tonatenyawi<hex:FF0C>Tonatenyawi<hex:03>",0,2330,0
4670,"Loazensasaya",0,"",0,0,1,0,0,"<hex:02093DE802FF11>zum Loazensasaya<hex:FF15>auf dem Loazensasaya<hex:FF11>der Loazensasaya<hex:03>",0,2331,0
4671,"Friedhof Yoweya-hwitto",0,"",0,0,1,0,0,"<hex:02095BE802FF1B>zum Friedhof Yoweya-hwitto<hex:FF1F>auf dem Friedhof Yoweya-hwitto<hex:FF1B>der Friedhof Yoweya-hwitto<hex:03>",0,2332,0
4672,"Yowekwa-Canyon",0,"",0,0,1,0,0,"<hex:02093EE802FF13>zum Yowekwa-Canyon<hex:FF12>im Yowekwa-Canyon<hex:FF13>der Yowekwa-Canyon<hex:03>",0,2333,0
4673,"Pyaayehe'pya",0,"",0,0,1,0,0,"<hex:02093DE802FF11>zum Pyaayehe'pya<hex:FF15>auf dem Pyaayehe'pya<hex:FF11>der Pyaayehe'pya<hex:03>",0,2334,0
4674,"Östliches Yyasulani",0,"",0,0,1,0,0,"<hex:02094FE802FF19>zum östlichen Yyasulani<hex:FF18>im östlichen Yyasulani<hex:FF18>das östliche Yyasulani<hex:03>",0,2400,0
4675,"Saum des Immerfrieds",0,"",0,0,1,0,0,"<hex:020950E802FF19>zum Saum des Immerfrieds<hex:FF18>am Saum des Immerfrieds<hex:FF19>der Saum des Immerfrieds<hex:03>",0,2401,0
4676,"Archa-Alexandria",0,"",0,0,1,0,0,"<hex:020941E802FF16>nach Archa-Alexandria<hex:FF14>in Archa-Alexandria<hex:FF11>Archa-Alexandria<hex:03>",0,2402,0
4677,"Außenposten",0,"",0,0,1,0,0,"<hex:020938E802FF11>zum Außenposten<hex:FF10>im Außenposten<hex:FF11>der Außenposten<hex:03>",0,2403,0
4678,"Bahnhof Yyasulani",0,"",0,0,1,0,0,"<hex:020947E802FF16>zum Bahnhof Yyasulani<hex:FF15>am Bahnhof Yyasulani<hex:FF16>der Bahnhof Yyasulani<hex:03>",0,2404,0
4679,"Tesh'pyani",0,"",0,0,1,0,0,"<hex:02092FE802FF10>nach Tesh'pyani<hex:FF0E>in Tesh'pyani<hex:FF0B>Tesh'pyani<hex:03>",0,2405,0
4680,"Donnersteppe",0,"",0,0,1,0,0,"<hex:02093CE802FF11>zur Donnersteppe<hex:FF14>in der Donnersteppe<hex:FF11>die Donnersteppe<hex:03>",0,2406,0
4681,"Blitznadeln",0,"",0,0,1,0,0,"<hex:02093CE802FF13>zu den Blitznadeln<hex:FF13>an den Blitznadeln<hex:FF10>die Blitznadeln<hex:03>",0,2407,0
4682,"Irdener Himmel",0,"",0,0,1,0,0,"<hex:02093DE802FF13>zum Irdenen Himmel<hex:FF12>im Irdenen Himmel<hex:FF12>der Irdene Himmel<hex:03>",0,2408,0
4683,"Leitladung",0,"",0,0,1,0,0,"<hex:020936E802FF0F>zur Leitladung<hex:FF12>an der Leitladung<hex:FF0F>die Leitladung<hex:03>",0,2409,0
4684,"Immerfried",0,"",0,0,1,0,0,"<hex:020932E802FF0F>zum Immerfried<hex:FF0E>im Immerfried<hex:FF0F>der Immerfried<hex:03>",0,2410,0
4685,"Außenbezirke",0,"",0,0,1,0,0,"<hex:020944E802FF16>zu den Außenbezirken<hex:FF16>an den Außenbezirken<hex:FF12>die Außenbezirke<hex:03>",0,2411,0
4686,"Yyupyes Lichthof",0,"",0,0,1,0,0,"<hex:020941E802FF16>nach Yyupyes Lichthof<hex:FF14>in Yyupyes Lichthof<hex:FF11>Yyupyes Lichthof<hex:03>",0,2412,0
4687,"Unterströme",0,"",0,0,1,0,0,"<hex:020941E802FF15>zu den Unterströmen<hex:FF15>an den Unterströmen<hex:FF11>die Unterströme<hex:03>",0,2413,0
4688,"●命名なし",0,"",0,0,1,0,0,"",0,2414,0
4689,"Erloschene Wärme",0,"",0,0,1,0,0,"<hex:02094DE802FF17>zur Erloschenen Wärme<hex:FF1A>in der Erloschenen Wärme<hex:FF16>die Erloschene Wärme<hex:03>",0,2415,0
4690,"Übungsspitze",0,"",0,0,1,0,0,"<hex:020940E802FF12>zur Übungsspitze<hex:FF16>auf der Übungsspitze<hex:FF12>die Übungsspitze<hex:03>",0,2416,0
4691,"Knisterklamm",0,"",0,0,1,0,0,"<hex:02093CE802FF11>zur Knisterklamm<hex:FF14>in der Knisterklamm<hex:FF11>die Knisterklamm<hex:03>",0,2417,0
4692,"Ertrunkener Horizont",0,"",0,0,1,0,0,"<hex:020950E802FF19>zum Ertrunkenen Horizont<hex:FF18>am Ertrunkenen Horizont<hex:FF19>der Ertrunkener Horizont<hex:03>",0,2418,0
4693,"Namensacker",0,"",0,0,1,0,0,"<hex:02093AE802FF10>zum Namensacker<hex:FF14>auf dem Namensacker<hex:FF10>der Namensacker<hex:03>",0,2419,0
4694,"Elektrob-Bruch",0,"",0,0,1,0,0,"<hex:02093EE802FF13>zum Elektrob-Bruch<hex:FF12>im Elektrob-Bruch<hex:FF13>der Elektrob-Bruch<hex:03>",0,2420,0
4695,"Tor des Gedenkens",0,"",0,0,1,0,0,"<hex:020947E802FF16>zum Tor des Gedenkens<hex:FF15>am Tor des Gedenkens<hex:FF16>das Tor des Gedenkens<hex:03>",0,2500,0
4696,"Kanalstadt",0,"",0,0,1,0,0,"<hex:02092FE802FF10>nach Kanalstadt<hex:FF0E>in Kanalstadt<hex:FF0B>Kanalstadt<hex:03>",0,2501,0
4697,"Gesterland",0,"",0,0,1,0,0,"<hex:02092FE802FF10>nach Gesterland<hex:FF0E>in Gesterland<hex:FF0B>Gesterland<hex:03>",0,2502,0
4698,"Windpfadgärten",0,"",0,0,1,0,0,"<hex:020948E802FF17>zu den Windpfadgärten<hex:FF17>an den Windpfadgärten<hex:FF14>die Windpfadgärten<hex:03>",0,2503,0
4699,"Asylkan",0,"",0,0,1,0,0,"<hex:020929E802FF0C>zum Asylkan<hex:FF0B>im Asylkan<hex:FF0C>der Asylkan<hex:03>",0,2504,0
4700,"Leyknoten Mnemo",0,"",0,0,1,0,0,"<hex:020941E802FF14>zum Leyknoten Mnemo<hex:FF13>im Leyknoten Mnemo<hex:FF14>der Leyknoten Mnemo<hex:03>",0,2505,0
4701,"Meso-System",0,"",0,0,1,0,0,"<hex:020935E802FF10>zum Meso-System<hex:FF0F>am Meso-System<hex:FF10>das Meso-System<hex:03>",0,2506,0
4702,"Hydro-System",0,"",0,0,1,0,0,"<hex:020938E802FF11>zum Hydro-System<hex:FF10>am Hydro-System<hex:FF11>das Hydro-System<hex:03>",0,2507,0
4703,"Promenade",0,"",0,0,1,0,0,"<hex:020934E802FF0E>zur Promenade<hex:FF12>auf der Promenade<hex:FF0E>die Promenade<hex:03>",0,2508,0
4704,"Tränen der Andacht",0,"",0,0,1,0,0,"<hex:020954E802FF1B>zu den Tränen der Andacht<hex:FF1B>an den Tränen der Andacht<hex:FF18>die Tränen der Andacht<hex:03>",0,2509,0
4705,"Daguerreo-Museum für Medizinische Geschichte",0,"",0,0,1,0,0,"<hex:02099BE802FF32>zum Daguerreo-Museum für Medizinische Geschichte<hex:FF31>im Daguerreo-Museum für Medizinische Geschichte<hex:FF32>das Daguerreo-Museum für Medizinische Geschichte<hex:03>",0,2510,0
4706,"Der Unverstrichene",0,"",0,0,1,0,0,"<hex:020940E802FF14>zum Unverstrichenen<hex:FF13>am Unverstrichenen<hex:FF13>der Unverstrichene<hex:03>",0,2511,0
4707,"Sternenglas",0,"",0,0,1,0,0,"<hex:020935E802FF10>zum Sternenglas<hex:FF0F>am Sternenglas<hex:FF10>das Sternenglas<hex:03>",0,2512,0
4708,"Bergmähr-Ring",0,"",0,0,1,0,0,"<hex:02093EE802FF13>zum Bergmähr-Ring<hex:FF12>am Bergmähr-Ring<hex:FF13>der Bergmähr-Ring<hex:03>",0,2513,0
4709,"Rad der Hoffnung",0,"",0,0,1,0,0,"<hex:020944E802FF15>zum Rad der Hoffnung<hex:FF14>am Rad der Hoffnung<hex:FF15>das Rad der Hoffnung<hex:03>",0,2514,0
4710,"Lufttaxistand",0,"",0,0,1,0,0,"<hex:02093BE802FF12>zum Lufttaxistand<hex:FF11>am Lufttaxistand<hex:FF12>der Lufttaxistand<hex:03>",0,2515,0
4711,"Proto-Alexandria",0,"",0,0,1,0,0,"<hex:020941E802FF16>nach Proto-Alexandria<hex:FF14>in Proto-Alexandria<hex:FF11>Proto-Alexandria<hex:03>",0,2516,0
4712,"Geo-System",0,"",0,0,1,0,0,"<hex:020932E802FF0F>zum Geo-System<hex:FF0E>am Geo-System<hex:FF0F>das Geo-System<hex:03>",0,2517,0
4713,"Leyknoten Aero",0,"",0,0,1,0,0,"<hex:02093EE802FF13>zum Leyknoten Aero<hex:FF12>am Leyknoten Aero<hex:FF13>der Leyknoten Aero<hex:03>",0,2518,0
4714,"Blüten der Entdeckung",0,"",0,0,1,0,0,"<hex:02095EE802FF1E>zu den Blüten der Entdeckung<hex:FF1E>an den Blüten der Entdeckung<hex:FF1C>die Blüten der Entdeckungn<hex:03>",0,2519,0
4715,"Freude der Mu",0,"",0,0,1,0,0,"<hex:020940E802FF12>zur Freude der Mu<hex:FF16>auf der Freude der Mu<hex:FF12>die Freude der Mu<hex:03>",0,2520,0
4716,"Cleyra-Naturkundemuseum",0,"",0,0,1,0,0,"<hex:020959E802FF1C>zum Cleyra-Naturkundemuseum<hex:FF1B>im Cleyra-Naturkundemuseum<hex:FF1C>das Cleyra-Naturkundemuseum<hex:03>",0,2521,0
4717,"Das Ergründliche",0,"",0,0,1,0,0,"<hex:02093DE802FF13>zum Ergründlichen<hex:FF12>am Ergründlichen<hex:FF12>das Ergründliche<hex:03>",0,2522,0
4718,"Aero-System",0,"",0,0,1,0,0,"<hex:020935E802FF10>zum Aero-System<hex:FF0F>am Aero-System<hex:FF10>das Aero-System<hex:03>",0,2523,0
4719,"Glühquellen",0,"",0,0,1,0,0,"<hex:02093FE802FF14>zu den Glühquellen<hex:FF14>an den Glühquellen<hex:FF11>die Glühquellen<hex:03>",0,2524,0
4720,"Opalborn",0,"",0,0,1,0,0,"<hex:02092CE802FF0D>zum Opalborn<hex:FF0C>am Opalborn<hex:FF0D>der Opalborn<hex:03>",0,2525,0
4721,"Leyknoten Pyro",0,"",0,0,1,0,0,"<hex:02093EE802FF13>zum Leyknoten Pyro<hex:FF12>am Leyknoten Pyro<hex:FF13>der Leyknoten Pyro<hex:03>",0,2526,0
4722,"Manege der Tapferkeit",0,"",0,0,1,0,0,"<hex:020957E802FF1A>zur Manege der Tapferkeit<hex:FF1D>in der Manege der Tapferkeit<hex:FF1A>die Manege der Tapferkeit<hex:03>",0,2527,0
4723,"Stufen der Sprecherin",0,"",0,0,1,0,0,"<hex:02095BE802FF1D>zu den Stufen der Sprecherin<hex:FF1E>auf den Stufen der Sprecherin<hex:FF1A>die Stufen der Sprecherin<hex:03>",0,2528,0
4724,"Wildgehege „Feuer & Flamme“",0,"",0,0,1,0,0,"<hex:020971E802FF24>zum Wildgehege „Feuer & Flamme“<hex:FF23>am Wildgehege „Feuer & Flamme“<hex:FF24>das Wildgehege „Feuer & Flamme“<hex:03>",0,2529,0
4725,"Pyro-System",0,"",0,0,1,0,0,"<hex:020935E802FF10>zum Pyro-System<hex:FF0F>am Pyro-System<hex:FF10>das Pyro-System<hex:03>",0,2530,0
4726,"Ballonplatz",0,"",0,0,1,0,0,"",0,0,0
4727,"Glanzfeder-Viertel",0,"",0,0,1,0,0,"",0,0,0
4728,"Kielkajüten",0,"",0,0,1,0,0,"",0,0,0
4729,"Küstenkolonie (Markt)",0,"",0,0,1,0,0,"",0,0,0
4730,"Vollok Shoonsa",0,"",0,0,1,0,0,"",0,0,0
4731,"Markt von Wachumeqimeqi",0,"",0,0,1,0,0,"",0,0,0
4732,"Grellfeder-Posten",0,"",0,0,1,0,0,"",0,0,0
4733,"Auskunft",0,"",0,0,1,0,0,"",0,0,0
4734,"Wahrlee",0,"",0,0,1,0,0,"",0,0,0
4735,"Neonhumpen",0,"",0,0,1,0,0,"",0,0,0
4736,"Arkadion-Ge<hex:02160103>sell<hex:02160103>schaft",0,"",0,0,1,0,0,"",0,0,0
4737,"Schlichtung",0,"",0,0,1,0,0,"",0,0,0
4738,"Nexus-Arkaden",0,"",0,0,1,0,0,"",0,0,0
4739,"Wohnsektor",0,"",0,0,1,0,0,"",0,0,0
4740,"Scanpass Neun (zum Ewigen Erbe)",0,"",0,0,1,0,0,"",0,0,0
4741,"Tor der Morgensonne (nach Urqopacha)",0,"",0,0,1,0,0,"",0,0,0
4742,"Tor der Morgensonne (ins untere Kozama'uka)",0,"",0,0,1,0,0,"",0,0,0
4743,"Ihuykatumu (ins obere Kozama'uka)",0,"",0,0,1,0,0,"",0,0,0
4744,"Ballonplatz (nach Yak T'el)",0,"",0,0,1,0,0,"",0,0,0
4745,"Himmelstor von Xak Tural (nach Shaaloani)",0,"",0,0,1,0,0,"",0,0,0
4746,"Ätherytenplatz",0,"",0,0,1,0,0,"<hex:020941E802FF14>zum Ätherytenplatz<hex:FF13>am Ätherytenplatz<hex:FF14>der Ätherytenplatz<hex:03>",0,0,0
4747,"Wohnradius 9-11",0,"",0,0,1,0,0,"<hex:020941E802FF14>zum Wohnradius 9-11<hex:FF13>im Wohnradius 9-11<hex:FF14>der Wohnradius 9-11<hex:03>",0,0,0
4748,"Unterschlupf im Irdenen Himmel",0,"",0,0,1,0,0,"<hex:02096EE802FF23>zum Unterschlupf im Irdenen Himmel<hex:FF22>im Unterschlupf im Irdenen Himmel<hex:FF23>der Unterschlupf im Irdenen Himmel<hex:03>",0,0,0
4749,"Warteraum",0,"",0,0,1,0,0,"<hex:02092FE802FF0E>zum Warteraum<hex:FF0D>im Warteraum<hex:FF0E>der Warteraum<hex:03>",0,0,0
4750,"Auf hoher See",0,"",0,0,1,0,0,"<hex:02092FE802FF0E>zur hohen See<hex:FF0E>auf hoher See<hex:FF0D>die hohe See<hex:03>",0,0,0
4751,"Tiefste Tiefen des Himmelstiefen Cenote",0,"",0,0,1,0,0,"<hex:020993E802FF30>zu den tiefsten Tiefen des Himmelstiefen Cenote<hex:FF30>in den tiefsten Tiefen des Himmelstiefen Cenote<hex:FF2D>die tiefsten Tiefen des Himmelstiefen Cenote<hex:03>",0,0,0
4752,"Nest der Sandsäufer",0,"",0,0,1,0,0,"<hex:020950E802FF19>zum Nest der Sandsäufer<hex:FF18>im Nest der Sandsäufer<hex:FF19>das Nest der Sandsäufer<hex:03>",0,0,0
4753,"Spitze der Mu",0,"",0,0,1,0,0,"<hex:020940E802FF12>zur Spitze der Mu<hex:FF16>auf der Spitze der Mu<hex:FF12>die Spitze der Mu<hex:03>",0,0,0
4754,"Sternenlicht-Stände",0,"",0,0,1,0,0,"",0,0,0
4755,"Audienzsaal",0,"",0,0,1,0,0,"<hex:020935E802FF10>zum Audienzsaal<hex:FF0F>im Audienzsaal<hex:FF10>der Audienzsaal<hex:03>",0,0,0
4756,"Gok Golma",0,"",0,0,1,0,0,"<hex:02092CE802FF0F>nach Gok Golma<hex:FF0D>in Gok Golma<hex:FF0A>Gok Golma<hex:03>",0,0,0
4757,"Trugstadt",0,"",0,0,1,0,0,"<hex:020933E802FF0E>zur Trugstadt<hex:FF11>in der Trugstadt<hex:FF0E>die Trugstadt<hex:03>",0,0,0
4758,"Auf hoher See",0,"",0,0,1,0,0,"<hex:02092FE802FF0E>zur Hohen See<hex:FF0E>auf Hoher See<hex:FF0D>die Hohe See<hex:03>",0,0,0
4759,"Ruheraum",0,"",0,0,1,0,0,"<hex:02092CE802FF0D>zum Ruheraum<hex:FF0C>im Ruheraum<hex:FF0D>der Ruheraum<hex:03>",0,0,0
4760,"Audienzhalle",0,"",0,0,1,0,0,"<hex:02093CE802FF11>zur Audienzhalle<hex:FF14>in der Audienzhalle<hex:FF11>die Audienzhalle<hex:03>",0,0,0
4761,"<hex:021A020203>FF Lhaminn<hex:021A020103>",0,"",0,0,1,0,0,"<hex:020954E802FF19>zur <hex:021A020203>FF Lhaminn<hex:021A020103><hex:FF1C>in der <hex:021A020203>FF Lhaminn<hex:021A020103><hex:FF19>die <hex:021A020203>FF Lhaminn<hex:021A020103><hex:03>",0,0,0
4762,"Alexandrias Ruinenring",0,"",0,0,1,0,0,"<hex:020953E802FF1C>nach Alexandrias Ruinenring<hex:FF1A>in Alexandrias Ruinenring<hex:FF17>Alexandrias Ruinenring<hex:03>",0,0,0
4763,"Bahnhof Bentini",0,"",0,0,1,0,0,"<hex:020941E802FF14>zum Bahnhof Bentini<hex:FF13>am Bahnhof Bentini<hex:FF14>der Bahnhof Bentini<hex:03>",0,0,0
4764,"",0,"",0,0,0,0,0,"",0,0,0
4765,"Treno",0,"",0,0,1,0,0,"<hex:020920E802FF0B>nach Treno<hex:FF09>in Treno<hex:FF06>Treno<hex:03>",0,0,0
4766,"",0,"",0,0,1,0,0,"",0,0,0
4767,"",0,"",0,0,1,0,0,"",0,0,0
4768,"",0,"",0,0,1,0,0,"",0,0,0
4769,"",0,"",0,0,1,0,0,"",0,0,0
4770,"",0,"",0,0,1,0,0,"",0,0,0
4771,"",0,"",0,0,1,0,0,"",0,0,0
4772,"",0,"",0,0,1,0,0,"",0,0,0
4773,"",0,"",0,0,1,0,0,"",0,0,0
4774,"",0,"",0,0,1,0,0,"",0,0,0
4775,"",0,"",0,0,1,0,0,"",0,0,0
4776,"",0,"",0,0,1,0,0,"",0,0,0
4777,"",0,"",0,0,1,0,0,"",0,0,0
4778,"",0,"",0,0,1,0,0,"",0,0,0
4779,"",0,"",0,0,1,0,0,"",0,0,0
4780,"",0,"",0,0,1,0,0,"",0,0,0
4781,"",0,"",0,0,1,0,0,"",0,0,0
4782,"",0,"",0,0,1,0,0,"",0,0,0
4783,"",0,"",0,0,1,0,0,"",0,0,0
4784,"",0,"",0,0,1,0,0,"",0,0,0
4785,"",0,"",0,0,1,0,0,"",0,0,0
4786,"",0,"",0,0,1,0,0,"",0,0,0
4787,"",0,"",0,0,1,0,0,"",0,0,0
4788,"",0,"",0,0,1,0,0,"",0,0,0
4789,"",0,"",0,0,1,0,0,"",0,0,0
4790,"",0,"",0,0,1,0,0,"",0,0,0
4791,"",0,"",0,0,1,0,0,"",0,0,0
4792,"",0,"",0,0,1,0,0,"",0,0,0
4793,"",0,"",0,0,1,0,0,"",0,0,0
4794,"",0,"",0,0,1,0,0,"",0,0,0
4795,"",0,"",0,0,1,0,0,"",0,0,0
4796,"",0,"",0,0,1,0,0,"",0,0,0
4797,"",0,"",0,0,1,0,0,"",0,0,0
4798,"",0,"",0,0,1,0,0,"",0,0,0
4799,"",0,"",0,0,1,0,0,"",0,0,0
4800,"",0,"",0,0,1,0,0,"",0,0,0
4801,"",0,"",0,0,1,0,0,"",0,0,0
4802,"",0,"",0,0,1,0,0,"",0,0,0
4803,"",0,"",0,0,1,0,0,"",0,0,0
4804,"",0,"",0,0,1,0,0,"",0,0,0
4805,"",0,"",0,0,1,0,0,"",0,0,0
4806,"",0,"",0,0,1,0,0,"",0,0,0
4807,"",0,"",0,0,1,0,0,"",0,0,0
4808,"",0,"",0,0,1,0,0,"",0,0,0
4809,"",0,"",0,0,1,0,0,"",0,0,0
4810,"",0,"",0,0,1,0,0,"",0,0,0
4811,"",0,"",0,0,1,0,0,"",0,0,0
4812,"",0,"",0,0,1,0,0,"",0,0,0
4813,"",0,"",0,0,1,0,0,"",0,0,0
4814,"",0,"",0,0,1,0,0,"",0,0,0
4815,"",0,"",0,0,1,0,0,"",0,0,0
4816,"",0,"",0,0,1,0,0,"",0,0,0
4817,"",0,"",0,0,1,0,0,"",0,0,0
4818,"",0,"",0,0,1,0,0,"",0,0,0
4819,"",0,"",0,0,1,0,0,"",0,0,0
4820,"",0,"",0,0,1,0,0,"",0,0,0
4821,"",0,"",0,0,1,0,0,"",0,0,0
4822,"",0,"",0,0,1,0,0,"",0,0,0
4823,"",0,"",0,0,1,0,0,"",0,0,0
4824,"",0,"",0,0,1,0,0,"",0,0,0
4825,"",0,"",0,0,1,0,0,"",0,0,0
4826,"",0,"",0,0,1,0,0,"",0,0,0
4827,"",0,"",0,0,1,0,0,"",0,0,0
4828,"",0,"",0,0,1,0,0,"",0,0,0
4829,"",0,"",0,0,1,0,0,"",0,0,0
4830,"",0,"",0,0,1,0,0,"",0,0,0
4831,"",0,"",0,0,1,0,0,"",0,0,0
4832,"",0,"",0,0,1,0,0,"",0,0,0
4833,"",0,"",0,0,1,0,0,"",0,0,0
4834,"",0,"",0,0,1,0,0,"",0,0,0
4835,"",0,"",0,0,1,0,0,"",0,0,0
4836,"",0,"",0,0,1,0,0,"",0,0,0
4837,"",0,"",0,0,1,0,0,"",0,0,0
4838,"",0,"",0,0,1,0,0,"",0,0,0
4839,"",0,"",0,0,1,0,0,"",0,0,0
4840,"",0,"",0,0,1,0,0,"",0,0,0
4841,"",0,"",0,0,1,0,0,"",0,0,0
4842,"",0,"",0,0,1,0,0,"",0,0,0
4843,"",0,"",0,0,1,0,0,"",0,0,0
4844,"",0,"",0,0,1,0,0,"",0,0,0
4845,"",0,"",0,0,1,0,0,"",0,0,0
4846,"",0,"",0,0,1,0,0,"",0,0,0
4847,"",0,"",0,0,1,0,0,"",0,0,0
4848,"",0,"",0,0,1,0,0,"",0,0,0
4849,"",0,"",0,0,1,0,0,"",0,0,0
4850,"",0,"",0,0,1,0,0,"",0,0,0
4851,"",0,"",0,0,1,0,0,"",0,0,0
4852,"",0,"",0,0,1,0,0,"",0,0,0
4853,"",0,"",0,0,1,0,0,"",0,0,0
4854,"",0,"",0,0,1,0,0,"",0,0,0
4855,"",0,"",0,0,1,0,0,"",0,0,0
4856,"",0,"",0,0,1,0,0,"",0,0,0
4857,"",0,"",0,0,1,0,0,"",0,0,0
4858,"",0,"",0,0,1,0,0,"",0,0,0
4859,"",0,"",0,0,1,0,0,"",0,0,0
4860,"",0,"",0,0,1,0,0,"",0,0,0
4861,"",0,"",0,0,1,0,0,"",0,0,0
4862,"",0,"",0,0,1,0,0,"",0,0,0
4863,"",0,"",0,0,1,0,0,"",0,0,0
4864,"",0,"",0,0,1,0,0,"",0,0,0
4865,"",0,"",0,0,1,0,0,"",0,0,0
4866,"",0,"",0,0,1,0,0,"",0,0,0
4867,"",0,"",0,0,1,0,0,"",0,0,0
4868,"",0,"",0,0,1,0,0,"",0,0,0
4869,"",0,"",0,0,1,0,0,"",0,0,0
4870,"",0,"",0,0,1,0,0,"",0,0,0
4871,"",0,"",0,0,1,0,0,"",0,0,0
4872,"",0,"",0,0,1,0,0,"",0,0,0
4873,"",0,"",0,0,1,0,0,"",0,0,0
4874,"",0,"",0,0,1,0,0,"",0,0,0
4875,"",0,"",0,0,1,0,0,"",0,0,0
4876,"",0,"",0,0,1,0,0,"",0,0,0
4877,"",0,"",0,0,1,0,0,"",0,0,0
4878,"",0,"",0,0,1,0,0,"",0,0,0
4879,"",0,"",0,0,1,0,0,"",0,0,0
4880,"",0,"",0,0,1,0,0,"",0,0,0
4881,"",0,"",0,0,1,0,0,"",0,0,0
4882,"",0,"",0,0,1,0,0,"",0,0,0
4883,"",0,"",0,0,1,0,0,"",0,0,0
4884,"",0,"",0,0,1,0,0,"",0,0,0
4885,"",0,"",0,0,1,0,0,"",0,0,0
4886,"",0,"",0,0,1,0,0,"",0,0,0
4887,"",0,"",0,0,1,0,0,"",0,0,0
4888,"",0,"",0,0,1,0,0,"",0,0,0
4889,"",0,"",0,0,1,0,0,"",0,0,0
4890,"",0,"",0,0,1,0,0,"",0,0,0
4891,"",0,"",0,0,1,0,0,"",0,0,0
4892,"",0,"",0,0,1,0,0,"",0,0,0
4893,"",0,"",0,0,1,0,0,"",0,0,0
4894,"",0,"",0,0,1,0,0,"",0,0,0
4895,"",0,"",0,0,1,0,0,"",0,0,0
4896,"",0,"",0,0,1,0,0,"",0,0,0
4897,"",0,"",0,0,1,0,0,"",0,0,0
4898,"",0,"",0,0,1,0,0,"",0,0,0
4899,"",0,"",0,0,1,0,0,"",0,0,0
4900,"Unterlauf des Ihuykatumu",0,"",0,0,1,0,0,"<hex:02095CE802FF1D>zum Unterlauf des Ihuykatumu<hex:FF1C>am Unterlauf des Ihuykatumu<hex:FF1D>der Unterlauf des Ihuykatumu<hex:03>",0,0,0
4901,"Mittellauf des Ihuykatumu",0,"",0,0,1,0,0,"<hex:02095FE802FF1E>zum Mittellauf des Ihuykatumu<hex:FF1D>am Mittellauf des Ihuykatumu<hex:FF1E>der Mittellauf des Ihuykatumu<hex:03>",0,0,0
4902,"Boot der Prinzessin",0,"",0,0,1,0,0,"<hex:020952E802FF18>zum Boot der Prinzessin<hex:FF1C>auf dem Boot der Prinzessin<hex:FF18>das Boot der Prinzessin<hex:03>",0,0,0
4903,"Koza'uyuy",0,"",0,0,1,0,0,"<hex:02092CE802FF0F>nach Koza'uyuy<hex:FF0D>in Koza'uyuy<hex:FF0A>Koza'uyuy<hex:03>",0,0,0
4904,"Gelbblatt-Grotte",0,"",0,0,1,0,0,"<hex:020948E802FF15>zur Gelbblatt-Grotte<hex:FF18>in der Gelbblatt-Grotte<hex:FF15>die Gelbblatt-Grotte<hex:03>",0,0,0
4905,"Kozaligaka",0,"",0,0,1,0,0,"<hex:02092FE802FF10>nach Kozaligaka<hex:FF0E>in Kozaligaka<hex:FF0B>Kozaligaka<hex:03>",0,0,0
4906,"Punutiy-Revier",0,"",0,0,1,0,0,"<hex:02093EE802FF13>zum Punutiy-Revier<hex:FF12>im Punutiy-Revier<hex:FF13>das Punutiy-Revier<hex:03>",0,0,0
4907,"Schläfrichs Bau",0,"",0,0,1,0,0,"<hex:02093FE802FF14>zu Schläfrichs Bau<hex:FF14>in Schläfrichs Bau<hex:FF11>Schläfrichs Bau<hex:03>",0,0,0
4908,"Lungenlichtung",0,"",0,0,1,0,0,"<hex:020942E802FF13>zur Lungenlichtung<hex:FF16>in der Lungenlichtung<hex:FF13>die Lungenlichtung<hex:03>",0,0,0
4909,"Außenposten",0,"",0,0,1,0,0,"<hex:020938E802FF11>zum Außenposten<hex:FF10>im Außenposten<hex:FF11>der Außenposten<hex:03>",0,0,0
4910,"Umrand",0,"",0,0,1,0,0,"<hex:020926E802FF0B>zum Umrand<hex:FF0A>im Umrand<hex:FF0B>der Umrand<hex:03>",0,0,0
4911,"Innerer Verteidigungsring",0,"",0,0,1,0,0,"<hex:02095EE802FF1E>zum Inneren Verteidigungsring<hex:FF1D>im Inneren Verteidigungsring<hex:FF1D>der Innere Verteidigungsring<hex:03>",0,0,0
4912,"Hangar",0,"",0,0,1,0,0,"<hex:020926E802FF0B>zum Hangar<hex:FF0A>im Hangar<hex:FF0B>der Hangar<hex:03>",0,0,0
4913,"Verbindungsbrücke",0,"",0,0,1,0,0,"<hex:02094FE802FF17>zur Verbindungsbrücke<hex:FF1B>auf der Verbindungsbrücke<hex:FF17>die Verbindungsbrücke<hex:03>",0,0,0
4914,"Zentralsektor",0,"",0,0,1,0,0,"<hex:02093BE802FF12>zum Zentralsektor<hex:FF11>im Zentralsektor<hex:FF12>der Zentralsektor<hex:03>",0,0,0
4915,"Großhangar",0,"",0,0,1,0,0,"<hex:020935E802FF10>zum Großhangar<hex:FF0F>im Großhangar<hex:FF10>der Großhangar<hex:03>",0,0,0
4916,"Sicherheitskontrollzentrale",0,"",0,0,1,0,0,"<hex:020969E802FF20>zur Sicherheitskontrollzentrale<hex:FF23>in der Sicherheitskontrollzentrale<hex:FF20>die Sicherheitskontrollzentrale<hex:03>",0,0,0
4917,"Kommandozentrale",0,"",0,0,1,0,0,"<hex:020948E802FF15>zur Kommandozentrale<hex:FF18>in der Kommandozentrale<hex:FF15>die Kommandozentrale<hex:03>",0,0,0
4918,"Kaktorsenke",0,"",0,0,1,0,0,"<hex:020939E802FF10>zur Kaktorsenke<hex:FF13>in der Kaktorsenke<hex:FF10>die Kaktorsenke<hex:03>",0,0,0
4919,"Bleiche Spur",0,"",0,0,1,0,0,"<hex:02093FE802FF12>zur Bleichen Spur<hex:FF16>auf der Bleichen Spur<hex:FF11>die Bleiche Spur<hex:03>",0,0,0
4920,"Tal des Königlichen Kaktors",0,"",0,0,1,0,0,"<hex:020968E802FF21>zum Tal des Königlichen Kaktors<hex:FF20>im Tal des Königlichen Kaktors<hex:FF21>das Tal des Königlichen Kaktors<hex:03>",0,0,0
4921,"Zarjor-Kanal",0,"",0,0,1,0,0,"<hex:020938E802FF11>zum Zarjor-Kanal<hex:FF10>im Zarjor-Kanal<hex:FF11>der Zarjor-Kanal<hex:03>",0,0,0
4922,"Alte Ankunft",0,"",0,0,1,0,0,"<hex:02093FE802FF12>zur Alten Ankunft<hex:FF16>auf der Alten Ankunft<hex:FF11>die Alte Ankunft<hex:03>",0,0,0
4923,"Nadelblüte",0,"",0,0,1,0,0,"<hex:020939E802FF10>zur Nadelblüte<hex:FF13>an der Nadelblüte<hex:FF10>die Nadelblüte<hex:03>",0,0,0
4924,"Sagenhafter Speicher",0,"",0,0,1,0,0,"<hex:02094FE802FF19>zum Sagenhaften Speicher<hex:FF18>am Sagenhafter Speicher<hex:FF18>der Sagenhafte Speicher<hex:03>",0,0,0
4925,"Altar der Schlängelnden Urne",0,"",0,0,1,0,0,"<hex:02096BE802FF22>zum Altar der Schlängelnden Urne<hex:FF21>am Altar der Schlängelnden Urne<hex:FF22>der Altar der Schlängelnden Urne<hex:03>",0,0,0
4926,"Kaktorsenke",0,"",0,0,1,0,0,"<hex:020939E802FF10>zur Kaktorsenke<hex:FF13>in der Kaktorsenke<hex:FF10>die Kaktorsenke<hex:03>",0,0,0
4927,"Basislager der Expedition",0,"",0,0,1,0,0,"<hex:02095FE802FF1E>zum Basislager der Expedition<hex:FF1D>im Basislager der Expedition<hex:FF1E>das Basislager der Expedition<hex:03>",0,0,0
4928,"Zuflucht des Wanderers",0,"",0,0,1,0,0,"<hex:02095AE802FF1B>zur Zuflucht des Wanderers<hex:FF1E>in der Zuflucht des Wanderers<hex:FF1B>die Zuflucht des Wanderers<hex:03>",0,0,0
4929,"Kristallgrotte",0,"",0,0,1,0,0,"<hex:020942E802FF13>zur Kristallgrotte<hex:FF16>in der Kristallgrotte<hex:FF13>die Kristallgrotte<hex:03>",0,0,0
4930,"Holderwuchs",0,"",0,0,1,0,0,"<hex:020935E802FF10>zum Holderwuchs<hex:FF0F>am Holderwuchs<hex:FF10>der Holderwuchs<hex:03>",0,0,0
4931,"Kreszentia",0,"",0,0,1,0,0,"<hex:020930E802FF10>nach Kreszentia<hex:FF0F>auf Kreszentia<hex:FF0B>Kreszentia<hex:03>",0,0,0
4932,"Südliches Kreszentia",0,"",0,0,1,0,0,"<hex:020952E802FF1A>zum südlichen Kreszentia<hex:FF19>im südlichen Kreszentia<hex:FF19>das südliche Kreszentia<hex:03>",0,0,39
4933,"Turm des Blutes",0,"",0,0,1,0,0,"<hex:020941E802FF14>zum Turm des Blutes<hex:FF13>im Turm des Blutes<hex:FF14>der Turm des Blutes<hex:03>",0,0,0
4934,"Südheide",0,"",0,0,1,0,0,"<hex:020934E802FF0E>zur Südheide<hex:FF12>auf der Südheide<hex:FF0E>die Südheide<hex:03>",0,0,0
4935,"Trughalde",0,"",0,0,1,0,0,"<hex:020934E802FF0E>zur Trughalde<hex:FF12>auf der Trughalde<hex:FF0E>die Trughalde<hex:03>",0,0,0
4936,"Zuflucht des Wanderers",0,"",0,0,1,0,0,"<hex:02095AE802FF1B>zur Zuflucht des Wanderers<hex:FF1E>in der Zuflucht des Wanderers<hex:FF1B>die Zuflucht des Wanderers<hex:03>",0,0,0
4937,"Verlorene Festung",0,"",0,0,1,0,0,"<hex:02094DE802FF17>zur Verlorenen Festung<hex:FF1A>in der Verlorenen Festung<hex:FF16>die Verlorene Festung<hex:03>",0,0,0
4938,"Heidklipp",0,"",0,0,1,0,0,"<hex:020933E802FF0E>zur Heidklipp<hex:FF11>an der Heidklipp<hex:FF0E>die Heidklipp<hex:03>",0,0,0
4939,"Kristallgrotte",0,"",0,0,1,0,0,"<hex:020942E802FF13>zur Kristallgrotte<hex:FF16>in der Kristallgrotte<hex:FF13>die Kristallgrotte<hex:03>",0,0,0
4940,"Holderwuchs",0,"",0,0,1,0,0,"<hex:020935E802FF10>zum Holderwuchs<hex:FF0F>am Holderwuchs<hex:FF10>der Holderwuchs<hex:03>",0,0,0
4941,"Stadt der Schemen",0,"",0,0,1,0,0,"<hex:02094BE802FF16>zur Stadt der Schemen<hex:FF19>in der Stadt der Schemen<hex:FF16>die Stadt der Schemen<hex:03>",0,0,0
4942,"Felsfenn",0,"",0,0,1,0,0,"<hex:02092CE802FF0D>zum Felsfenn<hex:FF0C>im Felsfenn<hex:FF0D>das Felsfenn<hex:03>",0,0,0
4943,"Leere Stufen",0,"",0,0,1,0,0,"<hex:020943E802FF15>zu den Leeren Stufen<hex:FF16>auf den Leeren Stufen<hex:FF12>die Leeren Stufen<hex:03>",0,0,0
4944,"Basislager der Expedition",0,"",0,0,1,0,0,"<hex:02095FE802FF1E>zum Basislager der Expedition<hex:FF1D>im Basislager der Expedition<hex:FF1E>das Basislager der Expedition<hex:03>",0,0,0
4945,"Stille Laube",0,"",0,0,1,0,0,"<hex:02093EE802FF12>zur Stillen Laube<hex:FF15>in der Stillen Laube<hex:FF11>die Stille Laube<hex:03>",0,0,0
4946,"Falscher Kreuzgang",0,"",0,0,1,0,0,"<hex:020949E802FF17>zum Falschen Kreuzgang<hex:FF16>im Falschen Kreuzgang<hex:FF16>der Falsche Kreuzgang<hex:03>",0,0,0
4947,"Felsfenn",0,"",0,0,1,0,0,"<hex:02092CE802FF0D>zum Felsfenn<hex:FF0C>im Felsfenn<hex:FF0D>das Felsfenn<hex:03>",0,0,0
4948,"Lagerhülle 10-29",0,"",0,0,1,0,0,"<hex:020942E802FF15>zu Lagerhülle 10-29<hex:FF15>in Lagerhülle 10-29<hex:FF12>Lagerhülle 10-29<hex:03>",0,0,0
4949,"Zirgorteh der Grüßende",0,"",0,0,1,0,0,"<hex:020959E802FF1D>zu Zirgorteh dem Grüßenden<hex:FF1D>an Zirgorteh dem Grüßenden<hex:FF19>Zirgorteh der Grüßende<hex:03>",0,0,0
4950,"Universallabor",0,"",0,0,1,0,0,"<hex:02093EE802FF13>zum Universallabor<hex:FF12>im Universallabor<hex:FF13>das Universallabor<hex:03>",0,0,0
4951,"Zentralbereich",0,"",0,0,1,0,0,"<hex:02093EE802FF13>zum Zentralbereich<hex:FF12>im Zentralbereich<hex:FF13>der Zentralbereich<hex:03>",0,0,0
4952,"Versuchslabor I ",0,"",0,0,1,0,0,"<hex:02093CE802FF13>zu Versuchslabor I<hex:FF13>in Versuchslabor I<hex:FF10>Versuchslabor I<hex:03>",0,0,0
4953,"Versuchslabor II",0,"",0,0,1,0,0,"<hex:02093FE802FF14>zu Versuchslabor II<hex:FF14>in Versuchslabor II<hex:FF11>Versuchslabor II<hex:03>",0,0,0
4954,"Verwaltungskammer",0,"",0,0,1,0,0,"<hex:02094BE802FF16>zur Verwaltungskammer<hex:FF19>in der Verwaltungskammer<hex:FF16>die Verwaltungskammer<hex:03>",0,0,0
4955,"Büro des Forschungsleiters ",0,"",0,0,1,0,0,"<hex:020965E802FF20>zum Büro des Forschungsleiters<hex:FF1F>im Büro des Forschungsleiters<hex:FF20>das Büro des Forschungsleiters<hex:03>",0,0,0
4956,"Quartier",0,"",0,0,1,0,0,"<hex:02092CE802FF0D>zum Quartier<hex:FF0C>im Quartier<hex:FF0D>das Quartier<hex:03>",0,0,0
4957,"Metzplatz",0,"",0,0,1,0,0,"<hex:020934E802FF0E>zum Metzplatz<hex:FF12>auf dem Metzplatz<hex:FF0E>der Metzplatz<hex:03>",0,0,0
4958,"Vorratslager",0,"",0,0,1,0,0,"<hex:020938E802FF11>zum Vorratslager<hex:FF10>im Vorratslager<hex:FF11>das Vorratslager<hex:03>",0,0,0
4959,"Weinbrennerei",0,"",0,0,1,0,0,"<hex:02093FE802FF12>zur Weinbrennerei<hex:FF15>in der Weinbrennerei<hex:FF12>die Weinbrennerei<hex:03>",0,0,0
4960,"Kalter Altar",0,"",0,0,1,0,0,"<hex:020937E802FF11>zum Kalten Altar<hex:FF10>am Kalten Altar<hex:FF10>der Kalte Altar<hex:03>",0,0,0
4961,"Wächtersteig",0,"",0,0,1,0,0,"<hex:020940E802FF12>zum Wächtersteig<hex:FF16>auf dem Wächtersteig<hex:FF12>der Wächtersteig<hex:03>",0,0,0
4962,"",0,"",0,0,1,0,0,"",0,0,0
4963,"",0,"",0,0,1,0,0,"",0,0,0
4964,"",0,"",0,0,1,0,0,"",0,0,0
4965,"",0,"",0,0,1,0,0,"",0,0,0
4966,"",0,"",0,0,1,0,0,"",0,0,0
4967,"",0,"",0,0,1,0,0,"",0,0,0
4968,"",0,"",0,0,1,0,0,"",0,0,0
4969,"",0,"",0,0,1,0,0,"",0,0,0
4970,"",0,"",0,0,1,0,0,"",0,0,0
4971,"",0,"",0,0,1,0,0,"",0,0,0
4972,"",0,"",0,0,1,0,0,"",0,0,0
4973,"",0,"",0,0,1,0,0,"",0,0,0
4974,"",0,"",0,0,1,0,0,"",0,0,0
4975,"",0,"",0,0,1,0,0,"",0,0,0
4976,"",0,"",0,0,1,0,0,"",0,0,0
4977,"",0,"",0,0,1,0,0,"",0,0,0
4978,"",0,"",0,0,1,0,0,"",0,0,0
4979,"",0,"",0,0,1,0,0,"",0,0,0
4980,"",0,"",0,0,1,0,0,"",0,0,0
4981,"",0,"",0,0,1,0,0,"",0,0,0
4982,"",0,"",0,0,1,0,0,"",0,0,0
4983,"",0,"",0,0,1,0,0,"",0,0,0
4984,"",0,"",0,0,1,0,0,"",0,0,0
4985,"",0,"",0,0,1,0,0,"",0,0,0
4986,"",0,"",0,0,1,0,0,"",0,0,0
4987,"",0,"",0,0,1,0,0,"",0,0,0
4988,"",0,"",0,0,1,0,0,"",0,0,0
4989,"",0,"",0,0,1,0,0,"",0,0,0
4990,"",0,"",0,0,1,0,0,"",0,0,0
4991,"",0,"",0,0,1,0,0,"",0,0,0
4992,"",0,"",0,0,1,0,0,"",0,0,0
4993,"",0,"",0,0,1,0,0,"",0,0,0
4994,"",0,"",0,0,1,0,0,"",0,0,0
4995,"",0,"",0,0,1,0,0,"",0,0,0
4996,"",0,"",0,0,1,0,0,"",0,0,0
4997,"",0,"",0,0,1,0,0,"",0,0,0
4998,"",0,"",0,0,1,0,0,"",0,0,0
4999,"",0,"",0,0,1,0,0,"",0,0,0
5000,"Cenote Ja Ja Gural",0,"",0,0,1,0,0,"<hex:02094AE802FF17>zum Cenote Ja Ja Gural<hex:FF16>im Cenote Ja Ja Gural<hex:FF17>der Cenote Ja Ja Gural<hex:03>",0,0,0
5001,"Cenoten-Eingang",0,"",0,0,1,0,0,"<hex:020941E802FF14>zum Cenoten-Eingang<hex:FF13>am Cenoten-Eingang<hex:FF14>der Cenoten-Eingang<hex:03>",0,0,0
5002,"Erste Kammer",0,"",0,0,1,0,0,"<hex:02093EE802FF12>zur Ersten Kammer<hex:FF15>in der Ersten Kammer<hex:FF11>die Erste Kammer<hex:03>",0,0,0
5003,"Zweite Kammer",0,"",0,0,1,0,0,"<hex:020941E802FF13>zur Zweiten Kammer<hex:FF16>in der Zweiten Kammer<hex:FF12>die Zweite Kammer<hex:03>",0,0,0
5004,"Dritte Kammer",0,"",0,0,1,0,0,"<hex:020941E802FF13>zur Dritten Kammer<hex:FF16>in der Dritten Kammer<hex:FF12>die Dritte Kammer<hex:03>",0,0,0
5005,"Vierte Kammer",0,"",0,0,1,0,0,"<hex:020941E802FF13>zur Vierten Kammer<hex:FF16>in der Vierten Kammer<hex:FF12>die Vierte Kammer<hex:03>",0,0,0
5006,"Prunkvolle Thronkammer",0,"",0,0,1,0,0,"<hex:02095CE802FF1C>zur prunkvollen Thronkammer<hex:FF1F>in der prunkvollen Thronkammer<hex:FF1B>die prunkvolle Thronkammer<hex:03>",0,0,0
5007,"Origenik",0,"",0,0,1,0,0,"<hex:020930E802FF0D>zur Origenik<hex:FF10>in der Origenik<hex:FF0D>die Origenik<hex:03>",0,0,0
5008,"Lieferhafen ",0,"",0,0,1,0,0,"<hex:020935E802FF10>zum Lieferhafen<hex:FF0F>im Lieferhafen<hex:FF10>der Lieferhafen<hex:03>",0,0,0
5009,"Untere Ebenen",0,"",0,0,1,0,0,"<hex:020945E802FF16>zu den Unteren Ebenen<hex:FF16>in den Unteren Ebenen<hex:FF13>die Unteren Ebenen<hex:03>",0,0,0
5010,"Lift",0,"",0,0,1,0,0,"<hex:020920E802FF09>zum Lift<hex:FF08>im Lift<hex:FF09>der Lift<hex:03>",0,0,0
5011,"Mittlere Ebenen",0,"",0,0,1,0,0,"<hex:02094BE802FF18>zu den Mittleren Ebenen<hex:FF18>in den Mittleren Ebenen<hex:FF15>die Mittleren Ebenen<hex:03>",0,0,0
5012,"Obere Ebenen",0,"",0,0,1,0,0,"<hex:020942E802FF15>zu den Oberen Ebenen<hex:FF15>in den Oberen Ebenen<hex:FF12>die Oberen Ebenen<hex:03>",0,0,0
5013,"Anlegestelle",0,"",0,0,1,0,0,"<hex:02093CE802FF11>zur Anlegestelle<hex:FF14>in der Anlegestelle<hex:FF11>die Anlegestelle<hex:03>",0,0,0
5014,"Frachtenlagerung",0,"",0,0,1,0,0,"<hex:020948E802FF15>zur Frachtenlagerung<hex:FF18>in der Frachtenlagerung<hex:FF15>die Frachtenlagerung<hex:03>",0,0,0
5015,"Seelenverwaltung",0,"",0,0,1,0,0,"<hex:020948E802FF15>zur Seelenverwaltung<hex:FF18>in der Seelenverwaltung<hex:FF15>die Seelenverwaltung<hex:03>",0,0,0
5016,"Seelenverarbeitung",0,"",0,0,1,0,0,"<hex:02094EE802FF17>zur Seelenverarbeitung<hex:FF1A>in der Seelenverarbeitung<hex:FF17>die Seelenverarbeitung<hex:03>",0,0,0
5017,"Seelenforschung",0,"",0,0,1,0,0,"<hex:020945E802FF14>zur Seelenforschung<hex:FF17>in der Seelenforschung<hex:FF14>die Seelenforschung<hex:03>",0,0,0
5018,"Lastenaufzug",0,"",0,0,1,0,0,"<hex:020938E802FF11>zum Lastenaufzug<hex:FF10>im Lastenaufzug<hex:FF11>der Lastenaufzug<hex:03>",0,0,0
5019,"Regulator-Depot",0,"",0,0,1,0,0,"<hex:020941E802FF14>zum Regulator-Depot<hex:FF13>im Regulator-Depot<hex:FF14>das Regulator-Depot<hex:03>",0,0,0
5020,"Lastenaufzug",0,"",0,0,1,0,0,"<hex:020938E802FF11>zum Lastenaufzug<hex:FF10>im Lastenaufzug<hex:FF11>der Lastenaufzug<hex:03>",0,0,0
5021,"Extraktionskammer",0,"",0,0,1,0,0,"<hex:02094BE802FF16>zur Extraktionskammer<hex:FF19>in der Extraktionskammer<hex:FF16>die Extraktionskammer<hex:03>",0,0,0
5022,"Bereinigungskammer",0,"",0,0,1,0,0,"<hex:02094EE802FF17>zur Bereinigungskammer<hex:FF1A>in der Bereinigungskammer<hex:FF17>die Bereinigungskammer<hex:03>",0,0,0
5023,"Lieferleitung",0,"",0,0,1,0,0,"<hex:020940E802FF12>zur Lieferleitung<hex:FF16>bei der Lieferleitung<hex:FF12>die Lieferleitung<hex:03>",0,0,0
5024,"Überwachungskammer",0,"",0,0,1,0,0,"<hex:020951E802FF18>zur Überwachungskammer<hex:FF1B>in der Überwachungskammer<hex:FF18>die Überwachungskammer<hex:03>",0,0,0
5025,"Frachtenaufgang",0,"",0,0,1,0,0,"<hex:020941E802FF14>zum Frachtenaufgang<hex:FF13>im Frachtenaufgang<hex:FF14>der Frachtenaufgang<hex:03>",0,0,0
5026,"Labor für Innovative Forschung",0,"",0,0,1,0,0,"<hex:020971E802FF24>zum Labor für Innovative Forschung<hex:FF23>im Labor für Innovative Forschung<hex:FF24>das Labor für Innovative Forschung<hex:03>",0,0,0
5027,"Himmelstiefer Cenote",0,"",0,0,1,0,0,"<hex:02094FE802FF19>zum Himmelstiefen Cenote<hex:FF18>im Himmelstiefen Cenote<hex:FF18>der Himmelstiefe Cenote<hex:03>",0,0,0
5028,"Gok Draak Ruhestätte",0,"",0,0,1,0,0,"<hex:020957E802FF1A>zur Gok Draak Ruhestätte<hex:FF1D>in der Gok Draak Ruhestätte<hex:FF1A>die Gok Draak Ruhestätte<hex:03>",0,0,0
5029,"Vurgar-Steinbruch",0,"",0,0,1,0,0,"<hex:020947E802FF16>zum Vurgar-Steinbruch<hex:FF15>im Vurgar-Steinbruch<hex:FF16>der Vurgar-Steinbruch<hex:03>",0,0,0
5030,"Pfad des Schwindenden Lichts",0,"",0,0,1,0,0,"<hex:02096DE802FF21>zum Pfad des Schwindenden Lichts<hex:FF25>auf dem Pfad des Schwindenden Lichts<hex:FF21>der Pfad des Schwindenden Lichts<hex:03>",0,0,0
5031,"Ungesungene Elegie",0,"",0,0,1,0,0,"<hex:020950E802FF18>zur Ungesungenen Elegie<hex:FF1B>in der Ungesungenen Elegie<hex:FF17>die Ungesungene Elegie<hex:03>",0,0,0
5032,"Vurgar-Prüfstätte",0,"",0,0,1,0,0,"<hex:020951E802FF18>zur Vurgar-Prüfstätte<hex:FF1B>in der Vurgar-Prüfstätte<hex:FF18>die Vurgar-Prüfstätte<hex:03>",0,0,0
5033,"Tor des Violetten Goldes",0,"",0,0,1,0,0,"<hex:02095CE802FF1D>zum Tor des Violetten Goldes<hex:FF1C>am Tor des Violetten Goldes<hex:FF1D>das Tor des Violetten Goldes<hex:03>",0,0,0
5034,"Tränenspur",0,"",0,0,1,0,0,"<hex:020930E802FF0F>zu Tränenspur<hex:FF0F>in Tränenspur<hex:FF0C>Tränenspur<hex:03>",0,0,0
5035,"Lager der Steinhauer",0,"",0,0,1,0,0,"<hex:020950E802FF19>zum Lager der Steinhauer<hex:FF18>im Lager der Steinhauer<hex:FF19>das Lager der Steinhauer<hex:03>",0,0,0
5036,"Pfad des Schwindenden Lichts",0,"",0,0,1,0,0,"<hex:02096DE802FF21>zum Pfad des Schwindenden Lichts<hex:FF25>auf dem Pfad des Schwindenden Lichts<hex:FF21>der Pfad des Schwindenden Lichts<hex:03>",0,0,0
5037,"Schnabelhort",0,"",0,0,1,0,0,"<hex:020938E802FF11>zum Schnabelhort<hex:FF10>im Schnabelhort<hex:FF11>der Schnabelhort<hex:03>",0,0,0
5038,"Kielkajüten",0,"",0,0,1,0,0,"<hex:02093FE802FF14>zu den Kielkajüten<hex:FF14>an den Kielkajüten<hex:FF11>die Kielkajüten<hex:03>",0,0,0
5039,"Hochfluthafen",0,"",0,0,1,0,0,"<hex:02093BE802FF12>zum Hochfluthafen<hex:FF11>im Hochfluthafen<hex:FF12>der Hochfluthafen<hex:03>",0,0,0
5040,"Sternentiefe",0,"",0,0,1,0,0,"<hex:02093CE802FF11>zur Sternentiefe<hex:FF14>an der Sternentiefe<hex:FF11>die Sternentiefe<hex:03>",0,0,0
5041,"See der Chirwagur",0,"",0,0,1,0,0,"<hex:020947E802FF16>zum See der Chirwagur<hex:FF15>am See der Chirwagur<hex:FF16>der See der Chirwagur<hex:03>",0,0,0
5042,"Karvarhur die Erste",0,"",0,0,1,0,0,"<hex:02094BE802FF18>zu Karvarhur der Ersten<hex:FF19>bei Karvarhur der Ersten<hex:FF14>Karvarhur die Erste<hex:03>",0,0,0
5043,"Bopo'uihih",0,"",0,0,1,0,0,"<hex:02092FE802FF10>nach Bopo'uihih<hex:FF0E>in Bopo'uihih<hex:FF0B>Bopo'uihih<hex:03>",0,0,0
5044,"Hanu-Wasser",0,"",0,0,1,0,0,"<hex:02093EE802FF14>zu den Hanu-Wassern<hex:FF14>in den Hanu-Wassern<hex:FF10>die Hanu-Wasser<hex:03>",0,0,0
5045,"Miyakabek'zu",0,"",0,0,1,0,0,"<hex:020936E802FF12>nach Miyakabek'zu<hex:FF11>auf Miyakabek'zu<hex:FF0D>Miyakabek'zu<hex:03>",0,0,0
5046,"Taustaden",0,"",0,0,1,0,0,"<hex:020937E802FF11>zu den Taustaden<hex:FF12>auf den Taustaden<hex:FF0E>die Taustaden<hex:03>",0,0,0
5047,"Poga-Ufer",0,"",0,0,1,0,0,"<hex:02092FE802FF0E>zum Poga-Ufer<hex:FF0D>am Poga-Ufer<hex:FF0E>das Poga-Ufer<hex:03>",0,0,0
5048,"Ku'uxage",0,"",0,0,1,0,0,"<hex:020929E802FF0E>nach Ku'uxage<hex:FF0C>an Ku'uxage<hex:FF09>Ku'uxage<hex:03>",0,0,0
5049,"Miyakabek'zoma",0,"",0,0,1,0,0,"<hex:02093BE802FF14>nach Miyakabek'zoma<hex:FF12>in Miyakabek'zoma<hex:FF0F>Miyakabek'zoma<hex:03>",0,0,0
5050,"Ligaka-Bruch",0,"",0,0,1,0,0,"<hex:020938E802FF11>zum Ligaka-Bruch<hex:FF10>im Ligaka-Bruch<hex:FF11>das Ligaka-Bruch<hex:03>",0,0,0
5051,"Xd'aa Talat Tsoly",0,"",0,0,1,0,0,"<hex:020944E802FF17>nach Xd'aa Talat Tsoly<hex:FF15>an Xd'aa Talat Tsoly<hex:FF12>Xd'aa Talat Tsoly<hex:03>",0,0,0
5052,"Iq Br'aax-Becken",0,"",0,0,1,0,0,"<hex:020944E802FF15>zum Iq Br'aax-Becken<hex:FF14>am Iq Br'aax-Becken<hex:FF15>das Iq Br'aax-Becken<hex:03>",0,0,0
5053,"Yak Awak Tsoly",0,"",0,0,1,0,0,"<hex:02093BE802FF14>nach Yak Awak Tsoly<hex:FF12>an Yak Awak Tsoly<hex:FF0F>Yak Awak Tsoly<hex:03>",0,0,0
5054,"Iq Rrax Tsoly",0,"",0,0,1,0,0,"<hex:020938E802FF13>nach Iq Rrax Tsoly<hex:FF11>an Iq Rrax Tsoly<hex:FF0E>Iq Rrax Tsoly<hex:03>",0,0,0
5055,"Xobr'it Tsoly",0,"",0,0,1,0,0,"<hex:020938E802FF13>nach Xobr'it Tsoly<hex:FF11>an Xobr'it Tsoly<hex:FF0E>Xobr'it Tsoly<hex:03>",0,0,0
5056,"Kleiner Fersenbiss",0,"",0,0,1,0,0,"<hex:020949E802FF17>zum Kleinen Fersenbiss<hex:FF16>im Kleinen Fersenbiss<hex:FF16>der Kleine Fersenbiss<hex:03>",0,0,0
5057,"Cenote Moxutural",0,"",0,0,1,0,0,"<hex:020944E802FF15>zum Cenote Moxutural<hex:FF14>am Cenote Moxutural<hex:FF15>der Cenote Moxutural<hex:03>",0,0,0
5058,"Cenote Jayunja",0,"",0,0,1,0,0,"<hex:02093EE802FF13>zum Cenote Jayunja<hex:FF12>am Cenote Jayunja<hex:FF13>der Cenote Jayunja<hex:03>",0,0,0
5059,"Süßquell",0,"",0,0,1,0,0,"<hex:020932E802FF0F>zum Süßquell<hex:FF0E>am Süßquell<hex:FF0F>der Süßquell<hex:03>",0,0,0
5060,"Bitternasser Cenote",0,"",0,0,1,0,0,"<hex:02094CE802FF18>zum Bitternassen Cenote<hex:FF17>im Bitternassen Cenote<hex:FF17>der Bitternasse Cenote<hex:03>",0,0,0
5061,"Xty'iinbek Tsoly",0,"",0,0,1,0,0,"<hex:020941E802FF16>nach Xty'iinbek Tsoly<hex:FF14>an Xty'iinbek Tsoly<hex:FF11>Xty'iinbek Tsoly<hex:03>",0,0,0
5062,"Niikwerepi",0,"",0,0,1,0,0,"<hex:020932E802FF0F>zum Niikwerepi<hex:FF0E>am Niikwerepi<hex:FF0F>der Niikwerepi<hex:03>",0,0,0
5063,"Toari-See",0,"",0,0,1,0,0,"<hex:02092FE802FF0E>zum Toari-See<hex:FF0D>am Toari-See<hex:FF0E>der Toari-See<hex:03>",0,0,0
5064,"Westseite von Zorgor",0,"",0,0,1,0,0,"<hex:020954E802FF19>zur Westseite von Zorgor<hex:FF1C>an der Westseite von Zorgor<hex:FF19>die Westseite von Zorgor<hex:03>",0,0,0
5065,"Ostseite von Zorgor",0,"",0,0,1,0,0,"<hex:020951E802FF18>zur Ostseite von Zorgor<hex:FF1B>an der Ostseite von Zorgor<hex:FF18>die Ostseite von Zorgor<hex:03>",0,0,0
5066,"Untiefen der Außenbezirke",0,"",0,0,1,0,0,"<hex:020969E802FF22>zu den Untiefen der Außenbezirke<hex:FF22>in den Untiefen der Außenbezirke<hex:FF1F>die Untiefen der Außenbezirke<hex:03>",0,0,0
5067,"Unterströme",0,"",0,0,1,0,0,"<hex:020941E802FF15>zu den Unterströmen<hex:FF15>an den Unterströmen<hex:FF11>die Unterströme<hex:03>",0,0,0
5068,"Knistergewässer",0,"",0,0,1,0,0,"<hex:020944E802FF15>zum Knistergewässer<hex:FF14>im Knistergewässer<hex:FF15>das Knistergewässer<hex:03>",0,0,0
5069,"Ruinen von Alexandria",0,"",0,0,1,0,0,"<hex:02095AE802FF1D>zu den Ruinen von Alexandria<hex:FF1D>in den Ruinen von Alexandria<hex:FF1A>die Ruinen von Alexandria<hex:03>",0,0,0
5070,"Wohnsektor",0,"",0,0,1,0,0,"<hex:020932E802FF0F>zum Wohnsektor<hex:FF0E>im Wohnsektor<hex:FF0F>der Wohnsektor<hex:03>",0,0,0
5071,"Das Ergründliche",0,"",0,0,1,0,0,"<hex:02093DE802FF13>zum Ergründlichen<hex:FF12>am Ergründlichen<hex:FF12>das Ergründliche<hex:03>",0,0,0
5072,"Quellen der Mu",0,"",0,0,1,0,0,"<hex:020945E802FF16>zu den Quellen der Mu<hex:FF16>an den Quellen der Mu<hex:FF13>die Quellen der Mu<hex:03>",0,0,0
5073,"Leyknoten Aero",0,"",0,0,1,0,0,"<hex:02093EE802FF13>zum Leyknoten Aero<hex:FF12>am Leyknoten Aero<hex:FF13>der Leyknoten Aero<hex:03>",0,0,0
5074,"Süden von Kanalstadt ",0,"",0,0,1,0,0,"<hex:020956E802FF1D>in den Süden von Kanalstadt<hex:FF19>im Süden von Kanalstadt<hex:FF1A>der Süden von Kanalstadt<hex:03>",0,0,0
5075,"Norden von Kanalstadt ",0,"",0,0,1,0,0,"<hex:020956E802FF1D>in den Norden von Kanalstadt<hex:FF19>im Norden von Kanalstadt<hex:FF1A>der Norden von Kanalstadt<hex:03>",0,0,0
5076,"Proto-Alexandria",0,"",0,0,1,0,0,"<hex:020941E802FF16>nach Proto-Alexandria<hex:FF14>in Proto-Alexandria<hex:FF11>Proto-Alexandria<hex:03>",0,0,0
5077,"Karvarhur die Erste",0,"",0,0,1,0,0,"<hex:02094BE802FF18>zu Karvarhur der Ersten<hex:FF19>bei Karvarhur der Ersten<hex:FF14>Karvarhur die Erste<hex:03>",0,1,0
5078,"Östliches Ligaka-Bruch",0,"",0,0,1,0,0,"<hex:020958E802FF1C>zum östlichen Ligaka-Bruch<hex:FF1B>im östlichen Ligaka-Bruch<hex:FF1B>das östliche Ligaka-Bruch<hex:03>",0,1,0
5079,"Westliches Ligaka-Bruch",0,"",0,0,1,0,0,"<hex:020958E802FF1C>zum westlichen Ligaka-Bruch<hex:FF1B>im westlichen Ligaka-Bruch<hex:FF1B>das westliche Ligaka-Bruch<hex:03>",0,1,0
5080,"Tiefen des Ligaka-Bruchs",0,"",0,0,1,0,0,"<hex:020963E802FF20>zu den Tiefen des Ligaka-Bruchs<hex:FF20>in den Tiefen des Ligaka-Bruchs<hex:FF1D>die Tiefen des Ligaka-Bruchs<hex:03>",0,1,0
5081,"Xd'aa Talat Tsoly",0,"",0,0,1,0,0,"<hex:020944E802FF17>nach Xd'aa Talat Tsoly<hex:FF15>an Xd'aa Talat Tsoly<hex:FF12>Xd'aa Talat Tsoly<hex:03>",0,1,0
5082,"Westen von Iq Rrax Tsoly",0,"",0,0,1,0,0,"<hex:02095FE802FF20>in den Westen von Iq Rrax Tsoly<hex:FF1C>im Westen von Iq Rrax Tsoly<hex:FF1D>der Westen von Iq Rrax Tsoly<hex:03>",0,1,0
5083,"Osten von Iq Rrax Tsoly",0,"",0,0,1,0,0,"<hex:02095CE802FF1F>in den Osten von Iq Rrax Tsoly<hex:FF1B>im Osten von Iq Rrax Tsoly<hex:FF1C>der Osten von Iq Rrax Tsoly<hex:03>",0,1,0
5084,"Tiefen von Iq Rrax Tsoly",0,"",0,0,1,0,0,"<hex:020963E802FF20>zu den Tiefen von Iq Rrax Tsoly<hex:FF20>in den Tiefen von Iq Rrax Tsoly<hex:FF1D>die Tiefen von Iq Rrax Tsoly<hex:03>",0,1,0
5085,"Nördlicher Toari-See",0,"",0,0,1,0,0,"<hex:020952E802FF1A>zum nördlichen Toari-See<hex:FF19>am nördlichen Toari-See<hex:FF19>der nördliche Toari-See<hex:03>",0,1,0
5086,"",0,"",0,0,1,0,0,"",0,0,0
5087,"",0,"",0,0,1,0,0,"",0,0,0
5088,"",0,"",0,0,1,0,0,"",0,0,0
5089,"",0,"",0,0,1,0,0,"",0,0,0
5090,"",0,"",0,0,1,0,0,"",0,0,0
5091,"",0,"",0,0,1,0,0,"",0,0,0
5092,"",0,"",0,0,1,0,0,"",0,0,0
5093,"",0,"",0,0,1,0,0,"",0,0,0
5094,"",0,"",0,0,1,0,0,"",0,0,0
5095,"",0,"",0,0,1,0,0,"",0,0,0
5096,"",0,"",0,0,1,0,0,"",0,0,0
5097,"",0,"",0,0,1,0,0,"",0,0,0
5098,"",0,"",0,0,1,0,0,"",0,0,0
5099,"",0,"",0,0,1,0,0,"",0,0,0
5100,"",0,"",0,0,1,0,0,"",0,0,0
5101,"Vurgar-Waffenlager",0,"",0,0,1,0,0,"<hex:02094AE802FF17>zum Vurgar-Waffenlager<hex:FF16>im Vurgar-Waffenlager<hex:FF17>das Vurgar-Waffenlager<hex:03>",0,0,0
5102,"Liebesring",0,"",0,0,1,0,0,"<hex:020932E802FF0F>zum Liebesring<hex:FF0E>im Liebesring<hex:FF0F>der Liebesring<hex:03>",0,0,0
5103,"Donnerring",0,"",0,0,1,0,0,"<hex:020932E802FF0F>zum Donnerring<hex:FF0E>im Donnerring<hex:FF0F>der Donnerring<hex:03>",0,0,0
5104,"Katzenring",0,"",0,0,1,0,0,"<hex:020932E802FF0F>zum Katzenring<hex:FF0E>im Katzenring<hex:FF0F>der Katzenring<hex:03>",0,0,0
5105,"Mahrlingen-Promenade",0,"",0,0,1,0,0,"<hex:020955E802FF19>zur Mahrlingen-Promenade<hex:FF1D>auf der Mahrlingen-Promenade<hex:FF19>die Mahrlingen-Promenade<hex:03>",0,0,0
5106,"Runde der Freund<hex:02160103>schaft",0,"",0,0,1,0,0,"<hex:020967E802FF1F>zur Runde der Freund<hex:02160103>schaft<hex:FF23>auf der Runde der Freund<hex:02160103>schaft<hex:FF1F>die Runde der Freund<hex:02160103>schaft<hex:03>",0,0,0
5107,"Teekreisel",0,"",0,0,1,0,0,"<hex:020937E802FF0F>zum Teekreisel<hex:FF13>auf dem Teekreisel<hex:FF0F>der Teekreisel<hex:03>",0,0,0
5108,"Halle der Nimmerruhe",0,"",0,0,1,0,0,"<hex:020954E802FF19>zur Halle der Nimmerruhe<hex:FF1C>in der Halle der Nimmerruhe<hex:FF19>die Halle der Nimmerruhe<hex:03>",0,0,0
5109,"Tor der Torheit",0,"",0,0,1,0,0,"<hex:020941E802FF14>zum Tor der Torheit<hex:FF13>am Tor der Torheit<hex:FF14>das Tor der Torheit<hex:03>",0,0,0
5110,"Schaudersteig",0,"",0,0,1,0,0,"<hex:020940E802FF12>zum Schaudersteig<hex:FF16>auf dem Schaudersteig<hex:FF12>der Schaudersteig<hex:03>",0,0,0
5111,"Birnengarten",0,"",0,0,1,0,0,"<hex:020938E802FF11>zum Birnengarten<hex:FF10>im Birnengarten<hex:FF11>der Birnengarten<hex:03>",0,0,0
5112,"Frohlockpark",0,"",0,0,1,0,0,"<hex:020938E802FF11>zum Frohlockpark<hex:FF10>im Frohlockpark<hex:FF11>der Frohlockpark<hex:03>",0,0,0
5113,"Endloses Anwesen",0,"",0,0,1,0,0,"<hex:020941E802FF14>zum Tor der Torheit<hex:FF13>am Tor der Torheit<hex:FF14>das Tor der Torheit<hex:03>",0,0,0
5114,"Bombenring",0,"",0,0,1,0,0,"<hex:020932E802FF0F>zum Bombenring<hex:FF0E>im Bombenring<hex:FF0F>der Bombenring<hex:03>",0,0,0
5115,"Worqor Lar Dor",0,"",0,0,1,0,0,"<hex:02093BE802FF14>nach Worqor Lar Dor<hex:FF12>in Worqor Lar Dor<hex:FF0F>Worqor Lar Dor<hex:03>",0,0,0
5116,"Interdimensionale Ekliptik",0,"",0,0,1,0,0,"<hex:020980E802FF2C>zur Inter<hex:02160103>dimen<hex:02160103>sio<hex:02160103>nalen Ekliptik<hex:FF2F>in der Inter<hex:02160103>dimen<hex:02160103>sio<hex:02160103>nalen Ekliptik<hex:FF1F>die Interdimensionale Ekliptik<hex:03>",0,0,0
5117,"Immerspitze",0,"",0,0,1,0,0,"<hex:02093AE802FF10>zur Immerspitze<hex:FF14>auf der Immerspitze<hex:FF10>die Immerspitze<hex:03>",0,0,0
5118,"Mahrlingen-Promenade Süd",0,"",0,0,1,0,0,"<hex:020964E802FF1E>zur Mahrlingen-Promenade Süd<hex:FF22>auf der Mahrlingen-Promenade Süd<hex:FF1E>die Mahrlingen-Promenade Süd<hex:03>",0,0,0
5119,"Mahrlingen-Promenade Nord",0,"",0,0,1,0,0,"<hex:020964E802FF1E>zur Mahrlingen-Promenade Nord<hex:FF22>auf der Mahrlingen-Promenade Nord<hex:FF1E>die Mahrlingen-Promenade Nord<hex:03>",0,0,0
5120,"Keller des verlassenen Gebäudes",0,"",0,0,1,0,0,"<hex:020974E802FF25>zum Keller des verlassenen Gebäudes<hex:FF24>im Keller des verlassenen Gebäudes<hex:FF25>der Keller des verlassenen Gebäudes<hex:03>",0,0,0
5121,"Palast der Träume",0,"",0,0,1,0,0,"<hex:02094AE802FF17>zum Palast der Träume<hex:FF16>im Palast der Träume<hex:FF17>der Palast der Träume<hex:03>",0,0,0
5122,"Galerie",0,"",0,0,1,0,0,"<hex:02092DE802FF0C>zur Galerie<hex:FF0F>in der Galerie<hex:FF0C>die Galerie<hex:03>",0,0,0
5123,"Vorhalle",0,"",0,0,1,0,0,"<hex:020930E802FF0D>zur Vorhalle<hex:FF10>in der Vorhalle<hex:FF0D>die Vorhalle<hex:03>",0,0,0
5124,"Atelier",0,"",0,0,1,0,0,"<hex:020929E802FF0C>zum Atelier<hex:FF0B>im Atelier<hex:FF0C>das Atelier<hex:03>",0,0,0
5125,"Wolfspferch (The Fold)",0,"",0,0,1,0,0,"<hex:020956E802FF1B>zum Wolfspferch (The Fold)<hex:FF1A>im Wolfspferch (The Fold)<hex:FF1B>der Wolfspferch (The Fold)<hex:03>",0,0,0
5126,"Yuweyawata",0,"",0,0,1,0,0,"<hex:02092FE802FF10>nach Yuweyawata<hex:FF0E>in Yuweyawata<hex:FF0B>Yuweyawata<hex:03>",0,0,0
5127,"Wawsatenyazeto",0,"",0,0,1,0,0,"<hex:02093BE802FF14>nach Wawsatenyazeto<hex:FF12>in Wawsatenyazeto<hex:FF0F>Wawsatenyazeto<hex:03>",0,0,0
5128,"Elektrobgrube ",0,"",0,0,1,0,0,"<hex:02093FE802FF12>zur Elektrobgrube<hex:FF15>in der Elektrobgrube<hex:FF12>die Elektrobgrube<hex:03>",0,0,0
5129,"Seelenaufbewahrung",0,"",0,0,1,0,0,"<hex:02094EE802FF17>zur Seelenaufbewahrung<hex:FF1A>in der Seelenaufbewahrung<hex:FF17>die Seelenaufbewahrung<hex:03>",0,0,0
5130,"Gefängnis des Leporiden",0,"",0,0,1,0,0,"<hex:02095CE802FF1D>zum Gefängnis des Leporiden<hex:FF1C>im Gefängnis des Leporiden<hex:FF1D>das Gefängnis des Leporiden<hex:03>",0,0,0
5131,"Verschwommener Wald",0,"",0,0,1,0,0,"<hex:02094CE802FF18>zum Verschwommenen Wald<hex:FF17>im Verschwommenen Wald<hex:FF17>der Verschwommene Wald<hex:03>",0,0,0
5132,"Überreste Yuweyawatas",0,"",0,0,1,0,0,"<hex:02095FE802FF1F>zu den Überresten Yuweyawatas<hex:FF1F>in den Überresten Yuweyawatas<hex:FF1B>die Überreste Yuweyawatas<hex:03>",0,0,0
5133,"Kanilokkas Institut",0,"",0,0,1,0,0,"<hex:020948E802FF17>zu Kanilokkas Institut<hex:FF17>in Kanilokkas Institut<hex:FF14>Kanilokkas Institut<hex:03>",0,0,0
5134,"Versiegelte Sande",0,"",0,0,1,0,0,"<hex:020953E802FF1B>zu den Versiegelten Sanden<hex:FF1B>in den Versiegelten Sanden<hex:FF17>die Versiegelten Sande<hex:03>",0,0,0
5135,"Abteilung für experimentelle Forschung EG",0,"",0,0,1,0,0,"<hex:020996E802FF2F>zur Abteilung für experimentelle Forschung EG<hex:FF32>in der Abteilung für experimentelle Forschung EG<hex:FF2F>die Abteilung für experimentelle Forschung EG<hex:03>",0,0,0
5136,"Abteilung für experimentelle Forschung U1",0,"",0,0,1,0,0,"<hex:020996E802FF2F>zur Abteilung für experimentelle Forschung U1<hex:FF32>in der Abteilung für experimentelle Forschung U1<hex:FF2F>die Abteilung für experimentelle Forschung U1<hex:03>",0,0,0
5137,"Eine zweite Zukunft",0,"",0,0,1,0,0,"",0,0,0
5138,"Jeuno: Die erste Etappe",0,"",0,0,1,0,0,"",0,0,0
5139,"Unter-Jeuno",0,"",0,0,1,0,0,"<hex:020932E802FF11>nach Unter-Jeuno<hex:FF0F>in Unter-Jeuno<hex:FF0C>Unter-Jeuno<hex:03>",0,0,0
5140,"Boyahda-Baum",0,"",0,0,1,0,0,"<hex:020938E802FF11>zum Boyahda-Baum<hex:FF10>am Boyahda-Baum<hex:FF11>der Boyahda-Baum<hex:03>",0,0,0
5141,"Ru'Aun-Gärten",0,"",0,0,1,0,0,"<hex:020945E802FF16>zu den Ru'Aun-Gärten<hex:FF16>in den Ru'Aun-Gärten<hex:FF13>die Ru'Aun-Gärten<hex:03>",0,0,0
5142,"La'Loff-Amphitheater",0,"",0,0,1,0,0,"<hex:020950E802FF19>zum La'Loff-Amphitheater<hex:FF18>im La'Loff-Amphitheater<hex:FF19>das La'Loff-Amphitheater<hex:03>",0,0,0
5143,"Zvahl-Schloss",0,"",0,0,1,0,0,"<hex:02093BE802FF12>zum Zvahl-Schloss<hex:FF11>im Zvahl-Schloss<hex:FF12>das Zvahl-Schloss<hex:03>",0,0,0
5144,"Thronsaal",0,"",0,0,1,0,0,"<hex:02092FE802FF0E>zum Thronsaal<hex:FF0D>im Thronsaal<hex:FF0E>der Thronsaal<hex:03>",0,0,0
5145,"Unter-Jeuno",0,"",0,0,1,0,0,"<hex:020932E802FF11>nach Unter-Jeuno<hex:FF0F>in Unter-Jeuno<hex:FF0C>Unter-Jeuno<hex:03>",0,0,0
5146,"Boyahda-Baum",0,"",0,0,1,0,0,"<hex:020938E802FF11>zum Boyahda-Baum<hex:FF10>am Boyahda-Baum<hex:FF11>der Boyahda-Baum<hex:03>",0,0,0
5147,"Ru'Aun-Gärten",0,"",0,0,1,0,0,"<hex:020945E802FF16>zu den Ru'Aun-Gärten<hex:FF16>in den Ru'Aun-Gärten<hex:FF13>die Ru'Aun-Gärten<hex:03>",0,0,0
5148,"Zvahl-Schloss",0,"",0,0,1,0,0,"<hex:02093BE802FF12>zum Zvahl-Schloss<hex:FF11>im Zvahl-Schloss<hex:FF12>das Zvahl-Schloss<hex:03>",0,0,0
5149,"Marktbrücke",0,"",0,0,1,0,0,"<hex:02093DE802FF11>zur Marktbrücke<hex:FF15>auf der Marktbrücke<hex:FF11>die Marktbrücke<hex:03>",0,0,0
5150,"Kampfplatz",0,"",0,0,1,0,0,"<hex:020937E802FF0F>zum Kampfplatz<hex:FF13>auf dem Kampfplatz<hex:FF0F>der Kampfplatz<hex:03>",0,0,0
5151,"Drachen-Nest",0,"",0,0,1,0,0,"<hex:020938E802FF11>zum Drachen-Nest<hex:FF10>im Drachen-Nest<hex:FF11>das Drachen-Nest<hex:03>",0,0,0
5152,"La'Loff-Amphitheater",0,"",0,0,1,0,0,"<hex:020950E802FF19>zum La'Loff-Amphitheater<hex:FF18>im La'Loff-Amphitheater<hex:FF19>das La'Loff-Amphitheater<hex:03>",0,0,0
5153,"Audienzhalle",0,"",0,0,1,0,0,"<hex:02093CE802FF11>zur Audienzhalle<hex:FF14>in der Audienzhalle<hex:FF11>die Audienzhalle<hex:03>",0,0,0
5154,"Yuweyawata",0,"",0,0,1,0,0,"<hex:02092FE802FF10>nach Yuweyawata<hex:FF0E>in Yuweyawata<hex:FF0B>Yuweyawata<hex:03>",0,0,0
5155,"Neubaugebiet der achten Ebene",0,"",0,0,1,0,0,"<hex:02096BE802FF22>zum Neubaugebiet der achten Ebene<hex:FF21>im Neubaugebiet der achten Ebene<hex:FF22>das Neubaugebiet der achten Ebene<hex:03>",0,0,0
5156,"Unterfried",0,"",0,0,1,0,0,"<hex:020932E802FF0F>zum Unterfried<hex:FF0E>im Unterfried<hex:FF0F>der Unterfried<hex:03>",0,0,0
5157,"Sockel",0,"",0,0,1,0,0,"<hex:020926E802FF0B>zum Sockel<hex:FF0A>im Sockel<hex:FF0B>der Sockel<hex:03>",0,0,0
5158,"Außenbereich der Burg",0,"",0,0,1,0,0,"<hex:020956E802FF1B>zum Außenbereich der Burg<hex:FF1A>im Außenbereich der Burg<hex:FF1B>der Außenbereich der Burg<hex:03>",0,0,0
5159,"Erster Innenbereich",0,"",0,0,1,0,0,"<hex:02094CE802FF18>zum ersten Innenbereich<hex:FF17>im ersten Innenbereich<hex:FF17>der erste Innenbereich<hex:03>",0,0,0
5160,"Zweiter Innenbereich",0,"",0,0,1,0,0,"<hex:02094FE802FF19>zum zweiten Innenbereich<hex:FF18>im zweiten Innenbereich<hex:FF18>der zweite Innenbereich<hex:03>",0,0,0
5161,"Dritter Innenbereich",0,"",0,0,1,0,0,"<hex:02094FE802FF19>zum dritten Innenbereich<hex:FF18>im dritten Innenbereich<hex:FF18>der dritte Innenbereich<hex:03>",0,0,0
5162,"Umgebung des Sockels",0,"",0,0,1,0,0,"<hex:020954E802FF19>zur Umgebung des Sockels<hex:FF1C>in der Umgebung des Sockels<hex:FF19>die Umgebung des Sockels<hex:03>",0,0,0
5163,"Wartungsgang",0,"",0,0,1,0,0,"<hex:02093DE802FF11>zum Wartungsgang<hex:FF15>auf dem Wartungsgang<hex:FF11>der Wartungsgang<hex:03>",0,0,0
5164,"Kiesgrube",0,"",0,0,1,0,0,"<hex:020933E802FF0E>zur Kiesgrube<hex:FF11>in der Kiesgrube<hex:FF0E>die Kiesgrube<hex:03>",0,0,0
5165,"Flüchtlingssiedlung",0,"",0,0,1,0,0,"<hex:020954E802FF19>zur Flüchtlingssiedlung<hex:FF1C>in der Flüchtlingssiedlung<hex:FF19>die Flüchtlingssiedlung<hex:03>",0,0,0
5166,"Förderbandrutsche",0,"",0,0,1,0,0,"<hex:02094FE802FF17>zur Förderbandrutsche<hex:FF1B>auf der Förderbandrutsche<hex:FF17>die Förderbandrutsche<hex:03>",0,0,0
5167,"Haupttor",0,"",0,0,1,0,0,"<hex:02092CE802FF0D>zum Haupttor<hex:FF0C>am Haupttor<hex:FF0D>das Haupttor<hex:03>",0,0,0
5168,"Hauptsaal",0,"",0,0,1,0,0,"<hex:02092FE802FF0E>zum Hauptsaal<hex:FF0D>im Hauptsaal<hex:FF0E>der Hauptsaal<hex:03>",0,0,0
5169,"Verbindungsfahrstuhl",0,"",0,0,1,0,0,"<hex:020950E802FF19>zum Verbindungsfahrstuhl<hex:FF18>im Verbindungsfahrstuhl<hex:FF19>der Verbindungsfahrstuhl<hex:03>",0,0,0
5170,"Ablaufschacht",0,"",0,0,1,0,0,"<hex:02093BE802FF12>zum Ablaufschacht<hex:FF11>im Ablaufschacht<hex:FF12>der Ablaufschacht<hex:03>",0,0,0
5171,"Wartungsschacht",0,"",0,0,1,0,0,"<hex:020941E802FF14>zum Wartungsschacht<hex:FF13>im Wartungsschacht<hex:FF14>der Wartungsschacht<hex:03>",0,0,0
5172,"Wareneingang",0,"",0,0,1,0,0,"<hex:020938E802FF11>zum Wareneingang<hex:FF10>am Wareneingang<hex:FF11>der Wareneingang<hex:03>",0,0,0
5173,"Empfangszimmer",0,"",0,0,1,0,0,"<hex:02093EE802FF13>zum Empfangszimmer<hex:FF12>im Empfangszimmer<hex:FF13>das Empfangszimmer<hex:03>",0,0,0
5174,"Vorzimmer zur Audienzhalle",0,"",0,0,1,0,0,"<hex:020962E802FF1F>zum Vorzimmer zur Audienzhalle<hex:FF1E>im Vorzimmer zur Audienzhalle<hex:FF1F>das Vorzimmer zur Audienzhalle<hex:03>",0,0,0
5175,"Kunstring",0,"",0,0,1,0,0,"<hex:02092FE802FF0E>zum Kunstring<hex:FF0D>im Kunstring<hex:FF0E>der Kunstring<hex:03>",0,0,0
5176,"Tanzring",0,"",0,0,1,0,0,"<hex:02092CE802FF0D>zum Tanzring<hex:FF0C>im Tanzring<hex:FF0D>der Tanzring<hex:03>",0,0,0
5177,"Wolfsring",0,"",0,0,1,0,0,"<hex:02092FE802FF0E>zum Wolfsring<hex:FF0D>im Wolfsring<hex:FF0E>der Wolfsring<hex:03>",0,0,0
5178,"Jagdring",0,"",0,0,1,0,0,"<hex:02092CE802FF0D>zum Jagdring<hex:FF0C>im Jagdring<hex:FF0D>der Jagdring<hex:03>",0,0,0
5179,"Turm des Blutes",0,"",0,0,1,0,0,"<hex:020941E802FF14>zum Turm des Blutes<hex:FF13>im Turm des Blutes<hex:FF14>der Turm des Blutes<hex:03>",0,0,0
5180,"Fuß des Turmes",0,"",0,0,1,0,0,"<hex:020941E802FF14>zum Fuß des Turmes<hex:FF13>am Fuß des Turmes<hex:FF14>der Fuß des Turmes<hex:03>",0,0,0
5181,"Zentrale Galerie",0,"",0,0,1,0,0,"<hex:02094AE802FF16>zur zentralen Galerie<hex:FF19>in der zentralen Galerie<hex:FF15>die zentrale Galerie<hex:03>",0,0,0
5182,"Zentraler Westkorridor",0,"",0,0,1,0,0,"<hex:020955E802FF1B>zum zentralen Westkorridor<hex:FF1A>im zentralen Westkorridor<hex:FF1A>der zentrale Westkorridor<hex:03>",0,0,0
5183,"Zentraler Ostkorridor",0,"",0,0,1,0,0,"<hex:020952E802FF1A>zum zentralen Ostkorridor<hex:FF19>im zentralen Ostkorridor<hex:FF19>der zentrale Ostkorridor<hex:03>",0,0,0
5184,"Geheimer Winkel 1",0,"",0,0,1,0,0,"<hex:020946E802FF16>zum geheimen Winkel 1<hex:FF15>im geheimen Winkel 1<hex:FF15>der geheime Winkel 1<hex:03>",0,0,0
5185,"Geheimer Winkel 2",0,"",0,0,1,0,0,"<hex:020946E802FF16>zum geheimen Winkel 2<hex:FF15>im geheimen Winkel 2<hex:FF15>der geheime Winkel 2<hex:03>",0,0,0
5186,"Geheimer Winkel 3",0,"",0,0,1,0,0,"<hex:020946E802FF16>zum geheimen Winkel 3<hex:FF15>im geheimen Winkel 3<hex:FF15>der geheime Winkel 3<hex:03>",0,0,0
5187,"Geheimer Winkel 4",0,"",0,0,1,0,0,"<hex:020946E802FF16>zum geheimen Winkel 4<hex:FF15>im geheimen Winkel 4<hex:FF15>der geheime Winkel 4<hex:03>",0,0,0
5188,"Geheimer Winkel 5",0,"",0,0,1,0,0,"<hex:020946E802FF16>zum geheimen Winkel 5<hex:FF15>im geheimen Winkel 5<hex:FF15>der geheime Winkel 5<hex:03>",0,0,0
5189,"Geheimer Winkel 6",0,"",0,0,1,0,0,"<hex:020946E802FF16>zum geheimen Winkel 6<hex:FF15>im geheimen Winkel 6<hex:FF15>der geheime Winkel 6<hex:03>",0,0,0
5190,"Geheimer Winkel 7",0,"",0,0,1,0,0,"<hex:020946E802FF16>zum geheimen Winkel 7<hex:FF15>im geheimen Winkel 7<hex:FF15>der geheime Winkel 7<hex:03>",0,0,0
5191,"Geheimer Winkel 8",0,"",0,0,1,0,0,"<hex:020946E802FF16>zum geheimen Winkel 8<hex:FF15>im geheimen Winkel 8<hex:FF15>der geheime Winkel 8<hex:03>",0,0,0
5192,"Oberer Außenbereich",0,"",0,0,1,0,0,"<hex:02094FE802FF19>zum oberen Außenbereich<hex:FF18>im oberen Außenbereich<hex:FF18>der obere Außenbereich<hex:03>",0,0,0
5193,"Oberer Innenbereich",0,"",0,0,1,0,0,"<hex:02094CE802FF18>zum oberen Innenbereich<hex:FF17>im oberen Innenbereich<hex:FF17>der obere Innenbereich<hex:03>",0,0,0
5194,"Turmhöhen-Tor",0,"",0,0,1,0,0,"<hex:02093EE802FF13>zum Turmhöhen-Tor<hex:FF12>am Turmhöhen-Tor<hex:FF13>das Turmhöhen-Tor<hex:03>",0,0,0
5195,"Turmhöhen-Korridor",0,"",0,0,1,0,0,"<hex:02094DE802FF18>zum Turmhöhen-Korridor<hex:FF17>im Turmhöhen-Korridor<hex:FF18>der Turmhöhen-Korridor<hex:03>",0,0,0
5196,"Eremitage der Seiten",0,"",0,0,1,0,0,"<hex:020954E802FF19>zur Eremitage der Seiten<hex:FF1C>in der Eremitage der Seiten<hex:FF19>die Eremitage der Seiten<hex:03>",0,0,0
5197,"Streng geheimer Winkel 1",0,"",0,0,1,0,0,"<hex:02095BE802FF1D>zum streng geheimen Winkel 1<hex:FF1C>im streng geheimen Winkel 1<hex:FF1C>der streng geheime Winkel 1<hex:03>",0,0,0
5198,"Streng geheimer Winkel 2",0,"",0,0,1,0,0,"<hex:02095BE802FF1D>zum streng geheimen Winkel 2<hex:FF1C>im streng geheimen Winkel 2<hex:FF1C>der streng geheime Winkel 2<hex:03>",0,0,0
5199,"Streng geheimer Winkel 3",0,"",0,0,1,0,0,"<hex:02095BE802FF1D>zum streng geheimen Winkel 3<hex:FF1C>im streng geheimen Winkel 3<hex:FF1C>der streng geheime Winkel 3<hex:03>",0,0,0
5200,"Paläografiezimmer",0,"",0,0,1,0,0,"<hex:02094AE802FF17>zum Paläografiezimmer<hex:FF16>im Paläografiezimmer<hex:FF17>das Paläografiezimmer<hex:03>",0,0,0
5201,"Astronomiezimmer",0,"",0,0,1,0,0,"<hex:020944E802FF15>zum Astronomiezimmer<hex:FF14>im Astronomiezimmer<hex:FF15>das Astronomiezimmer<hex:03>",0,0,0
5202,"Glaziologiezimmer",0,"",0,0,1,0,0,"<hex:020947E802FF16>zum Glaziologiezimmer<hex:FF15>im Glaziologiezimmer<hex:FF16>das Glaziologiezimmer<hex:03>",0,0,0
5203,"Hämatologiezimmer",0,"",0,0,1,0,0,"<hex:02094AE802FF17>zum Hämatologiezimmer<hex:FF16>im Hämatologiezimmer<hex:FF17>das Hämatologiezimmer<hex:03>",0,0,0
5204,"Zinkenweg",0,"",0,0,1,0,0,"<hex:020934E802FF0E>zum Zinkenweg<hex:FF12>auf dem Zinkenweg<hex:FF0E>der Zinkenweg<hex:03>",0,0,0
5205,"Riegelschloss",0,"",0,0,1,0,0,"<hex:02093BE802FF12>zum Riegelschloss<hex:FF11>am Riegelschloss<hex:FF12>das Riegelschloss<hex:03>",0,0,0
5206,"Heulbecken",0,"",0,0,1,0,0,"<hex:020932E802FF0F>zum Heulbecken<hex:FF0E>am Heulbecken<hex:FF0F>das Heulbecken<hex:03>",0,0,0
5207,"Nördliches Pfötchen",0,"",0,0,1,0,0,"<hex:020952E802FF1A>zum Nördlichen Pfötchen<hex:FF19>am Nördlichen Pfötchen<hex:FF19>das Nördliche Pfötchen<hex:03>",0,0,0
5208,"Westliches Pfötchen",0,"",0,0,1,0,0,"<hex:02094FE802FF19>zum Westlichen Pfötchen<hex:FF18>am Westlichen Pfötchen<hex:FF18>das Westliche Pfötchen<hex:03>",0,0,0
5209,"Südöstliches Pfützchen",0,"",0,0,1,0,0,"<hex:02095EE802FF1E>zum Südöstlichen Pfützchen<hex:FF1D>am Südöstlichen Pfützchen<hex:FF1D>das Südöstliche Pfützchen<hex:03>",0,0,0
5210,"Leere Löcher",0,"",0,0,1,0,0,"<hex:020947E802FF17>zu den Leeren Löchern<hex:FF17>an den Leeren Löchern<hex:FF13>die Leeren Löcher<hex:03>",0,0,0
5211,"Palus Arsenici",0,"",0,0,1,0,0,"<hex:02093EE802FF13>zum Palus Arsenici<hex:FF12>am Palus Arsenici<hex:FF13>der Palus Arsenici<hex:03>",0,0,0
5212,"Glimmpfuhl Alpha",0,"",0,0,1,0,0,"<hex:020944E802FF15>zum Glimmpfuhl Alpha<hex:FF14>am Glimmpfuhl Alpha<hex:FF15>der Glimmpfuhl Alpha<hex:03>",0,0,0
5213,"Glimmpfuhl Beta",0,"",0,0,1,0,0,"<hex:020941E802FF14>zum Glimmpfuhl Beta<hex:FF13>am Glimmpfuhl Beta<hex:FF14>der Glimmpfuhl Beta<hex:03>",0,0,0
5214,"Ätherfälle",0,"",0,0,1,0,0,"<hex:020941E802FF15>zu den Ätherfällen<hex:FF15>an den Ätherfällen<hex:FF11>die Ätherfälle<hex:03>",0,0,0
5215,"Wohnradius 8-71",0,"",0,0,1,0,0,"<hex:020941E802FF14>zum Wohnradius 8-71<hex:FF13>im Wohnradius 8-71<hex:FF14>der Wohnradius 8-71<hex:03>",0,0,0
5216,"Wohnradius 8-72",0,"",0,0,1,0,0,"<hex:020941E802FF14>zum Wohnradius 8-72<hex:FF13>im Wohnradius 8-72<hex:FF14>der Wohnradius 8-72<hex:03>",0,0,0
5217,"Innerer Wohnradius 8-72",0,"",0,0,1,0,0,"<hex:020958E802FF1C>zum inneren Wohnradius 8-72<hex:FF1B>im inneren Wohnradius 8-72<hex:FF1B>der innere Wohnradius 8-72<hex:03>",0,0,0
5218,"Yuweyawata",0,"",0,0,1,0,0,"<hex:02092FE802FF10>nach Yuweyawata<hex:FF0E>in Yuweyawata<hex:FF0B>Yuweyawata<hex:03>",0,0,0
5219,"Sinus Ardorum",0,"",0,0,1,0,0,"<hex:020938E802FF13>nach Sinus Ardorum<hex:FF11>in Sinus Ardorum<hex:FF0E>Sinus Ardorum<hex:03>",0,0,0
5220,"Kosmopforte",0,"",0,0,1,0,0,"<hex:020939E802FF10>zur Kosmopforte<hex:FF13>an der Kosmopforte<hex:FF10>die Kosmopforte<hex:03>",0,0,0
5221,"Kalabassenbucht ",0,"",0,0,1,0,0,"<hex:020946E802FF14>zur Kalabassenbucht<hex:FF17>in der Kalabassenbucht<hex:FF15>die Kalabassenbucht <hex:03>",0,0,0
5222,"Weddingways Traugarten",0,"",0,0,1,0,0,"<hex:020951E802FF1A>zu Weddingways Traugarten<hex:FF1A>in Weddingways Traugarten<hex:FF17>Weddingways Traugarten<hex:03>",0,0,0
5223,"Glimmberg",0,"",0,0,1,0,0,"<hex:02092FE802FF0E>zum Glimmberg<hex:FF0D>im Glimmberg<hex:FF0E>der Glimmberg<hex:03>",0,0,0
5224,"Lunarer Nadir",0,"",0,0,1,0,0,"<hex:02093AE802FF12>zum Lunaren Nadir<hex:FF11>im Lunaren Nadir<hex:FF11>der Lunare Nadir<hex:03>",0,0,0
5225,"Mondtor-Station",0,"",0,0,1,0,0,"<hex:020945E802FF14>zur Mondtor-Station<hex:FF17>in der Mondtor-Station<hex:FF14>die Mondtor-Station<hex:03>",0,0,0
5226,"Falltränen",0,"",0,0,1,0,0,"<hex:02093CE802FF13>zu den Falltränen<hex:FF13>in den Falltränen<hex:FF10>die Falltränen<hex:03>",0,0,0
5227,"Blühbetten",0,"",0,0,1,0,0,"<hex:02093CE802FF13>zu den Blühbetten<hex:FF13>in den Blühbetten<hex:FF10>die Blühbetten<hex:03>",0,0,0
5228,"Pilzstube",0,"",0,0,1,0,0,"<hex:020933E802FF0E>zur Pilzstube<hex:FF11>in der Pilzstube<hex:FF0E>die Pilzstube<hex:03>",0,0,0
5229,"Erdrutschloch",0,"",0,0,1,0,0,"<hex:02093BE802FF12>zum Erdrutschloch<hex:FF11>im Erdrutschloch<hex:FF12>das Erdrutschloch<hex:03>",0,0,0
5230,"Glimmspalt",0,"",0,0,1,0,0,"<hex:020932E802FF0F>zum Glimmspalt<hex:FF0E>im Glimmspalt<hex:FF0F>der Glimmspalt<hex:03>",0,0,0
5231,"Schreiende Krümel",0,"",0,0,1,0,0,"<hex:020956E802FF1C>zu den Schreienden Krümeln<hex:FF1C>in den Schreienden Krümeln<hex:FF18>die Schreienden Krümel<hex:03>",0,0,0
5232,"Leere Löcher",0,"",0,0,1,0,0,"<hex:020947E802FF17>zu den Leeren Löchern<hex:FF17>in den Leeren Löchern<hex:FF13>die Leeren Löcher<hex:03>",0,0,0
5233,"Heimdalls Trümmer",0,"",0,0,1,0,0,"<hex:020947E802FF17>zu Heimdalls Trümmern<hex:FF17>an Heimdalls Trümmern<hex:FF13>Heimdalls Trümmer<hex:03>",0,0,0
5234,"Frostdornen",0,"",0,0,1,0,0,"<hex:02093CE802FF13>zu den Frostdornen<hex:FF13>an den Frostdornen<hex:FF10>die Frostdornen<hex:03>",0,0,0
5235,"Chlorophos-Gewölbe",0,"",0,0,1,0,0,"<hex:02094DE802FF18>zum Chlorophos-Gewölbe<hex:FF17>im Chlorophos-Gewölbe<hex:FF18>das Chlorophos-Gewölbe<hex:03>",0,0,0
5236,"Fluffigplatz",0,"",0,0,1,0,0,"<hex:02093DE802FF11>zum Fluffigplatz<hex:FF15>auf dem Fluffigplatz<hex:FF11>der Fluffigplatz<hex:03>",0,0,0
5237,"Ätherfälle",0,"",0,0,1,0,0,"<hex:020941E802FF15>zu den Ätherfällen<hex:FF15>in den Ätherfällen<hex:FF11>die Ätherfälle<hex:03>",0,0,0
5238,"Piercingways Tunnel",0,"",0,0,1,0,0,"<hex:020948E802FF17>zu Piercingways Tunnel<hex:FF17>in Piercingways Tunnel<hex:FF14>Piercingways Tunnel<hex:03>",0,0,0
5239,"Nadir-Lift",0,"",0,0,1,0,0,"<hex:020932E802FF0F>zum Nadir-Lift<hex:FF0E>im Nadir-Lift<hex:FF0F>der Nadir-Lift<hex:03>",0,0,0
5240,"San d'Oria: Die zweite Etappe",0,"",0,0,1,0,0,"",0,0,0
5241,"San d'Oria",0,"",0,0,1,0,0,"<hex:02092FE802FF10>nach San d'Oria<hex:FF0E>in San d'Oria<hex:FF0B>San d'Oria<hex:03>",0,0,0
5242,"Ronfaure",0,"",0,0,1,0,0,"<hex:020929E802FF0E>nach Ronfaure<hex:FF0C>in Ronfaure<hex:FF09>Ronfaure<hex:03>",0,0,0
5243,"Horlais-Gipfel",0,"",0,0,1,0,0,"<hex:020943E802FF13>zum Horlais-Gipfel<hex:FF17>auf dem Horlais-Gipfel<hex:FF13>der Horlais-Gipfel<hex:03>",0,0,0
5244,"Flotten-Luftschiff",0,"",0,0,1,0,0,"<hex:02094FE802FF17>zum Flotten-Luftschiff<hex:FF1B>auf dem Flotten-Luftschiff<hex:FF17>das Flotten-Luftschiff<hex:03>",0,0,0
5245,"Flotten-Luftschiff II",0,"",0,0,1,0,0,"<hex:020958E802FF1A>zum Flotten-Luftschiff II<hex:FF1E>auf dem Flotten-Luftschiff II<hex:FF1A>das Flotten-Luftschiff II<hex:03>",0,0,0
5246,"Flotten-Luftschiff III",0,"",0,0,1,0,0,"<hex:02095BE802FF1B>zum Flotten-Luftschiff III<hex:FF1F>auf dem Flotten-Luftschiff III<hex:FF1B>das Flotten-Luftschiff III<hex:03>",0,0,0
5247,"Flotten-Luftschiff IV",0,"",0,0,1,0,0,"<hex:020958E802FF1A>zum Flotten-Luftschiff IV<hex:FF1E>auf dem Flotten-Luftschiff IV<hex:FF1A>das Flotten-Luftschiff IV<hex:03>",0,0,0
5248,"Qufim",0,"",0,0,1,0,0,"<hex:020920E802FF0B>nach Qufim<hex:FF09>in Qufim<hex:FF06>Qufim<hex:03>",0,0,0
5249,"Sternen-Fulcrum",0,"",0,0,1,0,0,"<hex:020941E802FF14>zum Sternen-Fulcrum<hex:FF13>im Sternen-Fulcrum<hex:FF14>der Sternen-Fulcrum<hex:03>",0,0,0
5250,"Ru'Avitau-Schrein",0,"",0,0,1,0,0,"<hex:020947E802FF16>zum Ru'Avitau-Schrein<hex:FF15>im Ru'Avitau-Schrein<hex:FF16>der Ru'Avitau-Schrein<hex:03>",0,0,0
5251,"Himmels-Nexus",0,"",0,0,1,0,0,"<hex:02093BE802FF12>zum Himmels-Nexus<hex:FF11>am Himmels-Nexus<hex:FF12>der Himmels-Nexus<hex:03>",0,0,0
5252,"San d'Oria",0,"",0,0,1,0,0,"<hex:02092FE802FF10>nach San d'Oria<hex:FF0E>in San d'Oria<hex:FF0B>San d'Oria<hex:03>",0,0,0
5253,"Ronfaure",0,"",0,0,1,0,0,"<hex:020929E802FF0E>nach Ronfaure<hex:FF0C>in Ronfaure<hex:FF09>Ronfaure<hex:03>",0,0,0
5254,"Horlais-Gipfel",0,"",0,0,1,0,0,"<hex:020943E802FF13>zum Horlais-Gipfel<hex:FF17>auf dem Horlais-Gipfel<hex:FF13>der Horlais-Gipfel<hex:03>",0,0,0
5255,"Qufim",0,"",0,0,1,0,0,"<hex:020920E802FF0B>nach Qufim<hex:FF09>in Qufim<hex:FF06>Qufim<hex:03>",0,0,0
5256,"Sternen-Fulcrum",0,"",0,0,1,0,0,"<hex:020941E802FF14>zum Sternen-Fulcrum<hex:FF13>im Sternen-Fulcrum<hex:FF14>der Sternen-Fulcrum<hex:03>",0,0,0
5257,"Ru'Avitau-Schrein",0,"",0,0,1,0,0,"<hex:020947E802FF16>zum Ru'Avitau-Schrein<hex:FF15>im Ru'Avitau-Schrein<hex:FF16>der Ru'Avitau-Schrein<hex:03>",0,0,0
5258,"Himmels-Nexus",0,"",0,0,1,0,0,"<hex:02093BE802FF12>zum Himmels-Nexus<hex:FF11>am Himmels-Nexus<hex:FF12>der Himmels-Nexus<hex:03>",0,0,0
5259,"Oraguille-Schloss",0,"",0,0,1,0,0,"<hex:020947E802FF16>zum Oraguille-Schloss<hex:FF15>im Oraguille-Schloss<hex:FF16>das Oraguille-Schloss<hex:03>",0,0,0
5260,"Hochland-Arena",0,"",0,0,1,0,0,"<hex:020942E802FF13>zur Hochland-Arena<hex:FF16>in der Hochland-Arena<hex:FF13>die Hochland-Arena<hex:03>",0,0,0
5261,"Flotten-Luftschiff",0,"",0,0,1,0,0,"<hex:02094FE802FF17>zum Flotten-Luftschiff<hex:FF1B>auf dem Flotten-Luftschiff<hex:FF17>das Flotten-Luftschiff<hex:03>",0,0,0
5262,"Flotten-Luftschiff II",0,"",0,0,1,0,0,"<hex:020958E802FF1A>zum Flotten-Luftschiff II<hex:FF1E>auf dem Flotten-Luftschiff II<hex:FF1A>das Flotten-Luftschiff II<hex:03>",0,0,0
5263,"Flotten-Luftschiff III",0,"",0,0,1,0,0,"<hex:02095BE802FF1B>zum Flotten-Luftschiff III<hex:FF1F>auf dem Flotten-Luftschiff III<hex:FF1B>das Flotten-Luftschiff III<hex:03>",0,0,0
5264,"Flotten-Luftschiff IV",0,"",0,0,1,0,0,"<hex:020958E802FF1A>zum Flotten-Luftschiff IV<hex:FF1E>auf dem Flotten-Luftschiff IV<hex:FF1A>das Flotten-Luftschiff IV<hex:03>",0,0,0
5265,"Delkfutts-Turm",0,"",0,0,1,0,0,"<hex:02093EE802FF13>zum Delkfutts-Turm<hex:FF12>im Delkfutts-Turm<hex:FF13>der Delkfutts-Turm<hex:03>",0,0,0
5266,"Meso-System",0,"",0,0,1,0,0,"<hex:020935E802FF10>zum Meso-System<hex:FF0F>im Meso-System<hex:FF10>das Meso-System<hex:03>",0,0,0
5267,"Unteres Meso-System",0,"",0,0,1,0,0,"<hex:02094CE802FF18>zum unteren Meso-System<hex:FF17>im unteren Meso-System<hex:FF17>das untere Meso-System<hex:03>",0,0,0
5268,"Mittleres Meso-System",0,"",0,0,1,0,0,"<hex:020952E802FF1A>zum mittleren Meso-System<hex:FF19>im mittleren Meso-System<hex:FF19>das mittlere Meso-System<hex:03>",0,0,0
5269,"Oberes Meso-System",0,"",0,0,1,0,0,"<hex:020949E802FF17>zum oberen Meso-System<hex:FF16>im oberen Meso-System<hex:FF16>das obere Meso-System<hex:03>",0,0,0
5270,"Diversorium",0,"",0,0,1,0,0,"<hex:020935E802FF10>zum Diversorium<hex:FF0F>im Diversorium<hex:FF10>das Diversorium<hex:03>",0,0,0
5271,"Großer Saal",0,"",0,0,1,0,0,"<hex:020937E802FF11>zum großen Saal<hex:FF10>im großen Saal<hex:FF10>der große Saal<hex:03>",0,0,0
5272,"Essenzialerinnerungsbewahrung",0,"",0,0,1,0,0,"<hex:02096FE802FF22>zur Essenzialerinnerungsbewahrung<hex:FF25>in der Essenzialerinnerungsbewahrung<hex:FF22>die Essenzialerinnerungsbewahrung<hex:03>",0,0,0
5273,"Gespeicherter Medizintrakt",0,"",0,0,1,0,0,"<hex:020961E802FF1F>zum gespeicherten Medizintrakt<hex:FF1E>im gespeicherten Medizintrakt<hex:FF1E>der gespeicherte Medizintrakt<hex:03>",0,0,0
5274,"Gespeicherter Kerker",0,"",0,0,1,0,0,"<hex:02094FE802FF19>zum gespeicherten Kerker<hex:FF18>im gespeicherten Kerker<hex:FF18>das gespeicherte Kerker<hex:03>",0,0,0
5275,"Gespeicherte Hauptstadt",0,"",0,0,1,0,0,"<hex:02095FE802FF1D>zur gespeicherten Hauptstadt<hex:FF20>in der gespeicherten Hauptstadt<hex:FF1C>die gespeicherte Hauptstadt<hex:03>",0,0,0
5276,"Wildebene",0,"",0,0,1,0,0,"<hex:020934E802FF0E>zur Wildebene<hex:FF12>auf der Wildebene<hex:FF0E>die Wildebene<hex:03>",0,0,0
5277,"Pilgers Pfad",0,"",0,0,1,0,0,"<hex:020934E802FF10>zu Pilgers Pfad<hex:FF11>auf Pilgers Pfad<hex:FF0D>Pilgers Pfad<hex:03>",0,0,0
5278,"Pâtisserie",0,"",0,0,1,0,0,"",0,0,0
5279,"Küche",0,"",0,0,1,0,0,"",0,0,0
5280,"Cremes",0,"",0,0,1,0,0,"",0,0,0
5281,"Früchte",0,"",0,0,1,0,0,"",0,0,0
5282,"Beläge",0,"",0,0,1,0,0,"",0,0,0
5283,"Dekorationen",0,"",0,0,1,0,0,"",0,0,0
5284,"Fülle des Todes",0,"",0,0,1,0,0,"<hex:020948E802FF15>zur Fülle des Todes<hex:FF18>in der Fülle des Todes<hex:FF15>die Fülle des Todes<hex:03>",0,0,0
5285,"Abgrund",0,"",0,0,1,0,0,"<hex:02092AE802FF0C>zum Abgrund<hex:FF0C>im Abrgrund<hex:FF0C>der Abgrund<hex:03>",0,0,0
5286,"Kühltunnel",0,"",0,0,1,0,0,"<hex:020935E802FF10>zum Kühltunnel<hex:FF0F>im Kühltunnel<hex:FF10>der Kühltunnel<hex:03>",0,0,0
5287,"Westliche Glasbläser-Basis",0,"",0,0,1,0,0,"<hex:02096BE802FF21>zur westlichen Glasbläser-Basis<hex:FF24>in der westlichen Glasbläser-Basis<hex:FF20>die westliche Glasbläser-Basis<hex:03>",0,0,0
5288,"Opal-Kreuzung",0,"",0,0,1,0,0,"<hex:02093FE802FF12>zur Opal-Kreuzung<hex:FF15>an der Opal-Kreuzung<hex:FF12>die Opal-Kreuzung<hex:03>",0,0,0
5289,"Oberlauf des Weichglasspiegels",0,"",0,0,1,0,0,"<hex:02096EE802FF23>zum Oberlauf des Weichglasspiegels<hex:FF22>am Oberlauf des Weichglasspiegels<hex:FF23>der Oberlauf des Weichglasspiegels<hex:03>",0,0,0
5290,"Nördlicher Mittellauf des Weichglasspiegels",0,"",0,0,1,0,0,"<hex:020997E802FF31>zum nördlichen Mittellauf des Weichglasspiegels<hex:FF30>am nördlichen Mittellauf des Weichglasspiegels<hex:FF30>der nördliche Mittellauf des Weichglasspiegels<hex:03>",0,0,0
5291,"Südlicher Mittellauf des Weichglasspiegels",0,"",0,0,1,0,0,"<hex:020994E802FF30>zum südlichen Mittellauf des Weichglasspiegels<hex:FF2F>am südlichen Mittellauf des Weichglasspiegels<hex:FF2F>der südliche Mittellauf des Weichglasspiegels<hex:03>",0,0,0
5292,"Unterlauf des Weichglasspiegels",0,"",0,0,1,0,0,"<hex:020971E802FF24>zum Unterlauf des Weichglasspiegels<hex:FF23>am Unterlauf des Weichglasspiegels<hex:FF24>der Unterlauf des Weichglasspiegels<hex:03>",0,0,0
5293,"Prismatische Senke",0,"",0,0,1,0,0,"<hex:020950E802FF18>zur prismatischen Senke<hex:FF1B>in der prismatischen Senke<hex:FF17>die prismatische Senke<hex:03>",0,0,0
5294,"Kapsel-Becken",0,"",0,0,1,0,0,"<hex:02093BE802FF12>zum Kapsel-Becken<hex:FF11>im Kapsel-Becken<hex:FF12>das Kapsel-Becken<hex:03>",0,0,0
5295,"Schaumgrund",0,"",0,0,1,0,0,"<hex:020935E802FF10>zum Schaumgrund<hex:FF0F>im Schaumgrund<hex:FF10>der Schaumgrund<hex:03>",0,0,0
5296,"Fusingway-Fluss",0,"",0,0,1,0,0,"<hex:020941E802FF14>zum Fusingway-Fluss<hex:FF13>am Fusingway-Fluss<hex:FF14>der Fusingway-Fluss<hex:03>",0,0,0
5297,"Tresor Oneiron",0,"",0,0,1,0,0,"<hex:02093EE802FF13>zum Tresor Oneiron<hex:FF12>im Tresor Oneiron<hex:FF13>der Tresor Oneiron<hex:03>",0,0,0
5298,"Flotten-Luftschiff",0,"",0,0,1,0,0,"<hex:02094FE802FF17>zum Flotten-Luftschiff<hex:FF1B>auf dem Flotten-Luftschiff<hex:FF17>das Flotten-Luftschiff<hex:03>",0,0,0
5299,"",0,"",0,0,0,0,0,"",0,0,0
5300,"Mecha-Einsatz",0,"",0,0,1,0,0,"",0,0,0
5301,"Phaenna",0,"",0,0,1,0,0,"<hex:020927E802FF0D>nach Phaenna<hex:FF0C>auf Phaenna<hex:FF08>Phaenna<hex:03>",0,0,0
5302,"Glasbläser-Grotte",0,"",0,0,1,0,0,"<hex:02094EE802FF17>zur Glasbläser-Grotte<hex:FF1A>in der Glasbläser-Grotte<hex:FF17>die Glasbläser-Grotte<hex:03>",0,0,0
5303,"Millefiori-Hügel",0,"",0,0,1,0,0,"<hex:02094CE802FF16>zum Millefiori-Hügel<hex:FF1A>auf dem Millefiori-Hügel<hex:FF16>der Millefiori-Hügel<hex:03>",0,0,0
5304,"Weichglasspiegel",0,"",0,0,1,0,0,"<hex:020944E802FF15>zum Weichglasspiegel<hex:FF14>am Weichglasspiegel<hex:FF15>der Weichglasspiegel<hex:03>",0,0,0
5305,"Glassteinküste",0,"",0,0,1,0,0,"<hex:020945E802FF14>zur Glassteinküste<hex:FF17>an der Glassteinküste<hex:FF14>die Glassteinküste<hex:03>",0,0,0
5306,"Schillerstufen",0,"",0,0,1,0,0,"<hex:020946E802FF16>zu den Schillerstufen<hex:FF17>auf den Schillerstufen<hex:FF13>die Schillerstufen<hex:03>",0,0,0
5307,"Kapselgrund",0,"",0,0,1,0,0,"<hex:020935E802FF10>zum Kapselgrund<hex:FF0F>im Kapselgrund<hex:FF10>der Kapselgrund<hex:03>",0,0,0
5308,"Fusingway-Schlund",0,"",0,0,1,0,0,"<hex:020947E802FF16>zum Fusingway-Schlund<hex:FF15>im Fusingway-Schlund<hex:FF16>der Fusingway-Schlund<hex:03>",0,0,0
5309,"Kühltunnel",0,"",0,0,1,0,0,"<hex:020935E802FF10>zum Kühltunnel<hex:FF0F>im Kühltunnel<hex:FF10>der Kühltunnel<hex:03>",0,0,0
5310,"Kühlnarbe",0,"",0,0,1,0,0,"<hex:020936E802FF0F>zur Kühlnarbe<hex:FF12>in der Kühlnarbe<hex:FF0F>die Kühlnarbe<hex:03>",0,0,0
5311,"Windatem-Balg",0,"",0,0,1,0,0,"<hex:02093BE802FF12>zum Windatem-Balg<hex:FF11>am Windatem-Balg<hex:FF12>der Windatem-Balg<hex:03>",0,0,0
5312,"Erdatem-Balg",0,"",0,0,1,0,0,"<hex:020938E802FF11>zum Erdatem-Balg<hex:FF10>am Erdatem-Balg<hex:FF11>der Erdatem-Balg<hex:03>",0,0,0
5313,"Slumpingway-Fälle",0,"",0,0,1,0,0,"<hex:020953E802FF1B>zu den Slumpingway-Fällen<hex:FF1B>an den Slumpingway-Fällen<hex:FF17>die Slumpingway-Fälle<hex:03>",0,0,0
5314,"Prismatische Senke",0,"",0,0,1,0,0,"<hex:020950E802FF18>zur prismatischen Senke<hex:FF1B>in der prismatischen Senke<hex:FF17>die prismatische Senke<hex:03>",0,0,0
5315,"Glitzersande",0,"",0,0,1,0,0,"<hex:020941E802FF15>zu den Glitzersanden<hex:FF15>an den Glitzersanden<hex:FF11>die Glitzersande<hex:03>",0,0,0
5316,"Glasbläser-Basis",0,"",0,0,1,0,0,"<hex:02094BE802FF16>zur Glasbläser-Basis<hex:FF19>in der Glasbläser-Basis<hex:FF16>die Glasbläser-Basis<hex:03>",0,0,0
5317,"Kapsel-Becken",0,"",0,0,1,0,0,"<hex:02093BE802FF12>zum Kapsel-Becken<hex:FF11>im Kapsel-Becken<hex:FF12>das Kapsel-Becken<hex:03>",0,0,0
5318,"Opal-Kreuzung",0,"",0,0,1,0,0,"<hex:02093FE802FF12>zur Opal-Kreuzung<hex:FF15>an der Opal-Kreuzung<hex:FF12>die Opal-Kreuzung<hex:03>",0,0,0
5319,"Marmorier-Plateau",0,"",0,0,1,0,0,"<hex:02094CE802FF16>zum Marmorier-Plateau<hex:FF1A>auf dem Marmorier-Plateau<hex:FF16>das Marmorier-Plateau<hex:03>",0,0,0
5320,"Weltraum-Reise",0,"",0,0,1,0,0,"<hex:020942E802FF13>zur Weltraum-Reise<hex:FF16>an der Weltraum-Reise<hex:FF13>die Weltraum-Reise<hex:03>",0,0,0
5321,"Alarmstufe Rot - Schnellreise",0,"",0,0,1,0,0,"<hex:02096FE802FF22>zur Alarmstufe Rot - Schnellreise<hex:FF25>an der Alarmstufe Rot - Schnellreise<hex:FF22>die Alarmstufe Rot - Schnellreise<hex:03>",0,0,0
5322,"",0,"",0,0,0,0,0,"",0,0,0
5323,"",0,"",0,0,0,0,0,"",0,0,0
5324,"",0,"",0,0,0,0,0,"",0,0,0
5325,"",0,"",0,0,0,0,0,"",0,0,0
5326,"",0,"",0,0,0,0,0,"",0,0,0
5327,"",0,"",0,0,0,0,0,"",0,0,0
5328,"",0,"",0,0,0,0,0,"",0,0,0
5329,"",0,"",0,0,0,0,0,"",0,0,0
5330,"",0,"",0,0,0,0,0,"",0,0,0
5331,"",0,"",0,0,0,0,0,"",0,0,0
5332,"",0,"",0,0,0,0,0,"",0,0,0
5333,"",0,"",0,0,0,0,0,"",0,0,0
5334,"",0,"",0,0,0,0,0,"",0,0,0
5335,"",0,"",0,0,0,0,0,"",0,0,0
5336,"",0,"",0,0,0,0,0,"",0,0,0
5337,"",0,"",0,0,0,0,0,"",0,0,0
5338,"",0,"",0,0,0,0,0,"",0,0,0
5339,"",0,"",0,0,0,0,0,"",0,0,0
5340,"",0,"",0,0,0,0,0,"",0,0,0
5341,"",0,"",0,0,0,0,0,"",0,0,0
5342,"",0,"",0,0,0,0,0,"",0,0,0
5343,"",0,"",0,0,0,0,0,"",0,0,0
5344,"",0,"",0,0,0,0,0,"",0,0,0
5345,"",0,"",0,0,0,0,0,"",0,0,0
5346,"",0,"",0,0,0,0,0,"",0,0,0
5347,"",0,"",0,0,0,0,0,"",0,0,0
5348,"",0,"",0,0,0,0,0,"",0,0,0
5349,"",0,"",0,0,0,0,0,"",0,0,0
5350,"Nebeltrift",0,"",0,0,1,0,0,"<hex:020936E802FF0F>zur Nebeltrift<hex:FF12>in der Nebeltrift<hex:FF0F>die Nebeltrift<hex:03>",0,0,0
5351,"Quans Höhle",0,"",0,0,1,0,0,"<hex:020935E802FF12>nach Quans Höhle<hex:FF10>in Quans Höhle<hex:FF0D>Quans Höhle<hex:03>",0,0,0
5352,"Treno-Ebene",0,"",0,0,1,0,0,"<hex:02093AE802FF10>zur Treno-Ebene<hex:FF14>auf der Treno-Ebene<hex:FF10>die Treno-Ebene<hex:03>",0,0,0
5353,"Treno-Stadt",0,"",0,0,1,0,0,"<hex:020932E802FF11>nach Treno-Stadt<hex:FF0F>in Treno-Stadt<hex:FF0C>Treno-Stadt<hex:03>",0,0,0
5354,"Steinernes Nest",0,"",0,0,1,0,0,"<hex:020940E802FF14>zum steinernen Nest<hex:FF13>im steinernen Nest<hex:FF13>das steinerne Nest<hex:03>",0,0,0
5355,"Boulevardplatz",0,"",0,0,1,0,0,"<hex:020943E802FF13>zum Boulevardplatz<hex:FF17>auf dem Boulevardplatz<hex:FF13>der Boulevardplatz<hex:03>",0,0,0
5356,"Rathausplatz",0,"",0,0,1,0,0,"<hex:02093DE802FF11>zum Rathausplatz<hex:FF15>auf dem Rathausplatz<hex:FF11>der Rathausplatz<hex:03>",0,0,0
5357,"Quans Höhle",0,"",0,0,1,0,0,"<hex:020935E802FF12>nach Quans Höhle<hex:FF10>in Quans Höhle<hex:FF0D>Quans Höhle<hex:03>",0,0,0
5358,"Treno-Ebene",0,"",0,0,1,0,0,"<hex:02093AE802FF10>zur Treno-Ebene<hex:FF14>auf der Treno-Ebene<hex:FF10>die Treno-Ebene<hex:03>",0,0,0
5359,"Treno-Stadt",0,"",0,0,1,0,0,"<hex:020932E802FF11>nach Treno-Stadt<hex:FF0F>in Treno-Stadt<hex:FF0C>Treno-Stadt<hex:03>",0,0,0
5360,"Verlassener Bruch",0,"",0,0,1,0,0,"<hex:020946E802FF16>zum verlassenen Bruch<hex:FF15>im verlassenen Bruch<hex:FF15>der verlassene Bruch<hex:03>",0,0,0
5361,"Gütergleise",0,"",0,0,1,0,0,"<hex:020942E802FF15>zu den Gütergleisen<hex:FF16>auf den Gütergleisen<hex:FF11>die Gütergleise<hex:03>",0,0,0
5362,"Weg nach Treno",0,"",0,0,1,0,0,"<hex:020943E802FF13>zum Weg nach Treno<hex:FF17>auf dem Weg nach Treno<hex:FF13>der Weg nach Treno<hex:03>",0,0,0
5363,"Stadttore",0,"",0,0,1,0,0,"<hex:020938E802FF12>zu den Stadttoren<hex:FF12>an den Stadttoren<hex:FF0E>die Stadttore<hex:03>",0,0,0
5364,"Kleinstadt",0,"",0,0,1,0,0,"<hex:02092FE802FF10>nach Kleinstadt<hex:FF0E>in Kleinstadt<hex:FF0B>Kleinstadt<hex:03>",0,0,0
5365,"Hauptstraße",0,"",0,0,1,0,0,"<hex:02093DE802FF11>zur Hauptstraße<hex:FF15>auf der Hauptstraße<hex:FF11>die Hauptstraße<hex:03>",0,0,0
5366,"Gartengasse",0,"",0,0,1,0,0,"<hex:020939E802FF10>zur Gartengasse<hex:FF13>in der Gartengasse<hex:FF10>die Gartengasse<hex:03>",0,0,0
5367,"Gütergleise",0,"",0,0,1,0,0,"<hex:020942E802FF15>zu den Gütergleisen<hex:FF16>auf den Gütergleisen<hex:FF11>die Gütergleise<hex:03>",0,0,0
5368,"???",0,"",0,0,1,0,0,"<hex:02091AE802FF09>nach ???<hex:FF07>in ???<hex:FF04>???<hex:03>",0,0,0
5369,"Vampirring",0,"",0,0,1,0,0,"<hex:020932E802FF0F>zum Vampirring<hex:FF0E>im Vampirring<hex:FF0F>der Vampirring<hex:03>",0,0,0
5370,"Extremring",0,"",0,0,1,0,0,"<hex:020932E802FF0F>zum Extremring<hex:FF0E>im Extremring<hex:FF0F>der Extremring<hex:03>",0,0,0
5371,"Tyrannenring",0,"",0,0,1,0,0,"<hex:020938E802FF11>zum Tyrannenring<hex:FF10>im Tyrannenring<hex:FF11>der Tyrannenring<hex:03>",0,0,0
5372,"",0,"",0,0,0,0,0,"",0,0,0
5373,"",0,"",0,0,0,0,0,"",0,0,0
5374,"",0,"",0,0,0,0,0,"",0,0,0
5375,"",0,"",0,0,0,0,0,"",0,0,0
5376,"",0,"",0,0,0,0,0,"",0,0,0
5377,"",0,"",0,0,0,0,0,"",0,0,0
5378,"",0,"",0,0,0,0,0,"",0,0,0
5379,"",0,"",0,0,0,0,0,"",0,0,0
5380,"",0,"",0,0,0,0,0,"",0,0,0
5381,"",0,"",0,0,0,0,0,"",0,0,0
5382,"",0,"",0,0,0,0,0,"",0,0,0
5383,"",0,"",0,0,0,0,0,"",0,0,0
5384,"",0,"",0,0,0,0,0,"",0,0,0
5385,"",0,"",0,0,0,0,0,"",0,0,0
5386,"",0,"",0,0,0,0,0,"",0,0,0
5387,"",0,"",0,0,0,0,0,"",0,0,0
5388,"",0,"",0,0,0,0,0,"",0,0,0
5389,"",0,"",0,0,0,0,0,"",0,0,0
5390,"",0,"",0,0,0,0,0,"",0,0,0
5391,"",0,"",0,0,0,0,0,"",0,0,0
5392,"",0,"",0,0,0,0,0,"",0,0,0
5393,"",0,"",0,0,0,0,0,"",0,0,0
5394,"",0,"",0,0,0,0,0,"",0,0,0
5395,"",0,"",0,0,0,0,0,"",0,0,0
5396,"",0,"",0,0,0,0,0,"",0,0,0
5397,"",0,"",0,0,0,0,0,"",0,0,0
5398,"",0,"",0,0,0,0,0,"",0,0,0
5399,"",0,"",0,0,0,0,0,"",0,0,0
5400,"",0,"",0,0,0,0,0,"",0,0,0
5401,"",0,"",0,0,0,0,0,"",0,0,0
5402,"",0,"",0,0,0,0,0,"",0,0,0
5403,"",0,"",0,0,0,0,0,"",0,0,0
5404,"",0,"",0,0,0,0,0,"",0,0,0
5405,"Arkadionring",0,"",0,0,1,0,0,"<hex:020938E802FF11>zum Arkadionring<hex:FF10>im Arkadionring<hex:FF11>der Arkadionring<hex:03>",0,0,0
5406,"Oizys",0,"",0,0,1,0,0,"<hex:020921E802FF0B>nach Oizys<hex:FF0A>auf Oizys<hex:FF06>Oizys<hex:03>",0,0,0
5407,"Megalithopolis",0,"",0,0,1,0,0,"<hex:020942E802FF13>zur Megalithopolis<hex:FF16>in der Megalithopolis<hex:FF13>die Megalithopolis<hex:03>",0,0,0
5408,"Erg Eris",0,"",0,0,1,0,0,"<hex:020929E802FF0E>nach Erg Eris<hex:FF0C>in Erg Eris<hex:FF09>Erg Eris<hex:03>",0,0,0
5409,"Regolift",0,"",0,0,1,0,0,"<hex:02092CE802FF0D>zum Regolift<hex:FF0C>im Regolift<hex:FF0D>der Regolift<hex:03>",0,0,0
5410,"Kap Geras",0,"",0,0,1,0,0,"<hex:02092DE802FF0F>nach Kap Geras<hex:FF0E>auf Kap Geras<hex:FF0A>Kap Geras<hex:03>",0,0,0
5411,"Moros-Brunnen",0,"",0,0,1,0,0,"<hex:02093BE802FF12>zum Moros-Brunnen<hex:FF11>am Moros-Brunnen<hex:FF12>der Moros-Brunnen<hex:03>",0,0,0
5412,"Schattenflotte",0,"",0,0,1,0,0,"<hex:020943E802FF13>zur Schattenflotte<hex:FF17>auf der Schattenflotte<hex:FF13>die Schattenflotte<hex:03>",0,0,0
5413,"Tiefgrünes Echo",0,"",0,0,1,0,0,"<hex:020943E802FF15>zum Tiefgrünen Echo<hex:FF14>am Tiefgrünen Echo<hex:FF14>das Tiefgrüne Echo<hex:03>",0,0,0
5414,"Schildwand",0,"",0,0,1,0,0,"<hex:020936E802FF0F>zur Schildwand<hex:FF12>an der Schildwand<hex:FF0F>die Schildwand<hex:03>",0,0,0
5415,"Falscher Wall",0,"",0,0,1,0,0,"<hex:02093AE802FF12>zum Falschen Wall<hex:FF11>am Falschen Wall<hex:FF11>der Falsche Wall<hex:03>",0,0,0
5416,"Eingestürzter Tunnel",0,"",0,0,1,0,0,"<hex:020952E802FF1A>zum eingestürzten Tunnel<hex:FF19>im eingestürzten Tunnel<hex:FF19>der eingestürzte Tunnel<hex:03>",0,0,0
5417,"Längstverlorene Karotte",0,"",0,0,1,0,0,"<hex:020962E802FF1E>zur Längstverlorenen Karotte<hex:FF21>an der Längstverlorenen Karotte<hex:FF1D>die Längstverlorene Karotte<hex:03>",0,0,0
5418,"Oase der Gegangenen",0,"",0,0,1,0,0,"<hex:020951E802FF18>zur Oase der Gegangenen<hex:FF1B>in der Oase der Gegangenen<hex:FF18>die Oase der Gegangenen<hex:03>",0,0,0
5419,"Magnetsande",0,"",0,0,1,0,0,"<hex:02093EE802FF14>zu den Magnetsanden<hex:FF14>in den Magnetsanden<hex:FF10>die Magnetsande<hex:03>",0,0,0
5420,"Terra Firma",0,"",0,0,1,0,0,"<hex:020932E802FF11>nach Terra Firma<hex:FF0F>in Terra Firma<hex:FF0C>Terra Firma<hex:03>",0,0,0
5421,"Schlingrand",0,"",0,0,1,0,0,"<hex:020935E802FF10>zum Schlingrand<hex:FF0F>am Schlingrand<hex:FF10>der Schlingrand<hex:03>",0,0,0
5422,"Loser Anker",0,"",0,0,1,0,0,"<hex:020934E802FF10>zum Losen Anker<hex:FF0F>am Losen Anker<hex:FF0F>der Lose Anker<hex:03>",0,0,0
5423,"Tiefblaues Flaggschiff",0,"",0,0,1,0,0,"<hex:02095AE802FF1B>zum Tiefblauen Flaggschiff<hex:FF1F>auf dem Tiefblauen Flaggschiff<hex:FF1A>das Tiefblaue Flaggschiff<hex:03>",0,0,0
5424,"Wüstenbau",0,"",0,0,1,0,0,"<hex:020932E802FF0F>zum Wüstenbau<hex:FF0E>im Wüstenbau<hex:FF0F>der Wüstenbau<hex:03>",0,0,0
5425,"Oase der Gegangenen",0,"",0,0,1,0,0,"<hex:020951E802FF18>zur Oase der Gegangenen<hex:FF1B>in der Oase der Gegangenen<hex:FF18>die Oase der Gegangenen<hex:03>",0,0,0
5426,"Ost-Megalithopolis",0,"",0,0,1,0,0,"<hex:02094EE802FF17>zur Ost-Megalithopolis<hex:FF1A>in der Ost-Megalithopolis<hex:FF17>die Ost-Megalithopolis<hex:03>",0,0,0
5427,"Magnetnass",0,"",0,0,1,0,0,"<hex:020932E802FF0F>zum Magnetnass<hex:FF0E>im Magnetnass<hex:FF0F>das Magnetnass<hex:03>",0,0,0
5428,"Östlicher Tunnel",0,"",0,0,1,0,0,"<hex:020946E802FF16>zum östlichen Tunnel<hex:FF15>im östlichen Tunnel<hex:FF15>der östliche Tunnel<hex:03>",0,0,0
5429,"Moros-Brunnen",0,"",0,0,1,0,0,"<hex:02093BE802FF12>zum Moros-Brunnen<hex:FF11>am Moros-Brunnen<hex:FF12>der Moros-Brunnen<hex:03>",0,0,0
5430,"Indigobecken",0,"",0,0,1,0,0,"<hex:020938E802FF11>zum Indigobecken<hex:FF10>im Indigobecken<hex:FF11>das Indigobecken<hex:03>",0,0,0
5431,"Ruineninneres",0,"",0,0,1,0,0,"<hex:02093AE802FF12>zum Ruineninneren<hex:FF11>im Ruineninneren<hex:FF11>das Ruineninnere<hex:03>",0,0,0
5432,"Worqor Chirteh",0,"",0,0,1,0,0,"<hex:02093BE802FF14>nach Worqor Chirteh<hex:FF12>in Worqor Chirteh<hex:FF0F>Worqor Chirteh<hex:03>",0,0,0
5433,"Triumphpunkt 1",0,"",0,0,1,0,0,"<hex:020943E802FF13>zum Triumphpunkt 1<hex:FF17>auf dem Triumphpunkt 1<hex:FF13>der Triumphpunkt 1<hex:03>",0,0,0
5434,"Triumphpunkt 2",0,"",0,0,1,0,0,"<hex:020943E802FF13>zum Triumphpunkt 2<hex:FF17>auf dem Triumphpunkt 2<hex:FF13>der Triumphpunkt 2<hex:03>",0,0,0
5435,"Triumphpunkt 3",0,"",0,0,1,0,0,"<hex:020943E802FF13>zum Triumphpunkt 3<hex:FF17>auf dem Triumphpunkt 3<hex:FF13>der Triumphpunkt 3<hex:03>",0,0,0
5436,"Triumphpunkt 4",0,"",0,0,1,0,0,"<hex:020943E802FF13>zum Triumphpunkt 4<hex:FF17>auf dem Triumphpunkt 4<hex:FF13>der Triumphpunkt 4<hex:03>",0,0,0
5437,"Triumphpunkt 5",0,"",0,0,1,0,0,"<hex:020943E802FF13>zum Triumphpunkt 5<hex:FF17>auf dem Triumphpunkt 5<hex:FF13>der Triumphpunkt 5<hex:03>",0,0,0
5438,"Triumphpunkt 6",0,"",0,0,1,0,0,"<hex:020943E802FF13>zum Triumphpunkt 6<hex:FF17>auf dem Triumphpunkt 6<hex:FF13>der Triumphpunkt 6<hex:03>",0,0,0
5439,"Triumphpunkt 7",0,"",0,0,1,0,0,"<hex:020943E802FF13>zum Triumphpunkt 7<hex:FF17>auf dem Triumphpunkt 7<hex:FF13>der Triumphpunkt 7<hex:03>",0,0,0
5440,"Triumphpunkt 8",0,"",0,0,1,0,0,"<hex:020943E802FF13>zum Triumphpunkt 8<hex:FF17>auf dem Triumphpunkt 8<hex:FF13>der Triumphpunkt 8<hex:03>",0,0,0
5441,"Triumphpunkt 9",0,"",0,0,1,0,0,"<hex:020943E802FF13>zum Triumphpunkt 9<hex:FF17>auf dem Triumphpunkt 9<hex:FF13>der Triumphpunkt 9<hex:03>",0,0,0
5442,"Triumphpunkt 10",0,"",0,0,1,0,0,"<hex:020946E802FF14>zum Triumphpunkt 10<hex:FF18>auf dem Triumphpunkt 10<hex:FF14>der Triumphpunkt 10<hex:03>",0,0,0
5443,"Triumphpunkt 11",0,"",0,0,1,0,0,"<hex:020946E802FF14>zum Triumphpunkt 11<hex:FF18>auf dem Triumphpunkt 11<hex:FF14>der Triumphpunkt 11<hex:03>",0,0,0
5444,"Triumphpunkt 12",0,"",0,0,1,0,0,"<hex:020946E802FF14>zum Triumphpunkt 12<hex:FF18>auf dem Triumphpunkt 12<hex:FF14>der Triumphpunkt 12<hex:03>",0,0,0
5445,"睡蓮湖近郊",0,"",0,0,1,0,0,"",0,0,0
5446,"Mondtor-Station",0,"",0,0,1,0,0,"<hex:020945E802FF14>zur Mondtor-Station<hex:FF17>in der Mondtor-Station<hex:FF14>die Mondtor-Station<hex:03>",0,0,0
5447,"Kalabassenbucht ",0,"",0,0,1,0,0,"<hex:020946E802FF14>zur Kalabassenbucht<hex:FF17>in der Kalabassenbucht<hex:FF15>die Kalabassenbucht <hex:03>",0,0,0
5448,"Weddingways Traugarten",0,"",0,0,1,0,0,"<hex:020951E802FF1A>zu Weddingways Traugarten<hex:FF1A>in Weddingways Traugarten<hex:FF17>Weddingways Traugarten<hex:03>",0,0,0
5449,"Glimmberg",0,"",0,0,1,0,0,"<hex:02092FE802FF0E>zum Glimmberg<hex:FF0D>im Glimmberg<hex:FF0E>der Glimmberg<hex:03>",0,0,0
5450,"Lunarer Nadir",0,"",0,0,1,0,0,"<hex:02093AE802FF12>zum Lunaren Nadir<hex:FF11>im Lunaren Nadir<hex:FF11>der Lunare Nadir<hex:03>",0,0,0
5451,"Glasbläser-Basis",0,"",0,0,1,0,0,"<hex:02094BE802FF16>zur Glasbläser-Basis<hex:FF19>in der Glasbläser-Basis<hex:FF16>die Glasbläser-Basis<hex:03>",0,0,0
5452,"Schillerstufen",0,"",0,0,1,0,0,"<hex:020946E802FF16>zu den Schillerstufen<hex:FF17>auf den Schillerstufen<hex:FF13>die Schillerstufen<hex:03>",0,0,0
5453,"Glassteinküste",0,"",0,0,1,0,0,"<hex:020945E802FF14>zur Glassteinküste<hex:FF17>an der Glassteinküste<hex:FF14>die Glassteinküste<hex:03>",0,0,0
5454,"Kapselgrund",0,"",0,0,1,0,0,"<hex:020935E802FF10>zum Kapselgrund<hex:FF0F>im Kapselgrund<hex:FF10>der Kapselgrund<hex:03>",0,0,0
5455,"Fusingway-Schlund",0,"",0,0,1,0,0,"<hex:020947E802FF16>zum Fusingway-Schlund<hex:FF15>im Fusingway-Schlund<hex:FF16>der Fusingway-Schlund<hex:03>",0,0,0
5456,"Terra Firma",0,"",0,0,1,0,0,"<hex:020932E802FF11>nach Terra Firma<hex:FF0F>in Terra Firma<hex:FF0C>Terra Firma<hex:03>",0,0,0
5457,"Nordwestlicher Regolift",0,"",0,0,1,0,0,"<hex:020958E802FF1C>zum nordwestlichen Regolift<hex:FF1B>im nordwestlichen Regolift<hex:FF1B>der nordwestliche Regolift<hex:03>",0,0,0
5458,"Kap Geras",0,"",0,0,1,0,0,"<hex:02092DE802FF0F>nach Kap Geras<hex:FF0E>auf Kap Geras<hex:FF0A>Kap Geras<hex:03>",0,0,0
5459,"Schattenflotte",0,"",0,0,1,0,0,"<hex:020943E802FF13>zur Schattenflotte<hex:FF17>auf der Schattenflotte<hex:FF13>die Schattenflotte<hex:03>",0,0,0
5460,"Wüstenbau",0,"",0,0,1,0,0,"<hex:020932E802FF0F>zum Wüstenbau<hex:FF0E>im Wüstenbau<hex:FF0F>der Wüstenbau<hex:03>",0,0,0
5461,"",0,"",0,0,0,0,0,"",0,0,0
5462,"",0,"",0,0,0,0,0,"",0,0,0
5463,"",0,"",0,0,0,0,0,"",0,0,0
5464,"",0,"",0,0,0,0,0,"",0,0,0
5465,"",0,"",0,0,0,0,0,"",0,0,0
5466,"",0,"",0,0,0,0,0,"",0,0,0
5467,"Dorgerwor der Scharfsinnige",0,"",0,0,1,0,0,"<hex:020963E802FF20>zu Dorgerwor dem Scharfsinnigen<hex:FF21>bei Dorgerwor dem Scharfsinnigen<hex:FF1C>Dorgerwor der Scharfsinnige<hex:03>",0,0,0
5468,"Weg des Gesangs",0,"",0,0,1,0,0,"<hex:020946E802FF14>zum Weg des Gesangs<hex:FF18>auf dem Weg des Gesangs<hex:FF14>der Weg des Gesangs<hex:03>",0,0,0
5469,"Chirteh-Burgruine",0,"",0,0,1,0,0,"<hex:02094CE802FF16>zur Chirteh-Burgruine<hex:FF1A>bei der Chirteh-Burgruine<hex:FF16>die Chirteh-Burgruine<hex:03>",0,0,0
5470,"Zirgor",0,"",0,0,1,0,0,"<hex:020922E802FF0A>zu Zirgor<hex:FF0B>auf Zirgor<hex:FF07>Zirgor<hex:03>",0,0,0
5471,"Silberhügel",0,"",0,0,1,0,0,"<hex:02093DE802FF11>zum Silberhügel<hex:FF15>auf dem Silberhügel<hex:FF11>der Silberhügel<hex:03>",0,0,0
5472,"Vahder",0,"",0,0,1,0,0,"<hex:020922E802FF0A>zu Vahder<hex:FF0B>auf Vahder<hex:FF07>Vahder<hex:03>",0,0,0
5473,"Schneeschmelze",0,"",0,0,1,0,0,"<hex:020942E802FF13>zur Schneeschmelze<hex:FF16>an der Schneeschmelze<hex:FF13>die Schneeschmelze<hex:03>",0,0,0
5474,"",0,"",0,0,0,0,0,"",0,0,0
5475,"",0,"",0,0,0,0,0,"",0,0,0
5476,"",0,"",0,0,0,0,0,"",0,0,0
5477,"",0,"",0,0,0,0,0,"",0,0,0
5478,"",0,"",0,0,0,0,0,"",0,0,0
5479,"",0,"",0,0,0,0,0,"",0,0,0
5480,"",0,"",0,0,0,0,0,"",0,0,0
5481,"",0,"",0,0,0,0,0,"",0,0,0
5482,"",0,"",0,0,0,0,0,"",0,0,0
5483,"",0,"",0,0,0,0,0,"",0,0,0
5484,"",0,"",0,0,0,0,0,"",0,0,0
5485,"",0,"",0,0,0,0,0,"",0,0,0
5486,"",0,"",0,0,0,0,0,"",0,0,0
5487,"",0,"",0,0,0,0,0,"",0,0,0
5488,"",0,"",0,0,0,0,0,"",0,0,0
5489,"",0,"",0,0,0,0,0,"",0,0,0
5490,"",0,"",0,0,0,0,0,"",0,0,0
5491,"",0,"",0,0,0,0,0,"",0,0,0
5492,"",0,"",0,0,0,0,0,"",0,0,0
5493,"",0,"",0,0,0,0,0,"",0,0,0
5494,"",0,"",0,0,0,0,0,"",0,0,0
5495,"",0,"",0,0,0,0,0,"",0,0,0
5496,"",0,"",0,0,0,0,0,"",0,0,0
5497,"",0,"",0,0,0,0,0,"",0,0,0
5498,"",0,"",0,0,0,0,0,"",0,0,0
5499,"",0,"",0,0,0,0,0,"",0,0,0
5500,"",0,"",0,0,0,0,0,"",0,0,0
