key,0,1,2,3,4,5,6,7,8,9,10,11,12,13,14,15,16,17,18,19,20,21,22,23,24,25,26,27,28,29,30,31,32,33,34,35,36,37,38,39,40,41,42,43,44,45,46,47,48,49,50,51,52,53,54,55,56,57,58,59,60,61,62,63
#,EventParameters[0].Turn,EventParameters[1].Turn,EventParameters[2].Turn,EventParameters[3].Turn,EventParameters[4].Turn,EventParameters[5].Turn,EventParameters[6].Turn,EventParameters[7].Turn,EventParameters[0].Gesture,EventParameters[1].Gesture,EventParameters[2].Gesture,EventParameters[3].Gesture,EventParameters[4].Gesture,EventParameters[5].Gesture,EventParameters[6].Gesture,EventParameters[7].Gesture,EventParameters[0].LipSync,EventParameters[1].LipSync,EventParameters[2].LipSync,EventParameters[3].LipSync,EventParameters[4].LipSync,EventParameters[5].LipSync,EventParameters[6].LipSync,EventParameters[7].LipSync,EventParameters[0].Facial,EventParameters[1].Facial,EventParameters[2].Facial,EventParameters[3].Facial,EventParameters[4].Facial,EventParameters[5].Facial,EventParameters[6].Facial,EventParameters[7].Facial,EventParameters[0].Shape,EventParameters[1].Shape,EventParameters[2].Shape,EventParameters[3].Shape,EventParameters[4].Shape,EventParameters[5].Shape,EventParameters[6].Shape,EventParameters[7].Shape,EventParameters[0].IsAutoShake,EventParameters[1].IsAutoShake,EventParameters[2].IsAutoShake,EventParameters[3].IsAutoShake,EventParameters[4].IsAutoShake,EventParameters[5].IsAutoShake,EventParameters[6].IsAutoShake,EventParameters[7].IsAutoShake,EventParameters[0].WidgetType,EventParameters[1].WidgetType,EventParameters[2].WidgetType,EventParameters[3].WidgetType,EventParameters[4].WidgetType,EventParameters[5].WidgetType,EventParameters[6].WidgetType,EventParameters[7].WidgetType,Text[0],Text[1],Text[2],Text[3],Text[4],Text[5],Text[6],Text[7]
offset,16,36,56,76,96,116,136,156,0,20,40,60,80,100,120,140,4,24,44,64,84,104,124,144,8,28,48,68,88,108,128,148,12,32,52,72,92,112,132,152,18,38,58,78,98,118,138,158,17,37,57,77,97,117,137,157,160,164,168,172,176,180,184,188
Int32,UInt8,UInt8,UInt8,UInt8,UInt8,UInt8,UInt8,UInt8,UInt32,UInt32,UInt32,UInt32,UInt32,UInt32,UInt32,UInt32,Int32,Int32,Int32,Int32,Int32,Int32,Int32,Int32,Int32,Int32,Int32,Int32,Int32,Int32,Int32,Int32,Int32,Int32,Int32,Int32,Int32,Int32,Int32,Int32,PackedBool0,PackedBool0,PackedBool0,PackedBool0,PackedBool0,PackedBool0,PackedBool0,PackedBool0,UInt8,UInt8,UInt8,UInt8,UInt8,UInt8,UInt8,UInt8,String,String,String,String,String,String,String,String
0,2,2,2,2,2,2,2,2,0,0,0,0,0,0,0,0,1,1,1,1,1,1,1,1,0,0,0,0,0,0,0,0,0,0,0,0,0,0,0,0,False,False,False,False,False,False,False,False,0,0,0,0,0,0,0,0,"","","","","","","",""
1,0,0,0,0,0,0,0,0,0,0,0,0,0,0,0,0,0,0,0,0,0,0,0,0,0,0,0,0,0,0,0,0,0,0,0,0,0,0,0,0,False,False,False,False,False,False,False,False,0,0,0,0,0,0,0,0,"","","","","","","",""
2,0,0,0,0,0,0,0,0,0,0,0,0,0,0,0,0,0,0,0,0,0,0,0,0,0,0,0,0,0,0,0,0,0,0,0,0,0,0,0,0,False,False,False,False,False,False,False,False,0,0,0,0,0,0,0,0,"","","","","","","",""
3,0,0,0,0,0,0,0,0,0,0,0,0,0,0,0,0,0,0,0,0,0,0,0,0,0,0,0,0,0,0,0,0,0,0,0,0,0,0,0,0,False,False,False,False,False,False,False,False,0,0,0,0,0,0,0,0,"","","","","","","",""
4,2,2,2,2,2,2,2,2,0,0,0,0,0,0,0,0,1,1,1,1,1,1,1,1,0,0,0,0,0,0,0,0,0,0,0,0,0,0,0,0,False,False,False,False,False,False,False,False,0,3,0,0,0,0,0,0,"La situation presse<hex:021D0103>! Nos précieux fruits vont être mangés par les galagos<hex:021D0103>! Si j'essaie de les récupérer, ils vont me charcuter<hex:021D0103>! Aidez-moi, je vous en prie<hex:021D0103>!","Aider le botaniste à récupérer les fruits<hex:021D0103>?<hex:02100103><hex:02100103><hex:024804F201F403><hex:024904F201F503>* Le niveau recommandé pour cet ALÉA est <hex:022003E80203>.<hex:0249020103><hex:0248020103>","","","Merci<hex:021D0103>! Je compte sur vous<hex:021D0103>!","","Vous n'êtes pas très sympa, dites donc.",""
5,2,2,2,2,2,2,2,2,0,0,0,0,0,0,0,0,1,1,1,1,1,1,1,1,0,0,0,0,0,0,0,0,0,0,0,0,0,0,0,0,False,False,False,False,False,False,False,False,0,2,0,0,0,0,0,0,"Vous m'apportez des prunes<hex:021D0103>?","","","","Merci<hex:021D0103>!","","Ah non<hex:021D0103>? Dommage.",""
6,2,2,2,2,2,2,2,2,0,0,0,0,0,0,0,0,1,1,1,1,1,1,1,1,0,0,0,0,0,0,0,0,0,0,0,0,0,0,0,0,False,False,False,False,False,False,False,False,0,0,0,0,0,0,0,0,"Récupérez les prunes qui jonchent le sol et apportez-les-moi<hex:021D0103>!","","","","","","",""
7,2,2,2,2,2,2,2,2,0,0,0,0,0,0,0,0,1,1,1,1,1,1,1,1,0,0,0,0,0,0,0,0,0,0,0,0,0,0,0,0,False,False,False,False,False,False,False,False,0,0,3,0,0,0,0,0,"Maudits braconniers<hex:021D0103>! Ils essaient de cacher les fourrures qu'ils ont chassées pour les récupérer quand nous serons partis.","Nous devons les stopper à tout prix<hex:021D0103>! Je vous en prie, joignez-vous à moi<hex:021D0103>!","Récupérer les fourrures braconnées<hex:021D0103>?<hex:02100103><hex:02100103><hex:024804F201F403><hex:024904F201F503>* Le niveau recommandé pour cet ALÉA est <hex:022003E80203>.<hex:0249020103><hex:0248020103>","","Bonne chance, et que Nophica vous garde<hex:021D0103>!","","Bien, dans ce cas je me chargerai de cette tâche moi-même.",""
8,2,2,2,2,2,2,2,2,0,0,0,0,0,0,0,0,1,1,1,1,1,1,1,1,0,0,0,0,0,0,0,0,0,0,0,0,0,0,0,0,False,False,False,False,False,False,False,False,0,2,0,0,0,0,0,0,"Avez-vous pu reprendre des fourrures aux braconniers<hex:021D0103>?","","","","Je vous remercie, aventuri<hex:02080DE905FF05>ère<hex:FF03>er<hex:03>, mais il reste peut-être des braconniers dans les environs.","","La zone grouille encore de braconniers. Chargez-vous d'eux avant qu'ils ne s'enfuient<hex:021D0103>!",""
9,2,2,2,2,2,2,2,2,0,0,0,0,0,0,0,0,1,1,1,1,1,1,1,1,0,0,0,0,0,0,0,0,0,0,0,0,0,0,0,0,False,False,False,False,False,False,False,False,0,0,0,0,0,0,0,0,"Faites vite<hex:021D0103>! Nous devons récupérer les fourrures avant que les braconniers puissent les cacher<hex:021D0103>!","","","","","","",""
10,2,2,2,2,2,2,2,2,0,0,0,0,0,0,0,0,1,1,1,1,1,1,1,1,0,0,0,0,0,0,0,0,0,0,0,0,0,0,0,0,False,False,False,False,False,False,False,False,0,0,3,0,0,0,0,0,"Ah, ces fichus Gobelins<hex:021D0103>! J'vous jure... Alors que je me soulageais en vitesse contre cet arbre, ces stupides créatures en ont profité pour me voler mes mar<hex:02160103>chan<hex:02160103>di<hex:02160103>ses.","Je ne suis qu'un modeste marchand<hex:021D0103>; la bagarre, c'est pas mon truc. Pourrais-je vous demander de récupérer mes biens<hex:021D0103>? Je vous récompenserai, bien entendu.","Aider le marchand à récupérer ses mar<hex:02160103>chan<hex:02160103>di<hex:02160103>ses<hex:021D0103>?<hex:02100103><hex:02100103><hex:024804F201F403><hex:024904F201F503>* Le niveau recommandé pour cet ALÉA est <hex:022003E80203>.<hex:0249020103><hex:0248020103>","","Montrez-leur qu'on ne se moque pas d'un Uldien impunément<hex:021D0103>!","","Et moi qui croyais que les aventuriers étaient d'une nature généreuse, je me trompais...",""
11,2,2,2,2,2,2,2,2,0,0,0,0,0,0,0,0,1,1,1,1,1,1,1,1,0,0,0,0,0,0,0,0,0,0,0,0,0,0,0,0,False,False,False,False,False,False,False,False,0,2,0,0,0,0,0,0,"Mes mar<hex:02160103>chan<hex:02160103>di<hex:02160103>ses étaient-elles intactes<hex:021D0103>?","","","","Oui, mais il y en avait d'autres... Bien plus<hex:021D0103>! Je vous en supplie, retrouvez ce qui m'appartient<hex:021D0103>!","","Alors que faites-vous là<hex:021D0103>!? Du nerf, bon sang<hex:021D0103>! Vous devez récupérer mes mar<hex:02160103>chan<hex:02160103>di<hex:02160103>ses<hex:021D0103>!",""
12,2,2,2,2,2,2,2,2,0,0,0,0,0,0,0,0,1,1,1,1,1,1,1,1,0,0,0,0,0,0,0,0,0,0,0,0,0,0,0,0,False,False,False,False,False,False,False,False,0,0,0,0,0,0,0,0,"Hâtez-vous avant que les Gobelins ne s'enfuient avec mes mar<hex:02160103>chan<hex:02160103>di<hex:02160103>ses<hex:021D0103>!","","","","","","",""
13,2,2,2,2,2,2,2,2,0,0,0,0,0,0,0,0,1,1,1,1,1,1,1,1,0,0,0,0,0,0,0,0,0,0,0,0,0,0,0,0,False,False,False,False,False,False,False,False,0,2,0,0,0,0,0,0,"Ce gros rocher que t'as là prend de la place dans ton sac. J'peux t'en débarrasser, si tu veux.","Donner le fragment de golem au prospecteur<hex:021D0103>?","","","Parfait. N'hésite pas à revenir me voir si jamais t'en trouves d'autres, je ne compte pas bouger d'ici.","","Tss... Quel<hex:020809E905FF03>le<hex:FF01><hex:03> radin<hex:020808E905FF02>e<hex:FF01><hex:03><hex:021D0103>! Et qu'est-ce que tu comptes faire de ce vieux rocher, de toute manière<hex:021D0103>? Le manger<hex:021D0103>!?",""
14,2,2,2,2,2,2,2,2,0,0,0,0,0,0,0,0,1,1,1,1,1,1,1,1,0,0,0,0,0,0,0,0,0,0,0,0,0,0,0,0,False,False,False,False,False,False,False,False,0,0,0,0,0,0,0,0,"Tu vois comme les pierres des golems s'attirent entre elles<hex:021D0103>? J'suis sûr qu'elles contiennent du métal.","Trouve-moi quelques fragments et je pourrai le prouver<hex:021D0103>!","","","","","",""
15,2,2,2,2,2,2,2,2,0,0,0,0,0,0,0,0,1,1,1,1,1,1,1,1,0,0,0,0,0,0,0,0,0,0,0,0,0,0,0,0,False,False,False,False,False,False,False,False,0,0,0,0,0,0,0,0,"Voilà qui devrait suffire.","","","","","","",""
16,2,2,2,2,2,2,2,2,0,0,0,0,0,0,0,0,1,1,1,1,1,1,1,1,0,0,0,0,0,0,0,0,0,0,0,0,0,0,0,0,False,False,False,False,False,False,False,False,0,0,0,0,0,0,0,0,"Mes éclaireurs n'ont pas repéré de braconniers dans les environs. Ça ira pour le moment. Je vous remercie.","","","","","","",""
17,2,2,2,2,2,2,2,2,0,0,0,0,0,0,0,0,1,1,1,1,1,1,1,1,0,0,0,0,0,0,0,0,0,0,0,0,0,0,0,0,False,False,False,False,False,False,False,False,0,0,0,0,0,0,0,0,"Un... deux... trois... J'aurais juré en avoir plus... Bon, tant pis. Je n'ai qu'à augmenter mes prix.","","","","","","",""
18,2,2,2,2,2,2,2,2,0,0,0,0,0,0,0,0,1,1,1,1,1,1,1,1,0,0,0,0,0,0,0,0,0,0,0,0,0,0,0,0,False,False,False,False,False,False,False,False,0,0,0,0,0,0,0,0,"Hé hé hé<hex:021D0103>! Je vais rapporter ces fragments dans ma cabine. Et que je ne te voie pas me suivre<hex:021D0103>!","","","","","","",""
19,2,2,2,2,2,2,2,2,0,0,0,0,0,0,0,0,1,1,1,1,1,1,1,1,0,0,0,0,0,0,0,0,0,0,0,0,0,0,0,0,False,False,False,False,False,False,False,False,0,0,0,3,0,0,0,0,"Je... euh... Je peux vous demander un service<hex:021D0103>?","Je dois participer à un exercice d'en<hex:02160103>traî<hex:02160103>ne<hex:02160103>ment des recrues de l'ordre des Deux Vipères, mais mon groupe a perdu... quelques membres.","Vous voulez bien vous joindre à moi<hex:021D0103>? Ça ne prendra pas longtemps.","Participer à l'exercice avec la recrue<hex:021D0103>?<hex:02100103><hex:02100103><hex:024804F201F403><hex:024904F201F503>* Le niveau recommandé pour cet ALÉA est <hex:022003E80203>.<hex:0249020103><hex:0248020103>","","","(soupire)... Si seulement je pouvais retrouver mon groupe...",""
20,2,2,2,2,2,2,2,2,0,0,0,0,0,0,0,0,1,1,1,1,1,1,1,1,0,0,0,0,0,0,0,0,0,0,0,0,0,0,0,0,False,False,False,False,False,False,False,False,0,0,0,3,0,0,0,0,"J'espère ne plus jamais voir de limace arboricole<hex:021D0103>!","Ces répugnantes créatures descendent des hauteurs pour dévorer toutes les fleurs, puis dis<hex:02160103>pa<hex:02160103>rais<hex:02160103>sent avant qu'on ait pu leur couper la tête.","Je ne suis qu'un pauvre apiculteur, mais vous... Les limaces n'ont aucune chance contre votre ruse et vos compétences<hex:021D0103>! Qu'en dites-vous<hex:021D0103>?","Aider l'apiculteur<hex:021D0103>?<hex:02100103><hex:02100103><hex:024804F201F403><hex:024904F201F503>* Le niveau recommandé pour cet ALÉA est <hex:022003E80203>.<hex:0249020103><hex:0248020103>","Oh, vous tombez à point nommé. Regardez, les voilà<hex:021D0103>!","","Sans fleurs, comment nos abeilles vont-elles pouvoir fabriquer notre précieux miel, hein<hex:021D0103>!?",""
21,2,2,2,2,2,2,2,2,0,0,0,0,0,0,0,0,1,1,1,1,1,1,1,1,0,0,0,0,0,0,0,0,0,0,0,0,0,0,0,0,False,False,False,False,False,False,False,False,0,0,0,0,0,0,0,0,"Je vous en prie<hex:021D0103>! Tuez ces limaces<hex:021D0103>! Pensez aux pauvres abeilles<hex:021D0103>!","","","","","","",""
22,2,2,2,2,2,2,2,2,0,0,0,0,0,0,0,0,1,1,1,1,1,1,1,1,0,0,0,0,0,0,0,0,0,0,0,0,0,0,0,0,False,False,False,False,False,False,False,False,0,0,0,3,0,0,0,0,"Je vous en prie, aidez-moi<hex:021D0103>! Spenser, un habitué du bar, est devenu in<hex:02160103>con<hex:02160103>trô<hex:02160103>la<hex:02160103>ble.","Ce n'est pas pour rien qu'on l'appelle le “Boit-sans-soif”. Il ne sait pas s'arrêter, et il change du tout au tout quand il boit.","Ivre, il s'en prend à tous ceux qui passent par là, amis comme inconnus. Je vous en prie, maîtrisez-le<hex:021D0103>!","Maîtriser Spenser<hex:021D0103>?<hex:02100103><hex:02100103><hex:024804F201F403><hex:024904F201F503>* Le niveau recommandé pour cet ALÉA est <hex:022003E80203>.<hex:0249020103><hex:0248020103>","","","Pitié<hex:021D0103>! J'ai une femme et des enfants<hex:021D0103>! Vous devez m'aider<hex:021D0103>!!",""
23,2,2,2,2,2,2,2,2,0,0,0,0,0,0,0,0,1,1,1,1,1,1,1,1,0,0,0,0,0,0,0,0,0,0,0,0,0,0,0,0,False,False,False,False,False,False,False,False,0,0,0,0,0,0,0,0,"Débarrassez-nous de ce sac à vin<hex:021D0103>!","","","","","","",""
24,2,2,2,2,2,2,2,2,0,0,0,0,0,0,0,0,1,1,1,1,1,1,1,1,0,0,0,0,0,0,0,0,0,0,0,0,0,0,0,0,False,False,False,False,False,False,False,False,3,0,0,0,0,0,0,0,"Entrer dans le Guêpier des Ventrerouge<hex:021D0103>?","Passer les portes<hex:021D0103>?","","","","","",""
25,2,2,2,2,2,2,2,2,0,0,0,0,0,0,0,0,1,1,1,1,1,1,1,1,0,0,0,0,0,0,0,0,0,0,0,0,0,0,0,0,False,False,False,False,False,False,False,False,0,0,0,3,0,0,0,0,"Nos éclaireurs indiquent que des marchands gobelins s'entendent avec des braconniers dans un camp non loin pour vendre des fourrures qu'ils ont volées.","Cependant, les négociations ne semblent pas se dérouler comme prévu, les deux camps ayant commencé à en venir aux mains. C'est l'occasion de frapper un grand coup<hex:021D0103>!","Acceptez-vous d'aider mon unité à tendre une embuscade aux contrebandiers Griffecoeurl<hex:021D0103>?","Aider les vigiles sombres<hex:021D0103>?<hex:02100103><hex:02100103><hex:024804F201F403><hex:024904F201F503>* Le niveau recommandé pour cet ALÉA est <hex:022003E80203>.<hex:0249020103><hex:0248020103>","Excellent. Hâtons-nous de battre le fer tant qu'il est chaud.","","Alors, vous laisseriez ces bandits poursuivre leur contrebande sans lever le petit doigt<hex:021D0103>? Je ne comprendrai jamais les aventuriers...",""
26,2,2,2,2,2,2,2,2,0,0,0,0,0,0,0,0,1,1,1,1,1,1,1,1,0,0,0,0,0,0,0,0,0,0,0,0,0,0,0,0,False,False,False,False,False,False,False,False,0,0,0,0,0,0,0,0,"Montrez à ces hors-la-loi qu'ils n'ont rien à faire dans notre forêt<hex:021D0103>!","","","","","","",""
27,2,2,2,2,2,2,2,2,0,0,0,0,0,0,0,0,1,1,1,1,1,1,1,1,0,0,0,0,0,0,0,0,0,0,0,0,0,0,0,0,False,False,False,False,False,False,False,False,0,0,3,0,0,0,0,0,"調子にのったキキルンの闇商人どもが偽造品を売り歩いているらしい。（仮）","これ以上被害者を増やさないためにも、やつらが持っている偽造品を回収してきてくれないか？（仮）","偽造品を回収してきますか？（仮）","","よし、頼んだぞ！（仮）","","仕方ない、残念だ。（仮）",""
28,2,2,2,2,2,2,2,2,0,0,0,0,0,0,0,0,1,1,1,1,1,1,1,1,0,0,0,0,0,0,0,0,0,0,0,0,0,0,0,0,False,False,False,False,False,False,False,False,0,2,0,0,0,0,0,0,"やつらから偽造品を回収してきたのか？（仮）","","","","よくやった。また見つけたら持ってきてくれ。（仮）","","そうか、見つけたらすぐ持ってきてくれ。（仮）",""
29,2,2,2,2,2,2,2,2,0,0,0,0,0,0,0,0,1,1,1,1,1,1,1,1,0,0,0,0,0,0,0,0,0,0,0,0,0,0,0,0,False,False,False,False,False,False,False,False,0,0,0,0,0,0,0,0,"闇商人どもが持っている偽造品を回収してきてくれ！（仮）","","","","","","",""
30,2,2,2,2,2,2,2,2,0,0,0,0,0,0,0,0,1,1,1,1,1,1,1,1,0,0,0,0,0,0,0,0,0,0,0,0,0,0,0,0,False,False,False,False,False,False,False,False,0,0,0,0,0,0,0,0,"これだけ回収すれば、しばらくやつらの商売もあがったりだろう。（仮）","","","","","","",""
31,2,2,2,2,2,2,2,2,0,0,0,0,0,0,0,0,1,1,1,1,1,1,1,1,0,0,0,0,0,0,0,0,0,0,0,0,0,0,0,0,False,False,False,False,False,False,False,False,0,0,0,3,0,0,0,0,"Je vous en prie, aidez-moi<hex:021D0103>!","Des imps amateurs de miel en ont après notre rucher. Non seulement ils volent le précieux nectar, mais en plus ils tuent les abeilles qui essaient de protéger le fruit de leur labeur.","Si on ne les arrête pas, la production future risque d'être compromise. Ce serait une catastrophe pour les habitants d... Oh, purée<hex:021D0103>! Les voilà<hex:021D0103>! Aidez-moi, je vous en supplie<hex:021D0103>!","Aider l'apiculteur<hex:021D0103>?<hex:02100103><hex:02100103><hex:024804F201F403><hex:024904F201F503>* Le niveau recommandé pour cet ALÉA est <hex:022003E80203>.<hex:0249020103><hex:0248020103>","","","Q-quoi<hex:021D0103>? Mais sans miel, nous ne pourrons plus produire d'hydromel, et je ne suis pas sûr de vouloir vivre dans un monde sans hydromel...",""
32,2,2,2,2,2,2,2,2,0,0,0,0,0,0,0,0,1,1,1,1,1,1,1,1,0,0,0,0,0,0,0,0,0,0,0,0,0,0,0,0,False,False,False,False,False,False,False,False,0,0,0,3,0,0,0,0,"Ouf...<hex:021D0103>! Les oranges ont été cueillies et sont enfin rangées dans leurs caisses. Je n'ai plus qu'à attendre que la caravane vienne les prendre...","Le problème, c'est que je ne la vois pas venir et que j'entends déjà les rats griffer les rochers pour se frayer un chemin jusqu'ici. Ils ne mettront pas longtemps à atteindre les caisses.","Je vous en prie<hex:021D0103>! Vous voulez bien m'aider en tenant les rats à distance jusqu'à l'arrivée des chocobos<hex:021D0103>?","Aider le fermier<hex:021D0103>?<hex:02100103><hex:02100103><hex:024804F201F403><hex:024904F201F503>* Le niveau recommandé pour cet ALÉA est <hex:022003E80203>.<hex:0249020103><hex:0248020103>","","","Quel malheur<hex:021D0103>! Sans votre aide, cette récolte risque d'être perdue...","Les oranges ont été cueillies et sont rangées dans leurs caisses. Je n'ai plus qu'à attendre que la caravane vienne les prendre..."
33,2,2,2,2,2,2,2,2,0,0,0,0,0,0,0,0,1,1,1,1,1,1,1,1,0,0,0,0,0,0,0,0,0,0,0,0,0,0,0,0,False,False,False,False,False,False,False,False,0,0,0,3,0,0,0,0,"Ah, <hex:02081DE905FF0D>aventurière<hex:FF0B>aventurier<hex:03><hex:021D0103>! J'ai besoin de votre aide<hex:021D0103>! Des bandits qiqirns ont enlevé plusieurs habitants du Viaduc. Je crois qu'ils cherchent à les vendre aux Amalj'aa<hex:021D0103>!","Si on les laisse faire, ces gens seront subjugués et perdront leur âme<hex:021D0103>! Leurs corps deviendront des coquilles vides, ne répondant qu'aux ordres du Primordial Ifrit.","Je vous en supplie, aidez-moi à libérer les villageois avant qu'on ne les mène au Cratère des tisons.","Offrir votre aide<hex:021D0103>?<hex:02100103><hex:02100103><hex:024804F201F403><hex:024904F201F503>* Le niveau recommandé pour cet ALÉA est <hex:022003E80203>.<hex:0249020103><hex:0248020103>","","","Les lames de cuivre ne peuvent donc compter que sur elles-mêmes, alors...","Ah, <hex:02081DE905FF0D>aventurière<hex:FF0B>aventurier<hex:03><hex:021D0103>! J'ai besoin de votre aide<hex:021D0103>! Des bandits qiqirns ont enlevé plusieurs habitants du Viaduc. Je crois qu'ils cherchent à les vendre aux Amalj'aa<hex:021D0103>!"
34,2,2,2,2,2,2,2,2,0,0,0,0,0,0,0,0,1,1,1,1,1,1,1,1,0,0,0,0,0,0,0,0,0,0,0,0,0,0,0,0,False,False,False,False,False,False,False,False,0,0,0,0,0,0,0,0,"","","","","","","",""
35,2,2,2,2,2,2,2,2,0,0,0,0,0,0,0,0,1,1,1,1,1,1,1,1,0,0,0,0,0,0,0,0,0,0,0,0,0,0,0,0,False,False,False,False,False,False,False,False,0,0,0,3,0,0,0,0,"Garde à vous...<hex:021D0103>! Repos<hex:021D0103>! Jeune <hex:02080BE905FF03>fe<hex:FF03>ho<hex:03>mme, sache qu'une manœuvre destinée à entraîner les nouveaux éléments du Maelstrom va bientôt commencer.","Son objectif est de défendre le point de contrôle contre un assaut de fausses forces impériales.","Si tu le désires, tu peux y participer, toi aussi. Nul doute que ta présence en première ligne devrait donner l'exemple et motiver nos bleus.","Participer à l'exercice<hex:021D0103>?<hex:02100103><hex:02100103><hex:024804F201F403><hex:024904F201F503>* Le niveau recommandé pour cet ALÉA est <hex:022003E80203>.<hex:0249020103><hex:0248020103>","","","Dans ce cas, je te prie de t'écarter. Ce n'est pas un spectacle et je ne veux pas que mes hommes soient distraits pendant la manœuvre.",""
36,2,2,2,2,2,2,2,2,0,0,0,0,0,0,0,0,1,1,1,1,1,1,1,1,0,0,0,0,0,0,0,0,0,0,0,0,0,0,0,0,False,False,False,False,False,False,False,False,0,0,0,3,0,0,0,0,"Par les douze<hex:021D0103>! Un<hex:020820E905FF0F>e aventurière<hex:FF0C> aventurier<hex:03><hex:021D0103>! Vous tombez bien, mon ami<hex:020808E905FF02>e<hex:FF01><hex:03>.","Vous voyez, j'm'occupe d'labourer les vergers pour que les racines respirent mieux. Mais, à chaque pas que j'fais, j'tombe sur un trou creusé par ces maudites taupes.","J'me suis d'jà blessé à la jambe gauche et j'tiens pas m'casser la droite, alors j'pensais qu'vous pourriez vous charger de ces sales bestioles pour moi. Vous en dites quoi<hex:021D0103>?","S'occuper des taupes<hex:021D0103>?<hex:02100103><hex:02100103><hex:024804F201F403><hex:024904F201F503>* Le niveau recommandé pour cet ALÉA est <hex:022003E80203>.<hex:0249020103><hex:0248020103>","Mon père avait bien raison<hex:021D0103>! On peut vraiment faire confiance aux aventuriers pour rétablir la justice en c'bas monde. Mais, assez parlé, à vous d'jouer<hex:021D0103>!","","Mon père avait raison... On n'peut pas faire confiance aux aventuriers<hex:021D0103>!",""
37,2,2,2,2,2,2,2,2,0,0,0,0,0,0,0,0,1,1,1,1,1,1,1,1,0,0,0,0,0,0,0,0,0,0,0,0,0,0,0,0,False,False,False,False,False,False,False,False,0,0,0,0,0,0,0,0,"Mon père m'disait qu'le meilleur endroit où frapper une taupe, c'est en plein sur leur caboche<hex:021D0103>!","","","","","","",""
38,2,2,2,2,2,2,2,2,0,0,0,0,0,0,0,0,1,1,1,1,1,1,1,1,0,0,0,0,0,0,0,0,0,0,0,0,0,0,0,0,False,False,False,False,False,False,False,False,0,0,0,3,0,0,0,0,"Je vous en prie, vous devez m'aider<hex:021D0103>! Les Amalj'aa sont à mes trousses<hex:021D0103>! S'ils m'attrapent, je n'ai aucune chance<hex:021D0103>!","Vous voyez, je devais m'infiltrer à Zanr'ak pour y voler leurs plans de bataille, mais j'ai été découvert et mené au Cratère des tisons pour y être subjugué. Par chance, j'ai réussi à m'échapper lorsque la calèche qui nous trans<hex:02160103>por<hex:02160103>tait, les autres esclaves et moi, a fait une sortie de route.","J'avais beau avoir un peu d'avance sur eux, leurs draconides de combat n'ont pas mis longtemps à retrouver ma trace et mes poursuivants ne sont plus très loin désormais. Je dois atteindre l'éthérite de Petite Ala Mhigo pour faire part de mes découvertes au commandant des sables, mais je n'y arriverai pas sans aide.","Escorter l'éclaireur jusqu'à Petite Ala Mhigo<hex:021D0103>?<hex:02100103><hex:02100103><hex:024804F201F403><hex:024904F201F503>* Le niveau recommandé pour cet ALÉA est <hex:022003E80203>.<hex:0249020103><hex:0248020103>","","","Votre refus me condamne à mort... ou pire, à être subjugué...",""
39,2,2,2,2,2,2,2,2,0,0,0,0,0,0,0,0,1,1,1,1,1,1,1,1,0,0,0,0,0,0,0,0,0,0,0,0,0,0,0,0,False,False,False,False,False,False,False,False,0,0,0,3,0,0,0,0,"Hé, vous êtes un<hex:020820E905FF0F>e aventurière<hex:FF0C> aventurier<hex:03>, vous<hex:021D0103>! Pourriez-vous m'accorder un instant<hex:021D0103>?","Les champs grouillent de callisias marines, d'horribles créatures végétales qui étouffent nos récoltes. Nous avons beau essayer de nous en débarrasser, pour chaque spécimen que nous éliminons, il y en a trois nouveaux qui ap<hex:02160103>pa<hex:02160103>rais<hex:02160103>sent<hex:021D0103>!","Nous vous serions re<hex:02160103>con<hex:02160103>nais<hex:02160103>sants si vous pouviez nous aider à exterminer ces mauvaises plantes.","Aider les laboureurs<hex:021D0103>?<hex:02100103><hex:02100103><hex:024804F201F403><hex:024904F201F503>* Le niveau recommandé pour cet ALÉA est <hex:022003E80203>.<hex:0249020103><hex:0248020103>","C'est vraiment gentil. Regardez<hex:021D0103>! Les voilà<hex:021D0103>!","","Toutes mes excuses, j'imagine que vous avez des affaires plus importantes à régler.",""
40,2,2,2,2,2,2,2,2,0,0,0,0,0,0,0,0,1,1,1,1,1,1,1,1,0,0,0,0,0,0,0,0,0,0,0,0,0,0,0,0,False,False,False,False,False,False,False,False,0,0,0,0,0,0,0,0,"Comme je vous l'ai dit, il y a trois nouveaux monstres pour chacun que nous tuons. Si seulement nos plantes poussaient aussi bien<hex:021D0103>!","","","","","","",""
41,2,2,2,2,2,2,2,2,0,0,0,0,0,0,0,0,1,1,1,1,1,1,1,1,0,0,0,0,0,0,0,0,0,0,0,0,0,0,0,0,False,False,False,False,False,False,False,False,0,0,0,3,0,0,0,0,"Pourquoi<hex:021D0103>!? Mais pourquoi, je vous le demande<hex:021D0103>!","Pourquoi ces chapardeurs de galagos s'en prennent à ma farine<hex:021D0103>!? Ce n'est pas comme s'ils pouvaient faire du pain ou des gâteaux au citron<hex:021D0103>!","Eh bien, ça ne les empêche pas de piller mes greniers tous les jours. Si ça continue, je n'aurai plus rien à vendre au quartier marchand et je vais faire faillite. Je vous en prie<hex:021D0103>! Pitié<hex:021D0103>! Aidez-moi à repousser ces vilains voleurs de farine<hex:021D0103>!","Aider la meunière<hex:021D0103>?<hex:02100103><hex:02100103><hex:024804F201F403><hex:024904F201F503>* Le niveau recommandé pour cet ALÉA est <hex:022003E80203>.<hex:0249020103><hex:0248020103>","Mille mercis<hex:021D0103>! Je ne sais que dire pour vous remerci... Oh, par les Dieux, les voilà<hex:021D0103>!","","Je vois... Peut-être y aura-t-il une âme charitable pour m'aider...",""
42,2,2,2,2,2,2,2,2,0,0,0,0,0,0,0,0,1,1,1,1,1,1,1,1,0,0,0,0,0,0,0,0,0,0,0,0,0,0,0,0,False,False,False,False,False,False,False,False,0,0,0,0,0,0,0,0,"Argh<hex:021D0103>! Maudits soient ces crapauds buffles<hex:021D0103>! Les érudits de la douane de Mealvaan disaient qu'ils nous débarrasseraient des criquets qui infestent nos champs chaque année, et ils ont donc libéré une caisse de ces créatures visqueuses dans la Basse-Noscea.","Non seulement ils n'ont pas touché aux criquets, mais ils ont commencé à se reproduire comme des lapins et, maintenant, toute la région est infestée par ces horribles batraciens.","Résultat, je passe mes journées à attraper ces crapauds pour les tuer, et comble de l'ironie, pour le compte de ces mêmes érudits qui sont à l'origine du problème<hex:021D0103>! Il y a sûrement pire, mais je me sens un peu abandonné quelquefois. Vous ne voudriez pas me donner un coup de main<hex:021D0103>?","Merci beaucoup. Je vais monter la garde ici pour qu'on ne nous dérange pas. Occupez-vous des crapauds<hex:021D0103>!","Ne me dites pas que vous avez une sainte horreur de ces bestioles poisseuses, quand même...<hex:021D0103>?","","",""
43,2,2,2,2,2,2,2,2,0,0,0,0,0,0,0,0,1,1,1,1,1,1,1,1,0,0,0,0,0,0,0,0,0,0,0,0,0,0,0,0,False,False,False,False,False,False,False,False,0,0,3,0,0,0,0,0,"Argh<hex:021D0103>! Maudits soient ces crapauds buffles<hex:021D0103>! Les érudits de la douane de Mealvaan disaient qu'ils nous débarrasseraient des criquets qui infestent nos champs chaque année, et ils ont donc libéré une caisse de ces créatures visqueuses dans la Basse-Noscea.","Résultat, maintenant, toute la région est infestée par ces horribles batraciens, et je passe mes journées à les attraper pour les tuer<hex:021D0103>! Il y a sûrement pire, mais je me sens un peu abandonné quelquefois. Vous ne voudriez pas me donner un coup de main<hex:021D0103>?","Attraper des crapauds pour les éventrer<hex:021D0103>?<hex:02100103><hex:02100103><hex:024804F201F403><hex:024904F201F503>* Le niveau recommandé pour cet ALÉA est <hex:022003E80203>.<hex:0249020103><hex:0248020103>","","Merci beaucoup. Je vais monter la garde ici pour qu'on ne nous dérange pas. Occupez-vous des crapauds<hex:021D0103>!","","Alors, laissez-moi tranquille. J'ai des crapauds à éventrer.",""
44,2,2,2,2,2,2,2,2,0,0,0,0,0,0,0,0,1,1,1,1,1,1,1,1,0,0,0,0,0,0,0,0,0,0,0,0,0,0,0,0,False,False,False,False,False,False,False,False,0,0,3,0,0,0,0,0,"Zut, ces fichus yarzons sont encore là... Ils cherchent toujours à faire leurs nids sur nos mâts de battage.","Avec ça, le travail n'avance pas<hex:021D0103>! Vous pourriez nous débarrasser d'eux<hex:021D0103>?","Éliminer les Yarzons gênants<hex:021D0103>?<hex:02100103><hex:02100103><hex:024804F201F403><hex:024904F201F503>* Le niveau recommandé pour cet ALÉA est <hex:022003E80203>.<hex:0249020103><hex:0248020103>","","Merci, ça nous rend service. Ils se rassemblent près de cet arbre. Il faut les arrêter avant qu'ils n'arrivent au mât<hex:021D0103>!","","Je vois, je vais chercher quelqu'un d'autre...",""
45,2,2,2,2,2,2,2,2,0,0,0,0,0,0,0,0,1,1,1,1,1,1,1,1,0,0,0,0,0,0,0,0,0,0,0,0,0,0,0,0,False,False,False,False,False,False,False,False,0,0,3,0,0,0,0,0,"Des noyaux... Il me faut des noyaux d'élémentaire de terre...","Ils permettent de durcir la terre... Pour que les machines ne s'enfoncent pas... Tu n'en aurais pas, par hasard<hex:021D0103>?","Récupérer des noyaux pour les ouvriers<hex:021D0103>?<hex:02100103><hex:02100103><hex:024804F201F403><hex:024904F201F503>* Le niveau recommandé pour cet ALÉA est <hex:022003E80203>.<hex:0249020103><hex:0248020103>","","Les noyaux, tu peux les obtenir en tuant des élémentaires... ou en les ramassant... Moi, du moment que tu m'en rapportes...","","Tu t'en contrefiches, en fait...",""
46,2,2,2,2,2,2,2,2,0,0,0,0,0,0,0,0,1,1,1,1,1,1,1,1,0,0,0,0,0,0,0,0,0,0,0,0,0,0,0,0,False,False,False,False,False,False,False,False,0,0,3,0,0,0,0,0,"Vous, là. C'est le Consortium qui vous envoie<hex:021D0103>? Non<hex:021D0103>? Bon, ce n'est pas grave. Maintenant que vous êtes là, vous allez m'aider. D'accord<hex:021D0103>?","Des voleurs, qui ont pour repaire la maison en ruine là-bas, m'ont dérobé une cargaison de valeur. J'aimerais que vous la récupériez. Je suis sûr que c'est un jeu d'enfant pour quelqu'un de votre trempe.","Aider le marchand<hex:021D0103>?<hex:02100103><hex:02100103><hex:024804F201F403><hex:024904F201F503>* Le niveau recommandé pour cet ALÉA est <hex:022003E80203>.<hex:0249020103><hex:0248020103>","","Très bien, très bien. Faites vite. Je dois prendre le thé avec une noble dame dans peu de temps et je ne peux quand même pas arriver en retard.","","Vous avez peut-être pris mon ordre pour une suggestion.",""
47,2,2,2,2,2,2,2,2,0,0,0,0,0,0,0,0,1,1,1,1,1,1,1,1,0,0,0,0,0,0,0,0,0,0,0,0,0,0,0,0,False,False,False,False,False,False,False,False,0,0,3,0,0,0,0,0,"Par Thal<hex:021D0103>! Je ne sais pas si je dois égorger ces Gobelins ou ceux qui les ont chassés d'Ul'dah et les ont poussés à rejoindre Martelterre<hex:021D0103>!","Ils sont en train de retourner mes provisions pour trouver des marteaux, et je ne peux rien faire pour les en empêcher. Ah, si seulement j'avais un<hex:020820E905FF0F>e aventurière<hex:FF0C> aventurier<hex:03> sous la main...","Prêter main-forte à l'ouvrier<hex:021D0103>?<hex:02100103><hex:02100103><hex:024804F201F403><hex:024904F201F503>* Le niveau recommandé pour cet ALÉA est <hex:022003E80203>.<hex:0249020103><hex:0248020103>","","Ne leur montrez aucune pitié. Ça leur apprendra.","","Ah, j'oubliais. On n'a pas parlé argent, mais j'en bien assez pour <hex:020811E905FF06>celle<hex:FF06>celui<hex:03> qui se chargera de ces Gobelins.",""
48,2,2,2,2,2,2,2,2,0,0,0,0,0,0,0,0,1,1,1,1,1,1,1,1,0,0,0,0,0,0,0,0,0,0,0,0,0,0,0,0,False,False,False,False,False,False,False,False,0,0,3,0,0,0,0,0,"Mon père... Il est mort dévoré par un orobon.","Maintenant, je veux qu'ils meurent tous. Avec leurs yeux globuleux... Je ne peux plus les voir... même en peinture<hex:021D0103>!","Tuer des orobons<hex:021D0103>?<hex:02100103><hex:02100103><hex:024804F201F403><hex:024904F201F503>* Le niveau recommandé pour cet ALÉA est <hex:022003E80203>.<hex:0249020103><hex:0248020103>","","Ne vous laissez pas dévorer<hex:021D0103>!","","Un jour, j'serai assez grand pour tuer moi-même un orobon<hex:021D0103>! Vous verrez<hex:021D0103>!",""
49,2,2,2,2,2,2,2,2,0,0,0,0,0,0,0,0,1,1,1,1,1,1,1,1,0,0,0,0,0,0,0,0,0,0,0,0,0,0,0,0,False,False,False,False,False,False,False,False,0,0,0,3,0,0,0,0,"Hé, vous<hex:021D0103>! Vous êtes un<hex:020820E905FF0F>e aventurière<hex:FF0C> aventurier<hex:03>, pas vrai<hex:021D0103>? Parfait<hex:021D0103>! Vous êtes exactement ce qu'il me faut.","Vous voyez cet homme là-bas<hex:021D0103>? Le grand, oui. Le capitaine d'un navire en provenance de Radz-at-Han l'a découvert caché dans sa cale. Une fois à quai, nous l'avons mené sur la terre ferme pour l'interroger.","C'est là qu'il s'en est pris à mes hommes<hex:021D0103>! Il a beau avoir passé presque deux semaines enfermé dans le noir, il a beaucoup d'énergie à revendre... Nous aurions besoin d'aide pour le contrôler.","Aider les gardes du quai<hex:021D0103>?<hex:02100103><hex:02100103><hex:024804F201F403><hex:024904F201F503>* Le niveau recommandé pour cet ALÉA est <hex:022003E80203>.<hex:0249020103><hex:0248020103>","","","Je comprends votre décision... Je ne vous juge pas. Qui aurait envie de se frotter à une pareille brute<hex:021D0103>?",""
50,2,2,2,2,2,2,2,2,0,0,0,0,0,0,0,0,1,1,1,1,1,1,1,1,0,0,0,0,0,0,0,0,0,0,0,0,0,0,0,0,False,False,False,False,False,False,False,False,0,2,0,0,0,0,0,0,"Tu me rapportes des noyaux d'élémentaire de terre...<hex:021D0103>?","","","","Oui, continue comme ça...","","Si tu m'apportes des noyaux d'élémentaire de terre... je te les achète... C'est simple comme bonjour...",""
51,2,2,2,2,2,2,2,2,0,0,0,0,0,0,0,0,1,1,1,1,1,1,1,1,0,0,0,0,0,0,0,0,0,0,0,0,0,0,0,0,False,False,False,False,False,False,False,False,0,2,0,0,0,0,0,0,"Alors<hex:021D0103>? Vous avez récupéré ma cargaison<hex:021D0103>? J'ai un rendez-vous, vous savez. Avec une noble dame. Et une tasse de thé. Dépêchez-vous un peu<hex:021D0103>!","","","","C'est tout<hex:021D0103>? J'aurais juré qu'il y en avait plus. Oui, beaucoup plus. Allez chercher le reste<hex:021D0103>!","","Qu'est-ce que vous attendez<hex:021D0103>!? La noble dame va s'ennuyer et mon thé va être froid<hex:021D0103>!",""
52,2,2,2,2,2,2,2,2,0,0,0,0,0,0,0,0,1,1,1,1,1,1,1,1,0,0,0,0,0,0,0,0,0,0,0,0,0,0,0,0,False,False,False,False,False,False,False,False,0,0,0,0,0,0,0,0,"Obtiens-moi des noyaux...","","","","","","",""
53,2,2,2,2,2,2,2,2,0,0,0,0,0,0,0,0,1,1,1,1,1,1,1,1,0,0,0,0,0,0,0,0,0,0,0,0,0,0,0,0,False,False,False,False,False,False,False,False,0,0,0,0,0,0,0,0,"Je n'ai pas de temps à perdre. La noble dame et mon thé m'attendent. Je ne vous l'ai pas déjà expliqué<hex:021D0103>?","","","","","","",""
54,2,2,2,2,2,2,2,2,0,0,0,0,0,0,0,0,1,1,1,1,1,1,1,1,0,0,0,0,0,0,0,0,0,0,0,0,0,0,0,0,False,False,False,False,False,False,False,False,0,0,0,3,0,0,0,0,"Dites-moi, vous me semblez être un<hex:020808E905FF02>e<hex:FF01><hex:03> aventuri<hex:02080DE905FF05>ère<hex:FF03>er<hex:03> expérimenté<hex:020808E905FF02>e<hex:FF01><hex:03>. Figurez-vous que je dois traverser le désert pour rejoindre les sources oubliées et y livrer ces reliques, mais je ne peux pas à la fois me défendre et les porter.","C'est que le désert grouille de créatures tapies dans le sable, prêtes à se jeter sur toute personne qui passe à proximité. Et puis, il y a les Amalj'aa...","J'aimerais donc que vous m'escortiez jusqu'à l'Oasis oubliée. Je veillerai à ce que vous touchiez une belle récompense.","Escorter ce soldat<hex:021D0103>?<hex:02100103><hex:02100103><hex:024804F201F403><hex:024904F201F503>* Le niveau recommandé pour cet ALÉA est <hex:022003E80203>.<hex:0249020103><hex:0248020103>","","","Comme vous voulez. J'imagine que mes clients devront attendre, dans ce cas.",""
55,2,2,2,2,2,2,2,2,0,0,0,0,0,0,0,0,1,1,1,1,1,1,1,1,0,0,0,0,0,0,0,0,0,0,0,0,0,0,0,0,False,False,False,False,False,False,False,False,0,0,0,3,0,0,0,0,"C'est incroyable<hex:021D0103>! Chaque lot de nouvelles recrues que les Barracudas m'envoient est pire que le précédent. J'ai déjà dû en renvoyer trois qui n'arrêtaient pas de pleurer.","Vous, au contraire, vous m'avez l'air d'être un<hex:020808E905FF02>e<hex:FF01><hex:03> aventuri<hex:02080DE905FF05>ère<hex:FF03>er<hex:03> compétent<hex:020808E905FF02>e<hex:FF01><hex:03>. Capable de manier son arme habilement, et surtout le cerveau qui va avec.","Ah, je sais<hex:021D0103>! Vous accepteriez de montrer aux mauviettes que j'ai ici comment se bat un véritable guerrier<hex:021D0103>? Je m'arrangerai pour vous récompenser.","Faire une dé<hex:02160103>mon<hex:02160103>stra<hex:02160103>tion aux nouvelles recrues<hex:021D0103>?<hex:02100103><hex:02100103><hex:024804F201F403><hex:024904F201F503>* Le niveau recommandé pour cet ALÉA est <hex:022003E80203>.<hex:0249020103><hex:0248020103>","Hahaha<hex:021D0103>! Vous avez entendu, bande de lopettes<hex:021D0103>? Va falloir vous secouer. Formez les rangs<hex:021D0103>!","","Je suppose que ce n'est pas vraiment un défi pour vous.",""
56,2,2,2,2,2,2,2,2,0,0,0,0,0,0,0,0,1,1,1,1,1,1,1,1,0,0,0,0,0,0,0,0,0,0,0,0,0,0,0,0,False,False,False,False,False,False,False,False,0,0,0,3,0,0,0,0,"Les dieux soient loués<hex:021D0103>! Vous arrivez à point nommé, aventuri<hex:02080DE905FF05>ère<hex:FF03>er<hex:03><hex:021D0103>!","Anselm et Fiebras sont aux prises une fois de plus<hex:021D0103>! C'est encore parti d'une stupide histoire de femmes. Ce sont de bons gars... enfin, quand ils n'ont pas trop bu. J'ai bien peur que cette rivalité ne finisse par faire un mort. ","Il faut dire qu'ils sont têtus comme des pirates, ces deux idiots. J'ai déjà essayé de les raisonner par la parole, mais en vain. Il ne nous reste qu'une solution, la force.","Mater les deux bagarreurs<hex:021D0103>?<hex:02100103><hex:02100103><hex:024804F201F403><hex:024904F201F503>* Le niveau recommandé pour cet ALÉA est <hex:022003E80203>.<hex:0249020103><hex:0248020103>","","","Tout cela va mal finir... Désolé de vous avoir demandé ça. Sachez que vous aurez peut-être une mort sur la conscience...",""
57,0,0,0,0,0,0,0,0,0,0,0,0,0,0,0,0,1,1,1,1,1,1,1,1,0,0,0,0,0,0,0,0,0,0,0,0,0,0,0,0,False,False,False,False,False,False,False,False,0,0,0,3,0,0,0,0,"Cette femme ne m'a pas vraiment battu, c'est juste que je n'avais pas fini de me préparer. Elle m'a attaqué par surprise<hex:021D0103>!","C'est cette mégère qui m'a provoqué en duel, en plus<hex:021D0103>! Je ne pouvais quand même pas refuser devant tout le monde<hex:021D0103>! Ma réputation était en jeu<hex:021D0103>! S'il y a bien une chose que je ne suis pas, c'est un lâche.","Mais me voilà, couvert de sang et de bleus alors que cette furie ricane. Je n'ai pas apprécié ce qu'elle a fait et je compte bien lui donner une bonne leçon. Mais avec un peu d'aide, cette fois. Qu'en dites-vous<hex:021D0103>?","Défier Grishild la terreur<hex:021D0103>?<hex:02100103><hex:02100103><hex:024804F201F403><hex:024904F201F503>* Le niveau recommandé pour cet ALÉA est <hex:022003E80203>.<hex:0249020103><hex:0248020103>","","","Vous n'êtes pas un<hex:020818E905FF0B>e peureuse<hex:FF08> lâche<hex:03>, tout de même<hex:021D0103>?",""
58,2,2,2,2,2,2,2,2,0,0,0,0,0,0,0,0,1,1,1,1,1,1,1,1,0,0,0,0,0,0,0,0,0,0,0,0,0,0,0,0,False,False,False,False,False,False,False,False,0,0,0,0,0,0,0,0,"Salut, jeune <hex:02080BE905FF03>fe<hex:FF03>ho<hex:03>mme<hex:021D0103>! Le Maelstrom mène un exercice d'en<hex:02160103>traî<hex:02160103>ne<hex:02160103>ment au poste de Nevelle. Les aventuriers comme toi peuvent participer s'ils le désirent.","","","","","","",""
59,2,2,2,2,2,2,2,2,0,0,0,0,0,0,0,0,1,1,1,1,1,1,1,1,0,0,0,0,0,0,0,0,0,0,0,0,0,0,0,0,False,False,False,False,False,False,False,False,0,0,0,0,0,0,0,0,"Ah, aventuri<hex:02080DE905FF05>ère<hex:FF03>er<hex:03><hex:021D0103>! Vous tombez bien<hex:021D0103>! Vous voudriez bien apprendre à ces pleutres deux ou trois choses sur le combat<hex:021D0103>?","","","","","","",""
60,2,2,2,2,2,2,2,2,0,0,0,0,0,0,0,0,1,1,1,1,1,1,1,1,0,0,0,0,0,0,0,0,0,0,0,0,0,0,0,0,False,False,False,False,False,False,False,False,0,0,0,0,0,0,0,0,"Aidez-moi à repousser ces maudits rats jusqu'à ce que la caravane de chocobos vienne prendre mes oranges.","","","","","","",""
61,2,2,2,2,2,2,2,2,0,0,0,0,0,0,0,0,1,1,1,1,1,1,1,1,0,0,0,0,0,0,0,0,0,0,0,0,0,0,0,0,False,False,False,False,False,False,False,False,0,0,0,0,0,0,0,0,"Ras le bol des galagos<hex:021D0103>! À cause de ces vilains chapardeurs, je ne peux pas livrer ma farine<hex:021D0103>!","","","","","","",""
62,2,2,2,2,2,2,2,2,0,0,0,0,0,0,0,0,1,1,1,1,1,1,1,1,0,0,0,0,0,0,0,0,0,0,0,0,0,0,0,0,False,False,False,False,False,False,False,False,0,0,0,0,0,0,0,0,"Saletés de yarzons<hex:021D0103>! Qu'est-ce qu'ils ont à venir traîner par ici<hex:021D0103>!? Hors de question qu'on les laisse d'approcher de nos machines<hex:021D0103>!","","","","","","",""
63,2,2,2,2,2,2,2,2,0,0,0,0,0,0,0,0,1,1,1,1,1,1,1,1,0,0,0,0,0,0,0,0,0,0,0,0,0,0,0,0,False,False,False,False,False,False,False,False,0,0,0,0,0,0,0,0,"Si ces satanés Gobelins touchent à mes rouages, je... je... je vais leur en faire voir de toutes les couleurs<hex:021D0103>!","","","","","","",""
64,2,2,2,2,2,2,2,2,0,0,0,0,0,0,0,0,1,1,1,1,1,1,1,1,0,0,0,0,0,0,0,0,0,0,0,0,0,0,0,0,False,False,False,False,False,False,False,False,0,0,0,0,0,0,0,0,"Argh<hex:021D0103>! Maudits orobons<hex:021D0103>! Si on les laisse manger les jeunes poissons, il n'y aura rien à manger pour la prochaine saison<hex:021D0103>!","","","","","","",""
65,2,2,2,2,2,2,2,2,0,0,0,0,0,0,0,0,1,1,1,1,1,1,1,1,0,0,0,0,0,0,0,0,0,0,0,0,0,0,0,0,False,False,False,False,False,False,False,False,0,0,0,0,0,0,0,0,"Mon père... Il est mort dévoré par un orobon. Maintenant, je veux qu'ils meurent tous. Aidez-moi à les exterminer, s'il vous plaît<hex:021D0103>!","","","","","","",""
66,1,1,1,1,1,1,1,1,0,0,0,0,0,0,0,0,1,1,1,1,1,1,1,1,0,0,0,0,0,0,0,0,0,0,0,0,0,0,0,0,False,False,False,False,False,False,False,False,0,0,0,3,0,0,0,0,"Héhé<hex:021D0103>! Mais vous m'avez l'air d'un<hex:02082DE905FF16>e aventurière pleine<hex:FF12> aventurier plein<hex:03> d'ardeur<hex:021D0103>! Tout à fait ce qu'il me faut<hex:021D0103>!","Figurez-vous qu'intrigué par les rumeurs d'un nouveau commandant chez les Amalj'aa, je suis allé voir ça de plus près. Non seulement je l'ai aperçu de mes propres yeux, mais j'ai également découvert que ces satanés hommes-lézards se préparaient à marcher vers Ul'dah<hex:021D0103>!","J'ai envoyé une demande de renfort par linkshell, mais ils arriveront trop tard. Non, nous devons étouffer dans l'œuf l'assaut ennemi. Ceci dit, étant donné notre infériorité numérique, je propose de saper leur moral en ciblant leurs provisions et leur chef.","Aider les Immortels<hex:021D0103>?<hex:02100103><hex:02100103><hex:024804F201F403><hex:024904F201F503>* Le niveau recommandé pour cet ALÉA est <hex:022003E80203>.<hex:0249020103><hex:0248020103>","","","Je vous suggère alors de quitter les lieux im<hex:02160103>mé<hex:02160103>dia<hex:02160103>te<hex:02160103>ment, car ce sera bientôt le chaos.",""
67,2,2,2,2,2,2,2,2,0,0,0,0,0,0,0,0,1,1,1,1,1,1,1,1,0,0,0,0,0,0,0,0,0,0,0,0,0,0,0,0,False,False,False,False,False,False,False,False,0,0,3,0,0,0,0,0,"Je le savais<hex:021D0103>! Il me suffisait d'attendre dans le désert pour qu'un<hex:020820E905FF0F>e aventurière<hex:FF0C> aventurier<hex:03> arrive. Je suis naturaliste, j'étudie l'aura magique émise par le temple englouti de Qarn, et je pense que c'est elle qui alimente ces golems de pierre qui garde l'entrée.","Si je savais comment brouiller cette aura, je pourrais peut-être désactiver ces gardiens et accéder aux ruines pour les explorer mi<hex:02160103>nu<hex:02160103>tieu<hex:02160103>se<hex:02160103>ment. Mais, pour ce faire, il me faut tout d'abord le cœur d'un de ces gardiens pour comprendre comment ils fonctionnent.","Récupérer des pierres d'âme pour la naturaliste<hex:021D0103>?<hex:02100103><hex:02100103><hex:024804F201F403><hex:024904F201F503>* Le niveau recommandé pour cet ALÉA est <hex:022003E80203>.<hex:0249020103><hex:0248020103>","","Génial<hex:021D0103>! Je savais que vous m'aideriez<hex:021D0103>!","","Vous laisseriez passer l'occasion de faire avancer la science<hex:021D0103>? Je me demande ce qu'en dirait la guilde des aventuriers.",""
68,2,2,2,2,2,2,2,2,0,0,0,0,0,0,0,0,1,1,1,1,1,1,1,1,0,0,0,0,0,0,0,0,0,0,0,0,0,0,0,0,False,False,False,False,False,False,False,False,0,0,0,0,0,0,0,0,"À l'intérieur de chacun de ces gardiens se trouve une pierre d'âme qui les anime. J'ai besoin de ces objets pour comprendre comment les désactiver.","","","","","","",""
69,2,2,2,2,2,2,2,2,0,0,0,0,0,0,0,0,1,1,1,1,1,1,1,1,0,0,0,0,0,0,0,0,0,0,0,0,0,0,0,0,False,False,False,False,False,False,False,False,0,2,0,0,0,0,0,0,"Vous m'apportez quelque chose, n'est-ce pas<hex:021D0103>?","","","","La... la lumière... Elle est intense, mais n'émet aucune chaleur. Quelle sorte de magie étrange est-ce donc<hex:021D0103>? Cette pierre d'âme est parfaite, mais il m'en faudra plus pour mieux comprendre leur mécanisme.","","Mais pourquoi<hex:021D0103>!? Vous n'êtes qu'un<hex:02082DE905FF16>e simple aventurière<hex:FF12>simple aventurier<hex:03>. Vous n'avez aucune chance d'appréhender les mystères complexes du fonc<hex:02160103>tion<hex:02160103>ne<hex:02160103>ment des pierres d'âme. Vous devez me les confier<hex:021D0103>! À moi<hex:021D0103>!",""
70,2,2,2,2,2,2,2,2,0,0,0,0,0,0,0,0,1,1,1,1,1,1,1,1,0,0,0,0,0,0,0,0,0,0,0,0,0,0,0,0,False,False,False,False,False,False,False,False,0,0,3,0,0,0,0,0,"Je vous en prie. Mon petit frère a très faim, mais ma mère s'est surmenée au travail et est trop faible pour nous nourrir... alors, si vous aviez un petit quelque chose pour lui...","Même des morceaux de cactuar suffiraient...","Aider la pauvre fille<hex:021D0103>?<hex:02100103><hex:02100103><hex:024804F201F403><hex:024904F201F503>* Le niveau recommandé pour cet ALÉA est <hex:022003E80203>.<hex:0249020103><hex:0248020103>","","Que les Douze soient loués<hex:021D0103>!","","Il va falloir que je commence à travailler à mon âge, dans ce cas...",""
71,2,2,2,2,2,2,2,2,0,0,0,0,0,0,0,0,1,1,1,1,1,1,1,1,0,0,0,0,0,0,0,0,0,0,0,0,0,0,0,0,False,False,False,False,False,False,False,False,0,0,0,0,0,0,0,0,"Je vous en prie, apportez-moi des morceaux de cactuar<hex:021D0103>! C'est pour nourrir mon petit frère<hex:021D0103>!","","","","","","",""
72,2,2,2,2,2,2,2,2,0,0,0,0,0,0,0,0,1,1,1,1,1,1,1,1,0,0,0,0,0,0,0,0,0,0,0,0,0,0,0,0,False,False,False,False,False,False,False,False,0,2,0,0,0,0,0,0,"Avez-vous trouvé des morceaux de cactuar<hex:021D0103>?","","","","Merci<hex:021D0103>! Mais, je vous en prie, apportez-m'en plus si vous pouvez<hex:021D0103>!","","Mon pauvre petit frère... il va mourir... (snif)...",""
73,2,2,2,2,2,2,2,2,0,0,0,0,0,0,0,0,1,1,1,1,1,1,1,1,0,0,0,0,0,0,0,0,0,0,0,0,0,0,0,0,False,False,False,False,False,False,False,False,0,0,0,3,0,0,0,0,"Vous, là<hex:021D0103>! Serrriez-vous l'escorte que le seigneur Gegeruju m'a promise<hex:021D0103>?","Mon... euh, client m'attend à la Chute cachée et je perrrds patience avec cette chaleur accablante.","Je crrrains aussi que quelqu'un me suive, ce qui est plutôt gênant dans... mon domaine d'expertise.","Escorter la dame<hex:021D0103>?<hex:02100103><hex:02100103><hex:024804F201F403><hex:024904F201F503>* Le niveau recommandé pour cet ALÉA est <hex:022003E80203>.<hex:0249020103><hex:0248020103>","","","Vous n'êtes pas là pour l'escorte<hex:021D0103>? Une chance pour vous que je ne vous facture pas le temps que vous m'avez fait perdre à discuter vainement.",""
74,1,1,1,1,1,1,1,1,0,0,0,0,0,0,0,0,1,1,1,1,1,1,1,1,0,0,0,0,0,0,0,0,0,0,0,0,0,0,0,0,False,False,False,False,False,False,False,False,1,1,1,1,1,1,1,1,"Il ne se passe pas une semaine sans que les Qiqirns du coin n'essaient de piller Le Viaduc pour voler les provisions qu'on nous livre ré<hex:02160103>gu<hex:02160103>liè<hex:02160103>re<hex:02160103>ment par aéronef.","C'est pour cette raison que nous, les lames de cuivre, montons constamment la garde. Notre tâche consiste à faire en sorte que les citoyens du camp puissent travailler sans craindre pour leur vie.","","","","","",""
75,1,1,1,1,1,1,1,1,0,0,0,0,0,0,0,0,1,1,1,1,1,1,1,1,0,0,0,0,0,0,0,0,0,0,0,0,0,0,0,0,False,False,False,False,False,False,False,False,1,1,1,1,1,1,1,1,"Le Viaduc n'est pas un lieu sans dangers, notamment avec les Qiqirns et les Amalj'aa qui rôdent dans les environs...","Mais le malheur des uns fait le bonheur des autres. Je compte bien me remplir les poches, vu que tous les autres marchands se dirigent vers des lieux plus sûrs comme Les Os desséchés ou le Bazar doré.","Et pendant qu'ils sont forcés de réduire leurs bénéfices, moi, je vais remplir mes coffres d'or... enfin, tant que les lames de cuivre peuvent maintenir la paix, évidemment.","","","","",""
76,1,1,1,1,1,1,1,1,0,0,0,0,0,0,0,0,1,1,1,1,1,1,1,1,0,0,0,0,0,0,0,0,0,0,0,0,0,0,0,0,False,False,False,False,False,False,False,False,1,1,1,1,1,1,1,1,"Con<hex:02160103>trai<hex:02160103>re<hex:02160103>ment à ce colporteur bavard, je ne suis pas assez bête pour croire qu'une bande de mercenaires empêchera les tribus barbares de prendre le contrôle de cet endroit.","Ce n'est qu'une question de temps avant qu'ils n'enlèvent une fois encore quelques enfants d'ici. Oui, vous m'avez bien entendu. Ces hommes-rats dégoûtants ne volent pas seulement nos provisions<hex:021D0103>!","","","","","",""
77,0,0,0,0,0,0,0,0,0,0,0,0,0,0,0,0,1,1,1,1,1,1,1,1,0,0,0,0,0,0,0,0,0,0,0,0,0,0,0,0,False,False,False,False,False,False,False,False,1,1,1,1,1,1,1,1,"Encore une victoirrre pour le capitaine<hex:021D0103>!","Et crrroyez-moi, il en a déjà pas mal à son compte. Je le sais, j'étais là.","","","","","",""
78,1,1,1,1,1,1,1,1,0,0,0,0,0,0,0,0,1,1,1,1,1,1,1,1,0,0,0,0,0,0,0,0,0,0,0,0,0,0,0,0,False,False,False,False,False,False,False,False,1,1,1,1,1,1,1,1,"Mon unité fonctionne un peu comme une machine.","Chaque pièce dépend des autres et marche mieux quand elle est bien entretenue.","Désolé de te décevoir, mais je ne peux te prendre parmi nous. Il y a déjà tellement de femmes qui rêvent de rejoindre le bataillon que je ne peux pas dire oui à toutes<hex:021D0103>!","","","","",""
79,0,0,0,0,0,0,0,0,0,0,0,0,0,0,0,0,1,1,1,1,1,1,1,1,0,0,0,0,0,0,0,0,0,0,0,0,0,0,0,0,False,False,False,False,False,False,False,False,1,1,1,1,1,1,1,1,"Le capitaine dit toujourrrs des choses si profondes et intelligentes...","Quel homme<hex:021D0103>! Même si je ne comprrrends pas tout...","","","","","",""
80,1,1,1,1,1,1,1,1,0,0,0,0,0,0,0,0,1,1,1,1,1,1,1,1,0,0,0,0,0,0,0,0,0,0,0,0,0,0,0,0,False,False,False,False,False,False,False,False,1,1,1,1,1,1,1,1,"Pour ceux qui entrent dans le Thanalan en provenance de la forêt de Sombrelinceul, Le Viaduc est le premier endroit civilisé sur leur chemin. Pour ceux qui quittent le Thanalan, c'est le dernier qu'ils voient avant d'entrer dans la sombre forêt.","Peu d'endroits sont à la fois une entrée et une sortie comme Le Viaduc.","","","","","",""
81,1,1,1,1,1,1,1,1,0,0,0,0,0,0,0,0,1,1,1,1,1,1,1,1,0,0,0,0,0,0,0,0,0,0,0,0,0,0,0,0,False,False,False,False,False,False,False,False,1,1,1,1,1,1,1,1,"Bienvenue au Viaduc. Nous sommes l'une des rares villes à posséder son propre quai d'atterrissage pour aéronefs.","Bien qu'il semble avoir été coupé de tout pendant plusieurs siècles, la gorge dans laquelle la rivière de Yugr'am s'écoule s'est formée il y a seulement cinq ans, et le pont reliant la voie allagoise du Soleil à la route des rondins qui mène à Gridania juste après cela.","","","","","",""
82,0,0,0,0,0,0,0,0,0,0,0,0,0,0,0,0,1,1,1,1,1,1,1,1,0,0,0,0,0,0,0,0,0,0,0,0,0,0,0,0,False,False,False,False,False,False,False,False,1,1,1,1,1,1,1,1,"Je regrette, mais les aéronefs qui transitent par Le Viaduc sont réservés au transport des provisions et du naturaliste de l'Ossuaire d'Arzaneth venu étudier les ruines de la Cité invisible.","Si vous souhaitez voyager par la voie des airs, je vous conseille d'embarquer à Ul'dah ou à Gridania.","","","","","",""
83,0,0,0,0,0,0,0,0,0,0,0,0,0,0,0,0,1,1,1,1,1,1,1,1,0,0,0,0,0,0,0,0,0,0,0,0,0,0,0,0,False,False,False,False,False,False,False,False,1,1,1,1,1,1,1,1,"Écoutez<hex:021D0103>!<hex:021D0103>... Vous les entendez<hex:021D0103>? Ces cris viennent du fond de la gorge.","Les lames de cuivre me disent toutes que ce n'est que le vent, mais j'entends ces cris même les jours où pas une feuille ne frémit sur les arbres. Ils me croiront un jour<hex:021D0103>! Lorsque l'armée de morts-vivants partira de la Cité invisible pour reprendre le contrôle de notre pays<hex:021D0103>!","","","","","",""
84,0,0,0,0,0,0,0,0,0,0,0,0,0,0,0,0,1,1,1,1,1,1,1,1,0,0,0,0,0,0,0,0,0,0,0,0,0,0,0,0,False,False,False,False,False,False,False,False,1,1,1,1,1,1,1,1,"Tout a disparu... Ces rats puants ont tout volé<hex:021D0103>!","Qu'ils savourent leur victoire, car ça ne se reproduira plus<hex:021D0103>! J'en fais le serment<hex:021D0103>!","","","","","",""
85,1,1,1,1,1,1,1,1,0,0,0,0,0,0,0,0,1,1,1,1,1,1,1,1,0,0,0,0,0,0,0,0,0,0,0,0,0,0,0,0,False,False,False,False,False,False,False,False,1,1,1,1,1,1,1,1,"Sa barre, sa barre<hex:021D0103>! Il ne pense qu'à ça, ou quoi<hex:021D0103>? Et pourrrtant, des gens ont été enlevés<hex:021D0103>! Des vies détruites<hex:021D0103>!","Si le capitaine n'était pas si beau, je le quitterais surrr-le-champ<hex:021D0103>!","","","","","",""
86,0,0,0,0,0,0,0,0,0,0,0,0,0,0,0,0,1,1,1,1,1,1,1,1,0,0,0,0,0,0,0,0,0,0,0,0,0,0,0,0,False,False,False,False,False,False,False,False,1,1,1,1,1,1,1,1,"On dirait que ma machine s'est quelque peu... enraillée. Peut-être que ma barre a besoin qu'on l'astique un peu<hex:021D0103>?","Oui<hex:021D0103>! C'est forcément ça<hex:021D0103>!<hex:021D0103>... Il me faut de l'huile, <hex:021A020203>beaucoup<hex:021A020103> d'huile<hex:021D0103>!","","","","","",""
87,0,0,0,0,0,0,0,0,0,0,0,0,0,0,0,0,1,1,1,1,1,1,1,1,0,0,0,0,0,0,0,0,0,0,0,0,0,0,0,0,False,False,False,False,False,False,False,False,1,1,1,1,1,1,1,1,"Pauvre capitaine, il semble si triste...","Je suppose qu'il voudra que je règle sa barre ce soirrr.","","","","","",""
88,2,2,2,2,2,2,2,2,0,0,0,0,0,0,0,0,1,1,1,1,1,1,1,1,0,0,0,0,0,0,0,0,0,0,0,0,0,0,0,0,False,False,False,False,False,False,False,False,0,0,0,3,0,0,0,0,"Oh, comment vais-je faire<hex:021D0103>? Cet hydromel doit parvenir au Sanctuaire des douze avant le rite, ou monseigneur aura ma tête...","Mais avec tous ces taons attirés par le doux parfum du miel, jamais je n'atteindrai le sanctuaire en un morceau.","Serait-ce trop que de vous demander de m'escorter<hex:021D0103>? En échange, je vous donnerai une partie de ce que monseigneur me paiera.","Escorter le convoyeur<hex:021D0103>?<hex:02100103><hex:02100103><hex:024804F201F403><hex:024904F201F503>* Le niveau recommandé pour cet ALÉA est <hex:022003E80203>.<hex:0249020103><hex:0248020103>","","","Bon, je suppose qu'une piqûre de taon n'est rien comparée à la punition qui m'attend si l'hydromel n'arrive pas à temps...",""
89,1,1,1,1,1,1,1,1,0,0,0,0,0,0,0,0,1,1,1,1,1,1,1,1,0,0,0,0,0,0,0,0,0,0,0,0,0,0,0,0,False,False,False,False,False,False,False,False,1,1,1,1,1,1,1,1,"Nous n'avons forcé personne. Tous ceux qui étaient incapables de résister à l'appel du large sont partis il y a bien longtemps et je ne leur souhaite que du bonheur.","","","","","","",""
90,1,1,1,1,1,1,1,1,0,0,0,0,0,0,0,0,1,1,1,1,1,1,1,1,0,0,0,0,0,0,0,0,0,0,0,0,0,0,0,0,False,False,False,False,False,False,False,False,1,1,1,1,1,1,1,1,"Vivre sur la terre ferme n'est pas une partie de plaisir, mais pour être honnête, ça vaut mieux que d'être un pirate par les temps qui courent.","","","","","","",""
91,1,1,1,1,1,1,1,1,0,0,0,0,0,0,0,0,1,1,1,1,1,1,1,1,0,0,0,0,0,0,0,0,0,0,0,0,0,0,0,0,False,False,False,False,False,False,False,False,1,1,1,1,1,1,1,1,"Pas d'argent, pas de butin. Juste un vieux moulin pourri et quelques limaces à me mettre sous la dent.","Je devrais peut-être attaquer le repaire des Qiqirns, là-bas... Oups, j'ai rien dit<hex:021D0103>!","","","","","",""
92,1,1,1,1,1,1,1,1,0,0,0,0,0,0,0,0,1,1,1,1,1,1,1,1,0,0,0,0,0,0,0,0,0,0,0,0,0,0,0,0,False,False,False,False,False,False,False,False,1,1,1,1,1,1,1,1,"Le cap'taine dit qu'on aura pas d'rhum tant qu'le moulin marchera pas cor<hex:02160103>rec<hex:02160103>te<hex:02160103>ment. Heu<hex:02160103>reu<hex:02160103>se<hex:02160103>ment que je cache une bouteille près des chutes.","","","","","","",""
93,1,1,1,1,1,1,1,1,0,0,0,0,0,0,0,0,1,1,1,1,1,1,1,1,0,0,0,0,0,0,0,0,0,0,0,0,0,0,0,0,False,False,False,False,False,False,False,False,1,1,1,1,1,1,1,1,"Que le cap'taine aille pourrir dans les sept enfers<hex:021D0103>! Ce maudit moulin est en trrrop mauvais état. Il faudrait l'détruire et construire un nouveau bateau avec.","","","","","","",""
94,1,1,1,1,1,1,1,1,0,0,0,0,0,0,0,0,1,1,1,1,1,1,1,1,0,0,0,0,0,0,0,0,0,0,0,0,0,0,0,0,False,False,False,False,False,False,False,False,1,1,1,1,1,1,1,1,"Nous, les Dogues de mer, avons perdu notre navire et la moitié d'l'équipage quand l'ciel nous est tombé sur la tête, y a cinq ans. Sans l'cap'taine, on s'rait sûrement des mousses sur d'autres bateaux.","","","","","","",""
95,1,1,1,1,1,1,1,1,0,0,0,0,0,0,0,0,1,1,1,1,1,1,1,1,0,0,0,0,0,0,0,0,0,0,0,0,0,0,0,0,False,False,False,False,False,False,False,False,1,1,1,1,1,1,1,1,"Tu vois la Lalafelle assise là-bas<hex:021D0103>? C'est notre fidèle cap'taine. C'est elle qui voulait qu'on r'mette c'moulin en état.","Pourquoi un moulin<hex:021D0103>? Si j'ai appris quelque chose au cours d'mes années comme pirate, c'est qu'il faut jamais mettre en doute l'cap'taine.","","","","","",""
96,1,1,1,1,1,1,1,1,0,0,0,0,0,0,0,0,1,1,1,1,1,1,1,1,0,0,0,0,0,0,0,0,0,0,0,0,0,0,0,0,False,False,False,False,False,False,False,False,1,1,1,1,1,1,1,1,"J'ai connu pas mal de femmes dans ma jeunesse, c'est pour cela que j'ai accepté de suivre le cap'taine dans ce trou perdu.","Mais tu vois une beauté parmi ces racines et ces lianes<hex:021D0103>? Je me suis fait avoir...","","","","","",""
97,1,1,1,1,1,1,1,1,0,0,0,0,0,0,0,0,1,1,1,1,1,1,1,1,0,0,0,0,0,0,0,0,0,0,0,0,0,0,0,0,False,False,False,False,False,False,False,False,1,1,1,1,1,1,1,1,"Nous n'avons pas versé une seule goutte de sang en prenant le contrôle du moulin. Quand nous sommes arrivés, il était déjà abandonné depuis belle lurette. Enfin, tout aurait été différent si ça n'avait pas été le cas.","","","","","","",""
98,1,1,1,1,1,1,1,1,0,0,0,0,0,0,0,0,1,1,1,1,1,1,1,1,0,0,0,0,0,0,0,0,0,0,0,0,0,0,0,0,False,False,False,False,False,False,False,False,1,1,1,1,1,1,1,1,"Certains de ces hommes se délectent de leurs exploits sur les cinq mers. Moi<hex:021D0103>? J'ai horreur du grand large. Une femme comme moi arrive à peine à dormir avec les craquements et le roulis.","","","","","","",""
99,1,1,1,1,1,1,1,1,0,0,0,0,0,0,0,0,1,1,1,1,1,1,1,1,0,0,0,0,0,0,0,0,0,0,0,0,0,0,0,0,False,False,False,False,False,False,False,False,1,1,1,1,1,1,1,1,"Une fois, j'ai tranché la gorge du roi d'une île, j'ai enlevé ses filles et brûlé son village. Avec le butin gagné ce jour, j'ai pu boire du rhum pendant un mois. Et me voilà à valser dans les buissons. Alors, si tu crois que j'm'amuse, t'es encore plus bigleux qu'une taupe.","","","","","","",""
100,1,1,1,1,1,1,1,1,0,0,0,0,0,0,0,0,1,1,1,1,1,1,1,1,0,0,0,0,0,0,0,0,0,0,0,0,0,0,0,0,False,False,False,False,False,False,False,False,1,1,1,1,1,1,1,1,"L'équipage est là depuis trois ans, mais y a pas de quoi être fiers. Chaque fois que nous avançons, de nouvelles créatures sortent de nulle part pour nous donner une bonne raclée.","","","","","","",""
101,1,1,1,1,1,1,1,1,0,0,0,0,0,0,0,0,1,1,1,1,1,1,1,1,0,0,0,0,0,0,0,0,0,0,0,0,0,0,0,0,False,False,False,False,False,False,False,False,1,1,1,1,1,1,1,1,"Le cap'taine nous dit qu'notre jour viendra. J'ai rien d'mieux à faire de toute manière.","","","","","","",""
102,1,1,1,1,1,1,1,1,0,0,0,0,0,0,0,0,1,1,1,1,1,1,1,1,0,0,0,0,0,0,0,0,0,0,0,0,0,0,0,0,False,False,False,False,False,False,False,False,1,1,1,1,1,1,1,1,"Trancher la gorge de quelqu'un, rien de plus facile, mais s'approcher suf<hex:02160103>fi<hex:02160103>sam<hex:02160103>ment pour ça, c'est autre chose. S'approcher d'un arbre est facile, c'est la partie découpe qui est plus dure.","","","","","","",""
103,1,1,1,1,1,1,1,1,0,0,0,0,0,0,0,0,1,1,1,1,1,1,1,1,0,0,0,0,0,0,0,0,0,0,0,0,0,0,0,0,False,False,False,False,False,False,False,False,1,1,1,1,1,1,1,1,"T'es sur les terres des Dogues de mer, là<hex:021D0103>! Disparrrais avant que j'te découpe en rondelles<hex:021D0103>!","","","","","","",""
104,1,1,1,1,1,1,1,1,0,0,0,0,0,0,0,0,1,1,1,1,1,1,1,1,0,0,0,0,0,0,0,0,0,0,0,0,0,0,0,0,False,False,False,False,False,False,False,False,1,1,1,1,1,1,1,1,"J'imagine que tu te d'mandes pourquoi mes loups d'mer sont ici.","Eh bien, continue de réfléchir parce que j'suis pas près de t'le dire.","","","","","",""
105,1,1,1,1,1,1,1,1,0,0,0,0,0,0,0,0,1,1,1,1,1,1,1,1,0,0,0,0,0,0,0,0,0,0,0,0,0,0,0,0,False,False,False,False,False,False,False,False,1,1,1,1,1,1,1,1,"Pourquoi le seigneur Gegeruju doit-il toujours me faire attendre<hex:021D0103>?","","","","","","",""
106,1,1,1,1,1,1,1,1,0,0,0,0,0,0,0,0,1,1,1,1,1,1,1,1,0,0,0,0,0,0,0,0,0,0,0,0,0,0,0,0,False,False,False,False,False,False,False,False,1,1,1,1,1,1,1,1,"Ce que nous appelons rose embaumerait peut-être autant sous un autre nom... mais ça ne me coûterait pas aussi cher.","","","","","","",""
107,2,2,2,2,2,2,2,2,0,0,0,0,0,0,0,0,1,1,1,1,1,1,1,1,0,0,0,0,0,0,0,0,0,0,0,0,0,0,0,0,False,False,False,False,False,False,False,False,0,0,0,0,0,0,0,0,"Depuis que l'Amirale et la douane de Mealvaan ont mis en place des règles strictes concernant l'importation des mar<hex:02160103>chan<hex:02160103>di<hex:02160103>ses, des pirates se sont mis à utiliser des Gobelins pour faire passer leur contrebande en toute impunité.","Un de ces groupes de Gobelins a été découvert dans la vallée du Crâne, et mes hommes et moi avons reçu pour ordre de confisquer leur camelote et de tuer tous ceux qui refuseront de coopérer.","Nous avons besoin d'un<hex:020820E905FF0F>e aventurière<hex:FF0C> aventurier<hex:03>. Ne vous inquiétez pas, vous toucherez une récompense. Je ne peux cependant pas garantir votre sécurité. Mais c'est toujours comme ça, pas vrai<hex:021D0103>?","","","","",""
108,2,2,2,2,2,2,2,2,0,0,0,0,0,0,0,0,1,1,1,1,1,1,1,1,0,0,0,0,0,0,0,0,0,0,0,0,0,0,0,0,False,False,False,False,False,False,False,False,0,0,0,3,0,0,0,0,"Silence<hex:021D0103>! Vous risquez de mettre en péril notre mission<hex:021D0103>! Nous devons à tout prix confisquer les mar<hex:02160103>chan<hex:02160103>di<hex:02160103>ses de contrebande que transportent ces Gobelins<hex:021D0103>!","Enfin, vous pouvez nous aider si vous le désirez.","Si c'est le cas, infiltrez-vous dans le camp des Gobelins et récupérez autant de caisses que vous le pourrez. Si vous en croisez portant des caisses, essayez de les persuader de vous les remettre...","Participer à l'opération<hex:021D0103>?<hex:02100103><hex:02100103><hex:024804F201F403><hex:024904F201F503>* Le niveau recommandé pour cet ALÉA est <hex:022003E80203>.<hex:0249020103><hex:0248020103>","Je vous remercie. Rapportez-moi toutes les caisses que vous pourrez et je veillerai à ce qu'elles soient acheminées jusqu'à la douane.","","Dans ce cas, je vais vous demander de quitter ces lieux im<hex:02160103>mé<hex:02160103>dia<hex:02160103>te<hex:02160103>ment.",""
109,2,2,2,2,2,2,2,2,0,0,0,0,0,0,0,0,1,1,1,1,1,1,1,1,0,0,0,0,0,0,0,0,0,0,0,0,0,0,0,0,False,False,False,False,False,False,False,False,0,2,0,0,0,0,0,0,"Avez-vous pu subtiliser des caisses de contrebande<hex:021D0103>?","","","","Oui, il s'agit bien de mar<hex:02160103>chan<hex:02160103>di<hex:02160103>ses interdites par décret de l'amirauté. Vous avez fait une belle prise, mon ami<hex:020808E905FF02>e<hex:FF01><hex:03><hex:021D0103>! Dites-moi si vous en récupérez d'autres.","","Alors retournez-y<hex:021D0103>! Ces mar<hex:02160103>chan<hex:02160103>di<hex:02160103>ses ne vont pas se confisquer toutes seules.",""
110,2,2,2,2,2,2,2,2,0,0,0,0,0,0,0,0,1,1,1,1,1,1,1,1,0,0,0,0,0,0,0,0,0,0,0,0,0,0,0,0,False,False,False,False,False,False,False,False,0,0,0,3,0,0,0,0,"J'ai une requête urgente, mais seulement si vous êtes en rrroute pour le barrage du sud.","Je dois apporter des orrrdres de l'Amirale au commandant du Maelstrom stationné là-bas, mais les soldats qui devaient m'accompagner ne sont pas là. Je n'ai pas le temps de les attendre davantage.","Vous me semblez assez brrrave et <hex:020832E905FF1F>ex<hex:02160103>pé<hex:02160103>ri<hex:02160103>men<hex:02160103>tée<hex:FF0E>expérimenté<hex:03> pour les remplacer. Voulez-vous bien m'escorter à Quartpierre<hex:021D0103>? Je ne pense pas que nous aurons beaucoup de problèmes, mais je dois reconnaître m'être déjà trompée par le passé.","Escorter l'éclaireuse<hex:021D0103>?<hex:02100103><hex:02100103><hex:024804F201F403><hex:024904F201F503>* Le niveau recommandé pour cet ALÉA est <hex:022003E80203>.<hex:0249020103><hex:0248020103>","","","Je vois. Dans ce cas, il ne me reste plus qu'à espérrrer que les soldats du Maelstrom arriveront vite.",""
111,2,2,2,2,2,2,2,2,0,0,0,0,0,0,0,0,1,1,1,1,1,1,1,1,0,0,0,0,0,0,0,0,0,0,0,0,0,0,0,0,False,False,False,False,False,False,False,False,0,0,0,3,0,0,0,0,"Des citrons<hex:021D0103>! J'ai horreur des citrons<hex:021D0103>! Je déteste les citrons<hex:021D0103>!","Regardez cette cheville<hex:021D0103>! Elle fait la taille d'une citrouille des ogres<hex:021D0103>! Et tout ça parce que j'ai glissé sur cette maudite peau de citron<hex:021D0103>!","Et me voici, à quelques mètres seulement de la baie des Vêpres, bloqué de ce côté de la voie du Soleil... Tout ça à cause d'un CITRON<hex:021D0103>! Vous n'iriez pas dans cette direction, par hasard<hex:021D0103>? J'aurais bien besoin de quelqu'un sur qui m'appuyer.","Escorter le marchand jusqu'à la baie des Vêpres<hex:021D0103>?<hex:02100103><hex:02100103><hex:024804F201F403><hex:024904F201F503>* Le niveau recommandé pour cet ALÉA est <hex:022003E80203>.<hex:0249020103><hex:0248020103>","","","Je suppose que vous trouvez ça drôle. Un homme attaqué par une peau de citron... Allez-y, riez. ",""
112,2,2,2,2,2,2,2,2,0,0,0,0,0,0,0,0,1,1,1,1,1,1,1,1,0,0,0,0,0,0,0,0,0,0,0,0,0,0,0,0,False,False,False,False,False,False,False,False,0,0,0,0,0,0,0,0,"Des noyaux d'élémentaire de terre... on n'en a jamais assez...","","","","","","",""
113,2,2,2,2,2,2,2,2,0,0,0,0,0,0,0,0,1,1,1,1,1,1,1,1,0,0,0,0,0,0,0,0,0,0,0,0,0,0,0,0,False,False,False,False,False,False,False,False,0,2,0,0,0,0,0,0,"Des noyaux d'élémentaire de terre<hex:021D0103>? Je n'en ai jamais trop...","","","","Un noyau pour moi... Merci, ça va m'être bien utile...","","Très bien...",""
114,2,2,2,2,2,2,2,2,0,0,0,0,0,0,0,0,1,1,1,1,1,1,1,1,0,0,0,0,0,0,0,0,0,0,0,0,0,0,0,0,False,False,False,False,False,False,False,False,0,0,0,0,0,0,0,0,"Merci<hex:021D0103>! Grâce à vous je n'ai plus besoin d'aller à l'auberge voir cet homme à l'odeur rance au deuxième étage...","","","","","","",""
115,2,2,2,2,2,2,2,2,0,0,0,0,0,0,0,0,1,1,1,1,1,1,1,1,0,0,0,0,0,0,0,0,0,0,0,0,0,0,0,0,False,False,False,False,False,False,False,False,0,2,0,0,0,0,0,0,"Vous... vous voulez m'en donner plus<hex:021D0103>?","","","","Oh merci<hex:021D0103>! Mon petit frère va être si content...","","Vous aussi, vous avez un petit frère<hex:021D0103>?",""
116,2,2,2,2,2,2,2,2,0,0,0,0,0,0,0,0,1,1,1,1,1,1,1,1,0,0,0,0,0,0,0,0,0,0,0,0,0,0,0,0,False,False,False,False,False,False,False,False,0,0,0,0,0,0,0,0,"Oui, je crois que tout y est. Je vais enfin pouvoir prendre mon thé. Ah, quelle belle journée<hex:021D0103>!","","","","","","",""
117,2,2,2,2,2,2,2,2,0,0,0,0,0,0,0,0,1,1,1,1,1,1,1,1,0,0,0,0,0,0,0,0,0,0,0,0,0,0,0,0,False,False,False,False,False,False,False,False,0,2,0,0,0,0,0,0,"Vous voulez dire qu'il restait encore des caisses dans la maison<hex:021D0103>?","","","","Vous aviez raison, j'avais la tête ailleurs. Je me voyais déjà à Ul'dah, en train de prendre le thé avec cette noble dame...","","Bien sûr que non<hex:021D0103>! Toutes mes caisses sont là.",""
118,2,2,2,2,2,2,2,2,0,0,0,0,0,0,0,0,1,1,1,1,1,1,1,1,0,0,0,0,0,0,0,0,0,0,0,0,0,0,0,0,False,False,False,False,False,False,False,False,0,0,0,0,0,0,0,0,"Je devrais avoir suf<hex:02160103>fi<hex:02160103>sam<hex:02160103>ment de pierres d'âme, maintenant. Je pourrais éclairer ma chambre pendant des mois... euh, je veux dire découvrir un grand nombre de secrets<hex:021D0103>! Oui, c'est ça<hex:021D0103>!","","","","","","",""
119,2,2,2,2,2,2,2,2,0,0,0,0,0,0,0,0,1,1,1,1,1,1,1,1,0,0,0,0,0,0,0,0,0,0,0,0,0,0,0,0,False,False,False,False,False,False,False,False,0,2,0,0,0,0,0,0,"J'ai suf<hex:02160103>fi<hex:02160103>sam<hex:02160103>ment de pierres d'âmes pour effectuer mes recherches, mais je ne vais pas refuser celles qu'on m'apporte en plus, bien sûr.","","","","Excellent<hex:021D0103>! Mes collègues ne se moqueront plus jamais de moi<hex:021D0103>!","","Bon, vous savez où me trouver. (J'espère que ce n'est pas le cas pour les gardiens.)",""
120,2,2,2,2,2,2,2,2,0,0,0,0,0,0,0,0,1,1,1,1,1,1,1,1,0,0,0,0,0,0,0,0,0,0,0,0,0,0,0,0,False,False,False,False,False,False,False,False,0,0,0,3,0,0,0,0,"<hex:020837E905FF1C>Mademoiselle l'aventurière<hex:FF16>Monsieur l'aventurier<hex:03>, j'ai besoin de votre aide<hex:021D0103>! Je suis une humble pêcheuse de coquillage qui cherche à nourrir sa famille, mais...","Figurez-vous que des colibris viennent dévorer les huîtres arc-en-ciel que je vends quelques gils la douzaine à des artisans qui s'en servent dans leur ouvrage.","Ces vilains volatiles me suivent et attendent que j'aie trouvé un coquillage pour le chiper dans mon panier<hex:021D0103>! Ils sont bien trop rapides pour que je les attrape. Si seulement quelqu'un voulait bien m'aider à les récupérer... Ils n'ont sans doute pas encore digéré ce qu'ils m'ont volé, je dois pouvoir récupérer mes précieuses coquilles<hex:021D0103>!","Aider à récupérer les huîtres avalées<hex:021D0103>?<hex:02100103><hex:02100103><hex:024804F201F403><hex:024904F201F503>* Le niveau recommandé pour cet ALÉA est <hex:022003E80203>.<hex:0249020103><hex:0248020103>","Que les Douze vous bénissent<hex:021D0103>! Je vous attends ici.","","Si seulement quelqu'un pouvait m'aider...",""
121,2,2,2,2,2,2,2,2,0,0,0,0,0,0,0,0,1,1,1,1,1,1,1,1,0,0,0,0,0,0,0,0,0,0,0,0,0,0,0,0,False,False,False,False,False,False,False,False,0,0,0,0,0,0,0,0,"Les colibris ont dérobé tous mes coquillages<hex:021D0103>! Si je ne les récupère pas au plus vite, mes fils n'auront rien à manger et mourront de faim<hex:021D0103>!","","","","","","",""
122,2,2,2,2,2,2,2,2,0,0,0,0,0,0,0,0,1,1,1,1,1,1,1,1,0,0,0,0,0,0,0,0,0,0,0,0,0,0,0,0,False,False,False,False,False,False,False,False,0,2,0,0,0,0,0,0,"Est-ce que vous m'apportez des huîtres arc-en-ciel<hex:021D0103>!?","","","","Oh, merci infiniment<hex:021D0103>! Mais si jamais vous pouviez m'en apporter d'autres, cela m'aiderait beaucoup.","","S'ils passent trop de temps dans le jabot des colibris, mes coquillages perdront leur éclat et les gentils Lalafells refuseront de me les acheter.",""
123,2,2,2,2,2,2,2,2,0,0,0,0,0,0,0,0,1,1,1,1,1,1,1,1,0,0,0,0,0,0,0,0,0,0,0,0,0,0,0,0,False,False,False,False,False,False,False,False,0,0,0,0,0,0,0,0,"Ce soir, mes fils et moi mangerons des becs de dodo et des pieds de pélicans<hex:021D0103>!","","","","","","",""
124,2,2,2,2,2,2,2,2,0,0,0,0,0,0,0,0,1,1,1,1,1,1,1,1,0,0,0,0,0,0,0,0,0,0,0,0,0,0,0,0,False,False,False,False,False,False,False,False,0,2,0,0,0,0,0,0,"Avez-vous pu mettre la main sur des mar<hex:02160103>chan<hex:02160103>di<hex:02160103>ses de contrebande<hex:021D0103>?","","","","Parfait<hex:021D0103>! Dire que ce sont des gens respectables de la Noscea qui achètent ces saletés... Je vais veiller moi-même à ce que ces mar<hex:02160103>chan<hex:02160103>di<hex:02160103>ses soient brûlées.","","Nous n'avons pas beaucoup de temps. Si vous voyez quelque chose de suspect, apportez-le-moi im<hex:02160103>mé<hex:02160103>dia<hex:02160103>te<hex:02160103>ment.",""
125,2,2,2,2,2,2,2,2,0,0,0,0,0,0,0,0,1,1,1,1,1,1,1,1,0,0,0,0,0,0,0,0,0,0,0,0,0,0,0,0,False,False,False,False,False,False,False,False,0,0,0,0,0,0,0,0,"L'opération est terminée.","Il va nous falloir un peu de temps pour préparer ces caisses et les acheminer jusqu'à la douane, où elles seront inspectées, puis détruites. Si vous trouvez d'autres mar<hex:02160103>chan<hex:02160103>di<hex:02160103>ses de contrebande pendant ce temps, n'hésitez pas à m'en informer.","","","Très bien. Je vais ajouter ces objets aux autres. Merci pour votre con<hex:02160103>tri<hex:02160103>bu<hex:02160103>tion.","","",""
126,2,2,2,2,2,2,2,2,0,0,0,0,0,0,0,0,1,1,1,1,1,1,1,1,0,0,0,0,0,0,0,0,0,0,0,0,0,0,0,0,False,False,False,False,False,False,False,False,0,0,0,3,0,0,0,0,"Interdit aux Qiqirns. Pas d'exception. Vous n'êtes pas un Qiqirn, hein<hex:021D0103>?","Non. Si c'était le cas, je l'aurais senti.","Vous pouvez peut-être m'aider, du coup. Un groupe de ces fichus hommes-rats essaie de s'infiltrer ici pour nous voler notre vin. Comment je le sais<hex:021D0103>? Parce qu'ils essaient tous les jours, pardi<hex:021D0103>!","Offrir votre aide<hex:021D0103>?<hex:02100103><hex:02100103><hex:024804F201F403><hex:024904F201F503>* Le niveau recommandé pour cet ALÉA est <hex:022003E80203>.<hex:0249020103><hex:0248020103>","","","Oubliez ce que je vous ai dit. Je vais me débrouiller moi-même...",""
127,1,1,1,1,1,1,1,1,0,0,0,0,0,0,0,0,1,1,1,1,1,1,1,1,0,0,0,0,0,0,0,0,0,0,0,0,0,0,0,0,False,False,False,False,False,False,False,False,0,0,3,0,0,0,0,0,"Vous, là<hex:021D0103>! Oui, vous<hex:021D0103>! Vous semblez être la personne qu'il me faut. Pourrais-je vous convaincre de consacrer une partie de votre temps libre à l'élimination de petits nuisibles qui errent autour de la Tour de l'Œil<hex:021D0103>?","J'utilise le mot “petit”, mais il s'agit en réalité de géants. Ça vous dirait d'en tuer pour moi<hex:021D0103>?","Tuer des géants<hex:021D0103>?<hex:02100103><hex:02100103><hex:024804F201F403><hex:024904F201F503>* Le niveau recommandé pour cet ALÉA est <hex:022003E80203>.<hex:0249020103><hex:0248020103>","","Voilà qui me réjouit<hex:021D0103>! Venez, nous allons combattre ensemble<hex:021D0103>!","","Très bien... Vous voudriez bien quand même dire à ces incapables du camp de la Tête du dragon d'envoyer des renforts<hex:021D0103>? Comme vous le voyez, nous sommes en sous-effectif ici.",""
128,2,2,2,2,2,2,2,2,0,0,0,0,0,0,0,0,1,1,1,1,1,1,1,1,0,0,0,0,0,0,0,0,0,0,0,0,0,0,0,0,False,False,False,False,False,False,False,False,0,0,0,3,0,0,0,0,"Par tous les saints<hex:021D0103>! J'espérais justement qu'un<hex:020820E905FF0F>e aventurière<hex:FF0C> aventurier<hex:03> de votre trempe m'adresserait la parole. Puis-je vous demander un service<hex:021D0103>?","Je fais partie du collectif d'archéologues de la Fondation de Saint-Coinach et je dois me rendre à la Trouvaille pour y récupérer des documents importants. Le problème, c'est que le chemin est parsemé de créatures dangereuses.","Je vous payerais rubis sur l'ongle si vous vouliez bien dégager la route et veiller à ma sécurité.","Escorter l'archéologue<hex:021D0103>?<hex:02100103><hex:02100103><hex:024804F201F403><hex:024904F201F503>* Le niveau recommandé pour cet ALÉA est <hex:022003E80203>.<hex:0249020103><hex:0248020103>","","","J'imagine que c'était un peu trop vous demander... Enfin, je respecte votre décision. Nous avons tous nos priorités.",""
129,1,1,1,1,1,1,1,1,0,0,0,0,0,0,0,0,1,1,1,1,1,1,1,1,0,0,0,0,0,0,0,0,0,0,0,0,0,0,0,0,False,False,False,False,False,False,False,False,0,0,0,3,0,0,0,0,"Je vous en prie,  <hex:02081DE905FF0D>aventurière<hex:FF0B>aventurier<hex:03>. Je n'ai pas beaucoup de temps. Ils sont tout près... Ils peuvent me trouver d'un instant à l'autre<hex:021D0103>!","Qui ça<hex:021D0103>? Eh bien, les loups<hex:021D0103>! Vous ne les entendez pas<hex:021D0103>? Leurs grognements, le bruit de leurs pattes et leurs hurlements... Ils me glacent le sang... Cette meute est à mes trousses depuis que j'ai marché sur un piège à loups. Quelle ironie...","J'ai réussi à arriver jusqu'ici, mais ma blessure me fait ter<hex:02160103>ri<hex:02160103>ble<hex:02160103>ment souffrir et je suis à bout de forces. Je vous en supplie, escortez-moi jusqu'au camp de la Tête du dragon.","Escorter le chevalier blessé<hex:021D0103>?<hex:02100103><hex:02100103><hex:024804F201F403><hex:024904F201F503>* Le niveau recommandé pour cet ALÉA est <hex:022003E80203>.<hex:0249020103><hex:0248020103>","","","Vous me condamnez à une mort certaine...",""
130,2,2,2,2,2,2,2,2,0,0,0,0,0,0,0,0,1,1,1,1,1,1,1,1,0,0,0,0,0,0,0,0,0,0,0,0,0,0,0,0,False,False,False,False,False,False,False,False,0,0,0,3,0,0,0,0,"Un<hex:020820E905FF0F>e aventurière<hex:FF0C> aventurier<hex:03> avec de la bouteille<hex:021D0103>! Nous sommes des naturalistes et nous faisons partie du groupe d'exploration de Manteneige. Nous avons besoin d'aide pour une tâche qui nous dépasse com<hex:02160103>plè<hex:02160103>te<hex:02160103>ment.","Des géants... J'ai essayé de les raisonner. J'ai même cru que nous avions trouvé une solution lorsqu'ils m'ont proposé de nous laisser passer si je parvenais à répondre à leurs énigmes. C'était un jeu d'enfant, car ce ne sont que des brutes sans éducation, mais leur logique est telle qu'ils ont refusé toutes nos réponses.","Qu'est-ce qui est géant et écrase les petits hommes<hex:021D0103>? Un géant, n'est-ce pas<hex:021D0103>? Eh bien non, c'est le pied d'un géant<hex:021D0103>! Le pied d'un géant, par<hex:02160103>fai<hex:02160103>te<hex:02160103>ment<hex:021D0103>! On n'a jamais entendu une chose aussi absurde<hex:021D0103>! Bref, nous voilà coincés à cause de ces stupides géants. Si vous acceptiez de leur donner une bonne leçon, je veillerais à ce que votre récompense soit à la hauteur.","Répondre à l'appel du naturaliste<hex:021D0103>?<hex:02100103><hex:02100103><hex:024804F201F403><hex:024904F201F503>* Le niveau recommandé pour cet ALÉA est <hex:022003E80203>.<hex:0249020103><hex:0248020103>","","","Le pied d'un géant... C'est vraiment pas le pied. Ils me donneront peut-être une nouvelle chance si je leur demande. Et cette fois, nous serons prêts, mes hommes et moi<hex:021D0103>!",""
131,2,2,2,2,2,2,2,2,0,0,0,0,0,0,0,0,1,1,1,1,1,1,1,1,0,0,0,0,0,0,0,0,0,0,0,0,0,0,0,0,False,False,False,False,False,False,False,False,0,0,0,0,0,0,0,0,"Ravi de faire votre con<hex:02160103>nais<hex:02160103>san<hex:02160103>ce, <hex:02081DE905FF0D>aventurière<hex:FF0B>aventurier<hex:03>. Nous sommes des chevaliers au service de la famille Durendaire qui protégeons l'Observatoire, à l'est d'ici.","Nous avons été envoyés ici, car un groupe de géants en provenance de L'Épée se dirigerait en ce moment même vers le camp fortifié.","Nous sommes entraînés, mais nous ne sommes pas du genre à refuser l'aide qui s'offre à nous. Qu'en dites-vous<hex:021D0103>? Voulez-vous nous rejoindre et tenter d'apparaître un jour dans les chants et les légendes<hex:021D0103>?","","","","",""
132,2,2,2,2,2,2,2,2,0,0,0,0,0,0,0,0,1,1,1,1,1,1,1,1,0,0,0,0,0,0,0,0,0,0,0,0,0,0,0,0,False,False,False,False,False,False,False,False,0,0,0,3,0,0,0,0,"Je vous demande pardon. J'ai eu les yeux plus gros que le ventre et j'aurais besoin de l'aide d'un<hex:020834E905FF19>e collègue aventurière<hex:FF16> collègue aventurier<hex:03>.","J'ai accepté un mandat visant à récupérer des effets personnels dans les ruines du camp dévasté. Je pensais que je n'aurais qu'à entrer, récupérer les affaires, et repartir... Mais l'endroit grouille de crapauds géants assoiffés de sang.","Je vous offre la moitié de la récompense pour le mandat si vous éliminez les nix qui errent dans le coin. <hex:02100103>... Bon, très bien, 51% et je m'occupe de ramasser les objets perdus. D'accord<hex:021D0103>?","Faire le sale boulot de l'aventurière<hex:021D0103>?<hex:02100103><hex:02100103><hex:024804F201F403><hex:024904F201F503>* Le niveau recommandé pour cet ALÉA est <hex:022003E80203>.<hex:0249020103><hex:0248020103>","","","Est-ce une façon de traiter une consœur<hex:021D0103>? Et si les rôles étaient inversés<hex:021D0103>? Si c'était vous qui étiez coincé<hex:020808E905FF02>e<hex:FF01><hex:03> quelque part, las<hex:020809E905FF03>se<hex:FF01><hex:03> d'affronter d'innombrables créatures, et que vous aviez besoin d'aide pour récupérer des objets<hex:021D0103>? Eh bien, sachez que je ne vous aiderais pas<hex:021D0103>!",""
133,2,2,2,2,2,2,2,2,0,0,0,0,0,0,0,0,1,1,1,1,1,1,1,1,0,0,0,0,0,0,0,0,0,0,0,0,0,0,0,0,False,False,False,False,False,False,False,False,0,0,0,0,0,0,0,0,"Je vous les laisse<hex:021D0103>! J'attendrai que la voie soit libre pour récupérer les objets. Je... je ne voudrais surtout pas vous gêner.","Oh, et ne faites pas attention aux nix qui rôdent en dehors du camp. Je ne pense pas qu'ils nous posent problème.","","","","","",""
134,2,2,2,2,2,2,2,2,0,0,0,0,0,0,0,0,1,1,1,1,1,1,1,1,0,0,0,0,0,0,0,0,0,0,0,0,0,0,0,0,False,False,False,False,False,False,False,False,0,0,0,3,0,0,0,0,"Bonjour<hex:021D0103>! J'ai entendu dire qu'un engin magitek avait pris feu non loin d'ici. Je venais voir si je ne pouvais pas en récupérer quelques pièces pour les étudier à la guilde.","Pour quoi faire<hex:021D0103>? Il me semble qu'un sage a dit autrefois<hex:021D0103>: “Connais ton ennemi.” Je pense qu'en étudiant les pièces qui les composent, je pourrai découvrir comment ils fonctionnent.","Quand nous saurons comment ces machines marchent, nous saurons également comment les détruire. Si seulement j'avais quelqu'un pour m'aider...","Aider le dessinateur à récupérer des pièces de l'engin<hex:021D0103>?<hex:02100103><hex:02100103><hex:024804F201F403><hex:024904F201F503>* Le niveau recommandé pour cet ALÉA est <hex:022003E80203>.<hex:0249020103><hex:0248020103>","Formidable<hex:021D0103>! Vous êtes de l'étoffe des ingénieurs, croyez-moi. Ce métier, c'est 99% d'inspiration et 99% de transpiration, comme on dit. Récupérez ces pièces pour moi et vous serez sur la bonne voie.","","Cela ne vous intéresse pas<hex:021D0103>? Que diable vais-je donc pouvoir faire de tous ces gils qui m'encombrent<hex:021D0103>? J'espérais que vous m'aideriez à alléger ma bourse...",""
135,2,2,2,2,2,2,2,2,0,0,0,0,0,0,0,0,1,1,1,1,1,1,1,1,0,0,0,0,0,0,0,0,0,0,0,0,0,0,0,0,False,False,False,False,False,False,False,False,0,2,0,0,0,0,0,0,"Alors, si je mets cette fiche ronde dans ce trou carré... Oh<hex:021D0103>! Vous m'apportez d'autres pièces<hex:021D0103>? Approchez<hex:021D0103>! N'ayez pas peur<hex:021D0103>! Montrez-moi ça<hex:021D0103>!","","","","Ah, d'autres pièces du puzzle. Je vais m'amuser comme un fou à tout remettre en place<hex:021D0103>! Si jamais vous en trouvez d'autres, je serai là.","","Rien du tout<hex:021D0103>? Eh bien, continuez à chercher et moi je vais essayer de faire rentrer cette satanée fiche dans ce trou.",""
136,2,2,2,2,2,2,2,2,0,0,0,0,0,0,0,0,1,1,1,1,1,1,1,1,0,0,0,0,0,0,0,0,0,0,0,0,0,0,0,0,False,False,False,False,False,False,False,False,0,0,0,0,0,0,0,0,"Trouvez cette machine de guerre et démantelez-la. Je vous récompenserai pour toute pièce que vous m'apporterez.","","","","","","",""
137,2,2,2,2,2,2,2,2,0,0,0,0,0,0,0,0,1,1,1,1,1,1,1,1,0,0,0,0,0,0,0,0,0,0,0,0,0,0,0,0,False,False,False,False,False,False,False,False,0,0,2,0,0,0,0,0,"Avec toutes ces pièces, j'arriverai peut-être à remonter cet engin. Si seulement j'arrivais à comprendre comment faire rentrer cette fiche dans ce trou...","Il y a peut-être une fiche carrée quelque part... ou bien un trou rond. Enfin, je ne rentre pas tout de suite à la guilde. Si vous n'avez rien de mieux à faire, je ne bouge pas d'ici...","","","Excellent<hex:021D0103>! Ce n'est pas la fiche que je cherche, mais je pense pouvoir trouver le trou qui lui correspond.","","Rien du tout<hex:021D0103>? Eh bien, continuez à chercher et moi je vais essayer de faire rentrer cette satanée fiche dans ce trou.",""
138,2,2,2,2,2,2,2,2,0,0,0,0,0,0,0,0,1,1,1,1,1,1,1,1,0,0,0,0,0,0,0,0,0,0,0,0,0,0,0,0,False,False,False,False,False,False,False,False,0,0,0,0,0,0,0,0,"Je dois pouvoir fabriquer une fiche carrée, mais c'est beaucoup moins amusant...","","","","","","",""
139,2,2,2,2,2,2,2,2,0,0,0,0,0,0,0,0,1,1,1,1,1,1,1,1,0,0,0,0,0,0,0,0,0,0,0,0,0,0,0,0,False,False,False,False,False,False,False,False,0,0,0,3,0,0,0,0,"Bonjour<hex:021D0103>! Vous êtes un<hex:020820E905FF0F>e aventurière<hex:FF0C> aventurier<hex:03><hex:021D0103>? Mes frères et sœurs du Temple de la Sérénité m'ont dit qu'avec un peu de patience, un<hex:020820E905FF0F>e aventurière<hex:FF0C> aventurier<hex:03> finirait bien par passer par ici. Vous êtes bien un<hex:020820E905FF0F>e aventurière<hex:FF0C> aventurier<hex:03>, n'est-ce pas<hex:021D0103>?","Je me nomme... euh... c'est sans importance. Enfin, c'est ce que me disent mes frères du Temple de la Sérénité, en tout cas. Tant que je n'aurai pas prouvé ma valeur à la guilde, je ne serai qu'une feuille de l'arbre, anonyme et indiscernable des autres. Mais si j'arrive à terminer cette tâche, ce sera différent.","Je dois récupérer des pierres d'âme de golem pour que mes frères les étudient, mais je ne suis pas douée pour la magie, alors je suis incapable de lancer un sort pour apaiser ces maudites créatures. Vous voulez bien aider une pauvre élé<hex:02160103>men<hex:02160103>ta<hex:02160103>lis<hex:02160103>te à se faire un nom<hex:021D0103>?","Récupérer des pierres d'âme pour l'élé<hex:02160103>men<hex:02160103>ta<hex:02160103>lis<hex:02160103>te<hex:021D0103>?<hex:02100103><hex:02100103><hex:024804F201F403><hex:024904F201F503>* Le niveau recommandé pour cet ALÉA est <hex:022003E80203>.<hex:0249020103><hex:0248020103>","Merci infiniment. Je ne bouge pas d'ici.","","Mes frères du Temple de la Sérénité m'avaient bien dit que ce ne serait pas facile. Mais je ne me laisse pas abattre<hex:021D0103>! Je me ferai un nom, même si ça me prend l'éternité.",""
140,2,2,2,2,2,2,2,2,0,0,0,0,0,0,0,0,1,1,1,1,1,1,1,1,0,0,0,0,0,0,0,0,0,0,0,0,0,0,0,0,False,False,False,False,False,False,False,False,0,2,0,0,0,0,0,0,"Avez-vous des pierres d'âme<hex:021D0103>?","","","","Ha ha<hex:021D0103>! Attendez un peu, mes frères<hex:021D0103>! Encore quelques pierres et on m'appellera à nouveau par mon prénom<hex:021D0103>!","","Vraiment<hex:021D0103>? Cette bosse dans votre poche fait la même taille qu'une pierre d'âme de golem... Enfin, je peux me tromper.",""
141,2,2,2,2,2,2,2,2,0,0,0,0,0,0,0,0,1,1,1,1,1,1,1,1,0,0,0,0,0,0,0,0,0,0,0,0,0,0,0,0,False,False,False,False,False,False,False,False,0,0,0,0,0,0,0,0,"Les environs grouillent de golems. Quel est l'intérêt de donner vie à autant de ces créatures<hex:021D0103>? Je vais y réfléchir le temps que vous récupériez leurs pierres d'âme.","","","","","","",""
142,2,2,2,2,2,2,2,2,0,0,0,0,0,0,0,0,1,1,1,1,1,1,1,1,0,0,0,0,0,0,0,0,0,0,0,0,0,0,0,0,False,False,False,False,False,False,False,False,0,0,0,0,0,0,0,0,"Adelle<hex:021D0103>! Vous entendez ça, mes frères<hex:021D0103>? Je me nomme Adelle<hex:021D0103>! Avec deux L. Non, mettez-en trois<hex:021D0103>! Adellle<hex:021D0103>! Hahaha<hex:021D0103>! Et si l'aventuri<hex:02080DE905FF05>ère<hex:FF03>er<hex:03> me rapporte d'autres pierres d'âme, j'ajouterai peut-être même un autre D.","","","","","","",""
143,2,2,2,2,2,2,2,2,0,0,0,0,0,0,0,0,1,1,1,1,1,1,1,1,0,0,0,0,0,0,0,0,0,0,0,0,0,0,0,0,False,False,False,False,False,False,False,False,0,2,0,0,0,0,0,0,"Adelle<hex:021D0103>! Vous entendez ça, mes frères<hex:021D0103>? Je me nomme Adelle<hex:021D0103>! Avec deux L. Non, mettez-en trois<hex:021D0103>! Adellle<hex:021D0103>! Hahaha<hex:021D0103>! Et si l'aventuri<hex:02080DE905FF05>ère<hex:FF03>er<hex:03> me rapporte d'autres pierres d'âme, j'ajouterai peut-être même un autre D.","","","","D'autres pierres d'âme<hex:021D0103>? Oh, vous croyiez que j'étais sérieuse<hex:021D0103>? Eh bien, je les prends quand même, mais je ne compte pas ajouter de D à mon prénom.","","Addellle<hex:021D0103>! Ça roule sur la langue, vous ne trouvez pas<hex:021D0103>?",""
144,2,2,2,2,2,2,2,2,0,0,0,0,0,0,0,0,1,1,1,1,1,1,1,1,0,0,0,0,0,0,0,0,0,0,0,0,0,0,0,0,False,False,False,False,False,False,False,False,0,0,0,3,0,0,0,0,"Vous avez entendu parler du dragon Svara<hex:021D0103>? Évidemment que oui. Qui n'a jamais entendu ce maudit nom<hex:021D0103>? Enfin, d'après l'Observatoire, cette vile créature se dirigerait vers le Vigile d'Acier.","Nous devons atteindre cet endroit avant Svara pour préparer nos canons anti-dragon. C'est la seule arme qui peut percer la peau des dragons.","Le seul problème, c'est qu'à chaque combat contre Svara, il faut également affronter sa horde de fidèles, et mes hommes ne sont pas équipés pour cela. Puis-je vous demander de nous accompagner au Vigile<hex:021D0103>?","Protéger les ingénieurs<hex:021D0103>?<hex:02100103><hex:02100103><hex:024804F201F403><hex:024904F201F503>* Le niveau recommandé pour cet ALÉA est <hex:022003E80203>.<hex:0249020103><hex:0248020103>","","","",""
145,2,2,2,2,2,2,2,2,0,0,0,0,0,0,0,0,1,1,1,1,1,1,1,1,0,0,0,0,0,0,0,0,0,0,0,0,0,0,0,0,False,False,False,False,False,False,False,False,0,0,0,3,0,0,0,0,"Les gigas<hex:021D0103>! Ils sont partout et ils détruisent tout sur leur passage<hex:021D0103>!","Nous regagnions Ishgard pour transporter ces échan<hex:02160103>til<hex:02160103>lons lorsque ces brutes surgies de nulle part ont commencé à brandir leurs armes massives avant de tout détruire.","Nous avons juste eu le temps de fuir en abandonnant derrière nous nos affaires, et nos escortes sont trop épuisées pour les récupérer sans aide. Accepteriez-vous de nous aider à repousser ces géants<hex:021D0103>?","Violenter les gigas<hex:021D0103>?<hex:02100103><hex:02100103><hex:024804F201F403><hex:024904F201F503>* Le niveau recommandé pour cet ALÉA est <hex:022003E80203>.<hex:0249020103><hex:0248020103>","","","Les découvertes d'un mois complet réduites en poussière... Nos confrères de la Trouvaille vont être très déçus...",""
146,0,0,0,0,0,0,0,0,0,0,0,0,0,0,0,0,1,1,1,1,1,1,1,1,0,0,0,0,0,0,0,0,0,0,0,0,0,0,0,0,False,False,False,False,False,False,False,False,0,0,0,0,0,0,0,0,"Cette eau sacrée, surnommée “larmes de Daniffen”, est utilisée dans un grand nombre de rites sacrés à Ishgard.","Je suis venu ici pour collecter de l'eau, mais le problème, c'est que la source grouille d'élémentaires d'eau en colère. J'aurais besoin que quelqu'un trompe la vigilance de ces créatures pour remplir ces fioles de larmes, en échange d'une modeste récompense.","","","","","",""
147,0,0,0,0,0,0,0,0,0,0,0,0,0,0,0,0,1,1,1,1,1,1,1,1,0,0,0,0,0,0,0,0,0,0,0,0,0,0,0,0,False,False,False,False,False,False,False,False,0,2,0,0,0,0,0,0,"Avez-vous récupéré de l'eau sacrée<hex:021D0103>?","","","","Oui<hex:021D0103>! C'est exactement ça, mais il n'y en a pas encore assez. Si vous pouviez en récolter davantage, je vous la rachèterai avec plaisir.","","Vous êtes là pour rapporter de l'eau, vous aussi<hex:021D0103>? De nombreux pèlerins marchent sur les traces de Saint Daniffen entre le Coerthas et cet endroit, où il a perdu la vie à cause du traître. Mais pas besoin de vous ennuyer avec cela<hex:021D0103>; vous savez déjà tout cela si vous êtes un<hex:02081BE905FF0C>e pèlerine<hex:FF0A> pèlerin<hex:03>.",""
148,0,0,0,0,0,0,0,0,0,0,0,0,0,0,0,0,1,1,1,1,1,1,1,1,0,0,0,0,0,0,0,0,0,0,0,0,0,0,0,0,False,False,False,False,False,False,False,False,0,0,0,0,0,0,0,0,"Il doit y en avoir assez pour les prochains rites. Mon client sera content<hex:021D0103>! Mais si vous m'en rapportez encore, il me l'achètera sûrement pour d'autres occasions.","","","","","","",""
149,0,0,0,0,0,0,0,0,0,0,0,0,0,0,0,0,1,1,1,1,1,1,1,1,0,0,0,0,0,0,0,0,0,0,0,0,0,0,0,0,False,False,False,False,False,False,False,False,0,2,0,0,0,0,0,0,"Je pense en savoir suf<hex:02160103>fi<hex:02160103>sam<hex:02160103>ment pour mon client, mais je ne peux quand même pas refuser une telle opportunité. Ishgard est une grande ville. Je pense pouvoir y trouver un cardinal ou un évêque qui aura besoin de mes services.","","","","Oui, je pense avoir un acheteur potentiel. Mille mercis, aventuri<hex:02080DE905FF05>ère<hex:FF03>er<hex:03><hex:021D0103>! Puisse les Dieux vous protéger.","","Vous êtes là pour les larmes, vous aussi<hex:021D0103>? De nombreux pèlerins marchent sur les pas de Saint Daniffen entre Coerthas et cet endroit, là où il a perdu la vie à cause du Traître. Mais pas besoin de vous ennuyer<hex:021D0103>; vous savez déjà tout cela si vous êtes un<hex:02081BE905FF0C>e pèlerine<hex:FF0A> pèlerin<hex:03>.",""
150,2,2,2,2,2,2,2,2,0,0,0,0,0,0,0,0,1,1,1,1,1,1,1,1,0,0,0,0,0,0,0,0,0,0,0,0,0,0,0,0,False,False,False,False,False,False,False,False,0,0,0,3,0,0,0,0,"Tel un chevalier en armure étincelante sorti tout droit des temps jadis, vous avez traversé la brume bleue sur votre fidèle destrier pour venir en aide à un pauvre homme dans le besoin.","Ah, mes excuses. Mes collègues me disent que j'ai une certaine tendance aux élans dramatiques quand j'ai besoin d'aide. Je ne suis qu'un simple ingénieur venu ici pour mener une vie paisible avec ma femme.","Oh, je m'épanche à nouveau. Bref, l'usine de céruleum veut des noyaux d'élémentaire de terre pour stabiliser le céruleum extrait dans les mines. Nous ne sommes que des ingénieurs, alors nous demandons aux aventuriers de nous fournir ces noyaux. Qu'en dites-vous<hex:021D0103>?","Tuer des élémentaires de terre pour obtenir leurs noyaux<hex:021D0103>?<hex:02100103><hex:02100103><hex:024804F201F403><hex:024904F201F503>* Le niveau recommandé pour cet ALÉA est <hex:022003E80203>.<hex:0249020103><hex:0248020103>","Formidable<hex:021D0103>! Merci infiniment<hex:021D0103>!","","Oh, pauvre de moi. La tristesse m'envahit alors que mon chevalier s'éloigne lentement dans le soleil couchant<hex:021D0103>!",""
151,2,2,2,2,2,2,2,2,0,0,0,0,0,0,0,0,1,1,1,1,1,1,1,1,0,0,0,0,0,0,0,0,0,0,0,0,0,0,0,0,False,False,False,False,False,False,False,False,0,0,0,0,0,0,0,0,"On peut généralement trouver des noyaux d'élémentaires à Brumebleue, des restes d'élémentaires disparus il y a longtemps. Mais si nous attendions patiemment qu'un nombre suffisant d'élémentaires meurent de façon naturelle pour se procurer leurs noyaux, nous serions morts et enterrés avant d'avoir ce dont on a besoin. Non, il n'y a qu'un moyen, s'en procurer sur des élémentaires vivants.","Les noyaux récupérés permettront de renforcer les fondations de l'usine de céruleum et de réduire les vibrations des combats alentour, vibrations qui pourraient causer la combustion d'un morceau de céruleum instable et faire s'effondrer toute la montagne.","Mais assez parlé. Je vous attendrai ici.","","","","",""
152,2,2,2,2,2,2,2,2,0,0,0,0,0,0,0,0,1,1,1,1,1,1,1,1,0,0,0,0,0,0,0,0,0,0,0,0,0,0,0,0,False,False,False,False,False,False,False,False,0,2,0,0,0,0,0,0,"Avez-vous trouvé d'autres noyaux<hex:021D0103>?","","","","C'est formidable<hex:021D0103>! Le destin vous a mis<hex:020808E905FF02>e<hex:FF01><hex:03> sur ma route<hex:021D0103>! Ces noyaux nous ont rapprochés<hex:021D0103>! Avec d'autres noyaux, nous serions encore plus proches<hex:021D0103>!","","Vous ne voulez pas garder ces noyaux pour vous, quand même<hex:021D0103>? À quoi pourrait bien vous servir un noyau d'élémentaire à part à vous enrichir<hex:021D0103>?",""
153,1,1,1,1,1,1,1,1,0,0,0,0,0,0,0,0,1,1,1,1,1,1,1,1,0,0,0,0,0,0,0,0,0,0,0,0,0,0,0,0,False,False,False,False,False,False,False,False,0,0,0,3,0,0,0,0,"Pardonnez-moi, mais iriez-vous par hasard vers le camp de la Tête du dragon<hex:021D0103>? Si c'est le cas, j'ai une proposition à vous faire.","Je suis un astrologue de l'Observatoire. Je dois confier ces résultats à un messager pour qu'il les apporte à l'archevêque.","En temps normal, j'aurais dû être accompagné d'un chevalier au service de la maison Durendaire, mais ceux affectés à l'Observatoire ont dû se rendre à L'Épée pour une in<hex:02160103>ter<hex:02160103>ven<hex:02160103>tion. J'aimerais donc vous demander de m'accompagner.","Escorter l'astrologue<hex:021D0103>?<hex:02100103><hex:02100103><hex:024804F201F403><hex:024904F201F503>* Le niveau recommandé pour cet ALÉA est <hex:022003E80203>.<hex:0249020103><hex:0248020103>","","","Je n'en attendais pas moins d'un<hex:02081DE905FF0D>e incroyante<hex:FF0B> incroyant<hex:03>. Ishgard a bien raison de fermer ses portes aux personnes de votre espèce.",""
154,2,2,2,2,2,2,2,2,0,0,0,0,0,0,0,0,1,1,1,1,1,1,1,1,0,0,0,0,0,0,0,0,0,0,0,0,0,0,0,0,False,False,False,False,False,False,False,False,0,0,0,3,0,0,0,0,"Ah, quelle chance de vous trouver ici<hex:021D0103>! Cette rencontre est cer<hex:02160103>tai<hex:02160103>ne<hex:02160103>ment un signe des Douze, j'en suis sûr<hex:021D0103>! Voyez-vous, mon chocobo a eu peur de traverser le pont de lianes au-dessus du ravin, et a pris la fuite.","À cause de ça, j'ai perdu mes compagnons de caravane... Et maintenant, me voilà perdu au milieu de nulle part, avec ma bête qui ne veut pas se remettre en route.","Est-ce que vous voudriez bien me protéger jusqu'à ce que mon chocobo soit calmé<hex:021D0103>? Je sens qu'il y a des bêtes féroces qui rôdent par ici.","Protéger le marchand<hex:021D0103>?<hex:02100103><hex:02100103><hex:024804F201F403><hex:024904F201F503>* Le niveau recommandé pour cet ALÉA est <hex:022003E80203>.<hex:0249020103><hex:0248020103>","Votre bonté sera récompensée. J'ai des moyens et je compte bien vous remercier comme il se doit... une fois que j'aurai rejoint ma caravane, évidemment.","","Ô, Nymeia<hex:021D0103>! Pourquoi m'enlèves-tu toujours ce qu'Oschon a si généreusement mis sur mon chemin<hex:021D0103>? Et pourquoi mon chocobo est si peureux<hex:021D0103>?",""
155,2,2,2,2,2,2,2,2,0,0,0,0,0,0,0,0,1,1,1,1,1,1,1,1,0,0,0,0,0,0,0,0,0,0,0,0,0,0,0,0,False,False,False,False,False,False,False,False,0,0,0,3,0,0,0,0,"Jijiroon aimer tous les œufs, les gros, les petits, les normaux. Jijiroon a jamais vu d'œufs carrés. Et vous<hex:021D0103>?","Non<hex:021D0103>? Et un œuf de pélican<hex:021D0103>? Œufs de pélican être gros. Et ronds. Et avoir bon goût.","Jijiroon aimer les œufs de pélican. Qiqirns échanger des clic clic contre des œufs de pélican. Jijiroon échanger des clic clic contre des œufs de pélican et puis des œufs de pélican contre plus de clic clic<hex:021D0103>!","Échanger des œufs de pélican à Jijiroon contre des clic clic<hex:021D0103>?<hex:02100103><hex:02100103><hex:024804F201F403><hex:024904F201F503>* Le niveau recommandé pour cet ALÉA est <hex:022003E80203>.<hex:0249020103><hex:0248020103>","Jijiroon être un Qiqirn malin<hex:021D0103>! Un Qiqirn très malin<hex:021D0103>!","","Pas d'œufs, pas de clic clic... Pas de clic clic, pas d'œufs... Et pas d'œufs, pas de miam miam...",""
156,2,2,2,2,2,2,2,2,0,0,0,0,0,0,0,0,1,1,1,1,1,1,1,1,0,0,0,0,0,0,0,0,0,0,0,0,0,0,0,0,False,False,False,False,False,False,False,False,0,2,0,0,0,0,0,0,"Aventuri<hex:02080DE905FF05>ère<hex:FF03>er<hex:03> avoir des œufs pour Jijiroon<hex:021D0103>?","","","","Oh ho<hex:021D0103>! Jijiroon devoir éviter de toucher les œufs délicieux. Œufs donner des clic clic. Jijiroon adorer les clic clic<hex:021D0103>!","","Aventuri<hex:02080DE905FF05>ère<hex:FF03>er<hex:03>  vouloir garder les œufs pour <hex:02080EE905FF05>elle<hex:FF04>lui<hex:03><hex:021D0103>! Clic clic de Jijiroon pas briller assez<hex:021D0103>?",""
157,2,2,2,2,2,2,2,2,0,0,0,0,0,0,0,0,1,1,1,1,1,1,1,1,0,0,0,0,0,0,0,0,0,0,0,0,0,0,0,0,False,False,False,False,False,False,False,False,0,0,0,0,0,0,0,0,"Plus d'œufs, plus de clic clic... Pas d'œufs, pas de clic clic<hex:021D0103>!","","","","","","",""
158,2,2,2,2,2,2,2,2,0,0,0,0,0,0,0,0,1,1,1,1,1,1,1,1,0,0,0,0,0,0,0,0,0,0,0,0,0,0,0,0,False,False,False,False,False,False,False,False,0,0,0,0,0,0,0,0,"Plus d'œufs, plus de clic clic... Encore des œufs, encore des clic clic<hex:021D0103>!","","","","","","",""
159,2,2,2,2,2,2,2,2,0,0,0,0,0,0,0,0,1,1,1,1,1,1,1,1,0,0,0,0,0,0,0,0,0,0,0,0,0,0,0,0,False,False,False,False,False,False,False,False,0,2,0,0,0,0,0,0,"Aventuri<hex:02080DE905FF05>ère<hex:FF03>er<hex:03> avoir des œufs pour Jijiroon<hex:021D0103>?","","","","Oh ho<hex:021D0103>! Jijiroon devoir éviter de toucher les œufs délicieux. Œufs donner des clic clic. Jijiroon adorer les clic clic<hex:021D0103>!","","Aventuri<hex:02080DE905FF05>ère<hex:FF03>er<hex:03>  vouloir garder les œufs pour <hex:02080EE905FF05>elle<hex:FF04>lui<hex:03><hex:021D0103>! Clic clic de Jijiroon pas briller assez<hex:021D0103>?",""
160,2,2,2,2,2,2,2,2,0,0,0,0,0,0,0,0,1,1,1,1,1,1,1,1,0,0,0,0,0,0,0,0,0,0,0,0,0,0,0,0,False,False,False,False,False,False,False,False,0,0,0,3,0,0,0,0,"Pourquoi suis-je si mal<hex:02160103>chan<hex:02160103>ceu<hex:02160103>se<hex:021D0103>? J'avais enfin rencontré un homme bien<hex:021D0103>: grand, séduisant, affectueux. Je l'invite à une après-midi romantique à la mare de l'Espoir pour pêcher et écouter le bruit du vent dans les feuilles.","Mais qu'est-ce qui se passe sur le chemin du retour<hex:021D0103>? Ce qu'il se passe à chaque fois<hex:021D0103>! Des lindwurms s'en sont pris à nous<hex:021D0103>! Et mon amour a donné sa vie pour que je puisse m'échapper. Et me voilà vingt ans plus tard, toujours sans mari.","Oh, j'ai failli oublier. Les lindwurms ont fini de dévorer mon âme sœur et en ont désormais après moi. Je devrais peut-être attendre qu'ils s'occupent de moi. Personne ne viendra donc à mon secours<hex:021D0103>?","Secourir la demoiselle en détresse<hex:021D0103>?<hex:02100103><hex:02100103><hex:024804F201F403><hex:024904F201F503>* Le niveau recommandé pour cet ALÉA est <hex:022003E80203>.<hex:0249020103><hex:0248020103>","","","J'arrive, Gerard... Gerald<hex:021D0103>? Non, Gerald, c'était la semaine dernière... Enfin, je pense qu'il y sera également.",""
161,2,2,2,2,2,2,2,2,0,0,0,0,0,0,0,0,1,1,1,1,1,1,1,1,0,0,0,0,0,0,0,0,0,0,0,0,0,0,0,0,False,False,False,False,False,False,False,False,0,0,0,3,0,0,0,0,"Ah, un<hex:020820E905FF0F>e aventurière<hex:FF0C> aventurier<hex:03><hex:021D0103>! Je me nomme Phanaxio et j'ai besoin de vous.","Nous sommes à un endroit bien triste où a été versée une énorme quantité de sang. Mes compagnons ont été tués par les dénaturés, car ils refusaient de participer à leur plan.","Je veux simplement récupérer leurs affaires. N'allez-vous pas répondre à ma prière<hex:021D0103>?","Récupérer les effets des Sylphes disparus<hex:021D0103>?<hex:02100103><hex:02100103><hex:024804F201F403><hex:024904F201F503>* Le niveau recommandé pour cet ALÉA est <hex:022003E80203>.<hex:0249020103><hex:0248020103>","Votre réponse me plaît. J'attendrai ici que vous rapportiez les objets.","","Votre réponse me cloue le bec, mais je vais devoir faire avec...",""
162,2,2,2,2,2,2,2,2,0,0,0,0,0,0,0,0,1,1,1,1,1,1,1,1,0,0,0,0,0,0,0,0,0,0,0,0,0,0,0,0,False,False,False,False,False,False,False,False,0,2,0,0,0,0,0,0,"Avez-vous réussi à réunir les effets de mes amis<hex:021D0103>?","","","","Jamais je ne pourrai vous remercier assez<hex:021D0103>!<hex:02100103>Mais il reste des objets à trouver.","","Si c'est comme cela, <hex:02100103>Je pense que cela attendra.",""
163,2,2,2,2,2,2,2,2,0,0,0,0,0,0,0,0,1,1,1,1,1,1,1,1,0,0,0,0,0,0,0,0,0,0,0,0,0,0,0,0,False,False,False,False,False,False,False,False,0,0,0,0,0,0,0,0,"Si nous voulons que leur mémoire perdure, nous devons rassembler les effets de mes compagnons.<hex:02100103>J'attendrai votre retour dans les environs.","","","","","","",""
164,2,2,2,2,2,2,2,2,0,0,0,0,0,0,0,0,1,1,1,1,1,1,1,1,0,0,0,0,0,0,0,0,0,0,0,0,0,0,0,0,False,False,False,False,False,False,False,False,0,0,0,0,0,0,0,0,"Je suis si triste d'avoir perdu mes compagnons, mais en récupérant leurs effets,<hex:02100103>Nous leur permettrons de vivre dans nos mémoires à tout jamais.","","","","","","",""
165,2,2,2,2,2,2,2,2,0,0,0,0,0,0,0,0,1,1,1,1,1,1,1,1,0,0,0,0,0,0,0,0,0,0,0,0,0,0,0,0,False,False,False,False,False,False,False,False,0,2,0,0,0,0,0,0,"Avez-vous trouvé d'autres effets de mes compagnons décédés<hex:021D0103>?","","","","Jamais je n'aurais imaginé que vous soyez à la hauteur.<hex:02100103>Je vous remercie de tout cœur.","","Je vais me préparer à emporter tous ces objets.",""
166,2,2,2,2,2,2,2,2,0,0,0,0,0,0,0,0,1,1,1,1,1,1,1,1,0,0,0,0,0,0,0,0,0,0,0,0,0,0,0,0,False,False,False,False,False,False,False,False,0,0,0,3,0,0,0,0,"Pourquoi toutes ces histoires<hex:021D0103>? Eh bien, à cause de ce... type. Bien qu'on lui ait interdit l'accès aux sources, il continue de s'y rendre chaque jour et d'importuner nos autres clients, alors qu'il sait qu'il n'est plus le bienvenu ici.","Oh, mais n'allez pas croire qu'il a été banni à cause de ce qu'il est, mais à cause de ce qu'il a fait, c'est-à-dire s'exhiber devant les autres baigneurs et exécuter une danse qui est, comment dire... obscène, c'est le mot, oui. Nous avons reçu de nombreuses plaintes, hélas.","Je dois le faire sortir, mais regardez-moi ce colosse<hex:021D0103>! Sans aide, je crains que les choses ne tournent pas à mon avantage. Accepteriez-vous de m'aider, avant que je perde tous mes clients<hex:021D0103>?","Escorter le Mamool Ja obscène loin des sources<hex:021D0103>?<hex:02100103><hex:02100103><hex:024804F201F403><hex:024904F201F503>* Le niveau recommandé pour cet ALÉA est <hex:022003E80203>.<hex:0249020103><hex:0248020103>","","","Souhaitez-moi bonne chance, je risque d'en avoir besoin...",""
167,1,1,1,1,1,1,1,1,0,0,0,0,0,0,0,0,1,1,1,1,1,1,1,1,0,0,0,0,0,0,0,0,0,0,0,0,0,0,0,0,False,False,False,False,False,False,False,False,0,0,0,3,0,0,0,0,"Dites-moi, auriez-vous vu deux traîtres de serpents en venant ici<hex:021D0103>? Non, j'imagine que non. Mais cela n'a plus d'importance. L'important, c'est l'opportunité qui nous sourit. Enfin, si vous n'êtes pas un traître de serpent.","Regardez autour de vous. Que voyez-vous<hex:021D0103>? Cet endroit vous semble-t-il fait pour un marchand désarmé<hex:021D0103>? Je ne pense pas. Alors, vous vous demandez sûrement ce que je fais ici. J'aimerais avoir une réponse à vous fournir. J'étais en route pour l'usine de céruleum escorté par deux membres du Clan du Feu et je me suis réveillé ici, tout seul.","Oui, j'ai peut-être dit que j'allais réduire de moitié leur paie parce qu'ils n'avaient pas tué de monstre depuis cette coccinelle près du Jet de pierre, mais passons. Ils auraient pu attendre que nous arrivions à l'usine que je leur donne la moitié de leur argent au lieu de m'abandonner ici sans escorte...","Accompagner le marchand jusqu'à l'usine<hex:021D0103>?<hex:02100103><hex:02100103><hex:024804F201F403><hex:024904F201F503>* Le niveau recommandé pour cet ALÉA est <hex:022003E80203>.<hex:0249020103><hex:0248020103>","","","Mais je vous aurais donné l'argent que je leur avais promis<hex:021D0103>! Cela ne vous suffit pas<hex:021D0103>?",""
168,2,2,2,2,2,2,2,2,0,0,0,0,0,0,0,0,1,1,1,1,1,1,1,1,0,0,0,0,0,0,0,0,0,0,0,0,0,0,0,0,False,False,False,False,False,False,False,False,0,0,0,3,0,0,0,0,"Un éclaireur vient de rentrer avec de tristes nouvelles. Un groupe d'Amalj'aa accompagné d'esclaves subjugués vient de commencer un rite d'invocation tout près d'ici. Vous savez ce que cela veut dire, bien sûr. Ifrit<hex:021D0103>! Le Primordial de feu pourrait apparaître à tout moment<hex:021D0103>!","Je sais que mon unité se battrait avec courage contre le Primordial des flammes infernales, mais je crains qu'il n'ait le dessus et que mes hommes meurent pour rien. Cependant, nous pourrions peut-être maîtriser les Amalj'aa qui effectuent le rite.","Il nous faudra juste un petit coup de main. Si nous attaquons les Amalj'aa et leurs esclaves, nous ferons diversion suf<hex:02160103>fi<hex:02160103>sam<hex:02160103>ment longtemps pour détruire le crasset flamboyant utilisé pour le rite. Ainsi, nous pourrions contrecarrer leur plan et les repousser jusqu'à Zahar'ak. Voulez-vous vous joindre à nous<hex:021D0103>?","Rejoindre les Immortels<hex:021D0103>?<hex:02100103><hex:02100103><hex:024804F201F403><hex:024904F201F503>* Le niveau recommandé pour cet ALÉA est <hex:022003E80203>.<hex:0249020103><hex:0248020103>","","","Alors, nous procéderons sans vous. Telle est notre destinée.",""
169,2,2,2,2,2,2,2,2,0,0,0,0,0,0,0,0,1,1,1,1,1,1,1,1,0,0,0,0,0,0,0,0,0,0,0,0,0,0,0,0,False,False,False,False,False,False,False,False,0,0,0,0,0,0,0,0,"Nous devons im<hex:02160103>mé<hex:02160103>dia<hex:02160103>te<hex:02160103>ment mettre fin aux rites d'invocation<hex:021D0103>!","Pour cela, une seule solution<hex:021D0103>: forcer les  Amalj'aa qui ont prévu d'utiliser ce récipient impie à nous révéler où se trouve le crasset flamboyant.","Mais méfiez-vous des subjugués. Même s'ils le cachent bien, ils ne sont plus les mêmes. Ils ont été débarrassés de leur âme et n'hésiteront pas à se jeter sur votre lame pour protéger leurs maîtres. Éliminez-les uniquement s'ils ne vous laissent pas d'autre choix.","","","","",""
170,0,0,0,0,0,0,0,0,0,0,0,0,0,0,0,0,1,1,1,1,1,1,1,1,0,0,0,0,0,0,0,0,0,0,0,0,0,0,0,0,False,False,False,False,False,False,False,False,0,0,0,3,0,0,0,0,"Ah<hex:021D0103>! Vous, vous avez une tête à avoir de la force dans les bras. Vous pourriez me donner un coup de main<hex:021D0103>?","J'ai perdu des caisses de mon chargement en cours de route, et je viens seulement de m'en apercevoir. ","C'est du vin de grande qualité, alors je dois absolument récupérer ces caisses pour les livrer à Port-aux-Vins, mais je ne suis pas sûr d'y arriver seul.","Aidez l'homme à récupérer ses caisses de vin<hex:021D0103>?<hex:02100103><hex:02100103><hex:024804F201F403><hex:024904F201F503>* Le niveau recommandé pour cet ALÉA est <hex:022003E80203>.<hex:0249020103><hex:0248020103>","","","Zut... J'aurais vraiment dû passer plus de temps à faire de la musculation.",""
171,2,2,2,2,2,2,2,2,0,0,0,0,0,0,0,0,1,1,1,1,1,1,1,1,0,0,0,0,0,0,0,0,0,0,0,0,0,0,0,0,False,False,False,False,False,False,False,False,0,0,0,0,0,0,0,0,"La fortune est de nature changeante, mais aujourd'hui, elle a choisi de sourire à un pauvre ingénieur solitaire, et je l'en remercie. Mais je vous remercie également...","Je dois rassembler mes affaires et me préparer pour le court trajet jusqu'à l'usine. Si jamais vous trouvez des noyaux avant mon départ, je vous les achèterai avec plaisir.","","","","","",""
172,2,2,2,2,2,2,2,2,0,0,0,0,0,0,0,0,1,1,1,1,1,1,1,1,0,0,0,0,0,0,0,0,0,0,0,0,0,0,0,0,False,False,False,False,False,False,False,False,0,2,0,0,0,0,0,0,"Qu'est-ce qu'il y a<hex:021D0103>? Auriez-vous récupéré d'autres noyaux sur les cadavres encore fumants des gentils élémentaires de la région<hex:021D0103>?","","","","Bravo<hex:021D0103>! Dès que j'ai fait votre rencontre, je savais que vous n'étiez pas du genre à laisser tomber les gens. C'est formidable.","","Vous ne ferez rien de ces noyaux d'élémentaires. Peu de personnes en ce bas monde en ont besoin, et je vous garantis que ces personnes vous paieront moins bien que moi.",""
173,1,1,1,1,1,1,1,1,0,0,0,0,0,0,0,0,1,1,1,1,1,1,1,1,0,0,0,0,0,0,0,0,0,0,0,0,0,0,0,0,False,False,False,False,False,False,False,False,0,0,0,3,0,0,0,0,"Chut<hex:021D0103>! Pas un bruit<hex:021D0103>! L'ennemi va nous repérer si vous continuez<hex:021D0103>! Je suis en mission, moi<hex:021D0103>! Regardez, vous voyez les troupes impériales là-bas<hex:021D0103>? J'étais ici pour découvrir ce qu'elles font là et comment elles sont parvenues aussi loin dans la Sylve des Douze, mais des Sylphes subjugués ont fait leur apparition.","Les Sylphes ont commencé à s'en prendre aux éclaireurs impériaux. Ces Sylphes-là sont subjugués et ne sont pas ce que l'on pourrait nommer des alliés de Gridania, mais nous pourrions utiliser cette situation à notre avantage pour les laisser affaiblir les soldats.","On pourrait les laisser s'affronter jusqu'au bout, mais mieux vaut éviter un pugilat généralisé. Essayez donc d'intervenir pour éliminer les Garlemaldais avant que l'escarmouche se transforme en carnage, mais faites attention aux Sylphes hostiles. Si ce plan fonctionne, on m'offrira l'insigne foliaire du serpent<hex:021D0103>! Oh, et vous... euh... vous aurez une récompense.","Mettre à exécution le plan de  Mianne<hex:021D0103>?<hex:02100103><hex:02100103><hex:024804F201F403><hex:024904F201F503>* Le niveau recommandé pour cet ALÉA est <hex:022003E80203>.<hex:0249020103><hex:0248020103>","Merci beaucoup<hex:021D0103>!","","Hors de ma vue. Je ne vais pas me faire repérer parce que vous ne savez pas vous taire.",""
174,1,1,1,1,1,1,1,1,0,0,0,0,0,0,0,0,1,1,1,1,1,1,1,1,0,0,0,0,0,0,0,0,0,0,0,0,0,0,0,0,False,False,False,False,False,False,False,False,0,0,0,3,0,0,0,0,"Vous arrivez au bon moment. Si vous cherchez du travail, vous avez de la chance, car nous avons besoin de main-d'œuvre.","Mon unité a appris que les Kobolds ont entamé de nouvelles fouilles non loin d'ici et sont en train d'acheminer leurs outils jusqu'au site. Ils ne savent pas que mes hommes sont là et, si nous frappons im<hex:02160103>mé<hex:02160103>dia<hex:02160103>te<hex:02160103>ment, nous les prendrons au dépourvu et nous aurons l'avantage. ","Nous parviendrons peut-être également à détruire leur équipement. C'est une bonne occasion de vous faire bien voir du Maelstrom. Qu'en pensez-vous<hex:021D0103>? Nous avons de la place pour vous et tout ce que vous récupérerez dans cette maudite montagne sera à vous. Enfin, si vous survivez, bien sûr. ","Participer à l'assaut<hex:021D0103>?<hex:02100103><hex:02100103><hex:024804F201F403><hex:024904F201F503>* Le niveau recommandé pour cet ALÉA est <hex:022003E80203>.<hex:0249020103><hex:0248020103>","","","Et vous seriez prêt<hex:020808E905FF02>e<hex:FF01><hex:03> à manquer une telle opportunité<hex:021D0103>? Vous, les aventuriers, vous êtes de vraies girouettes<hex:021D0103>!",""
175,2,2,2,2,2,2,2,2,0,0,0,0,0,0,0,0,1,1,1,1,1,1,1,1,0,0,0,0,0,0,0,0,0,0,0,0,0,0,0,0,False,False,False,False,False,False,False,False,0,0,0,3,0,0,0,0,"Ma fille<hex:021D0103>! Ils ont enlevé ma fille<hex:021D0103>!","Ils étaient quatre et portaient des robes rouges. Ils m'ont assuré qu'ils ne lui feraient pas de mal, mais je sais que ces damnés Survivalistes font des sacrifices humains à leur dieu païen<hex:021D0103>!","Je vous en prie<hex:021D0103>! Je ne suis qu'un pauvre fermier, mais vous, vous avez le pouvoir de sauver ma fille du sombre destin qui l'attend. Par pitié<hex:021D0103>!","Traquer les ravisseurs<hex:021D0103>?<hex:02100103><hex:02100103><hex:024804F201F403><hex:024904F201F503>* Le niveau recommandé pour cet ALÉA est <hex:022003E80203>.<hex:0249020103><hex:0248020103>","Je vous suis ex<hex:02160103>trê<hex:02160103>me<hex:02160103>ment re<hex:02160103>con<hex:02160103>nais<hex:02160103>sant<hex:021D0103>!","","Ma fille est tout ce qu'il me reste au monde...",""
176,2,2,2,2,2,2,2,2,0,0,0,0,0,0,0,0,1,1,1,1,1,1,1,1,0,0,0,0,0,0,0,0,0,0,0,0,0,0,0,0,False,False,False,False,False,False,False,False,0,0,0,0,0,0,0,0,"Les Survivalistes ne peuvent pas être bien loin. Trouvez-les et sauvez ma pauvre fille. Elle est si jeune<hex:021D0103>!","","","","","","",""
177,1,1,1,1,1,1,1,1,0,0,0,0,0,0,0,0,1,1,1,1,1,1,1,1,0,0,0,0,0,0,0,0,0,0,0,0,0,0,0,0,False,False,False,False,False,False,False,False,0,0,0,0,0,0,0,0,"Non<hex:021D0103>! N'approchez pas<hex:021D0103>!<hex:02100103>... Pardon, je vous ai pris<hex:020808E905FF02>e<hex:FF01><hex:03> pour l'un<hex:020808E905FF02>e<hex:FF01><hex:03> d'entre eux. Aidez-moi à m'enfuir d'ici<hex:021D0103>!","","","","","","",""
178,1,1,1,1,1,1,1,1,0,0,0,0,0,0,0,0,1,1,1,1,1,1,1,1,0,0,0,0,0,0,0,0,0,0,0,0,0,0,0,0,False,False,False,False,False,False,False,False,0,0,0,3,0,0,0,0,"Je ne vous remercierai jamais assez<hex:021D0103>! Les Dieux ne m'avaient pas abandonnée<hex:021D0103>! Vous ne savez pas ce que votre geste représente pour mon père et moi<hex:021D0103>! Il sera si soulagé de me retrouver<hex:021D0103>!","Mais les Survivalistes reviendront. C'est toujours comme ça. Ils ont enlevé ma mère et mes frères avant moi, et ils n'auront de cesse que lorsque mon sang aura souillé le sable du désert pour donner vie à leur dieu tout-puissant.","Enfin, nous pourrions peut-être empêcher cela... Les Survivalistes ne sont pas loin. Je suis persuadée qu'ils nous observent en ce moment même. Éliminez-les et libérez les habitants du Thanalan septentrional ou mon père sera bientôt le témoin de mon exécution.","Traquer et éliminer les Survivalistes<hex:021D0103>?<hex:02100103><hex:02100103><hex:024804F201F403><hex:024904F201F503>* Le niveau recommandé pour cet ALÉA est <hex:022003E80203>.<hex:0249020103><hex:0248020103>","","","Nos vies n'ont-elles aucune valeur à vos yeux<hex:021D0103>?",""
179,0,0,0,0,0,0,0,0,0,0,0,0,0,0,0,0,1,1,1,1,1,1,1,1,0,0,0,0,0,0,0,0,0,0,0,0,0,0,0,0,False,False,False,False,False,False,False,False,0,0,0,0,0,0,0,0,"Votre sang nous rendra forts<hex:021D0103>!","","","","","","",""
180,0,0,0,0,0,0,0,0,0,0,0,0,0,0,0,0,0,0,0,0,0,0,0,0,0,0,0,0,0,0,0,0,0,0,0,0,0,0,0,0,False,False,False,False,False,False,False,False,0,0,0,0,0,0,0,0,"...","","","","","","",""
181,1,1,1,1,1,1,1,1,0,0,0,0,0,0,0,0,1,1,1,1,1,1,1,1,0,0,0,0,0,0,0,0,0,0,0,0,0,0,0,0,False,False,False,False,False,False,False,False,0,0,0,3,0,0,0,0,"Je suis en route pour livrer des mar<hex:02160103>chan<hex:02160103>di<hex:02160103>ses au camp du Guet, mais mon chocobo s'est blessé. Je suis bloqué là sans pouvoir repartir dans un sens ou dans l'autre...","Avec tous les Kobolds qui traînent par ici, je ne peux pas quitter mon chocobo des yeux pour chercher de l'aide.","Il va falloir que je pousse moi-même mon chargement. Vous ne voudriez pas m'aider<hex:021D0103>?","Aider le livreur<hex:021D0103>?<hex:02100103><hex:02100103><hex:024804F201F403><hex:024904F201F503>* Le niveau recommandé pour cet ALÉA est <hex:022003E80203>.<hex:0249020103><hex:0248020103>","","","C'est sympa, bonjour la solidarité... Je le retiens.",""
182,2,2,2,2,2,2,2,2,0,0,0,0,0,0,0,0,1,1,1,1,1,1,1,1,0,0,0,0,0,0,0,0,0,0,0,0,0,0,0,0,False,False,False,False,False,False,False,False,0,0,0,3,0,0,0,0,"Vite, aventuri<hex:02080DE905FF05>ère<hex:FF03>er<hex:03>. Les collines grouillent d'Amalj'aa qui n'hésiteront pas à s'en prendre à vous. Ou peut-être vous prenez-vous pour un<hex:02081CE905FF0D>e guerrière<hex:FF0A> guerrier<hex:03><hex:021D0103>? Voulez-vous verser du sang<hex:021D0103>?","Dans le camp amalj'aa de Zanr'ak, il y a un petit groupe de ces bêtes sauvages. En temps normal, nous n'aurions que faire de cet endroit. Éventrer quelques fantassins qui font griller des marmottes ne nous apporterait rien de particulier... Mais mes éclaireurs ont repéré autre chose. Le commandant Nezedd Gah mâchoire-de-diamant, pour une raison inconnue, se trouve dans ce camp.","Jamais je n'aurai une autre occasion d'accéder à lui, alors je vais envoyer mes hommes. On ne peut pas rater cette chance de lui faire la peau. Si vous voulez vous joindre à nous, vous êtes l<hex:02081CE905FF0C>a bienvenue<hex:FF0B>e bienvenu<hex:03>. Quand il s'agit d'extermination, plus on est de fous et plus on rit, pas vrai<hex:021D0103>?","Rejoindre le groupe<hex:021D0103>?<hex:02100103><hex:02100103><hex:024804F201F403><hex:024904F201F503>* Le niveau recommandé pour cet ALÉA est <hex:022003E80203>.<hex:0249020103><hex:0248020103>","","","Très bien, ne restez pas là, alors. Je ne voudrais pas qu'un de mes hommes trébuche sur votre cadavre tout à l'heure.",""
183,2,2,2,2,2,2,2,2,0,0,0,0,0,0,0,0,1,1,1,1,1,1,1,1,0,0,0,0,0,0,0,0,0,0,0,0,0,0,0,0,False,False,False,False,False,False,False,False,0,0,0,0,0,0,0,0,"Vous voulez faire couler du sang d'homme-bête<hex:021D0103>? Il vous suffit d'aller à Zanr'ak.","J'ai une unité sur place en train de malmener les Amalj'aa. Certains sont des aventuriers, comme vous.","Le commandant Nezedd Gah mâchoire-de-diamant est notre cible. Nous partirons une fois qu'il sera mort. Joignez-vous à nous si cela vous dit, mais tâchez de rester à distance. Je n'ai pas envie que mes hommes trébuchent sur votre cadavre.","","","","",""
184,1,1,1,1,1,1,1,1,0,0,0,0,0,0,0,0,1,1,1,1,1,1,1,1,0,0,0,0,0,0,0,0,0,0,0,0,0,0,0,0,False,False,False,False,False,False,False,False,0,0,0,3,0,0,0,0,"Les bons vigiles sombres savent bien que le meilleur moyen de soigner le poison, c'est d'en utiliser. Je ne sais pas trop comment cela fonctionne, mais c'est pourtant le cas. Et c'est pour cela que je suis un bon vigile sombre. Enfin, c'est ce qu'on me dit.","Les vigiles sombres savent également que si l'on confie la récupération du poison à quelqu'un d'autre, il y a moins de risque de se faire empoisonner.","Non pas que je vous souhaite de vous faire empoisonner. Non, je veux juste que vous récupériez des spores empoisonnées. Vous ne risquez rien si vous faites attention.","Récupérer des spores empoisonnées pour les vigiles sombres<hex:021D0103>?<hex:02100103><hex:02100103><hex:024804F201F403><hex:024904F201F503>* Le niveau recommandé pour cet ALÉA est <hex:022003E80203>.<hex:0249020103><hex:0248020103>","Eh bien, quelle surprise<hex:021D0103>! Vous n'avez pas idée à quel point mon discours effraie les aventuriers, en général. Mais assez parlé, les spores n'attendent pas<hex:021D0103>!","","Au fond de moi, je savais que vous alliez refuser. Est-ce à cause de mon petit topo<hex:021D0103>? Peut-être que j'aurais dû éviter de parler de poison...",""
185,1,1,1,1,1,1,1,1,0,0,0,0,0,0,0,0,1,1,1,1,1,1,1,1,0,0,0,0,0,0,0,0,0,0,0,0,0,0,0,0,False,False,False,False,False,False,False,False,0,0,0,0,0,0,0,0,"Je peux vous dire que j'en ai fait, des corvées de ramassage de poison, depuis que j'ai rejoint les vigiles sombres. Une fois, alors qu'on nous avait ordonné de collecter des spores, un serpent s'est glissé dans mon pantalon et m'a mordu les... <hex:02100103>Au fait, vous n'avez pas des spores à ramasser au lieu de discuter<hex:021D0103>?","","","","","","",""
186,1,1,1,1,1,1,1,1,0,0,0,0,0,0,0,0,1,1,1,1,1,1,1,1,0,0,0,0,0,0,0,0,0,0,0,0,0,0,0,0,False,False,False,False,False,False,False,False,0,2,0,0,0,0,0,0,"Vous semblez en bonne santé. Apparemment, le poison ne vous a pas affecté<hex:020808E905FF02>e<hex:FF01><hex:03> de manière durable. Alors, avez-vous récupéré mes spores<hex:021D0103>?","","","","Parfait. Vous voulez bien les mettre directement dans mon sac<hex:021D0103>? J'aimerais éviter de m'empoisonner, si possible.","Vous n'en auriez pas d'autre sur vous, par hasard<hex:021D0103>?","Pas de spores<hex:021D0103>? Et que vois-je là, dans votre main<hex:021D0103>? J'ai oublié de vous dire que le poison entrait dans la composition de l'antidote, mais que seul, il ne guérissait rien. Vous êtes sûr<hex:020808E905FF02>e<hex:FF01><hex:03> que vous ne voulez pas me les donner, pour votre propre bien<hex:021D0103>?",""
187,1,1,1,1,1,1,1,1,0,0,0,0,0,0,0,0,1,1,1,1,1,1,1,1,0,0,0,0,0,0,0,0,0,0,0,0,0,0,0,0,False,False,False,False,False,False,False,False,0,0,0,0,0,0,0,0,"Oui, cela devrait suffire pour préparer l'antidote. J'en aurai peut-être une bouteille, cette fois<hex:021D0103>! J'éviterai douze secondes de souffrance la prochaine fois que je tomberai sur un fungus égaré.","","","","","","",""
188,1,1,1,1,1,1,1,1,0,0,0,0,0,0,0,0,1,1,1,1,1,1,1,1,0,0,0,0,0,0,0,0,0,0,0,0,0,0,0,0,False,False,False,False,False,False,False,False,0,2,0,0,0,0,0,0,"Quel cœur à l'ouvrage<hex:021D0103>! J'imagine que je peux vous débarrasser de quelques spores de plus. C'est le moins que je puisse faire vu le temps que vous avez passé à les récupérer.","","","","Oui. Comme toujours, directement dans le sac. En douceur... Voilà. Je n'ai pas envie que ces spores endommagent mes poumons. Je vous remercie.","","Pas de spores<hex:021D0103>? Et que vois-je là, dans votre main<hex:021D0103>? Gardez-les si vous voulez, mais il ne faudra pas venir pleurer quand vous aurez les mains pleines de cloques purulentes. Vous êtes sûr<hex:020808E905FF02>e<hex:FF01><hex:03> que vous ne voulez pas me les donner<hex:021D0103>?",""
189,2,2,2,2,2,2,2,2,0,0,0,0,0,0,0,0,1,1,1,1,1,1,1,1,0,0,0,0,0,0,0,0,0,0,0,0,0,0,0,0,False,False,False,False,False,False,False,False,0,0,0,3,0,0,0,0,"Si je puis me permettre, je ne suis qu'un pauvre habitant de Port-aux-Vins chargé de m'occuper des vignes.","Cependant, pour être honnête, ce n'est pas moi qui fais le plus gros du travail, mais les  gentilles abeilles des bois. Je dois déborder d'ingéniosité pour attirer ces petites fées volantes dans les vignes. Avec le temps, j'ai découvert que le miel de cueillepluie fonctionnait plutôt bien.","Sans ces petits démons roses que sont les colibris, j'en aurais déjà appliqué sur les vignes. Mais un homme de mon âge n'est plus assez rapide pour éviter les coups de bec. Puis-je vous demander de récupérer ce miel pour moi<hex:021D0103>? Mon maître vous paiera rubis sur l'ongle.","Récupérer du miel de cueillepluie<hex:021D0103>?<hex:02100103><hex:02100103><hex:024804F201F403><hex:024904F201F503>* Le niveau recommandé pour cet ALÉA est <hex:022003E80203>.<hex:0249020103><hex:0248020103>","Mille mercis<hex:021D0103>! Je vais attendre ici que vous me rapportiez le miel et que vous donniez une bonne leçon aux colibris<hex:021D0103>!","","Mon maître va être furieux. Je vais devoir trouver une solution...",""
190,2,2,2,2,2,2,2,2,0,0,0,0,0,0,0,0,1,1,1,1,1,1,1,1,0,0,0,0,0,0,0,0,0,0,0,0,0,0,0,0,False,False,False,False,False,False,False,False,0,0,0,0,0,0,0,0,"Vous trouverez le miel dans les pots de cueillepluie. C'est grâce à lui que les plantes attirent les mouches et les écureuils pour les noyer et aspirer tous leurs nutriments. <hex:02100103>Seuls les Douze savent comment une fleur aussi horrible peut donner un miel aussi sucré. Débarrassez-vous des colibris rapidement pour vous faciliter la tâche.","","","","","","",""
191,2,2,2,2,2,2,2,2,0,0,0,0,0,0,0,0,1,1,1,1,1,1,1,1,0,0,0,0,0,0,0,0,0,0,0,0,0,0,0,0,False,False,False,False,False,False,False,False,0,2,0,0,0,0,0,0,"Vous rapportez du miel, pas vrai<hex:021D0103>?","","","","Ah, ce miel<hex:021D0103>! Il est si doux qu'on le sent à plus d'un malm à la ronde. Je vous remercie infiniment<hex:021D0103>!","","Je vous demande pardon, je ne voulais pas vous offenser.",""
192,2,2,2,2,2,2,2,2,0,0,0,0,0,0,0,0,1,1,1,1,1,1,1,1,0,0,0,0,0,0,0,0,0,0,0,0,0,0,0,0,False,False,False,False,False,False,False,False,0,0,0,0,0,0,0,0,"Bénis soient les Douze<hex:021D0103>! Mon seau est presque plein. Je ferais mieux de retourner dans les vignes. Enfin, je parie que je pourrais finir de remplir mon seau si vous m'en apportiez au plus vite.","","","","","","",""
193,2,2,2,2,2,2,2,2,0,0,0,0,0,0,0,0,1,1,1,1,1,1,1,1,0,0,0,0,0,0,0,0,0,0,0,0,0,0,0,0,False,False,False,False,False,False,False,False,0,2,0,0,0,0,0,0,"Vous rapportez du miel, pas vrai<hex:021D0103>?","","","","C'était vraiment très gentil. Avec tout cela, j'échapperai peut-être aux coups de canne ce soir.","","Je vous demande pardon, je ne voulais pas vous offenser.",""
194,2,2,2,2,2,2,2,2,0,0,0,0,0,0,0,0,1,1,1,1,1,1,1,1,0,0,0,0,0,0,0,0,0,0,0,0,0,0,0,0,False,False,False,False,False,False,False,False,0,0,0,3,0,0,0,0,"V-vous avez entendu<hex:021D0103>? Et là<hex:021D0103>? Cette jungle va me rendre fou.","Je veux juste  retrouver ma femme, mon bon vin et mes chaussons bien chauds. J'ai les jambes en coton et une fièvre carabinée.","Je ne peux pas faire ce voyage seul. M-mais si jamais quelqu'un acceptait de m'accompagner...","Escorter l'homme jusqu'à Port-aux-Vins<hex:021D0103>?<hex:02100103><hex:02100103><hex:024804F201F403><hex:024904F201F503>* Le niveau recommandé pour cet ALÉA est <hex:022003E80203>.<hex:0249020103><hex:0248020103>","Je vous remercie de tout cœur. Partons vite avant que la peur ne me prenne à nouveau.","","C-comment voulez-vous que je m'en sorte<hex:021D0103>?",""
195,2,2,2,2,2,2,2,2,0,0,0,0,0,0,0,0,1,1,1,1,1,1,1,1,0,0,0,0,0,0,0,0,0,0,0,0,0,0,0,0,False,False,False,False,False,False,False,False,0,0,0,0,0,0,0,0,"N-nous sommes encerclés<hex:021D0103>! F-faites quelque chose<hex:021D0103>!","","","","","","",""
196,2,2,2,2,2,2,2,2,0,0,0,0,0,0,0,0,1,1,1,1,1,1,1,1,0,0,0,0,0,0,0,0,0,0,0,0,0,0,0,0,False,False,False,False,False,False,False,False,0,0,0,0,0,0,0,0,"À l'aide<hex:021D0103>! L'homme de pierre, c'est un tueur<hex:021D0103>!","Ô Primordial des tremblements dévastateurs<hex:021D0103>! Pourquoi nous as-tu abandonnés<hex:021D0103>? Ne sommes-nous pas dignes d'être sauvés<hex:021D0103>?","","","","","",""
197,1,1,1,1,1,1,1,1,0,0,0,0,0,0,0,0,1,1,1,1,1,1,1,1,0,0,0,0,0,0,0,0,0,0,0,0,0,0,0,0,False,False,False,False,False,False,False,False,0,0,0,0,0,0,0,0,"Nous ne pouvons pas laisser les troupes impériales quitter ces bois. Nous devons utiliser les sylphes subjugués à notre avantage et ne les attaquer que s'ils le font en premier. Ce sont peut-être des ennemis, mais ils sont les enfants de la forêt. Ce sont les élémentaires qui devront décider de leur destin.","","","","","","",""
198,1,1,1,1,1,1,1,1,0,0,0,0,0,0,0,0,1,1,1,1,1,1,1,1,0,0,0,0,0,0,0,0,0,0,0,0,0,0,0,0,False,False,False,False,False,False,False,False,0,0,0,0,0,0,0,0,"J'aimerais participer au combat, mais je ne peux plus bouger. Mon... armure semble... euh... rouillée et je... euh... ne ferais que vous ralentir. Oui, vous ralentir. Je vous en prie, allez-y.","","","","","","",""
199,2,2,2,2,2,2,2,2,0,0,0,0,0,0,0,0,1,1,1,1,1,1,1,1,0,0,0,0,0,0,0,0,0,0,0,0,0,0,0,0,False,False,False,False,False,False,False,False,0,0,0,0,0,0,0,0,"Nous pensions depuis longtemps que les géants avaient des capacités cognitives limitées. On n'aurait pas cru qu'ils sauraient s'en prendre aux caisses contenant nos recherches...","","","","","","",""
200,2,2,2,2,2,2,2,2,0,0,0,0,0,0,0,0,1,1,1,1,1,1,1,1,0,0,0,0,0,0,0,0,0,0,0,0,0,0,0,0,False,False,False,False,False,False,False,False,0,0,0,0,0,0,0,0,"Je commence à avoir mal aux jambes et au dos. Ramassons ce que nous pouvons et filons.","","","","","","",""
201,2,2,2,2,2,2,2,2,0,0,0,0,0,0,0,0,1,1,1,1,1,1,1,1,0,0,0,0,0,0,0,0,0,0,0,0,0,0,0,0,False,False,False,False,False,False,False,False,0,0,0,0,0,0,0,0,"Nous devons faire vite. J'ai l'impression que ce n'est pas la dernière fois que nous voyons nos amis les géants.","","","","","","",""
202,2,2,2,2,2,2,2,2,0,0,0,0,0,0,0,0,1,1,1,1,1,1,1,1,0,0,0,0,0,0,0,0,0,0,0,0,0,0,0,0,False,False,False,False,False,False,False,False,0,0,0,0,0,0,0,0,"Ils nous ont poursuivis jusqu'ici<hex:021D0103>! Qu'est-ce qui peut bien motiver ces créatures<hex:021D0103>?","","","","","","",""
203,2,2,2,2,2,2,2,2,0,0,0,0,0,0,0,0,1,1,1,1,1,1,1,1,0,0,0,0,0,0,0,0,0,0,0,0,0,0,0,0,False,False,False,False,False,False,False,False,0,0,0,0,0,0,0,0,"Les voilà. Je pensais que nous pourrions discuter une dernière fois comme des gens civilisés, mais ces sourires démoniaques me font penser le contraire.","","","","","","",""
204,2,2,2,2,2,2,2,2,0,0,0,0,0,0,0,0,1,1,1,1,1,1,1,1,0,0,0,0,0,0,0,0,0,0,0,0,0,0,0,0,False,False,False,False,False,False,False,False,0,0,0,0,0,0,0,0,"Encore une heure par ce froid et je vais geler sur place. Pourquoi n'avons-nous pas reçu pour mission d'étudier les bernaches de Costa del Sol<hex:021D0103>?","","","","","","",""
205,2,2,2,2,2,2,2,2,0,0,0,0,0,0,0,0,1,1,1,1,1,1,1,1,0,0,0,0,0,0,0,0,0,0,0,0,0,0,0,0,False,False,False,False,False,False,False,False,0,0,0,0,0,0,0,0,"Plus je vois ces géants et plus je pense que j'ai été stupide de croire que je pouvais raisonner de telles brutes.","","","","","","",""
206,2,2,2,2,2,2,2,2,0,0,0,0,0,0,0,0,1,1,1,1,1,1,1,1,0,0,0,0,0,0,0,0,0,0,0,0,0,0,0,0,False,False,False,False,False,False,False,False,0,0,0,0,0,0,0,0,"Combien sont-ils, au juste<hex:021D0103>? Je tremble rien que d'y penser<hex:021D0103>!","","","","","","",""
207,2,2,2,2,2,2,2,2,0,0,0,0,0,0,0,0,1,1,1,1,1,1,1,1,0,0,0,0,0,0,0,0,0,0,0,0,0,0,0,0,False,False,False,False,False,False,False,False,0,0,0,0,0,0,0,0,"Les aventuriers sont-ils tous aussi braves que vous<hex:021D0103>? On raconte pourtant que vous n'êtes que des bandits sans foi ni loi qui tueraient père et mère. Vous n'allez pas me tuer, n'est-ce pas<hex:021D0103>?","","","","","","",""
208,2,2,2,2,2,2,2,2,0,0,0,0,0,0,0,0,1,1,1,1,1,1,1,1,0,0,0,0,0,0,0,0,0,0,0,0,0,0,0,0,False,False,False,False,False,False,False,False,0,0,0,0,0,0,0,0,"Je pense avoir vu certains de mes compagnons au loin. Attendons qu'ils nous rejoignent.","","","","","","",""
209,2,2,2,2,2,2,2,2,0,0,0,0,0,0,0,0,1,1,1,1,1,1,1,1,0,0,0,0,0,0,0,0,0,0,0,0,0,0,0,0,False,False,False,False,False,False,False,False,0,0,0,0,0,0,0,0,"Regardez<hex:021D0103>! C'est le reste de ma caravane<hex:021D0103>! Mais quelque chose ne tourne pas rond... Quelqu'un les attaque<hex:021D0103>!","","","","","","",""
210,1,1,1,1,1,1,1,1,0,0,0,0,0,0,0,0,1,1,1,1,1,1,1,1,0,0,0,0,0,0,0,0,0,0,0,0,0,0,0,0,False,False,False,False,False,False,False,False,0,0,0,0,0,0,0,0,"Je vous en prie<hex:021D0103>! Ne me laissez pas mourir ici<hex:021D0103>!","","","","","","",""
211,1,1,1,1,1,1,1,1,0,0,0,0,0,0,0,0,1,1,1,1,1,1,1,1,0,0,0,0,0,0,0,0,0,0,0,0,0,0,0,0,False,False,False,False,False,False,False,False,0,0,0,0,0,0,0,0,"Pourquoi moi<hex:021D0103>? Pourquoi<hex:021D0103>?","","","","","","",""
212,2,2,2,2,2,2,2,2,0,0,0,0,0,0,0,0,1,1,1,1,1,1,1,1,0,0,0,0,0,0,0,0,0,0,0,0,0,0,0,0,False,False,False,False,False,False,False,False,0,0,0,0,0,0,0,0,"Si seulement j'avais une épée...","","","","","","",""
213,2,2,2,2,2,2,2,2,0,0,0,0,0,0,0,0,1,1,1,1,1,1,1,1,0,0,0,0,0,0,0,0,0,0,0,0,0,0,0,0,False,False,False,False,False,False,False,False,0,0,0,0,0,0,0,0,"Que ces imbéciles s'entre-tuent. Nous aurons moins à faire, comme cela.","","","","","","",""
214,2,2,2,2,2,2,2,2,0,0,0,0,0,0,0,0,1,1,1,1,1,1,1,1,0,0,0,0,0,0,0,0,0,0,0,0,0,0,0,0,False,False,False,False,False,False,False,False,0,0,0,3,0,0,0,0,"Vous voulez participer à notre grande parade<hex:021D0103>? Nous parcourons les rues déguisés pour surprendre les citadins<hex:021D0103>!","Demandez à un illusionniste qu'il vous transforme<hex:021D0103>! Puis jetez une incantation aux citadins. Ce sera très amusant<hex:021D0103>! Hi hi hi<hex:021D0103>!","Une joyeuse parade en compagnie d'une femme à tête de citrouille, vous vous en souviendrez toute votre vie<hex:021D0103>!<hex:02100103>Alors<hex:021D0103>? Ça vous tente<hex:021D0103>?","Participer à la parade<hex:021D0103>?","","","Dommage... Revenez me parler si vous changez d'avis<hex:021D0103>! Hi hi hi.",""
215,2,2,2,2,2,2,2,2,0,0,0,0,0,0,0,0,1,1,1,1,1,1,1,1,0,0,0,0,0,0,0,0,0,0,0,0,0,0,0,0,False,False,False,False,False,False,False,False,0,0,3,0,0,0,0,0,"セリフ1","セリフ2","セリフを話しますか？","","はい","","いいえ",""
216,0,0,0,0,0,0,0,0,0,0,0,0,0,0,0,0,0,0,0,0,0,0,0,0,0,0,0,0,0,0,0,0,0,0,0,0,0,0,0,0,False,False,False,False,False,False,False,False,0,0,0,0,0,0,0,0,"","","","","","","",""
217,0,0,0,0,0,0,0,0,0,0,0,0,0,0,0,0,0,0,0,0,0,0,0,0,0,0,0,0,0,0,0,0,0,0,0,0,0,0,0,0,False,False,False,False,False,False,False,False,0,0,0,0,0,0,0,0,"","","","","","","",""
218,0,0,0,0,0,0,0,0,0,0,0,0,0,0,0,0,0,0,0,0,0,0,0,0,0,0,0,0,0,0,0,0,0,0,0,0,0,0,0,0,False,False,False,False,False,False,False,False,0,0,0,0,0,0,0,0,"","","","","","","",""
219,0,0,0,0,0,0,0,0,0,0,0,0,0,0,0,0,0,0,0,0,0,0,0,0,0,0,0,0,0,0,0,0,0,0,0,0,0,0,0,0,False,False,False,False,False,False,False,False,0,0,0,0,0,0,0,0,"","","","","","","",""
220,0,0,0,0,0,0,0,0,0,0,0,0,0,0,0,0,0,0,0,0,0,0,0,0,0,0,0,0,0,0,0,0,0,0,0,0,0,0,0,0,False,False,False,False,False,False,False,False,0,0,0,0,0,0,0,0,"","","","","","","",""
221,2,2,2,2,2,2,2,2,0,0,0,0,0,0,0,0,1,1,1,1,1,1,1,1,0,0,0,0,0,0,0,0,0,0,0,0,0,0,0,0,False,False,False,False,False,False,False,False,0,0,3,0,0,0,0,0,"Au secours<hex:021D0103>! Au secours, kuppo<hex:021D0103>! De méchants archéosaures veulent me manger<hex:021D0103>! Je leur ai fait une petite farce, mais ils se sont énervés tout rouge, kuppo<hex:021D0103>!","Comme ils ont un bon nez, ils ne tarderont pas à arriver jusqu'ici, kuppo<hex:021D0103>! Vous voulez bien vous occuper d'eux pour moi<hex:021D0103>?","Vous occuper des archéosaures<hex:021D0103>?<hex:02100103><hex:02100103><hex:024804F201F403><hex:024904F201F503>* Le niveau recommandé pour cet ALÉA est <hex:022003E80203>.<hex:0249020103><hex:0248020103>","","","","Oh là là<hex:021D0103>! Vous n'êtes pas très aimable, vous, kuppo<hex:021D0103>! En tout cas, ça va être très dangereux par ici<hex:021D0103>! Sauve kuppo<hex:021D0103>!",""
222,2,2,2,2,2,2,2,2,0,0,0,0,0,0,0,0,1,1,1,1,1,1,1,1,0,0,0,0,0,0,0,0,0,0,0,0,0,0,0,0,False,False,False,False,False,False,False,False,0,3,0,0,0,0,0,0,"Oh, vous tombez bien, kuppo<hex:021D0103>! À cause de ce vilain chenapan, mes camarades sont bien gênés<hex:021D0103>! Dites, vous voulez bien lui donner une bonne leçon, kuppo<hex:021D0103>?","Donner une bonne leçon au chenapan<hex:021D0103>?<hex:02100103><hex:02100103><hex:024804F201F403><hex:024904F201F503>* Le niveau recommandé pour cet ALÉA est <hex:022003E80203>.<hex:0249020103><hex:0248020103>","","","","","Kuppoooooo<hex:021D0103>!?<hex:021D0103>... D'accord... Mais si vous changez d'avis, revenez me voir, d'accord, kuppo<hex:021D0103>?",""
223,2,2,2,2,2,2,2,2,0,0,0,0,0,0,0,0,1,1,1,1,1,1,1,1,0,0,0,0,0,0,0,0,0,0,0,0,0,0,0,0,False,False,False,False,False,False,False,False,0,0,0,0,0,0,0,0,"Kuppopo<hex:021D0103>! À moi tous les trésors<hex:021D0103>! Mais il m'en faut plus, kuppo<hex:021D0103>! Dites, vous allez m'aider à obtenir plus de trésors<hex:021D0103>!","","","","","","",""
224,2,2,2,2,2,2,2,2,0,0,0,0,0,0,0,0,1,1,1,1,1,1,1,1,0,0,0,0,0,0,0,0,0,0,0,0,0,0,0,0,False,False,False,False,False,False,False,False,0,2,0,0,0,0,0,0,"Kuppopo<hex:021D0103>! J'ai encore plus de trésors<hex:021D0103>! Mais je n'en ai jamais assez<hex:021D0103>! Apportez-m'en davantage, kuppo<hex:021D0103>!","","","","Hihihi<hex:021D0103>! Merci, kuppo<hex:021D0103>! Allez, encore plus<hex:021D0103>!","","Je crois que j'ai assez de trésors comme ça, kuppo<hex:021D0103>! Si j'en ai plus, je ne pourrai pas tout transporter, kuppo...",""
225,2,2,2,2,2,2,2,2,0,0,0,0,0,0,0,0,1,1,1,1,1,1,1,1,0,0,0,0,0,0,0,0,0,0,0,0,0,0,0,0,False,False,False,False,False,False,False,False,0,0,0,0,0,0,0,0,"Kuppopo<hex:021D0103>! Il y a plein de petits trésors brillants et ronds ici<hex:021D0103>! Ramassez-les pour moi, kuppo<hex:021D0103>!","","","","","","",""
226,2,2,2,2,2,2,2,2,0,0,0,0,0,0,0,0,1,1,1,1,1,1,1,1,0,0,0,0,0,0,0,0,0,0,0,0,0,0,0,0,False,False,False,False,False,False,False,False,0,0,3,0,0,0,0,0,"Hihihi<hex:021D0103>! Il y a plein de petits trésors brillants et ronds ici<hex:021D0103>! Trouvez-les et apportez-les-moi, kuppo<hex:021D0103>!","Oui, oui, oui<hex:021D0103>! J'aime les trésors brillants, kuppo<hex:021D0103>! J'en veux tout plein<hex:021D0103>! Alors, vous allez m'aider, kuppo<hex:021D0103>!","Aider le Mog<hex:021D0103>?<hex:02100103><hex:02100103><hex:024804F201F403><hex:024904F201F503>* Le niveau recommandé pour cet ALÉA est <hex:022003E80203>.<hex:0249020103><hex:0248020103>","","Apportez-moi tout plein de trésors, kuppo<hex:021D0103>!","","Quoi, kuppo<hex:021D0103>!?<hex:021D0103>... Vous ne voulez pas m'aider<hex:021D0103>?<hex:021D0103>...",""
227,2,2,2,2,2,2,2,2,0,0,0,0,0,0,0,0,1,1,1,1,1,1,1,1,0,0,0,0,0,0,0,0,0,0,0,0,0,0,0,0,False,False,False,False,False,False,False,False,0,2,0,0,0,0,0,0,"Vous avez ramassé plein de trésors, kuppo<hex:021D0103>?","","","","Merci, kuppo<hex:021D0103>! Mais c'est pas fini<hex:021D0103>! Apportez-m'en plus<hex:021D0103>!","","Si vous me donnez plein de trésors, je vous remercierai, kuppo<hex:021D0103>!",""
228,1,1,1,1,1,1,1,1,0,0,0,0,0,0,0,0,1,1,1,1,1,1,1,1,0,0,0,0,0,0,0,0,0,0,0,0,0,0,0,0,False,False,False,False,False,False,False,False,0,0,0,3,0,0,0,0,"Oh, aventuri<hex:02080DE905FF05>ère<hex:FF03>er<hex:03>, écoute-moâ<hex:021D0103>! J'ai besoin de ton aide, coâ.","Je suis au service de madame Matoya, et je retourne auprès d'elle en ce moment même...","Mal<hex:02160103>heu<hex:02160103>reu<hex:02160103>se<hex:02160103>ment, il y a beaucoup de monstres dans les environs, et je ne suis pas sûr d'arriver jusqu'à la caverne de ma maîtresse sain et sauf, coâ. Tu veux bien m'accompagner<hex:021D0103>?","Accompagner ce poroggo<hex:021D0103>?<hex:02100103><hex:02100103><hex:024804F201F403><hex:024904F201F503>* Le niveau recommandé pour cet ALÉA est <hex:022003E80203>.<hex:0249020103><hex:0248020103>","","","Coâ<hex:021D0103>!? Ça ne te dérange donc pas si je me fais dévorer par des monstres en chemin<hex:021D0103>?<hex:021D0103>...",""
229,2,2,2,2,2,2,2,2,0,0,0,0,0,0,0,0,1,1,1,1,1,1,1,1,0,0,0,0,0,0,0,0,0,0,0,0,0,0,0,0,False,False,False,False,False,False,False,False,0,0,0,0,0,0,0,0,"Psshhh... Psshhh... Les méchants pas beaux de la Main indigo préparent une nouvelle arme<hex:021D0103>! L'humain<hex:020808E905FF02>e<hex:FF01><hex:03> doit récupérer des preuves et les montrer aux gentils Gobelins<hex:021D0103>!","","","","","","",""
230,2,2,2,2,2,2,2,2,0,0,0,0,0,0,0,0,1,1,1,1,1,1,1,1,0,0,0,0,0,0,0,0,0,0,0,0,0,0,0,0,False,False,False,False,False,False,False,False,0,0,0,3,0,0,0,0,"Psshhh... L'humain<hex:020808E905FF02>e<hex:FF01><hex:03> doit aider les gentils Gobelins<hex:021D0103>!","Les savants fous de la Main indigo préparent une nouvelle arme<hex:021D0103>! C'est absolument presque certain<hex:021D0103>! Mais Slicktrix a besoin de preuves pour convaincre ses copains<hex:021D0103>!","Pssshhh... L'humain<hex:020808E905FF02>e<hex:FF01><hex:03> doit lui prêter main-forte<hex:021D0103>! C'est une question de vie ou de mort<hex:021D0103>!","Aider Slicktrix<hex:021D0103>?<hex:02100103><hex:02100103><hex:024804F201F403><hex:024904F201F503>* Le niveau recommandé pour cet ALÉA est <hex:022003E80203>.<hex:0249020103><hex:0248020103>","Psshh... Pssshh... Slicktrix savait qu'il pouvait compter sur l'humain<hex:020808E905FF02>e<hex:FF01><hex:03><hex:021D0103>!","","Slicktrix est très déçu... Pssshhh... Pssshh... Il ne sait pas comment il va faire...",""
231,2,2,2,2,2,2,2,2,0,0,0,0,0,0,0,0,1,1,1,1,1,1,1,1,0,0,0,0,0,0,0,0,0,0,0,0,0,0,0,0,False,False,False,False,False,False,False,False,0,0,0,0,0,0,0,0,"Pssshh... L'humain<hex:020808E905FF02>e<hex:FF01><hex:03> doit trouver des preuves<hex:021D0103>!","","","","","","",""
232,2,2,2,2,2,2,2,2,0,0,0,0,0,0,0,0,1,1,1,1,1,1,1,1,0,0,0,0,0,0,0,0,0,0,0,0,0,0,0,0,False,False,False,False,False,False,False,False,0,2,0,0,0,0,0,0,"Pssshh... L'humain<hex:020808E905FF02>e<hex:FF01><hex:03> a trouvé quelque chose<hex:021D0103>?","","","","Pssshhhoh<hex:021D0103>! Des mécanismes étranges<hex:021D0103>!<hex:021D0103>... L'humain<hex:020808E905FF02>e<hex:FF01><hex:03> doit continuer de chercher<hex:021D0103>! Il y en a peut-être d'autres<hex:021D0103>!","","Pssshhh... Si l'humain<hex:020808E905FF02>e<hex:FF01><hex:03> trouve des mécanismes étranges, <hex:02080DE905FF05>elle<hex:FF03>il<hex:03> doit les apporter à Slicktrix<hex:021D0103>!",""
233,2,2,2,2,2,2,2,2,0,0,0,0,0,0,0,0,1,1,1,1,1,1,1,1,0,0,0,0,0,0,0,0,0,0,0,0,0,0,0,0,False,False,False,False,False,False,False,False,0,2,0,0,0,0,0,0,"Pssshh... L'humain<hex:020808E905FF02>e<hex:FF01><hex:03> a trouvé des preuves<hex:021D0103>?","","","","Pssshhh<hex:021D0103>! Slictrix veut plus de mécanismes<hex:021D0103>! L'humain<hex:020808E905FF02>e<hex:FF01><hex:03> doit continuer d'en chercher<hex:021D0103>!","","Pssshh... Psshhh... Slicktrix veut autant de preuves que possible<hex:021D0103>!",""
234,2,2,2,2,2,2,2,2,0,0,0,0,0,0,0,0,1,1,1,1,1,1,1,1,0,0,0,0,0,0,0,0,0,0,0,0,0,0,0,0,False,False,False,False,False,False,False,False,0,0,0,3,0,0,0,0,"Enfin<hex:021D0103>! Après toutes ces années, j'ai enfin pu voir la statue de Haldrath de mes propres yeux<hex:021D0103>!","Mais dans quel état est-elle<hex:021D0103>? Tous ces monstres qui rôdent autour et la salissent...","Dites-moi, brave jeune <hex:02080BE905FF03>fe<hex:FF03>ho<hex:03>mme, accepteriez-vous de m'aider à occire ces abo<hex:02160103>mi<hex:02160103>na<hex:02160103>tions<hex:021D0103>?","Aider ce templier<hex:021D0103>?<hex:02100103><hex:02100103><hex:024804F201F403><hex:024904F201F503>* Le niveau recommandé pour cet ALÉA est <hex:022003E80203>.<hex:0249020103><hex:0248020103>","","","Vraiment<hex:021D0103>!?<hex:021D0103>... Hmpf<hex:021D0103>! Le jour du jugement, la Conquérante saura reconnaître les siens<hex:021D0103>!",""
235,1,1,1,1,1,1,1,1,0,0,0,0,0,0,0,0,1,1,1,1,1,1,1,1,0,0,0,0,0,0,0,0,0,0,0,0,0,0,0,0,False,False,False,False,False,False,False,False,0,0,0,3,0,0,0,0,"Ce type, là, il cherche des gens à sa hauteur pour l'affronter. J'ai bien tenté ma chance, mais j'ai méchamment dérouillé. C'est qu'il est sacrément costaud, le bougre...","Il se fait surnommer Alaimbert le transperceur. D'après ce qu'on m'a expliqué, ce serait un jeune aspirant chevalier dragon.","Je crois bien que je n'ai jamais rencontré quelqu'un d'aussi balèze de toute ma vie. Mais dis, tu voudrais pas l'affronter, toi aussi<hex:021D0103>?","Relever le défi<hex:021D0103>?<hex:02100103><hex:02100103><hex:024804F201F403><hex:024904F201F503>* Le niveau recommandé pour cet ALÉA est <hex:022003E80203>.<hex:0249020103><hex:0248020103>","","","Ah, t'en fais pas, je te comprends très bien. Moi aussi, si j'avais su, je ne l'aurais pas affronté, ce gars.",""
236,2,2,2,2,2,2,2,2,0,0,0,0,0,0,0,0,1,1,1,1,1,1,1,1,0,0,0,0,0,0,0,0,0,0,0,0,0,0,0,0,False,False,False,False,False,False,False,False,0,0,0,0,0,0,0,0,"Pssshhh... Avec tous ces documents, Browfix va pouvoir créer une machine ré<hex:02160103>vo<hex:02160103>lu<hex:02160103>tion<hex:02160103>nai<hex:02160103>re<hex:021D0103>!","","","","","","",""
237,2,2,2,2,2,2,2,2,0,0,0,0,0,0,0,0,1,1,1,1,1,1,1,1,0,0,0,0,0,0,0,0,0,0,0,0,0,0,0,0,False,False,False,False,False,False,False,False,0,0,2,0,0,0,0,0,"Pssshhh... Browfix a besoin de documents<hex:021D0103>! L'aventuri<hex:02080DE905FF05>ère<hex:FF03>er<hex:03> doit lui en rapporter tout plein<hex:021D0103>!","Browfix veut plus de feuillets<hex:021D0103>! Il en manque<hex:021D0103>! Il en manque<hex:021D0103>! Pssshhh<hex:021D0103>!","","","Pssshhhm<hex:021D0103>?<hex:021D0103>... De nouveaux feuillets<hex:021D0103>? Cela va faire grandement avancer les recherches de Browfix<hex:021D0103>!","","Psshhh<hex:021D0103>?<hex:021D0103>... L'aventuri<hex:02080DE905FF05>ère<hex:FF03>er<hex:03> ne trouve pas les documents de Browfix<hex:021D0103>?",""
238,2,2,2,2,2,2,2,2,0,0,0,0,0,0,0,0,1,1,1,1,1,1,1,1,0,0,0,0,0,0,0,0,0,0,0,0,0,0,0,0,False,False,False,False,False,False,False,False,0,0,0,0,0,0,0,0,"Pssshhh... L'aventuri<hex:02080DE905FF05>ère<hex:FF03>er<hex:03> doit récupérer les feuillets éparpillés partout et les apporter à Browfix<hex:021D0103>!","","","","","","",""
239,2,2,2,2,2,2,2,2,0,0,0,0,0,0,0,0,1,1,1,1,1,1,1,1,0,0,0,0,0,0,0,0,0,0,0,0,0,0,0,0,False,False,False,False,False,False,False,False,0,0,0,3,0,0,0,0,"Psshhh... Il y a tout plein de documents ici<hex:021D0103>! Les humains qui ont construit la bibliothèque ont laissé un grand trésor<hex:021D0103>!","Browfix a trouvé des feuillets pour fabriquer une machine ré<hex:02160103>vo<hex:02160103>lu<hex:02160103>tion<hex:02160103>nai<hex:02160103>re<hex:021D0103>!<hex:021D0103>... Mais les méchants de la Main indigo sont venus le gêner, et les papiers sont tout éparpillés<hex:021D0103>!","Psshhh... L'aventuri<hex:02080DE905FF05>ère<hex:FF03>er<hex:03> doit aider Browfix et ramasser les feuillets<hex:021D0103>! Mais attention aux monstres<hex:021D0103>!","Aider Browfix<hex:021D0103>?<hex:02100103><hex:02100103><hex:024804F201F403><hex:024904F201F503>* Le niveau recommandé pour cet ALÉA est <hex:022003E80203>.<hex:0249020103><hex:0248020103>","Psshhh... Grâce à l'aventuri<hex:02080DE905FF05>ère<hex:FF03>er<hex:03>, les recherches de Browfix vont beaucoup avancer<hex:021D0103>!","","Pssshhh<hex:021D0103>! Browfix espérait vraiment que l'aventuri<hex:02080DE905FF05>ère<hex:FF03>er<hex:03> l'aiderait...",""
240,2,2,2,2,2,2,2,2,0,0,0,0,0,0,0,0,1,1,1,1,1,1,1,1,0,0,0,0,0,0,0,0,0,0,0,0,0,0,0,0,False,False,False,False,False,False,False,False,0,2,0,0,0,0,0,0,"Pssshhh... Les humains qui ont construit la bibliothèque faisaient des recherches in<hex:02160103>té<hex:02160103>res<hex:02160103>santes<hex:021D0103>! Il y a plein de documents pour les Gobelins dedans<hex:021D0103>!","","","","Pssshh... Merci pour ces feuillets, aventuri<hex:02080DE905FF05>ère<hex:FF03>er<hex:03><hex:021D0103>! Mais Browfix est sûr qu'il y en a plus<hex:021D0103>! Beaucoup plus<hex:021D0103>!","","Psshhh... Browfix sait qu'il reste encore tout plein de feuillets à récupérer<hex:021D0103>! L'aventuri<hex:02080DE905FF05>ère<hex:FF03>er<hex:03> doit les trouver<hex:021D0103>!",""
241,2,2,2,2,2,2,2,2,0,0,0,0,0,0,0,0,1,1,1,1,1,1,1,1,0,0,0,0,0,0,0,0,0,0,0,0,0,0,0,0,False,False,False,False,False,False,False,False,0,0,3,0,0,0,0,0,"Laisse-moi te dire quelque chose, aventuri<hex:02080DE905FF05>ère<hex:FF03>er<hex:03>. L'homme que tu vois là n'a rien à faire au Convictoire. Il n'hésite pas à s'approprier les exploits des autres<hex:021D0103>!","J'aimerais lui donner une leçon qu'il n'oubliera pas de sitôt... mais, je ne suis malheureusement pas de taille. Dis, accepterais-tu de m'aider<hex:021D0103>?","Accepter la demande<hex:021D0103>?<hex:02100103><hex:02100103><hex:024804F201F403><hex:024904F201F503>* Le niveau recommandé pour cet ALÉA est <hex:022003E80203>.<hex:0249020103><hex:0248020103>","","","","D'accord... Je comprends tout à fait. Moi-même, j'hésiterais, si quelqu'un que je ne connais pas me demandait ça.",""
242,2,2,2,2,2,2,2,2,0,0,0,0,0,0,0,0,1,1,1,1,1,1,1,1,0,0,0,0,0,0,0,0,0,0,0,0,0,0,0,0,False,False,False,False,False,False,False,False,0,0,0,0,0,0,0,0,"N'y a-t-il personne pour aviver les flammes de mon cœur<hex:021D0103>!?","","","","","","",""
243,1,1,1,1,1,1,1,1,0,0,0,0,0,0,0,0,1,1,1,1,1,1,1,1,0,0,0,0,0,0,0,0,0,0,0,0,0,0,0,0,False,False,False,False,False,False,False,False,0,0,0,3,0,0,0,0,"Salut, kuppo<hex:021D0103>! Dites, vous n'iriez pas vers Zénith, par hasard<hex:021D0103>?","C'est là que je dois aller, kuppo, pour faire le ménage. Même que c'est mon occupation préférée<hex:021D0103>!","Mais aujourd'hui, mes camarades ne sont pas avec moi... et j'ai un peu peur d'y aller tout seul, kuppo<hex:021D0103>! Vous ne voudriez pas m'accompagner<hex:021D0103>?","Escorter ce Mog<hex:021D0103>?<hex:02100103><hex:02100103><hex:024804F201F403><hex:024904F201F503>* Le niveau recommandé pour cet ALÉA est <hex:022003E80203>.<hex:0249020103><hex:0248020103>","","","Oh, je vois, kuppo... J'ai pourtant tellement peur tout seul, kuppo...",""
244,1,1,1,1,1,1,1,1,0,0,0,0,0,0,0,0,1,1,1,1,1,1,1,1,0,0,0,0,0,0,0,0,5,5,5,5,5,5,5,5,False,False,False,False,False,False,False,False,0,0,0,3,0,0,0,0,"Dis-moi, humain<hex:020808E905FF02>e<hex:FF01><hex:03>, tu connais Vidofnir, n'est-ce pas<hex:021D0103>?<hex:021D0103>... Dans ce cas, j'aimerais te demander un service.","Mon oncle et moi avons été attaqués par ces sauvages qui sont sous les ordres de Nidhogg. Il est d'ailleurs resté en retrait pour me permettre de m'enfuir. Mais j'ai peur pour lui...","Accepterais-tu d'aller aider mon oncle<hex:021D0103>? Il s'appelle Galar...","Aider l'oncle de ce dragonnet<hex:021D0103>?<hex:02100103><hex:02100103><hex:024804F201F403><hex:024904F201F503>* Le niveau recommandé pour cet ALÉA est <hex:022003E80203>.<hex:0249020103><hex:0248020103>","","","Oh, non<hex:021D0103>!<hex:021D0103>... Pourvu que mon oncle s'en sorte...",""
245,1,1,1,1,1,1,1,1,0,0,0,0,0,0,0,0,1,1,1,1,1,1,1,1,0,0,0,0,0,0,0,0,5,5,5,5,5,5,5,5,False,False,False,False,False,False,False,False,0,0,0,3,0,0,0,0,"Humain<hex:020808E905FF02>e<hex:FF01><hex:03>, tu tombes bien. As-tu entendu le rugissement, tout à l'heure<hex:021D0103>? C'était un appel à l'attaque.","Les sbires de Nidhogg ne devraient pas tarder à arriver en nombre par ici. Il y en a déjà dans les environs, je le sens...","Mais tant que je suis avec toi, tu n'as rien à craindre. Nos ennemis sont incapables d'agir de leur propre chef<hex:021D0103>! Acceptes-tu de m'aider à les chasser d'ici<hex:021D0103>?","Aider Fjalar<hex:021D0103>?<hex:02100103><hex:02100103><hex:024804F201F403><hex:024904F201F503>* Le niveau recommandé pour cet ALÉA est <hex:022003E80203>.<hex:0249020103><hex:0248020103>","","","Vraiment<hex:021D0103>? Dans ce cas, je te conseille de partir d'ici avant que ça ne soit trop dangereux.",""
246,2,2,2,2,2,2,2,2,0,0,0,0,0,0,0,0,1,1,1,1,1,1,1,1,0,0,0,0,0,0,0,0,0,0,0,0,0,0,0,0,False,False,False,False,False,False,False,False,0,0,0,0,0,0,0,0,"Kuppoppo<hex:021D0103>! Mais où est mon camarade<hex:021D0103>!?<hex:021D0103>... C'est étrange, j'entends des “kuppo<hex:021D0103>! kuppo<hex:021D0103>!” qui vienne du ventre de ce monstre. Qu'est-ce que ça veut dire<hex:021D0103>?","","","","","","",""
247,1,1,1,1,1,1,1,1,0,0,0,0,0,0,0,0,1,1,1,1,1,1,1,1,0,0,0,0,0,0,0,0,0,0,0,0,0,0,0,0,False,False,False,False,False,False,False,False,0,0,3,0,0,0,0,0,"Hé, toi<hex:021D0103>! J'ai besoin de ton aide pour régler un fichu problème<hex:021D0103>! Figure-toi que les insectes du coin n'arrêtent pas de venir m'emmerder. J'ai besoin que quelqu'un les chasse de là<hex:021D0103>!","Je ne sais pas pourquoi ils me collent comme ça, mais je préfère qu'ils ne s'approchent pas de moi<hex:021D0103>! S'il te plaît, file-moi un coup de main<hex:021D0103>!","Aider Mossy Peak<hex:021D0103>?<hex:02100103><hex:02100103><hex:024804F201F403><hex:024904F201F503>* Le niveau recommandé pour cet ALÉA est <hex:022003E80203>.<hex:0249020103><hex:0248020103>","","","","D'accord... Si jamais tu changes d'avis, tu n'auras qu'à suivre les puces pour me retrouver...",""
248,1,1,1,1,1,1,1,1,0,0,0,0,0,0,0,0,1,1,1,1,1,1,1,1,0,0,0,0,0,0,0,0,0,0,0,0,0,0,0,0,False,False,False,False,False,False,False,False,0,0,0,0,0,0,0,0,"Au secours<hex:021D0103>! Les Gundu sont à ma poursuite<hex:021D0103>! Il faut les empêcher de m'attraper<hex:021D0103>!","","","","","","",""
249,1,1,1,1,1,1,1,1,0,0,0,0,0,0,0,0,1,1,1,1,1,1,1,1,0,0,0,0,0,0,0,0,0,0,0,0,0,0,0,0,False,False,False,False,False,False,False,False,0,0,3,0,0,0,0,0,"Humain<hex:020808E905FF02>e<hex:FF01><hex:03>, écoute ma demande<hex:021D0103>! J'ai besoin des noyaux de source que possèdent les élémentaires de nuage que tu vois par ici<hex:021D0103>!","Notre village manque cruellement d'eau, et ces noyaux en sont une source inestimable<hex:021D0103>! Ils contiennent l'eau pure de la pluie<hex:021D0103>!","Aider le jeune Zundu<hex:021D0103>?<hex:02100103><hex:02100103><hex:024804F201F403><hex:024904F201F503>* Le niveau recommandé pour cet ALÉA est <hex:022003E80203>.<hex:0249020103><hex:0248020103>","","Oui, tu dois récupérer les noyaux de source sur des élémentaires de nuage ou ceux qui sont tombés par terre.","","Je te prie de m'excuser... J'oubliais que les problèmes des Zundu ne concernent pas les gens d'en bas...",""
250,1,1,1,1,1,1,1,1,0,0,0,0,0,0,0,0,1,1,1,1,1,1,1,1,0,0,0,0,0,0,0,0,0,0,0,0,0,0,0,0,False,False,False,False,False,False,False,False,0,2,0,0,0,0,0,0,"As-tu récupéré des noyaux de source, humain<hex:020808E905FF02>e<hex:FF01><hex:03><hex:021D0103>?<hex:021D0103>...","","","","Oui, c'est ça<hex:021D0103>! C'est ça<hex:021D0103>! Rapporte-m'en autant que tu le peux<hex:021D0103>!","","Ah, je vois... C'est bien dommage, mais tout comme le vent ne peut être saisi, nous n'y pouvons rien.",""
251,1,1,1,1,1,1,1,1,0,0,0,0,0,0,0,0,1,1,1,1,1,1,1,1,0,0,0,0,0,0,0,0,0,0,0,0,0,0,0,0,False,False,False,False,False,False,False,False,0,0,0,0,0,0,0,0,"Je dois rassembler des noyaux de source<hex:021D0103>! S'il te plaît, gentil<hex:020809E905FF03>le<hex:FF01><hex:03> humain<hex:020808E905FF02>e<hex:FF01><hex:03>, donne-m'en, si tu en as<hex:021D0103>!","","","","","","",""
252,1,1,1,1,1,1,1,1,0,0,0,0,0,0,0,0,1,1,1,1,1,1,1,1,0,0,0,0,0,0,0,0,0,0,0,0,0,0,0,0,False,False,False,False,False,False,False,False,0,0,0,0,0,0,0,0,"Grâce à toi, j'ai plein de noyaux de source, mais si tu en trouves plus, je les veux bien.","","","","","","",""
253,1,1,1,1,1,1,1,1,0,0,0,0,0,0,0,0,1,1,1,1,1,1,1,1,0,0,0,0,0,0,0,0,0,0,0,0,0,0,0,0,False,False,False,False,False,False,False,False,0,2,0,0,0,0,0,0,"Je crois que j'ai assez de noyaux de source, mais bien sûr, je ne les refuserai pas si tu en trouves d'autres, gentil<hex:020809E905FF03>le<hex:FF01><hex:03> humain<hex:020808E905FF02>e<hex:FF01><hex:03>.","","","","Merci, merci, humain<hex:020808E905FF02>e<hex:FF01><hex:03>. Tu es aussi gentil<hex:020809E905FF03>le<hex:FF01><hex:03> que la pluie qui caresse nos îles<hex:021D0103>!","","Ce n'est pas grave. Grâce à toi, j'en ai assez.",""
254,1,1,1,1,1,1,1,1,0,0,0,0,0,0,0,0,1,1,1,1,1,1,1,1,0,0,0,0,0,0,0,0,0,0,0,0,0,0,0,0,False,False,False,False,False,False,False,False,0,0,0,3,0,0,0,0,"Humain<hex:020808E905FF02>e<hex:FF01><hex:03>, je t'en supplie, tu dois m'aider<hex:021D0103>! Les méchants Vundu me poursuivent comme une tempête destructrice<hex:021D0103>!","Ils m'avaient fait prisonnier... pour que je serve de repose-pieds à leur ancien<hex:021D0103>! Mais j'ai réussi à m'enfuir<hex:021D0103>!","Mal<hex:02160103>heu<hex:02160103>reu<hex:02160103>se<hex:02160103>ment, je me suis blessé à la jambe, et je sais qu'ils vont me rattraper<hex:021D0103>! Je t'en supplie, protège-moi<hex:021D0103>!","Aider le Zundu en fuite<hex:021D0103>?<hex:02100103><hex:02100103><hex:024804F201F403><hex:024904F201F503>* Le niveau recommandé pour cet ALÉA est <hex:022003E80203>.<hex:0249020103><hex:0248020103>","","","Comment<hex:021D0103>!? N'as-tu donc aucune pitié pour un pauvre Zundu<hex:021D0103>!?<hex:021D0103>...",""
255,1,1,1,1,1,1,1,1,0,0,0,0,0,0,0,0,1,1,1,1,1,1,1,1,0,0,0,0,0,0,0,0,0,0,0,0,0,0,0,0,False,False,False,False,False,False,False,False,0,3,0,0,0,0,0,0,"Bzzzz... Bzz... Ici la sphère d'examen. Une anomalie a été détectée dans le fonc<hex:02160103>tion<hex:02160103>ne<hex:02160103>ment des machines-outils... Demande arrêt immédiat... ","Aider la sphère d'examen<hex:021D0103>?<hex:02100103><hex:02100103><hex:024804F201F403><hex:024904F201F503>* Le niveau recommandé pour cet ALÉA est <hex:022003E80203>.<hex:0249020103><hex:0248020103>","","","","","Bzzzz... Bzz...",""
256,1,1,1,1,1,1,1,1,0,0,0,0,0,0,0,0,1,1,1,1,1,1,1,1,0,0,0,0,0,0,0,0,5,5,5,5,5,5,5,5,False,False,False,False,False,False,False,False,0,0,3,0,0,0,0,0,"Dis-moi, humain<hex:020808E905FF02>e<hex:FF01><hex:03>, n'as-tu pas vu un dragon comme moi<hex:021D0103>? C'est mon ami. Il ne revient pas...","Je crains qu'il n'ait été attaqué par ceux qui sont aux ordres de Nidhogg. Tu veux bien aller voir s'il ne lui est rien arrivé<hex:021D0103>?","Chercher l'ami de ce dragon<hex:021D0103>?<hex:02100103><hex:02100103><hex:024804F201F403><hex:024904F201F503>* Le niveau recommandé pour cet ALÉA est <hex:022003E80203>.<hex:0249020103><hex:0248020103>","","","","Pardon, j'aurais dû me douter qu'un<hex:020808E905FF02>e<hex:FF01><hex:03> humain<hex:020808E905FF02>e<hex:FF01><hex:03> n'aurait que faire de ma demande...",""
257,2,2,2,2,2,2,2,2,0,0,0,0,0,0,0,0,1,1,1,1,1,1,1,1,0,0,0,0,0,0,0,0,0,0,0,0,0,0,0,0,False,False,False,False,False,False,False,False,0,3,0,0,0,0,0,0,"Maudits gaélichats<hex:021D0103>! Mais qu'est-ce qu'ils ont à s'en prendre à nos provisions<hex:021D0103>!? Dites, vous voulez bien nous aider à chasser ces sales bêtes<hex:021D0103>?","Aider le chevalier de la Rose<hex:021D0103>?<hex:02100103><hex:02100103><hex:024804F201F403><hex:024904F201F503>* Le niveau recommandé pour cet ALÉA est <hex:022003E80203>.<hex:0249020103><hex:0248020103>","","","","","Hmpf, j'imagine que vous avez d'autres gaélichats à fouetter... En tout cas, si nous mourons de faim, ça sera peut-être de votre faute<hex:021D0103>!",""
258,2,2,2,2,2,2,2,2,0,0,0,0,0,0,0,0,1,1,1,1,1,1,1,1,0,0,0,0,0,0,0,0,0,0,0,0,0,0,0,0,False,False,False,False,False,False,False,False,0,0,0,0,0,0,0,0,"Hé, toi, l'aventuri<hex:02080DE905FF05>ère<hex:FF03>er<hex:03>, tu veux pas m'aider à ramasser des plumes de chocobo sauvage<hex:021D0103>? Mes camarades et moi, nous en avons besoin pour l'empennage de nos flèches. On en trouve un peu partout dans le coin.","Cela dit, il peut aussi arriver que les monstres du coin en aient sur eux. Donc si tu n'en as pas peur, tu peux essayer de leur prendre. ","","","","","",""
259,2,2,2,2,2,2,2,2,0,0,0,0,0,0,0,0,1,1,1,1,1,1,1,1,0,0,0,0,0,0,0,0,0,0,0,0,0,0,0,0,False,False,False,False,False,False,False,False,0,0,3,0,0,0,0,0,"Je ne sais pas si tu as vu, mais un chocobo sauvage s'est fait attaquer par des monstres tout à l'heure. Du coup, il a laissé des plumes un peu partout.","C'est une vraie aubaine pour nous autres chasseurs, car elles nous servent pour l'empennage de nos flèches. Dis, tu voudrais pas m'aider à en ramasser autant que possible<hex:021D0103>?","Aider le chasseur de La Penne<hex:021D0103>?<hex:02100103><hex:02100103><hex:024804F201F403><hex:024904F201F503>* Le niveau recommandé pour cet ALÉA est <hex:022003E80203>.<hex:0249020103><hex:0248020103>","","","","Ah, bon<hex:021D0103>?<hex:021D0103>... Ben, tant pis, alors...",""
260,2,2,2,2,2,2,2,2,0,0,0,0,0,0,0,0,1,1,1,1,1,1,1,1,0,0,0,0,0,0,0,0,0,0,0,0,0,0,0,0,False,False,False,False,False,False,False,False,0,2,0,0,0,0,0,0,"Tu m'apportes des plumes de chocobo sauvage<hex:021D0103>?","","","","Merci beaucoup<hex:021D0103>! Si tu en trouves davantage, n'hésite pas à me les donner.","","Ah, bon<hex:021D0103>? Il nous en faut beaucoup, vois-tu, donc si tu en trouves, apporte-les-moi, d'accord<hex:021D0103>?",""
261,2,2,2,2,2,2,2,2,0,0,0,0,0,0,0,0,1,1,1,1,1,1,1,1,0,0,0,0,0,0,0,0,0,0,0,0,0,0,0,0,False,False,False,False,False,False,False,False,0,0,0,0,0,0,0,0,"Grâce à toi, j'ai beaucoup de plumes de chocobo. Mais à vrai dire, je n'en ai jamais assez. Donc, si t'en trouves encore, viens me les apporter, d'accord<hex:021D0103>?","","","","","","",""
262,2,2,2,2,2,2,2,2,0,0,0,0,0,0,0,0,1,1,1,1,1,1,1,1,0,0,0,0,0,0,0,0,0,0,0,0,0,0,0,0,False,False,False,False,False,False,False,False,0,2,0,0,0,0,0,0,"Tu as vraiment fait du bon travail, mon ami<hex:020808E905FF02>e<hex:FF01><hex:03>. Je ne te remercierai jamais assez<hex:021D0103>!","","","","Grâce à toi, nous autres chasseurs allons pouvoir nous con<hex:02160103>fec<hex:02160103>tion<hex:02160103>ner plein de flèches. Avec ça, la chasse devrait être bonne, cette saison. Merci beaucoup, mon ami<hex:020808E905FF02>e<hex:FF01><hex:03><hex:021D0103>!","","Tu n'en as pas trouvé d'autres<hex:021D0103>? Bah, tu en as fait assez de toute façon...",""
263,1,1,1,1,1,1,1,1,0,0,0,0,0,0,0,0,1,1,1,1,1,1,1,1,0,0,0,0,0,0,0,0,0,0,0,0,0,0,0,0,False,False,False,False,False,False,False,False,0,0,0,0,0,0,0,0,"Je suis épuisée<hex:021D0103>! Pourquoi ne veulent-ils pas comprendrrre que moi aussi j'ai besoin de vacances de temps en temps<hex:021D0103>?","","","","","","",""
264,2,2,2,2,2,2,2,2,0,0,0,0,0,0,0,0,1,1,1,1,1,1,1,1,0,0,0,0,0,0,0,0,0,0,0,0,0,0,0,0,False,False,False,False,False,False,False,False,0,0,0,3,0,0,0,0,"On a interdit l'accès à la plage à ce... type, et il essaie quand même de passer. Il ne veut pas comprendre qu'il n'est pas le bienvenu ici.","Il dit que ses danses sont tra<hex:02160103>di<hex:02160103>tion<hex:02160103>nel<hex:02160103>les, mais elles importunent nos visiteurs. ","S'il continue de m'énerver, je vais le fumer derrière un cyprès... Un peu d'aide ne serait pas de refus<hex:021D0103>!","Aider l'organisateur<hex:021D0103>?<hex:02100103><hex:02100103><hex:024804F201F403><hex:024904F201F503>* Le niveau recommandé pour cet ALÉA est <hex:022003E80203>.<hex:0249020103><hex:0248020103>","","","Je vois... On ne peut compter que sur soi-même.",""
265,2,2,2,2,2,2,2,2,0,0,0,0,0,0,0,0,1,1,1,1,1,1,1,1,0,0,0,0,0,0,0,0,0,0,0,0,0,0,0,0,False,False,False,False,False,False,False,False,0,0,3,0,0,0,0,0,"Ces sales pirates veulent allumer des feux d'artifice faits maison... J'ai bien tenté de leur expliquer que c'était dangereux, mais ils refusent de m'écouter. Aidez-moi à les arrêter<hex:021D0103>!","C'est vraiment pas la mer à boire pour <hex:020824E905FF11>une aventurière<hex:FF0E>un aventurier<hex:03> digne de ce nom... Et autant vous le dire tout de suite, je ne me suis jamais vanté d'en être un<hex:021D0103>!","Aider ce Lalafell<hex:021D0103>?<hex:02100103><hex:02100103><hex:024804F201F403><hex:024904F201F503>* Le niveau recommandé pour cet ALÉA est <hex:022003E80203>.<hex:0249020103><hex:0248020103>","","","","Désolé, j'étais persuadé d'avoir enfin trouvé plus courageux que moi...",""
266,2,2,2,2,2,2,2,2,0,0,0,0,0,0,0,0,1,1,1,1,1,1,1,1,0,0,0,0,0,0,0,0,0,0,0,0,0,0,0,0,False,False,False,False,False,False,False,False,0,0,0,0,0,0,0,0,"Vous avez vu<hex:021D0103>? Les pirates laissent leurs bouteilles traîner partout sur la plage. C'est dangereux en plus d'être dégoûtant<hex:021D0103>!","Rapportez-moi les bouteilles vides que vous trouverez. Peu m'importe si vous devez leur arracher des mains, mais n'hésitez pas à leur donner une bonne leçon<hex:021D0103>!","","","","","",""
267,2,2,2,2,2,2,2,2,0,0,0,0,0,0,0,0,1,1,1,1,1,1,1,1,0,0,0,0,0,0,0,0,0,0,0,0,0,0,0,0,False,False,False,False,False,False,False,False,0,0,3,0,0,0,0,0,"Les pirates ne sont que des gros dégoûtants. Ils ont débarqué ici avec tout leur alcool et ils se soûlent à longueur de journée.","Ils mettent la pagaille sur la plage en plus de la salir<hex:021D0103>! Ça vous dérangerait de ramasser les bouteilles vides que vous trouvez et de leur filer une bonne raclée au passage<hex:021D0103>?","Aider l'organisateur des Feux de la Mort<hex:021D0103>?<hex:02100103><hex:02100103><hex:024804F201F403><hex:024904F201F503>* Le niveau recommandé pour cet ALÉA est <hex:022003E80203>.<hex:0249020103><hex:0248020103>","","","","Je comprends que vous ayez mieux à faire, mais il faudra bien que quelqu'un nettoie tout ça... Revenez me voir si vous changez d'avis<hex:021D0103>!",""
268,2,2,2,2,2,2,2,2,0,0,0,0,0,0,0,0,1,1,1,1,1,1,1,1,0,0,0,0,0,0,0,0,0,0,0,0,0,0,0,0,False,False,False,False,False,False,False,False,0,2,0,0,0,0,0,0,"Vous avez des bouteilles pour moi<hex:021D0103>?","","","","Merveilleux<hex:021D0103>! Vous pouvez continuer ceci dit, j'en vois encore plein<hex:021D0103>!","","Vous avez tout ramassé<hex:021D0103>? Merci<hex:021D0103>! Enfin, comptez sur les pirates pour revenir mettre le bazar. Si vous en voyez d'autres, n'hésitez pas à faire le ménage, hein<hex:021D0103>!",""
269,2,2,2,2,2,2,2,2,0,0,0,0,0,0,0,0,1,1,1,1,1,1,1,1,0,0,0,0,0,0,0,0,0,0,0,0,0,0,0,0,False,False,False,False,False,False,False,False,0,0,0,0,0,0,0,0,"Vous m'avez apporté une aide précieuse. La plage est presque propre... “presque”<hex:021D0103>! Il y a encore du travail...","","","","","","",""
270,2,2,2,2,2,2,2,2,0,0,0,0,0,0,0,0,1,1,1,1,1,1,1,1,0,0,0,0,0,0,0,0,0,0,0,0,0,0,0,0,False,False,False,False,False,False,False,False,0,2,0,0,0,0,0,0,"Vous en avez trouvé d'autres<hex:021D0103>?","","","","Merci beaucoup, j'espère que les pirates vont en prendre de la graine<hex:021D0103>!","","Vous avez tout ramassé<hex:021D0103>? Si vous en voyez d'autres, n'hésitez pas à vous y remettre<hex:021D0103>!",""
271,1,1,1,1,1,1,1,1,0,0,0,0,0,0,0,0,1,1,1,1,1,1,1,1,0,0,0,0,0,0,0,0,0,0,0,0,0,0,0,0,False,False,False,False,False,False,False,False,0,3,0,0,0,0,0,0,"Pitié, aidez-moi à me débarrasser de ces personnes<hex:021D0103>!","Aider cette femme<hex:021D0103>?<hex:02100103><hex:02100103><hex:024804F201F403><hex:024904F201F503>* Le niveau recommandé pour cet ALÉA est <hex:022003E80203>.<hex:0249020103><hex:0248020103>","","","","","Que faut-il donc faire pour avoir la paix<hex:021D0103>!?",""
272,1,1,1,1,1,1,1,1,0,0,0,0,0,0,0,0,1,1,1,1,1,1,1,1,0,0,0,0,0,0,0,0,0,0,0,0,0,0,0,0,False,False,False,False,False,False,False,False,0,0,0,0,0,0,0,0,"Cela paraissait être une bonne idée d'avoir fait appel à ces cyclopes pour la préparation du mochi, mais ils mettent tellement de cœur à l'ouvrage que ça en devient dangereux de s'approcher<hex:021D0103>!","Pourriez-vous essayer de vous approcher du mortier pour récupérer des mochi de la transition<hex:021D0103>? Il vous suffira ensuite de les remettre à Jirômaru.","","","","","",""
273,1,1,1,1,1,1,1,1,0,0,0,0,0,0,0,0,1,1,1,1,1,1,1,1,0,0,0,0,0,0,0,0,0,0,0,0,0,0,0,0,False,False,False,False,False,False,False,False,0,0,3,0,0,0,0,0,"Cela paraissait être une bonne idée d'avoir fait appel à ces cyclopes pour la préparation du mochi, mais ils mettent tellement de cœur à l'ouvrage que ça en devient dangereux de s'approcher<hex:021D0103>!","Pourriez-vous essayer de vous approcher du mortier pour récupérer des mochi de la transition<hex:021D0103>? Il vous suffira ensuite de les remettre à Jirômaru.","Aider cet homme<hex:021D0103>?<hex:02100103><hex:02100103><hex:024804F201F403><hex:024904F201F503>* Le niveau recommandé pour cet ALÉA est <hex:022003E80203>.<hex:0249020103><hex:0248020103>","","","","Je vous comprends, il faudrait être fou pour avoir envie de s'approcher...",""
274,1,1,1,1,1,1,1,1,0,0,0,0,0,0,0,0,1,1,1,1,1,1,1,1,0,0,0,0,0,0,0,0,0,0,0,0,0,0,0,0,False,False,False,False,False,False,False,False,0,2,0,0,0,0,0,0,"Ou-hou<hex:021D0103>!?","","","","Ou-hou-ha-ha<hex:021D0103>!","","Ou-ha...",""
275,1,1,1,1,1,1,1,1,0,0,0,0,0,0,0,0,1,1,1,1,1,1,1,1,0,0,0,0,0,0,0,0,0,0,0,0,0,0,0,0,False,False,False,False,False,False,False,False,0,0,0,0,0,0,0,0,"Merci pour tous ces mochi que vous avez récupérés au péril de votre vie<hex:021D0103>! Évidemment, plus il y en aura, plus les gens seront contents... Pourriez-vous aller en chercher un peu plus<hex:021D0103>?","","","","","","",""
276,1,1,1,1,1,1,1,1,0,0,0,0,0,0,0,0,1,1,1,1,1,1,1,1,0,0,0,0,0,0,0,0,0,0,0,0,0,0,0,0,False,False,False,False,False,False,False,False,0,2,0,0,0,0,0,0,"Hi-hi-ha-ha<hex:021D0103>!","","","","Hi-hi-hou-hou-ha-ha<hex:021D0103>!","","Ou-hou-ha-ha<hex:021D0103>! Hi-hi-ha-ha<hex:021D0103>!",""
277,1,1,1,1,1,1,1,1,0,0,0,0,0,0,0,0,1,1,1,1,1,1,1,1,0,0,0,0,0,0,0,0,0,0,0,0,0,0,0,0,False,False,False,False,False,False,False,False,0,0,0,0,0,0,0,0,"Ou-hou<hex:021D0103>!","","","","","","",""
278,1,1,1,1,1,1,1,1,0,0,0,0,0,0,0,0,1,1,1,1,1,1,1,1,0,0,0,0,0,0,0,0,0,0,0,0,0,0,0,0,False,False,False,False,False,False,False,False,0,0,0,0,0,0,0,0,"Ou-hou-ha<hex:021D0103>!","","","","","","",""
279,2,2,2,2,2,2,2,2,0,0,0,0,0,0,0,0,1,1,1,1,1,1,1,1,0,0,0,0,0,0,0,0,0,0,0,0,0,0,0,0,False,False,False,False,False,False,False,False,0,0,0,0,0,0,0,0,"Ça briiille<hex:021D0103>! C'est joliii<hex:021D0103>! Les Prœufs<hex:021D0103>! Donne à moi<hex:021D0103>! DONNE<hex:021D0103>!!!","","","","","","",""
280,2,2,2,2,2,2,2,2,0,0,0,0,0,0,0,0,1,1,1,1,1,1,1,1,0,0,0,0,0,0,0,0,0,0,0,0,0,0,0,0,False,False,False,False,False,False,False,False,0,2,0,0,0,0,0,0,"Les Prœufs, les jolis Prœuuufs<hex:021D0103>! Donne à moi<hex:021D0103>! DONNE<hex:021D0103>!!!","","","","Des Prœufs<hex:021D0103>! Plein de gros Prœufs<hex:021D0103>! Il en faut encore<hex:021D0103>! ENCORE<hex:021D0103>!!","","Des Prœufs, des Prœufs<hex:021D0103>! Donne encore<hex:021D0103>! Plus<hex:021D0103>! PLUUUS<hex:021D0103>!!!",""
281,2,2,2,2,2,2,2,2,0,0,0,0,0,0,0,0,1,1,1,1,1,1,1,1,0,0,0,0,0,0,0,0,0,0,0,0,0,0,0,0,False,False,False,False,False,False,False,False,0,0,0,0,0,0,0,0,"Tous ces Prœufs<hex:021D0103>! Plein de gros Prœuuufs<hex:021D0103>! Si joliiis<hex:021D0103>!!","","","","","","",""
282,0,0,0,0,0,0,0,0,0,0,0,0,0,0,0,0,0,0,0,0,0,0,0,0,0,0,0,0,0,0,0,0,0,0,0,0,0,0,0,0,False,False,False,False,False,False,False,False,0,0,0,0,0,0,0,0,"","","","","","","",""
283,0,0,0,0,0,0,0,0,0,0,0,0,0,0,0,0,0,0,0,0,0,0,0,0,0,0,0,0,0,0,0,0,0,0,0,0,0,0,0,0,False,False,False,False,False,False,False,False,0,0,0,0,0,0,0,0,"","","","","","","",""
284,0,0,0,0,0,0,0,0,0,0,0,0,0,0,0,0,0,0,0,0,0,0,0,0,0,0,0,0,0,0,0,0,0,0,0,0,0,0,0,0,False,False,False,False,False,False,False,False,0,0,0,0,0,0,0,0,"","","","","","","",""
285,0,0,0,0,0,0,0,0,0,0,0,0,0,0,0,0,0,0,0,0,0,0,0,0,0,0,0,0,0,0,0,0,0,0,0,0,0,0,0,0,False,False,False,False,False,False,False,False,0,0,0,0,0,0,0,0,"","","","","","","",""
286,0,0,0,0,0,0,0,0,0,0,0,0,0,0,0,0,0,0,0,0,0,0,0,0,0,0,0,0,0,0,0,0,0,0,0,0,0,0,0,0,False,False,False,False,False,False,False,False,0,0,0,0,0,0,0,0,"","","","","","","",""
287,1,1,1,1,1,1,1,1,0,0,0,0,0,0,0,0,1,1,1,1,1,1,1,1,0,0,0,0,0,0,0,0,0,0,0,0,0,0,0,0,False,False,False,False,False,False,False,False,0,0,0,0,0,0,0,0,"Je maintiens, se servir des cyclopes et de leur force démesurée, c'était une brillante idée... mais avec tous ces piafs venus d'on ne sait où, c'est le chaos total maintenant !","Tu pourrais pas essayer de t'approcher du mortier de la transition<hex:021D0103>? Une fois que tu y es, ramasse autant de mochi que possible et déguerpis avant de te faire aplatir comme une crêpe<hex:021D0103>! Apporte-les à Jirômaru une fois en sécurité<hex:021D0103>!","","","","","",""
288,1,1,1,1,1,1,1,1,0,0,0,0,0,0,0,0,1,1,1,1,1,1,1,1,0,0,0,0,0,0,0,0,0,0,0,0,0,0,0,0,False,False,False,False,False,False,False,False,0,0,3,0,0,0,0,0,"Je maintiens, se servir des cyclopes et de leur force démesurée, c'était une brillante idée... mais avec tous ces piafs venus d'on ne sait où, c'est le chaos total maintenant !","Tu pourrais pas essayer de t'approcher du mortier de la transition<hex:021D0103>? Une fois que tu y es, ramasse autant de mochi que possible et déguerpis avant de te faire aplatir comme une crêpe<hex:021D0103>! Apporte-les à Jirômaru une fois en sécurité<hex:021D0103>!","Aider cet homme ?<hex:02100103><hex:02100103><hex:024804F201F403><hex:024904F201F503>* Le niveau recommandé pour cet ALÉA est <hex:022003E80203>.<hex:0249020103><hex:0248020103>","","","","Je... je dois avouer que quand je vois tous ces becs acérés... je serre un peu les fesses...",""
289,1,1,1,1,1,1,1,1,0,0,0,0,0,0,0,0,1,1,1,1,1,1,1,1,0,0,0,0,0,0,0,0,0,0,0,0,0,0,0,0,False,False,False,False,False,False,False,False,0,2,0,0,0,0,0,0,"Ou-hou<hex:021D0103>!?","","","","Ou-hou-ha-ha<hex:021D0103>!","","Ou-ha...",""
290,1,1,1,1,1,1,1,1,0,0,0,0,0,0,0,0,1,1,1,1,1,1,1,1,0,0,0,0,0,0,0,0,0,0,0,0,0,0,0,0,False,False,False,False,False,False,False,False,0,0,0,0,0,0,0,0,"On a assez de mochi pour tout un régiment<hex:021D0103>!  Mais plus on en aura, plus on pourra en faire profiter les gens. En brave aventuri<hex:02080DE905FF05>ère<hex:FF03>er<hex:03> que tu es, tu vas bien en récupérer un ou deux de plus entre deux coups de maillet !","","","","","","",""
291,1,1,1,1,1,1,1,1,0,0,0,0,0,0,0,0,1,1,1,1,1,1,1,1,0,0,0,0,0,0,0,0,0,0,0,0,0,0,0,0,False,False,False,False,False,False,False,False,0,2,0,0,0,0,0,0,"Hi-hi-ha-ha<hex:021D0103>!","","","","Hi-hi-hou-hou-ha-ha<hex:021D0103>!","","Ou-hou-ha-ha<hex:021D0103>! Hi-hi-ha-ha<hex:021D0103>!",""
292,1,1,1,1,1,1,1,1,0,0,0,0,0,0,0,0,1,1,1,1,1,1,1,1,0,0,0,0,0,0,0,0,0,0,0,0,0,0,0,0,False,False,False,False,False,False,False,False,0,0,0,0,0,0,0,0,"Ou-hou<hex:021D0103>!","","","","","","",""
293,1,1,1,1,1,1,1,1,0,0,0,0,0,0,0,0,1,1,1,1,1,1,1,1,0,0,0,0,0,0,0,0,0,0,0,0,0,0,0,0,False,False,False,False,False,False,False,False,0,0,0,0,0,0,0,0,"Ou-hou-ha<hex:021D0103>!","","","","","","",""
294,1,1,1,1,1,1,1,1,0,0,0,0,0,0,0,0,1,1,1,1,1,1,1,1,0,0,0,0,0,0,0,0,0,0,0,0,0,0,0,0,False,False,False,False,False,False,False,False,0,0,0,0,0,0,0,0,"Tout aurait pu se passer à merveille... si seulement ces empêcheurs de faire du mochi en rond de pirates n'avaient pas débarqué avec leurs sales molosses<hex:021D0103>!","Tu nous rendrais un grand service en t'approchant du mortier pour ramasser des mochi... Plus tu en récupèreras, mieux ce sera, mais fais attention à ne pas te faire aplatir comme une crêpe<hex:021D0103>! Il te suffira ensuite d'apporter les mochi à Taro.","","","","","",""
295,1,1,1,1,1,1,1,1,0,0,0,0,0,0,0,0,1,1,1,1,1,1,1,1,0,0,0,0,0,0,0,0,0,0,0,0,0,0,0,0,False,False,False,False,False,False,False,False,0,0,3,0,0,0,0,0,"Tout aurait pu se passer à merveille... si seulement ces empêcheurs de faire du mochi en rond de pirates n'avaient pas débarqué avec leurs sales molosses<hex:021D0103>!","Tu nous rendrais un grand service en t'approchant du mortier pour ramasser des mochi... Plus tu en récupèreras, mieux ce sera, mais fais attention à ne pas te faire aplatir comme une crêpe<hex:021D0103>! Il te suffira d'apporter les mochi ainsi obtenus à Taro.","Aider cet homme ?<hex:02100103><hex:02100103><hex:024804F201F403><hex:024904F201F503>* Le niveau recommandé pour cet ALÉA est <hex:022003E80203>.<hex:0249020103><hex:0248020103>","","","","Pas de problème, je te comprends... Moi-même, quand je vois ces molosses assoifés de sang, j'ai bien envie de prendre mes jambes à mon cou<hex:021D0103>!",""
296,1,1,1,1,1,1,1,1,0,0,0,0,0,0,0,0,1,1,1,1,1,1,1,1,0,0,0,0,0,0,0,0,0,0,0,0,0,0,0,0,False,False,False,False,False,False,False,False,0,2,0,0,0,0,0,0,"Ouaf, ouaf...","","","","Ouaf<hex:021D0103>! Ouaaaf<hex:021D0103>!","","Ouuuu... Ouuuu...",""
297,1,1,1,1,1,1,1,1,0,0,0,0,0,0,0,0,1,1,1,1,1,1,1,1,0,0,0,0,0,0,0,0,0,0,0,0,0,0,0,0,False,False,False,False,False,False,False,False,0,0,0,0,0,0,0,0,"Parfait, ça en fait un bon paquet<hex:021D0103>! Mais rien ne t'empêche d'aller en chercher plus, hein<hex:021D0103>? Pour le bien de la fête de la transition<hex:021D0103>!","","","","","","",""
298,1,1,1,1,1,1,1,1,0,0,0,0,0,0,0,0,1,1,1,1,1,1,1,1,0,0,0,0,0,0,0,0,0,0,0,0,0,0,0,0,False,False,False,False,False,False,False,False,0,2,0,0,0,0,0,0,"Haa haa... Ouaf<hex:021D0103>!♪","","","","Ou... Ouaf ouaf<hex:021D0103>!","","Ouaf<hex:021D0103>! Ouaf<hex:021D0103>! Ouaf<hex:021D0103>!",""
299,1,1,1,1,1,1,1,1,0,0,0,0,0,0,0,0,1,1,1,1,1,1,1,1,0,0,0,0,0,0,0,0,0,0,0,0,0,0,0,0,False,False,False,False,False,False,False,False,0,0,0,0,0,0,0,0,"Ouuuu... Ouuuu...","","","","","","",""
300,1,1,1,1,1,1,1,1,0,0,0,0,0,0,0,0,1,1,1,1,1,1,1,1,0,0,0,0,0,0,0,0,0,0,0,0,0,0,0,0,False,False,False,False,False,False,False,False,0,0,0,0,0,0,0,0,"Ouaf<hex:021D0103>! Ouaf ouaf<hex:021D0103>!","","","","","","",""
301,1,1,1,1,1,1,1,1,0,0,0,0,0,0,0,0,1,1,1,1,1,1,1,1,0,0,0,0,0,0,0,0,0,0,0,0,0,0,0,0,False,False,False,False,False,False,False,False,0,3,0,0,0,0,0,0,"Je suis un ingénieur au service de la maison Haillenarte. Que diriez-vous de m'aider à récupérer des éclats de feu irradiants<hex:021D0103>?","Aider l'ingénieur des Haillenarte<hex:021D0103>?","","","","","C'est bien dommage, mais je suppose que vous avez d'autres priorités. N'hésitez pas à revenir me voir si vous changez d'avis<hex:021D0103>!",""
302,1,1,1,1,1,1,1,1,0,0,0,0,0,0,0,0,1,1,1,1,1,1,1,1,0,0,0,0,0,0,0,0,0,0,0,0,0,0,0,0,False,False,False,False,False,False,False,False,0,0,0,0,0,0,0,0,"Pour obtenir des éclats, vous pouvez les ramasser directement ou vaincre les élémentaires de feu qui rôdent aux alentours.","","","","","","",""
303,1,1,1,1,1,1,1,1,0,0,0,0,0,0,0,0,1,1,1,1,1,1,1,1,0,0,0,0,0,0,0,0,0,0,0,0,0,0,0,0,False,False,False,False,False,False,False,False,0,2,0,0,0,0,0,0,"Je vois que vous avez réussi à récupérer des éclats de feu irradiants. Laissez-moi donc vous en débarrasser<hex:021D0103>! ","","","","Excellent<hex:021D0103>! La maison Haillenarte vous remercie pour votre con<hex:02160103>tri<hex:02160103>bu<hex:02160103>tion.","","Revenez me voir quand vous aurez accumulé davantage d'éclats. Plus il y en a, mieux c'est<hex:021D0103>!",""
304,1,1,1,1,1,1,1,1,0,0,0,0,0,0,0,0,1,1,1,1,1,1,1,1,0,0,0,0,0,0,0,0,0,0,0,0,0,0,0,0,False,False,False,False,False,False,False,False,0,0,0,0,0,0,0,0,"Comme leur nom l'indique, ces éclats diffusent l'énergie de l'élément dont ils sont issus dans l'environnement. Les explorateurs du Diadème se les arrachent<hex:021D0103>!","","","","","","",""
305,1,1,1,1,1,1,1,1,0,0,0,0,0,0,0,0,1,1,1,1,1,1,1,1,0,0,0,0,0,0,0,0,0,0,0,0,0,0,0,0,False,False,False,False,False,False,False,False,0,2,0,0,0,0,0,0,"Vous avez obtenu d'autres éclats de feu irradiants<hex:021D0103>? Faites-moi voir ça<hex:021D0103>!","","","","Merci pour votre dévouement, aventuri<hex:02080DE905FF05>ère<hex:FF03>er<hex:03><hex:021D0103>!","","Revenez me voir quand vous aurez accumulé davantage d'éclats. Plus il y en a, mieux c'est<hex:021D0103>!",""
306,1,1,1,1,1,1,1,1,0,0,0,0,0,0,0,0,1,1,1,1,1,1,1,1,0,0,0,0,0,0,0,0,0,0,0,0,0,0,0,0,False,False,False,False,False,False,False,False,0,3,0,0,0,0,0,0,"Je suis un ingénieur au service de la maison Haillenarte. Que diriez-vous de m'aider à récupérer des éclats de foudre irradiants<hex:021D0103>?","Aider l'ingénieur des Haillenarte<hex:021D0103>?","","","","","C'est bien dommage, mais je suppose que vous avez d'autres priorités. N'hésitez pas à revenir me voir si vous changez d'avis<hex:021D0103>!",""
307,1,1,1,1,1,1,1,1,0,0,0,0,0,0,0,0,1,1,1,1,1,1,1,1,0,0,0,0,0,0,0,0,0,0,0,0,0,0,0,0,False,False,False,False,False,False,False,False,0,0,0,0,0,0,0,0,"Pour obtenir des éclats, vous pouvez les ramasser directement ou vaincre les élémentaires de foudre qui rôdent aux alentours.","","","","","","",""
308,1,1,1,1,1,1,1,1,0,0,0,0,0,0,0,0,1,1,1,1,1,1,1,1,0,0,0,0,0,0,0,0,0,0,0,0,0,0,0,0,False,False,False,False,False,False,False,False,0,2,0,0,0,0,0,0,"Je vois que vous avez réussi à récupérer des éclats de foudre irradiants. Laissez-moi donc vous en débarrasser<hex:021D0103>! ","","","","Excellent<hex:021D0103>! La maison Haillenarte vous remercie pour votre con<hex:02160103>tri<hex:02160103>bu<hex:02160103>tion.","","Revenez me voir quand vous aurez accumulé davantage d'éclats. Plus il y en a, mieux c'est<hex:021D0103>!",""
309,1,1,1,1,1,1,1,1,0,0,0,0,0,0,0,0,1,1,1,1,1,1,1,1,0,0,0,0,0,0,0,0,0,0,0,0,0,0,0,0,False,False,False,False,False,False,False,False,0,0,0,0,0,0,0,0,"Comme leur nom l'indique, ces éclats diffusent l'énergie de l'élément dont ils sont issus dans l'environnement. Les explorateurs du Diadème se les arrachent<hex:021D0103>!","","","","","","",""
310,1,1,1,1,1,1,1,1,0,0,0,0,0,0,0,0,1,1,1,1,1,1,1,1,0,0,0,0,0,0,0,0,0,0,0,0,0,0,0,0,False,False,False,False,False,False,False,False,0,2,0,0,0,0,0,0,"Vous avez obtenu d'autres éclats de foudre irradiants<hex:021D0103>? Faites-moi voir ça<hex:021D0103>!","","","","Merci pour votre dévouement, aventuri<hex:02080DE905FF05>ère<hex:FF03>er<hex:03><hex:021D0103>!","","Revenez me voir quand vous aurez accumulé davantage d'éclats. Plus il y en a, mieux c'est<hex:021D0103>!",""
311,1,1,1,1,1,1,1,1,0,0,0,0,0,0,0,0,1,1,1,1,1,1,1,1,0,0,0,0,0,0,0,0,0,0,0,0,0,0,0,0,False,False,False,False,False,False,False,False,0,3,0,0,0,0,0,0,"Je suis un ingénieur au service de la maison Haillenarte. Que diriez-vous de m'aider à récupérer des éclats de terre irradiants<hex:021D0103>?","Aider l'ingénieur des Haillenarte<hex:021D0103>?","","","","","C'est bien dommage, mais je suppose que vous avez d'autres priorités. N'hésitez pas à revenir me voir si vous changez d'avis<hex:021D0103>!",""
312,1,1,1,1,1,1,1,1,0,0,0,0,0,0,0,0,1,1,1,1,1,1,1,1,0,0,0,0,0,0,0,0,0,0,0,0,0,0,0,0,False,False,False,False,False,False,False,False,0,0,0,0,0,0,0,0,"Pour obtenir des éclats, vous pouvez les ramasser directement ou vaincre les élémentaires de terre qui rôdent aux alentours.","","","","","","",""
313,1,1,1,1,1,1,1,1,0,0,0,0,0,0,0,0,1,1,1,1,1,1,1,1,0,0,0,0,0,0,0,0,0,0,0,0,0,0,0,0,False,False,False,False,False,False,False,False,0,2,0,0,0,0,0,0,"Je vois que vous avez réussi à récupérer des éclats de terre irradiants. Laissez-moi donc vous en débarrasser<hex:021D0103>! ","","","","Excellent<hex:021D0103>! La maison Haillenarte vous remercie pour votre con<hex:02160103>tri<hex:02160103>bu<hex:02160103>tion.","","Revenez me voir quand vous aurez accumulé davantage d'éclats. Plus il y en a, mieux c'est<hex:021D0103>!",""
314,1,1,1,1,1,1,1,1,0,0,0,0,0,0,0,0,1,1,1,1,1,1,1,1,0,0,0,0,0,0,0,0,0,0,0,0,0,0,0,0,False,False,False,False,False,False,False,False,0,0,0,0,0,0,0,0,"Comme leur nom l'indique, ces éclats diffusent l'énergie de l'élément dont ils sont issus dans l'environnement. Les explorateurs du Diadème se les arrachent<hex:021D0103>!","","","","","","",""
315,1,1,1,1,1,1,1,1,0,0,0,0,0,0,0,0,1,1,1,1,1,1,1,1,0,0,0,0,0,0,0,0,0,0,0,0,0,0,0,0,False,False,False,False,False,False,False,False,0,2,0,0,0,0,0,0,"Vous avez obtenu d'autres éclats de terre irradiants<hex:021D0103>? Faites-moi voir ça<hex:021D0103>!","","","","Merci pour votre dévouement, aventuri<hex:02080DE905FF05>ère<hex:FF03>er<hex:03><hex:021D0103>!","","Revenez me voir quand vous aurez accumulé davantage d'éclats. Plus il y en a, mieux c'est<hex:021D0103>!",""
316,1,1,1,1,1,1,1,1,0,0,0,0,0,0,0,0,1,1,1,1,1,1,1,1,0,0,0,0,0,0,0,0,0,0,0,0,0,0,0,0,False,False,False,False,False,False,False,False,0,3,0,0,0,0,0,0,"Je suis un ingénieur au service de la maison Haillenarte. Que diriez-vous de m'aider à récupérer des éclats de glace irradiants<hex:021D0103>?","Aider l'ingénieur des Haillenarte<hex:021D0103>?","","","","","C'est bien dommage, mais je suppose que vous avez d'autres priorités. N'hésitez pas à revenir me voir si vous changez d'avis<hex:021D0103>!",""
317,1,1,1,1,1,1,1,1,0,0,0,0,0,0,0,0,1,1,1,1,1,1,1,1,0,0,0,0,0,0,0,0,0,0,0,0,0,0,0,0,False,False,False,False,False,False,False,False,0,0,0,0,0,0,0,0,"Pour obtenir des éclats, vous pouvez les ramasser directement ou vaincre les élémentaires de glace qui rôdent aux alentours.","","","","","","",""
318,1,1,1,1,1,1,1,1,0,0,0,0,0,0,0,0,1,1,1,1,1,1,1,1,0,0,0,0,0,0,0,0,0,0,0,0,0,0,0,0,False,False,False,False,False,False,False,False,0,2,0,0,0,0,0,0,"Je vois que vous avez réussi à récupérer des éclats de glace irradiants. Laissez-moi donc vous en débarrasser<hex:021D0103>! ","","","","Excellent<hex:021D0103>! La maison Haillenarte vous remercie pour votre con<hex:02160103>tri<hex:02160103>bu<hex:02160103>tion.","","Revenez me voir quand vous aurez accumulé davantage d'éclats. Plus il y en a, mieux c'est<hex:021D0103>!",""
319,1,1,1,1,1,1,1,1,0,0,0,0,0,0,0,0,1,1,1,1,1,1,1,1,0,0,0,0,0,0,0,0,0,0,0,0,0,0,0,0,False,False,False,False,False,False,False,False,0,0,0,0,0,0,0,0,"Comme leur nom l'indique, ces éclats diffusent l'énergie de l'élément dont ils sont issus dans l'environnement. Les explorateurs du Diadème se les arrachent<hex:021D0103>!","","","","","","",""
320,1,1,1,1,1,1,1,1,0,0,0,0,0,0,0,0,1,1,1,1,1,1,1,1,0,0,0,0,0,0,0,0,0,0,0,0,0,0,0,0,False,False,False,False,False,False,False,False,0,2,0,0,0,0,0,0,"Vous avez obtenu d'autres éclats de glace irradiants<hex:021D0103>? Faites-moi voir ça<hex:021D0103>!","","","","Merci pour votre dévouement, aventuri<hex:02080DE905FF05>ère<hex:FF03>er<hex:03><hex:021D0103>!","","Revenez me voir quand vous aurez accumulé davantage d'éclats. Plus il y en a, mieux c'est<hex:021D0103>!",""
321,1,1,1,1,1,1,1,1,0,0,0,0,0,0,0,0,1,1,1,1,1,1,1,1,0,0,0,0,0,0,0,0,0,0,0,0,0,0,0,0,False,False,False,False,False,False,False,False,0,3,0,0,0,0,0,0,"Je suis un ingénieur au service de la maison Haillenarte. Que diriez-vous de m'aider à récupérer des éclats d'eau irradiants<hex:021D0103>?","Aider l'ingénieur des Haillenarte<hex:021D0103>?","","","","","C'est bien dommage, mais je suppose que vous avez d'autres priorités. N'hésitez pas à revenir me voir si vous changez d'avis<hex:021D0103>!",""
322,1,1,1,1,1,1,1,1,0,0,0,0,0,0,0,0,1,1,1,1,1,1,1,1,0,0,0,0,0,0,0,0,0,0,0,0,0,0,0,0,False,False,False,False,False,False,False,False,0,0,0,0,0,0,0,0,"Pour obtenir des éclats, vous pouvez les ramasser directement ou vaincre les élémentaires d'eau qui rôdent aux alentours.","","","","","","",""
323,1,1,1,1,1,1,1,1,0,0,0,0,0,0,0,0,1,1,1,1,1,1,1,1,0,0,0,0,0,0,0,0,0,0,0,0,0,0,0,0,False,False,False,False,False,False,False,False,0,2,0,0,0,0,0,0,"Je vois que vous avez réussi à récupérer des éclats d'eau irradiants. Laissez-moi donc vous en débarrasser<hex:021D0103>! ","","","","Excellent<hex:021D0103>! La maison Haillenarte vous remercie pour votre con<hex:02160103>tri<hex:02160103>bu<hex:02160103>tion.","","Revenez me voir quand vous aurez accumulé davantage d'éclats. Plus il y en a, mieux c'est<hex:021D0103>!",""
324,1,1,1,1,1,1,1,1,0,0,0,0,0,0,0,0,1,1,1,1,1,1,1,1,0,0,0,0,0,0,0,0,0,0,0,0,0,0,0,0,False,False,False,False,False,False,False,False,0,0,0,0,0,0,0,0,"Comme leur nom l'indique, ces éclats diffusent l'énergie de l'élément dont ils sont issus dans l'environnement. Les explorateurs du Diadème se les arrachent<hex:021D0103>!","","","","","","",""
325,1,1,1,1,1,1,1,1,0,0,0,0,0,0,0,0,1,1,1,1,1,1,1,1,0,0,0,0,0,0,0,0,0,0,0,0,0,0,0,0,False,False,False,False,False,False,False,False,0,2,0,0,0,0,0,0,"Vous avez obtenu d'autres éclats d'eau irradiants<hex:021D0103>? Faites-moi voir ça<hex:021D0103>!","","","","Merci pour votre dévouement, aventuri<hex:02080DE905FF05>ère<hex:FF03>er<hex:03><hex:021D0103>!","","Revenez me voir quand vous aurez accumulé davantage d'éclats. Plus il y en a, mieux c'est<hex:021D0103>!",""
326,1,1,1,1,1,1,1,1,0,0,0,0,0,0,0,0,1,1,1,1,1,1,1,1,0,0,0,0,0,0,0,0,0,0,0,0,0,0,0,0,False,False,False,False,False,False,False,False,0,3,0,0,0,0,0,0,"Je suis un ingénieur au service de la maison Haillenarte. Que diriez-vous de m'aider à récupérer des éclats de vent irradiants<hex:021D0103>?","Aider l'ingénieur des Haillenarte<hex:021D0103>?","","","","","C'est bien dommage, mais je suppose que vous avez d'autres priorités. N'hésitez pas à revenir me voir si vous changez d'avis<hex:021D0103>!",""
327,1,1,1,1,1,1,1,1,0,0,0,0,0,0,0,0,1,1,1,1,1,1,1,1,0,0,0,0,0,0,0,0,0,0,0,0,0,0,0,0,False,False,False,False,False,False,False,False,0,0,0,0,0,0,0,0,"Pour obtenir des éclats, vous pouvez les ramasser directement ou vaincre les élémentaires de vent qui rôdent aux alentours.","","","","","","",""
328,1,1,1,1,1,1,1,1,0,0,0,0,0,0,0,0,1,1,1,1,1,1,1,1,0,0,0,0,0,0,0,0,0,0,0,0,0,0,0,0,False,False,False,False,False,False,False,False,0,2,0,0,0,0,0,0,"Je vois que vous avez réussi à récupérer des éclats de vent irradiants. Laissez-moi donc vous en débarrasser<hex:021D0103>! ","","","","Excellent<hex:021D0103>! La maison Haillenarte vous remercie pour votre con<hex:02160103>tri<hex:02160103>bu<hex:02160103>tion.","","Revenez me voir quand vous aurez accumulé davantage d'éclats. Plus il y en a, mieux c'est<hex:021D0103>!",""
329,1,1,1,1,1,1,1,1,0,0,0,0,0,0,0,0,1,1,1,1,1,1,1,1,0,0,0,0,0,0,0,0,0,0,0,0,0,0,0,0,False,False,False,False,False,False,False,False,0,0,0,0,0,0,0,0,"Comme leur nom l'indique, ces éclats diffusent l'énergie de l'élément dont ils sont issus dans l'environnement. Les explorateurs du Diadème se les arrachent<hex:021D0103>!","","","","","","",""
330,1,1,1,1,1,1,1,1,0,0,0,0,0,0,0,0,1,1,1,1,1,1,1,1,0,0,0,0,0,0,0,0,0,0,0,0,0,0,0,0,False,False,False,False,False,False,False,False,0,2,0,0,0,0,0,0,"Vous avez obtenu d'autres éclats de vent irradiants<hex:021D0103>? Faites-moi voir ça<hex:021D0103>!","","","","Merci pour votre dévouement, aventuri<hex:02080DE905FF05>ère<hex:FF03>er<hex:03><hex:021D0103>!","","Revenez me voir quand vous aurez accumulé davantage d'éclats. Plus il y en a, mieux c'est<hex:021D0103>!",""
331,1,1,1,1,1,1,1,1,0,0,0,0,0,0,0,0,1,1,1,1,1,1,1,1,0,0,0,0,0,0,0,0,0,0,0,0,0,0,0,0,False,False,False,False,False,False,False,False,0,0,3,0,0,0,0,0,"Aide-moi, s'il te plaît<hex:021D0103>! J'allais planter mon riz quand des Namazu sont arrivés pour me chaparder mes graines<hex:021D0103>!","Si je ne plante pas ces graines, je mourrai de faim l'année prochaine<hex:021D0103>! Je t'en prie, <hex:020818E905FF0A>voyageuse<hex:FF09>voyageur<hex:03><hex:021D0103>! Peux-tu récupérer mes graines de riz<hex:021D0103>!?","Aider la paysanne<hex:021D0103>?<hex:02100103><hex:02100103><hex:024804F201F403><hex:024904F201F503>* Le niveau recommandé pour cet ALÉA est <hex:022003E80203>.<hex:0249020103><hex:0248020103>","","Tu veux bien<hex:021D0103>!? Sois béni<hex:020808E905FF02>e<hex:FF01><hex:03><hex:021D0103>! Mets une bonne raclée à ces garnements et rapporte-moi mes graines, s'il te plaît<hex:021D0103>!","","C'est vrai que c'est ma faute, je n'aurais pas dû les laisser me voler mes graines si facilement... Je mangerai le peu de riz qu'il me reste, et arrivée l'année prochaine... J'irai peut-être me jeter du haut d'une falaise, qui sait<hex:021D0103>?",""
332,1,1,1,1,1,1,1,1,0,0,0,0,0,0,0,0,1,1,1,1,1,1,1,1,0,0,0,0,0,0,0,0,0,0,0,0,0,0,0,0,False,False,False,False,False,False,False,False,0,0,0,0,0,0,0,0,"Vous en avez déjà récupéré pas mal, mais je suis sûre qu'il y en avait d'autres. Si jamais vous les retrouvez, merci de me les apporter<hex:021D0103>! Ssss...","","","","","","",""
333,1,1,1,1,1,1,1,1,0,0,0,0,0,0,0,0,1,1,1,1,1,1,1,1,0,0,0,0,0,0,0,0,0,0,0,0,0,0,0,0,False,False,False,False,False,False,False,False,0,3,0,0,0,0,0,0,"Vous alors, on peut dire que vous tombez à pic<hex:021D0103>! J'ai besoin de pierres aiguisées pour fabriquer des pointes de flèches, ça vous dé<hex:02160103>rrran<hex:02160103>ge<hex:02160103>rait de m'aider à en ramasser<hex:021D0103>?","Aider la jeune M<hex:021D0103>?<hex:02100103><hex:02100103><hex:024804F201F403><hex:024904F201F503>* Le niveau recommandé pour cet ALÉA est <hex:022003E80203>.<hex:0249020103><hex:0248020103>","","","Merrrci<hex:021D0103>! On peut en trouver par terre dans les environs, ou en vainquant ces satanés dharas...","","Ah bon<hex:021D0103>? Dommage, on se serait pourrrtant bien <hex:020816E905FF09>amusées<hex:FF08>amusés<hex:03><hex:021D0103>!",""
334,1,1,1,1,1,1,1,1,0,0,0,0,0,0,0,0,1,1,1,1,1,1,1,1,0,0,0,0,0,0,0,0,0,0,0,0,0,0,0,0,False,False,False,False,False,False,False,False,0,2,0,0,0,0,0,0,"Vous avez trrrouvé des pierres aiguisées<hex:021D0103>?","Remettre les objets<hex:021D0103>?","","","Superrr<hex:021D0103>! Taillées, elles feront de belles pointes de flèches.","","Mince... Revenez me voir si vous en trrrouvez<hex:021D0103>!",""
335,1,1,1,1,1,1,1,1,0,0,0,0,0,0,0,0,1,1,1,1,1,1,1,1,0,0,0,0,0,0,0,0,0,0,0,0,0,0,0,0,False,False,False,False,False,False,False,False,0,0,3,0,0,0,0,0,"J'en reviens pas... J'ai jamais vu autant d'œufs<hex:021D0103>! C'est de l'œuf de bucorve ça, j'en mets ma main à couper<hex:021D0103>!","Si on les laisse éclore, ils vont ravager le coin. Tu veux bien m'aider à les ramasser<hex:021D0103>?","Aider le paysan<hex:021D0103>?<hex:02100103><hex:02100103><hex:024804F201F403><hex:024904F201F503>* Le niveau recommandé pour cet ALÉA est <hex:022003E80203>.<hex:0249020103><hex:0248020103>","","T'es prêt<hex:020808E905FF02>e<hex:FF01><hex:03> à me donner un coup de main<hex:021D0103>? Merci, t'es sympa<hex:021D0103>! Tu peux me rapporter les œufs que tu trouveras par terre, mais aussi ceux que feraient tomber les bucorves. Bonne chance<hex:021D0103>!","","Ah<hex:021D0103>? Bon bah, pas grave... Je vais balancer des cailloux et... Non, si je fais ça, les parents vont m'ouvrir la caboche à coups de bec...",""
336,1,1,1,1,1,1,1,1,0,0,0,0,0,0,0,0,1,1,1,1,1,1,1,1,0,0,0,0,0,0,0,0,0,0,0,0,0,0,0,0,False,False,False,False,False,False,False,False,0,0,0,0,0,0,0,0,"J'ai vu les Namazu ramasser mes sacs de graines, mais il y en a qui sont encore à terre, tu peux aussi me rapporter ceux-là. Il me faut de quoi survivre un an, je compte sur toi<hex:021D0103>!","","","","","","",""
337,1,1,1,1,1,1,1,1,0,0,0,0,0,0,0,0,1,1,1,1,1,1,1,1,0,0,0,0,0,0,0,0,0,0,0,0,0,0,0,0,False,False,False,False,False,False,False,False,0,0,0,0,0,0,0,0,"On peut trouver des pierres aiguisées par terre dans les envirrrons, ou en vainquant ces satanés dharas...","","","","","","",""
338,1,1,1,1,1,1,1,1,0,0,0,0,0,0,0,0,1,1,1,1,1,1,1,1,0,0,0,0,0,0,0,0,0,0,0,0,0,0,0,0,False,False,False,False,False,False,False,False,0,2,0,0,0,0,0,0,"Amenez-m'en autant que vous pouvez. Plus j'en ai, mieux c'est<hex:021D0103>!","Remettre les objets<hex:021D0103>?","","","Jamais je n'aurais crrru en avoir autant<hex:021D0103>! Merci beaucoup, <hex:02081DE905FF0D>aventurière<hex:FF0B>aventurier<hex:03>.","","Vous préférez les garder pour vous<hex:021D0103>? Il fallait le dirrre dès le début...",""
339,1,1,1,1,1,1,1,1,0,0,0,0,0,0,0,0,1,1,1,1,1,1,1,1,0,0,0,0,0,0,0,0,0,0,0,0,0,0,0,0,False,False,False,False,False,False,False,False,0,0,0,0,0,0,0,0,"Continuez à m'apporter des pierres aiguisées, mes sœurs seront fièrrres de moi<hex:021D0103>!","","","","","","",""
340,1,1,1,1,1,1,1,1,0,0,0,0,0,0,0,0,1,1,1,1,1,1,1,1,0,0,0,0,0,0,0,0,0,0,0,0,0,0,0,0,False,False,False,False,False,False,False,False,0,2,0,0,0,0,0,0,"Je vous remercie pour votre aide. Je n'arrive pas à croire qu'elles en avaient volé autant<hex:021D0103>! Maudites Qalyanas... Ssss...","","","","Vous en avez déjà récupéré pas mal, mais je suis sûre qu'il y en avait d'autres. Si jamais vous les retrouvez, merci de me les apporter<hex:021D0103>! Ssss...","","Ne me dites pas que vous avez l'intention de vous enfuir avec mes colliers<hex:021D0103>? Ssss...",""
341,1,1,1,1,1,1,1,1,0,0,0,0,0,0,0,0,1,1,1,1,1,1,1,1,0,0,0,0,0,0,0,0,0,0,0,0,0,0,0,0,False,False,False,False,False,False,False,False,0,0,3,0,0,0,0,0,"Vous êtes <hex:020827E905FF12>une sympathisante<hex:FF10>un sympathisant<hex:03> de la résistance mhigoise<hex:021D0103>? Dans ce cas, que diriez-vous de m'accompagner pour ma patrouille de routine<hex:021D0103>?","Je devais être accompagné par un de mes camarades, mais je n'ai pas de nouvelles de lui. Je ne peux pas l'attendre indéfiniment, donc ça m'arrangerait que vous veniez avec moi.","Aider le résistant mhigois<hex:021D0103>?<hex:02100103><hex:02100103><hex:024804F201F403><hex:024904F201F503>* Le niveau recommandé pour cet ALÉA est <hex:022003E80203>.<hex:0249020103><hex:0248020103>","","","","C'est vous qui voyez. Pour ma part, je vais patienter encore un peu...",""
342,1,1,1,1,1,1,1,1,0,0,0,0,0,0,0,0,1,1,1,1,1,1,1,1,0,0,0,0,0,0,0,0,0,0,0,0,0,0,0,0,False,False,False,False,False,False,False,False,0,0,0,0,0,0,0,0,"Les Qalyanas ont sûrement emporté les colliers dans leur base. Faites bien attention aux gardes... Ssss...","","","","","","",""
343,1,1,1,1,1,1,1,1,0,0,0,0,0,0,0,0,1,1,1,1,1,1,1,1,0,0,0,0,0,0,0,0,0,0,0,0,0,0,0,0,False,False,False,False,False,False,False,False,0,0,3,0,0,0,0,0,"Ces fourbes de Qalyanas m'ont volé les précieux colliers que j'avais fabriqués pour mes sœurs<hex:021D0103>! J'ai passé tellement de temps à travailler dessus... Ssss...","J'irais bien les chercher moi-même, mais je ne suis qu'une orfèvre qui ne sait pas se battre... Ami<hex:020808E905FF02>e<hex:FF01><hex:03> humain<hex:020808E905FF02>e<hex:FF01><hex:03>, pourriez-vous aller les récupérer à ma place<hex:021D0103>? Ssss...","Aider l'orfèvre vira<hex:021D0103>?<hex:02100103><hex:02100103><hex:024804F201F403><hex:024904F201F503>* Le niveau recommandé pour cet ALÉA est <hex:022003E80203>.<hex:0249020103><hex:0248020103>","","Quelle générosité<hex:021D0103>! Les Qalyanas ont sûrement emporté les colliers dans leur base, donc soyez <hex:020816E905FF09>prudente<hex:FF08>prudent<hex:03>... Ssss...","","Vous vous dites sûrement que ce problème ne concerne que les Anantas, et vous avez raison. Je vais essayer de récupérer ces colliers moi-même... Ssss...",""
344,1,1,1,1,1,1,1,1,0,0,0,0,0,0,0,0,1,1,1,1,1,1,1,1,0,0,0,0,0,0,0,0,0,0,0,0,0,0,0,0,False,False,False,False,False,False,False,False,0,2,0,0,0,0,0,0,"Oui, ce sont bien les colliers que j'ai fabriqués pour mes sœurs<hex:021D0103>! Ssss...","","","","Grâce à votre aide, je pourrai leur en faire cadeau comme je le voulais. Merci d'avoir donné une leçon aux Qalyanas au passage<hex:021D0103>! Ssss...","","Ne me dites pas que vous avez l'intention de vous enfuir avec mes colliers<hex:021D0103>? Ssss...",""
345,0,0,0,0,0,0,0,0,0,0,0,0,0,0,0,0,1,1,1,1,1,1,1,1,0,0,0,0,0,0,0,0,0,0,0,0,0,0,0,0,False,False,False,False,False,False,False,False,0,3,0,0,0,0,0,0,"Je suis tombé sur un grizzli énorme, mais j'ai réussi à le semer... pour l'instant. S'il me retrouve, je vais me faire manger tout cru<hex:021D0103>! Aidez-moi, s'il vous plaît<hex:021D0103>!","Aider le soldat des Immortels<hex:021D0103>?<hex:02100103><hex:02100103><hex:024804F201F403><hex:024904F201F503>* Le niveau recommandé pour cet ALÉA est <hex:022003E80203>.<hex:0249020103><hex:0248020103>","","","M-merci... Il n'avait vraiment pas l'air commode, donc soyez <hex:020816E905FF09>prudente<hex:FF08>prudent<hex:03><hex:021D0103>!","","Oh non, qu'est-ce que je vais faire...",""
346,1,1,1,1,1,1,1,1,0,0,0,0,0,0,0,0,1,1,1,1,1,1,1,1,0,0,0,0,0,0,0,0,0,0,0,0,0,0,0,0,False,False,False,False,False,False,False,False,0,0,3,0,0,0,0,0,"Vous êtes <hex:020827E905FF12>une sympathisante<hex:FF10>un sympathisant<hex:03> de la résistance mhigoise<hex:021D0103>? Dans ce cas, que diriez-vous de m'accompagner pour ma patrouille de routine<hex:021D0103>?","Je devais être accompagné par un de mes camarades, mais je n'ai pas de nouvelles de lui. Je ne peux pas l'attendre indéfiniment, donc ça m'arrangerait que vous veniez avec moi.","Aider le résistant mhigois<hex:021D0103>?<hex:02100103><hex:02100103><hex:024804F201F403><hex:024904F201F503>* Le niveau recommandé pour cet ALÉA est <hex:022003E80203>.<hex:0249020103><hex:0248020103>","","","","C'est vous qui voyez. Pour ma part, je vais patienter encore un peu...",""
347,0,0,0,0,0,0,0,0,0,0,0,0,0,0,0,0,0,0,0,0,0,0,0,0,0,0,0,0,0,0,0,0,0,0,0,0,0,0,0,0,False,False,False,False,False,False,False,False,0,0,0,0,0,0,0,0,"","","","","","","",""
348,2,2,2,2,2,2,2,2,0,0,0,0,0,0,0,0,1,1,1,1,1,1,1,1,0,0,0,0,0,0,0,0,0,0,0,0,0,0,0,0,False,False,False,False,False,False,False,False,0,3,0,0,0,0,0,0,"Oh<hex:021D0103>! S'il te plaît<hex:021D0103>! Tu m'as l'air de savoir te battre, toi. Tu veux bien m'aider à me débarrasser de ces saletés de Qiqirns qui sont venus pour s'en prendre à mes récoltes<hex:021D0103>?","Aider le fermier<hex:021D0103>?<hex:02100103><hex:02100103><hex:024804F201F403><hex:024904F201F503>* Le niveau recommandé pour cet ALÉA est <hex:022003E80203>.<hex:0249020103><hex:0248020103>","","","","","Non<hex:021D0103>? Tu ne veux pas...<hex:021D0103>? Bon, eh bien, pas le choix. Je vais me débrouiller tout seul...",""
349,1,1,1,1,1,1,1,1,0,0,0,0,0,0,0,0,1,1,1,1,1,1,1,1,0,0,0,0,0,0,0,0,0,0,0,0,0,0,0,0,False,False,False,False,False,False,False,False,0,3,0,0,0,0,0,0,"<hex:02081DE905FF0D>Aventurière<hex:FF0B>Aventurier<hex:03>. Avez-vous déjà entendu parler des lunigères sanguines<hex:021D0103>? Quand ces monstres entrent en période de ponte, leurs écailles se recouvrent d'un poison. La chute de ces dernières entraîne des infections respiratoires qui peuvent être graves. Pourriez-vous nous débarrasser d'eux<hex:021D0103>?","Éliminer les lunigères sanguines<hex:021D0103>?<hex:02100103><hex:02100103><hex:024804F201F403><hex:024904F201F503>* Le niveau recommandé pour cet ALÉA est <hex:022003E80203>.<hex:0249020103><hex:0248020103>","","","","","Vraiment<hex:021D0103>? C'est vrai que ça ne vous concerne aucunement. Que vais-je faire<hex:021D0103>? J'aimerais au moins éviter à mon enfant de respirer ce poison...",""
350,1,1,1,1,1,1,1,1,0,0,0,0,0,0,0,0,1,1,1,1,1,1,1,1,0,0,0,0,0,0,0,0,0,0,0,0,0,0,0,0,False,False,False,False,False,False,False,False,0,3,0,0,0,0,0,0,"La piraterie, ça gagne pas tant que ça en ce moment... Il paraît qu'on peut se faire pas mal d'argent en vendant des coraux à Kugane, tu veux pas m'aider à en récupérer<hex:021D0103>?","Aider la pirate<hex:021D0103>?<hex:02100103><hex:02100103><hex:024804F201F403><hex:024904F201F503>* Le niveau recommandé pour cet ALÉA est <hex:022003E80203>.<hex:0249020103><hex:0248020103>","","","Hé, t'es <hex:020821E905FF0F>une chic fille<hex:FF0D>un chic type<hex:03><hex:021D0103>! On peut trouver des morceaux de corail intacts sur les récifs des environs ou en chassant des coquoraux.","","Tant pis, j'ai l'habitude de me débrouiller.",""
351,1,1,1,1,1,1,1,1,0,0,0,0,0,0,0,0,1,1,1,1,1,1,1,1,0,0,0,0,0,0,0,0,0,0,0,0,0,0,0,0,False,False,False,False,False,False,False,False,0,2,0,0,0,0,0,0,"Oh, tu as trouvé des morceaux de corail intacts<hex:021D0103>? Fais-moi voir ça, vite<hex:021D0103>!","","","","Ouah, ils sont super beaux<hex:021D0103>! Avec ça, je vais pouvoir me remplir les poches à coup sûr. Si tu en trouves d'autres, apporte-les-moi, d'accord<hex:021D0103>?","","Si tu veux m'apporter d'autres morceaux de corail intacts, n'hésite pas<hex:021D0103>!",""
352,1,1,1,1,1,1,1,1,0,0,0,0,0,0,0,0,1,1,1,1,1,1,1,1,0,0,0,0,0,0,0,0,0,0,0,0,0,0,0,0,False,False,False,False,False,False,False,False,0,0,0,0,0,0,0,0,"On peut trouver des morceaux de corail intacts sur les récifs des environs ou en chassant des coquoraux.","","","","","","",""
353,1,1,1,1,1,1,1,1,0,0,0,0,0,0,0,0,1,1,1,1,1,1,1,1,0,0,0,0,0,0,0,0,0,0,0,0,0,0,0,0,False,False,False,False,False,False,False,False,0,2,0,0,0,0,0,0,"Oh, tu as trouvé des morceaux de corail intacts<hex:021D0103>? Fais-moi voir ça, vite<hex:021D0103>!","","","","Ouah, je ne pensais pas que tu en trouverais autant<hex:021D0103>! J'ai de quoi me reconvertir en négociante en corail, ha ha<hex:021D0103>!","","Hein, tu as changé d'avis<hex:021D0103>? Mais qu'est-ce que tu vas faire de tout ce corail<hex:021D0103>? Allez, donne-moi tout ça...",""
354,1,1,1,1,1,1,1,1,0,0,0,0,0,0,0,0,1,1,1,1,1,1,1,1,0,0,0,0,0,0,0,0,0,0,0,0,0,0,0,0,False,False,False,False,False,False,False,False,0,0,0,0,0,0,0,0,"J'ai pas l'intention de faire de vieux os ici, donc si tu as encore des morceaux de corail, donne-les-moi maintenant<hex:021D0103>!","","","","","","",""
355,1,1,1,1,1,1,1,1,0,0,0,0,0,0,0,0,1,1,1,1,1,1,1,1,0,0,0,0,0,0,0,0,0,0,0,0,0,0,0,0,False,False,False,False,False,False,False,False,0,0,0,0,0,0,0,0,"Tu peux me rapporter les œufs que tu trouveras par terre, mais aussi ceux que feraient tomber les bucorves. Bonne chasse aux œufs<hex:021D0103>!","","","","","","",""
356,0,0,0,0,0,0,0,0,0,0,0,0,0,0,0,0,0,0,0,0,0,0,0,0,0,0,0,0,0,0,0,0,0,0,0,0,0,0,0,0,False,False,False,False,False,False,False,False,0,0,0,0,0,0,0,0,"","","","","","","",""
357,0,0,0,0,0,0,0,0,0,0,0,0,0,0,0,0,0,0,0,0,0,0,0,0,0,0,0,0,0,0,0,0,0,0,0,0,0,0,0,0,False,False,False,False,False,False,False,False,0,0,0,0,0,0,0,0,"","","","","","","",""
358,1,1,1,1,1,1,1,1,0,0,0,0,0,0,0,0,1,1,1,1,1,1,1,1,0,0,0,0,0,0,0,0,0,0,0,0,0,0,0,0,False,False,False,False,False,False,False,False,0,2,0,0,0,0,0,0,"Dis-moi que tu as récupéré quelques-uns de mes sacs de graines de riz...","","","","Oh<hex:021D0103>! Merci<hex:021D0103>! Merci<hex:021D0103>! J'ai eu de la chance que tu passes par là<hex:021D0103>!","","Tu ne veux pas me les donner<hex:021D0103>? Tu n'as quand même pas l'intention de m'aider à les planter après, si<hex:021D0103>?",""
359,1,1,1,1,1,1,1,1,0,0,0,0,0,0,0,0,1,1,1,1,1,1,1,1,0,0,0,0,0,0,0,0,0,0,0,0,0,0,0,0,False,False,False,False,False,False,False,False,0,2,0,0,0,0,0,0,"Tu m'apportes des œufs de bucorve<hex:021D0103>? Parfait<hex:021D0103>! Fais-moi voir ça<hex:021D0103>!","","","","Génial<hex:021D0103>! Plus tu m'en rapportes et moins on aura de soucis au moment où ils écloront<hex:021D0103>! Et je te parle même pas de l'omelette que je compte en faire<hex:021D0103>!","","Tu veux garder tes œufs de bucorve pour te faire une omelette<hex:021D0103>? Les grands esprits se rencontrent...",""
360,1,1,1,1,1,1,1,1,0,0,0,0,0,0,0,0,1,1,1,1,1,1,1,1,0,0,0,0,0,0,0,0,0,0,0,0,0,0,0,0,False,False,False,False,False,False,False,False,0,2,0,0,0,0,0,0,"Avec ce que tu m'as rapporté, je ne devrais pas mourir de faim<hex:021D0103>! Cependant, si tu peux m'en ramener quelques-uns de plus, je ne dis pas non.","","","","Magnifique<hex:021D0103>! Avec tout ça, je pourrai même partager ma récolte avec ceux qui auront eu moins de chance que moi<hex:021D0103>! Merci infiniment<hex:021D0103>!","","Tu ne veux pas me les donner<hex:021D0103>? Tu n'as quand même pas l'intention de m'aider à les planter après, si<hex:021D0103>?",""
361,1,1,1,1,1,1,1,1,0,0,0,0,0,0,0,0,1,1,1,1,1,1,1,1,0,0,0,0,0,0,0,0,0,0,0,0,0,0,0,0,False,False,False,False,False,False,False,False,0,2,0,0,0,0,0,0,"Il te reste encore des œufs<hex:021D0103>? Je prends, je prends<hex:021D0103>!","","","","Si tu en récupères d'autres, hésite pas à me les rapporter<hex:021D0103>! Les bucorves devraient plus nous poser de problèmes, mais il y a pas de limite à la taille de mon omelette<hex:021D0103>!","","Tu veux garder tes œufs de bucorve pour te faire une omelette<hex:021D0103>? Les grands esprits se rencontrent...",""
362,1,1,1,1,1,1,1,1,0,0,0,0,0,0,0,0,1,1,1,1,1,1,1,1,0,0,0,0,0,0,0,0,0,0,0,0,0,0,0,0,False,False,False,False,False,False,False,False,0,0,3,0,0,0,0,0,"Salut, toi. Oh, mais t'es <hex:02081DE905FF0D>aventurière<hex:FF0B>aventurier<hex:03><hex:021D0103>! Tu vas pouvoir m'aider<hex:021D0103>! J'suis marchand itinérant, mais mes stocks sont quasiment vides<hex:021D0103>!","Il me faut des plumes de griffon. L'armée de libération d'Ala Mhigo m'en a commandé énormément, ils en utilisent des quantités incroyables pour faire leurs flèches. Mal<hex:02160103>heu<hex:02160103>reu<hex:02160103>se<hex:02160103>ment, j'en ai pas autant sous la main.","Aider le marchand<hex:021D0103>?<hex:02100103><hex:02100103><hex:024804F201F403><hex:024904F201F503>* Le niveau recommandé pour cet ALÉA est <hex:022003E80203>.<hex:0249020103><hex:0248020103>","","Ah<hex:021D0103>! Parfait<hex:021D0103>! Tu m'retires une belle épine du pied<hex:021D0103>! Pour en obtenir, tu peux récupérer celles qui traînent par terre, ou alors aller chasser des vrais griffons. À toi de voir si t'es assez téméraire<hex:021D0103>!","","Bah, j'vais pas te forcer non plus. Fais comme tu veux.",""
363,1,1,1,1,1,1,1,1,0,0,0,0,0,0,0,0,1,1,1,1,1,1,1,1,0,0,0,0,0,0,0,0,0,0,0,0,0,0,0,0,False,False,False,False,False,False,False,False,0,0,0,0,0,0,0,0,"Alors ces plumes de griffon, c'en est où<hex:021D0103>? Tu peux récupérer celles qui traînent par terre, ou alors aller chasser des vrais griffons. À toi de voir si t'es assez téméraire<hex:021D0103>!","","","","","","",""
364,1,1,1,1,1,1,1,1,0,0,0,0,0,0,0,0,1,1,1,1,1,1,1,1,0,0,0,0,0,0,0,0,0,0,0,0,0,0,0,0,False,False,False,False,False,False,False,False,0,2,0,0,0,0,0,0,"Allez, file-moi les plumes de griffon que t'as réussi à récupérer.","","","","Voilà, c'est ça que je veux<hex:021D0103>! De la plume de griffon de qualité<hex:021D0103>!","","Tu veux pas<hex:021D0103>? T'as l'intention de tout me donner d'un coup<hex:021D0103>?",""
365,1,1,1,1,1,1,1,1,0,0,0,0,0,0,0,0,1,1,1,1,1,1,1,1,0,0,0,0,0,0,0,0,0,0,0,0,0,0,0,0,False,False,False,False,False,False,False,False,0,0,0,0,0,0,0,0,"N'aie pas peur d'en ramasser un bon paquet, j'en aurai jamais de trop<hex:021D0103>! Si t'en trouves plus par terre, chasse des vrais griffons<hex:021D0103>!","","","","","","",""
366,1,1,1,1,1,1,1,1,0,0,0,0,0,0,0,0,1,1,1,1,1,1,1,1,0,0,0,0,0,0,0,0,0,0,0,0,0,0,0,0,False,False,False,False,False,False,False,False,0,2,0,0,0,0,0,0,"J'vais pas tarder à y aller. Si y t'reste encore des plumes, c'est le moment de me les donner.","","","","Voilà, c'est ça que je veux<hex:021D0103>! De la plume de qualité<hex:021D0103>!","","J'vais bientôt livrer l'armée de libération, alors oublie pas de me donner les plumes de griffon qui te reste.",""
367,1,1,1,1,1,1,1,1,0,0,0,0,0,0,0,0,1,1,1,1,1,1,1,1,0,0,0,0,0,0,0,0,0,0,0,0,0,0,0,0,False,False,False,False,False,False,False,False,0,0,3,0,0,0,0,0,"<hex:020870E1E93501FF68><hex:022B53FF51><hex:02084DE1E93501FF45><hex:020841E905FF1F><hex:02281BFF16>GCRankLimsaFemaleText<hex:E9350103><hex:FF1D><hex:022819FF14>GCRankLimsaMaleText<hex:E9350103><hex:03><hex:FF01><hex:03><hex:03> <hex:022C0DFF07><hex:022903EB0203><hex:FF02> <hex:0303><hex:FF01><hex:03><hex:020876E1E93601FF6E><hex:022B59FF57><hex:020853E1E93601FF4B><hex:020847E905FF22><hex:02281EFF19>GCRankGridaniaFemaleText<hex:E9360103><hex:FF20><hex:02281CFF17>GCRankGridaniaMaleText<hex:E9360103><hex:03><hex:FF01><hex:03><hex:03> <hex:022C0DFF07><hex:022903EB0203><hex:FF02> <hex:0303><hex:FF01><hex:03><hex:020870E1E93701FF68><hex:022B53FF51><hex:02084DE1E93701FF45><hex:020841E905FF1F><hex:02281BFF16>GCRankUldahFemaleText<hex:E9370103><hex:FF1D><hex:022819FF14>GCRankUldahMaleText<hex:E9370103><hex:03><hex:FF01><hex:03><hex:03> <hex:022C0DFF07><hex:022903EB0203><hex:FF02> <hex:0303><hex:FF01><hex:03><hex:021D0103>! Voulez-vous participer avec nous à l'en<hex:02160103>traî<hex:02160103>ne<hex:02160103>ment commun des troupes de l'Alliance<hex:021D0103>?","Nous étions justement en train de nous demander quel bataillon allait servir d'ennemi, mais vous remplirez ce rôle mieux que quiconque<hex:021D0103>!","Participer à l'en<hex:02160103>traî<hex:02160103>ne<hex:02160103>ment<hex:021D0103>?<hex:02100103><hex:02100103><hex:024804F201F403><hex:024904F201F503>* Le niveau recommandé pour cet ALÉA est <hex:022003E80203>.<hex:0249020103><hex:0248020103>","","","","Nous savons tous que vous êtes <hex:020835E905FF19>une femme très occupée<hex:FF17>un homme très occupé<hex:03>. Venez vous entraîner avec nous quand vous le voulez<hex:021D0103>!",""
368,2,2,2,2,2,2,2,2,0,0,0,0,0,0,0,0,1,1,1,1,1,1,1,1,0,0,0,0,0,0,0,0,0,0,0,0,0,0,0,0,False,False,False,False,False,False,False,False,0,0,0,0,0,0,0,0,"Nous sommes en pleine séance d'en<hex:02160103>traî<hex:02160103>ne<hex:02160103>ment. Les aventuriers qui souhaitent se joindre à nous sont les bienvenus<hex:021D0103>!","","","","","","",""
369,0,0,0,0,0,0,0,0,0,0,0,0,0,0,0,0,1,1,1,1,1,1,1,1,0,0,0,0,0,0,0,0,0,0,0,0,0,0,0,0,False,False,False,False,False,False,False,False,0,3,0,0,0,0,0,0,"Quelle chance de vous rencontrer ici<hex:021D0103>! Je suis encerclé par ces sales bêtes, et j'aurais bien besoin d'un petit coup de main...","Aider le résistant mhigois<hex:021D0103>?<hex:02100103><hex:02100103><hex:024804F201F403><hex:024904F201F503>* Le niveau recommandé pour cet ALÉA est <hex:022003E80203>.<hex:0249020103><hex:0248020103>","","","","","Si vous n'avez pas envie de vous battre, je vous conseille de vous éloigner. Même seul, j'ai bien l'intention de me défendre<hex:021D0103>!",""
370,1,1,1,1,1,1,1,1,0,0,0,0,0,0,0,0,1,1,1,1,1,1,1,1,0,0,0,0,0,0,0,0,0,0,0,0,0,0,0,0,False,False,False,False,False,False,False,False,0,0,3,0,0,0,0,0,"Je me suis fait attaquer par un fourrrmilion alors que j'étais en train de chasser. Heurrreusement, on dirait que j'ai réussi à lui échapper pour l'instant...","Si on laisse cette horreur s'installer sur notrrre territoire, on ne pourra bientôt plus chasser tranquille... Dites, vous ne voudrrriez pas m'aider à le repousser<hex:021D0103>?","Aider la chasseuse des M<hex:021D0103>?<hex:02100103><hex:02100103><hex:024804F201F403><hex:024904F201F503>* Le niveau recommandé pour cet ALÉA est <hex:022003E80203>.<hex:0249020103><hex:0248020103>","","","","Je vous comprrrends, n'importe qui ferait dans son pantalon devant un monstre aussi énorrrme...",""
371,1,1,1,0,0,0,0,0,0,0,0,0,0,0,0,0,1,1,1,1,1,1,1,1,0,0,0,0,0,0,0,0,0,0,0,0,0,0,0,0,False,False,False,False,False,False,False,False,0,0,3,0,0,0,0,0,"J'ai un message important à faire parvenir à mes supérieurs, mais avec tous ces monstres, je ne sais pas si je vais réussir à traverser cette rivière...","Je ne sais pas si vous avez le temps mais ça serait vraiment chic de votre part de me donner un coup de main<hex:021D0103>!","Aider le messager du Maelstrom<hex:021D0103>?<hex:02100103><hex:02100103><hex:024804F201F403><hex:024904F201F503>* Le niveau recommandé pour cet ALÉA est <hex:022003E80203>.<hex:0249020103><hex:0248020103>","","","","Vraiment...<hex:021D0103>? Gloups...",""
372,1,1,1,1,1,1,1,1,0,0,0,0,0,0,0,0,1,1,1,1,1,1,1,1,0,0,0,0,0,0,0,0,0,0,0,0,0,0,0,0,False,False,False,False,False,False,False,False,0,3,0,0,0,0,0,0,"Ces sales Kojin se sont ramenés avec des raies rayées pour s'approprier nos provisions<hex:021D0103>! Tu veux pas nous filer un coup de main pour les envoyer paître<hex:021D0103>?","Aider le pirate blessé<hex:021D0103>?<hex:02100103><hex:02100103><hex:024804F201F403><hex:024904F201F503>* Le niveau recommandé pour cet ALÉA est <hex:022003E80203>.<hex:0249020103><hex:0248020103>","","","","","Sympa, dis donc<hex:021D0103>! Tu pourrais au moins avoir pitié de moi...",""
373,1,1,1,1,1,1,1,1,0,0,0,0,0,0,0,0,1,1,1,1,1,1,1,1,0,0,0,0,0,0,0,0,0,0,0,0,0,0,0,0,False,False,False,False,False,False,False,False,0,3,0,0,0,0,0,0,"J'ai l'impression qu'on nous observe... Je suis sûr que c'est ces satanés Qiqirns, la montagne en pullule. Tu veux bien garder un œil ouvert sur le trajet, s'ils ne te font pas peur<hex:021D0103>?","Aider cet homme<hex:021D0103>?<hex:02100103><hex:02100103><hex:024804F201F403><hex:024904F201F503>* Le niveau recommandé pour cet ALÉA est <hex:022003E80203>.<hex:0249020103><hex:0248020103>","","","","","Ils t'effraient toi aussi<hex:021D0103>? Pas grave. C'est sûrement mon imagination qui me joue des tours, mais je vais rester un moment ici, on ne sait jamais.",""
374,0,0,0,0,0,0,0,0,0,0,0,0,0,0,0,0,1,1,1,1,1,1,1,1,0,0,0,0,0,0,0,0,0,0,0,0,0,0,0,0,False,False,False,False,False,False,False,False,0,0,3,0,0,0,0,0,"Quelqu'un m'a trouvé<hex:021D0103>! Rhalgr a exaucé ma prière<hex:021D0103>! J'ai attendu si longtemps<hex:021D0103>!","Une volée de kongamato a fondu sur moi<hex:021D0103>! Ils m'ont blessé et je n'arrive plus du tout à bouger. Aide-moi<hex:021D0103>! Je t'en supplie<hex:021D0103>!","Aider cet homme<hex:021D0103>?<hex:02100103><hex:02100103><hex:024804F201F403><hex:024904F201F503>* Le niveau recommandé pour cet ALÉA est <hex:022003E80203>.<hex:0249020103><hex:0248020103>","","","","T-tu vas me laisser là sans rien faire<hex:021D0103>!? Non... non... non...",""
375,1,1,1,1,1,1,1,1,0,0,0,0,0,0,0,0,1,1,1,1,1,1,1,1,0,0,0,0,0,0,0,0,0,0,0,0,0,0,0,0,False,False,False,False,False,False,False,False,0,0,0,3,0,0,0,0,"Mon nom est Senban<hex:021D0103>! Je suis un samouraï de Hingashi, parcourant le monde à la recherche d'adversaires toujours plus puissants pour parfaire mon ap<hex:02160103>pren<hex:02160103>tis<hex:02160103>sage. Au cours de mon voyage, j'ai appris qu'un démon se cacherait ici, près du Compas de l'Hirondelle. J'ai donc l'intention de l'anéantir.","On m'a raconté qu'un prêtre onmyo malfaisant aurait offert un souffle de vie à un épouvantail. Cette existence, bien qu'éphémère, serait un vrai fléau pour les fermiers dont les champs se sont vu saccager par cette monstruosité."," Accepterais-tu de m'épauler afin de pourfendre cette vile créature<hex:021D0103>?","Aider Senban<hex:021D0103>?<hex:02100103><hex:02100103><hex:024804F201F403><hex:024904F201F503>* Le niveau recommandé pour cet ALÉA est <hex:022003E80203>.<hex:0249020103><hex:0248020103>","","","Je pensais avoir vu en toi l'aura d'<hex:020820E905FF0F>une guerrière<hex:FF0C>un guerrier<hex:03>. Il semblerait que j'ai fait erreur.",""
376,0,0,0,0,0,0,0,0,0,0,0,0,0,0,0,0,1,1,1,1,1,1,1,1,0,0,0,0,0,0,0,0,0,0,0,0,0,0,0,0,False,False,False,False,False,False,False,False,0,0,3,0,0,0,0,0,"Camarade<hex:021D0103>! Aide-moi<hex:021D0103>! J'étais en mission de recon<hex:02160103>nais<hex:02160103>san<hex:02160103>ce... quand une nuée de chapulis a bondi sur moi. Je m'en suis à peine sorti...","Comble de malchance, j'ai égaré mon arme en essayant de fuir... Il faut les abattre<hex:021D0103>! Sinon ils me suivront jusqu'au campement et le dévasteront<hex:021D0103>! Aide-moi, je t'en prie<hex:021D0103>!","Aider ce soldat<hex:021D0103>?<hex:02100103><hex:02100103><hex:024804F201F403><hex:024904F201F503>* Le niveau recommandé pour cet ALÉA est <hex:022003E80203>.<hex:0249020103><hex:0248020103>","","","","Non...<hex:021D0103>? Alors... Alors c'est la fin...",""
377,0,0,0,0,0,0,0,0,0,0,0,0,0,0,0,0,0,0,0,0,0,0,0,0,0,0,0,0,0,0,0,0,0,0,0,0,0,0,0,0,False,False,False,False,False,False,False,False,0,0,0,0,0,0,0,0,"","","","","","","",""
378,1,1,1,1,1,1,1,1,0,0,0,0,0,0,0,0,1,1,1,1,1,1,1,1,0,0,0,0,0,0,0,0,0,0,0,0,0,0,0,0,False,False,False,False,False,False,False,False,0,0,3,0,0,0,0,0,"<hex:02081BE905FF0C>Étrangère<hex:FF0A>Étranger<hex:03>, tu dois m'aider<hex:021D0103>! Il y a une meute de gedans qui rôde dans les environs... J'ai peur qu'ils en aient après mon hainag...","Il a l'air fort et costaud comme ça, mais il ne sait pas se défendre... Si les gedans attaquent, est-ce que tu pourrais le protéger<hex:021D0103>?","Défendre le hainag<hex:021D0103>?<hex:02100103><hex:02100103><hex:024804F201F403><hex:024904F201F503>* Le niveau recommandé pour cet ALÉA est <hex:022003E80203>.<hex:0249020103><hex:0248020103>","","Aaah, ils arrivent<hex:021D0103>! Les gedans<hex:021D0103>!","","M-mais s'il n'y a personne pour le défendre, mon hainag chéri va se faire... Lui que j'ai élevé avec amour...",""
379,1,1,1,1,1,1,1,1,0,0,0,0,0,0,0,0,1,1,1,1,1,1,1,1,0,0,0,0,0,0,0,0,0,0,0,0,0,0,0,0,False,False,False,False,False,False,False,False,0,0,3,0,0,0,0,0,"<hex:020821E905FF0F>Aventuuurière<hex:FF0D>Aventuuurier<hex:03><hex:021D0103>! Les méchants Qiqirns vouloir croc croc ami de Mimiroon touuut cruuu<hex:021D0103>! Toi devoir aider<hex:021D0103>!","<hex:020821E905FF0F>Aventuuurière<hex:FF0D>Aventuuurier<hex:03> suivre Mimiroon. Mimiroon guider jusqu'à méchants Qiqirns. Tant d'inquiétuuude... donner envie de miam miam à Mimiroon<hex:021D0103>!","Aider Mimiroon à sauver son ami<hex:021D0103>?<hex:02100103><hex:02100103><hex:024804F201F403><hex:024904F201F503>* Le niveau recommandé pour cet ALÉA est <hex:022003E80203>.<hex:0249020103><hex:0248020103>","","","","Mimiroon être touuut triste... Être triste... donner faim à Mimiroon...",""
380,1,1,1,1,1,1,1,1,0,0,0,0,0,0,0,0,1,1,1,1,1,1,1,1,0,0,0,0,0,0,0,0,0,0,0,0,0,0,0,0,False,False,False,False,False,False,False,False,0,0,3,0,0,0,0,0,"<hex:020818E905FF0A>Voyageuse<hex:FF09>Voyageur<hex:03>, j'ai besoin de ton aide<hex:021D0103>! Je me suis fait rouler dans la farine par une bande de brutes ura<hex:021D0103>! Ils m'ont pris mes peaux de bêtes et ne m'ont rien donné en échange...","Ces peaux étaient la seule richesse de ma famille. Si je ne punis pas ces sales escrocs, je perdrai la face auprès des miens. J'aimerais leur demander des comptes, mais j'ai peur de me faire ratatiner tout seul... Tu veux bien m'accompagner<hex:021D0103>?","Prêter main-forte au jeune Oronir<hex:021D0103>?<hex:02100103><hex:02100103><hex:024804F201F403><hex:024904F201F503>* Le niveau recommandé pour cet ALÉA est <hex:022003E80203>.<hex:0249020103><hex:0248020103>","","","","Je vois... Après tout, c'est ma faute, j'aurais dû être plus vigilant. Il va quand même falloir que je règle cette affaire, seul s'il le faut...",""
381,1,1,1,1,1,1,1,1,0,0,0,0,0,0,0,0,1,1,1,1,1,1,1,1,0,0,0,0,0,0,0,0,0,0,0,0,0,0,0,0,False,False,False,False,False,False,False,False,0,0,3,0,0,0,0,0,"Hé, regarde un peu le vieux samouraï, là-bas. Paraît qu'il est venu de Koshu exprès pour trouver des partenaires d'en<hex:02160103>traî<hex:02160103>ne<hex:02160103>ment<hex:021D0103>!","Tous les pirates l'ignorent, donc il me fait un peu de peine... Dis, tu as l'air de savoir te défendre, non<hex:021D0103>? Et si tu l'affrontais<hex:021D0103>?","Affronter le samouraï<hex:021D0103>?<hex:02100103><hex:02100103><hex:024804F201F403><hex:024904F201F503>* Le niveau recommandé pour cet ALÉA est <hex:022003E80203>.<hex:0249020103><hex:0248020103>","","Ce vieil homme ne paye pas de mine, mais mon petit doigt me dit que ça va être intéressant...","","Toi aussi<hex:021D0103>? Décidément, ce vieil homme n'a vraiment pas de chance...",""
382,1,1,1,1,1,0,0,0,0,0,0,0,0,0,0,0,1,1,1,1,1,1,1,1,0,0,0,0,0,0,0,0,0,0,0,0,0,0,0,0,False,False,False,False,False,False,False,False,0,0,3,0,0,0,0,0,"J'ai encore fait le plein de poissons aujourd'hui<hex:021D0103>! Mais les méchants koja m'embêtent... Ils m'en chapardent toujours sur le chemin du retour...","Je ne suis pas très doué pour me battre. Voudrais-tu bien m'aider <hex:020818E905FF0A>voyageuse<hex:FF09>voyageur<hex:03><hex:021D0103>? Je te couvrirai de louanges si tu empêches les koja de voler mon poisson<hex:021D0103>!","Aider le Namazu<hex:021D0103>?<hex:02100103><hex:02100103><hex:024804F201F403><hex:024904F201F503>* Le niveau recommandé pour cet ALÉA est <hex:022003E80203>.<hex:0249020103><hex:0248020103>","","","","Q-q-quoi<hex:021D0103>!? Quel cœur de pierre<hex:021D0103>! Puisque c'est comme ça, je garde mes louanges pour moi<hex:021D0103>! Na<hex:021D0103>!",""
383,1,1,1,1,1,1,1,1,0,0,0,0,0,0,0,0,1,1,1,1,1,1,1,1,0,0,0,0,0,0,0,0,0,0,0,0,0,0,0,0,False,False,False,False,False,False,False,False,3,0,0,0,0,0,0,0,"Aider Altani à traire ses brebis<hex:021D0103>?<hex:02100103><hex:02100103><hex:024804F201F403><hex:024904F201F503>* Le niveau recommandé pour cet ALÉA est <hex:022003E80203>.<hex:0249020103><hex:0248020103>","","","","","","キャンセル",""
384,1,1,1,1,1,1,1,1,0,0,0,0,0,0,0,0,1,1,1,1,1,1,1,1,0,0,0,0,0,0,0,0,0,0,0,0,0,0,0,0,False,False,False,False,False,False,False,False,0,2,0,0,0,0,0,0,"Tu as du lait pour moi<hex:021D0103>?","","","","Merci.","","Apporte-moi du lait, s'il te plaît.",""
385,1,1,1,1,1,1,1,1,0,0,0,0,0,0,0,0,1,1,1,1,1,1,1,1,0,0,0,0,0,0,0,0,0,0,0,0,0,0,0,0,False,False,False,False,False,False,False,False,0,3,0,0,0,0,0,0,"Alors qu'on était en train de faire le tri dans notre butin, on a trouvé une espèce de monstre dégoûtant dans la cale<hex:021D0103>! Tu veux pas nous en débarrasser<hex:021D0103>?","Aider le pirate<hex:021D0103>?<hex:02100103><hex:02100103><hex:024804F201F403><hex:024904F201F503>* Le niveau recommandé pour cet ALÉA est <hex:022003E80203>.<hex:0249020103><hex:0248020103>","","","Ha ha, je savais que je m'adressais à la bonne personne<hex:021D0103>! Merci, <hex:02081DE905FF0D>aventurière<hex:FF0B>aventurier<hex:03>, et à toi de jouer<hex:021D0103>!","","Euh... Et qu'est-ce qu'on va faire avec ce truc dégueulasse, nous<hex:021D0103>? Si ce monstre s'énerve et tue tout le monde, ça sera sur ta conscience<hex:021D0103>!",""
386,1,1,1,1,1,1,1,1,0,0,0,0,0,0,0,0,1,1,1,1,1,1,1,1,0,0,0,0,0,0,0,0,0,0,0,0,0,0,0,0,False,False,False,False,False,False,False,False,0,0,3,0,0,0,0,0,"(souffle)... (souffle)... A-aide-moi... Des brigands m'ont attaqué. J'ai réussi à fuir, mais ils sont sur mes traces... Ahh... Ils ont pas hésité à s'en prendre à l'un des leurs, les moins-que-rien...","Je peux pas les laisser me suivre jusqu'au village. Ils le mettraient à sac. Tu veux bien m'aider à les vaincre<hex:021D0103>? Bien sûr, je serai à tes côtés<hex:021D0103>!","Aider le Lupin<hex:021D0103>?<hex:02100103><hex:02100103><hex:024804F201F403><hex:024904F201F503>* Le niveau recommandé pour cet ALÉA est <hex:022003E80203>.<hex:0249020103><hex:0248020103>","","","","Tu sais te battre, non<hex:021D0103>!? Tu ne veux pas apporter un peu de justice dans ce monde de brutes<hex:021D0103>!? Tu ne vaux pas mieux qu'eux...",""
387,1,1,1,1,1,1,1,1,0,0,0,0,0,0,0,0,1,1,1,1,1,1,1,1,0,0,0,0,0,0,0,0,0,0,0,0,0,0,0,0,False,False,False,False,False,False,False,False,0,3,0,0,0,0,0,0,"...","Il a besoin d'un coup de main pour expulser un arnaqueur... Aider le marchand qestir<hex:021D0103>?<hex:02100103><hex:02100103><hex:024804F201F403><hex:024904F201F503>* Le niveau recommandé pour cet ALÉA est <hex:022003E80203>.<hex:0249020103><hex:0248020103>","","","","","...",""
388,1,1,1,1,1,1,1,1,0,0,0,0,0,0,0,0,1,1,1,1,1,1,1,1,0,0,0,0,0,0,0,0,0,0,0,0,0,0,0,0,False,False,False,False,False,False,False,False,0,0,0,0,0,0,0,0,"Dans ce monde, c'est duper ou être dupé<hex:021D0103>! Pourquoi personne ne veut comprendre ça<hex:021D0103>?","","","","","","",""
389,1,1,1,1,1,1,1,1,0,0,0,0,0,0,0,0,1,1,1,1,1,1,1,1,0,0,0,0,0,0,0,0,0,0,0,0,0,0,0,0,False,False,False,False,False,False,False,False,0,3,0,0,0,0,0,0,"Les Rouges nous ont volé notre butiiiin<hex:021D0103>! Je suis venu pour essayer de reprendre ce qui nous appartient, mais je n'y arriverai jamais tout seuuuul<hex:021D0103>! Pourrais-tu m'aider à ramasser tous ces cooooffres<hex:021D0103>?","Aider le Kojin<hex:021D0103>?<hex:02100103><hex:02100103><hex:024804F201F403><hex:024904F201F503>* Le niveau recommandé pour cet ALÉA est <hex:022003E80203>.<hex:0249020103><hex:0248020103>","","","C'est vrai, tu veux bien m'aideeeer<hex:021D0103>? C'est chic de ta paaaart<hex:021D0103>! Tu pourras trouver des coffres par terre chez les Rouges, ou bien en vainquant ces affreuuuux<hex:021D0103>!","","Ooooh... Bon, je crois qu'il y a des moments où il faut savoir abandonneeeer...",""
390,1,1,1,1,1,1,1,1,0,0,0,0,0,0,0,0,1,1,1,1,1,1,1,1,0,0,0,0,0,0,0,0,0,0,0,0,0,0,0,0,False,False,False,False,False,False,False,False,0,2,0,0,0,0,0,0,"As-tu mis la main sur quelques cooooffres<hex:021D0103>?","","","","Oh, merci beaucouuuup<hex:021D0103>! Je suis sûr qu'il y en a encore, si tu veux me consacrer encore un peu de ton teeeemps...","","Merci de m'apporter les coffres que tu trouveraaaas<hex:021D0103>!",""
391,1,1,1,1,1,1,1,1,0,0,0,0,0,0,0,0,1,1,1,1,1,1,1,1,0,0,0,0,0,0,0,0,0,0,0,0,0,0,0,0,False,False,False,False,False,False,False,False,0,0,0,0,0,0,0,0,"Tu pourras trouver des coffres par terre chez les Rouges, ou bien en vainquant ces affreuuuux<hex:021D0103>!","","","","","","",""
392,1,1,1,1,1,1,1,1,0,0,0,0,0,0,0,0,1,1,1,1,1,1,1,1,0,0,0,0,0,0,0,0,0,0,0,0,0,0,0,0,False,False,False,False,False,False,False,False,0,2,0,0,0,0,0,0,"Où en es-tu, avec ces cooooffres<hex:021D0103>?","","","","Magnifiiiique<hex:021D0103>! Tu as réussi à en retrouver bien plus que je ne l'espéraiiiis<hex:021D0103>! Mille mercis, <hex:02081AE905FF0B>humaiiiine<hex:FF0A>humaiiiin<hex:03>.","","Je vais bientôt devoir rentreeeer... Si tu as des coffres, merci de me les confieeeer<hex:021D0103>!",""
393,1,1,1,1,1,1,1,1,0,0,0,0,0,0,0,0,1,1,1,1,1,1,1,1,0,0,0,0,0,0,0,0,0,0,0,0,0,0,0,0,False,False,False,False,False,False,False,False,0,0,0,0,0,0,0,0,"Je vais bientôt devoir rentreeeer... Si tu as des coffres, merci de me les confieeeer<hex:021D0103>!","","","","","","",""
394,2,2,2,2,2,2,2,2,0,0,0,0,0,0,0,0,1,1,1,1,1,1,1,1,0,0,0,0,0,0,0,0,0,0,0,0,0,0,0,0,False,False,False,False,False,False,False,False,0,3,0,0,0,0,0,0,"Ouah, je l'ai échappé belle... Je promenais mes brebis quand des Buduga armés ont voulu me forcer à les suivre. J'ai réussi à m'enfuir, mais ils sont à ma recherche... S'ils reviennent, tu veux bien t'occuper d'eux<hex:021D0103>?","Aider le berger mol<hex:021D0103>?<hex:02100103><hex:02100103><hex:024804F201F403><hex:024904F201F503>* Le niveau recommandé pour cet ALÉA est <hex:022003E80203>.<hex:0249020103><hex:0248020103>","","","... Oh non, les revoilà<hex:021D0103>! Ne les laisse pas m'enlever, je ne veux pas devenir un Buduga<hex:021D0103>!","","Tu sais qu'ils obligent tous leurs prisonniers à rejoindre leur tribu<hex:021D0103>? Et malgré ça, tu les laisserais m'enlever<hex:021D0103>?",""
395,2,2,2,2,2,2,2,2,0,0,0,0,0,0,0,0,1,1,1,1,1,1,1,1,0,0,0,0,0,0,0,0,0,0,0,0,0,0,0,0,False,False,False,False,False,False,False,False,0,0,0,0,0,0,0,0,"C'est un message laissé par Anselot, l'ancien scribe de la famille royale mhigoise<hex:021D0103>: “Depuis que l'Empire condamne toute activité ayant trait à la religion, je suis obligé de vivre caché dans ce mausolée...”","Le Chant des Rois... Ici reposent les âmes des plus grands monarques d'Ala Mhigo. Quelle tristesse de constater qu'un lieu aussi solennel est aujourd'hui dans un tel état de décrépitude...“","","","","","",""
396,2,2,2,2,2,2,2,2,0,0,0,0,0,0,0,0,1,1,1,1,1,1,1,1,0,0,0,0,0,0,0,0,0,0,0,0,0,0,0,0,False,False,False,False,False,False,False,False,0,0,0,0,0,0,0,0,"“J'aperçois çà et là des esprits errants, sans doute les âmes de défunts dont la cérémonie funéraire n'a pu être achevée à cause de l'in<hex:02160103>ter<hex:02160103>dic<hex:02160103>tion garlemaldaise. Ils sont prisonniers de ce monde, mus par la rancœur d'avoir été abandonnés par les leurs...","J'ai bien essayé d'apaiser leurs tourments, en vain... Me voilà contraint de les fuir, de peur que mon âme n'aille grossir leurs rangs...“","","","","","",""
397,2,2,2,2,2,2,2,2,0,0,0,0,0,0,0,0,1,1,1,1,1,1,1,1,0,0,0,0,0,0,0,0,0,0,0,0,0,0,0,0,False,False,False,False,False,False,False,False,0,0,0,0,0,0,0,0,"“Ma chance a fini par tourner... Je suis grièvement blessé. Si c'est mon destin de périr en ces lieux, qu'il en soit ainsi. Mais avant que je ne rende mon dernier soupir, il faut que je rapporte par écrit l'horreur dont j'ai été témoin...","Je l'ai vu de mes propres yeux. Il était là, au milieu des spectres qui m'ont attaqué... un esprit maléfique ressemblant trait pour trait à notre illustre roi Manfred.","Si quelqu'un lit ce message... Qui que vous soyez, terrassez cette abomination et accordez à notre ancien monarque le repos éternel...“","","","","",""
398,1,1,1,1,1,1,1,1,0,0,0,0,0,0,0,0,1,1,1,1,1,1,1,1,0,0,0,0,0,0,0,0,0,0,0,0,0,0,0,0,False,False,False,False,False,False,False,False,0,3,0,0,0,0,0,0,"Haa... Haa... (souffle)... Je suis poursuivie par des affreux... Je vous en prie, <hex:020831E905FF16>Madame l'aventurière<hex:FF16>Monsieur l'aventurier<hex:03>, aidez-moi...","Aider la fillette<hex:021D0103>?<hex:02100103><hex:02100103><hex:024804F201F403><hex:024904F201F503>* Le niveau recommandé pour cet ALÉA est <hex:022003E80203>.<hex:0249020103><hex:0248020103>","","","Merci beaucoup<hex:021D0103>!","","Oh non, qu'est-ce que je vais faire...<hex:021D0103>?",""
399,2,2,2,2,2,2,2,2,0,0,0,0,0,0,0,0,1,1,1,1,1,1,1,1,0,0,0,0,0,0,0,0,0,0,0,0,0,0,0,0,False,False,False,False,False,False,False,False,0,0,3,0,0,0,0,0,"Vous ne pouviez pas mieux tomber, <hex:020831E905FF16>Madame l'aventurière<hex:FF16>Monsieur l'aventurier<hex:03><hex:021D0103>!","J'avais cuisiné quelques plats pour les offrir aux kami, mais des Namazu affamés ont tout gâché<hex:021D0103>! Je vous en prie, aidez-moi à récupérer ces offrandes<hex:021D0103>!","Aider la fillette<hex:021D0103>?<hex:02100103><hex:02100103><hex:024804F201F403><hex:024904F201F503>* Le niveau recommandé pour cet ALÉA est <hex:022003E80203>.<hex:0249020103><hex:0248020103>","","Merci de votre générosité<hex:021D0103>! Vous pouvez ramasser mes offrandes par terre ou les arracher à ces vauriens de Namazu. Faites attention à vous<hex:021D0103>!","","Vous avez mieux à faire, n'est-ce pas<hex:021D0103>? Ce n'est pas grave, je demanderai à quelqu'un d'autre de m'aider...",""
400,1,1,1,1,1,1,1,1,0,0,0,0,0,0,0,0,1,1,1,1,1,1,1,1,0,0,0,0,0,0,0,0,0,0,0,0,0,0,0,0,False,False,False,False,False,False,False,False,0,0,0,0,0,0,0,0,"Vous pouvez ramasser mes offrandes par terre ou les arracher à ces vauriens de Namazu. Faites attention à vous<hex:021D0103>!","","","","","","",""
401,1,1,1,1,1,1,1,1,0,0,0,0,0,0,0,0,1,1,1,1,1,1,1,1,0,0,0,0,0,0,0,0,0,0,0,0,0,0,0,0,False,False,False,False,False,False,False,False,0,2,0,0,0,0,0,0,"Avez-vous réussi à mettre la main sur mes offrandes<hex:021D0103>? Montrez-moi ce que vous avez trouvé, s'il vous plaît.","","","","Super<hex:021D0103>! Ce sont bien les plats que j'avais préparés pour les kami. Il me semble qu'il y en avait d'autres, donc si jamais vous avez encore un peu de temps pour m'aider...","","Il m'avait pourtant semblé reconnaître l'odeur des plats que j'ai cuisinés... Tant pis, j'ai dû me tromper.",""
402,1,1,1,1,1,1,1,1,0,0,0,0,0,0,0,0,1,1,1,1,1,1,1,1,0,0,0,0,0,0,0,0,0,0,0,0,0,0,0,0,False,False,False,False,False,False,False,False,0,0,0,0,0,0,0,0,"Vous avez déjà récupéré une bonne partie de mes offrandes, mais il en reste encore<hex:021D0103>! Si jamais vous en trouvez d'autres, merci de me les amener.","","","","","","",""
403,1,1,1,1,1,1,1,1,0,0,0,0,0,0,0,0,1,1,1,1,1,1,1,1,0,0,0,0,0,0,0,0,0,0,0,0,0,0,0,0,False,False,False,False,False,False,False,False,0,2,0,0,0,0,0,0,"Oh, vous avez retrouvé d'autres offrandes<hex:021D0103>? Merci de me les donner<hex:021D0103>!","","","","<hex:020831E905FF16>Madame l'aventurière<hex:FF16>Monsieur l'aventurier<hex:03>, vous êtes vraiment <hex:020816E905FF09>géniale<hex:FF08>génial<hex:03><hex:021D0103>! Je ne sais pas comment vous remercier.","","Quand je pense à ces vauriens de Namazu... Qu'est-ce qu'ils comptaient faire avec tout ça<hex:021D0103>? Ils ont vraiment les yeux plus gros que le ventre<hex:021D0103>!",""
404,1,1,1,1,1,1,1,1,0,0,0,0,0,0,0,0,1,1,1,1,1,1,1,1,0,0,0,0,0,0,0,0,0,0,0,0,0,0,0,0,False,False,False,False,False,False,False,False,0,3,0,0,0,0,0,0,"Attention<hex:021D0103>!!! Ne vous approchez surtout pas<hex:021D0103>!!!","Intervenir<hex:021D0103>?<hex:02100103><hex:02100103><hex:024804F201F403><hex:024904F201F503>* Le niveau recommandé pour cet ALÉA est <hex:022003E80203>.<hex:0249020103><hex:0248020103>","","","","","Éloignez-vous, je vous en prie<hex:021D0103>! Je ne vais pas pouvoir le contenir longtemps...",""
405,1,1,1,1,1,1,1,1,0,0,0,0,0,0,0,0,1,1,1,1,1,1,1,1,0,0,0,0,0,0,0,0,0,0,0,0,0,0,0,0,False,False,False,False,False,False,False,False,0,0,0,0,0,0,0,0,"Tiens donc, on ne voit pas beaucoup de voyageurs, par ici... Tu es <hex:020810E905FF06>venue<hex:FF05>venu<hex:03> visiter le temple dédié aux renards<hex:021D0103>?","Depuis que les Impériaux ont interdit la pratique du culte, l'endroit est pratiquement à l'abandon. Je suis la seule à oser prier de temps en temps...","Il y a plusieurs siècles, un seigneur de la région qui avait été sauvé par des renards a construit ce temple en l'honneur de ces animaux. Depuis, ce sont eux qui protègent Yanxia et ses habitants.","","","","",""
406,1,1,1,1,1,1,1,1,0,0,0,0,0,0,0,0,1,1,1,1,1,1,1,1,0,0,0,0,0,0,0,0,0,0,0,0,0,0,0,0,False,False,False,False,False,False,False,False,0,0,3,0,0,0,0,0,"Ça s'est calmé... Mais les Buduga n'abandonnent pas si facilement. Ils vont revenir, j'en suis sûr...","Et s'ils m'attrapent... Brrr... S'il te plaît, reste avec moi jusqu'à ce que je sois rentré à Mol Iloh<hex:021D0103>! Je ne veux pas, mais alors vraiment pas devenir un Buduga<hex:021D0103>!","Escorter le berger Mol jusqu'à Mol Iloh<hex:021D0103>?<hex:02100103><hex:02100103><hex:024804F201F403><hex:024904F201F503>* Le niveau recommandé pour cet ALÉA est <hex:022003E80203>.<hex:0249020103><hex:0248020103>","","","","T-tu n'oserais pas me jeter en pâture aux Buduga, tout de même<hex:021D0103>!?",""
407,0,0,0,0,0,0,0,0,0,0,0,0,0,0,0,0,1,1,1,1,1,1,1,1,0,0,0,0,0,0,0,0,0,0,0,0,0,0,0,0,False,False,False,False,False,False,False,False,0,0,0,0,0,0,0,0,"Un peu de con<hex:02160103>cen<hex:02160103>tra<hex:02160103>tion, enfin<hex:021D0103>!","","","","","","",""
408,0,0,0,0,0,0,0,0,0,0,0,0,0,0,0,0,1,1,1,1,1,1,1,1,0,0,0,0,0,0,0,0,0,0,0,0,0,0,0,0,False,False,False,False,False,False,False,False,0,0,0,0,0,0,0,0,"Courage<hex:021D0103>!","","","","","","",""
409,0,0,0,0,0,0,0,0,0,0,0,0,0,0,0,0,1,1,1,1,1,1,1,1,0,0,0,0,0,0,0,0,0,0,0,0,0,0,0,0,False,False,False,False,False,False,False,False,0,0,0,0,0,0,0,0,"Tout sur l'offensive<hex:021D0103>!","","","","","","",""
410,2,2,2,2,2,2,2,2,0,0,0,0,0,0,0,0,1,1,1,1,1,1,1,1,0,0,0,0,0,0,0,0,0,0,0,0,0,0,0,0,False,False,False,False,False,False,False,False,0,0,0,0,0,0,0,0,"Pour ceux qui habitent par ici, il y a pas meilleur point de pêche que cette rive. Cependant, les requins volants profitent parfois des puissants vents chargés d'embrun pour venir ici et s'offrir un festin. Ces jours-là, vaut mieux rester chez soi...","","","","","","",""
411,2,2,2,2,2,2,2,2,0,0,0,0,0,0,0,0,1,1,1,1,1,1,1,1,0,0,0,0,0,0,0,0,0,0,0,0,0,0,0,0,False,False,False,False,False,False,False,False,0,0,0,0,0,0,0,0,"C-c'est le Fuchikari<hex:021D0103>!  C'est rare, mais quand il y a de quoi sur la remplir son gigantesque estomac sur la plage, un énorme furet vient tout ravager ici<hex:021D0103>! On l'appelle le Fuchikari<hex:021D0103>! Entre les requins et lui, c'est vraiment pas le jour pour aller à la pêche<hex:021D0103>!","","","","","","",""
412,1,1,1,1,1,1,1,1,0,0,0,0,0,0,0,0,1,1,1,1,1,1,1,1,0,0,0,0,0,0,0,0,0,0,0,0,0,0,0,0,False,False,False,False,False,False,False,False,0,0,0,0,0,0,0,0,"C-c'est la première fois que j'en vois<hex:021D0103>! Autrefois, ma grand-mère me racontait qu'il y avait des minobi plus gros que les autres qui s'attaquaient aux gens des fois<hex:021D0103>! Elle appelait ça des tsurubebi<hex:021D0103>! Je m'en souviens, elles donnaient les chocottes ses histoires<hex:021D0103>!","","","","","","",""
413,1,1,1,1,1,1,1,1,0,0,0,0,0,0,0,0,1,1,1,1,1,1,1,1,0,0,0,0,0,0,0,0,0,0,0,0,0,0,0,0,False,False,False,False,False,False,False,False,0,0,0,0,0,0,0,0,"La chasseuse que nous avons recueillie appartient aux Goro. Hélas, sa monture a disparu. J'imagine qu'il lui faudra un peu de temps pour s'en remettre, car les gens de cette tribu sont connus pour être in<hex:02160103>sé<hex:02160103>pa<hex:02160103>ra<hex:02160103>bles de leur cheval. Certains imbéciles appellent ce lien “mariage”, mais en réalité cela ressemble plus à une amitié indéfectible. La perte d'un si fidèle compagnon doit l'avoir affectée pro<hex:02160103>fon<hex:02160103>dé<hex:02160103>ment...","","","","","","",""
414,1,1,1,1,1,1,1,1,0,0,0,0,0,0,0,0,1,1,1,1,1,1,1,1,0,0,0,0,0,0,0,0,0,0,0,0,0,0,0,0,False,False,False,False,False,False,False,False,0,0,0,0,0,0,0,0,"La chasseuse goro que nous avons secourue<hex:021D0103>? Elle dort en ce moment.","","","","","","",""
415,0,0,0,0,0,0,0,0,0,0,0,0,0,0,0,0,1,1,1,1,1,1,1,1,0,0,0,0,0,0,0,0,0,0,0,0,0,0,0,0,False,False,False,False,False,False,False,False,0,0,0,0,0,0,0,0,"Alors, belle monture n'est-ce pas<hex:021D0103>? Je suis sûr que cette chasseuse goro aimerait en faire la sienne, mais il n'est pas question que je la lui cède<hex:021D0103>!","","","","","","",""
416,0,0,0,0,0,0,0,0,0,0,0,0,0,0,0,0,1,1,1,1,1,1,1,1,0,0,0,0,0,0,0,0,0,0,0,0,0,0,0,0,False,False,False,False,False,False,False,False,0,0,0,0,0,0,0,0,"Mes brebis se comportent bizarrement depuis qu'on est ici. J'ai l'impression qu'elles ont peur, mais je ne sais pas de quoi...","","","","","","",""
417,1,1,1,1,1,1,1,1,0,0,0,0,0,0,0,0,1,1,1,1,1,1,1,1,0,0,0,0,0,0,0,0,0,0,0,0,0,0,0,0,False,False,False,False,False,False,False,False,0,0,0,0,0,0,0,0,"Nous autres Dataq sommes des nomades. Nous passons le plus clair de notre temps à voyager dans la steppe, au point que certains pensent que nous dormons sur nos chevaux au galop. C'est faux, bien sûr...","","","","","","",""
418,0,0,0,0,0,0,0,0,0,0,0,0,0,0,0,0,1,1,1,1,1,1,1,1,0,0,0,0,0,0,0,0,0,0,0,0,0,0,0,0,False,False,False,False,False,False,False,False,0,0,0,0,0,0,0,0,"C'est peut-être sécurisant de dresser un camp et d'y vivre, mais il ne faut pas oublier que la steppe reste une terre sauvage et hostile. On n'est jamais à l'abri d'une attaque de bêtes sauvages.","En fin de compte, nous avons autant à craindre pour nos vies que celles de notre bétail.","","","","","",""
419,1,1,1,1,1,1,1,1,0,0,0,0,0,0,0,0,1,1,1,1,1,1,1,1,0,0,0,0,0,0,0,0,0,0,0,0,0,0,0,0,False,False,False,False,False,False,False,False,0,0,0,0,0,0,0,0,"Tu viens de loin, n'est-ce pas<hex:021D0103>? En tant que nomades, notre vie est faite presque entièrement de voyages... Et pourtant, ça ne nous a pas empêchés de nous rencontrer. Ça doit être le destin<hex:021D0103>!","","","","","","",""
420,0,0,0,0,0,0,0,0,0,0,0,0,0,0,0,0,1,1,1,1,1,1,1,1,0,0,0,0,0,0,0,0,0,0,0,0,0,0,0,0,False,False,False,False,False,False,False,False,0,0,0,0,0,0,0,0,"Pour être honnête, je n'aime pas trop me battre. Les rares fois où je me sers de ma lance, c'est pour protéger mes gentilles petites brebis.","","","","","","",""
421,1,1,1,1,1,1,1,1,0,0,0,0,0,0,0,0,1,1,1,1,1,1,1,1,0,0,0,0,0,0,0,0,0,0,0,0,0,0,0,0,False,False,False,False,False,False,False,False,0,0,3,0,0,0,0,0,"<hex:02083DE3E90C0DFF1B><hex:020817E3E90C05FF08>Bonsoir<hex:FF08>Bonjour<hex:03><hex:FF1B><hex:020817E3E90C12FF08>Bonjour<hex:FF08>Bonsoir<hex:03><hex:03> <hex:02081BE905FF0C>étrangère<hex:FF0A>étranger<hex:03>. C'est rare de croiser de nouveaux visages dans la steppe. Par conséquent, chaque rencontre est précieuse.","Tiens, pour fêter ta venue parmi nous, pourquoi ne m'aiderais-tu pas à traire mes brebis<hex:021D0103>? Tu vas voir, c'est une activité saine et amusante<hex:021D0103>!","Aider Altani à traire ses brebis<hex:021D0103>?<hex:02100103><hex:02100103><hex:024804F201F403><hex:024904F201F503>* Le niveau recommandé pour cet ALÉA est <hex:022003E80203>.<hex:0249020103><hex:0248020103>","","Rapporte-moi autant de bidons de lait que tu pourras. Merci<hex:021D0103>!","","Tu as peur de te salir les mains<hex:021D0103>? Mes brebis sont propres, tu sais.",""
422,1,1,1,1,1,1,1,1,0,0,0,0,0,0,0,0,1,1,1,1,1,1,1,1,0,0,0,0,0,0,0,0,0,0,0,0,0,0,0,0,False,False,False,False,False,False,False,False,0,2,0,0,0,0,0,0,"Rapporte-moi autant de bidons de lait que tu pourras. Merci<hex:021D0103>!","","","","Ah, merci bien<hex:021D0103>! Tout ce lait, ça donne soif, pas vrai<hex:021D0103>? Tu peux le boire tel quel, c'est délicieux. Moi, je préfère en faire de l'aïrag ou du fromage, c'est encore meilleur<hex:021D0103>!","","Eh bien, tu veux garder le lait que tu as trait pour toi <hex:02081BE905FF0C>toute seule<hex:FF0A>tout seul<hex:03><hex:021D0103>? Remarque, je ne t'en voudrais pas<hex:021D0103>; c'est tellement bon... Mais si tu me le donnes, je pourrai en faire de l'aïrag et des fromages plus délicieux les uns que les autres<hex:021D0103>!",""
423,1,1,1,1,1,1,1,1,0,0,0,0,0,0,0,0,1,1,1,1,1,1,1,1,0,0,0,0,0,0,0,0,0,0,0,0,0,0,0,0,False,False,False,False,False,False,False,False,0,2,0,0,0,0,0,0,"Rapporte-moi autant de bidons de lait que tu pourras. Merci<hex:021D0103>!","","","","Dis donc, c'est que tu te débrouilles bien<hex:021D0103>! J'ai assez de lait pour fabriquer de l'aïrag pour toute la tribu, et il m'en manque juste un peu pour faire du fromage. Encore un petit effort<hex:021D0103>!","","Eh bien, tu veux garder le lait que tu as trait pour toi <hex:02081BE905FF0C>toute seule<hex:FF0A>tout seul<hex:03><hex:021D0103>? Remarque, je ne t'en voudrais pas<hex:021D0103>; c'est tellement bon... Mais si tu me le donnes, je pourrai en faire des fromages plus délicieux les uns que les autres<hex:021D0103>!",""
424,1,1,1,1,1,1,1,1,0,0,0,0,0,0,0,0,1,1,1,1,1,1,1,1,0,0,0,0,0,0,0,0,0,0,0,0,0,0,0,0,False,False,False,False,False,False,False,False,0,0,0,0,0,0,0,0,"Je n'ai pas besoin de t'expliquer comme traire une brebis, si<hex:021D0103>? Vas-y en douceur, et ça sortira tout seul<hex:021D0103>!","","","","","","",""
425,1,1,1,1,1,1,1,1,0,0,0,0,0,0,0,0,1,1,1,1,1,1,1,1,0,0,0,0,0,0,0,0,0,0,0,0,0,0,0,0,False,False,False,False,False,False,False,False,0,0,0,0,0,0,0,0,"Je n'ai pas besoin de t'expliquer comme traire une brebis, si<hex:021D0103>? Vas-y en douceur, et ça sortira tout seul<hex:021D0103>!","","","","","","",""
426,0,0,0,0,0,0,0,0,0,0,0,0,0,0,0,0,1,1,1,1,1,1,1,1,0,0,0,0,0,0,0,0,0,0,0,0,0,0,0,0,False,False,False,False,False,False,False,False,0,0,0,0,0,0,0,0,"Bon, j'ai le sel et les épices. Je n'ai plus qu'à attendre qu'Anarba revienne de sa chasse les bras chargés de viande d'hainag, et je pourrai nous mitonner un bon petit khorkhog comme on les aime<hex:021D0103>!","","","","","","",""
427,0,0,0,0,0,0,0,0,0,0,0,0,0,0,0,0,1,1,1,1,1,1,1,1,0,0,0,0,0,0,0,0,0,0,0,0,0,0,0,0,False,False,False,False,False,False,False,False,0,0,0,0,0,0,0,0,"Anarba m'a dit qu'il avait repéré un troupeau d'hainags sauvages. Il a aussitôt pris son arc pour aller chasser. Il avait l'air sûr de lui, mais je me demande s'il va s'en sortir tout seul...","","","","","","",""
428,0,0,0,0,0,0,0,0,0,0,0,0,0,0,0,0,1,1,1,1,1,1,1,1,0,0,0,0,0,0,0,0,0,0,0,0,0,0,0,0,False,False,False,False,False,False,False,False,0,0,0,0,0,0,0,0,"Je devrais en profiter pour changer la corde de mon arc... Où ai-je mis mes tendons de rechange déjà...<hex:021D0103>?","","","","","","",""
429,1,1,1,1,1,1,1,1,0,0,0,0,0,0,0,0,1,1,1,1,1,1,1,1,0,0,0,0,0,0,0,0,0,0,0,0,0,0,0,0,False,False,False,False,False,False,False,False,0,0,0,0,0,0,0,0,"Ce cheval appartenait à quelqu'un, c'est certain. Il n'a pas peur de nous, et il porte même d'anciennes marques de harnais. Son maître doit s'inquiéter pour lui à l'heure qu'il est...","","","","","","",""
430,1,1,1,1,1,1,1,1,0,0,0,0,0,0,0,0,1,1,1,1,1,1,1,1,0,0,0,0,0,0,0,0,0,0,0,0,0,0,0,0,False,False,False,False,False,False,False,False,0,0,0,0,0,0,0,0,"On se relaie pour monter la garde. Si tu veux nous donner un coup de main, tu es <hex:02081EE905FF0D>la bienvenue<hex:FF0C>le bienvenu<hex:03>.","","","","","","",""
431,1,1,1,1,1,1,1,1,0,0,0,0,0,0,0,0,1,1,1,1,1,1,1,1,0,0,0,0,0,0,0,0,0,0,0,0,0,0,0,0,False,False,False,False,False,False,False,False,0,0,0,0,0,0,0,0,"Je me demande pourquoi les Matangas nous haïssent à ce point... Con<hex:02160103>trai<hex:02160103>re<hex:02160103>ment aux gedans, ils ne nous chassent pas pour nous manger. J'ai l'impression que notre vue les insupporte, tout simplement...","","","","","","",""
432,0,0,0,0,0,0,0,0,0,0,0,0,0,0,0,0,1,1,1,1,1,1,1,1,0,0,0,0,0,0,0,0,0,0,0,0,0,0,0,0,False,False,False,False,False,False,False,False,0,0,0,0,0,0,0,0,"D'après ce que j'ai compris, les Goro font passer leur cheval avant leur mari ou leur femme, qui n'est là que pour assurer la procréation. Ils poussent même le vice jusqu'à laisser le hasard décider de leur partenaire. Je me demande si Gurbesu est déjà prise...","","","","","","",""
433,0,0,0,0,0,0,0,0,0,0,0,0,0,0,0,0,1,1,1,1,1,1,1,1,0,0,0,0,0,0,0,0,0,0,0,0,0,0,0,0,False,False,False,False,False,False,False,False,0,0,0,0,0,0,0,0,"Je crois que notre cher Anarba a le béguin pour Gurbesu... Comment je le sais<hex:021D0103>? Allons, ça crève les yeux<hex:021D0103>!","","","","","","",""
434,0,0,0,0,0,0,0,0,0,0,0,0,0,0,0,0,1,1,1,1,1,1,1,1,0,0,0,0,0,0,0,0,0,0,0,0,0,0,0,0,False,False,False,False,False,False,False,False,0,0,0,0,0,0,0,0,"Tiens bon, ta blessure est presque guérie<hex:021D0103>!","","","","","","",""
435,0,0,0,0,0,0,0,0,0,0,0,0,0,0,0,0,1,1,1,1,1,1,1,1,0,0,0,0,0,0,0,0,0,0,0,0,0,0,0,0,False,False,False,False,False,False,False,False,0,0,0,0,0,0,0,0,"Maudits Matangas... Qu'est-ce qu'ils nous veulent, à la fin<hex:021D0103>!?","","","","","","",""
436,1,1,1,1,1,1,1,1,0,0,0,0,0,0,0,0,1,1,1,1,1,1,1,1,0,0,0,0,0,0,0,0,0,0,0,0,0,0,0,0,False,False,False,False,False,False,False,False,0,0,3,0,0,0,0,0,"Gah... Une des miennes s'est fait attaquer par des bêtes sauvages alors qu'elle allait puiser de l'eau. Je l'ai sauvée... mais je n'ai pas été à la hauteurrr pour me sauver moi-même...","Je sais que c'est me couvrirrr de ridicule que de demander ton aide après un tel échec, mais je tiens néanmoins à le faire<hex:021D0103>! Offre-moi une occasion de leur faire payer<hex:021D0103>!","Aider la Miqo'te à prendre sa revanche<hex:021D0103>?<hex:02100103><hex:02100103><hex:024804F201F403><hex:024904F201F503>* Le niveau recommandé pour cet ALÉA est <hex:022003E80203>.<hex:0249020103><hex:0248020103>","","","","Puisqu'il en est ainsi,  je vais tenter d'assouvirrr ma vengeance seule. Rhalgr sera témoin de mes derniers instants<hex:021D0103>!",""
437,1,1,1,1,1,1,1,1,0,0,0,0,0,0,0,0,1,1,1,1,1,1,1,1,0,0,0,0,0,0,0,0,0,0,0,0,0,0,0,0,False,False,False,False,False,False,False,False,0,0,3,0,0,0,0,0,"J'ai transporté du poisson en grande quantité jusqu'ici pour qu'il soit cuisiné, mais les odeurs attirent les cisailleurs...","Nos ventes auront bonne mine s'ils devorent toute la marchandise...<hex:021D0103>! Tu ne voudrais pas nous débarrasser de ces sales bêtes<hex:021D0103>?","Chasser les monstres<hex:021D0103>?<hex:02100103><hex:02100103><hex:024804F201F403><hex:024904F201F503>* Le niveau recommandé pour cet ALÉA est <hex:022003E80203>.<hex:0249020103><hex:0248020103>","","Merci bien<hex:021D0103>! Je compte sur toi<hex:021D0103>!","","T-tu n'as pas idée de ce que ça nous a coûté pour faire venir tout ce poisson<hex:021D0103>! Nos finances ne s'en remettront jamais<hex:021D0103>!",""
438,1,1,1,1,1,1,1,1,0,0,0,0,0,0,0,0,1,1,1,1,1,1,1,1,0,0,0,0,0,0,0,0,0,0,0,0,0,0,0,0,False,False,False,False,False,False,False,False,0,0,3,0,0,0,0,0,"On accueille pas mal de touristes pendant les festivités, et c'est plutôt une bonne chose, mais certains jettent leurs ordures n'importe où. Je suis sûr que Gegeruju ragerait de voir ça... On ne peut pas laisser les détritus gâcher le paysage<hex:021D0103>!","Tu ne voudrais pas nous donner un petit coup de main et rendre à cette plage sa beauté d'origine<hex:021D0103>?","Ramasser les détritus<hex:021D0103>?<hex:02100103><hex:02100103><hex:024804F201F403><hex:024904F201F503>* Le niveau recommandé pour cet ALÉA est <hex:022003E80203>.<hex:0249020103><hex:0248020103>","","Merveilleux<hex:021D0103>! Fais attention en ramassant les ordures parce que leur odeur a attiré des colibris. Si tu en aperçois, n'hésite pas à les chasser d'ici.","","C'est bien dommage... Enfin bon, avec ou sans toi, il faudra bien que je trouve un moyen de nettoyer toutes ces ordures !",""
439,1,1,1,1,1,1,1,1,0,0,0,0,0,0,0,0,1,1,1,1,1,1,1,1,0,0,0,0,0,0,0,0,0,0,0,0,0,0,0,0,False,False,False,False,False,False,False,False,0,2,0,0,0,0,0,0,"Alors ces détritus, tu en as ramassé<hex:021D0103>?","","","","Merci<hex:021D0103>! Si tu en vois d'autres, n'hésite pas à les ramasser et à me les apporter<hex:021D0103>!","","Si tu en as ramassé il vaut mieux me les donner, tu sais. Enfin tu peux aussi les jeter chez toi si tu préfères, mais je ne vois pas l'intérêt puisque tu peux le faire ici...",""
440,1,1,1,1,1,1,1,1,0,0,0,0,0,0,0,0,1,1,1,1,1,1,1,1,0,0,0,0,0,0,0,0,0,0,0,0,0,0,0,0,False,False,False,False,False,False,False,False,0,0,0,0,0,0,0,0,"On a la chance de pouvoir profiter d'un endroit avec une vue sublime. Ce serait bien si nos semblables pouvaient garder une attitude acceptable...","","","","","","",""
441,1,1,1,1,1,1,1,1,0,0,0,0,0,0,0,0,1,1,1,1,1,1,1,1,0,0,0,0,0,0,0,0,0,0,0,0,0,0,0,0,False,False,False,False,False,False,False,False,0,2,0,0,0,0,0,0,"Ne me dis pas que tu as rempli d'autres sacs de détritus<hex:021D0103>?","","","","Merci<hex:021D0103>! C'est grâce à toi si cette plage reste aussi belle qu'à notre arrivée.","","Si tu as ramassé des ordures il vaut mieux me les donner, tu sais. Enfin tu peux aussi les jeter chez toi si tu préfères, mais je ne vois pas l'intérêt puisque tu peux le faire ici...",""
442,1,1,1,1,1,1,1,1,0,0,0,0,0,0,0,0,1,1,1,1,1,1,1,1,0,0,0,0,0,0,0,0,0,0,0,0,0,0,0,0,False,False,False,False,False,False,False,False,0,0,0,0,0,0,0,0,"J'ai bien l'impression que la plage est par<hex:02160103>fai<hex:02160103>te<hex:02160103>ment propre maintenant, mais on ne sait jamais. Il reste peut-être des ordures, et certaines personnes se permettront peut-être d'en abandonner à nouveau. Si tu en vois, tu sais quoi faire...","","","","","","",""
443,1,1,1,1,1,1,1,1,0,0,0,0,0,0,0,0,1,1,1,1,1,1,1,1,0,0,0,0,0,0,0,0,0,0,0,0,0,0,0,0,False,False,False,False,False,False,False,False,0,0,3,0,0,0,0,0,"Tout aurait pu se passer à merveille... si seulement ces empêcheurs de faire du mochi en rond de chats n'avaient pas débarqué pour tout mettre sens dessus dessous<hex:021D0103>!","Tu nous rendrais un grand service en t'approchant du mortier pour ramasser des mochi... Plus tu en récupèreras, mieux ce sera, mais fais attention à ne pas te faire aplatir comme une crêpe<hex:021D0103>!","Aider cet homme ?<hex:02100103><hex:02100103><hex:024804F201F403><hex:024904F201F503>* Le niveau recommandé pour cet ALÉA est <hex:022003E80203>.<hex:0249020103><hex:0248020103>","","","","Pas de problème, je te comprends... Moi-même, quand je vois ces félins assoifés de sang, j'ai bien envie de prendre mes jambes à mon cou<hex:021D0103>!",""
444,1,1,1,1,1,1,1,1,0,0,0,0,0,0,0,0,1,1,1,1,1,1,1,1,0,0,0,0,0,0,0,0,0,0,0,0,0,0,0,0,False,False,False,False,False,False,False,False,0,2,0,0,0,0,0,0,"Montre-moi tous ces bons mochi que tu as réussi à récupérer<hex:021D0103>!","","","","Excellent, merci beaucoup<hex:021D0103>! Évidemment, plus il y en aura, plus les gens seront contents... Tu veux bien aller en chercher un peu plus<hex:021D0103>?","","Qu'est-ce qu'il y a<hex:021D0103>? Tu veux tout garder pour toi tout<hex:020808E905FF02>e<hex:FF01><hex:03> seul<hex:020808E905FF02>e<hex:FF01><hex:03><hex:021D0103>? Ta mère ne t'a donc jamais dit que la gourmandise était un vilain défaut<hex:021D0103>?",""
445,1,1,1,1,1,1,1,1,0,0,0,0,0,0,0,0,1,1,1,1,1,1,1,1,0,0,0,0,0,0,0,0,0,0,0,0,0,0,0,0,False,False,False,False,False,False,False,False,0,0,0,0,0,0,0,0,"Tu nous rendrais un grand service en t'approchant du mortier pour ramasser des mochi... Plus tu en récupèreras, mieux ce sera, mais fais attention à ne pas te faire aplatir comme une crêpe<hex:021D0103>!","","","","","","",""
446,1,1,1,1,1,1,1,1,0,0,0,0,0,0,0,0,1,1,1,1,1,1,1,1,0,0,0,0,0,0,0,0,0,0,0,0,0,0,0,0,False,False,False,False,False,False,False,False,0,2,0,0,0,0,0,0,"Tu as déjà récupéré un sacré paquet de mochi, mais plus il y en aura, plus les gens seront contents... N'hésite pas à en ramener davantage si le cœur t'en dit.","","","","Merci, merci et encore merci<hex:021D0103>! Cette fête de la transition s'annonce des plus gluantes, hé hé<hex:021D0103>!","","Qu'est-ce qu'il y a<hex:021D0103>? Tu veux tout garder pour toi tout<hex:020808E905FF02>e<hex:FF01><hex:03> seul<hex:020808E905FF02>e<hex:FF01><hex:03><hex:021D0103>? Ta mère ne t'a donc jamais dit que la gourmandise était un vilain défaut<hex:021D0103>?",""
447,1,1,1,1,1,1,1,1,0,0,0,0,0,0,0,0,1,1,1,1,1,1,1,1,0,0,0,0,0,0,0,0,0,0,0,0,0,0,0,0,False,False,False,False,False,False,False,False,0,0,0,0,0,0,0,0,"Grâce à toi, nous avons assez de mochi pour un régiment<hex:021D0103>! Il va falloir préparer suf<hex:02160103>fi<hex:02160103>sam<hex:02160103>ment d'eau pour tous ceux qui s'étoufferont avec<hex:021D0103>!","","","","","","",""
448,1,1,1,1,1,1,1,1,0,0,0,0,0,0,0,0,1,1,1,1,1,1,1,1,0,0,0,0,0,0,0,0,0,0,0,0,0,0,0,0,False,False,False,False,False,False,False,False,0,3,0,0,0,0,0,0,"Oh, c'est toi. Les rumeurs t'intéressent aussi<hex:021D0103>?","Enquêter sur les soldats de fer avec Noctis<hex:021D0103>?<hex:02100103><hex:02100103><hex:024804F201F403><hex:024904F201F503>* Le niveau recommandé pour cet ALÉA est <hex:022003E80203>.<hex:0249020103><hex:0248020103>","","","","","Ah bon, je croyais... Tant pis.",""
449,1,1,1,1,1,1,1,1,0,0,0,0,0,0,0,0,1,1,1,1,1,1,1,1,0,0,0,0,0,0,0,0,0,0,0,0,0,0,0,0,False,False,False,False,False,False,False,False,0,0,3,0,0,0,0,0,"Regarde-moi tous ces fragments de poterie<hex:021D0103>! Ce sont des morceaux de flacons que les enfants des Ténèbres éternelles utilisaient pour fabriquer le poison...","Ces derniers temps, il y a de plus en plus d'animaux qui tombent malades après avoir confondu ces fragments avec de la nourriture... Il faut les récupérer le plus vite possible, avant qu'ils ne fassent plus de victimes<hex:021D0103>!","Aider l'Elfe<hex:021D0103>?<hex:02100103><hex:02100103><hex:024804F201F403><hex:024904F201F503>* Le niveau recommandé pour cet ALÉA est <hex:022003E80203>.<hex:0249020103><hex:0248020103>","","","","Je vois... Tant pis... Je ne sais pas comment je vais faire pour tout récupérer à moi tout seul mais bon...",""
450,1,1,1,1,1,1,1,1,0,0,0,0,0,0,0,0,1,1,1,1,1,1,1,1,0,0,0,0,0,0,0,0,0,0,0,0,0,0,0,0,False,False,False,False,False,False,False,False,0,2,0,0,0,0,0,0,"Je vois que tu as ramassé beaucoup de fragments de flacon à poison<hex:021D0103>! Donne-moi tout ça, je vais m'occuper de m'en débarrasser cor<hex:02160103>rec<hex:02160103>te<hex:02160103>ment.","","","","Merci, tu m'as rendu un fier service<hex:021D0103>! Mais il semblerait qu'il reste encore des fragments par-ci par-là... Ça serait vraiment sympa si tu pouvais continuer à récupérer tout ça<hex:021D0103>!","","Je comprends... Tu vas donc me laisser ramasser ces déchets toxiques tout seul...<hex:021D0103>?",""
451,1,1,1,1,1,1,1,1,0,0,0,0,0,0,0,0,1,1,1,1,1,1,1,1,0,0,0,0,0,0,0,0,0,0,0,0,0,0,0,0,False,False,False,False,False,False,False,False,0,0,0,0,0,0,0,0,"Les enfants des Ténèbres éternelles produisent du poison en très grande quantité, et les premiers à en souffrir sont les animaux sauvages de la forêt... Une triste histoire, vraiment.","","","","","","",""
452,1,1,1,1,1,1,1,1,0,0,0,0,0,0,0,0,1,1,1,1,1,1,1,1,0,0,0,0,0,0,0,0,0,0,0,0,0,0,0,0,False,False,False,False,False,False,False,False,0,2,0,0,0,0,0,0,"Tu as presque fini, on dirait<hex:021D0103>! Je vais pas tarder à rentrer, moi aussi... En attendant, confie-moi les fragments que tu as en ta possession, je vais me charger de les détruire.","","","","Merci beaucoup<hex:021D0103>! Grâce à toi on a évité le pire<hex:021D0103>!","","Je comprends... Tu vas donc me laisser ramasser ces déchets toxiques tout seul...<hex:021D0103>?",""
453,1,1,1,1,1,1,1,1,0,0,0,0,0,0,0,0,1,1,1,1,1,1,1,1,0,0,0,0,0,0,0,0,0,0,0,0,0,0,0,0,False,False,False,False,False,False,False,False,0,0,0,0,0,0,0,0,"Les enfants des Ténèbres éternelles produisent du poison en très grande quantité, et les premiers à en souffrir sont les animaux sauvages de la forêt... Une triste histoire, vraiment.","","","","","","",""
454,1,1,1,1,1,1,1,1,0,0,0,0,0,0,0,0,1,1,1,1,1,1,1,1,0,0,0,0,0,0,0,0,0,0,0,0,0,0,0,0,False,False,False,False,False,False,False,False,0,0,3,0,0,0,0,0,"Je... J'ai été stupide... J'étais trop concentrée sur ma chasse et je n'ai pas fait attention... Quand j'ai réalisé que Céléno m'avait vue, c'était déjà trop tard...","Il est considéré comme l'oiseau annonçant l'ombre de la mort, c'est un animal féroce et ex<hex:02160103>trê<hex:02160103>me<hex:02160103>ment dangereux. J'ai réussi à m'enfuir jusqu'ici malgré mes blessures, mais je suis épuisée... N-ne me dis pas que tu comptes aller te mesurer à lui<hex:021D0103>!?","Aider la Viis<hex:021D0103>?<hex:02100103><hex:02100103><hex:024804F201F403><hex:024904F201F503>* Le niveau recommandé pour cet ALÉA est <hex:022003E80203>.<hex:0249020103><hex:0248020103>","","","","Je vois... Tu as raison... Tu risquerais de finir dans le même état que moi...",""
455,1,1,1,1,1,1,1,1,0,0,0,0,0,0,0,0,1,1,1,1,1,1,1,1,0,0,0,0,0,0,0,0,0,0,0,0,0,0,0,0,False,False,False,False,False,False,False,False,0,0,0,0,0,0,0,0,"J-j'ai perdu trop de sang... Si seulement la potion anesthésiante pouvait commencer à faire effet, je pourrais au moins me relever...","Si Céléno me trouve alors que je suis dans cet état, c'est la fin pour moi... Je n'ai aucune chance...","","","","","",""
456,1,1,1,1,1,1,1,1,0,0,0,0,0,0,0,0,1,1,1,1,1,1,1,1,0,0,0,0,0,0,0,0,0,0,0,0,0,0,0,0,False,False,False,False,False,False,False,False,0,0,3,0,0,0,0,0,"J'ai vu un groupe de mandrills en train de jouer à l'entrée des ruines de Ronka avec des reliques très précieuses...","Même si je cours prévenir les autres tout de suite, il sera trop tard pour sauver les trésors quand tout le monde arrivera... ","Récupérer les reliques<hex:021D0103>?<hex:02100103><hex:02100103><hex:024804F201F403><hex:024904F201F503>* Le niveau recommandé pour cet ALÉA est <hex:022003E80203>.<hex:0249020103><hex:0248020103>","","","","Je vois que tu te fiches bien des reliques ronka... D'accord... C'est dommage...",""
457,1,1,1,1,1,1,1,1,0,0,0,0,0,0,0,0,1,1,1,1,1,1,1,1,0,0,0,0,0,0,0,0,0,0,0,0,0,0,0,0,False,False,False,False,False,False,False,False,0,2,0,0,0,0,0,0,"Je vois que tu as pu récupérer les reliques avant qu'elles ne soient com<hex:02160103>plè<hex:02160103>te<hex:02160103>ment détruites<hex:021D0103>! Je vais aller les reposer moi-même dans les ruines, peux-tu me les donner<hex:021D0103>?","","","","Merci pour ton aide<hex:021D0103>! Je vais de ce pas remettre les reliques à leur place, après leur avoir donné un bon coup de chiffon<hex:021D0103>!","","Je vois que tu te fiches bien des reliques ronka... D'accord... C'est dommage...",""
458,1,1,1,1,1,1,1,1,0,0,0,0,0,0,0,0,1,1,1,1,1,1,1,1,0,0,0,0,0,0,0,0,0,0,0,0,0,0,0,0,False,False,False,False,False,False,False,False,0,0,0,0,0,0,0,0,"J'aurais pu m'en occuper toute seule si les mandrills n'avaient été que deux ou trois...","","","","","","",""
459,1,1,1,1,1,1,1,1,0,0,0,0,0,0,0,0,1,1,1,1,1,1,1,1,0,0,0,0,0,0,0,0,0,0,0,0,0,0,0,0,False,False,False,False,False,False,False,False,0,2,0,0,0,0,0,0,"Tu as pu recouvrer la plupart des reliques, merci<hex:021D0103>! Si tu en as d'autres, je les récupère<hex:021D0103>!","","","","Merci pour ton aide<hex:021D0103>! Je vais de ce pas remettre les reliques à leur place, après leur avoir donné un bon coup de chiffon<hex:021D0103>!","","Eh bien, qu'est-ce qu'il se passe<hex:021D0103>? Je croyais que vous vous fichiez de ces reliques<hex:021D0103>?",""
460,1,1,1,1,1,1,1,1,0,0,0,0,0,0,0,0,1,1,1,1,1,1,1,1,0,0,0,0,0,0,0,0,0,0,0,0,0,0,0,0,False,False,False,False,False,False,False,False,0,0,0,0,0,0,0,0,"Je me demande vraiment pourquoi les mandrills s'intéressent à ces reliques...","","","","","","",""
461,1,1,1,1,1,1,1,1,0,0,0,0,0,0,0,0,1,1,1,1,1,1,1,1,0,0,0,0,0,0,0,0,0,0,0,0,0,0,0,0,False,False,False,False,False,False,False,False,0,3,0,0,0,0,0,0,"Oh<hex:021D0103>! Je peux voir dans tes yeux que tu es très fort<hex:020808E905FF02>e<hex:FF01><hex:03>, toi<hex:021D0103>! J'étais justement sur le point d'emmener la nouvelle recrue chasser, tu crois que tu pourrais lui montrer ce que tu sais faire<hex:021D0103>?","Montrer à la nouvelle recrue vos aptitudes à la chasse<hex:021D0103>?<hex:02100103><hex:02100103><hex:024804F201F403><hex:024904F201F503>* Le niveau recommandé pour cet ALÉA est <hex:022003E80203>.<hex:0249020103><hex:0248020103>","","","","","Hum, je vois... Désolée, tu as sûrement d'autres chats à fouetter...",""
462,1,1,1,1,1,1,1,1,763,0,0,0,0,0,757,0,1,1,1,1,1,1,1,1,0,0,0,0,0,0,0,0,0,0,0,0,0,0,0,0,False,False,False,False,False,False,False,False,0,0,3,0,0,0,0,0,"Fssshh... La reine maternelle a donné naissance à nombre d'entre nous, et pour la remercccier, nous voulons lui offrir des perles tempétueuses. Beaucoup de perles tempétueuses<hex:021D0103>!","Mais maintenant que l'eau a disssparu, nous avons vraiment besoin d'aide afin d'en récupérer un maximum. Ça vous dirait de nous donner un coup de main<hex:021D0103>?","Aider le pêcheur ondo<hex:021D0103>?<hex:02100103><hex:02100103><hex:024804F201F403><hex:024904F201F503>* Le niveau recommandé pour cet ALÉA est <hex:022003E80203>.<hex:0249020103><hex:0248020103>","","Merccci beaucoup<hex:021D0103>! Les mollusssques bivalves en laissent échapper ré<hex:02160103>gu<hex:02160103>liè<hex:02160103>re<hex:02160103>ment, alors il devrait y en avoir quelques-unes dans le sssable.","D'autre part, ccces perles sssont également le plat préféré des amphisssbènes perlés. Vous devriez donc en trouver aussi dans leurs entrailles<hex:021D0103>!","Oh, ccc'est dommage<hex:021D0103>! Revenez me voir sssi vous changez d'avis, sssurtout<hex:021D0103>! Nous avons vraiment besoin d'aide...",""
463,1,1,1,1,1,1,1,1,0,763,0,0,0,0,0,0,1,1,1,1,1,1,1,1,0,0,0,0,0,0,0,0,0,0,0,0,0,0,0,0,False,False,False,False,False,False,False,False,0,2,0,0,0,0,0,0,"Ah, ccc'est vous<hex:021D0103>! Avez-vous réussi à récupérer des perles tempétueuses<hex:021D0103>?","","","","Ooooh, quelle belle lumière<hex:021D0103>! La reine maternelle sssera enchantée<hex:021D0103>! Merccci beaucoup<hex:021D0103>!","","N'hésitez pas à m'en ramener d'autres, ccce ssserait très gentil de votre part<hex:021D0103>!",""
464,1,1,1,1,1,1,1,1,763,0,0,0,0,0,0,0,1,1,1,1,1,1,1,1,0,0,0,0,0,0,0,0,0,0,0,0,0,0,0,0,False,False,False,False,False,False,False,False,0,0,0,0,0,0,0,0,"Que vous ramassiez les perles tempétueuses dans le sssable ou dans les ventres des amphisssbènes perlés, la reine maternelle vous sssera tout autant re<hex:02160103>con<hex:02160103>nais<hex:02160103>sante<hex:021D0103>!","","","","","","",""
465,1,1,1,1,1,1,1,1,763,0,0,0,0,0,0,0,1,1,1,1,1,1,1,1,0,0,0,0,0,0,0,0,0,0,0,0,0,0,0,0,False,False,False,False,False,False,False,False,0,2,0,0,0,0,0,0,"Nous devrions avoir assez de perles, mais sssi vous en avez d'autres à me donner, ce sssera avec grand plaisir<hex:021D0103>!","","","","Ooooh, quelle belle lumière<hex:021D0103>! La reine maternelle sssera enchantée<hex:021D0103>! Merccci beaucoup<hex:021D0103>!","","Vous voulez les garder pour vous<hex:021D0103>? Je comprends, elles sssont tellement magnifiques...",""
466,1,1,1,1,1,1,1,1,0,763,0,0,0,0,0,0,1,1,1,1,1,1,1,1,0,0,0,0,0,0,0,0,0,0,0,0,0,0,0,0,False,False,False,False,False,False,False,False,0,0,0,0,0,0,0,0,"Sssi vous avez d'autres perles tempétueuses, donnez-les-moi avant que je retourne à Baïne, sss'il vous plaît.","","","","","","",""
467,1,1,1,1,1,1,1,1,5470,0,0,0,0,0,0,0,1,1,1,1,1,1,1,1,0,0,0,0,0,0,0,0,0,0,0,0,0,0,0,0,False,False,False,False,False,False,False,False,0,0,3,0,0,0,0,0,"Nos légendes parlent d'Archaeotania, l'annonccciatrice du chaos... Elles disent que le ssseul moyen d'en venir à bout est de lui tendre un piège, en l'attirant avec le mets qu'elle préfère, les coraux sssanguins<hex:021D0103>!","À en juger par la taille de cccette mâchoire, il nous en faudra une montagne<hex:021D0103>! Pourrais-tu m'aider à en ramasser, sssans-branchies<hex:021D0103>?","Aider Teushs Ooan en ramassant des coraux sanguins<hex:021D0103>?<hex:02100103><hex:02100103><hex:024804F201F403><hex:024904F201F503>* Le niveau recommandé pour cet ALÉA est <hex:022003E80203>.<hex:0249020103><hex:0248020103>","","Je te sssuis redevable<hex:021D0103>! Tu pourras en trouver par terre, ou même en abattant les clionides qui viennent iccci sss'en nourrir.","","Tu ne veux pas m'aider<hex:021D0103>? Fsshhh... J'y arriverai peut-être ssseul<hex:021D0103>! Il ne sss'agit que de récolter des coraux, après tout<hex:021D0103>!",""
468,1,1,1,1,1,1,1,1,0,0,0,0,0,0,0,0,1,1,1,1,1,1,1,1,0,0,0,0,0,0,0,0,0,0,0,0,0,0,0,0,False,False,False,False,False,False,False,False,0,2,0,0,0,0,0,0,"As-tu ramassé quelques coraux sssanguins<hex:021D0103>?","","","","Excellent<hex:021D0103>! Regarde cccette couleur, elle rappelle cccelle du sssang des sssans-branchies, tu ne trouves pas<hex:021D0103>?","","Hum... Je ne penssse pas que nous aurons assez de coraux. Pourrais-tu m'en rapporter plusss<hex:021D0103>?",""
469,1,1,1,1,1,1,1,1,0,0,0,0,0,0,0,0,1,1,1,1,1,1,1,1,0,0,0,0,0,0,0,0,0,0,0,0,0,0,0,0,False,False,False,False,False,False,False,False,0,0,0,0,0,0,0,0,"Fsshhh... Les coraux sssanguins poussent sssur le sssol, mais tu peux aussi abattre les clionides qui sss'en nourrissent et les extraire de leurs cadavres.","","","","","","",""
470,1,1,1,1,1,1,1,1,0,0,0,0,0,0,0,0,1,1,1,1,1,1,1,1,0,0,0,0,0,0,0,0,0,0,0,0,0,0,0,0,False,False,False,False,False,False,False,False,0,2,0,0,0,0,0,0,"Je vais bientôt pouvoir passer à la sssuite de mon plan avec tous ccces coraux<hex:021D0103>! Mais donne-moi ccceux que tu as. Plus nous en aurons, plus vite Archaeotania tombera dans nos filets<hex:021D0103>!","","","","Sssplendide<hex:021D0103>! Archaeotania ne pourra pas résissster à l'appel de tous ccces délicccieux coraux sssanguins<hex:021D0103>!","","Tu retournes à la chasse aux coraux<hex:021D0103>? Dépêche-toi, je vais bientôt partir.",""
471,1,1,1,1,1,1,1,1,0,0,0,0,0,0,0,0,1,1,1,1,1,1,1,1,0,0,0,0,0,0,0,0,0,0,0,0,0,0,0,0,False,False,False,False,False,False,False,False,0,0,0,0,0,0,0,0,"Je vais bientôt pouvoir passer à la sssuite de mon plan avec tous ccces coraux<hex:021D0103>! Mais donne-moi ccceux que tu as. Plus nous en aurons, plus vite Archaeotania tombera dans nos filets<hex:021D0103>!","","","","","","",""
472,1,1,1,1,1,1,1,1,763,0,0,0,0,0,0,0,1,1,1,1,1,1,1,1,0,0,0,0,0,0,0,0,0,0,0,0,0,0,0,0,False,False,False,False,False,False,False,False,0,0,0,3,0,0,0,0,"Sssans-branchies<hex:021D0103>! J'ai fait une découverte qui va nous permettre de débusssquer Archaeotania<hex:021D0103>! Les indiccces que j'ai regroupés me font penssser qu'elle raffole des coraux sssanguins<hex:021D0103>!","Il y en a à foison dans la crypte du Sssans-branchies. Si nous en accumulons assez, nous pourrions tendre un piège à la bête<hex:021D0103>! Et qui sssait<hex:021D0103>? Peut-être la vaincre<hex:021D0103>!","Des prédateurs rôdent dans la caverne, et je me battrai sss'il le faut<hex:021D0103>! Néanmoins, pourrais-tu m'accompagner<hex:021D0103>? Avec ton aide, je n'en ssserais que plus rassuré.","Aider Teushs Ooan<hex:021D0103>?<hex:02100103><hex:02100103><hex:024804F201F403><hex:024904F201F503>* Le niveau recommandé pour cet ALÉA est <hex:022003E80203>.<hex:0249020103><hex:0248020103>","","","Je t'en ai demandé trop. Je le réalise maintenant. Sssouhaite-moi bonne chanccce, sssans-branchies.",""
473,1,1,1,1,1,1,1,1,763,0,0,0,0,0,0,0,1,1,1,1,1,1,1,1,0,0,0,0,0,0,0,0,0,0,0,0,0,0,0,0,False,False,False,False,False,False,False,False,0,0,0,3,0,0,0,0,"Ççça alors, un<hex:020808E905FF02>e<hex:FF01><hex:03> sssans-branchies iccci<hex:021D0103>!? Dites, vous aimez les pourpres, pas vrai<hex:021D0103>?","Non<hex:021D0103>!? Vous devriez, parccce que leurs coquilles font des merveilles quand il sss'agit de teindre des vêtements<hex:021D0103>! Il y a de l'argent à ssse faire, ccc'est moi qui vous le dis<hex:021D0103>!","Eh, ççça vous dirait de m'accompagner pendant que j'en ramasse<hex:021D0103>? J'irais bien tout ssseul, mais je ne fais pas le poids faccce à toutes ccces créatures hossstiles... Je vous récompenssserai comme il ssse doit, ccc'est promis<hex:021D0103>!","Aider Mewshs Laan<hex:021D0103>?<hex:02100103><hex:02100103><hex:024804F201F403><hex:024904F201F503>* Le niveau recommandé pour cet ALÉA est <hex:022003E80203>.<hex:0249020103><hex:0248020103>","","","Oh, ne me dites pas que vous avez peur<hex:021D0103>! Vous pourriez faire preuve d'un peu plusss de courage, quand même<hex:021D0103>! Enfin, puisssque ccc'est votre décccision... Mais vous ne sssavez pas ccce que vous ratez<hex:021D0103>!",""
474,1,1,1,1,1,1,1,1,0,0,0,0,0,0,0,0,1,1,1,1,1,1,1,1,0,0,0,0,0,0,0,0,0,0,0,0,0,0,0,0,False,False,False,False,False,False,False,False,0,0,0,0,0,0,0,0,"J'allais rentrer après avoir terminé ma pêche, mais des anémones pestilentielles m'ont attaqué. Mes prises risquent d'être souillées par leur horrible odeur si on ne fait rien<hex:021D0103>!","","","","","","",""
475,1,1,1,1,1,1,1,1,763,0,0,0,0,0,0,0,1,1,1,1,1,1,1,1,0,0,0,0,0,0,0,0,0,0,0,0,0,0,0,0,False,False,False,False,False,False,False,False,0,0,0,3,0,0,0,0,"Sssans-branchies<hex:021D0103>! Viens-moi en aide, je t'en sssupplie<hex:021D0103>! Un monssstre à la mâchoire géante est apparu dans les environs<hex:021D0103>!","Il sss'est échappé d'une des bâtisses des anccciens et sssème le chaos depuis partout où il passe<hex:021D0103>! Ccce ne peut être que la terrible créature de nos vieilles fables, Archaeotania<hex:021D0103>!","Nous ne pouvons pas la laisser agir à sssa guise, elle détruira tout sssur ssson passage...  J'aimerais étudier les indiccces qu'elle a laissés, mais ccces dagons me bloquent le passage. Pourrais-tu m'aider<hex:021D0103>?","Aider Teushs Ooan<hex:021D0103>?<hex:02100103><hex:02100103><hex:024804F201F403><hex:024904F201F503>* Le niveau recommandé pour cet ALÉA est <hex:022003E80203>.<hex:0249020103><hex:0248020103>","Merccci, sssans-branchies<hex:021D0103>! Les dagons sssont à toi<hex:021D0103>! Bonne chanccce<hex:021D0103>!","","Quel dommage... Mais je ne t'en veux pas. Je sssais que les sssans-branchies ont aussi leurs propres problèmes.",""
476,1,1,1,1,1,1,1,1,0,0,0,0,0,0,0,0,1,1,1,1,1,1,1,1,0,0,0,0,0,0,0,0,0,0,0,0,0,0,0,0,False,False,False,False,False,False,False,False,0,0,0,0,0,0,0,0,"Zumshs Aath, la terreur des abysses... Il inssspecte ccce qu'Archaeotania a laissé sur ssson passage<hex:021D0103>! Il compte cccer<hex:02160103>tai<hex:02160103>ne<hex:02160103>ment ssse ssservir de la bête pour nourrir ssses terribles desseins<hex:021D0103>!","","","","","","",""
477,1,1,1,1,1,1,1,1,763,0,0,0,0,0,0,0,1,1,1,1,1,1,1,1,0,0,0,0,0,0,0,0,0,0,0,0,0,0,0,0,False,False,False,False,False,False,False,False,0,0,0,0,0,0,0,0,"Je dois absssolument inssspecter ccce qu'a laissé Archaeotania derrière elle<hex:021D0103>! Ouvre-moi le passage en abattant ccces dagons, je t'en prie<hex:021D0103>!","","","","","","",""
478,2,2,2,2,2,2,2,2,0,0,0,0,0,0,0,0,1,1,1,1,1,1,1,1,0,0,0,0,0,0,0,0,0,0,0,0,0,0,0,0,False,False,False,False,False,False,False,False,0,3,0,0,0,0,0,0,"J'étais en train de couper du bois quand je me suis retrouvé encerclé par ces triffides qui ont surgi de nulle part... Je ne sais pas comment je vais faire pour récupérer mon bois<hex:021D0103>!","Aider le bûcheron à récupérer le bois coupé<hex:021D0103>?<hex:02100103><hex:02100103><hex:024804F201F403><hex:024904F201F503>* Le niveau recommandé pour cet ALÉA est <hex:022003E80203>.<hex:0249020103><hex:0248020103>","","","Merci<hex:021D0103>! Le bois que j'ai coupé est éparpillé en tas dans les environs. Vous pouvez également en récupérer en éliminant les triffides gêneurs, si besoin.","","Ah, si seulement quelqu'un de fort pouvait m'aider<hex:021D0103>!",""
479,2,2,2,2,2,2,2,2,0,0,0,0,0,0,0,0,1,1,1,1,1,1,1,1,0,0,0,0,0,0,0,0,0,0,0,0,0,0,0,0,False,False,False,False,False,False,False,False,0,0,0,0,0,0,0,0,"Le bois que j'ai coupé est éparpillé en tas dans les environs. Vous pouvez également en récupérer en éliminant les triffides gêneurs, si besoin.","","","","","","",""
480,1,1,1,1,1,1,1,1,0,0,0,0,0,0,0,0,1,1,1,1,1,1,1,1,0,0,0,0,0,0,0,0,0,0,0,0,0,0,0,0,False,False,False,False,False,False,False,False,0,2,0,0,0,0,0,0,"Ah, vous avez ramassé du bois coupé<hex:021D0103>! Vous pouvez me le remettre<hex:021D0103>?","","","","Merci<hex:021D0103>! J'aimerais en récupérer encore un peu. Si vous en ramassez, donnez-le-moi, vous voulez bien<hex:021D0103>?","","Vous pourriez en ramasser un peu plus et me les remettre<hex:021D0103>?",""
481,2,2,2,2,2,2,2,2,0,0,0,0,0,0,0,0,1,1,1,1,1,1,1,1,0,0,0,0,0,0,0,0,0,0,0,0,0,0,0,0,False,False,False,False,False,False,False,False,0,0,0,0,0,0,0,0,"Je ne vais pas tarder à rentrer, je pense que j'ai récupéré assez de bois.","","","","","","",""
482,1,1,1,1,1,1,1,1,0,0,0,0,0,0,0,0,1,1,1,1,1,1,1,1,0,0,0,0,0,0,0,0,0,0,0,0,0,0,0,0,False,False,False,False,False,False,False,False,0,2,0,0,0,0,0,0,"Ah, vous avez ramassé du bois coupé<hex:021D0103>! Vous pouvez me le remettre<hex:021D0103>?","","","","Merci<hex:021D0103>! Vous en avez ramassé assez. Maintenant, il faut juste les transporter sans encombre...","","Je ne vais pas tarder à rentrer, mais dites-moi si vous changez d'avis.",""
483,1,1,1,1,1,1,1,1,0,0,0,0,0,0,0,0,1,1,1,1,1,1,1,1,0,0,0,0,0,0,0,0,0,0,0,0,0,0,0,0,False,False,False,False,False,False,False,False,0,0,0,3,0,0,0,0,"Regarde, sssans-branchies<hex:021D0103>! Le Flet, là-bas... Je penssse que ccc'est Zumshs Aath la terreur des abysses. Non, je n'ai aucun doute, en fait<hex:021D0103>!","Il inssspecte ccce qu'Archaeotania a laissé sssur ssson passage... Nous devons l'arrêter<hex:021D0103>! Il veut pro<hex:02160103>ba<hex:02160103>ble<hex:02160103>ment ssse ssservir de la bête pour mener à bien ssses terribles desseins<hex:021D0103>!","Zumshs est d'une brutalité sssans pareille, même parmi les Flets. J'ai besoin de ton aide sssans-branchies. Mets-le en fuite, sss'il te plaît<hex:021D0103>!","Aider Teushs Ooan<hex:021D0103>?<hex:02100103><hex:02100103><hex:024804F201F403><hex:024904F201F503>* Le niveau recommandé pour cet ALÉA est <hex:022003E80203>.<hex:0249020103><hex:0248020103>","Je compte sssur toi, sssans-branchies<hex:021D0103>! Je vais en profiter pour obssserver comment les tiens ssse battent<hex:021D0103>!","","Fsshhh... Tu ne peux pas<hex:021D0103>? Je comprends... Je ferai de mon mieux ssseul<hex:021D0103>!",""
484,1,1,1,1,1,1,1,1,763,0,0,0,0,0,0,0,1,1,1,1,1,1,1,1,0,0,0,0,0,0,0,0,0,0,0,0,0,0,0,0,False,False,False,False,False,False,False,False,0,0,0,3,0,0,0,0,"Sssans-branchies<hex:021D0103>! J'en ai appris un peu plusss sssur Archaeotania<hex:021D0103>! Malgré sssa taille gigantesssque et ssson incroyable puissanccce, elle ressste toujours sssur ssses gardes et passe ssson temps à ssse cacher<hex:021D0103>!","D'après mes in<hex:02160103>for<hex:02160103>ma<hex:02160103>tions, elle a établi ssson territoire dans les fosses au sssud de Baïne. Moi et les miens l'y avons attendue pour la débusssquer, mais elle n'est jamais sssortie de ssson trou<hex:021D0103>!","Pourrais-tu empêcher ccces oléofurors de sss'en prendre à moi pendant que j'inssspecte cccet endroit à la recherche d'indiccces<hex:021D0103>?","Aider Teushs Ooan<hex:021D0103>?<hex:02100103><hex:02100103><hex:024804F201F403><hex:024904F201F503>* Le niveau recommandé pour cet ALÉA est <hex:022003E80203>.<hex:0249020103><hex:0248020103>","","","Fsshhh... Ccc'est normal. Les Ondos ne sssont pas les ssseuls à requérir ton aide, j'en sssuis sssûr.",""
485,1,1,1,1,1,1,1,1,0,0,0,0,0,0,0,0,1,1,1,1,1,1,1,1,0,0,0,0,0,0,0,0,0,0,0,0,0,0,0,0,False,False,False,False,False,False,False,False,0,0,0,3,0,0,0,0,"Lali-ho<hex:021D0103>! Dites, <hex:020818E905FF0A>voyageuse<hex:FF09>voyageur<hex:03>, vous pourriez me donner un coup de main<hex:021D0103>?","Ces abjects Gogg m'ont proposé une bataille d'automates, et bien sûr, j'ai décidé de relever le défi<hex:021D0103>!","Le problème, c'est que mon automate n'est pas encore prêt<hex:021D0103>! J'ai besoin de prismes volcaniques, vous pourriez m'aider à en trouver<hex:021D0103>?","Aider l'ingénieur des Tholl<hex:021D0103>?<hex:02100103><hex:02100103><hex:024804F201F403><hex:024904F201F503>* Le niveau recommandé pour cet ALÉA est <hex:022003E80203>.<hex:0249020103><hex:0248020103>","","","Oh, très bien... Bon, comment je vais finir mon automate, maintenant<hex:021D0103>?",""
486,1,1,1,1,1,1,1,1,763,0,0,0,0,0,0,0,1,1,1,1,1,1,1,1,0,0,0,0,0,0,0,0,0,0,0,0,0,0,0,0,False,False,False,False,False,False,False,False,0,2,0,0,0,0,0,0,"Lali-ho<hex:021D0103>! Dites, c'est bien des prismes volcaniques que vous avez là<hex:021D0103>? Donnez-les moi, s'il vous plaît<hex:021D0103>!","","","","Oh, merci beaucoup<hex:021D0103>! Mais ça ne suffit pas, apportez-m'en plus<hex:021D0103>!","","Comme vous voulez... Revenez me voir si vous changez d'avis<hex:021D0103>!",""
487,2,2,2,2,2,2,2,2,0,0,0,0,0,0,0,0,1,1,1,1,1,1,1,1,0,0,0,0,0,0,0,0,0,0,0,0,0,0,0,0,False,False,False,False,False,False,False,False,0,0,0,0,0,0,0,0,"Vous pourrez trouver des prismes volcaniques par terre, ou chasser les dicholitus qui s'en nourrissent<hex:021D0103>!","","","","","","",""
488,0,0,0,0,0,0,0,0,0,0,0,0,0,0,0,0,0,0,0,0,0,0,0,0,0,0,0,0,0,0,0,0,0,0,0,0,0,0,0,0,False,False,False,False,False,False,False,False,0,0,0,0,0,0,0,0,"","","","","","","",""
489,2,2,2,2,2,2,2,2,0,0,0,0,0,0,0,0,1,1,1,1,1,1,1,1,0,0,0,0,0,0,0,0,0,0,0,0,0,0,0,0,False,False,False,False,False,False,False,False,0,0,0,0,0,0,0,0,"Lali-ho<hex:021D0103>! Je n'en espérais pas tant<hex:021D0103>! Avec tout ça, je vais pouvoir m'atteler aux derniers préparatifs...","","","","","","",""
490,1,1,1,1,1,1,1,1,0,0,0,0,0,0,0,0,1,1,1,1,1,1,1,1,0,0,0,0,0,0,0,0,0,0,0,0,0,0,0,0,False,False,False,False,False,False,False,False,0,2,0,0,0,0,0,0,"Lali-ho<hex:021D0103>! Dites, c'est bien des prismes volcaniques que vous avez là<hex:021D0103>? Donnez-les moi, s'il vous plaît<hex:021D0103>!","","","","Lali-ho<hex:021D0103>! Merci, c'est plus que suffisant. Avec tout ça, je vais pouvoir m'atteler aux derniers préparatifs...","","Comme vous voulez... Revenez me voir si vous changez d'avis<hex:021D0103>!",""
491,1,1,1,1,1,1,1,1,0,0,0,0,0,0,0,0,1,1,1,1,1,1,1,1,0,0,0,0,0,0,0,0,0,0,0,0,0,0,0,0,False,False,False,False,False,False,False,False,0,0,3,0,0,0,0,0,"Lali-ho<hex:021D0103>! Vous savez vous battre, non<hex:021D0103>? Sûrement mieux que moi, en tout cas.","Pour les derniers réglages de mon automate, j'ai besoin d'un volontaire pour affronter deux prototypes. Je peux compter sur vous<hex:021D0103>?","Aider l'ingénieur des Tholl<hex:021D0103>?<hex:02100103><hex:02100103><hex:024804F201F403><hex:024904F201F503>* Le niveau recommandé pour cet ALÉA est <hex:022003E80203>.<hex:0249020103><hex:0248020103>","","","","C'est dommage... Bon, où est-ce que je vais trouver un cobaye moi...<hex:021D0103>?",""
492,1,1,1,1,1,1,1,1,0,0,0,0,0,0,0,0,1,1,1,1,1,1,1,1,0,0,0,0,0,0,0,0,0,0,0,0,0,0,0,0,False,False,False,False,False,False,False,False,0,0,3,0,0,0,0,0,"Oh, voyageu<hex:02080AE905FF03>se<hex:FF02>r<hex:03><hex:021D0103>! J'ai trouvé un marchand sauvagement attaqué par un monstre pendant ma ronde. J'ai appelé des renforts, mais...","Nous sommes sur le territoire des dracos. Ils sont sensibles à l'odeur du sang et pourraient attaquer à tout moment. Est-ce que je peux vous demander de protéger le marchand blessé quelque temps<hex:021D0103>?","Aider à protéger le marchand blessé<hex:021D0103>?<hex:02100103><hex:02100103><hex:024804F201F403><hex:024904F201F503>* Le niveau recommandé pour cet ALÉA est <hex:022003E80203>.<hex:0249020103><hex:0248020103>","","","","Si vous tenez à la vie, ne restez pas là. Qui sait quand les dracos peuvent attaquer...",""
493,1,1,1,1,1,1,1,1,0,0,0,0,0,0,0,0,1,1,1,1,1,1,1,1,0,0,0,0,0,0,0,0,0,0,0,0,0,0,0,0,False,False,False,False,False,False,False,False,0,0,0,0,0,0,0,0,"Maudits dracos... Ils m'ont mordu... J'ai mal...","","","","","","",""
494,2,2,2,2,2,2,2,2,0,0,0,0,0,0,0,0,1,1,1,1,1,1,1,1,0,0,0,0,0,0,0,0,7,0,0,0,0,0,0,0,False,False,False,False,False,False,False,False,0,0,0,0,0,0,0,0,"Cet amas de chair ressemble aux restes d'un animal. Le prédateur responsable de ce carnage doit posséder une gigantesque mâchoire...","","","","","","",""
495,2,2,2,2,2,2,2,2,0,0,0,0,0,0,0,0,1,1,1,1,1,1,1,1,0,0,0,0,0,0,0,0,0,0,0,0,0,0,0,0,False,False,False,False,False,False,False,False,0,0,0,0,0,0,0,0,"Oh, vous êtes un<hex:020808E905FF02>e<hex:FF01><hex:03> voyageu<hex:02080AE905FF03>se<hex:FF02>r<hex:03><hex:021D0103>? J'ai un problème<hex:021D0103>: ce marchand semble blessé...","Mais il ne répond pas quand on lui parle. Peut-être un traumatisme<hex:021D0103>? Est-ce que vous pourriez essayer de lui parler pour savoir ce qui se passe, vous aussi<hex:021D0103>?","","","","","",""
496,1,1,1,1,1,1,1,1,0,0,0,0,0,0,0,0,1,1,1,1,1,1,1,1,0,0,0,0,0,0,0,0,0,0,0,0,0,0,0,0,False,False,False,False,False,False,False,False,0,3,0,0,0,0,0,0,"Ah... argh...","Interroger le marchand<hex:021D0103>?<hex:02100103><hex:02100103><hex:024804F201F403><hex:024904F201F503>* Le niveau recommandé pour cet ALÉA est <hex:022003E80203>.<hex:0249020103><hex:0248020103>","","","","","",""
497,2,2,2,2,2,2,2,2,0,0,0,0,0,0,0,0,1,1,1,1,1,1,1,1,0,0,0,0,0,0,0,0,7,0,0,0,0,0,0,0,False,False,False,False,False,False,False,False,0,0,0,0,0,0,0,0,"Les restes de cet animal sont maculés d'une substance rouge, mais qui ne ressemble pas à du sang...","","","","","","",""
498,1,1,1,1,1,1,1,1,0,0,0,0,0,0,0,0,1,1,1,1,1,1,1,1,0,0,0,0,0,0,0,0,0,0,0,0,0,0,0,0,False,False,False,False,False,False,False,False,0,0,0,0,0,0,0,0,"Protéger la forêt est la mission des habitantes de Fanow... Nous devons être vigilantes en toutes cir<hex:02160103>cons<hex:02160103>tan<hex:02160103>ces<hex:021D0103>!","","","","","","",""
499,1,1,1,1,1,1,1,1,0,0,0,0,0,0,0,0,1,1,1,1,1,1,1,1,0,0,0,0,0,0,0,0,0,0,0,0,0,0,0,0,False,False,False,False,False,False,False,False,0,0,0,0,0,0,0,0,"Je peux vous aider<hex:021D0103>?","","","","","","",""
500,1,1,1,1,1,1,1,1,0,0,0,0,0,0,0,0,1,1,1,1,1,1,1,1,0,0,0,0,0,0,0,0,0,0,0,0,0,0,0,0,False,False,False,False,False,False,False,False,0,0,0,0,0,0,0,0,"Sans nos griffons nous ne pourrions pas protéger la forêt, vous savez.","","","","","","",""
501,1,1,1,1,1,1,1,1,0,0,0,0,0,0,0,0,1,1,1,1,1,1,1,1,0,0,0,0,0,0,0,0,0,0,0,0,0,0,0,0,False,False,False,False,False,False,False,False,0,0,0,0,0,0,0,0,"L'équilibre délicat entre les animaux de la forêt et l'héritage de Ronka est unique.","","","","","","",""
502,1,1,1,1,1,1,1,1,0,0,0,0,0,0,0,0,1,1,1,1,1,1,1,1,0,0,0,0,0,0,0,0,0,0,0,0,0,0,0,0,False,False,False,False,False,False,False,False,0,0,3,0,0,0,0,0,"Les plumes de tarichuk sont parfaites pour fabriquer les flèches. J'ai laissé le soin à mes camarades d'aller en récupérer, mais j'ai bien peur qu'on soit quand même rapidement à court...","Ça serait vraiment nous rendre un grand service si tu acceptais de nous aider<hex:021D0103>! ","Aller récupérer des plumes de tarichuk<hex:021D0103>?<hex:02100103><hex:02100103><hex:024804F201F403><hex:024904F201F503>* Le niveau recommandé pour cet ALÉA est <hex:022003E80203>.<hex:0249020103><hex:0248020103>","","","","D'accord, je ne vais pas te forcer.",""
503,1,1,1,1,1,1,1,1,0,0,0,0,0,0,0,0,1,1,1,1,1,1,1,1,0,0,0,0,0,0,0,0,0,0,0,0,0,0,0,0,False,False,False,False,False,False,False,False,0,2,0,0,0,0,0,0,"On dirait que tu es en possession de plumes de tarichuk, je me trompe<hex:021D0103>? C'est pour moi<hex:021D0103>?","","","","Je te remercie<hex:021D0103>! Bon, il en manque quand même toujours... Tu as encore un peu de temps pour m'aider<hex:021D0103>?","","Hum... Toi aussi tu veux t'en servir pour fabriquer des flèches<hex:021D0103>?",""
504,1,1,1,1,1,1,1,1,0,0,0,0,0,0,0,0,1,1,1,1,1,1,1,1,0,0,0,0,0,0,0,0,0,0,0,0,0,0,0,0,False,False,False,False,False,False,False,False,0,0,0,0,0,0,0,0,"Depuis qu'on utilise des plumes de tarichuk pour nos flèches, elles sont beaucoup plus précises.","","","","","","",""
505,1,1,1,1,1,1,1,1,0,0,0,0,0,0,0,0,1,1,1,1,1,1,1,1,0,0,0,0,0,0,0,0,0,0,0,0,0,0,0,0,False,False,False,False,False,False,False,False,0,2,0,0,0,0,0,0,"On commence à avoir pas mal de plumes<hex:021D0103>! Tu m'en as ramené aussi<hex:021D0103>?","","","","Ah, merci, vraiment<hex:021D0103>! Avec ça on devrait être tranquille pour un moment<hex:021D0103>!","","Hum... Toi aussi tu veux t'en servir pour fabriquer des flèches<hex:021D0103>?",""
506,1,1,1,1,1,1,1,1,0,0,0,0,0,0,0,0,1,1,1,1,1,1,1,1,0,0,0,0,0,0,0,0,0,0,0,0,0,0,0,0,False,False,False,False,False,False,False,False,0,0,0,0,0,0,0,0,"Depuis qu'on utilise des plumes de tarichuk pour nos flèches, elles sont beaucoup plus précises.","","","","","","",""
507,1,1,1,1,1,1,1,1,0,0,0,0,0,0,0,0,1,1,1,1,1,1,1,1,0,0,0,0,0,0,0,0,0,0,0,0,0,0,0,0,False,False,False,False,False,False,False,False,0,0,0,0,0,0,0,0,"Nous avons perdu beaucoup de nos camarades viis à cause du déluge de Lumière. Seules les habitantes de Fanow continuent de protéger la forêt de nos jours.","","","","","","",""
508,1,1,1,1,1,1,1,1,0,0,0,0,0,0,0,0,1,1,1,1,1,1,1,1,0,0,0,0,0,0,0,0,0,0,0,0,0,0,0,0,False,False,False,False,False,False,False,False,0,0,0,0,0,0,0,0,"Je n'aurais jamais pensé rencontrer un<hex:020808E905FF02>e<hex:FF01><hex:03> étrang<hex:02080DE905FF05>ère<hex:FF03>er<hex:03> qui sache se battre aussi bien que vous<hex:021D0103>!","Vos techniques de combat sont différentes, mais je dois reconnaître que vous devez avoir eu un excellent professeur.","","","","","",""
509,1,1,1,1,1,1,1,1,0,0,0,0,0,0,0,0,1,1,1,1,1,1,1,1,0,0,0,0,0,0,0,0,0,0,0,0,0,0,0,0,False,False,False,False,False,False,False,False,0,0,0,0,0,0,0,0,"Patrouiller, ça me donne toujours tellement faim... Dites, quel genre de nourriture vous mangez d'habitude à l'extérieur<hex:021D0103>?","","","","","","",""
510,1,1,1,1,1,1,1,1,0,0,0,0,0,0,0,0,1,1,1,1,1,1,1,1,0,0,0,0,0,0,0,0,0,0,0,0,0,0,0,0,False,False,False,False,False,False,False,False,0,0,0,0,0,0,0,0,"Il y avait énormément d'oiseaux migrateurs dans la région avant le déluge de Lumière, vous savez...","Comme ces oiseaux mangeaient les chenilles et autres insectes, ils empêchaient la prolifération des maladies. Maintenant qu'ils ne migrent plus par ici, c'est à nous d'assurer ce rôle.","","","","","",""
511,1,1,1,1,1,1,1,1,0,0,0,0,0,0,0,0,1,1,1,1,1,1,1,1,0,0,0,0,0,0,0,0,0,0,0,0,0,0,0,0,False,False,False,False,False,False,False,False,0,0,0,0,0,0,0,0,"Oh bah, ça alors<hex:021D0103>! <hex:02081BE905FF0C>Une humaine<hex:FF0A>Un humain<hex:03><hex:021D0103>! Et pas enfeuillé<hex:020808E905FF02>e<hex:FF01><hex:03>, en plus<hex:021D0103>!","Ah, mais je sais. Tu es <hex:02083EE905FF1E>la petite humaine préférée<hex:FF1B>le petit humain préféré<hex:03> de quelqu'un de chez nous. T'aurais déjà pris racine sinon<hex:021D0103>!","","","","","",""
512,1,1,1,1,1,1,1,1,0,0,0,0,0,0,0,0,1,1,1,1,1,1,1,1,0,0,0,0,0,0,0,0,0,0,0,0,0,0,0,0,False,False,False,False,False,False,False,False,0,0,0,0,0,0,0,0,"Tiens, d'ailleurs, tu connais les Fuath<hex:021D0103>? Vaut mieux t'en méfier, parce que eux, y a que les mauvaises blagues qui les amusent.","Fais surtout attention à là où y a de l'eau. Que ce soit un lac ou une petite flaque de rien du tout, ça fait partie de leur territoire<hex:021D0103>!","","","","","",""
513,1,1,1,1,1,1,1,1,0,0,0,0,0,0,0,0,1,1,1,1,1,1,1,1,0,0,0,0,0,0,0,0,0,0,0,0,0,0,0,0,False,False,False,False,False,False,False,False,0,0,0,0,0,0,0,0,"Rien que d'en parler, j'en ai le bout des ailes qui tremblote. À moins que... y en ait un pas loin<hex:021D0103>!","","","","","","",""
514,1,1,1,1,1,1,1,1,0,0,0,0,0,0,0,0,1,1,1,1,1,1,1,1,0,0,0,0,0,0,0,0,0,0,0,0,0,0,0,0,False,False,False,False,False,False,False,False,0,0,0,0,0,0,0,0,"Ces Fuath avaient envouté ce planeur vert avec un de leur sort... (soupire)... Pourquoi sont-ils aussi méchants<hex:021D0103>?","Est-ce parce qu'ils naissent des âmes des noyés<hex:021D0103>? J'ai déjà entendu mes plus vieux aînés parler de ça...","","","","","",""
515,1,1,1,1,1,1,1,1,0,0,0,0,0,0,0,0,1,1,1,1,1,1,1,1,0,0,0,0,0,0,0,0,0,0,0,0,0,0,0,0,False,False,False,False,False,False,False,False,0,0,0,0,0,0,0,0,"Tous les Nu Mou connaissent les terribles frères Daen<hex:021D0103>! C'est dire si leur réputation est exécrable<hex:021D0103>!","","","","","","",""
516,1,1,1,1,1,1,1,1,0,0,0,0,0,0,0,0,1,1,1,1,1,1,1,1,0,0,0,0,0,0,0,0,0,0,0,0,0,0,0,0,False,False,False,False,False,False,False,False,0,0,0,0,0,0,0,0,"Ça fait un moment qu'on n'a pas croisé les frères Daen... J'ai une idée<hex:021D0103>! Et si c'était nous qui allions les embêter pour une fois<hex:021D0103>!?","","","","","","",""
517,1,1,1,1,1,1,1,1,0,0,0,0,0,0,0,0,1,1,1,1,1,1,1,1,0,0,0,0,0,0,0,0,0,0,0,0,0,0,0,0,False,False,False,False,False,False,False,False,0,3,0,0,0,0,0,0,"Dis, je voulais aller récolter un peu de nectar, mais y a cette bande d'anémones qui me bloque la route. Tu pourrais t'en occuper pour moi<hex:021D0103>?","Aider la Pixie<hex:021D0103>?<hex:02100103><hex:02100103><hex:024804F201F403><hex:024904F201F503>* Le niveau recommandé pour cet ALÉA est <hex:022003E80203>.<hex:0249020103><hex:0248020103>","","","","","T-tu veux pas m'aider<hex:021D0103>!? C'est pas gentil<hex:021D0103>! Pas gentil du tout<hex:021D0103>! Comment je vais faire, moi<hex:021D0103>!?",""
518,1,1,1,1,1,1,1,1,0,0,0,0,0,0,0,0,1,1,1,1,1,1,1,1,0,0,0,0,0,0,0,0,0,0,0,0,0,0,0,0,False,False,False,False,False,False,False,False,0,0,3,0,0,0,0,0,"Salut<hex:021D0103>! Je suis là pour récupérer du nectar, mais ces sales abeilles me laissent pas approcher<hex:021D0103>!","T'as pas l'air d'avoir peur des piqûres, toi<hex:021D0103>! Tu veux bien récupérer un peu de nectar doré à ma place<hex:021D0103>?","Aider la Pixie à récolter du nectar doré<hex:021D0103>?<hex:02100103><hex:02100103><hex:024804F201F403><hex:024904F201F503>* Le niveau recommandé pour cet ALÉA est <hex:022003E80203>.<hex:0249020103><hex:0248020103>","","","","Elles te font peur aussi...<hex:021D0103>? Comment je vais faire...<hex:021D0103>? Je le voulais ce nectar, moi...",""
519,1,1,1,1,1,1,1,1,0,0,0,0,0,0,0,0,1,1,1,1,1,1,1,1,0,0,0,0,0,0,0,0,0,0,0,0,0,0,0,0,False,False,False,False,False,False,False,False,0,2,0,0,0,0,0,0,"T'as trouvé du nectar<hex:021D0103>!? Tu vas me le donner, hein<hex:021D0103>!? Hein<hex:021D0103>!? Hein<hex:021D0103>!?","","","","Youpi<hex:021D0103>! J'en veux plein<hex:021D0103>! Alors ramène-m'en encore plus si tu peux, d'accord<hex:021D0103>!?","","Non<hex:021D0103>? Ça aime le nectar aussi, les humains<hex:021D0103>?",""
520,1,1,1,1,1,1,1,1,0,0,0,0,0,0,0,0,1,1,1,1,1,1,1,1,0,0,0,0,0,0,0,0,0,0,0,0,0,0,0,0,False,False,False,False,False,False,False,False,0,0,0,0,0,0,0,0,"Faut toujours que les abeilles viennent chiper du nectar<hex:021D0103>! Et nous, alors<hex:021D0103>!?","","","","","","",""
521,1,1,1,1,1,1,1,1,0,0,0,0,0,0,0,0,1,1,1,1,1,1,1,1,0,0,0,0,0,0,0,0,0,0,0,0,0,0,0,0,False,False,False,False,False,False,False,False,0,2,0,0,0,0,0,0,"J'ai récolté assez de nectar, alors je vais pas tarder à rentrer. Mais si t'en as encore, je prends<hex:021D0103>!","","","","Super<hex:021D0103>! Encore plus de nectar<hex:021D0103>!","","Ah<hex:021D0103>? Tu veux en garder un peu pour toi, c'est ça<hex:021D0103>?",""
522,1,1,1,1,1,1,1,1,0,0,0,0,0,0,0,0,1,1,1,1,1,1,1,1,0,0,0,0,0,0,0,0,0,0,0,0,0,0,0,0,False,False,False,False,False,False,False,False,0,0,0,0,0,0,0,0,"Faut toujours que les abeilles viennent chiper du nectar<hex:021D0103>! Et nous, alors<hex:021D0103>!?","","","","","","",""
523,1,1,1,1,1,1,1,1,0,0,0,0,0,0,0,0,1,1,1,1,1,1,1,1,0,0,0,0,0,0,0,0,0,0,0,0,0,0,0,0,False,False,False,False,False,False,False,False,0,0,0,0,0,0,0,0,"Je suis un chasseur de trésors, oui, j'en suis un<hex:021D0103>! Je suis venu ici parce que j'ai entendu dire qu'on trouve des objets de valeur dans le coin... Mais j'ai été attaqué par des méchantes créatures, des très méchantes<hex:021D0103>!","Les mandicisailles creusent des trous pour se cacher<hex:021D0103>! C'est pour ça que les trésors enfouis remontent parfois à la surface, oui<hex:021D0103>! J'ai hâte d'en trouver, j'ai vraiment hâte<hex:021D0103>!","","","","","",""
524,1,1,1,1,1,1,1,1,0,0,0,0,0,0,0,0,1,1,1,1,1,1,1,1,0,0,0,0,0,0,0,0,0,0,0,0,0,0,0,0,False,False,False,False,False,False,False,False,0,0,3,0,0,0,0,0,"Voyageu<hex:02080AE905FF03>se<hex:FF02>r<hex:03>, j'ai besoin de ton aide... Mon employeur a découvert un parchemin qui a tout l'air d'être une carte, et depuis, il est com<hex:02160103>plè<hex:02160103>te<hex:02160103>ment obsédé par la chasse du trésor dont elle semble indiquer le lieu.","Mais comme tu peux le voir, il s'agit de l'endroit où vit une horde de lézards. J'aimerais que tu les chasses d'ici. Tu veux bien<hex:021D0103>?","Aider Darmal<hex:021D0103>?<hex:02100103><hex:02100103><hex:024804F201F403><hex:024904F201F503>* Le niveau recommandé pour cet ALÉA est <hex:022003E80203>.<hex:0249020103><hex:0248020103>","","","","Je vois... Bon<hex:021D0103>! Comment je vais pouvoir expliquer ça à mon employeur<hex:021D0103>?...",""
525,1,1,1,1,1,1,1,1,0,0,0,0,0,0,0,0,1,1,1,1,1,1,1,1,0,0,0,0,0,0,0,0,0,0,0,0,0,0,0,0,False,False,False,False,False,False,False,False,0,0,0,0,0,0,0,0,"Oh, tu as vu l'Échine du Simoun, oui tu l'as vue, pas vrai<hex:021D0103>? Comme son nom l'indique, c'était le dos d'une énorme créature appelée Simoun. On dit même que son âme apparaît la nuit, oui<hex:021D0103>!","C'est pour cette raison que les jeunes Mords passent la nuit entière sur ces os pour prouver leur courage, ils démontrent leur courage comme ça<hex:021D0103>! Bien sûr, moi aussi, je l'ai fait, oui<hex:021D0103>!","","","","","",""
526,1,1,1,1,1,1,1,1,0,0,0,0,0,0,0,0,1,1,1,1,1,1,1,1,0,0,0,0,0,0,0,0,0,0,0,0,0,0,0,0,False,False,False,False,False,False,False,False,0,0,0,0,0,0,0,0,"Ça, c'est le cuijapampa, oui, c'est lui<hex:021D0103>! C'est le cultivar le plus imposant et qui a la plus grande longévité parmi les gigapampas<hex:021D0103>! Mieux vaut ne pas trop s'en approcher car il est très fort, oui<hex:021D0103>!","Mais je suis sûr qu'il se tient là où le trésor est indiqué par notre carte... Donc, pour l'obtenir, on doit abattre le cuijapampa, oui<hex:021D0103>!","","","","","",""
527,1,1,1,1,1,1,1,1,0,0,0,0,0,0,0,0,1,1,1,1,1,1,1,1,0,0,0,0,0,0,0,0,0,0,0,0,0,0,0,0,False,False,False,False,False,False,False,False,0,0,0,0,0,0,0,0,"Vo-voyageu<hex:02080AE905FF03>se<hex:FF02>r<hex:03><hex:021D0103>! Notre trésor a été emporté par un gros oiseau, oui, il l'a emporté, il l'a volé<hex:021D0103>!","Ce maudit volatile est connu sous le nom de Récureur<hex:021D0103>! C'est l'ennemi juré des chasseurs de trésors comme nous, oui<hex:021D0103>! Aide-nous à l'abattre, je t'en prie, aide-nous<hex:021D0103>!","","","","","",""
528,2,2,2,2,2,2,2,2,0,0,0,0,0,0,0,0,1,1,1,1,1,1,1,1,0,0,0,0,0,0,0,0,0,0,0,0,0,0,0,0,False,False,False,False,False,False,False,False,0,0,0,0,0,0,0,0,"Ici, ce sont les Collines d'Ambre, oui. Nous autres chasseurs de trésors, on les appelle juste les “collines”, juste les “collines”<hex:021D0103>!","Il y a plein de mines abandonnées et de ruines dans les environs, et donc plein de choses à déterrer<hex:021D0103>! Mais c'est aussi un lieu plein de dangers, oui, plein de dangers<hex:021D0103>! Regarde, il y a même des brigands<hex:021D0103>!","","","","","",""
529,2,2,2,2,2,2,2,2,0,0,0,0,0,0,0,0,1,1,1,1,1,1,1,1,0,0,0,0,0,0,0,0,0,0,0,0,0,0,0,0,False,False,False,False,False,False,False,False,0,0,0,0,0,0,0,0,"L'épée de l'ancien... Il s'agit d'une épée magique très puissante qui est mentionnée dans un vieux rouleau ronso, oui<hex:021D0103>! Je dois l'obtenir à tout prix, je le dois<hex:021D0103>!","","","","","","",""
530,2,2,2,2,2,2,2,2,0,0,0,0,0,0,0,0,1,1,1,1,1,1,1,1,0,0,0,0,0,0,0,0,0,0,0,0,0,0,0,0,False,False,False,False,False,False,False,False,0,0,0,0,0,0,0,0,"De nos jours, les Ronsos ont des noms qui ressemblent à ceux des Humes, mais autrefois, ils en utilisaient des spéciaux qui provenaient de la langue ancienne.","“Kelk” et “Biran” sont en fait les noms de Ronsos des temps anciens. C'est parce que ce peuple avait pour tradition d'appeler les montagnes et les villages par le nom de ceux qui s'étaient illustrés par leurs actes.","","","","","",""
531,1,1,1,1,1,1,1,1,0,0,0,0,0,0,0,0,1,1,1,1,1,1,1,1,0,0,0,0,0,0,0,0,0,0,0,0,0,0,0,0,False,False,False,False,False,False,False,False,0,3,0,0,0,0,0,0,"On est venus dans ces ruines pour trouver un trésor, mais il est impossible de s'approcher parce qu'il y a trop de trop de tatous qui flânent dans les environs... Tu veux bien nous donner un coup de main<hex:021D0103>?","Aider Darmal<hex:021D0103>?<hex:02100103><hex:02100103><hex:024804F201F403><hex:024904F201F503>* Le niveau recommandé pour cet ALÉA est <hex:022003E80203>.<hex:0249020103><hex:0248020103>","","","","","Je vois... Bon<hex:021D0103>! Comment je vais pouvoir expliquer ça à mon employeur<hex:021D0103>?...",""
532,2,2,2,2,2,2,2,2,0,0,0,0,0,0,0,0,1,1,1,1,1,1,1,1,0,0,0,0,0,0,0,0,0,0,0,0,0,0,0,0,False,False,False,False,False,False,False,False,0,0,0,0,0,0,0,0,"●ノルマ達成前","","","","","","",""
533,2,2,2,2,2,2,2,2,0,0,0,0,0,0,0,0,1,1,1,1,1,1,1,1,0,0,0,0,0,0,0,0,0,0,0,0,0,0,0,0,False,False,False,False,False,False,False,False,0,2,0,0,0,0,0,0,"●ノルマ達成前受け取り","","","","●まだ足りない","","●納品キャンセル",""
534,2,2,2,2,2,2,2,2,0,0,0,0,0,0,0,0,1,1,1,1,1,1,1,1,0,0,0,0,0,0,0,0,0,0,0,0,0,0,0,0,False,False,False,False,False,False,False,False,0,0,0,0,0,0,0,0,"●ノルマ達成後","","","","","","",""
535,2,2,2,2,2,2,2,2,0,0,0,0,0,0,0,0,1,1,1,1,1,1,1,1,0,0,0,0,0,0,0,0,0,0,0,0,0,0,0,0,False,False,False,False,False,False,False,False,0,2,0,0,0,0,0,0,"●ノルマ達成後受け取り","","","","●もう充分","","●納品キャンセル",""
536,1,1,1,2,2,2,2,2,0,0,0,0,0,0,0,0,1,1,1,1,1,1,1,1,0,0,0,0,0,0,0,0,0,0,0,0,0,0,0,0,False,False,False,False,False,False,False,False,0,0,3,0,0,0,0,0,"Tu es ici pour voir comment on prépare le mochi de la transition<hex:021D0103>? Tu arrives au bon moment, on était sur le point de commencer<hex:021D0103>!","Cette année, c'est ce gozu venu tout droit de la plaine de Yanxia qui joue du maillet. Prépare-toi, ça va être un spectacle à décorner les bœufs<hex:021D0103>!","Assister à la préparation du mochi<hex:021D0103>?<hex:02100103><hex:02100103><hex:024804F201F403><hex:024904F201F503>* Le niveau recommandé pour cet ALÉA est <hex:022003E80203>.<hex:0249020103><hex:0248020103>","","","","Dommage, tu rates quelque chose<hex:021D0103>! Hésite pas à me faire signe si tu changes d'avis.",""
537,2,2,2,2,2,2,2,2,0,0,0,0,0,0,0,0,1,1,1,1,1,1,1,1,0,0,0,0,0,0,0,0,0,0,0,0,0,0,0,0,False,False,False,False,False,False,False,False,0,0,0,0,0,0,0,0,"","","","","","","",""
538,2,2,2,2,2,2,2,2,950,715,0,0,0,0,764,0,1,1,1,1,1,1,1,1,0,0,0,0,0,0,0,0,0,0,0,0,0,0,0,0,False,False,False,False,False,False,False,False,0,0,3,0,0,0,0,0,"Salut<hex:021D0103>! La parade de la chasse aux Prœufs va débuter, ça te dirait d'y participer<hex:021D0103>? Il te suffit de suivre le cortège, et de distribuer des œufs à tous les enfants que tu croiseras<hex:021D0103>!","Ah, et comme tu peux le voir, on a tous revêtu nos déguisements de lapin. Ce n'est pas une obligation, mais je t'invite à en faire autant pour la forme<hex:021D0103>!","Participer à la parade<hex:021D0103>?<hex:02100103><hex:02100103><hex:024804F201F403><hex:024904F201F503>* Le niveau recommandé pour cet ALÉA est <hex:022003E80203>.<hex:0249020103><hex:0248020103>","","","","Tu as encore un peu de temps pour changer d'avis<hex:021D0103>!",""
539,0,0,0,0,0,0,0,0,0,0,0,0,0,0,0,0,0,0,0,0,0,0,0,0,0,0,0,0,0,0,0,0,0,0,0,0,0,0,0,0,False,False,False,False,False,False,False,False,0,0,0,0,0,0,0,0,"","","","","","","",""
540,1,2,2,2,2,2,2,2,0,763,0,0,0,0,737,0,1,1,1,1,1,1,1,1,0,0,0,0,0,0,0,0,0,0,0,0,0,0,0,0,False,False,False,False,False,False,False,False,0,0,3,0,0,0,0,0,"S-salut. Tu veux bien nous aider à attraper les poules<hex:021D0103>? Elles sont vraiment nombreuses, et mes collègues lapins sont à bout de souffle...","D'autres s'occupent de les rabattre vers ici. Elles devraient pas tarder à débarquer en nombre, c'est le moment ou jamais de leur mettre le grappin dessus<hex:021D0103>!","Aider les organisateurs de la chasse aux Prœufs à attraper les poules<hex:021D0103>?<hex:02100103><hex:02100103><hex:024804F201F403><hex:024904F201F503>* Le niveau recommandé pour cet ALÉA est <hex:022003E80203>.<hex:0249020103><hex:0248020103>","","","","T'as pas envie de te fatiguer<hex:021D0103>? Je comprends... Fais-moi signe si tu changes d'avis.",""
541,0,2,2,2,2,2,2,2,690,0,0,0,0,0,0,0,1,1,1,1,1,1,1,1,0,0,0,0,0,0,0,0,0,0,0,0,0,0,0,0,False,False,False,False,False,False,False,False,0,0,0,0,0,0,0,0,"Qu'est-ce que j'fous là, sérieux... J'étais juste venu vendre des bouilloires, à la base...","","","","","","",""
542,2,2,2,2,2,2,2,2,737,0,0,0,0,0,0,0,1,1,1,1,1,1,1,1,0,0,0,0,0,0,0,0,0,0,0,0,0,0,0,0,False,False,False,False,False,False,False,False,0,0,0,0,0,0,0,0,"Si j'suis là, c'est à cause de mes créanciers. Ils m'ont dit<hex:021D0103>: “Écoute, mon gars, si tu peux pas régler ton ardoise, alors tu dois participer à la parade de la chasse aux Prœufs.” Je sais, y a aucun rapport avec la choucroute... À croire qu'ils voulaient juste m'humilier, ces bâtards<hex:021D0103>!","","","","","","",""
543,2,2,2,2,2,2,2,2,704,0,0,0,0,0,0,0,1,1,1,1,1,1,1,1,0,0,0,0,0,0,0,0,0,0,0,0,0,0,0,0,False,False,False,False,False,False,False,False,0,0,0,0,0,0,0,0,"Saletés de boules de suie... Alors quoi, on a même plus le droit de souffler cinq minutes<hex:021D0103>!?","","","","","","",""
544,2,2,2,2,2,2,2,2,763,0,0,0,0,0,0,0,1,1,1,1,1,1,1,1,0,0,0,0,0,0,0,0,0,0,0,0,0,0,0,0,False,False,False,False,False,False,False,False,0,0,0,0,0,0,0,0,"Oh, <hex:020832E905FF17>ma cliente préférée<hex:FF16>mon client préféré<hex:03><hex:021D0103>! Décidément, j'ai bien fait de venir. Cette parade, c'est pour moi l'occasion d'accomplir une bonne action... et aussi, on ne va pas se le cacher, de promouvoir mon commerce à moindres frais<hex:021D0103>!","","","","","","",""
545,2,2,2,2,2,2,2,2,933,0,0,0,0,0,0,0,1,1,1,1,1,1,1,1,0,0,0,0,0,0,0,0,0,0,0,0,0,0,0,0,False,False,False,False,False,False,False,False,0,0,0,0,0,0,0,0,"En plus du cadeau, je me suis permis de glisser une petite brochure commerciale dans chacun de mes œufs-surprises. Elle mentionne notamment le prix de rachat de certains articles que je recherche depuis longtemps, à toutes fins utiles...","","","","","","",""
546,0,2,2,2,2,2,2,2,736,0,0,0,0,0,0,0,1,1,1,1,1,1,1,1,0,0,0,0,0,0,0,0,0,0,0,0,0,0,0,0,False,False,False,False,False,False,False,False,0,0,0,0,0,0,0,0,"Le lapin torse nu... j'ai l'impression de le connaître. Mais le type auquel je pense est pas du genre charitable, alors j'ai un doute...","","","","","","",""
547,2,2,2,2,2,2,2,2,0,0,0,0,0,0,0,0,1,1,1,1,1,1,1,1,0,0,0,0,0,0,0,0,0,0,0,0,0,0,0,0,False,False,False,False,False,False,False,False,0,0,0,3,0,0,0,0,"<hex:02082BE905FF14>Grande libératrice<hex:FF12>Grand libérateur<hex:03>, j'ai une mission taillée pour quelqu'un de votre trempe<hex:021D0103>! Nous avons découvert que les Impériaux testaient ré<hex:02160103>gu<hex:02160103>liè<hex:02160103>re<hex:02160103>ment de nouveaux modèles d'armes magitek dans les environs.","Si nous parvenions à récupérer quelques-uns de leurs composants, nos équipes pourraient en tirer parti pour élaborer des contremesures.","En un sens, c'est la survie de nos troupes qui est en jeu<hex:021D0103>! Alors, vous voulez bien vous joindre à l'opération<hex:021D0103>?","Livrer des pièces d'arme magitek aux résistants<hex:021D0103>?","Vous en êtes<hex:021D0103>? Parfait<hex:021D0103>! Essayez de m'apporter plusieurs pièces en une fois, ça ira plus vite.","","Je vois, vous avez d'autres priorités... Dans ce cas, il est plus sage pour moi de remettre cette opération à plus tard.",""
548,2,2,2,2,2,2,2,2,0,0,0,0,0,0,0,0,1,1,1,1,1,1,1,1,0,0,0,0,0,0,0,0,0,0,0,0,0,0,0,0,False,False,False,False,False,False,False,False,0,0,0,0,0,0,0,0,"Hein, vous n'avez toujours pas récupéré la moindre pièce<hex:021D0103>!?","Vous pouvez détruire des armes magitek pour en récupérer, ou bien ramasser celles qui jonchent le sol. Quoi qu'il en soit, faites vite, mes hommes ne tiendront pas éter<hex:02160103>nel<hex:02160103>le<hex:02160103>ment<hex:021D0103>!","","","","","",""
549,2,2,2,2,2,2,2,2,0,0,0,0,0,0,0,0,1,1,1,1,1,1,1,1,0,0,0,0,0,0,0,0,0,0,0,0,0,0,0,0,False,False,False,False,False,False,False,False,0,2,0,0,0,0,0,0,"Des pièces d'arme magitek<hex:021D0103>? Je prends<hex:021D0103>!","","","","Il nous en faudrait davantage pour faciliter le travail de nos ingénieurs. Continuez comme ça<hex:021D0103>!","","",""
550,2,2,2,2,2,2,2,2,0,0,0,0,0,0,0,0,1,1,1,1,1,1,1,1,0,0,0,0,0,0,0,0,0,0,0,0,0,0,0,0,False,False,False,False,False,False,False,False,0,0,0,0,0,0,0,0,"Quelle efficacité<hex:021D0103>! Bravo<hex:021D0103>!","Avec tous ces composants, les armes ennemies n'auront bientôt plus de secrets pour nous<hex:021D0103>! Enfin, je l'espère.","Si vous vous sentez de m'apporter d'autres pièces, surtout n'hésitez pas.","","","","",""
551,2,2,2,2,2,2,2,2,0,0,0,0,0,0,0,0,1,1,1,1,1,1,1,1,0,0,0,0,0,0,0,0,0,0,0,0,0,0,0,0,False,False,False,False,False,False,False,False,0,2,0,0,0,0,0,0,"Quelle efficacité<hex:021D0103>! Bravo<hex:021D0103>!","","","","Avec tous ces composants, les armes ennemies n'auront bientôt plus de secrets pour nous<hex:021D0103>! Enfin, je l'espère.","Si vous vous sentez de m'apporter d'autres pièces, surtout n'hésitez pas.","",""
552,2,2,2,2,2,2,2,2,0,0,0,0,0,0,0,0,1,1,1,1,1,1,1,1,0,0,0,0,0,0,0,0,0,0,0,0,0,0,0,0,False,False,False,False,False,False,False,False,0,0,3,0,0,0,0,0,"<hex:02082BE905FF14>Grande libératrice<hex:FF12>Grand libérateur<hex:03>, j'ai un service à vous demander. Cette jeune Miqo'te est une déserteuse, voyez-vous. Selon ses dires, elle ne supportait plus la façon dont les Impériaux traitaient ce... poulain cornu, alors elle a filé en douce avec lui. Et maintenant, elle voudrait rejoindre la résistance.","Il faudrait que j'aille en discuter avec nos camarades, mais les Impériaux risquent de lui tomber dessus entre-temps. Pourriez-vous jouer les gardes du corps en mon absence<hex:021D0103>?","Protéger la déserteuse<hex:021D0103>?","","","","Vous ne pouvez pas<hex:021D0103>? Tant pis... Je vais attendre l'arrivée de renforts dans ce cas.",""
553,2,2,2,2,2,2,2,2,0,0,0,0,0,0,0,0,1,1,1,1,1,1,1,1,0,0,0,0,0,0,0,0,0,0,0,0,0,0,0,0,False,False,False,False,False,False,False,False,0,0,0,0,0,0,0,0,"Pauvre monocéros...  Pour exploiter ses pouvoirs curatifs, les scien<hex:02160103>ti<hex:02160103>fi<hex:02160103>ques de la 4e légion lui ont fait subir d'horribles expériences... Je vous en prrrie, aidez-moi à le protéger<hex:021D0103>! Je suis prête à rejoindre votre camp s'il le faut<hex:021D0103>!","","","","","","",""
554,1,2,2,2,2,2,2,2,0,0,0,0,0,0,0,0,1,1,1,1,1,1,1,1,0,0,0,0,0,0,0,0,0,0,0,0,0,0,0,0,False,False,False,False,False,False,False,False,0,0,0,0,0,0,0,0,"(grogne)","","","","","","",""
555,0,0,0,2,2,2,2,2,0,747,0,0,0,0,0,0,1,1,1,1,1,1,1,1,0,0,0,0,0,0,0,0,0,0,0,0,0,0,0,0,False,False,False,False,False,False,False,False,0,0,0,0,0,0,0,0,"Uuurgh... Rien à faire, je ne me souviens pas... Comment ai-je fait pour atterrir ici<hex:021D0103>?","... Qu-qui me parle<hex:021D0103>!? Qu'est-ce que vous me voulez<hex:021D0103>!?<hex:021D0103>... P-prendre quoi<hex:021D0103>? Mon “médicament”<hex:021D0103>?","(respire pro<hex:02160103>fon<hex:02160103>dé<hex:02160103>ment) J-je me sens plus serein... Bien... Je vais accomplir ma mission.","","","","",""
556,2,2,2,2,2,2,2,2,0,0,0,0,0,0,0,0,1,1,1,1,1,1,1,1,0,0,0,0,0,0,0,0,0,0,0,0,0,0,0,0,False,False,False,False,False,False,False,False,0,0,0,0,0,0,0,0,"Nous allons couper la ligne de ra<hex:02160103>vi<hex:02160103>tail<hex:02160103>le<hex:02160103>ment ennemie<hex:021D0103>!","","","","","","",""
557,2,2,2,2,2,2,2,2,0,0,0,0,0,0,0,0,1,1,1,1,1,1,1,1,0,0,0,0,0,0,0,0,0,0,0,0,0,0,0,0,False,False,False,False,False,False,False,False,0,0,0,3,0,0,0,0,"Ah, <hex:020831E905FF17>la grande libératrice<hex:FF15>le grand libérateur<hex:03>, en chair et en os<hex:021D0103>! Vous arrivez à point nommé. Nous avons intercepté une communication fort intéressante.","Apparemment, une unité de ra<hex:02160103>vi<hex:02160103>tail<hex:02160103>le<hex:02160103>ment impériale devrait passer par ici sous peu. Si nous parvenions à lui barrer la route, cela aurait un impact sur l'ensemble des forces ennemies de la région.","Nous n'avons pas le temps d'attendre les renforts, hélas. Mais qu'importe, puisque vous êtes là<hex:021D0103>! Voulez-vous bien nous aider à piller leurs provisions<hex:021D0103>?","Livrer des caisses de provisions impériales aux résistants<hex:021D0103>?","Merci beaucoup<hex:021D0103>! Tenez, quand on parle du loup... À l'attaque<hex:021D0103>!","","Dommage, votre force aurait été un sérieux atout. Tant pis, nous ferons sans.",""
558,2,2,2,2,2,2,2,2,0,0,0,0,0,0,0,0,1,1,1,1,1,1,1,1,0,0,0,0,0,0,0,0,0,0,0,0,0,0,0,0,False,False,False,False,False,False,False,False,0,0,0,0,0,0,0,0,"Vous ne trouvez pas de provisions ennemies<hex:021D0103>? Je vois des caisses au sol. Vous pouvez sinon tenter de dévaliser directement les ravitailleurs.","","","","","","",""
559,2,2,2,2,2,2,2,2,0,0,0,0,0,0,0,0,1,1,1,1,1,1,1,1,0,0,0,0,0,0,0,0,0,0,0,0,0,0,0,0,False,False,False,False,False,False,False,False,0,2,0,0,0,0,0,0,"Alors, le pillage avance<hex:021D0103>?","","","","Beau travail<hex:021D0103>! Et le contenu est en parfait état<hex:021D0103>!","M'est avis qu'on peut leur faire encore plus mal<hex:021D0103>! Continuez de les dépouiller<hex:021D0103>!","",""
560,2,2,2,2,2,2,2,2,0,0,0,0,0,0,0,0,1,1,1,1,1,1,1,1,0,0,0,0,0,0,0,0,0,0,0,0,0,0,0,0,False,False,False,False,False,False,False,False,0,0,0,0,0,0,0,0,"Vous avez ramassé d'autres caisses<hex:021D0103>?","Une vraie razzia<hex:021D0103>! Ce sont nos camarades qui vont être contents<hex:021D0103>!","Je vais rassembler notre butin, puis nous pourrons déguerpir. Bien sûr, si vous m'amenez d'autres caisses d'ici là, je ne cracherai pas dessus<hex:021D0103>!","","","","",""
561,2,2,2,2,2,2,2,2,0,0,0,0,0,0,0,0,1,1,1,1,1,1,1,1,0,0,0,0,0,0,0,0,0,0,0,0,0,0,0,0,False,False,False,False,False,False,False,False,0,2,0,0,0,0,0,0,"Vous avez ramassé d'autres caisses<hex:021D0103>?","","","","Une vraie razzia<hex:021D0103>! Ce sont nos camarades qui vont être contents<hex:021D0103>!","Je vais rassembler notre butin, puis nous pourrons déguerpir. Bien sûr, si vous m'amenez d'autres caisses d'ici là, je ne cracherai pas dessus<hex:021D0103>!","",""
562,2,2,2,2,2,2,2,2,763,0,0,0,0,0,0,0,1,1,1,1,1,1,1,1,0,0,0,0,0,0,0,0,0,0,0,0,0,0,0,0,False,False,False,False,False,False,False,False,0,0,3,0,0,0,0,0,"Je vous attendais<hex:021D0103>! L'Ara-kagura va débuter. J'ai hâte de vous voir dans le rôle d<hex:02080CE905FF05>e la<hex:FF02>u<hex:03> guerri<hex:02080DE905FF05>ère<hex:FF03>er<hex:03><hex:021D0103>!","Votre tâche est simple<hex:021D0103>: il vous suffit de battre l'illusion de tigre que je vais faire apparaître. Un jeu d'enfant<hex:021D0103>!","Aider le prêtre onmyo<hex:021D0103>?<hex:02100103><hex:02100103><hex:024804F201F403><hex:024904F201F503>* Le niveau recommandé pour cet ALÉA est <hex:022003E80203>.<hex:0249020103><hex:0248020103>","","","","Vraiment<hex:021D0103>? Je vois... J'imagine que vous avez d'autres choses à faire...",""
563,0,0,0,0,0,0,0,0,0,0,0,0,0,0,0,0,0,0,0,0,0,0,0,0,0,0,0,0,0,0,0,0,0,0,0,0,0,0,0,0,False,False,False,False,False,False,False,False,0,0,0,0,0,0,0,0,"","","","","","","",""
564,0,0,0,0,0,0,0,0,0,0,0,0,0,0,0,0,0,0,0,0,0,0,0,0,0,0,0,0,0,0,0,0,0,0,0,0,0,0,0,0,False,False,False,False,False,False,False,False,0,0,0,0,0,0,0,0,"","","","","","","",""
565,0,0,0,0,0,0,0,0,0,0,0,0,0,0,0,0,0,0,0,0,0,0,0,0,0,0,0,0,0,0,0,0,0,0,0,0,0,0,0,0,False,False,False,False,False,False,False,False,0,0,0,0,0,0,0,0,"","","","","","","",""
566,0,0,0,0,0,0,0,0,0,0,0,0,0,0,0,0,0,0,0,0,0,0,0,0,0,0,0,0,0,0,0,0,0,0,0,0,0,0,0,0,False,False,False,False,False,False,False,False,0,0,0,0,0,0,0,0,"","","","","","","",""
567,2,2,2,2,2,2,2,2,763,0,0,0,0,0,0,0,1,1,1,1,1,1,1,1,0,0,0,0,0,0,0,0,0,0,0,0,0,0,0,0,False,False,False,False,False,False,False,False,0,0,0,0,0,0,0,0,"Approchez, approchez<hex:021D0103>! Qui veut interpréter le rôle du fier guerrier dans notre pièce d'Ara-kagura<hex:021D0103>?","","","","","","",""
568,2,2,2,2,2,2,2,2,763,0,0,0,0,0,0,0,1,1,1,1,1,1,1,1,0,0,0,0,0,0,0,0,0,0,0,0,0,0,0,0,False,False,False,False,False,False,False,False,0,0,0,0,0,0,0,0,"Notre pièce est tirée du plus célèbre conte héroïque oriental<hex:021D0103>: “Tenzen, le tueur de démons.” Battez notre illusion de tigre pour éloigner les mauvais esprits<hex:021D0103>!","","","","","","",""
569,2,2,2,2,2,2,2,2,0,0,0,0,0,0,0,0,1,1,1,1,1,1,1,1,0,0,0,0,0,0,0,0,0,0,0,0,0,0,0,0,False,False,False,False,False,False,False,False,0,2,0,0,0,0,0,0,"Je garde vos œufs bien au chaud<hex:021D0103>!","","","","Merci beaucoup pour votre aide<hex:021D0103>! Ne vous inquiétez pas je prendrai soin de ces œufs... comme une vraie maman poule<hex:021D0103>!","","Ah, vous êtes certain<hex:020808E905FF02>e<hex:FF01><hex:03><hex:021D0103>? Veillez à ne pas les faire tomber quand même...",""
570,2,2,2,2,2,2,2,2,0,0,0,0,0,0,0,0,1,1,1,1,1,1,1,1,0,0,0,0,0,0,0,0,0,0,0,0,0,0,0,0,False,False,False,False,False,False,False,False,0,0,3,0,0,0,0,0,"Aventuri<hex:02080DE905FF05>ère<hex:FF03>er<hex:03>, vous tombez à pic<hex:021D0103>! Les poules ont fini de pondre.","Mal<hex:02160103>heu<hex:02160103>reu<hex:02160103>se<hex:02160103>ment, elles sont très protectrices envers leurs petits et les coqs du poulailler tout autant, il va falloir ruser si vous souhaitez mettre la main sur leurs œufs.","Commencer la collecte des œufs<hex:021D0103>?<hex:02100103><hex:02100103><hex:024804F201F403><hex:024904F201F503>* Le niveau recommandé pour cet ALÉA est <hex:022003E80203>.<hex:0249020103><hex:0248020103>","","","","Ah, c'est bien dommage... Revenez me voir si jamais vous changez d'avis.",""
571,2,2,2,2,2,2,2,2,0,0,0,0,0,0,0,0,1,1,1,1,1,1,1,1,0,0,0,0,0,0,0,0,0,0,0,0,0,0,0,0,False,False,False,False,False,False,False,False,0,0,0,0,0,0,0,0,"Grâce à vous, nous avons suf<hex:02160103>fi<hex:02160103>sam<hex:02160103>ment d'œufs pour le festival. Bon, je dois les amener jusqu'à l'amphithéâtre maintenant...","Si vous avez un peu de temps, revenez nous donner un coup de main, d'accord<hex:021D0103>?","","","","","",""
572,2,2,2,2,2,2,2,2,0,0,0,0,0,0,0,0,1,1,1,1,1,1,1,1,0,0,0,0,0,0,0,0,0,0,0,0,0,0,0,0,False,False,False,False,False,False,False,False,0,2,0,0,0,0,0,0,"Je garde vos œufs bien au chaud<hex:021D0103>!","","","","Grâce à votre aide, nous avons suf<hex:02160103>fi<hex:02160103>sam<hex:02160103>ment d'œufs pour le festival. C'est tout aussi bien pour les cocottes... Pauvres petites, elles doivent être tendues à forcer d'être autant sur leurs gardes...","C'est assez pour l'instant, mais nous avons toujours besoin de plus d'œufs, alors n'hésitez pas à repasser pour nous donner un coup de main<hex:021D0103>!","Ah, vous êtes certain<hex:020808E905FF02>e<hex:FF01><hex:03><hex:021D0103>? Veillez à ne pas les faire tomber quand même...",""
573,2,2,2,2,2,2,2,2,0,0,0,0,0,0,0,0,1,1,1,1,1,1,1,1,0,0,0,0,0,0,0,0,0,0,0,0,0,0,0,0,False,False,False,False,False,False,False,False,0,2,0,0,0,0,0,0,"Vous m'avez apporté de la laine de yak<hex:021D0103>? Laissez-moi jeter un coup d'œil<hex:021D0103>!","","","","Mais oui, c'est ce qu'il me fallait<hex:021D0103>! Trois paniers de laine toute douce<hex:021D0103>!","Bravo, vous avez marqué un point<hex:021D0103>! Et n'hésitez pas à m'en apporter davantage pour améliorer votre score<hex:021D0103>!","Hein, mais pourquoi<hex:021D0103>!? Ne me dites pas que vous avez l'intention de garder toute cette laine pour vous<hex:021D0103>!",""
574,2,2,2,2,2,2,2,2,0,0,0,0,0,0,0,0,1,1,1,1,1,1,1,1,0,0,0,0,0,0,0,0,0,0,0,0,0,0,0,0,False,False,False,False,False,False,False,False,0,2,0,0,0,0,0,0,"Alors, vous avez trouvé la peluche gagnante<hex:021D0103>?","","","","Oui<hex:021D0103>! Aucun doute, c'est bien elle<hex:021D0103>! Ça fait un point de plus dans votre escarcelle<hex:021D0103>!","Libre à vous de continuer à ouvrir les paquets cadeaux pour obtenir un meilleur score<hex:021D0103>!","C'est pas sympa, ça<hex:021D0103>! Qu'est-ce que vous allez faire avec cette peluche<hex:021D0103>?",""
575,2,2,2,2,2,2,2,2,0,0,0,0,0,0,0,0,1,1,1,1,1,1,1,1,0,0,0,0,0,0,0,0,0,0,0,0,0,0,0,0,False,False,False,False,False,False,False,False,0,0,0,0,0,0,0,0,"Par les Douze<hex:021D0103>! Ces poules sont vraiment farouches... Vous êtes bien courag<hex:02080EE905FF05>euse<hex:FF04>eux<hex:03> de vous en approcher comme ça. Attention aux coups de bec<hex:021D0103>!","","","","","","",""
576,2,2,2,2,2,2,2,2,0,0,0,0,0,0,0,0,1,1,1,1,1,1,1,1,0,0,0,0,0,0,0,0,0,0,0,0,0,0,0,0,False,False,False,False,False,False,False,False,0,0,0,0,0,0,0,0,"","","","","","","",""
577,2,2,2,2,2,2,2,2,0,0,0,0,0,0,0,0,1,1,1,1,1,1,1,1,0,0,0,0,0,0,0,0,0,0,0,0,0,0,0,0,False,False,False,False,False,False,False,False,0,0,0,0,0,0,0,0,"","","","","","","",""
578,2,2,2,2,2,2,2,2,0,0,0,0,0,0,0,0,1,1,1,1,1,1,1,1,0,0,0,0,0,0,0,0,0,0,0,0,0,0,0,0,False,False,False,False,False,False,False,False,0,0,0,0,0,0,0,0,"","","","","","","",""
579,2,2,2,2,2,2,2,2,0,0,0,0,0,0,0,0,1,1,1,1,1,1,1,1,0,0,0,0,0,0,0,0,0,0,0,0,0,0,0,0,False,False,False,False,False,False,False,False,0,0,0,0,0,0,0,0,"","","","","","","",""
580,2,2,2,2,2,2,2,2,0,0,0,0,0,0,0,0,1,1,1,1,1,1,1,1,0,0,0,0,0,0,0,0,0,0,0,0,0,0,0,0,False,False,False,False,False,False,False,False,0,0,0,0,0,0,0,0,"","","","","","","",""
581,2,2,2,2,2,2,2,2,0,0,0,0,0,0,0,0,1,1,1,1,1,1,1,1,0,0,0,0,0,0,0,0,0,0,0,0,0,0,0,0,False,False,False,False,False,False,False,False,0,0,0,0,0,0,0,0,"","","","","","","",""
582,2,2,2,2,2,2,2,2,0,0,0,0,0,0,0,0,1,1,1,1,1,1,1,1,0,0,0,0,0,0,0,0,0,0,0,0,0,0,0,0,False,False,False,False,False,False,False,False,0,0,0,0,0,0,0,0,"","","","","","","",""
583,2,2,2,2,2,2,2,2,0,0,0,0,0,0,0,0,1,1,1,1,1,1,1,1,0,0,0,0,0,0,0,0,0,0,0,0,0,0,0,0,False,False,False,False,False,False,False,False,0,0,0,0,0,0,0,0,"","","","","","","",""
584,2,2,2,2,2,2,2,2,0,0,0,0,0,0,0,0,1,1,1,1,1,1,1,1,0,0,0,0,0,0,0,0,0,0,0,0,0,0,0,0,False,False,False,False,False,False,False,False,0,0,0,3,0,0,0,0,"<hex:02082BE905FF14>Grande libératrice<hex:FF12>Grand libérateur<hex:03><hex:021D0103>! Nous avons un coup à jouer. Les Impériaux stockent le carburant qu'utilise leur cohorte d'infanterie mécanisée tout près d'ici","Ces réserves sont défendues, bien sûr, mais faiblement. Nous pourrions leur subtiliser quelques batteries au céruleum avant que leurs renforts n'arrivent.","En outre, maître Cid disait que ce précieux liquide était nécessaire pour le bon fonc<hex:02160103>tion<hex:02160103>ne<hex:02160103>ment du champ de force qui protège notre avant-poste. Pourriez-vous nous aider à en récupérer un peu<hex:021D0103>?","Aider à voler des batteries au céruleum<hex:021D0103>?","Merci beaucoup, <hex:022C0DFF07><hex:022903EB0203><hex:FF02> <hex:0203><hex:021D0103>! Apportez-moi toutes les batteries que vous parviendrez à subtiliser. Je me chargerai de les faire parvenir à bon port<hex:021D0103>!","","V-vous avez une mission plus pressante<hex:021D0103>? Tant pis, nous essaierons de faire sans vous. Merci quand même<hex:021D0103>!",""
585,2,2,2,2,2,2,2,2,0,0,0,0,0,0,0,0,1,1,1,1,1,1,1,1,0,0,0,0,0,0,0,0,0,0,0,0,0,0,0,0,False,False,False,False,False,False,False,False,0,0,0,0,0,0,0,0,"Vous ne trouvez pas de céruleum<hex:021D0103>? Des batteries traînent un peu partout, mais vous pouvez aussi détruire des armes magitek et extraire celles qui les alimentent, j'imagine. Vous allez y arriver, j'en suis certain<hex:021D0103>!","","","","","","",""
586,2,2,2,2,2,2,2,2,0,0,0,0,0,0,0,0,1,1,1,1,1,1,1,1,0,0,0,0,0,0,0,0,0,0,0,0,0,0,0,0,False,False,False,False,False,False,False,False,0,2,0,0,0,0,0,0,"Vous m'apportez du céruleum à ce que je vois<hex:021D0103>! Je vais vous en débarrasser<hex:021D0103>!","","","","Merci bien<hex:021D0103>! Vous vous acquittez de votre mission avec brio, comme d'habitude<hex:021D0103>!","Toutefois, il nous faudrait encore quelques batteries pour appeler ça un succès<hex:021D0103>! Essayer d'en trouver un peu plus, s'il vous plaît<hex:021D0103>!","",""
587,2,2,2,2,2,2,2,2,0,0,0,0,0,0,0,0,1,1,1,1,1,1,1,1,0,0,0,0,0,0,0,0,0,0,0,0,0,0,0,0,False,False,False,False,False,False,False,False,0,0,0,0,0,0,0,0,"Nous devrions avoir de quoi faire avec ce qu'on a déjà<hex:021D0103>! Mais plus on en a, mieux c'est. Amassons-en un maximum avant que les renforts ennemis n'arrivent<hex:021D0103>!","","","","","","",""
588,2,2,2,2,2,2,2,2,0,0,0,0,0,0,0,0,1,1,1,1,1,1,1,1,0,0,0,0,0,0,0,0,0,0,0,0,0,0,0,0,False,False,False,False,False,False,False,False,0,2,0,0,0,0,0,0,"Vous m'apportez du céruleum à ce que je vois<hex:021D0103>! Je vais vous en débarrasser<hex:021D0103>!","","","","Excellent<hex:021D0103>! Nous aurons ce qu'il nous faut avec ça<hex:021D0103>!","Mais plus on en a, mieux c'est. Amassons-en un maximum avant que les renforts ennemis n'arrivent<hex:021D0103>!","",""
589,2,2,2,2,2,2,2,2,0,0,0,0,0,0,0,0,1,1,1,1,1,1,1,1,0,0,0,0,0,0,0,0,0,0,0,0,0,0,0,0,False,False,False,False,False,False,False,False,0,0,0,0,0,0,0,0,"Allez donc tondre ce yak et apportez-moi sa laine<hex:021D0103>!","","","","","","",""
590,2,2,2,2,2,2,2,2,0,0,0,0,0,0,0,0,1,1,1,1,1,1,1,1,0,0,0,0,0,0,0,0,0,0,0,0,0,0,0,0,False,False,False,False,False,False,False,False,0,0,0,0,0,0,0,0,"Apportez-moi la peluche gagnante quand vous l'aurez trouvée<hex:021D0103>!","","","","","","",""
591,2,2,2,2,2,2,2,2,0,0,0,0,0,0,0,0,1,1,1,1,1,1,1,1,0,0,0,0,0,0,0,0,0,0,0,0,0,0,0,0,False,False,False,False,False,False,False,False,0,0,0,0,0,0,0,0,"Tout le monde a le cœur en feste<hex:021D0103>!","","","","","","",""
592,2,2,2,2,2,2,2,2,0,0,0,0,0,0,0,0,1,1,1,1,1,1,1,1,0,0,0,0,0,0,0,0,0,0,0,0,0,0,0,0,False,False,False,False,False,False,False,False,0,0,0,0,0,0,0,0,"Quel énorme paquet cadeau<hex:021D0103>!","","","","","","",""
593,0,0,0,0,0,0,0,0,0,0,0,0,0,0,0,0,0,0,0,0,0,0,0,0,0,0,0,0,0,0,0,0,0,0,0,0,0,0,0,0,False,False,False,False,False,False,False,False,0,0,0,0,0,0,0,0,"","","","","","","",""
594,2,2,2,2,2,2,2,2,0,0,0,0,0,0,0,0,1,1,1,1,1,1,1,1,0,0,0,0,0,0,0,0,0,0,0,0,0,0,0,0,False,False,False,False,False,False,False,False,0,0,0,0,0,0,0,0,"Vous pensez vraiment que c'est pour moi<hex:021D0103>?","","","","","","",""
595,2,2,2,2,2,2,2,2,0,0,0,0,0,0,0,0,1,1,1,1,1,1,1,1,0,0,0,0,0,0,0,0,0,0,0,0,0,0,0,0,False,False,False,False,False,False,False,False,0,0,0,0,0,0,0,0,"Décidément, Azurée est vraiment un endroit charmant<hex:021D0103>!","","","","","","",""
596,0,0,0,0,0,0,0,0,0,0,0,0,0,0,0,0,0,0,0,0,0,0,0,0,0,0,0,0,0,0,0,0,0,0,0,0,0,0,0,0,False,False,False,False,False,False,False,False,0,0,0,0,0,0,0,0,"","","","","","","",""
597,2,2,2,2,2,2,2,2,0,0,0,0,0,0,0,0,1,1,1,1,1,1,1,1,0,0,0,0,0,0,0,0,0,0,0,0,0,0,0,0,False,False,False,False,False,False,False,False,0,0,0,0,0,0,0,0,"Ouah, <hex:02081BE905FF0C>l'héroïne<hex:FF0A>le héros<hex:03> d'Ishgard, en chair et en os<hex:021D0103>!","","","","","","",""
598,2,2,2,2,2,2,2,2,0,0,0,0,0,0,0,0,1,1,1,1,1,1,1,1,0,0,0,0,0,0,0,0,0,0,0,0,0,0,0,0,False,False,False,False,False,False,False,False,0,0,0,0,0,0,0,0,"Ça va, c'est pas trop lourd<hex:021D0103>?","","","","","","",""
599,0,0,0,0,0,0,0,0,0,0,0,0,0,0,0,0,0,0,0,0,0,0,0,0,0,0,0,0,0,0,0,0,0,0,0,0,0,0,0,0,False,False,False,False,False,False,False,False,0,0,0,0,0,0,0,0,"","","","","","","",""
600,2,2,2,2,2,2,2,2,0,0,0,0,0,0,0,0,1,1,1,1,1,1,1,1,0,0,0,0,0,0,0,0,0,0,0,0,0,0,0,0,False,False,False,False,False,False,False,False,0,0,0,3,0,0,0,0,"<hex:022C0DFF07><hex:022903EB0203><hex:FF02> <hex:0203><hex:021D0103>! Vous voyez cette silhouette qu'on distingue à peine là-bas<hex:021D0103>? C'est celle d'Oboro, un shinobi de renom que Doma nous a envoyé en renfort. C'est lui qui a repéré les nouvelles armes magitek qui nous entourent.","Nous sommes intéressés par leurs composants, qui eux aussi doivent être plus avancés que ceux des précédents modèles. En les analysant, nous pourrions sûrement déceler leur point faible.","Nous pourrions dès lors prendre l'ascendant sur ces machines. Qu'en dites-vous<hex:021D0103>? Voulez-vous bien nous aider à récupérer quelques-unes de ces pièces<hex:021D0103>?","Aider l'officier à récupérer des composants magitek de nouvelle génération<hex:021D0103>?","Excellent<hex:021D0103>! Apportez-moi tout ce que vous trouverez<hex:021D0103>!","","Non<hex:021D0103>!? Je comprends... <hex:020818E905FF0A>Une femme<hex:FF09>Un homme<hex:03> de votre talent a pro<hex:02160103>ba<hex:02160103>ble<hex:02160103>ment d'autres chats à fouetter. Nous nous en sortirons seuls, ne vous en faites pas<hex:021D0103>!",""
601,2,2,2,2,2,2,2,2,0,0,0,0,0,0,0,0,1,1,1,1,1,1,1,1,0,0,0,0,0,0,0,0,0,0,0,0,0,0,0,0,False,False,False,False,False,False,False,False,0,0,0,0,0,0,0,0,"Vous n'avez aucun composant sur vous<hex:021D0103>!? N'oubliez pas de les ramasser. Il y en a qui traîne un peu partout, mais vous pouvez aussi mettre en pièce les armes magitek que vous croisez pour en obtenir.","","","","","","",""
602,2,2,2,2,2,2,2,2,0,0,0,0,0,0,0,0,1,1,1,1,1,1,1,1,0,0,0,0,0,0,0,0,0,0,0,0,0,0,0,0,False,False,False,False,False,False,False,False,0,2,0,0,0,0,0,0,"Beau travail<hex:021D0103>! Faites-moi voir combien vous en avez récupéré.","","","","Parfait, nos ingénieurs seront ravis<hex:021D0103>!","Plus nous en aurons, mieux ce sera, continuez donc de m'en rapporter, s'il vous plaît<hex:021D0103>!","",""
603,2,2,2,2,2,2,2,2,0,0,0,0,0,0,0,0,1,1,1,1,1,1,1,1,0,0,0,0,0,0,0,0,0,0,0,0,0,0,0,0,False,False,False,False,False,False,False,False,0,0,0,0,0,0,0,0,"Vous n'avez aucun composant pour moi<hex:021D0103>? Ce n'est pas grave, nous avons déjà ce qu'il nous faut. Toutefois, plus nous en aurons, plus nous en apprendrons sur le fonc<hex:02160103>tion<hex:02160103>ne<hex:02160103>ment de ces nouvelles armes magitek. Récupérez donc plus de leurs composants si vous pouvez, s'il vous plaît<hex:021D0103>!","","","","","","",""
604,2,2,2,2,2,2,2,2,0,0,0,0,0,0,0,0,1,1,1,1,1,1,1,1,0,0,0,0,0,0,0,0,0,0,0,0,0,0,0,0,False,False,False,False,False,False,False,False,0,2,0,0,0,0,0,0,"Beau travail<hex:021D0103>! Faites-moi voir combien vous en avez récupéré.","","","","Bravo<hex:021D0103>! Je n'en attendais pas tant<hex:021D0103>!","Nous avons ce qu'il nous faut, je pense. Mais plus nous en aurons, mieux ce sera. Continuez donc de m'en rapporter, s'il vous plaît<hex:021D0103>!","",""
605,2,2,2,2,2,2,2,2,0,0,0,0,0,0,0,0,1,1,1,1,1,1,1,1,0,0,0,0,0,0,0,0,0,0,0,0,0,0,0,0,False,False,False,False,False,False,False,False,0,0,3,0,0,0,0,0,"J'ai eu le malheur de faire tomber des feuilles d'observation que Soclès m'a réclamées, et ces coquins d'ophiotauros me les ont volées.","Pourrais-tu me les récupérer en abattant ces chenapans et en ramassant celles qui sont encore au sol près d'eux<hex:021D0103>?","Aider l'observateur à récupérer ses feuilles<hex:021D0103>?<hex:02100103><hex:02100103><hex:024804F201F403><hex:024904F201F503>* Le niveau recommandé pour cet ALÉA est <hex:022003E80203>.<hex:0249020103><hex:0248020103>","","Merci<hex:021D0103>! Ces ophiotauros ne feraient qu'une bouchée de moi, alors je préfère rester ici. Rapporte-moi autant de feuilles que possible, s'il te plaît.","","Ah... Bon, eh bien... C'est ma res<hex:02160103>pon<hex:02160103>sa<hex:02160103>bi<hex:02160103>li<hex:02160103>té, alors je vais essayer de me débrouiller tout seul...",""
606,2,2,2,2,2,2,2,2,0,0,0,0,0,0,0,0,1,1,1,1,1,1,1,1,0,0,0,0,0,0,0,0,0,0,0,0,0,0,0,0,False,False,False,False,False,False,False,False,0,0,0,0,0,0,0,0,"J'aurais dû faire plus attention. Quel maladroit...","","","","","","",""
607,2,2,2,2,2,2,2,2,0,0,0,0,0,0,0,0,1,1,1,1,1,1,1,1,0,0,0,0,0,0,0,0,0,0,0,0,0,0,0,0,False,False,False,False,False,False,False,False,0,2,0,0,0,0,0,0,"Tu as récupéré des feuilles<hex:021D0103>?","","","","Merci<hex:021D0103>!","Il en manque encore. Continue de les récupérer et apporte-les-moi, s'il te plaît.","Ça ne te servirait à rien de les garder, tu sais. Si même les familiers me volent mes affaires, maintenant...",""
608,2,2,2,2,2,2,2,2,0,0,0,0,0,0,0,0,1,1,1,1,1,1,1,1,0,0,0,0,0,0,0,0,0,0,0,0,0,0,0,0,False,False,False,False,False,False,False,False,0,0,3,0,0,0,0,0,"Serais-tu le familier d'Azem<hex:021D0103>!? J'ai besoin d'aide<hex:021D0103>!","Des harpyia affamées attaquent les monocéros expérimentaux dont j'ai la charge. Pourrais-tu les éliminer<hex:021D0103>?","Aider l'observateur des monocéros<hex:021D0103>?<hex:02100103><hex:02100103><hex:024804F201F403><hex:024904F201F503>* Le niveau recommandé pour cet ALÉA est <hex:022003E80203>.<hex:0249020103><hex:0248020103>","","Merci beaucoup<hex:021D0103>! Fais attention, ces harpyia sont féroces<hex:021D0103>!","","J'imagine que tu n'acceptes des requêtes que d'Azem en personne... Qu'est-ce que je vais faire...<hex:021D0103>?",""
609,2,2,2,2,2,2,2,2,0,0,0,0,0,0,0,0,1,1,1,1,1,1,1,1,0,0,0,0,0,0,0,0,0,0,0,0,0,0,0,0,False,False,False,False,False,False,False,False,0,0,3,0,0,0,0,0,"Dites, vous qui ne semblez pas du coin, vous voudriez bien nous donner un coup de main<hex:021D0103>? Le moteur qui alimente ce lieu en énergie est endommagé et nous avons besoin de pièces pour le réparer.","On en trouve éparpillées un peu partout dans les parages... J'aimerais bien aller en récupérer moi-même, mais avec toutes ces armes sans pilotes qui pa<hex:02160103>trouil<hex:02160103>lent, je m'en sens pas capable. Vous voudriez pas vous en charger à ma place<hex:021D0103>?","Aller récupérer les pièces de moteur à céruleum<hex:021D0103>?<hex:02100103><hex:02100103><hex:024804F201F403><hex:024904F201F503>* Le niveau recommandé pour cet ALÉA est <hex:022003E80203>.<hex:0249020103><hex:0248020103>","","Vous voulez bien m'aider<hex:021D0103>? Alors là, vous me sauvez<hex:021D0103>! Vous trouverez facilement ces pièces de moteur à céruleum dans les environs<hex:021D0103>; elles jonchent le sol des rues environnantes. Autre possibilité<hex:021D0103>: les récupérer sur les carcasses des armes que vous aurez détruites<hex:021D0103>!","","Oh, je m'y attendais... Il faut vraiment faire partie de la race des guerriers sans peur pour ne pas reculer à la vue de ces maudites machines... et encore<hex:021D0103>!",""
610,2,2,2,2,2,2,2,2,0,0,0,0,0,0,0,0,1,1,1,1,1,1,1,1,0,0,0,0,0,0,0,0,0,0,0,0,0,0,0,0,False,False,False,False,False,False,False,False,0,0,0,0,0,0,0,0,"Il va nous falloir un paquet de pièces pour réparer le moteur qui alimente ce lieu en énergie. Ca m'aiderait beaucoup que vous m'en rapportiez... Mais prenez garde aux armes magitek qui rôdent<hex:021D0103>!","","","","","","",""
611,2,2,2,2,2,2,2,2,0,0,0,0,0,0,0,0,1,1,1,1,1,1,1,1,0,0,0,0,0,0,0,0,0,0,0,0,0,0,0,0,False,False,False,False,False,False,False,False,0,2,0,0,0,0,0,0,"Je rêve pas, ce sont bien des pièces de moteur à céruleum que vous avez là<hex:021D0103>!? ","","","","Eh ben, ça nous en fait un bon paquet<hex:021D0103>! Merci à vous<hex:021D0103>!","Vous savez, il va nous falloir davantage de pièces pour réparer le moteur. Je compte sur vous<hex:021D0103>!","",""
612,2,2,2,2,2,2,2,2,0,0,0,0,0,0,0,0,1,1,1,1,1,1,1,1,0,0,0,0,0,0,0,0,0,0,0,0,0,0,0,0,False,False,False,False,False,False,False,False,0,0,0,0,0,0,0,0,"On dirait bien qu'on a juste assez de pièces pour réparer le moteur. Mais n'hésitez pas à m'en rapporter davantage, histoire qu'on ait du stock<hex:021D0103>!","","","","","","",""
613,2,2,2,2,2,2,2,2,0,0,0,0,0,0,0,0,1,1,1,1,1,1,1,1,0,0,0,0,0,0,0,0,0,0,0,0,0,0,0,0,False,False,False,False,False,False,False,False,0,2,0,0,0,0,0,0,"Encore<hex:021D0103>? On ne vous arrête plus<hex:021D0103>!","","","","Si vous saviez à quel point j'ai attendu de mettre la main sur ces pièces<hex:021D0103>!","N'hésitez pas à m'en rapporter encore, plus on a de stock, mieux c'est<hex:021D0103>!","",""
614,2,2,2,2,2,2,2,2,0,0,0,0,0,0,0,0,1,1,1,1,1,1,1,1,0,0,0,0,0,0,0,0,0,0,0,0,0,0,0,0,False,False,False,False,False,False,False,False,0,0,0,3,0,0,0,0,"Je ressens une puissance démesurée en toi, petit être... Pourrais-tu la mettre à profit afin de redonner un peu de fierté à un ami cher à mes yeux<hex:021D0103>?","Son nom est Ahl Ein. Lui et moi avons tissé une amitié indéfectible en nous défiant l'un l'autre au fil des époques. Mal<hex:02160103>heu<hex:02160103>reu<hex:02160103>se<hex:02160103>ment, c'est précisément le temps qui m'a affaibli au point de ne plus satisfaire sa soif d'excitation.","Je suis certain qu'<hex:020823E905FF10>une combattante<hex:FF0E>un combattant<hex:03> chevronné<hex:020808E905FF02>e<hex:FF01><hex:03> comme toi pourrait à nouveau éveiller son côté batailleur. Accepterais-tu de l'y aider<hex:021D0103>?","Accepter de défier Ahl Ein<hex:021D0103>?<hex:02100103><hex:02100103><hex:024804F201F403><hex:024904F201F503>* Le niveau recommandé pour cet ALÉA est <hex:022003E80203>.<hex:0249020103><hex:0248020103>","Tu acceptes<hex:021D0103>!? Je t'en remercie, petit être...","","Je ne te jette pas la pierre. Tu n'es pas <hex:02081DE905FF0D>la première<hex:FF0B>le premier<hex:03> à qui mon ami inspire la peur...",""
615,2,2,2,2,2,2,2,2,0,0,0,0,0,0,0,0,1,1,1,1,1,1,1,1,0,0,0,0,0,0,0,0,0,0,0,0,0,0,0,0,False,False,False,False,False,False,False,False,0,0,3,0,0,0,0,0,"T-t'es qui, toi<hex:021D0103>? Qu'est-ce que tu fais là<hex:021D0103>!?<hex:02100103>Oh et puis peu importe<hex:021D0103>! Je t'en prie, aide-moi<hex:021D0103>! Des dragons en proie au désespoir s'en prennent à mes frères et sœurs de couvée<hex:021D0103>!","Ils veulent mettre fin à leur douleur en annihilant le peu de dragonnets qu'il reste<hex:021D0103>! Ils peuvent en finir si ça leur chante, mais qu'ils nous laissent tranquilles<hex:021D0103>!","Aider Myhk Nehr et sa fratrie<hex:021D0103>?<hex:02100103><hex:02100103><hex:024804F201F403><hex:024904F201F503>* Le niveau recommandé pour cet ALÉA est <hex:022003E80203>.<hex:0249020103><hex:0248020103>","","Tu vas nous aider<hex:021D0103>!? Pour de vrai<hex:021D0103>!? Merci<hex:021D0103>! Je te fais confiance<hex:021D0103>!","","Mais... mes frères et sœurs... ils vont tous mourir... Pourquoi les dragons doivent être condamnés...<hex:021D0103>?",""
616,2,2,2,2,2,2,2,2,0,0,0,0,0,0,0,0,1,1,1,1,1,1,1,1,0,0,0,0,0,0,0,0,0,0,0,0,0,0,0,0,False,False,False,False,False,False,False,False,0,3,0,0,0,0,0,0,"On a beau avoir mis la main sur des fournitures nécessaires à notre survie, des jötunn n'ont pas tardé à s'approcher, attirés par l'odeur de nourriture qui s'en dégage. Maintenant, on a peur qu'ils nous prennent tout<hex:021D0103>! Vous voulez bien nous débarrasser d'eux<hex:021D0103>?","Éliminer les jötunn<hex:021D0103>?<hex:02100103><hex:02100103><hex:024804F201F403><hex:024904F201F503>* Le niveau recommandé pour cet ALÉA est <hex:022003E80203>.<hex:0249020103><hex:0248020103>","","","","","Oh, je vois. Il est vrai que le sort des garlemaldais ne vous concerne pas vraiment. À nous de nous défendre, même au péril de notre vie.",""
617,2,2,2,2,2,2,2,2,0,0,0,0,0,0,0,0,1,1,1,1,1,1,1,1,0,0,0,0,0,0,0,0,0,0,0,0,0,0,0,0,False,False,False,False,False,False,False,False,0,0,0,3,0,0,0,0,"♪ La la lala lala<hex:021D0103>! Le gluant, c'est trop marrant<hex:021D0103>! Le visqueux, ça me rend heureux<hex:021D0103>!","Oh<hex:021D0103>! C'est vous l'humain<hex:020808E905FF02>e<hex:FF01><hex:03> très costaud<hex:020808E905FF02>e<hex:FF01><hex:03> venu<hex:020808E905FF02>e<hex:FF01><hex:03> d'Ætherys, <hex:020811E905FF06>celle<hex:FF06>celui<hex:03> dont tous les Loporrites parlent<hex:021D0103>? Vous tombez bien<hex:021D0103>! Vous pouvez m'aider à récolter du mucus de mousse, s'il vous plaît<hex:021D0103>?","Jamais je n'oublierai le jour où je suis tombé dans une flaque de mucus de mousse... Comme j'aimerais pouvoir me baigner tous les jours dedans<hex:021D0103>! C'est très corrosif, donc il ne faut pas rester longtemps en contact avec, au risque d'y laisser des poils... mais c'est justement ce frisson qui me rend tout chose<hex:021D0103>!","Aider Thrillingway<hex:021D0103>?<hex:02100103><hex:02100103><hex:024804F201F403><hex:024904F201F503>* Le niveau recommandé pour cet ALÉA est <hex:022003E80203>.<hex:0249020103><hex:0248020103>","Youpiii<hex:021D0103>! Pour obtenir du mucus de mousse, abattez des mousses acides ou ramassez le mucus qu'elles laissent traîner derrière elles. Rapportez-m'en plein, plein, plein<hex:021D0103>!","","Mais pourquoi-euuuh<hex:021D0103>? Je ne demande pas grand-chose, pourtant... juste que vous risquiez votre vie pour me rapporter une matière hautement acide qui n'est pas faite pour jouer avec<hex:021D0103>!",""
618,2,2,2,2,2,2,2,2,0,0,0,0,0,0,0,0,1,1,1,1,1,1,1,1,0,0,0,0,0,0,0,0,0,0,0,0,0,0,0,0,False,False,False,False,False,False,False,False,0,0,0,0,0,0,0,0,"♪ La la lala lala<hex:021D0103>! Tout ce mucus poisseux, c'est rien que pour moi<hex:021D0103>!","","","","","","",""
619,2,2,2,2,2,2,2,2,0,0,0,0,0,0,0,0,1,1,1,1,1,1,1,1,0,0,0,0,0,0,0,0,0,0,0,0,0,0,0,0,False,False,False,False,False,False,False,False,0,2,0,0,0,0,0,0,"Du mucus de mousse<hex:021D0103>!? C'est pour moi, hein<hex:021D0103>? Hein<hex:021D0103>!? HEIN<hex:021D0103>!?","","","","Ouaaah, c'est plus que je n'en rêvais<hex:021D0103>! Mais pas encore assez pour m'immerger depuis le bout des pattes jusqu'aux pointes des oreilles...","Il me faut encore un peu de mucus de mousse... juste encore un peu<hex:021D0103>! ","",""
620,2,2,2,2,2,2,2,2,0,0,0,0,0,0,0,0,1,1,1,1,1,1,1,1,0,0,0,0,0,0,0,0,0,0,0,0,0,0,0,0,False,False,False,False,False,False,False,False,0,0,0,0,0,0,0,0,"♪ La la lala lala<hex:021D0103>! Le gluant, c'est trop marrant<hex:021D0103>! Le visqueux, ça me rend heureux<hex:021D0103>!","","","","","","",""
621,2,2,2,2,2,2,2,2,0,0,0,0,0,0,0,0,1,1,1,1,1,1,1,1,0,0,0,0,0,0,0,0,0,0,0,0,0,0,0,0,False,False,False,False,False,False,False,False,0,2,0,0,0,0,0,0,"Du mucus de mousse<hex:021D0103>!? C'est pour moi, hein<hex:021D0103>? Hein<hex:021D0103>!? HEIN<hex:021D0103>!?","","","","Ouaaah, c'est plus que je n'en rêvais<hex:021D0103>! J'en ai maintenant assez pour m'immerger depuis le bout des pattes jusqu'aux pointes des oreilles<hex:021D0103>!","Je ne connais rien au monde de plus gluant, visqueux et poisseux... sans oublier corrosif<hex:021D0103>! C'est même tout ce qui fait son sel<hex:021D0103>!","",""
622,2,2,2,2,2,2,2,2,0,0,0,0,0,0,0,0,1,1,1,1,1,1,1,1,0,0,0,0,0,0,0,0,0,0,0,0,0,0,0,0,False,False,False,False,False,False,False,False,0,3,0,0,0,0,0,0,"<hex:020831E905FF16>Madame l'aventurière<hex:FF16>Monsieur l'aventurier<hex:03>, vous pouvez me donner un coup de main<hex:021D0103>? J'aimerais emmener le nanka que j'ai aidé à éclore jusqu'à la mer, mais il faut passer par un coin infesté d'oiseaux voraces. Protégez-le, s'il vous plaît<hex:021D0103>!","Aider le jeune garçon<hex:021D0103>?<hex:02100103><hex:02100103><hex:024804F201F403><hex:024904F201F503>* Le niveau recommandé pour cet ALÉA est <hex:022003E80203>.<hex:0249020103><hex:0248020103>","","","Merci beaucoup<hex:021D0103>! Je ne ferais que vous ralentir si je vous accompagnais, alors je vous encourage d'ici<hex:021D0103>!","","Ah... D'accord... Désolé de vous avoir embêté<hex:020808E905FF02>e<hex:FF01><hex:03>.",""
623,2,2,2,2,2,2,2,2,0,0,0,0,0,0,0,0,1,1,1,1,1,1,1,1,0,0,0,0,0,0,0,0,0,0,0,0,0,0,0,0,False,False,False,False,False,False,False,False,0,0,3,0,0,0,0,0,"Oh je suis tellement contente de tomber sur quelqu'un par ici<hex:021D0103>! J'ai besoin d'herbes médicinales pour mon père, mais une bande de singes agressifs a décidé de me prendre pour cible et je ne peux pas faire ma cueillette tran<hex:02160103>quil<hex:02160103>le<hex:02160103>ment...","Voulez-vous bien m'en débarrasser<hex:021D0103>? Je vous en serai vraiment très re<hex:02160103>con<hex:02160103>nais<hex:02160103>sante<hex:021D0103>!","Aider la jeune femme<hex:021D0103>?<hex:02100103><hex:02100103><hex:024804F201F403><hex:024904F201F503>* Le niveau recommandé pour cet ALÉA est <hex:022003E80203>.<hex:0249020103><hex:0248020103>","","Mille mercis<hex:021D0103>! J'ai eu beaucoup de chance que vous passiez par là<hex:021D0103>!","","Oui, je comprends. Ce n'est pas grave, je vais... me débrouiller...",""
624,2,2,2,2,2,2,2,2,0,0,0,0,0,0,0,0,1,1,1,1,1,1,1,1,0,0,0,0,0,0,0,0,0,0,0,0,0,0,0,0,False,False,False,False,False,False,False,False,0,0,0,0,0,0,0,0,"Je me rappelle cette glorieuse époque où je me mesurais aux plus forts. Ce temps est toutefois tristement révolu... Ma fierté a trop été entamée et je n'ai plus le cœur à me battre...","","","","","","",""
625,1,1,1,1,1,1,1,1,0,0,0,0,0,0,0,0,1,1,1,1,1,1,1,1,0,0,0,0,0,0,0,0,0,0,0,0,0,0,0,0,False,False,False,False,False,False,False,False,0,0,0,3,0,0,0,0,"Tu as l'air vraiment fort<hex:020808E905FF02>e<hex:FF01><hex:03>, voyageu<hex:02080AE905FF03>se<hex:FF02>r<hex:03>... Tu n'aurais pas cinq petites minutes à m'accorder<hex:021D0103>?","Tout le monde a beaucoup souffert des récents événements... Je sais que ce n'est pas grand-chose mais j'aimerais fabriquer un parfum à l'arôme apaisant pour calmer le cœur et les angoisses de tous.","Pour ça, j'ai besoin d'un bon paquet de fleurs de vihara, mais il semble que je ne sois pas la seule qui s'intéresse à ces délicates plantes. Pourrais-tu me débarrasser de ces pousses odoriférantes afin que je puisse récolter mes fleurs<hex:021D0103>?","Aider la parfumeuse à rassembler les fleurs<hex:021D0103>?<hex:02100103><hex:02100103><hex:024804F201F403><hex:024904F201F503>* Le niveau recommandé pour cet ALÉA est <hex:022003E80203>.<hex:0249020103><hex:0248020103>","Oh, tu es si gentil<hex:020809E905FF03>le<hex:FF01><hex:03><hex:021D0103>! Tu peux soit cueillir les fleurs directement, ou en récupérer sur les pousses que tu auras tuées<hex:021D0103>!","","Je vois... J'imagine que tu dois être fatigué<hex:020808E905FF02>e<hex:FF01><hex:03>, toi aussi, c'est normal. Prends soin de toi, d'accord<hex:021D0103>?",""
626,1,1,1,1,1,1,1,1,763,0,0,0,0,0,0,0,1,1,1,1,1,1,1,1,0,0,0,0,0,0,0,0,0,0,0,0,0,0,0,0,False,False,False,False,False,False,False,False,0,2,0,0,0,0,0,0,"(renifle) Cette odeur... Tu m'apportes des fleurs de vihara, pas vrai<hex:021D0103>?","","","","Elles sentent tellement bon<hex:021D0103>! Mal<hex:02160103>heu<hex:02160103>reu<hex:02160103>se<hex:02160103>ment... ce n'est pas une quantité suffisante pour que je puisse fabriquer mon parfum... Si tu en trouves d'autres, apporte-les-moi, s'il te plaît<hex:021D0103>!","","Alors toi aussi tu les aimes ces fleurs, hein<hex:021D0103>? Leur senteur est tellement addictive...",""
627,2,2,2,2,2,2,2,2,0,0,0,0,0,0,0,0,1,1,1,1,1,1,1,1,0,0,0,0,0,0,0,0,0,0,0,0,0,0,0,0,False,False,False,False,False,False,False,False,0,0,0,0,0,0,0,0,"Les fleurs de vihara peuvent soit être récoltées, soit être récupérées sur les pousses odoriférantes que tu auras tuées. Je compte sur toi pour m'en apporter plein, hein<hex:021D0103>!","","","","","","",""
628,2,2,2,2,2,2,2,2,0,0,0,0,0,0,0,0,1,1,1,1,1,1,1,1,0,0,0,0,0,0,0,0,0,0,0,0,0,0,0,0,False,False,False,False,False,False,False,False,0,0,0,0,0,0,0,0,"Ouah, il y en a tellement<hex:021D0103>! Merci beaucoup, avec ça je vais pouvoir fabriquer des litres de parfum<hex:021D0103>!","","","","","","",""
629,1,1,1,1,1,1,1,1,763,0,0,0,0,0,0,0,1,1,1,1,1,1,1,1,0,0,0,0,0,0,0,0,0,0,0,0,0,0,0,0,False,False,False,False,False,False,False,False,0,2,0,0,0,0,0,0,"(renifle) Cette odeur... Tu m'apportes des fleurs de vihara, pas vrai<hex:021D0103>?","","","","Ouah, il y en a tellement<hex:021D0103>! Merci beaucoup, avec ça je vais pouvoir fabriquer des litres de parfum<hex:021D0103>!","","Alors toi aussi tu les aimes ces fleurs, hein<hex:021D0103>? Leur senteur est tellement addictive...",""
630,2,2,2,2,2,2,2,2,0,0,0,0,0,0,0,0,1,1,1,1,1,1,1,1,0,0,0,0,0,0,0,0,0,0,0,0,0,0,0,0,False,False,False,False,False,False,False,False,0,0,0,0,0,0,0,0,"Tu as retrouvé les plus importantes. Ceci dit, si tu pouvais en récupérer encore plus, je ne t'en serais que plus re<hex:02160103>con<hex:02160103>nais<hex:02160103>sant.","","","","","","",""
631,2,2,2,2,2,2,2,2,0,0,0,0,0,0,0,0,1,1,1,1,1,1,1,1,0,0,0,0,0,0,0,0,0,0,0,0,0,0,0,0,False,False,False,False,False,False,False,False,0,2,0,0,0,0,0,0,"Tu en as trouvé d'autres<hex:021D0103>?","","","","Formidable<hex:021D0103>!","","Ça ne te servirait à rien de les garder, tu sais. Si même les familiers me volent mes affaires, maintenant...",""
632,2,2,2,2,2,2,2,2,0,0,0,0,0,0,0,0,1,1,1,1,1,1,1,1,0,0,0,0,0,0,0,0,0,0,0,0,0,0,0,0,False,False,False,False,False,False,False,False,0,0,3,0,0,0,0,0,"Aidez-moi<hex:021D0103>! J'étais censée veiller sur Ebrelnaux et l'accompagner dans une mission secrète, mais à un moment, il a aperçu une arme magitek à l'abandon et, avant que j'ai pu faire quoi que ce soit, s'est mis à courir dans sa direction<hex:021D0103>!","Il voulait inspecter la machine. Seulement, celle-ci s'est sou<hex:02160103>dai<hex:02160103>ne<hex:02160103>ment mise en marche et a commençé à agir de façon erratique. J'aimerais que vous alliez la mettre à l'arrêt pour délivrer Ebrelnaux. ","Aller mettre l'arme folle à l'arrêt<hex:021D0103>?<hex:02100103><hex:02100103><hex:024804F201F403><hex:024904F201F503>* Le niveau recommandé pour cet ALÉA est <hex:022003E80203>.<hex:0249020103><hex:0248020103>","","Merci pour votre aide<hex:021D0103>! Des membres des grandes compagnies éorzéennes vous prêteront main-forte, mais je compte d'abord sur vous pour arrêter cette machine<hex:021D0103>!","","Je... je comprends. Je vais demander de l'aide ailleurs, dans ce cas.",""
633,2,2,2,2,2,2,2,2,0,0,0,0,0,0,0,0,1,1,1,1,1,1,1,1,0,0,0,0,0,0,0,0,0,0,0,0,0,0,0,0,False,False,False,False,False,False,False,False,0,0,0,0,0,0,0,0,"Autrefois, Ebrelnaux a été intégré de force dans un groupe de recherche sur de dangereuses technologies à usage militaire. Mais il a fini par déserter pour détruire ces armes de destruction qu'il a contribué malgré lui à développer.","Il semble que ces machines folles soient équipées de technologies qui n'auraient pas vu le jour sans ses recherches... Vous l'aurez compris, nous sommes ici pour les détruire. ","","","","","",""
634,2,2,2,2,2,2,2,2,0,0,0,0,0,0,0,0,1,1,1,1,1,1,1,1,0,0,0,0,0,0,0,0,0,0,0,0,0,0,0,0,False,False,False,False,False,False,False,False,0,3,0,0,0,0,0,0,"Nous sommes attaqués, <hex:020828E905FF11>Madame l'humaine<hex:FF12>Monsieur l'humain<hex:03><hex:021D0103>! Des dynamites ont réussi à s'infiltrer entre nos murs<hex:021D0103>! Pouvez-vous m'aider à neutraliser cette menace<hex:021D0103>?","Aider Warringway<hex:021D0103>?<hex:02100103><hex:02100103><hex:024804F201F403><hex:024904F201F503>* Le niveau recommandé pour cet ALÉA est <hex:022003E80203>.<hex:0249020103><hex:0248020103>","","","","","Vous voudriez que je les repousse à moi seul<hex:021D0103>!? Tout stratège qui se respecte sait pourtant qu'on ne gagne pas une bataille sans armée<hex:021D0103>!",""
635,0,0,0,0,0,0,0,0,0,0,0,0,0,0,0,0,0,0,0,0,0,0,0,0,0,0,0,0,0,0,0,0,0,0,0,0,0,0,0,0,False,False,False,False,False,False,False,False,0,0,0,0,0,0,0,0,"","","","","","","",""
636,2,2,2,2,2,2,2,2,0,0,0,0,0,0,0,0,1,1,1,1,1,1,1,1,0,0,0,0,0,0,0,0,0,0,0,0,0,0,0,0,False,False,False,False,False,False,False,False,0,0,3,0,0,0,0,0,"Je réfléchis à un nouveau concept, mais aucune idée novatrice ne me vient à l'esprit, alors j'ai décidé de m'inspirer de créatures existantes pour le moment.","Dis-moi, familier, pourrais-tu te battre contre des aigokeros que je vais créer afin que j'observe leurs capacités de combat<hex:021D0103>?","Combattre des aigokeros pour aider Mélétos<hex:021D0103>?<hex:02100103><hex:02100103><hex:024804F201F403><hex:024904F201F503>* Le niveau recommandé pour cet ALÉA est <hex:022003E80203>.<hex:0249020103><hex:0248020103>","","Merci beaucoup<hex:021D0103>! Je vais voir si d'autres collaborateurs pourraient aider également.","","Si tu as des choses à faire, je ne voudrais pas t'empêcher de remplir ta mission. Je vais chercher d'autres collaborateurs.",""
637,2,2,2,2,2,2,2,2,0,0,0,0,0,0,0,0,1,1,1,1,1,1,1,1,0,0,0,0,0,0,0,0,0,0,0,0,0,0,0,0,False,False,False,False,False,False,False,False,0,0,0,0,0,0,0,0,"Affronte des aigokeros, que je puisse observer leurs capacités de combat. Cela devrait m'aider à imaginer un nouveau concept.","","","","","","",""
638,2,2,2,2,2,2,2,2,0,0,0,0,0,0,0,0,1,1,1,1,1,1,1,1,0,0,0,0,0,0,0,0,0,0,0,0,0,0,0,0,False,False,False,False,False,False,False,False,0,3,0,0,0,0,0,0,"Hé hé hé hé hé... Les machines sont de petites choses si délicates. On bidouille un ou deux boulons, et hop<hex:021D0103>! leur système s'emballe. J'assumerai bien la res<hex:02160103>pon<hex:02160103>sa<hex:02160103>bi<hex:02160103>li<hex:02160103>té de mes actes, mais mon cerveau n'est pas fait pour ce genre de corvée primitive. Je préfère vous laisser vous en charger, hé hé hé...","Détruire les machines déréglées<hex:021D0103>?<hex:02100103><hex:02100103><hex:024804F201F403><hex:024904F201F503>* Le niveau recommandé pour cet ALÉA est <hex:022003E80203>.<hex:0249020103><hex:0248020103>","","","Hé hé hé hé hé... Montrez-moi un beau spectacle<hex:021D0103>!","","Hé hé hé hé hé... Eh bien alors, on a les chocottes<hex:021D0103>? Je ne vous en veux pas, va. Après tout, j'ai reconfiguré ces appareils exprès pour les rendre aussi destructeurs que possible<hex:021D0103>!",""
639,2,2,2,2,2,2,2,2,0,0,0,0,0,0,0,0,1,1,1,1,1,1,1,1,0,0,0,0,0,0,0,0,0,0,0,0,0,0,0,0,False,False,False,False,False,False,False,False,0,0,0,0,0,0,0,0,"Hé hé hé... On dirait qu'élever leur tension électrique jusqu'à mille quatre-vingt-dix kilovolts a affolé leurs circuits. Oups, comme on dit<hex:021D0103>!","","","","","","",""
640,2,2,2,2,2,2,2,2,0,0,0,0,0,0,0,0,1,1,1,1,1,1,1,1,0,0,0,0,0,0,0,0,0,0,0,0,0,0,0,0,False,False,False,False,False,False,False,False,0,3,0,0,0,0,0,0,"Hé hé hé hé, la puissance de mon robot-carotte a dépassé la barre des 260 %<hex:021D0103>! Il est devenu par<hex:02160103>fai<hex:02160103>te<hex:02160103>ment hors de contrôle, mais c'est la réussite qui compte. Bon, vous vous chargez de l'envoyer à la casse<hex:021D0103>?","Démolir le robot in<hex:02160103>con<hex:02160103>trô<hex:02160103>la<hex:02160103>ble<hex:021D0103>?<hex:02100103><hex:02100103><hex:024804F201F403><hex:024904F201F503>* Le niveau recommandé pour cet ALÉA est <hex:022003E80203>.<hex:0249020103><hex:0248020103>","","","Hé hé hé hé hé... Montrez-moi un beau spectacle<hex:021D0103>!","","Hé hé hé hé hé... Eh bien alors, on a les chocottes<hex:021D0103>? Je ne vous en veux pas, va. Après tout, j'ai configuré cet appareil exprès pour le rendre aussi destructeur que possible<hex:021D0103>!",""
641,2,2,2,2,2,2,2,2,0,0,0,0,0,0,0,0,1,1,1,1,1,1,1,1,0,0,0,0,0,0,0,0,0,0,0,0,0,0,0,0,False,False,False,False,False,False,False,False,0,0,0,0,0,0,0,0,"Hé hé hé... Ne retenez pas vos coups, surtout<hex:021D0103>! J'ai besoin d'autant de données que possible pour per<hex:02160103>fec<hex:02160103>tion<hex:02160103>ner le modèle suivant<hex:021D0103>!","","","","","","",""
642,2,2,2,2,2,2,2,2,0,0,0,0,0,0,0,0,1,1,1,1,1,1,1,1,0,0,0,0,0,0,0,0,0,0,0,0,0,0,0,0,False,False,False,False,False,False,False,False,0,3,0,0,0,0,0,0,"Les autres Loporrites m'avaient décrit Fallingway comme un inventeur mi-fou mi-génie, capable de réaliser aussi bien des prodiges que des catastrophes... mais pour le moment, j'ai surtout assisté aux catastrophes<hex:021D0103>!","","","","","","",""
643,2,2,2,2,2,2,2,2,0,0,0,0,0,0,0,0,1,1,1,1,1,1,1,1,0,0,0,0,0,0,0,0,0,0,0,0,0,0,0,0,False,False,False,False,False,False,False,False,0,0,0,0,0,0,0,0,"Affronte cette copie de l'io afin que j'observe ses capacités de combat. Cela devrait m'aider à imaginer un nouveau concept.","","","","","","",""
644,2,2,2,2,2,2,2,2,0,0,0,0,0,0,0,0,1,1,1,1,1,1,1,1,0,0,0,0,0,0,0,0,0,0,0,0,0,0,0,0,False,False,False,False,False,False,False,False,0,0,0,3,0,0,0,0,"Je m'appelle Ebrelnaux. Je suis ac<hex:02160103>tu<hex:02160103>el<hex:02160103>le<hex:02160103>ment employé des forges de Garlond, dirigées par Cid Garlond. Mais ça n'a pas toujours été le cas. En effet, j'étais autrefois chercheur dans le laboratoire qui se trouvait ici-même.","À l'origine, mes recherches sur la technologie magitek étaient destinées à améliorer la vie quotidienne du peuple. Mal<hex:02160103>heu<hex:02160103>reu<hex:02160103>se<hex:02160103>ment, l'armée impériale a eu vent de cela et m'a enrôlé de force afin que mes trouvailles servent ses intérêts guerriers. Aujourd'hui, ce que j'ai aidé à développer est utilisé dans les armes magitek sans pilotes.","Si je récupère les documents ayant trait à cette technologie, je devrais pouvoir être capable d'arrêter toutes les machines folles qui errent dans la capitale.","Assurer la protection d'Ebrelnaux<hex:021D0103>?<hex:02100103><hex:02100103><hex:024804F201F403><hex:024904F201F503>* Le niveau recommandé pour cet ALÉA est <hex:022003E80203>.<hex:0249020103><hex:0248020103>","","","Tant pis... Je n'ai plus qu'a espérer qu'un membre d'une délégation passe à proximité et accepte de m'aider.",""
645,2,2,2,2,2,2,2,2,0,0,0,0,0,0,0,0,1,1,1,1,1,1,1,1,0,0,0,0,0,0,0,0,0,0,0,0,0,0,0,0,False,False,False,False,False,False,False,False,0,0,0,0,0,0,0,0,"De tous les employés de Garlond, Ebrelnaux est connu pour être celui qui savait le mieux décoder des com<hex:02160103>bi<hex:02160103>nai<hex:02160103>sons de chiffres.","Après son exil et juste avant le septième fléau, on dit qu'il a œuvré pour que soit révélé au grand jour le projet Météore.","","","","","",""
646,2,2,2,2,2,2,2,2,0,0,0,0,0,0,0,0,1,1,1,1,1,1,1,1,0,0,0,0,0,0,0,0,0,0,0,0,0,0,0,0,False,False,False,False,False,False,False,False,0,3,0,0,0,0,0,0,"J'ai enfin terminé mon nouveau concept<hex:021D0103>! Pourrais-tu te battre contre quelques prototypes, afin de le tester<hex:021D0103>?","Combattre des prototypes du nouveau concept de Mélétos<hex:021D0103>?<hex:02100103><hex:02100103><hex:024804F201F403><hex:024904F201F503>* Le niveau recommandé pour cet ALÉA est <hex:022003E80203>.<hex:0249020103><hex:0248020103>","","","Merci<hex:021D0103>! Alors, tiens-toi prêt<hex:020808E905FF02>e<hex:FF01><hex:03><hex:021D0103>!","","Si tu as des choses à faire, je ne voudrais pas t'empêcher de remplir ta mission. Je vais chercher d'autres collaborateurs.",""
647,2,2,2,2,2,2,2,2,0,0,0,0,0,0,0,0,1,1,1,1,1,1,1,1,0,0,0,0,0,0,0,0,0,0,0,0,0,0,0,0,False,False,False,False,False,False,False,False,0,0,0,0,0,0,0,0,"Le concept auquel j'avais pensé était bien plus im<hex:02160103>pres<hex:02160103>sion<hex:02160103>nant et harmonieux que ça. Regardons quand même ce que vaut cette chose...","","","","","","",""
648,2,2,2,2,2,2,2,2,0,0,0,0,0,0,0,0,1,1,1,1,1,1,1,1,0,0,0,0,0,0,0,0,0,0,0,0,0,0,0,0,False,False,False,False,False,False,False,False,0,0,0,0,0,0,0,0,"Courage, petit nanka<hex:021D0103>! Je vais t'aider à retrouver ta famille<hex:021D0103>!","","","","","","",""
649,2,2,2,2,2,2,2,2,0,0,0,0,0,0,0,0,1,1,1,1,1,1,1,1,0,0,0,0,0,0,0,0,0,0,0,0,0,0,0,0,False,False,False,False,False,False,False,False,0,0,3,0,0,0,0,0,"Je peux enfin voir mon concept sous sa véritable forme<hex:021D0103>! N'est-il pas magnifique<hex:021D0103>? Je compte sur toi pour le tester<hex:021D0103>!","","","","","","",""
650,0,0,0,0,0,0,0,0,0,0,0,0,0,0,0,0,0,0,0,0,0,0,0,0,0,0,0,0,0,0,0,0,0,0,0,0,0,0,0,0,False,False,False,False,False,False,False,False,0,0,0,0,0,0,0,0,"","","","","","","",""
651,2,2,2,2,2,2,2,2,0,0,0,0,0,0,0,0,1,1,1,1,1,1,1,1,0,0,0,0,0,0,0,0,11,11,11,11,11,11,11,11,False,False,False,False,False,False,False,False,0,3,0,0,0,0,0,0,"Merci d'avoir établi une transmission avec moi. Je me nomme N-6205. Ma mission actuelle demande que je récupère la banque de données de l'unité d'invasion Khi. Votre aide est sollicitée, mais non exigée.","Aider N-6205<hex:021D0103>?<hex:02100103><hex:02100103><hex:024804F201F403><hex:024904F201F503>* Le niveau recommandé pour cet ALÉA est <hex:022003E80203>.<hex:0249020103><hex:0248020103>","","","Merci pour votre coopération.<hex:02100103>Lancement des protocoles stratégiques en cours...<hex:02100103>Activation des haut-parleurs.","","Refus de coopération... confirmé.<hex:02100103>Poursuite de l'émission du signal de détresse.",""
652,2,2,2,2,2,2,2,2,0,0,0,0,0,0,0,0,1,1,1,1,1,1,1,1,0,0,0,0,0,0,0,0,11,11,11,11,11,11,11,11,False,False,False,False,False,False,False,False,0,0,0,0,0,0,0,0,"Vision X activée... Absence des objets requis confirmée.<hex:02100103>Veuillez récupérer les matériaux rares demandés.","","","","","","",""
653,2,2,2,2,2,2,2,2,0,0,0,0,0,0,0,0,1,1,1,1,1,1,1,1,0,0,0,0,0,0,0,0,11,11,11,11,11,11,11,11,False,False,False,False,False,False,False,False,0,2,0,0,0,0,0,0,"Vision X activée... Présence des objets requis confirmée.<hex:02100103>Veuillez remettre les matériaux rares demandés.","Vision X activée... Présence des objets requis confirmée.<hex:02100103>Veuillez remettre les matériaux rares demandés.","","","État d'avancement<hex:021D0103>: composants rares bien reçus.<hex:02100103>Merci pour votre coopération.","Notez que plus de composants sont nécessaires afin d'améliorer mon détecteur. Votre aide reste donc requise. Veuillez poursuivre votre mission<hex:021D0103>!","Refus de livraison confirmé...<hex:02100103>Je requiers toujours des composants rares. Veuillez me les remettre.",""
654,2,2,2,2,2,2,2,2,0,0,0,0,0,0,0,0,1,1,1,1,1,1,1,1,0,0,0,0,0,0,0,0,11,11,11,11,11,11,11,11,False,False,False,False,False,False,False,False,0,0,0,0,0,0,0,0,"Vision X activée... Absence des objets requis confirmée.<hex:02100103>Veuillez récupérer les matériaux rares demandés.","","","","","","",""
655,2,2,2,2,2,2,2,2,0,0,0,0,0,0,0,0,1,1,1,1,1,1,1,1,0,0,0,0,0,0,0,0,11,11,11,11,11,11,11,11,False,False,False,False,False,False,False,False,0,2,0,0,0,0,0,0,"Vision X activée... Présence des objets requis confirmée.<hex:02100103>Veuillez remettre les matériaux rares demandés.","Vision X activée... Présence des objets requis confirmée.<hex:02100103>Veuillez remettre les matériaux rares demandés.","","","État d'avancement<hex:021D0103>: composants rares bien reçus.<hex:02100103>Merci pour votre coopération.","","Refus de livraison confirmé...<hex:02100103>Je requiers toujours des composants rares. Veuillez me les remettre.",""
656,1,1,1,1,1,1,1,1,0,0,0,0,0,0,0,0,1,1,1,1,1,1,1,1,0,0,0,0,0,0,0,0,0,0,0,0,0,0,0,0,False,False,False,False,False,False,False,False,0,0,3,0,0,0,0,0,"Jour après jour, de nombreux chercheurs et autres employés du Labyrinthos souffrent de problèmes de peau sèche, causés par le stress et les nuits blanches à répétition... mais j'ai trouvé la solution<hex:021D0103>!","Je vais fabriquer une lotion hydratante ré-vo-lu-tion-naire à partir des petits éclats que les somas laissent tomber derrière eux. Allons, prêtez-moi main-forte pour le bien des épidermes fragilisés<hex:021D0103>!","Aider la chercheuse à ramasser des éclats de soma<hex:021D0103>?<hex:02100103><hex:02100103><hex:024804F201F403><hex:024904F201F503>* Le niveau recommandé pour cet ALÉA est <hex:022003E80203>.<hex:0249020103><hex:0248020103>","","Je me réjouis de voir que vous saisissez l'importance vitale de mes recherches. Et maintenant, au travail<hex:021D0103>! Terrassez les somas givrés ou ramassez les éclats de soma éparpillés au sol<hex:021D0103>!","","Tss<hex:021D0103>! Dire qu'il existe des personnes incapables de reconnaître un projet d'utilité publique quand elles en voient un...",""
657,1,1,1,1,1,1,1,1,763,0,0,0,0,0,0,0,1,1,1,1,1,1,1,1,0,0,0,0,0,0,0,0,0,0,0,0,0,0,0,0,False,False,False,False,False,False,False,False,0,2,0,0,0,0,0,0,"M'apportez-vous des éclats de soma<hex:021D0103>? Comme j'ai hâte de sentir leur fraîcheur hydratante entre mes mains<hex:021D0103>!","","","","Merveilleux<hex:021D0103>! Je sens que le résultat sera à la hauteur de mes espérances. Si vous en trouvez d'autres, je suis preneuse<hex:021D0103>!","","Ah, je vois<hex:021D0103>! Vous voulez fabriquer votre propre lotion hydratante pour me faire de l'ombre<hex:021D0103>!? C'était <hex:021A020203>mon<hex:021A020103> idée, je vous signale<hex:021D0103>!",""
658,2,2,2,2,2,2,2,2,0,0,0,0,0,0,0,0,1,1,1,1,1,1,1,1,0,0,0,0,0,0,0,0,0,0,0,0,0,0,0,0,False,False,False,False,False,False,False,False,0,0,0,0,0,0,0,0,"J'ai besoin d'éclats de soma pour fabriquer une lotion hydratante. Toute aide sera la bienvenue<hex:021D0103>!","","","","","","",""
659,2,2,2,2,2,2,2,2,0,0,0,0,0,0,0,0,1,1,1,1,1,1,1,1,0,0,0,0,0,0,0,0,0,0,0,0,0,0,0,0,False,False,False,False,False,False,False,False,0,0,0,0,0,0,0,0,"Avec tous ces éclats de soma, mon projet pourrait bien devenir réalité... mais si vous en trouvez plus, n'hésitez pas à me les remettre avant que je retourne à mon laboratoire<hex:021D0103>!","","","","","","",""
660,1,1,1,1,1,1,1,1,763,0,0,0,0,0,0,0,1,1,1,1,1,1,1,1,0,0,0,0,0,0,0,0,0,0,0,0,0,0,0,0,False,False,False,False,False,False,False,False,0,2,0,0,0,0,0,0,"M'apportez-vous des éclats de soma<hex:021D0103>? Comme j'ai hâte de sentir leur fraîcheur hydratante entre mes mains<hex:021D0103>!","","","","Parfait<hex:021D0103>! Je devrais en avoir largement assez pour mener mes recherches à bien. La révolution cutanée est en marche<hex:021D0103>!","","Ah, je vois<hex:021D0103>! Vous voulez fabriquer votre propre lotion hydratante pour me faire de l'ombre<hex:021D0103>!? C'était <hex:021A020203>mon<hex:021A020103> idée, je vous signale<hex:021D0103>!",""
661,1,1,1,1,1,1,1,1,0,0,0,0,0,0,0,0,1,1,1,1,1,1,1,1,0,0,0,0,0,0,0,0,0,0,0,0,0,0,0,0,False,False,False,False,False,False,False,False,0,0,3,0,0,0,0,0,"Aaaaah, c'est la paniiiique<hex:021D0103>!!! Ces fichus anilas des tempêtes ont éparpillé les documents que je transportais<hex:021D0103>!","Ces papiers contiennent des in<hex:02160103>for<hex:02160103>ma<hex:02160103>tions strictement confidentielles. Si jamais des personnes non autorisées tombent dessus, je suis un homme mort... Pitié, aidez-moi à les ramasser<hex:021D0103>!","Aider le chercheur à ramasser les documents<hex:021D0103>?<hex:02100103><hex:02100103><hex:024804F201F403><hex:024904F201F503>* Le niveau recommandé pour cet ALÉA est <hex:022003E80203>.<hex:0249020103><hex:0248020103>","","Vous me sauvez la vie<hex:021D0103>! Rapportez-moi directement tous les documents ultra-confidentiels que vous trouverez. Et in<hex:02160103>ter<hex:02160103>dic<hex:02160103>tion de les lire avant<hex:021D0103>!","","Quoi<hex:021D0103>!? Mais je n'arriverai jamais à tous les ramasser à moi seul<hex:021D0103>! Et si jamais ces in<hex:02160103>for<hex:02160103>ma<hex:02160103>tions fuitent... Hiiii, je ne veux même pas imaginer ce qui m'arrivera<hex:021D0103>!",""
662,1,1,1,1,1,1,1,1,763,0,0,0,0,0,0,0,1,1,1,1,1,1,1,1,0,0,0,0,0,0,0,0,0,0,0,0,0,0,0,0,False,False,False,False,False,False,False,False,0,2,0,0,0,0,0,0,"Ces papiers que vous tenez à la main, est-ce bien ce que je pense<hex:021D0103>?","","","","Oui, c'est bien une partie des documents que j'ai fait tomber<hex:021D0103>! Mais il en reste encore beaucoup... Ne relâchez pas vos efforts<hex:021D0103>!","","A-attendez... vous ne voulez quand même pas les garder pour vous<hex:021D0103>!? Ne rigolez pas avec ces choses-là, certains ont mal fini pour moins que ça<hex:021D0103>!",""
663,2,2,2,2,2,2,2,2,0,0,0,0,0,0,0,0,1,1,1,1,1,1,1,1,0,0,0,0,0,0,0,0,0,0,0,0,0,0,0,0,False,False,False,False,False,False,False,False,0,0,0,0,0,0,0,0,"Pitié, aidez-moi à ramasser ces documents ultra-confidentiels<hex:021D0103>! Je vous promets de vous récompenser<hex:021D0103>!","","","","","","",""
664,2,2,2,2,2,2,2,2,0,0,0,0,0,0,0,0,1,1,1,1,1,1,1,1,0,0,0,0,0,0,0,0,0,0,0,0,0,0,0,0,False,False,False,False,False,False,False,False,0,0,0,0,0,0,0,0,"Je crois avoir récupéré les documents les plus essentiels... Merci mille fois pour votre aide<hex:021D0103>!","","","","","","",""
665,1,1,1,1,1,1,1,1,763,0,0,0,0,0,0,0,1,1,1,1,1,1,1,1,0,0,0,0,0,0,0,0,0,0,0,0,0,0,0,0,False,False,False,False,False,False,False,False,0,2,0,0,0,0,0,0,"Ces papiers que vous tenez à la main, est-ce bien ce que je pense<hex:021D0103>?","","","","Oui, c'est bien une partie des documents que j'ai fait tomber<hex:021D0103>! Grâce à vous, je les ai quasiment tous récupérés<hex:021D0103>!","","A-attendez... vous ne voulez quand même pas les garder pour vous<hex:021D0103>!? Ne rigolez pas avec ces choses-là, certains ont mal fini pour moins que ça<hex:021D0103>!",""
666,2,2,2,2,2,2,2,2,0,0,0,0,0,0,0,0,1,1,1,1,1,1,1,1,0,0,0,0,0,0,0,0,0,0,0,0,0,0,0,0,False,False,False,False,False,False,False,False,0,0,3,0,0,0,0,0,"Aidez-moi, s'il vous plaît<hex:021D0103>! Une horde de balsamines écumeuses se dirige par ici, juste au moment où les mérinos sont au pré<hex:021D0103>!","Les balsamines ont la sale manie de cracher leur suc digestif sur tout ce qui bouge. Elles vont abîmer la toison soyeuse que les mérinos ont fait pousser sur toute une année... Je vous en prie, chassez ces mauvaises graines<hex:021D0103>!","Aider le berger<hex:021D0103>?<hex:02100103><hex:02100103><hex:024804F201F403><hex:024904F201F503>* Le niveau recommandé pour cet ALÉA est <hex:022003E80203>.<hex:0249020103><hex:0248020103>","","Oh, merci<hex:021D0103>! Je compte sur vous pour protéger mes petits mérinos<hex:021D0103>!","","Vous devez être occupé<hex:020808E905FF02>e<hex:FF01><hex:03>, je comprends... Mais qui va protéger mes petits mérinos, alors<hex:021D0103>?",""
667,2,2,2,2,2,2,2,2,0,0,0,0,0,0,0,0,1,1,1,1,1,1,1,1,0,0,0,0,0,0,0,0,0,0,0,0,0,0,0,0,False,False,False,False,False,False,False,False,0,0,0,0,0,0,0,0,"Voilà ces satanées balsamines<hex:021D0103>! Vite, chassez-les tout en protégeant les mérinos<hex:021D0103>!","","","","","","",""
668,2,2,2,2,2,2,2,2,0,0,0,0,0,0,0,0,1,1,1,1,1,1,1,1,0,0,0,0,0,0,0,0,11,11,11,11,11,11,11,11,False,False,False,False,False,False,False,False,0,3,0,0,0,0,0,0,"Merci d'avoir établi une transmission avec moi. Je me nomme N-6205. Ma mission actuelle demande que je récupère la banque de données de l'unité d'invasion Khi. Votre aide est sollicitée, mais non exigée.","Aider N-6205<hex:021D0103>?<hex:02100103><hex:02100103><hex:024804F201F403><hex:024904F201F503>* Le niveau recommandé pour cet ALÉA est <hex:022003E80203>.<hex:0249020103><hex:0248020103>","","","Merci pour votre coopération.<hex:02100103>Lancement des protocoles stratégiques en cours...<hex:02100103>Activation des haut-parleurs.","","Refus de coopération... confirmé.<hex:02100103>Poursuite de l'émission du signal de détresse.",""
669,2,2,2,2,2,2,2,2,0,0,0,0,0,0,0,0,1,1,1,1,1,1,1,1,0,0,0,0,0,0,0,0,0,0,0,0,0,0,0,0,False,False,False,False,False,False,False,False,0,3,0,0,0,0,0,0,"当機は、オミクロンN-6205、通信への応答に感謝する。<hex:02100103>侵略兵器「カイ」のメモリーを回収するため、作戦遂行中……<hex:02100103>協力を要請する。","N-6205に協力しますか？<hex:02100103><hex:02100103><hex:024804F201F403><hex:024904F201F503>※このF.A.T.E.の推奨レベルは<hex:022003E80203>です。<hex:0249020103><hex:0248020103>","","","応援要請の受諾を確認……協力に感謝する。<hex:02100103>作戦行動プロトコル起動、広域への通信を開始する。","","応援要請の拒否を確認……<hex:02100103>引き続き、緊急通信を発しつつ、応援を待つ。",""
670,2,2,2,2,2,2,2,2,0,0,0,0,0,0,0,0,1,1,1,1,1,1,1,1,0,0,0,0,0,0,0,0,0,0,0,0,0,0,0,0,False,False,False,False,False,False,False,False,0,0,0,3,0,0,0,0,"J'ai suivi Ebrelnaux jusqu'à l'usine de munitions. Il voulait récupérer les documents dont il se servait pour ses recherches, avant sa fuite de Garlemald.","Le problème, c'est que la technologie qu'il a aidé à concevoir a servi au développement d'armes magitek sans pilotes... et pour être autonomes, elles le sont<hex:021D0103>!","Il va nous falloir nous en débarrasser. Acceptez-vous de nous y aider<hex:021D0103>?","Aider à vaincre les armes magitek<hex:021D0103>?<hex:02100103><hex:02100103><hex:024804F201F403><hex:024904F201F503>* Le niveau recommandé pour cet ALÉA est <hex:022003E80203>.<hex:0249020103><hex:0248020103>","Je suis heureuse que vous acceptiez<hex:021D0103>! Des membres des grandes compagnies éorzéennes vous aideront également à abattre ces armes<hex:021D0103>!","","Vous refusez<hex:021D0103>? Dans ce cas, je me passerai de vos services et demanderai de l'aide à d'autres troupes alliées.",""
671,2,2,2,2,2,2,2,2,0,0,0,0,0,0,0,0,1,1,1,1,1,1,1,1,0,0,0,0,0,0,0,0,0,0,0,0,0,0,0,0,False,False,False,False,False,False,False,False,0,0,0,0,0,0,0,0,"Avez-vous vu toutes ces armes sans pilotes qui errent dans les rues dévastées de la capitale<hex:021D0103>?","Il semble que le dispositif de sécurité mis en place pour qu'elles évitent de s'en prendre à leurs alliés a été désactivé. À présent, elles s'attaquent à tout ce qui passe à leur portée.","","","","","",""
672,2,2,2,2,2,2,2,2,0,0,0,0,0,0,0,0,1,1,1,1,1,1,1,1,0,0,0,0,0,0,0,0,0,0,0,0,0,0,0,0,False,False,False,False,False,False,False,False,0,0,0,0,0,0,0,0,"En tant que scien<hex:02160103>ti<hex:02160103>fi<hex:02160103>que, je m'étais proposé de simplifier au maximum les commandes des machines utilisant la technologie magitek afin de rendre cette dernière accessible au plus grand nombre.","Toutes ces recherches sur l'automatisation... et finir par devoir travailler pour l'armée sur le développement d'armes magitek sans pilote. Quand j'ai décidé que trop c'était trop, je me suis exilé en Éorzéa.","Si l'on veut rebâtir cette capitale, il faut trouver un moyen de mettre ces armes hors d'état de nuire. Ce sont les documents auxquels je pense qui me le fourniront.","","","","",""
673,0,0,0,0,0,0,0,0,0,0,0,0,0,0,0,0,0,0,0,0,0,0,0,0,0,0,0,0,0,0,0,0,0,0,0,0,0,0,0,0,False,False,False,False,False,False,False,False,0,0,0,0,0,0,0,0,"","","","","","","",""
674,2,2,2,2,2,2,2,2,0,0,0,0,0,0,0,0,1,1,1,1,1,1,1,1,0,0,0,0,0,0,0,0,0,0,0,0,0,0,0,0,False,False,False,False,False,False,False,False,0,0,0,0,0,0,0,0,"Cette machine était à l'origine conçue pour être pilotée par un soldat, mais peut agir à présent de façon autonome. Nul doute qu'ils ont récupéré ma technologie pour créer ces saletés...","En récupérant puis en analysant les composants utilisés comme unité de contrôle des armes magitek, on devrait pouvoir trouver le moyen de les arrêter.","","","","","",""
675,2,2,2,2,2,2,2,2,0,0,0,0,0,0,0,0,1,1,1,1,1,1,1,1,0,0,0,0,0,0,0,0,0,0,0,0,0,0,0,0,False,False,False,False,False,False,False,False,0,0,0,0,0,0,0,0,"J'ai beau être un officier du Maelstrom, je ne pense pas pouvoir faire quoi que ce soit pour aider à vaincre ces machines...","Une fois que vous aurez réglé son compte à l'arme magitek, Ebrelnaux voudra cer<hex:02160103>tai<hex:02160103>ne<hex:02160103>ment fouiller sa carcasse à la recherche des composants dont il a besoin. Il faut bien que quelqu'un assure ses arrières, et ce quelqu'un, ce sera moi...","","","","","",""
676,1,2,2,2,2,2,2,2,0,763,0,0,0,0,737,0,1,1,1,1,1,1,1,1,0,0,0,0,0,0,0,0,0,0,0,0,0,0,0,0,False,False,False,False,False,False,False,False,0,0,3,0,0,0,0,0,"Hah... Il faut absolument attraper ces lapins du bonheur pour que la chasse aux Prœufs soit un succès<hex:021D0103>!","Comme vous pouvez le voir, un groupe de poules a rassemblé plusieurs lapins du bonheur par ici. Nous avons vraiment besoin d'aide pour les capturer<hex:021D0103>!","Aider les organisateurs de la chasse aux Prœufs à attraper les lapins du bonheur<hex:021D0103>?<hex:02100103><hex:02100103><hex:024804F201F403><hex:024904F201F503>* Le niveau recommandé pour cet ALÉA est <hex:022003E80203>.<hex:0249020103><hex:0248020103>","","","","D'accord... Je comprends. Venez me trouver si vous changer d'avis<hex:021D0103>!",""
677,2,2,2,2,2,2,2,2,6222,768,0,0,0,0,0,0,1,1,1,1,1,1,1,1,0,0,0,0,0,0,0,0,0,0,0,0,0,0,0,0,False,False,False,False,False,False,False,False,0,0,3,0,0,0,0,0,"Merci d'être <hex:020810E905FF06>venue<hex:FF05>venu<hex:03><hex:021D0103>! Des poupées magiques sont immobilisées par des Sylphes un peu plus loin.","Grâce aux costumes de tomberry, on pourra les effrayer et en profiter pour récupérer les Prœufs.","Récupérer les Prœufs dispersés<hex:021D0103>?<hex:02100103><hex:02100103><hex:024804F201F403><hex:024904F201F503>* Le niveau recommandé pour cet ALÉA est <hex:022003E80203>.<hex:0249020103><hex:0248020103>","","","","Tu as une autre affaire à régler<hex:021D0103>? Je t'attends là, reviens me voir quand tu seras <hex:020812E905FF07>prête<hex:FF06>prêt<hex:03>.",""
678,2,2,2,2,2,2,2,2,768,0,0,0,740,0,767,0,1,1,1,1,1,1,1,1,0,0,0,0,0,0,0,0,0,0,0,0,0,0,0,0,False,False,False,False,False,False,False,False,0,2,0,0,0,0,0,0,"Tu as réussi à récupérer les Prœufs<hex:021D0103>?","","","","Super<hex:021D0103>! Tu n'as pas usurpé ton titre d'aventuri<hex:02080DE905FF05>ère<hex:FF03>er<hex:03><hex:021D0103>! Montrons à tous à quel point les tomberrys sont vaillants<hex:021D0103>!","","Prends garde à ce que les Prœufs ne se cassent pas dans la pré<hex:02160103>ci<hex:02160103>pi<hex:02160103>ta<hex:02160103>tion<hex:021D0103>! Attends le bon moment avant de me les remettre.",""
679,2,2,2,2,2,2,2,2,768,0,0,0,0,0,0,0,1,1,1,1,1,1,1,1,0,0,0,0,0,0,0,0,0,0,0,0,0,0,0,0,False,False,False,False,False,False,False,False,0,0,0,0,0,0,0,0,"Oh, tu n'en as aucun dans ta besace<hex:021D0103>! J'imagine que ce n'est pas évident, mais continue de chercher les Prœufs<hex:021D0103>!","","","","","","",""
680,2,2,2,2,2,2,2,2,768,0,0,0,740,0,767,0,1,1,1,1,1,1,1,1,0,0,0,0,0,0,0,0,0,0,0,0,0,0,0,0,False,False,False,False,False,False,False,False,0,2,0,0,0,0,0,0,"Tu as réussi à récupérer les Prœufs<hex:021D0103>?","","","","Génial<hex:021D0103>! On en a retrouvé pas mal grâce à tes efforts<hex:021D0103>!","","Je ne vais pas tarder à les rapporter à Gridania. S'il en reste d'autres, amène-les-moi au plus vite.",""
681,2,2,2,2,2,2,2,2,768,0,0,0,0,0,0,0,1,1,1,1,1,1,1,1,0,0,0,0,0,0,0,0,0,0,0,0,0,0,0,0,False,False,False,False,False,False,False,False,0,0,0,0,0,0,0,0,"Je ne vais pas tarder à les rapporter à Gridania. S'il en reste d'autres, amène-les-moi au plus vite.","","","","","","",""
682,2,2,2,2,2,2,2,2,0,0,0,0,0,0,0,0,1,1,1,1,1,1,1,1,0,0,0,0,0,0,0,0,0,0,0,0,0,0,0,0,False,False,False,False,False,False,False,False,0,0,3,0,0,0,0,0,"Vous... Dites-moi que vous savez vous battre<hex:021D0103>!? On a besoin d'aide<hex:021D0103>!","La situation est critique, nous devons empêcher ce monstre de détruire le village<hex:021D0103>! Je vais chercher du soutien, ne le laissez pas avancer<hex:021D0103>!","Aider le marcheur de Tsivli<hex:021D0103>?<hex:02100103><hex:02100103><hex:024804F201F403><hex:024904F201F503>* Le niveau recommandé pour cet ALÉA est <hex:022003E80203>.<hex:0249020103><hex:0248020103>","","Oh, merci beaucoup<hex:021D0103>! Je vais chercher de l'aide<hex:021D0103>! Tenez bon<hex:021D0103>!","","Je comprends, c'est très dangereux, après tout... Aaah, mais le village est en danger...<hex:021D0103>!",""
683,2,2,2,2,2,2,2,2,0,0,0,0,0,0,0,0,1,1,1,1,1,1,1,1,0,0,0,0,0,0,0,0,0,0,0,0,0,0,0,0,False,False,False,False,False,False,False,False,0,0,3,0,0,0,0,0,"Oh, vous m'avez l'air de savoir vous battre, vous<hex:021D0103>! Notre cargaison est menacée par des loups, vous pouvez nous aider à les faire fuir<hex:021D0103>?","Notre cargaison doit absolument arriver à bon port, nos clients comptent beaucoup dessus<hex:021D0103>! Je vous en prie<hex:021D0103>!","Aider les marchands pelupelu<hex:021D0103>?<hex:02100103><hex:02100103><hex:024804F201F403><hex:024904F201F503>* Le niveau recommandé pour cet ALÉA est <hex:022003E80203>.<hex:0249020103><hex:0248020103>","","Oh, merci beaucoup<hex:021D0103>! Ils se déplacent toujours en meute, faites attention à ne pas vous retrouver encerclé<hex:020808E905FF02>e<hex:FF01><hex:03><hex:021D0103>!","","Oh, je vois... Je crois qu'on peut dire au revoir à nos mar<hex:02160103>chan<hex:02160103>di<hex:02160103>ses...",""
684,2,2,2,2,2,2,2,2,0,0,0,0,0,0,0,0,1,1,1,1,1,1,1,1,0,0,0,0,0,0,0,0,0,0,0,0,0,0,0,0,False,False,False,False,False,False,False,False,0,0,3,0,0,0,0,0,"Misère de misère de misère<hex:021D0103>! Ces oiseaux de malheur ne cessent de rappliquer<hex:021D0103>! Ils vont becqueter nos grains de café jusqu'au dernier<hex:021D0103>!","Notre précieuse récolte va partir en fumée à ce rythme... Je vous en prie, <hex:020818E905FF0A>voyageuse<hex:FF09>voyageur<hex:03>, faites quelque chose<hex:021D0103>!","Repousser les oiseaux<hex:021D0103>?<hex:02100103><hex:02100103><hex:024804F201F403><hex:024904F201F503>* Le niveau recommandé pour cet ALÉA est <hex:022003E80203>.<hex:0249020103><hex:0248020103>","","Vous nous sauvez la vie<hex:021D0103>! Allez-y, défendez nos caisses de café contre ces sales piafs<hex:021D0103>!","","Je sais que cela ne vous concerne pas, mais... on a des commandes à honorer, alors...",""
685,2,2,2,2,2,2,2,2,0,0,0,0,0,0,0,0,1,1,1,1,1,1,1,1,0,0,0,0,0,0,0,0,0,0,0,0,0,0,0,0,False,False,False,False,False,False,False,False,0,0,0,3,0,0,0,0,"Oh, <hex:02081FE905FF0E>une voyageuse<hex:FF0C>un voyageur<hex:03>. Voilà qui est RARE. Auriez-vous par hasard un quelconque intérêt pour nos RUINES<hex:021D0103>?","Si oui, vous tombez à pic, car il se trouve que leur intégrité est MENACÉE...","À cette période de l'année, les gazelles des environs ont les CORNES qui POUSSENT. Et elles se plaisent alors à venir les AFFÛTER sur les murs de nos vestiges. Il faudrait que quelqu'un les fasse déguerpir...","Chasser les gazelles<hex:021D0103>?<hex:02100103><hex:02100103><hex:024804F201F403><hex:024904F201F503>* Le niveau recommandé pour cet ALÉA est <hex:022003E80203>.<hex:0249020103><hex:0248020103>","Merci<hex:021D0103>! Tenez, en voici justement quelques-unes qui accourent<hex:021D0103>! À VOUS de jouer<hex:021D0103>!","","Je ne veux pas vous forcer la main. Mais nos vestiges vont être fortement DÉGRADÉS si rien n'est fait...",""
686,2,2,2,2,2,2,2,2,0,0,0,0,0,0,0,0,1,1,1,1,1,1,1,1,0,0,0,0,0,0,0,0,0,0,0,0,0,0,0,0,False,False,False,False,False,False,False,False,0,0,0,3,0,0,0,0,"C'est FÂCHEUX... Depuis la récente tempête, les esprits de vent sont ex<hex:02160103>trê<hex:02160103>me<hex:02160103>ment AGITÉS...","Ils risquent d'éroder les ins<hex:02160103>crip<hex:02160103>tions sur les tombes de nos ancêtres, la PREUVE même de leur existence. Ce serait pour eux la MORT au sens où nous l'entendons...","Je suis trop VIEUX pour intervenir, mais VOUS, vous pourriez peut-être les calmer, et par là même sauver l'existence de nos aïeux...","Éliminer les élémentaires de vent<hex:021D0103>?<hex:02100103><hex:02100103><hex:024804F201F403><hex:024904F201F503>* Le niveau recommandé pour cet ALÉA est <hex:022003E80203>.<hex:0249020103><hex:0248020103>","<hex:020818E905FF0A>Voyageuse<hex:FF09>Voyageur<hex:03>, je ne sais comment vous remercier<hex:021D0103>! BON COURAGE à vous<hex:021D0103>!","","Tant pis. Je n'ai plus qu'à prier pour que les esprits se calment d'EUX-MÊMES...",""
687,2,2,2,2,2,2,2,2,0,0,0,0,0,0,0,0,1,1,1,1,1,1,1,1,0,0,0,0,0,0,0,0,0,0,0,0,0,0,0,0,False,False,False,False,False,False,False,False,0,0,3,0,0,0,0,0,"Oh, voyageu<hex:02080AE905FF03>se<hex:FF02>r<hex:03><hex:021D0103>! N'hésitez à profiter de l'eau chaude et du magnifique paysage que proposent nos sources<hex:021D0103>!","Par contre, vous avez entendu l'histoire effrayante qui circule<hex:021D0103>? Je peux vous la raconter si ça vous intéresse<hex:021D0103>!","Écouter la rumeur<hex:021D0103>?<hex:02100103><hex:02100103><hex:024804F201F403><hex:024904F201F503>* Le niveau recommandé pour cet ALÉA est <hex:022003E80203>.<hex:0249020103><hex:0248020103>","","Il paraît qu'un terrible monstre s'attaquerait à ceux qui rentreraient chez eux après une petite baignade dans ces sources. Une grande créature ailée, un peu comme celle-là, justement... Euh, attendez un peu<hex:021D0103>!?","","Dommage... Attendez, me dites pas que vous avez peur, quand même<hex:021D0103>?",""
688,2,2,2,2,2,2,2,2,0,0,0,0,0,0,0,0,1,1,1,1,1,1,1,1,0,0,0,0,0,0,0,0,0,0,0,0,0,0,0,0,False,False,False,False,False,False,False,False,0,0,3,0,0,0,0,0,"Aidez-moi voyageu<hex:02080AE905FF03>se<hex:FF02>r<hex:03><hex:021D0103>! Mes pâturages sont envahis d'insectes nuisibles<hex:021D0103>!","Une herbe de bonne qualité est très importante pour la croissance des alpagas<hex:021D0103>! Pouvez-vous m'aider à me débarrasser de ces parasites<hex:021D0103>?","Aider le marcheur de Tsivli<hex:021D0103>?<hex:02100103><hex:02100103><hex:024804F201F403><hex:024904F201F503>* Le niveau recommandé pour cet ALÉA est <hex:022003E80203>.<hex:0249020103><hex:0248020103>","","Merci beaucoup<hex:021D0103>! On va aller inspecter les autres pâturages en attendant, faites attention à vous<hex:021D0103>!","","Ah, bon, ben d'accord... Je vais aller chercher de l'aide ailleurs, alors...",""
689,2,2,2,2,2,2,2,2,0,0,0,0,0,0,0,0,1,1,1,1,1,1,1,1,0,0,0,0,0,0,0,0,0,0,0,0,0,0,0,0,False,False,False,False,False,False,False,False,0,0,3,0,0,0,0,0,"PETIT ÊTRE écouter moi<hex:021D0103>! Urqopacha être terre sacrée des Yok Huy<hex:021D0103>!","Si pas content, alors montrer FORCE<hex:021D0103>! Combattre nous<hex:021D0103>!","Relever le défi du Yok Huy<hex:021D0103>?<hex:02100103><hex:02100103><hex:024804F201F403><hex:024904F201F503>* Le niveau recommandé pour cet ALÉA est <hex:022003E80203>.<hex:0249020103><hex:0248020103>","","Petit être bientôt reconnaître VRAIS MAÎTRES du Tural<hex:021D0103>!","","Guahahaha<hex:021D0103>! Petit être se dégonfler<hex:021D0103>! RIDICULE et INSIGNIFIANT<hex:021D0103>! Hors de notre vue<hex:021D0103>!",""
690,2,2,2,2,2,2,2,2,0,0,0,0,0,0,0,0,1,1,1,1,1,1,1,1,0,0,0,0,0,0,0,0,11,11,11,11,11,11,11,11,False,False,False,False,False,False,False,False,0,3,0,0,0,0,0,0,"Des petites créatures nuisibles ont infesté les environs. Pourriez-vous recouvrer les graines de plantes rares<hex:021D0103>?","Récupérer les graines<hex:021D0103>?<hex:02100103><hex:02100103><hex:024804F201F403><hex:024904F201F503>* Le niveau recommandé pour cet ALÉA est <hex:022003E80203>.<hex:0249020103><hex:0248020103>","","","Vous avez accepté ma requête, merci. Vous pourrez me remettre toutes les graines que vous aurez récupérées dans le temps imparti.","","Vous avez refusé ma requête. Profitez du reste de votre visite des jardins de Soufflevent.",""
691,2,2,2,2,2,2,2,2,0,0,0,0,0,0,0,0,1,1,1,1,1,1,1,1,0,0,0,0,0,0,0,0,11,11,11,11,11,11,11,11,False,False,False,False,False,False,False,False,0,0,0,0,0,0,0,0,"Vous pouvez ramasser les graines tombées par terre ou les arracher directement aux créatures. Je vous laisse libre de choisir la méthode que vous préférez.","","","","","","",""
692,2,2,2,2,2,2,2,2,0,0,0,0,0,0,0,0,1,1,1,1,1,1,1,1,0,0,0,0,0,0,0,0,11,11,11,11,11,11,11,11,False,False,False,False,False,False,False,False,0,2,0,0,0,0,0,0,"Si vous avez des graines de plantes rares, vous pouvez me les remettre.","","","","Remise de graines détectée... Merci pour votre aide.","Confirmation de l'aide reçue. Continuez ainsi.","Nombre de graines insuffisant. Essayez d'en rapporter d'autres.",""
693,2,2,2,2,2,2,2,2,0,0,0,0,0,0,0,0,1,1,1,1,1,1,1,1,0,0,0,0,0,0,0,0,11,11,11,11,11,11,11,11,False,False,False,False,False,False,False,False,0,0,0,0,0,0,0,0,"Nombre de graines reçues suffisant. Si vous en avez d'autres, n'hésitez pas à me les remettre quand même.","","","","","","",""
694,2,2,2,2,2,2,2,2,0,0,0,0,0,0,0,0,1,1,1,1,1,1,1,1,0,0,0,0,0,0,0,0,11,11,11,11,11,11,11,11,False,False,False,False,False,False,False,False,0,2,0,0,0,0,0,0,"Nombre de graines reçues suffisant. Si vous en avez d'autres, n'hésitez pas à me les remettre quand même.","","","","Graines de plantes rares détectées... Merci pour votre aide.","","Si vous en avez d'autres, n'hésitez pas à me les remettre quand même.",""
695,1,1,1,1,1,1,1,1,0,0,0,0,0,0,0,0,1,1,1,1,1,1,1,1,0,0,0,0,0,0,0,0,0,0,0,0,0,0,0,0,False,False,False,False,False,False,False,False,0,0,3,0,0,0,0,0,"Salut à toi, <hex:020818E905FF0A>voyageuse<hex:FF09>voyageur<hex:03>, hou<hex:021D0103>! Sans doute l'ignores-tu, mais je suis célèbre dans cette région pour mes talents de pêcheur.","Si tu as un peu de temps, je pourrais même t'en faire la dé<hex:02160103>mon<hex:02160103>stra<hex:02160103>tion en attrapant un magnifique poisson. Veux-tu bien veiller sur moi pendant que je lance ma ligne<hex:021D0103>?","Veiller sur le pêcheur hanu hanu pendant qu'il pêche<hex:021D0103>?<hex:02100103><hex:02100103><hex:024804F201F403><hex:024904F201F503>* Le niveau recommandé pour cet ALÉA est <hex:022003E80203>.<hex:0249020103><hex:0248020103>","","Hou, hou<hex:021D0103>! Je savais que ça t'intéresserait<hex:021D0103>! Dans ce cas, regarde-moi faire<hex:021D0103>!","","Je vois, c'est bien dommage, hou<hex:021D0103>! Mais si tu n'aimes pas le poisson, je n'y peux rien.",""
696,2,2,2,2,2,2,2,2,0,0,0,0,0,0,0,0,1,1,1,1,1,1,1,1,0,0,0,0,0,0,0,0,0,0,0,0,0,0,0,0,False,False,False,False,False,False,False,False,0,0,3,0,0,0,0,0,"Hou, hou<hex:021D0103>! Tu tombes bien, <hex:020818E905FF0A>voyageuse<hex:FF09>voyageur<hex:03> sans plumes<hex:021D0103>! Je devine que tu es <hex:020829E905FF14>une bonne chasseuse<hex:FF10>un bon chasseur<hex:03>.","Il se trouve que des poissons mangeurs de roseaux sont apparus près de mes roselières. Veux-tu bien les éliminer pour moi avant qu'ils ne ruinent ma récolte<hex:021D0103>?","Aider le fermier hanu hanu<hex:021D0103>?<hex:02100103><hex:02100103><hex:024804F201F403><hex:024904F201F503>* Le niveau recommandé pour cet ALÉA est <hex:022003E80203>.<hex:0249020103><hex:0248020103>","","Hou, je t'en suis infiniment re<hex:02160103>con<hex:02160103>nais<hex:02160103>sant<hex:021D0103>! Moi, j'ai tellement horreur de ces bestioles que la simple idée de m'en approcher me hérisse les plumes.","","Tant pis, hou<hex:021D0103>! Comment vais-je me débarrasser de ces méchants orobons<hex:021D0103>?",""
697,2,2,2,2,2,2,2,2,0,0,0,0,0,0,0,0,1,1,1,1,1,1,1,1,0,0,0,0,0,0,0,0,11,11,11,11,11,11,11,11,False,False,False,False,False,False,False,False,0,0,3,0,0,0,0,0,"Je suis la sentinelle GX-0090, ac<hex:02160103>tu<hex:02160103>el<hex:02160103>le<hex:02160103>ment en patrouille dans la Cité lacustre.","Cependant, à cause d'une attaque de torbalans survenue dans ce secteur, j'ai dû interrompre ma mission.","Aider la sentinelle<hex:021D0103>?<hex:02100103><hex:02100103><hex:024804F201F403><hex:024904F201F503>* Le niveau recommandé pour cet ALÉA est <hex:022003E80203>.<hex:0249020103><hex:0248020103>","","Demande d'aide acceptée. Reprise de la mission d'inspection.","","Demande d'aide refusée. La recherche de collaborateurs va continuer.",""
698,2,2,2,2,2,2,2,2,0,0,0,0,0,0,0,0,1,1,1,1,1,1,1,1,0,0,0,0,0,0,0,0,11,11,11,11,11,11,11,11,False,False,False,False,False,False,False,False,0,0,0,0,0,0,0,0,"Présence de torbalans avérée dans le secteur. Mettez-les hors d'état de nuire.","","","","","","",""
699,2,2,2,2,2,2,2,2,0,0,0,0,0,0,0,0,1,1,1,1,1,1,1,1,0,0,0,0,0,0,0,0,0,0,0,0,0,0,0,0,False,False,False,False,False,False,False,False,0,0,0,3,0,0,0,0,"Tu as l'air de quelqu'un de très fort, <hex:020818E905FF0A>voyageuse<hex:FF09>voyageur<hex:03><hex:021D0103>! Veux-tu bien écouter mon problème, hou<hex:021D0103>?","J'ai apporté des fruits pour les offrir à notre divinité Kixaihih, mais de vilains oiseaux vont sans doute essayer de me les voler.","Si jamais tu vois des toucanlibris s'approcher, tu veux bien les chasser et protéger mes offrandes, s'il te plaît, hou<hex:021D0103>?","Aider la sibylle hanu hanu<hex:021D0103>?<hex:02100103><hex:02100103><hex:024804F201F403><hex:024904F201F503>* Le niveau recommandé pour cet ALÉA est <hex:022003E80203>.<hex:0249020103><hex:0248020103>","Vraiment<hex:021D0103>? Quelle chance d'être tombée sur une personne généreuse comme toi<hex:021D0103>! Kixaihih te remerciera sûrement, hou<hex:021D0103>!","","Tu as sans doute mieux à faire, hou... En tout cas, fais bien attention aux oiseaux dangereux qui rôdent dans les environs, toi aussi, hou<hex:021D0103>!",""
700,2,2,2,2,2,2,2,2,0,0,0,0,0,0,0,0,1,1,1,1,1,1,1,1,0,0,0,0,0,0,0,0,11,11,11,11,11,11,11,11,False,False,False,False,False,False,False,False,0,3,0,0,0,0,0,0,"Beaucoup de sentinelles en panne détectées dans ce secteur. Je recherche des collaborateurs pour récupérer leurs cartes mémoire.","Aider la sentinelle<hex:021D0103>?<hex:02100103><hex:02100103><hex:024804F201F403><hex:024904F201F503>* Le niveau recommandé pour cet ALÉA est <hex:022003E80203>.<hex:0249020103><hex:0248020103>","","","Demande d'aide acceptée. Laissez-moi vous expliquer la mission.","","Demande d'aide refusée. La recherche de collaborateurs va continuer.",""
701,2,2,2,2,2,2,2,2,0,0,0,0,0,0,0,0,1,1,1,1,1,1,1,1,0,0,0,0,0,0,0,0,11,11,11,11,11,11,11,11,False,False,False,False,False,False,False,False,0,0,0,0,0,0,0,0,"Vous pouvez récupérer les cartes mémoire sur les sentinelles cassées, ou les arracher aux gargantuas qui sont res<hex:02160103>pon<hex:02160103>sa<hex:02160103>bles de ces dégâts.","","","","","","",""
702,2,2,2,2,2,2,2,2,0,0,0,0,0,0,0,0,1,1,1,1,1,1,1,1,0,0,0,0,0,0,0,0,11,11,11,11,11,11,11,11,False,False,False,False,False,False,False,False,0,2,0,0,0,0,0,0,"Remettez-moi les cartes mémoire pour que je puisse avancer dans mon in<hex:02160103>ves<hex:02160103>ti<hex:02160103>ga<hex:02160103>tion, s'il vous plaît.","","","","Remise de cartes mémoire détectée... Merci pour votre aide.","Confirmation de l'aide reçue. Continuez ainsi.","Nombre de cartes mémoire insuffisant. Essayez d'en rapporter d'autres.",""
703,2,2,2,2,2,2,2,2,0,0,0,0,0,0,0,0,1,1,1,1,1,1,1,1,0,0,0,0,0,0,0,0,11,11,11,11,11,11,11,11,False,False,False,False,False,False,False,False,0,0,0,0,0,0,0,0,"Nombre de cartes mémoire reçues suffisant. Si vous en avez d'autres, n'hésitez pas à me les remettre quand même.","","","","","","",""
704,2,2,2,2,2,2,2,2,0,0,0,0,0,0,0,0,1,1,1,1,1,1,1,1,0,0,0,0,0,0,0,0,11,11,11,11,11,11,11,11,False,False,False,False,False,False,False,False,0,2,0,0,0,0,0,0,"Nombre de cartes mémoire reçues suffisant. Si vous en avez d'autres, n'hésitez pas à me les remettre quand même.","","","","Cartes mémoire de sentinelles détectées... Merci pour votre aide.","","Si vous en avez d'autres, n'hésitez pas à me les remettre quand même.",""
705,2,2,2,2,2,2,2,2,0,0,0,0,0,0,0,0,1,1,1,1,1,1,1,1,0,0,0,0,0,0,0,0,0,0,0,0,0,0,0,0,False,False,False,False,False,False,False,False,0,0,0,3,0,0,0,0,"Ah, dis-moi, <hex:020818E905FF0A>voyageuse<hex:FF09>voyageur<hex:03>, toi qui parcours cette région, il se trouve que nous avons un grand besoin d'aide<hex:021D0103>!","Nous avons été pris à partie par des gens qui prétendent être des percepteurs d'impôt du ministère de la Raison. Ils veulent confisquer nos bagages<hex:021D0103>! Mais tout ceci est bien trop louche<hex:021D0103>!","J'ai la conviction que nous avons affaire à des brigands qui utilisent cette ruse pour détrousser les marchands et les voyageurs<hex:021D0103>! Veux-tu bien nous prêter main-forte<hex:021D0103>?","Aider les colporteurs pelupelu<hex:021D0103>?<hex:02100103><hex:02100103><hex:024804F201F403><hex:024904F201F503>* Le niveau recommandé pour cet ALÉA est <hex:022003E80203>.<hex:0249020103><hex:0248020103>","Merci infiniment<hex:021D0103>! Je t'en prie, fais tout pour les empêcher de voler nos bagages<hex:021D0103>!","","Aaah... Tant pis, alors. C'est bien dommage, mais j'imagine que nous n'aurons qu'à prendre nos jambes à notre cou si ces gredins nous attaquent.",""
706,2,2,2,2,2,2,2,2,950,763,0,0,695,0,5695,0,1,1,1,1,1,1,1,1,0,0,0,0,0,0,0,0,0,0,0,0,0,0,0,0,False,False,False,False,False,False,False,False,0,0,3,0,0,0,0,0,"Hop, hop<hex:021D0103>! Vous ne seriez pas mercenaire à tout hasard<hex:021D0103>? J'ai besoin d'aide<hex:021D0103>!","Une horde de yeheheceyaa affamés patrouille la route un peu plus loin. Et je n'ai pas envie qu'ils fassent croc croc avec mon alpaga<hex:021D0103>! Vous voulez bien leur passer l'envie de traîner dans le coin<hex:021D0103>?","Aider le marchand pelupelu<hex:021D0103>?<hex:02100103><hex:02100103><hex:024804F201F403><hex:024904F201F503>* Le niveau recommandé pour cet ALÉA est <hex:022003E80203>.<hex:0249020103><hex:0248020103>","","Oh... merci<hex:021D0103>! Je suis bien incapable de mettre ces bestioles en déroute moi-même<hex:021D0103>!","","Ah... bon... Je vois... Désolé de vous avoir dérangé<hex:020808E905FF02>e<hex:FF01><hex:03>. Il ne reste plus qu'à faire demi-tour alors.",""
707,0,2,2,2,2,2,2,2,713,0,0,0,0,0,0,0,1,1,1,1,1,1,1,1,0,0,0,0,0,0,0,0,0,0,0,0,0,0,0,0,False,False,False,False,False,False,False,False,0,0,0,0,0,0,0,0,"J'ai entendu dire que “yeheheceyaa” signifiait “ailes dansantes”... C'est très poétique, mais s'ils pouvaient aller danser ailleurs que sur mon chemin, hein<hex:021D0103>!","","","","","","",""
708,2,2,2,2,2,2,2,2,0,0,0,0,0,0,0,0,1,1,1,1,1,1,1,1,0,0,0,0,0,0,0,0,11,11,11,11,11,11,11,11,False,False,False,False,False,False,False,False,0,0,3,0,0,0,0,0,"Bien le <hex:02083DE3E90C0DFF1B><hex:020817E3E90C05FF08>bonsoir<hex:FF08>bonjour<hex:03><hex:FF1B><hex:020817E3E90C12FF08>bonjour<hex:FF08>bonsoir<hex:03><hex:03>, mes petits Éternels<hex:021D0103>! Pardonnez-moi pour l'attente<hex:021D0103>!","Non, ne dites rien<hex:021D0103>! Je sais ce que votre cœur souhaite<hex:021D0103>! Vous voulez participer à ma fantastique parade, pas vrai<hex:021D0103>?","Participer à la parade<hex:021D0103>?<hex:02100103><hex:02100103><hex:024804F201F403><hex:024904F201F503>* Le niveau recommandé pour cet ALÉA est <hex:022003E80203>.<hex:0249020103><hex:0248020103>","","Ha ha ha<hex:021D0103>! Fantastique<hex:021D0103>! Eh bien il est temps de débuter notre étrange parade<hex:021D0103>!","","Vraiment<hex:021D0103>? Dans ce cas, je vais vous laisser vous préparer et je vous attendrai ici<hex:021D0103>!",""
709,2,2,2,2,2,2,2,2,0,0,0,0,0,0,0,0,1,1,1,1,1,1,1,1,0,0,0,0,0,0,0,0,11,11,11,11,11,11,11,11,False,False,False,False,False,False,False,False,0,0,0,0,0,0,0,0,"Notre parade est un peu... par<hex:02160103>ti<hex:02160103>cu<hex:02160103>liè<hex:02160103>re<hex:021D0103>! Disons que vous ne pouvez pas la quitter quand vous le voulez...","","","","","","",""
710,2,2,2,2,2,2,2,2,0,0,0,0,0,0,0,0,1,1,1,1,1,1,1,1,0,0,0,0,0,0,0,0,0,0,0,0,0,0,0,0,False,False,False,False,False,False,False,False,0,0,0,3,0,0,0,0,"Hou<hex:021D0103>! Quelle chance de te rencontrer ainsi, <hex:020828E905FF13>gentille voyageuse<hex:FF10>gentil voyageur<hex:03><hex:021D0103>! J'aimerais te demander un petit service.","Je suis en train de ramasser des matériaux pour fabriquer des peignes afin de remplacer ceux qui ont été abîmés par la grande tempête. Hélas, c'est beaucoup de travail pour un seul Hanu Hanu.","Veux-tu bien m'aider en ramassant les carapaces d'insectes et les branches qui me serviront pour mon travail, hou<hex:021D0103>?","Aider le fabriquant de peignes hanu hanu<hex:021D0103>?<hex:02100103><hex:02100103><hex:024804F201F403><hex:024904F201F503>* Le niveau recommandé pour cet ALÉA est <hex:022003E80203>.<hex:0249020103><hex:0248020103>","Tu ne peux pas imaginer comme ta réponse me fait plaisir, hou<hex:021D0103>! Je compte sur toi<hex:021D0103>!","","Ma demande était déplacée... Je te prie de m'en excuser, hou<hex:021D0103>! Je vais me débrouiller tout seul alors.",""
711,2,2,2,2,2,2,2,2,0,0,0,0,0,0,0,0,1,1,1,1,1,1,1,1,0,0,0,0,0,0,0,0,0,0,0,0,0,0,0,0,False,False,False,False,False,False,False,False,0,2,0,0,0,0,0,0,"Si tu as des matériaux d'artisanat, je veux bien que tu me les donnes.","","","","Hou, hou<hex:021D0103>! Ces carapaces et ces branches sont splendides<hex:021D0103>! Si tu m'en rapportes plus, je n'aurai aucun mal à réparer mes peignes<hex:021D0103>! Je compte sur toi pour continuer à m'aider.","","Tu n'as pas de matériaux à me donner, on dirait. C'est dommage, mais tant pis, hou<hex:021D0103>!",""
712,2,2,2,2,2,2,2,2,0,0,0,0,0,0,0,0,1,1,1,1,1,1,1,1,0,0,0,0,0,0,0,0,0,0,0,0,0,0,0,0,False,False,False,False,False,False,False,False,0,0,0,0,0,0,0,0,"Les matériaux d'artisanat dont j'ai besoin sont de deux sortes<hex:021D0103>: les carapaces d'insectes et les grosses branches. Je compte sur toi pour m'aider à en ramasser plein, hou<hex:021D0103>!","","","","","","",""
713,2,2,2,2,2,2,2,2,0,0,0,0,0,0,0,0,1,1,1,1,1,1,1,1,0,0,0,0,0,0,0,0,0,0,0,0,0,0,0,0,False,False,False,False,False,False,False,False,0,0,0,0,0,0,0,0,"<hex:020828E905FF13>Gentille voyageuse<hex:FF10>Gentil voyageur<hex:03>, je te remercie infiniment pour ton aide, hou<hex:021D0103>! Grâce à toi, j'ai suf<hex:02160103>fi<hex:02160103>sam<hex:02160103>ment de matériaux pour pratiquer mon artisanat.","","","","","","",""
714,2,2,2,2,2,2,2,2,0,0,0,0,0,0,0,0,1,1,1,1,1,1,1,1,0,0,0,0,0,0,0,0,0,0,0,0,0,0,0,0,False,False,False,False,False,False,False,False,0,2,0,0,0,0,0,0,"Si tu as des matériaux d'artisanat, je veux bien que tu me les donnes.","","","","Hou, hou<hex:021D0103>! Ces carapaces et ces branches sont splendides<hex:021D0103>! Grâce à toi, j'en ai désormais suf<hex:02160103>fi<hex:02160103>sam<hex:02160103>ment pour faire mon travail. Merci beaucoup<hex:021D0103>!","","Tu n'as pas de matériaux à me donner, on dirait. C'est dommage, mais tant pis, hou<hex:021D0103>!",""
715,2,2,2,2,2,2,2,2,0,0,0,0,0,0,0,0,1,1,1,1,1,1,1,1,0,0,0,0,0,0,0,0,0,0,0,0,0,0,0,0,False,False,False,False,False,False,False,False,0,0,0,3,0,0,0,0,"Bssshhhoh<hex:021D0103>! Est-ce que c'est <hex:02082AE905FF13>la brave voyageuse<hex:FF12>le brave voyageur<hex:03> qui a tapé les taupes<hex:021D0103>? Si oui, le gentil Mobelin a un service à lui demander<hex:021D0103>!","Ces animaux font ressortir de précieux matériaux du sol lorsqu'ils kreusent leurs galeries souterraines<hex:021D0103>!","Il y a notamment des pierres brillantes et rares parmi eux<hex:021D0103>! Elles sont parfaites pour le travail des mains-du-pot à La Fournée<hex:021D0103>! L'<hex:020814E905FF08>humaine<hex:FF07>humain<hex:03> veut bien en ramasser et les donner au petit Mobelin<hex:021D0103>? Bssshhh...","Aider le collecteur mobelin<hex:021D0103>?<hex:02100103><hex:02100103><hex:024804F201F403><hex:024904F201F503>* Le niveau recommandé pour cet ALÉA est <hex:022003E80203>.<hex:0249020103><hex:0248020103>","Merci, merci<hex:021D0103>! Le Mobelin savait qu'il pouvait kompter sur la générosité <hex:020821E905FF10>de la voyageuse<hex:FF0C>du voyageur<hex:03> serviable<hex:021D0103>!","","Bssshaaah... C'est dommage<hex:021D0103>! Le pauvre Mobelin n'a plus qu'à trouver quelqu'un d'autre pour l'aider.",""
716,2,2,2,2,2,2,2,2,0,0,0,0,0,0,0,0,1,1,1,1,1,1,1,1,0,0,0,0,0,0,0,0,0,0,0,0,0,0,0,0,False,False,False,False,False,False,False,False,0,2,0,0,0,0,0,0,"Bssshhh... <hex:020818E905FF0A>L'humaine<hex:FF09>L'humain<hex:03> a ramassé des matériaux<hex:021D0103>? Si oui, <hex:02080DE905FF05>elle<hex:FF03>il<hex:03> doit les donner au gentil Mobelin<hex:021D0103>!","","","","Merci<hex:021D0103>! Le Mobelin est très kontent<hex:021D0103>! Il kompte sur <hex:02081EE905FF0D>la voyageuse<hex:FF0C>le voyageur<hex:03> pour lui en apporter davantage<hex:021D0103>!","","Bssshhhmm<hex:021D0103>? <hex:02081EE905FF0D>La voyageuse<hex:FF0C>Le voyageur<hex:03> n'a rien à donner au Mobelin<hex:021D0103>! Il kompte sur <hex:02080EE905FF05>elle<hex:FF04>lui<hex:03> pour lui apporter des matériaux<hex:021D0103>!",""
717,2,2,2,2,2,2,2,2,0,0,0,0,0,0,0,0,1,1,1,1,1,1,1,1,0,0,0,0,0,0,0,0,0,0,0,0,0,0,0,0,False,False,False,False,False,False,False,False,0,0,0,0,0,0,0,0,"Le gentil Mobelin veut que <hex:02082AE905FF13>la brave voyageuse<hex:FF12>le brave voyageur<hex:03> lui apporte des matériaux pour mains-du-pot<hex:021D0103>! Pour ça, <hex:02080DE905FF05>elle<hex:FF03>il<hex:03> doit ramasser les pierres ou abattre les bestioles qui les mangent. Bssshhh...","","","","","","",""
718,2,2,2,2,2,2,2,2,0,0,0,0,0,0,0,0,1,1,1,1,1,1,1,1,0,0,0,0,0,0,0,0,0,0,0,0,0,0,0,0,False,False,False,False,False,False,False,False,0,0,0,0,0,0,0,0,"Le petit Mobelin est très kontent<hex:021D0103>! Grâce <hex:02082DE905FF17>à la gentille humaine<hex:FF11>au gentil humain<hex:03>, il a tout plein de matériaux de qualité pour les mains-du-pot à La Fournée<hex:021D0103>! Il va aller leur apporter<hex:021D0103>!","","","","","","",""
719,2,2,2,2,2,2,2,2,0,0,0,0,0,0,0,0,1,1,1,1,1,1,1,1,0,0,0,0,0,0,0,0,0,0,0,0,0,0,0,0,False,False,False,False,False,False,False,False,0,2,0,0,0,0,0,0,"Bssshhh... <hex:020818E905FF0A>L'humaine<hex:FF09>L'humain<hex:03> a ramassé des matériaux<hex:021D0103>? Si oui, <hex:02080DE905FF05>elle<hex:FF03>il<hex:03> doit les donner au gentil Mobelin<hex:021D0103>!","","","","Merci beaukoup<hex:021D0103>! Avek ça, les mains-du-pot vont être très kontentes et pouvoir faire plein de poteries<hex:021D0103>!","","<hex:02080DE905FF05>Elle<hex:FF03>Il<hex:03> a pas de matériaux<hex:021D0103>? C'est pas grave. Ça sera pour une prochaine fois<hex:021D0103>! Merci quand même<hex:021D0103>!",""
720,2,2,2,2,2,2,2,2,0,0,0,0,0,0,0,0,1,1,1,1,1,1,1,1,0,0,0,0,0,0,0,0,0,0,0,0,0,0,0,0,False,False,False,False,False,False,False,False,0,0,0,3,0,0,0,0,"Bssshhhah<hex:021D0103>! <hex:02081EE905FF0D>La voyageuse<hex:FF0C>Le voyageur<hex:03> tombe bien<hex:021D0103>! <hex:02080DE905FF05>Elle<hex:FF03>Il<hex:03> sait se battre, n'est-ce pas<hex:021D0103>? Bagnobrok a un service urgent à lui demander<hex:021D0103>!","C'est ici que les habitants de La Fournée puisent l'argile qui sert au travail des mains-du-pot<hex:021D0103>! Mais en venant ici, le gentil Mobelin a dékouvert que plein de vilains champignons s'y étaient installés<hex:021D0103>!","Si rien est fait, ils vont kontinuer de se multiplier et l'argile sera in<hex:02160103>uti<hex:02160103>li<hex:02160103>sa<hex:02160103>ble<hex:021D0103>! <hex:02082AE905FF14>La gentille humaine<hex:FF11>Le gentil humain<hex:03> doit venir en aide à Bagnobrok et chasser les amanites tue-mouches<hex:021D0103>! Bssshhh...","Aider Bagnobrok<hex:021D0103>?<hex:02100103><hex:02100103><hex:024804F201F403><hex:024904F201F503>* Le niveau recommandé pour cet ALÉA est <hex:022003E80203>.<hex:0249020103><hex:0248020103>","Merci, merci<hex:021D0103>! Bssshhh... Bagnobrok savait que <hex:02082AE905FF13>la brave voyageuse<hex:FF12>le brave voyageur<hex:03> akcepterait de l'aider<hex:021D0103>! Il kompte sur <hex:02080EE905FF05>elle<hex:FF04>lui<hex:03> pour éliminer les champignons en<hex:02160103>va<hex:02160103>his<hex:02160103>sants<hex:021D0103>!","","Bssshaaah... Bagnobrok était pourtant persuadé que son charme suffirait à konvaincre <hex:02082AE905FF13>la brave voyageuse<hex:FF12>le brave voyageur<hex:03> de l'aider. <hex:02080DE905FF05>Elle<hex:FF03>Il<hex:03> est sûr<hex:020808E905FF02>e<hex:FF01><hex:03> qu'<hex:02080DE905FF05>elle<hex:FF03>il<hex:03> veut pas changer d'avis<hex:021D0103>?",""
721,2,2,2,2,2,2,2,2,0,0,0,0,0,0,0,0,1,1,1,1,1,1,1,1,0,0,0,0,0,0,0,0,11,11,11,11,11,11,11,11,False,False,False,False,False,False,False,False,0,0,0,3,0,0,0,0,"やあやあ、ようこそお越しくださいました！<hex:02100103>お待たせしてしまったようで申し訳ない！","大丈夫、言わずともあなたの心は承知しております。<hex:02100103>パレードの特別なショーに、ご参加いただけるのですな！","どなたかお誘いあわせでのご参加をお勧めしますが……<hex:02100103>もう、始めてしまってよろしいですかな？","特別なショーに参加しますか？<hex:02100103><hex:02100103><hex:024804F201F403><hex:024904F201F503>※このF.A.T.E.の推奨レベルは<hex:022003E80203>です。<hex:0249020103><hex:0248020103>","ハーッハッハ、実に良い！<hex:02100103>それでは早速、永遠の中にある一瞬の死を、<hex:02100103>命の輝きを体感できるショーをはじめましょう！","","かしこまりました、お待ちいたしましょう！<hex:02100103>なに、我らの時間は永い……ゆるりと参りましょうぞ。",""
722,2,2,2,2,2,2,2,2,0,0,0,0,0,0,0,0,1,1,1,1,1,1,1,1,0,0,0,0,0,0,0,0,0,0,0,0,0,0,0,0,False,False,False,False,False,False,False,False,0,0,0,3,0,0,0,0,"Vous êtes... Non, peu importe. Qui que vous soyez, j'ai besoin de votre aide pour protéger notre village ! De redoutables mantes végétales ont été repérées à proximité d'ici...","Ces sales bêtes s'en prennent à tous ceux qu'elles croisent pour les dévorer sans vergogne. Si on ne les arrête pas, elles vont décimer tout Iq Br'aax !","Je n'ai rien d'autre à vous offrir que notre gratitude éternelle mais... accepteriez-vous de les combattre à nos côtés ?","Venir en aide aux chasseurs xbr'aal ?<hex:02100103><hex:02100103><hex:024804F201F403><hex:024904F201F503>* Le niveau recommandé pour cet ALÉA est <hex:022003E80203>.<hex:0249020103><hex:0248020103>","Merci, vous nous sauvez la vie ! Restez dans le coin, elles vont arriver d'un instant à l'autre !","","Je vois... Je ne peux pas vous blâmer, c'est votre droit. J'espère simplement que les renforts arriveront à temps...",""
723,2,2,2,2,2,2,2,2,0,0,0,0,0,0,0,0,1,1,1,1,1,1,1,1,0,0,0,0,0,0,0,0,0,0,0,0,0,0,0,0,False,False,False,False,False,False,False,False,0,0,3,0,0,0,0,0,"Hé, toi<hex:021D0103>! Tu m'as l'air plutôt fort<hex:020808E905FF02>e<hex:FF01><hex:03>, tu ne veux pas m'aider<hex:021D0103>?","Tu as repéré les sentinelles dé<hex:02160103>fec<hex:02160103>tueuses du coin<hex:021D0103>? On m'a demandé de m'en charger, mais il y en a bien trop pour moi tout seul<hex:021D0103>!","Aider cet exterminateur novice<hex:021D0103>?<hex:02100103><hex:02100103><hex:024804F201F403><hex:024904F201F503>* Le niveau recommandé pour cet ALÉA est <hex:022003E80203>.<hex:0249020103><hex:0248020103>","","Hourra<hex:021D0103>! Merci, je vais pouvoir accomplir la mission qu'on m'a confiée grâce à toi<hex:021D0103>!","","Oh... c'est bien dommage. Bon il ne me reste plus qu'à retourner demander de l'aide à Solution Neuf.",""
724,2,2,2,2,2,2,2,2,0,0,0,0,0,0,0,0,1,1,1,1,1,1,1,1,0,0,0,0,0,0,0,0,0,0,0,0,0,0,0,0,False,False,False,False,False,False,False,False,0,0,0,3,0,0,0,0,"Pfff... Je pensais qu'en éliminant ces maudits robots on serait tranquilles... Résultat<hex:021D0103>: voilà que ce sont les monstres qui nous envahissent<hex:021D0103>!","Ces sales bêtes devaient viser nos champs depuis le début. Maintenant que les machines ont été vaincues, il n'y a plus rien pour les gêner.","Je m'occupe de protéger les récoltes, si toi tu pouvais empêcher ces katobleps de tout ravager sur le passage... Tu es d'accord<hex:021D0103>?","Aider à nouveau l'exterminateur novice<hex:021D0103>?<hex:02100103><hex:02100103><hex:024804F201F403><hex:024904F201F503>* Le niveau recommandé pour cet ALÉA est <hex:022003E80203>.<hex:0249020103><hex:0248020103>","Je ne sais pas comment te remercier. Je te laisse t'occuper de la meute<hex:021D0103>!","","Oui, je comprends que c'est un travail dangereux... Mais il faut agir vite, sinon...",""
725,2,2,2,2,2,2,2,2,0,0,0,0,0,0,0,0,1,1,1,1,1,1,1,1,0,0,0,0,0,0,0,0,0,0,0,0,0,0,0,0,False,False,False,False,False,False,False,False,0,0,0,3,0,0,0,0,"Vous m'avez l'air <hex:020824E905FF11>d'une guerrière<hex:FF0E>d'un guerrier<hex:03> qui a connu son lot de batailles<hex:021D0103>! Souhaiteriez-vous nous accompagner à la chasse<hex:021D0103>?","Ces derniers temps, la forêt est dévastée par un troupeau d'ibruq à la prolifération débridée. Nous avons été envoyés pour contrer cette menace et rapporter leur viande par la même occasion, mais nous ne sommes pas assez nombreux pour leur faire face...","Cependant, avec vous à nos côtés, j'ai le sentiment qu'aucune horde de bêtes sauvages ne pourra nous résister<hex:021D0103>! Accepterez-vous de mettre votre arme au service de la forêt<hex:021D0103>?","Aider les chasseurs xbr'aal<hex:021D0103>?<hex:02100103><hex:02100103><hex:024804F201F403><hex:024904F201F503>* Le niveau recommandé pour cet ALÉA est <hex:022003E80203>.<hex:0249020103><hex:0248020103>","Je vous remercie humblement<hex:021D0103>! Sur ce, aux armes, chasseurs<hex:021D0103>!","","Je comprends... Après tout, nos problèmes ne vous concernent pas. Bonne chance dans la suite de vos voyages<hex:021D0103>!",""
726,1,1,1,1,1,2,1,2,0,0,0,0,0,0,0,0,1,1,1,1,1,1,1,1,0,0,0,0,0,0,0,0,0,0,0,0,0,0,0,0,False,False,False,False,False,False,False,False,0,0,0,3,0,0,0,0,"Ohé, vous savez vous battre<hex:021D0103>? J'ai dé<hex:02160103>ses<hex:02160103>pé<hex:02160103>ré<hex:02160103>ment besoin d'aide<hex:021D0103>!","Les autres exterminateurs ont été encerclés par une meute de loups-garous... Et plus personne n'a d'âmes de réserve<hex:021D0103>!","Alors si vous pouviez détourner l'attention des monstres pendant que je m'occupe d'évacuer les blessés, vous nous sauveriez la vie<hex:021D0103>!","Prêter main-forte à l'ex<hex:02160103>ter<hex:02160103>mi<hex:02160103>na<hex:02160103>tri<hex:02160103>ce alerte<hex:021D0103>?<hex:02100103><hex:02100103><hex:024804F201F403><hex:024904F201F503>* Le niveau recommandé pour cet ALÉA est <hex:022003E80203>.<hex:0249020103><hex:0248020103>","Merci infiniment<hex:021D0103>! Allons aider les autres<hex:021D0103>!","","Je vois... Que faire<hex:021D0103>?",""
727,2,2,2,2,2,2,2,2,0,0,0,0,0,0,0,0,1,1,1,1,1,1,1,1,0,0,0,0,0,0,0,0,0,0,0,0,0,0,0,0,False,False,False,False,False,False,False,False,0,0,0,3,0,0,0,0,"Oh non, c'est pas vrai... “Il” est revenu ! Le Milyurrul... !","C'est une bête féroce assoiffée de sang ! À cause de lui, des dizaines de mes camarades sont morts !","On ne peut pas le laisser comme ça, sinon il va s'en prendre au village... Avec votre aide, on devrait parvenir à le chasser. Vous voulez-bien m'aider ?","Aider les chasseurs xbr'aal à vaincre la bête<hex:021D0103>?<hex:02100103><hex:02100103><hex:024804F201F403><hex:024904F201F503>* Le niveau recommandé pour cet ALÉA est <hex:022003E80203>.<hex:0249020103><hex:0248020103>","Merci infiniment ! Ravi de pouvoir compter sur vous !","","O-oui, je comprends, vous ne voulez pas risquer votre vie... Mais je ne peux définitivement pas le laisser agir à sa guise... Que faire...",""
728,2,2,2,2,2,2,2,2,0,0,0,0,0,0,0,0,1,1,1,1,1,1,1,1,0,0,0,0,0,0,0,0,0,0,0,0,0,0,0,0,False,False,False,False,False,False,False,False,0,0,0,3,0,0,0,0,"Hé, toi. Ça te dirait de nous aider un peu à tuer le temps, ja ?","Oh, rien de bien méchant, rassure-toi. Comme on est un peu déprimés en ce moment, on cherche quelqu'un pour nous consoler...","C'que je te propose est très simple : on te roue de coups, et tu pleurniches sans riposter ! Ça va nous remonter le moral comme jamais ! Alors, t'en dis quoi, ja !?","Donner une correction aux voyous ?<hex:02100103><hex:02100103><hex:024804F201F403><hex:024904F201F503>* Le niveau recommandé pour cet ALÉA est <hex:022003E80203>.<hex:0249020103><hex:0248020103>","Hé hé, à la bonne heure, ja ! J'ai hâte de t'entendre chialer avec ta petite voix fluette, bwahaha !","","Vas-y, d'où tu m'ignores comme ça, ja !?",""
729,2,2,2,2,2,2,2,2,950,768,0,0,708,0,730,0,1,1,1,1,1,1,1,1,0,0,0,0,0,0,0,0,0,0,0,0,0,0,0,0,False,False,False,False,False,False,False,False,0,0,3,0,0,0,0,0,"Dis donc, tu m'as l'air doué<hex:020808E905FF02>e<hex:FF01><hex:03> de tes dix doigts<hex:021D0103>! Le type là-bas... C'est Zawtekwa, un terrible bandit. Tu pourrais te charger de lui<hex:021D0103>? ","Il a déjà commis un paquet de braquages dans la région, et si personne ne l'arrête, ça ne fera qu'empirer<hex:021D0103>! Je compte sur toi<hex:021D0103>!","Affronter le hors-la-loi<hex:021D0103>?<hex:02100103><hex:02100103><hex:024804F201F403><hex:024904F201F503>* Le niveau recommandé pour cet ALÉA est <hex:022003E80203>.<hex:0249020103><hex:0248020103>","","Merci<hex:021D0103>! Que la chance soit avec toi, <hex:02081BE905FF0C>étrangère<hex:FF0A>étranger<hex:03><hex:021D0103>!","","Oui, moi aussi j'y réfléchirais à deux fois... Mais on ne peut pas le laisser agir à sa guise pour toujours...",""
730,2,2,2,2,2,2,2,2,763,0,0,0,0,0,0,0,1,1,1,1,1,1,1,1,0,0,0,0,0,0,0,0,0,0,0,0,0,0,0,0,False,False,False,False,False,False,False,False,0,0,0,0,0,0,0,0,"Il est sacrément doué pour se faire passer pour mort, c'est comme ça qu'il a réussi à tromper la milice jusque-là<hex:021D0103>!","","","","","","",""
731,2,2,2,2,2,2,2,2,950,950,950,0,950,0,737,0,1,1,1,1,1,1,1,1,0,0,0,0,0,0,0,0,0,0,0,0,0,0,0,0,False,False,False,False,False,False,False,False,0,0,0,3,0,0,0,0,"Tiens, tiens... Je ne m'attendais pas à tomber sur quelqu'un ici. C'est bien ma veine<hex:021D0103>! Vous voulez bien m'aider<hex:021D0103>?","Il y a une variété de plante médicinale que nous utilisons depuis des générations qui pousse un peu plus loin d'ici. Des monstres se sont installés tout près et je ne peux plus rien récolter.","Pourriez-vous en ramasser à ma place<hex:021D0103>? Tout en repoussant les créatures, cela va de soi<hex:021D0103>! ","Aider le fournisseur tonawawta<hex:021D0103>?<hex:02100103><hex:02100103><hex:024804F201F403><hex:024904F201F503>* Le niveau recommandé pour cet ALÉA est <hex:022003E80203>.<hex:0249020103><hex:0248020103>","Oh, merci bien<hex:021D0103>! Confiez-moi tout ce que vous pouvez ramasser, d'accord<hex:021D0103>?","","Très bien, je ne voudrais pas m'imposer non plus... ",""
732,2,2,2,2,2,2,2,2,950,0,0,0,740,0,707,0,1,1,1,1,1,1,1,1,0,0,0,0,0,0,0,0,0,0,0,0,0,0,0,0,False,False,False,False,False,False,False,False,0,2,0,0,0,0,0,0,"Alors, vous avez pu récupérer des herbes médicinales<hex:021D0103>?","","","","Ah, parfait<hex:021D0103>! Il m'en faudrait encore un peu plus pour en avoir assez<hex:021D0103>!","","Ce n'est rien, je vous attends ici quoi qu'il arrive.",""
733,2,2,2,2,2,2,2,2,950,0,0,0,0,0,0,0,1,1,1,1,1,1,1,1,0,0,0,0,0,0,0,0,0,0,0,0,0,0,0,0,False,False,False,False,False,False,False,False,0,0,0,0,0,0,0,0,"Je sais que ce n'est pas une mission aisée, mais je compte sur vous<hex:021D0103>!","","","","","","",""
734,2,2,2,2,2,2,2,2,950,0,0,0,740,0,707,0,1,1,1,1,1,1,1,1,0,0,0,0,0,0,0,0,0,0,0,0,0,0,0,0,False,False,False,False,False,False,False,False,0,2,0,0,0,0,0,0,"Alors, vous avez pu récupérer des herbes médicinales<hex:021D0103>?","","","","Merci<hex:021D0103>! Grâce à vous, j'ai tout ce qu'il me faut à présent<hex:021D0103>!","","Je ne vais pas tarder à rentrer, s'il vous reste des herbes, donnez-les-moi<hex:021D0103>!",""
735,2,2,2,2,2,2,2,2,740,0,0,0,0,0,0,0,1,1,1,1,1,1,1,1,0,0,0,0,0,0,0,0,0,0,0,0,0,0,0,0,False,False,False,False,False,False,False,False,0,0,0,0,0,0,0,0,"Je ne vais pas tarder à rentrer, s'il vous reste des herbes, donnez-les-moi<hex:021D0103>!","","","","","","",""
736,2,2,2,2,2,2,2,2,768,768,768,0,740,0,707,0,1,1,1,1,1,1,1,1,0,0,0,0,0,0,0,0,0,0,0,0,0,0,0,0,False,False,False,False,False,False,False,False,0,0,0,3,0,0,0,0,"Toi, là<hex:021D0103>! Tu serais pas <hex:020836E905FF23>ex<hex:02160103>ter<hex:02160103>mi<hex:02160103>na<hex:02160103>tri<hex:02160103>ce<hex:FF0E>exterminateur<hex:03> par hasard<hex:021D0103>? Tu peux m'aider<hex:021D0103>?","Les sentinelles mécaniques du coin ont perdu la boule à cause des éclairs... Je marchais tranquille quand elles m'ont attaqué sans raison<hex:021D0103>!","Quelqu'un de moins vif que moi s'en serait moins bien sorti... Il faut les éliminer avant qu'il n'y ait des blessés<hex:021D0103>! Tu veux bien t'en occuper<hex:021D0103>?","Prêter main-forte au détecteur perplexe<hex:021D0103>?<hex:02100103><hex:02100103><hex:024804F201F403><hex:024904F201F503>* Le niveau recommandé pour cet ALÉA est <hex:022003E80203>.<hex:0249020103><hex:0248020103>","Parfait<hex:021D0103>! Notre armée ne s'occupe plus trop de ce genre de problèmes en ce moment, alors tu tombes à pic<hex:021D0103>!","","Ah... En même temps, je demande l'impossible à la première personne que je croise, j'aurais dû m'en douter. Je vais aller chercher des exterminateurs...",""
737,2,2,2,2,2,2,2,2,0,0,0,0,0,0,0,0,1,1,1,1,1,1,1,1,0,0,0,0,0,0,0,0,0,0,0,0,0,0,0,0,False,False,False,False,False,False,False,False,0,0,0,3,0,0,0,0,"Pardon, étrang<hex:02080DE905FF05>ère<hex:FF03>er<hex:03>, j'aurais besoin de ton aide, ja. J'ai été attaqué par des monstres alors que je transportais des mar<hex:02160103>chan<hex:02160103>di<hex:02160103>ses... Plus précisément de l'engrais pour favoriser la culture de najool.","J'imagine que c'est ce qui a attiré la curiosité des créatures végétales environnantes. En tout cas, me voilà maintenant blessé et incapable de défendre ma livraison con<hex:02160103>ve<hex:02160103>na<hex:02160103>ble<hex:02160103>ment, ja...","Ce serait une catastrophe de perdre ma marchandise, ja... Puis-je te demander de la protéger ?","Venir en aide au transporteur hoobigo ?<hex:02100103><hex:02100103><hex:024804F201F403><hex:024904F201F503>* Le niveau recommandé pour cet ALÉA est <hex:022003E80203>.<hex:0249020103><hex:0248020103>","Oh, merci beaucoup, ja... ! Reste sur tes gardes, je suis sûr qu'ils ne vont pas tarder à revenir !","","Oui, désolé, je comprends, ja... Mais comment vais-je bien pouvoir me sortir de cette situation...",""
738,2,2,2,2,2,2,2,2,0,0,0,0,0,0,0,0,1,1,1,1,1,1,1,1,0,0,0,0,0,0,0,0,0,0,0,0,0,0,0,0,False,False,False,False,False,False,False,False,0,0,0,3,0,0,0,0,"Ça alors, ja. Il est rare de croiser des voyageurs dans ce coin ! Je suis venu de Tuliyollal pour cueillir des champignons... Seul, car les autres Mamool Ja n'ont pas voulu m'aider.","Enfin, je peux les comprendre, ja... Il n'y a pas que les champignons qui ont proliféré, les monstres aussi.","Tu m'as l'air costaud<hex:020808E905FF02>e<hex:FF01><hex:03>, toi. Ça te dirait de m'aider à récolter des fongus mystiques de Yak T'el ? Tu peux les cueillir sur le sol ou les récupérer sur les monstres, à toi de voir, ja.","Venir en aide au cueilleur hoobigo？<hex:02100103><hex:02100103><hex:024804F201F403><hex:024904F201F503>* Le niveau recommandé pour cet ALÉA est <hex:022003E80203>.<hex:0249020103><hex:0248020103>","Tu acceptes ? C'est très gentil de ta part, ja ! Dans ce cas, je te laisse faire la récolte, tu n'auras qu'à me donner ensuite ce que tu auras ramassé. Bon courage, ja !","","Ah bon ? Dommage, ja. Reviens me voir si jamais tu changes d'avis.",""
739,2,2,2,2,2,2,2,2,763,0,0,0,0,0,0,0,1,1,1,1,1,1,1,1,0,0,0,0,0,0,0,0,0,0,0,0,0,0,0,0,False,False,False,False,False,False,False,False,0,2,0,0,0,0,0,0,"Alors, ja, la récolte a été bonne ?","","","","Super, encore merci du coup de main. S'il te reste du temps, tu veux bien en ramasser encore quelques-uns ? Ils vont servir à la fabrication de remèdes, donc plus j'en ai, mieux c'est, ja.","","Désolé de t'embêter avec ça, mais je n'ai personne d'autre sur qui compter, ja... Bon courage.",""
740,2,2,2,2,2,2,2,2,0,0,0,0,0,0,0,0,1,1,1,1,1,1,1,1,0,0,0,0,0,0,0,0,0,0,0,0,0,0,0,0,False,False,False,False,False,False,False,False,0,0,0,0,0,0,0,0,"Tu n'as pas encore commencé ta récolte, ja ? Je reste ici pour rassembler ce que tu auras ramassé.","","","","","","",""
741,2,2,2,2,2,2,2,2,763,0,0,0,0,0,0,0,1,1,1,1,1,1,1,1,0,0,0,0,0,0,0,0,0,0,0,0,0,0,0,0,False,False,False,False,False,False,False,False,0,2,0,0,0,0,0,0,"Tu as apporté d'autres fongus mystiques, ja ?","","","","Merci, ja. Je pense que j'en ai suf<hex:02160103>fi<hex:02160103>sam<hex:02160103>ment pour fabriquer une belle quantité de remèdes, maintenant.","","Je vais bientôt pouvoir me remettre en route pour Tuliyollal, ja... Si tu as d'autres fongus à me donner, n'hésites pas.",""
742,2,2,2,2,2,2,2,2,0,0,0,0,0,0,0,0,1,1,1,1,1,1,1,1,0,0,0,0,0,0,0,0,0,0,0,0,0,0,0,0,False,False,False,False,False,False,False,False,0,0,0,0,0,0,0,0,"Je vais bientôt pouvoir me remettre en route pour Tuliyollal, ja... Si tu as d'autres fongus à me donner, n'hésites pas.","","","","","","",""
743,2,2,2,2,2,2,2,2,763,0,0,0,5695,0,737,0,1,1,1,1,1,1,1,1,0,0,0,0,0,0,0,0,0,0,0,0,0,0,0,0,False,False,False,False,False,False,False,False,0,3,0,0,0,0,0,0,"Mon travail consiste à rassembler des touffes de laine de luminobarbes, mais elles sont tellement nombreuses que je n'en vois pas le bout<hex:021D0103>! Tu veux bien me donner un coup de main<hex:021D0103>?","Aider ce Tonawawta à récolter de la laine<hex:021D0103>?<hex:02100103><hex:02100103><hex:024804F201F403><hex:024904F201F503>* Le niveau recommandé pour cet ALÉA est <hex:022003E80203>.<hex:0249020103><hex:0248020103>","","","Merci bien, noble <hex:020818E905FF0A>voyageuse<hex:FF09>voyageur<hex:03>. Peu m'importe la méthode de récolte, je veux que tu m'amènes autant de touffes de laine que possible. Bonne chance<hex:021D0103>!","","Ah, c'est dommage. Tu as déjà touché une luminobarbe<hex:021D0103>? Ces bestioles sont si douces, c'est fou<hex:021D0103>!",""
744,2,2,2,2,2,2,2,2,5696,0,0,0,0,0,0,0,1,1,1,1,1,1,1,1,0,0,0,0,0,0,0,0,0,0,0,0,0,0,0,0,False,False,False,False,False,False,False,False,0,0,0,0,0,0,0,0,"Je compte toujours sur toi pour récupérer des touffes de laine<hex:021D0103>! Bon courage<hex:021D0103>!","","","","","","",""
745,2,2,2,2,2,2,2,2,764,0,0,0,739,0,758,0,1,1,1,1,1,1,1,1,0,0,0,0,0,0,0,0,0,0,0,0,0,0,0,0,False,False,False,False,False,False,False,False,0,2,0,0,0,0,0,0,"Alors, tu as réussi à récupérer suf<hex:02160103>fi<hex:02160103>sam<hex:02160103>ment de laine<hex:021D0103>?","","","","Oh, en voilà de belles touffes<hex:021D0103>! J'aurais préféré en avoir encore un peu plus, mais je ne vais pas faire la fine bouche. Reviens me voir si tu veux m'aider<hex:021D0103>!","","Tiens, tu n'as rien ramassé<hex:021D0103>? Bon, ce n'est pas grave, tu peux toujours tenter ta chance une autre fois<hex:021D0103>!",""
746,2,2,2,2,2,2,2,2,763,0,0,0,0,0,0,0,1,1,1,1,1,1,1,1,0,0,0,0,0,0,0,0,0,0,0,0,0,0,0,0,False,False,False,False,False,False,False,False,0,0,0,0,0,0,0,0,"Merci bien, j'ai tout ce qu'il me faut<hex:021D0103>! Je ne vais pas tarder à rentrer, s'il te reste des touffes de laine, n'hésite pas à me les donner<hex:021D0103>!","","","","","","",""
747,2,2,2,2,2,2,2,2,763,0,0,0,739,0,758,0,1,1,1,1,1,1,1,1,0,0,0,0,0,0,0,0,0,0,0,0,0,0,0,0,False,False,False,False,False,False,False,False,0,2,0,0,0,0,0,0,"Merci bien, j'ai tout ce qu'il me faut<hex:021D0103>! Je ne vais pas tarder à rentrer, s'il te reste des touffes de laine, n'hésite pas à me les donner<hex:021D0103>!","","","","Ah vraiment, tu m'as rendu un fier service<hex:021D0103>!","","Tu n'as récupéré aucune touffe<hex:021D0103>? Ce n'est rien, je suis déjà ravi que tu aies accepté de m'aider.",""
748,2,2,2,2,2,2,2,2,768,0,0,0,764,0,763,0,1,1,1,1,1,1,1,1,0,0,0,0,0,0,0,0,0,0,0,0,0,0,0,0,False,False,False,False,False,False,False,False,0,3,0,0,0,0,0,0,"Ah<hex:021D0103>! Tu tombes bien, <hex:02081BE905FF0C>étrangère<hex:FF0A>étranger<hex:03>. Des monstrrres veulent s'en prendre à mes prises. Aide-moi à garder mes précieux poissons<hex:021D0103>!","Aider le pêcheur hhetsarro<hex:021D0103>?<hex:02100103><hex:02100103><hex:024804F201F403><hex:024904F201F503>* Le niveau recommandé pour cet ALÉA est <hex:022003E80203>.<hex:0249020103><hex:0248020103>","","","Merrrci à toi<hex:021D0103>! J'ai trois paniers à défendre, veille à ce qu'on ne les chaparde pas<hex:021D0103>!","","Oh non, je t'en prrrie<hex:021D0103>! Ne me laisse pas tomber, j'ai passé un temps fou avec ma canne ici, et ça n'aura servi à rien...",""
749,2,2,2,2,2,2,2,2,763,0,0,0,0,0,0,0,1,1,1,1,1,1,1,1,0,0,0,0,0,0,0,0,0,0,0,0,0,0,0,0,False,False,False,False,False,False,False,False,0,0,0,0,0,0,0,0,"Ces créatures étaient plus fûtées qu'il n'y paraît... Elles savent qu'en visant les pêcheurs, elles obtiendront plus de proies qu'en chassant à la rrrégulière.","","","","","","",""
750,1,1,1,1,1,1,1,1,0,0,0,0,0,0,0,0,1,1,1,1,1,1,1,1,0,0,0,0,0,0,0,0,0,0,0,0,0,0,0,0,False,False,False,False,False,False,False,False,0,0,0,3,0,0,0,0,"Ah<hex:021D0103>! Vous m'avez l'air plutôt doué<hex:020808E905FF02>e<hex:FF01><hex:03> pour le combat, non<hex:021D0103>?","Moi et mes compagnons étions partis récupérer des matériaux quand nous sommes tombés sur une meute de gomphoteriums... ","Les autres sont toujours coincés<hex:021D0103>! Vous pouvez détourner l'attention de ces monstres pendant que je m'occupe de secourir mes compagnons<hex:021D0103>?","Aider la détectrice de La Dérive<hex:021D0103>?<hex:02100103><hex:02100103><hex:024804F201F403><hex:024904F201F503>* Le niveau recommandé pour cet ALÉA est <hex:022003E80203>.<hex:0249020103><hex:0248020103>","Oh, quelle chance que vous soyez passé<hex:020808E905FF02>e<hex:FF01><hex:03> par ici<hex:021D0103>! Merci<hex:021D0103>! ","","Oh, euh... Ah, bien... Je vais aller chercher de l'aide ailleurs.",""
751,2,2,2,2,2,2,2,2,768,768,768,0,0,0,707,0,1,1,1,1,1,1,1,1,0,0,0,0,0,0,0,0,0,0,0,0,0,0,0,0,False,False,False,False,False,False,False,False,0,0,0,3,0,0,0,0,"Si tu traînes dans le coin, c'est que tu dois être <hex:020836E905FF23>ex<hex:02160103>ter<hex:02160103>mi<hex:02160103>na<hex:02160103>tri<hex:02160103>ce<hex:FF0E>exterminateur<hex:03>, non<hex:021D0103>? ","J'étais en chemin pour effectuer ma livraison quand je me suis retrouvé face à un groupe de dos-laineux me barrant le chemin.","C'est trop risqué de s'aventurer plus loin, alors tu veux bien t'occuper d'eux pour moi<hex:021D0103>?","Aider le livreur apeuré<hex:021D0103>?<hex:02100103><hex:02100103><hex:024804F201F403><hex:024904F201F503>* Le niveau recommandé pour cet ALÉA est <hex:022003E80203>.<hex:0249020103><hex:0248020103>","Excellente nouvelle<hex:021D0103>! Je compte sur toi<hex:021D0103>!","","Je vois... Bien, je vais aller chercher quelqu'un d'autre alors...",""
752,2,2,2,2,2,2,2,2,0,0,0,0,0,0,0,0,1,1,1,1,1,1,1,1,0,0,0,0,0,0,0,0,0,0,0,0,0,0,0,0,False,False,False,False,False,False,False,False,0,0,3,0,0,0,0,0,"Excusez-moi, je suis désolée de vous demander ceci si sou<hex:02160103>dai<hex:02160103>ne<hex:02160103>ment, mais... des monstres se sont attaqués à un trrroupeau de rroneeks<hex:021D0103>!","Ils ne sont pas loin d'ici... Pourriez-vous chasser ces prrrédateurs avant qu'ils ne dévorent tous les rroneeks<hex:021D0103>?","Aider cette femme hhetsarro<hex:021D0103>?<hex:02100103><hex:02100103><hex:024804F201F403><hex:024904F201F503>* Le niveau recommandé pour cet ALÉA est <hex:022003E80203>.<hex:0249020103><hex:0248020103>","","Merrrci infiniment<hex:021D0103>! Les monstres sont plutôt nombreux, alors faites attention<hex:021D0103>!","","Oui, vous avez rrraison, je vous demande l'impossible... Aaah... Que faire<hex:021D0103>? Les pauvres bêtes...",""
753,2,2,2,2,2,2,2,2,0,0,0,0,0,0,0,0,1,1,1,1,1,1,1,1,0,0,0,0,0,0,0,0,0,0,0,0,0,0,0,0,False,False,False,False,False,False,False,False,0,0,0,0,0,0,0,0,"Il nous arrive également de chasser les rroneeks, mais nous évitons toujours de décimer des trrroupeaux entiers<hex:021D0103>!","","","","","","",""
754,2,2,2,2,2,2,2,2,768,768,768,0,0,0,737,0,1,1,1,1,1,1,1,1,0,0,0,0,0,0,0,0,0,0,0,0,0,0,0,0,False,False,False,False,False,False,False,False,0,0,0,3,0,0,0,0,"Je ne pensais pas croiser quelqu'un ici<hex:021D0103>! Je suis venue pour mon travail, mais des limiers fulgurants m'empêchent de continuer.","Si je ne fais rien, je vais devoir rentrer bredouille...","Dis... Tu m'as l'air plutôt costaud<hex:020808E905FF02>e<hex:FF01><hex:03>... Tu veux bien me filer un coup de main<hex:021D0103>?","Aider la détectrice<hex:021D0103>?<hex:02100103><hex:02100103><hex:024804F201F403><hex:024904F201F503>* Le niveau recommandé pour cet ALÉA est <hex:022003E80203>.<hex:0249020103><hex:0248020103>","Oh, c'est vrai<hex:021D0103>? Dans ce cas, j'aimerais que tu ailles me récupérer des matériaux dans la Rive noyée<hex:021D0103>!","","Je comprends, moi non plus je me vois mal accepter la requête d'une parfaite inconnue... Bon, je vais tenter d'y retourner toute seule...",""
755,2,2,2,2,2,2,2,2,768,0,0,0,768,0,768,0,1,1,1,1,1,1,1,1,0,0,0,0,0,0,0,0,0,0,0,0,0,0,0,0,False,False,False,False,False,False,False,False,0,2,0,0,0,0,0,0,"Alors, tu as réussi à récupérer des morceaux de matériau de la Rive noyée<hex:021D0103>?","","","","Ah, parfait<hex:021D0103>! Tu as l'œil, dis donc<hex:021D0103>!","","C'est déjà bien gentil de t'être porté<hex:020808E905FF02>e<hex:FF01><hex:03> volontaire.",""
756,2,2,2,2,2,2,2,2,768,0,0,0,0,0,0,0,1,1,1,1,1,1,1,1,0,0,0,0,0,0,0,0,0,0,0,0,0,0,0,0,False,False,False,False,False,False,False,False,0,0,0,0,0,0,0,0,"Si tu ne trouves rien, ne t'en fais pas trop non plus<hex:021D0103>! C'est déjà bien gentil d'y aller à ma place<hex:021D0103>!","","","","","","",""
757,2,2,2,2,2,2,2,2,768,0,0,0,768,0,768,0,1,1,1,1,1,1,1,1,0,0,0,0,0,0,0,0,0,0,0,0,0,0,0,0,False,False,False,False,False,False,False,False,0,2,0,0,0,0,0,0,"Alors, tu as réussi à récupérer des morceaux de matériau de la Rive noyée<hex:021D0103>?","","","","Parfait<hex:021D0103>! J'ai tout ce qu'il me faut à présent. Merci d'avoir accordé ton aide à une parfaite inconnue<hex:021D0103>! C'est presque trop gentil de ta part.","","Grâce à toi j'ai tout ce qu'il me faut. Je vais bientôt rentrer, donc s'il te reste des matériaux, donne-les-moi<hex:021D0103>!",""
758,2,2,2,2,2,2,2,2,768,0,0,0,0,0,0,0,1,1,1,1,1,1,1,1,0,0,0,0,0,0,0,0,0,0,0,0,0,0,0,0,False,False,False,False,False,False,False,False,0,0,0,0,0,0,0,0,"Grâce à toi j'ai tout ce qu'il me faut. Je vais bientôt rentrer, donc s'il te reste des matériaux, donne-les-moi<hex:021D0103>!","","","","","","",""
759,2,2,2,2,2,2,2,2,0,0,0,0,0,0,0,0,1,1,1,1,1,1,1,1,0,0,0,0,0,0,0,0,0,0,0,0,0,0,0,0,False,False,False,False,False,False,False,False,0,0,3,0,0,0,0,0,"(halète)... (halète)... Hé oh... Toi, là<hex:021D0103>! T'as l'airrr de savoir bien manier ton arme. Tu veux pas m'aider à calmer un rroneek enragé<hex:021D0103>?","C'est un jeunot qui a tenté de devenirrr chef de meute. Mais après sa défaite, il a vu rouge<hex:021D0103>! Si on le laisse faire, il va tout détruire sur son passage.","Prêter main-forte à cet homme hhetsarro<hex:021D0103>?<hex:02100103><hex:02100103><hex:024804F201F403><hex:024904F201F503>* Le niveau recommandé pour cet ALÉA est <hex:022003E80203>.<hex:0249020103><hex:0248020103>","","Excellente nouvelle<hex:021D0103>! Méfie-toi quand même. Il a beau avoir perrrdu contre le chef du troupeau, ce jeune rroneek fougueux n'en reste pas moins dangereux<hex:021D0103>!","","Je comprends, ce n'est pas une tâche aisée... Moi non plus je n'ai pas envie de finir couverrrt de bleus. Mais il va bien falloir que quelqu'un s'en occupe...",""
760,2,2,2,2,2,2,2,2,0,0,0,0,0,0,0,0,1,1,1,1,1,1,1,1,0,0,0,0,0,0,0,0,0,0,0,0,0,0,0,0,False,False,False,False,False,False,False,False,0,0,0,0,0,0,0,0,"Chez les rroneeks, les mâles rivaux se livrent parfois à des duels de force. Ils s'élancent à toute berrrzingue l'un contre l'autre, cornes contre cornes<hex:021D0103>! Imagine un peu le fracas...","","","","","","",""
761,1,1,1,2,2,2,2,2,0,0,0,0,0,0,0,0,1,1,1,1,1,1,1,1,0,0,0,0,0,0,0,0,0,0,0,0,0,0,0,0,False,False,False,False,False,False,False,False,0,0,0,0,0,0,0,0,"Toi, je peux voir à ton allure que tu sais manier ton arme avec aisance<hex:021D0103>! J'aimerais que tu m'aides à apaiser le chaos qui s'est abattu non loin d'ici.","Ces bêtes sauvages sont plutôt dociles en temps normal, mais quelque chose les effraie au plus haut point... Il va falloir les calmer par la manière forte avant qu'elles ne causent des dégâts.","Mal<hex:02160103>heu<hex:02160103>reu<hex:02160103>se<hex:02160103>ment une vieille blessure m'empêche de me battre cor<hex:02160103>rec<hex:02160103>te<hex:02160103>ment. Si tu voulais bien m'aider dans cette tâche...","","","","",""
762,1,1,1,2,2,2,2,2,0,0,0,0,0,0,0,0,1,1,1,1,1,1,1,1,0,0,0,0,0,0,0,0,0,0,0,0,0,0,0,0,False,False,False,False,False,False,False,False,0,0,0,0,0,0,0,0,"Regarde, les crocodiles ne sont pas dans leur état normal. Ils doivent sentir que Ttokrrone, le roi des serpents, est à nouveau éveillé... ","J'ai été vaincu par cette diabolique créature par le passé. Voilà pourquoi je me suis éloigné de la chasse... En vérité, j'étais trop terrifié de la croiser à nouveau.","Cependant le devoir d'un rôdeur vipère est de protéger le peuple des monstres avant tout<hex:021D0103>! Acceptes-tu de m'aider à calmer ces reptiles avant qu'ils ne fassent des blessés<hex:021D0103>?","","","","",""
763,2,2,2,2,2,2,2,2,0,0,0,0,0,0,0,0,1,1,1,1,1,1,1,1,0,0,0,0,0,0,0,0,0,0,0,0,0,0,0,0,False,False,False,False,False,False,False,False,0,0,0,0,0,0,0,0,"Tu peux vaincre des ennemis ou récupérer des cristaux formés au sol, mais quoi qu'il en soit, amène-les-moi<hex:021D0103>!","","","","","","",""
764,2,2,2,2,2,2,2,2,0,0,0,0,0,0,0,0,1,1,1,1,1,1,1,1,0,0,0,0,0,0,0,0,0,0,0,0,0,0,0,0,False,False,False,False,False,False,False,False,0,2,0,0,0,0,0,0,"Lorsque tu auras amassé des cristaux, amène-les-moi<hex:021D0103>!","","","","Merci pour ton aide<hex:021D0103>! En revanche il n'y a pas assez de cristaux pour mettre mon plan en marche. Je compte sur toi pour en amener davantage.","","Oh, tu comptes retourner ramasser des cristaux<hex:021D0103>? À la bonne heure<hex:021D0103>!",""
765,2,2,2,2,2,2,2,2,0,0,0,0,0,0,0,0,1,1,1,1,1,1,1,1,0,0,0,0,0,0,0,0,0,0,0,0,0,0,0,0,False,False,False,False,False,False,False,False,0,0,0,0,0,0,0,0,"Grâce à tes efforts, j'ai suf<hex:02160103>fi<hex:02160103>sam<hex:02160103>ment de cristaux pour passer à la suite de mon plan<hex:021D0103>! S'il t'en reste encore, n'hésite pas à me les confier.","","","","","","",""
766,2,2,2,2,2,2,2,2,0,0,0,0,0,0,0,0,1,1,1,1,1,1,1,1,0,0,0,0,0,0,0,0,0,0,0,0,0,0,0,0,False,False,False,False,False,False,False,False,0,2,0,0,0,0,0,0,"Grâce à tes efforts, j'ai suf<hex:02160103>fi<hex:02160103>sam<hex:02160103>ment de cristaux pour passer à la suite de mon plan<hex:021D0103>! S'il t'en reste encore, n'hésite pas à me les confier.","","","","Ta con<hex:02160103>tri<hex:02160103>bu<hex:02160103>tion ne sera pas vaine, je te le promets<hex:021D0103>! Tu as toute ma gratitude, sache-le.","","Hmmm<hex:021D0103>? Tu n'as aucun cristal<hex:021D0103>? Je pense en avoir déjà suf<hex:02160103>fi<hex:02160103>sam<hex:02160103>ment. Il est bientôt temps de passer à la suite.",""
767,2,2,2,2,2,2,2,2,0,0,0,0,0,0,0,0,1,1,1,1,1,1,1,1,0,0,0,0,0,0,0,0,0,0,0,0,0,0,0,0,False,False,False,False,False,False,False,False,0,0,0,0,0,0,0,0,"J'étais un rodeur vipère autrefois, et je suis parti affronter le Tural vidraal Ttokrrone à l'est des plaines... et j'ai échoué.","La blessure qu'il m'a infligée lors de notre combat m'a rendu incapable de continuer mes activités. Mais le désir de vengeance ne m'a jamais quitté<hex:021D0103>!","Cette créature m'a tout pris<hex:021D0103>: ma vie, ma santé, mes camarades et les personnes chères à mon cœur. Je dois l'arrêter de mes mains... il le faut<hex:021D0103>!","Si on laisse le roi des serpents n'en faire qu'à sa guise, bientôt ce sera un autre village qui sera englouti, comme le fut le mien... J'ai besoin de ton aide pour enfin terrasser cet horrible monstre<hex:021D0103>!","","","",""
768,2,2,2,2,2,2,2,2,0,0,0,0,0,0,0,0,1,1,1,1,1,1,1,1,0,0,0,0,0,0,0,0,0,0,0,0,0,0,0,0,False,False,False,False,False,False,False,False,0,0,3,0,0,0,0,0,"Accepterais-tu de m'aider à amasser plus de cristaux spirituels<hex:021D0103>? Ceux en ma possession se sont affaiblis.","À l'aide de ces minéraux, je compte bien forcer Ttokrrone à sortir de sa tanière. Je dois mettre fin à son règne de terreur, mais seul je n'arriverai à rien.","Aider Br'uk Vaw à ramasser des cristaux<hex:021D0103>?<hex:02100103><hex:02100103><hex:024804F201F403><hex:024904F201F503>* Le niveau recommandé pour cet ALÉA est <hex:022003E80203>.<hex:0249020103><hex:0248020103>","","J'ai beau être un ancien rôdeur vipère, avec l'âge on perd en endurance. Je te remercie d'avoir accepté de me prêter main-forte.","","Très bien, je comprends. Je ne dévierai pas de ma mission tant qu'elle ne sera pas terminée. Tu sais où me trouver si tu changes d'avis.",""
769,0,0,0,0,0,0,0,0,0,0,0,0,0,0,0,0,0,0,0,0,0,0,0,0,0,0,0,0,0,0,0,0,0,0,0,0,0,0,0,0,False,False,False,False,False,False,False,False,0,0,0,0,0,0,0,0,"","","","","","","",""
770,0,0,0,0,0,0,0,0,0,0,0,0,0,0,0,0,0,0,0,0,0,0,0,0,0,0,0,0,0,0,0,0,0,0,0,0,0,0,0,0,False,False,False,False,False,False,False,False,0,0,0,0,0,0,0,0,"","","","","","","",""
771,0,0,0,0,0,0,0,0,0,0,0,0,0,0,0,0,0,0,0,0,0,0,0,0,0,0,0,0,0,0,0,0,0,0,0,0,0,0,0,0,False,False,False,False,False,False,False,False,0,0,0,0,0,0,0,0,"","","","","","","",""
772,0,0,0,0,0,0,0,0,0,0,0,0,0,0,0,0,0,0,0,0,0,0,0,0,0,0,0,0,0,0,0,0,0,0,0,0,0,0,0,0,False,False,False,False,False,False,False,False,0,0,0,0,0,0,0,0,"","","","","","","",""
773,0,0,0,0,0,0,0,0,0,0,0,0,0,0,0,0,0,0,0,0,0,0,0,0,0,0,0,0,0,0,0,0,0,0,0,0,0,0,0,0,False,False,False,False,False,False,False,False,0,0,0,0,0,0,0,0,"","","","","","","",""
774,0,0,0,0,0,0,0,0,0,0,0,0,0,0,0,0,0,0,0,0,0,0,0,0,0,0,0,0,0,0,0,0,0,0,0,0,0,0,0,0,False,False,False,False,False,False,False,False,0,0,0,0,0,0,0,0,"","","","","","","",""
775,0,0,0,0,0,0,0,0,0,0,0,0,0,0,0,0,0,0,0,0,0,0,0,0,0,0,0,0,0,0,0,0,0,0,0,0,0,0,0,0,False,False,False,False,False,False,False,False,0,0,0,0,0,0,0,0,"","","","","","","",""
776,0,0,0,0,0,0,0,0,0,0,0,0,0,0,0,0,0,0,0,0,0,0,0,0,0,0,0,0,0,0,0,0,0,0,0,0,0,0,0,0,False,False,False,False,False,False,False,False,0,0,0,0,0,0,0,0,"","","","","","","",""
777,0,0,0,0,0,0,0,0,0,0,0,0,0,0,0,0,0,0,0,0,0,0,0,0,0,0,0,0,0,0,0,0,0,0,0,0,0,0,0,0,False,False,False,False,False,False,False,False,0,0,0,0,0,0,0,0,"","","","","","","",""
778,0,0,0,0,0,0,0,0,0,0,0,0,0,0,0,0,0,0,0,0,0,0,0,0,0,0,0,0,0,0,0,0,0,0,0,0,0,0,0,0,False,False,False,False,False,False,False,False,0,0,0,0,0,0,0,0,"","","","","","","",""
779,0,0,0,0,0,0,0,0,0,0,0,0,0,0,0,0,0,0,0,0,0,0,0,0,0,0,0,0,0,0,0,0,0,0,0,0,0,0,0,0,False,False,False,False,False,False,False,False,0,0,0,0,0,0,0,0,"","","","","","","",""
780,0,0,0,0,0,0,0,0,0,0,0,0,0,0,0,0,0,0,0,0,0,0,0,0,0,0,0,0,0,0,0,0,0,0,0,0,0,0,0,0,False,False,False,False,False,False,False,False,0,0,0,0,0,0,0,0,"","","","","","","",""
781,0,0,0,0,0,0,0,0,0,0,0,0,0,0,0,0,0,0,0,0,0,0,0,0,0,0,0,0,0,0,0,0,0,0,0,0,0,0,0,0,False,False,False,False,False,False,False,False,0,0,0,0,0,0,0,0,"","","","","","","",""
782,0,0,0,0,0,0,0,0,0,0,0,0,0,0,0,0,0,0,0,0,0,0,0,0,0,0,0,0,0,0,0,0,0,0,0,0,0,0,0,0,False,False,False,False,False,False,False,False,0,0,0,0,0,0,0,0,"","","","","","","",""
783,0,0,0,0,0,0,0,0,0,0,0,0,0,0,0,0,0,0,0,0,0,0,0,0,0,0,0,0,0,0,0,0,0,0,0,0,0,0,0,0,False,False,False,False,False,False,False,False,0,0,0,0,0,0,0,0,"","","","","","","",""
784,0,0,0,0,0,0,0,0,0,0,0,0,0,0,0,0,0,0,0,0,0,0,0,0,0,0,0,0,0,0,0,0,0,0,0,0,0,0,0,0,False,False,False,False,False,False,False,False,0,0,0,0,0,0,0,0,"","","","","","","",""
785,0,0,0,0,0,0,0,0,0,0,0,0,0,0,0,0,0,0,0,0,0,0,0,0,0,0,0,0,0,0,0,0,0,0,0,0,0,0,0,0,False,False,False,False,False,False,False,False,0,0,0,0,0,0,0,0,"","","","","","","",""
786,0,0,0,0,0,0,0,0,0,0,0,0,0,0,0,0,0,0,0,0,0,0,0,0,0,0,0,0,0,0,0,0,0,0,0,0,0,0,0,0,False,False,False,False,False,False,False,False,0,0,0,0,0,0,0,0,"","","","","","","",""
787,0,0,0,0,0,0,0,0,0,0,0,0,0,0,0,0,0,0,0,0,0,0,0,0,0,0,0,0,0,0,0,0,0,0,0,0,0,0,0,0,False,False,False,False,False,False,False,False,0,0,0,0,0,0,0,0,"","","","","","","",""
788,0,0,0,0,0,0,0,0,0,0,0,0,0,0,0,0,0,0,0,0,0,0,0,0,0,0,0,0,0,0,0,0,0,0,0,0,0,0,0,0,False,False,False,False,False,False,False,False,0,0,0,0,0,0,0,0,"","","","","","","",""
789,0,0,0,0,0,0,0,0,0,0,0,0,0,0,0,0,0,0,0,0,0,0,0,0,0,0,0,0,0,0,0,0,0,0,0,0,0,0,0,0,False,False,False,False,False,False,False,False,0,0,0,0,0,0,0,0,"","","","","","","",""
790,0,0,0,0,0,0,0,0,0,0,0,0,0,0,0,0,0,0,0,0,0,0,0,0,0,0,0,0,0,0,0,0,0,0,0,0,0,0,0,0,False,False,False,False,False,False,False,False,0,0,0,0,0,0,0,0,"","","","","","","",""
791,0,0,0,0,0,0,0,0,0,0,0,0,0,0,0,0,0,0,0,0,0,0,0,0,0,0,0,0,0,0,0,0,0,0,0,0,0,0,0,0,False,False,False,False,False,False,False,False,0,0,0,0,0,0,0,0,"","","","","","","",""
792,0,0,0,0,0,0,0,0,0,0,0,0,0,0,0,0,0,0,0,0,0,0,0,0,0,0,0,0,0,0,0,0,0,0,0,0,0,0,0,0,False,False,False,False,False,False,False,False,0,0,0,0,0,0,0,0,"","","","","","","",""
793,0,0,0,0,0,0,0,0,0,0,0,0,0,0,0,0,0,0,0,0,0,0,0,0,0,0,0,0,0,0,0,0,0,0,0,0,0,0,0,0,False,False,False,False,False,False,False,False,0,0,0,0,0,0,0,0,"","","","","","","",""
794,0,0,0,0,0,0,0,0,0,0,0,0,0,0,0,0,0,0,0,0,0,0,0,0,0,0,0,0,0,0,0,0,0,0,0,0,0,0,0,0,False,False,False,False,False,False,False,False,0,0,0,0,0,0,0,0,"","","","","","","",""
795,0,0,0,0,0,0,0,0,0,0,0,0,0,0,0,0,0,0,0,0,0,0,0,0,0,0,0,0,0,0,0,0,0,0,0,0,0,0,0,0,False,False,False,False,False,False,False,False,0,0,0,0,0,0,0,0,"","","","","","","",""
796,0,0,0,0,0,0,0,0,0,0,0,0,0,0,0,0,0,0,0,0,0,0,0,0,0,0,0,0,0,0,0,0,0,0,0,0,0,0,0,0,False,False,False,False,False,False,False,False,0,0,0,0,0,0,0,0,"","","","","","","",""
797,0,0,0,0,0,0,0,0,0,0,0,0,0,0,0,0,0,0,0,0,0,0,0,0,0,0,0,0,0,0,0,0,0,0,0,0,0,0,0,0,False,False,False,False,False,False,False,False,0,0,0,0,0,0,0,0,"","","","","","","",""
798,0,0,0,0,0,0,0,0,0,0,0,0,0,0,0,0,0,0,0,0,0,0,0,0,0,0,0,0,0,0,0,0,0,0,0,0,0,0,0,0,False,False,False,False,False,False,False,False,0,0,0,0,0,0,0,0,"","","","","","","",""
799,0,0,0,0,0,0,0,0,0,0,0,0,0,0,0,0,0,0,0,0,0,0,0,0,0,0,0,0,0,0,0,0,0,0,0,0,0,0,0,0,False,False,False,False,False,False,False,False,0,0,0,0,0,0,0,0,"","","","","","","",""
800,0,0,0,0,0,0,0,0,0,0,0,0,0,0,0,0,0,0,0,0,0,0,0,0,0,0,0,0,0,0,0,0,0,0,0,0,0,0,0,0,False,False,False,False,False,False,False,False,0,0,0,0,0,0,0,0,"","","","","","","",""
